{
    "city_id": 706483,
    "comments_text_id": 366,
    "default_locale": "ru",
    "delays": [
        {
            "ranges": [
                "08:00-20:00"
            ],
            "type": "day",
            "weekdays": null
        },
        {
            "ranges": [
                "20:00-24:00",
                "00:00-05:00"
            ],
            "type": "night",
            "weekdays": null
        }
    ],
    "description_text_id": 365,
    "file": "Kharkov.zip",
    "latitude": 49.98081,
    "locales": [
        "ru",
        "en"
    ],
    "longitude": 36.25272,
    "map_id": "Kharkov.zip",
    "schemes": [
        {
            "default_transports": [
                "metro"
            ],
            "file": "schemes/metro.json",
            "name": "metro",
            "name_text_id": 361,
            "root": true,
            "transports": [
                "metro",
                "railway"
            ],
            "type_name": "ROOT",
            "type_text_id": 362
        },
        {
            "default_transports": [
                "metro"
            ],
            "file": "schemes/alekseevskaja.json",
            "name": "alekseevskaja",
            "name_text_id": 36,
            "root": false,
            "transports": [
                "metro",
                "railway"
            ],
            "type_name": "Метро",
            "type_text_id": 363
        },
        {
            "default_transports": [
                "metro"
            ],
            "file": "schemes/holod-zav.json",
            "name": "holod-zav",
            "name_text_id": 16,
            "root": false,
            "transports": [
                "metro",
                "railway"
            ],
            "type_name": "Метро",
            "type_text_id": 363
        },
        {
            "default_transports": [
                "metro"
            ],
            "file": "schemes/railways_belgorod.json",
            "name": "railways_belgorod",
            "name_text_id": 63,
            "root": false,
            "transports": [
                "metro",
                "railway"
            ],
            "type_name": "Электричка",
            "type_text_id": 364
        },
        {
            "default_transports": [
                "metro"
            ],
            "file": "schemes/railways_chygyev.json",
            "name": "railways_chygyev",
            "name_text_id": 260,
            "root": false,
            "transports": [
                "metro",
                "railway"
            ],
            "type_name": "Электричка",
            "type_text_id": 364
        },
        {
            "default_transports": [
                "metro"
            ],
            "file": "schemes/railways_ljubotin.json",
            "name": "railways_ljubotin",
            "name_text_id": 312,
            "root": false,
            "transports": [
                "metro",
                "railway"
            ],
            "type_name": "Электричка",
            "type_text_id": 364
        },
        {
            "default_transports": [
                "metro"
            ],
            "file": "schemes/railways_meref.json",
            "name": "railways_meref",
            "name_text_id": 223,
            "root": false,
            "transports": [
                "metro",
                "railway"
            ],
            "type_name": "Электричка",
            "type_text_id": 364
        },
        {
            "default_transports": [
                "metro"
            ],
            "file": "schemes/railways_poltava.json",
            "name": "railways_poltava",
            "name_text_id": 360,
            "root": false,
            "transports": [
                "metro",
                "railway"
            ],
            "type_name": "Электричка",
            "type_text_id": 364
        },
        {
            "default_transports": [
                "metro"
            ],
            "file": "schemes/railways_symu.json",
            "name": "railways_symu",
            "name_text_id": 331,
            "root": false,
            "transports": [
                "metro",
                "railway"
            ],
            "type_name": "Электричка",
            "type_text_id": 364
        },
        {
            "default_transports": [
                "metro"
            ],
            "file": "schemes/railways_zmiev.json",
            "name": "railways_zmiev",
            "name_text_id": 125,
            "root": false,
            "transports": [
                "metro",
                "railway"
            ],
            "type_name": "Электричка",
            "type_text_id": 364
        },
        {
            "default_transports": [
                "metro"
            ],
            "file": "schemes/railways_zolochev.json",
            "name": "railways_zolochev",
            "name_text_id": 298,
            "root": false,
            "transports": [
                "metro",
                "railway"
            ],
            "type_name": "Электричка",
            "type_text_id": 364
        },
        {
            "default_transports": [
                "metro"
            ],
            "file": "schemes/saltovskaja.json",
            "name": "saltovskaja",
            "name_text_id": 28,
            "root": false,
            "transports": [
                "metro",
                "railway"
            ],
            "type_name": "Метро",
            "type_text_id": 363
        }
    ],
    "timestamp": 1604620800.0,
    "transport_types": [
        "Электричка",
        "Метро"
    ],
    "transports": [
        {
            "file": "transports/metro.json",
            "name": "metro",
            "type": "Метро"
        },
        {
            "file": "transports/railway.json",
            "name": "railway",
            "type": "Электричка"
        }
    ]
}