{
    "lines": [
        {
            "delays": [],
            "name": "Capital Line",
            "scheme": null,
            "segments": [
                [
                    0,
                    1,
                    120
                ],
                [
                    1,
                    0,
                    120
                ],
                [
                    1,
                    2,
                    120
                ],
                [
                    2,
                    1,
                    120
                ],
                [
                    2,
                    3,
                    120
                ],
                [
                    3,
                    2,
                    120
                ],
                [
                    3,
                    4,
                    120
                ],
                [
                    4,
                    3,
                    120
                ],
                [
                    4,
                    5,
                    120
                ],
                [
                    5,
                    4,
                    120
                ],
                [
                    5,
                    6,
                    120
                ],
                [
                    6,
                    5,
                    120
                ],
                [
                    6,
                    7,
                    120
                ],
                [
                    7,
                    6,
                    120
                ],
                [
                    7,
                    8,
                    120
                ],
                [
                    8,
                    7,
                    120
                ],
                [
                    8,
                    9,
                    120
                ],
                [
                    9,
                    8,
                    120
                ],
                [
                    9,
                    10,
                    120
                ],
                [
                    10,
                    9,
                    120
                ],
                [
                    10,
                    11,
                    120
                ],
                [
                    11,
                    10,
                    120
                ],
                [
                    11,
                    12,
                    120
                ],
                [
                    12,
                    11,
                    120
                ],
                [
                    12,
                    13,
                    120
                ],
                [
                    13,
                    12,
                    120
                ],
                [
                    13,
                    14,
                    120
                ],
                [
                    14,
                    13,
                    120
                ]
            ],
            "stations": [
                [
                    0,
                    "Clareview",
                    0
                ],
                [
                    1,
                    "Belvedere",
                    1
                ],
                [
                    2,
                    "Coliseum",
                    2
                ],
                [
                    3,
                    "Stadium",
                    3
                ],
                [
                    4,
                    "Churchill",
                    4
                ],
                [
                    5,
                    "Central",
                    5
                ],
                [
                    6,
                    "Bay",
                    6
                ],
                [
                    7,
                    "Corona",
                    7
                ],
                [
                    8,
                    "Grandin",
                    8
                ],
                [
                    9,
                    "University",
                    9
                ],
                [
                    10,
                    "Healt Sciences",
                    10
                ],
                [
                    11,
                    "McKernan",
                    11
                ],
                [
                    12,
                    "South Campus",
                    12
                ],
                [
                    13,
                    "Southgate",
                    13
                ],
                [
                    14,
                    "Century Park",
                    14
                ]
            ],
            "text_id": 15
        },
        {
            "delays": [],
            "name": "Metro Line",
            "scheme": null,
            "segments": [
                [
                    15,
                    16,
                    120
                ],
                [
                    16,
                    15,
                    120
                ],
                [
                    16,
                    17,
                    120
                ],
                [
                    17,
                    16,
                    120
                ],
                [
                    17,
                    18,
                    120
                ],
                [
                    18,
                    17,
                    120
                ],
                [
                    18,
                    19,
                    120
                ],
                [
                    19,
                    18,
                    120
                ],
                [
                    19,
                    20,
                    120
                ],
                [
                    20,
                    19,
                    120
                ],
                [
                    20,
                    21,
                    120
                ],
                [
                    21,
                    20,
                    120
                ],
                [
                    21,
                    22,
                    120
                ],
                [
                    22,
                    21,
                    120
                ],
                [
                    22,
                    23,
                    120
                ],
                [
                    23,
                    22,
                    120
                ],
                [
                    23,
                    24,
                    120
                ],
                [
                    24,
                    23,
                    120
                ],
                [
                    24,
                    25,
                    120
                ],
                [
                    25,
                    24,
                    120
                ],
                [
                    25,
                    26,
                    120
                ],
                [
                    26,
                    25,
                    120
                ],
                [
                    26,
                    27,
                    120
                ],
                [
                    27,
                    26,
                    120
                ],
                [
                    27,
                    28,
                    120
                ],
                [
                    28,
                    27,
                    120
                ]
            ],
            "stations": [
                [
                    15,
                    "NAIT",
                    16
                ],
                [
                    16,
                    "Kingsway",
                    17
                ],
                [
                    17,
                    "MacEwan",
                    18
                ],
                [
                    18,
                    "Churchill",
                    4
                ],
                [
                    19,
                    "Central",
                    5
                ],
                [
                    20,
                    "Bay",
                    6
                ],
                [
                    21,
                    "Corona",
                    7
                ],
                [
                    22,
                    "Grandin",
                    8
                ],
                [
                    23,
                    "University",
                    9
                ],
                [
                    24,
                    "Healt Sciences",
                    10
                ],
                [
                    25,
                    "McKernan",
                    11
                ],
                [
                    26,
                    "South Campus",
                    12
                ],
                [
                    27,
                    "Southgate",
                    13
                ],
                [
                    28,
                    "Century Park",
                    14
                ]
            ],
            "text_id": 19
        }
    ],
    "name": "metro",
    "transfers": [
        [
            14,
            28,
            120,
            true
        ],
        [
            13,
            27,
            120,
            true
        ],
        [
            12,
            26,
            120,
            true
        ],
        [
            11,
            25,
            120,
            true
        ],
        [
            10,
            24,
            120,
            true
        ],
        [
            9,
            23,
            120,
            true
        ],
        [
            8,
            22,
            120,
            true
        ],
        [
            7,
            21,
            120,
            true
        ],
        [
            6,
            20,
            120,
            true
        ],
        [
            5,
            19,
            120,
            true
        ],
        [
            4,
            18,
            120,
            true
        ]
    ],
    "type_name": "Трамвай"
}