{
    "lines": [
        {
            "delays": [],
            "name": "1",
            "scheme": null,
            "segments": [
                [
                    0,
                    1,
                    120
                ],
                [
                    1,
                    0,
                    120
                ],
                [
                    1,
                    2,
                    120
                ],
                [
                    2,
                    1,
                    120
                ],
                [
                    2,
                    3,
                    120
                ],
                [
                    3,
                    2,
                    120
                ],
                [
                    3,
                    4,
                    120
                ],
                [
                    4,
                    3,
                    120
                ],
                [
                    4,
                    5,
                    null
                ],
                [
                    4,
                    7,
                    120
                ],
                [
                    5,
                    4,
                    null
                ],
                [
                    5,
                    6,
                    0
                ],
                [
                    6,
                    5,
                    0
                ],
                [
                    6,
                    7,
                    0
                ],
                [
                    7,
                    4,
                    120
                ],
                [
                    7,
                    6,
                    null
                ]
            ],
            "stations": [
                [
                    0,
                    "Ehsan",
                    0
                ],
                [
                    1,
                    "Shariati",
                    1
                ],
                [
                    2,
                    "Mirzaye Shiraze",
                    2
                ],
                [
                    3,
                    "Shahed",
                    3
                ],
                [
                    4,
                    "Ghasr-e Dasht",
                    4
                ],
                [
                    5,
                    "Motahari",
                    5
                ],
                [
                    6,
                    "Afif Abad",
                    6
                ],
                [
                    7,
                    "Namazi",
                    7
                ]
            ],
            "text_id": 8
        }
    ],
    "name": "metro",
    "transfers": [],
    "type_name": "Метро"
}