{
    "lines": [
        {
            "delays": [],
            "name": "1",
            "scheme": null,
            "segments": [
                [
                    0,
                    1,
                    120
                ],
                [
                    1,
                    0,
                    120
                ],
                [
                    1,
                    2,
                    120
                ],
                [
                    2,
                    1,
                    120
                ],
                [
                    2,
                    3,
                    120
                ],
                [
                    3,
                    2,
                    120
                ],
                [
                    3,
                    4,
                    120
                ],
                [
                    4,
                    3,
                    120
                ],
                [
                    4,
                    5,
                    120
                ],
                [
                    5,
                    4,
                    120
                ],
                [
                    5,
                    6,
                    120
                ],
                [
                    6,
                    5,
                    120
                ],
                [
                    6,
                    7,
                    120
                ],
                [
                    7,
                    6,
                    120
                ],
                [
                    7,
                    8,
                    120
                ],
                [
                    8,
                    7,
                    120
                ],
                [
                    8,
                    9,
                    120
                ],
                [
                    9,
                    8,
                    120
                ],
                [
                    9,
                    10,
                    120
                ],
                [
                    10,
                    9,
                    120
                ],
                [
                    10,
                    11,
                    120
                ],
                [
                    11,
                    10,
                    120
                ],
                [
                    11,
                    12,
                    120
                ],
                [
                    12,
                    11,
                    120
                ],
                [
                    12,
                    13,
                    120
                ],
                [
                    13,
                    12,
                    120
                ],
                [
                    13,
                    14,
                    120
                ],
                [
                    14,
                    13,
                    120
                ],
                [
                    14,
                    15,
                    120
                ],
                [
                    15,
                    14,
                    120
                ],
                [
                    15,
                    16,
                    120
                ],
                [
                    16,
                    15,
                    120
                ],
                [
                    16,
                    17,
                    120
                ],
                [
                    17,
                    16,
                    120
                ],
                [
                    17,
                    18,
                    120
                ],
                [
                    18,
                    17,
                    120
                ],
                [
                    18,
                    19,
                    120
                ],
                [
                    19,
                    18,
                    120
                ],
                [
                    19,
                    20,
                    120
                ],
                [
                    20,
                    19,
                    120
                ]
            ],
            "stations": [
                [
                    0,
                    "Gare de l'Ouest / Weststation",
                    0
                ],
                [
                    1,
                    "Beekkant",
                    1
                ],
                [
                    2,
                    "Etangs Noirs / Zwarte Vijvers",
                    2
                ],
                [
                    3,
                    "Comte de Flandre / Graaf van Vlaanderen",
                    3
                ],
                [
                    4,
                    "Saint-Catherine / Sint-Katelijne",
                    4
                ],
                [
                    5,
                    "De Brouckere",
                    5
                ],
                [
                    6,
                    "Gare Centrale / Centraal Station",
                    6
                ],
                [
                    7,
                    "Parc / Park",
                    7
                ],
                [
                    8,
                    "Arts-Loi / Kunst-Wet",
                    8
                ],
                [
                    9,
                    "Maelbeek / Maalbeek",
                    9
                ],
                [
                    10,
                    "Schuman",
                    10
                ],
                [
                    11,
                    "Merode",
                    11
                ],
                [
                    12,
                    "Montgomery",
                    12
                ],
                [
                    13,
                    "Josephine-Charlotte",
                    13
                ],
                [
                    14,
                    "Gribaumont",
                    14
                ],
                [
                    15,
                    "Tomberg",
                    15
                ],
                [
                    16,
                    "Roodebeek",
                    16
                ],
                [
                    17,
                    "Vandervelde",
                    17
                ],
                [
                    18,
                    "Alma",
                    18
                ],
                [
                    19,
                    "Craainem / Krainhem",
                    19
                ],
                [
                    20,
                    "Stockel / Stokkel",
                    20
                ]
            ],
            "text_id": 21
        },
        {
            "delays": [],
            "name": "2",
            "scheme": null,
            "segments": [
                [
                    21,
                    22,
                    120
                ],
                [
                    22,
                    21,
                    120
                ],
                [
                    22,
                    23,
                    120
                ],
                [
                    23,
                    22,
                    120
                ],
                [
                    23,
                    24,
                    120
                ],
                [
                    24,
                    23,
                    120
                ],
                [
                    24,
                    25,
                    120
                ],
                [
                    25,
                    24,
                    120
                ],
                [
                    25,
                    26,
                    120
                ],
                [
                    26,
                    25,
                    120
                ],
                [
                    26,
                    27,
                    120
                ],
                [
                    27,
                    26,
                    120
                ],
                [
                    27,
                    28,
                    120
                ],
                [
                    28,
                    27,
                    120
                ],
                [
                    28,
                    29,
                    120
                ],
                [
                    29,
                    28,
                    120
                ],
                [
                    29,
                    30,
                    120
                ],
                [
                    30,
                    29,
                    120
                ],
                [
                    30,
                    31,
                    120
                ],
                [
                    31,
                    30,
                    120
                ],
                [
                    31,
                    32,
                    120
                ],
                [
                    32,
                    31,
                    120
                ],
                [
                    32,
                    33,
                    120
                ],
                [
                    33,
                    32,
                    120
                ],
                [
                    33,
                    34,
                    120
                ],
                [
                    34,
                    33,
                    120
                ],
                [
                    34,
                    35,
                    120
                ],
                [
                    35,
                    34,
                    120
                ],
                [
                    35,
                    36,
                    120
                ],
                [
                    36,
                    35,
                    120
                ],
                [
                    36,
                    37,
                    120
                ],
                [
                    37,
                    36,
                    120
                ],
                [
                    37,
                    38,
                    120
                ],
                [
                    38,
                    37,
                    120
                ],
                [
                    38,
                    39,
                    120
                ],
                [
                    39,
                    38,
                    120
                ]
            ],
            "stations": [
                [
                    21,
                    "Simonis Leopold II",
                    22
                ],
                [
                    22,
                    "Osseghem / Ossegem",
                    23
                ],
                [
                    23,
                    "Beekkant",
                    1
                ],
                [
                    24,
                    "Gare de l'Ouest / Weststation",
                    0
                ],
                [
                    25,
                    "Delacroix",
                    24
                ],
                [
                    26,
                    "Clemenceau",
                    25
                ],
                [
                    27,
                    "Gare du Midi / Zuidstation",
                    26
                ],
                [
                    28,
                    "Porte de Hal / Hallepoort",
                    27
                ],
                [
                    29,
                    "Hotel des Monnaies / Munthof",
                    28
                ],
                [
                    30,
                    "Louise / Louiza",
                    29
                ],
                [
                    31,
                    "Porte de Namur / Naamsepoort",
                    30
                ],
                [
                    32,
                    "Trone / Troon",
                    31
                ],
                [
                    33,
                    "Arts-Loi / Kunst-Wet",
                    8
                ],
                [
                    34,
                    "Madou",
                    32
                ],
                [
                    35,
                    "Botanique / Kruidtuin",
                    33
                ],
                [
                    36,
                    "Rogier",
                    34
                ],
                [
                    37,
                    "IJzer / Yser",
                    35
                ],
                [
                    38,
                    "Ribaucourt",
                    36
                ],
                [
                    39,
                    "Simonis Elizabeth",
                    37
                ]
            ],
            "text_id": 38
        },
        {
            "delays": [],
            "name": "5",
            "scheme": null,
            "segments": [
                [
                    40,
                    41,
                    120
                ],
                [
                    41,
                    40,
                    120
                ],
                [
                    41,
                    42,
                    120
                ],
                [
                    42,
                    41,
                    120
                ],
                [
                    42,
                    43,
                    120
                ],
                [
                    43,
                    42,
                    120
                ],
                [
                    43,
                    44,
                    120
                ],
                [
                    44,
                    43,
                    120
                ],
                [
                    44,
                    45,
                    120
                ],
                [
                    45,
                    44,
                    120
                ],
                [
                    45,
                    46,
                    120
                ],
                [
                    46,
                    45,
                    120
                ],
                [
                    46,
                    47,
                    120
                ],
                [
                    47,
                    46,
                    120
                ],
                [
                    47,
                    48,
                    120
                ],
                [
                    48,
                    47,
                    120
                ],
                [
                    48,
                    49,
                    120
                ],
                [
                    49,
                    48,
                    120
                ],
                [
                    49,
                    50,
                    120
                ],
                [
                    50,
                    49,
                    120
                ],
                [
                    50,
                    51,
                    120
                ],
                [
                    51,
                    50,
                    120
                ],
                [
                    51,
                    52,
                    120
                ],
                [
                    52,
                    51,
                    120
                ],
                [
                    52,
                    53,
                    120
                ],
                [
                    53,
                    52,
                    120
                ],
                [
                    53,
                    54,
                    120
                ],
                [
                    54,
                    53,
                    120
                ],
                [
                    54,
                    55,
                    120
                ],
                [
                    55,
                    54,
                    120
                ],
                [
                    55,
                    56,
                    120
                ],
                [
                    56,
                    55,
                    120
                ],
                [
                    56,
                    57,
                    120
                ],
                [
                    57,
                    56,
                    120
                ],
                [
                    57,
                    58,
                    120
                ],
                [
                    58,
                    57,
                    120
                ],
                [
                    58,
                    59,
                    120
                ],
                [
                    59,
                    58,
                    120
                ],
                [
                    59,
                    60,
                    120
                ],
                [
                    60,
                    59,
                    120
                ],
                [
                    60,
                    61,
                    120
                ],
                [
                    61,
                    60,
                    120
                ],
                [
                    61,
                    62,
                    120
                ],
                [
                    62,
                    61,
                    120
                ],
                [
                    62,
                    63,
                    120
                ],
                [
                    63,
                    62,
                    120
                ],
                [
                    63,
                    64,
                    120
                ],
                [
                    64,
                    63,
                    120
                ],
                [
                    64,
                    65,
                    120
                ],
                [
                    65,
                    64,
                    120
                ],
                [
                    65,
                    66,
                    120
                ],
                [
                    66,
                    65,
                    120
                ],
                [
                    66,
                    67,
                    120
                ],
                [
                    67,
                    66,
                    120
                ]
            ],
            "stations": [
                [
                    40,
                    "Erasme / Erasmus",
                    39
                ],
                [
                    41,
                    "Eddy Merckx",
                    40
                ],
                [
                    42,
                    "CERIA / COOVI",
                    41
                ],
                [
                    43,
                    "La Roue / Het Rad",
                    42
                ],
                [
                    44,
                    "Bizet",
                    43
                ],
                [
                    45,
                    "Veeweyde / Veeweide",
                    44
                ],
                [
                    46,
                    "Sint-Guido / Saint-Guidon",
                    45
                ],
                [
                    47,
                    "Aumale",
                    46
                ],
                [
                    48,
                    "Jacques Brel",
                    47
                ],
                [
                    49,
                    "Gare de l'Ouest / Weststation",
                    0
                ],
                [
                    50,
                    "Beekkant",
                    1
                ],
                [
                    51,
                    "Etangs Noirs / Zwarte Vijvers",
                    2
                ],
                [
                    52,
                    "Comte de Flandre / Graaf van Vlaanderen",
                    3
                ],
                [
                    53,
                    "Saint-Catherine / Sint-Katelijne",
                    4
                ],
                [
                    54,
                    "De Brouckere",
                    5
                ],
                [
                    55,
                    "Gare Centrale / Centraal Station",
                    6
                ],
                [
                    56,
                    "Parc / Park",
                    7
                ],
                [
                    57,
                    "Arts-Loi / Kunst-Wet",
                    8
                ],
                [
                    58,
                    "Maelbeek / Maalbeek",
                    9
                ],
                [
                    59,
                    "Schuman",
                    10
                ],
                [
                    60,
                    "Merode",
                    11
                ],
                [
                    61,
                    "Thieffry",
                    48
                ],
                [
                    62,
                    "Petillon",
                    49
                ],
                [
                    63,
                    "Hankar",
                    50
                ],
                [
                    64,
                    "Delta",
                    51
                ],
                [
                    65,
                    "Beaulieu",
                    52
                ],
                [
                    66,
                    "Demey",
                    53
                ],
                [
                    67,
                    "Herrmann-Debroux",
                    54
                ]
            ],
            "text_id": 55
        },
        {
            "delays": [],
            "name": "6",
            "scheme": null,
            "segments": [
                [
                    68,
                    69,
                    120
                ],
                [
                    69,
                    68,
                    120
                ],
                [
                    69,
                    70,
                    120
                ],
                [
                    70,
                    69,
                    120
                ],
                [
                    70,
                    71,
                    120
                ],
                [
                    71,
                    70,
                    120
                ],
                [
                    71,
                    72,
                    120
                ],
                [
                    72,
                    71,
                    120
                ],
                [
                    72,
                    73,
                    120
                ],
                [
                    73,
                    72,
                    120
                ],
                [
                    73,
                    74,
                    120
                ],
                [
                    74,
                    73,
                    120
                ],
                [
                    74,
                    75,
                    120
                ],
                [
                    75,
                    74,
                    120
                ],
                [
                    75,
                    76,
                    120
                ],
                [
                    76,
                    75,
                    120
                ],
                [
                    76,
                    77,
                    120
                ],
                [
                    77,
                    76,
                    120
                ],
                [
                    77,
                    78,
                    120
                ],
                [
                    78,
                    77,
                    120
                ],
                [
                    78,
                    79,
                    120
                ],
                [
                    79,
                    78,
                    120
                ],
                [
                    79,
                    80,
                    120
                ],
                [
                    80,
                    79,
                    120
                ],
                [
                    80,
                    81,
                    120
                ],
                [
                    81,
                    80,
                    120
                ],
                [
                    81,
                    82,
                    120
                ],
                [
                    82,
                    81,
                    120
                ],
                [
                    82,
                    83,
                    120
                ],
                [
                    83,
                    82,
                    120
                ],
                [
                    83,
                    84,
                    120
                ],
                [
                    84,
                    83,
                    120
                ],
                [
                    84,
                    85,
                    120
                ],
                [
                    85,
                    84,
                    120
                ],
                [
                    85,
                    86,
                    120
                ],
                [
                    86,
                    85,
                    120
                ],
                [
                    86,
                    87,
                    120
                ],
                [
                    87,
                    86,
                    120
                ],
                [
                    87,
                    88,
                    120
                ],
                [
                    88,
                    87,
                    120
                ],
                [
                    88,
                    89,
                    120
                ],
                [
                    89,
                    88,
                    120
                ],
                [
                    89,
                    90,
                    120
                ],
                [
                    90,
                    89,
                    120
                ],
                [
                    90,
                    91,
                    120
                ],
                [
                    91,
                    90,
                    120
                ],
                [
                    91,
                    92,
                    120
                ],
                [
                    92,
                    91,
                    120
                ],
                [
                    92,
                    93,
                    120
                ],
                [
                    93,
                    92,
                    120
                ]
            ],
            "stations": [
                [
                    68,
                    "Roi Baudouin / Koning Boudewijn",
                    56
                ],
                [
                    69,
                    "Heizel / Heysel",
                    57
                ],
                [
                    70,
                    "Houba-Brugmann",
                    58
                ],
                [
                    71,
                    "Stuyvenbergh",
                    59
                ],
                [
                    72,
                    "Bockstael",
                    60
                ],
                [
                    73,
                    "Pannenhuis",
                    61
                ],
                [
                    74,
                    "Belgica",
                    62
                ],
                [
                    75,
                    "Simonis Leopold II",
                    22
                ],
                [
                    76,
                    "Osseghem / Ossegem",
                    23
                ],
                [
                    77,
                    "Beekkant",
                    1
                ],
                [
                    78,
                    "Gare de l'Ouest / Weststation",
                    0
                ],
                [
                    79,
                    "Delacroix",
                    24
                ],
                [
                    80,
                    "Clemenceau",
                    25
                ],
                [
                    81,
                    "Gare du Midi / Zuidstation",
                    26
                ],
                [
                    82,
                    "Porte de Hal / Hallepoort",
                    27
                ],
                [
                    83,
                    "Hotel des Monnaies / Munthof",
                    28
                ],
                [
                    84,
                    "Louise / Louiza",
                    29
                ],
                [
                    85,
                    "Porte de Namur / Naamsepoort",
                    30
                ],
                [
                    86,
                    "Trone / Troon",
                    31
                ],
                [
                    87,
                    "Arts-Loi / Kunst-Wet",
                    8
                ],
                [
                    88,
                    "Madou",
                    32
                ],
                [
                    89,
                    "Botanique / Kruidtuin",
                    33
                ],
                [
                    90,
                    "Rogier",
                    34
                ],
                [
                    91,
                    "IJzer / Yser",
                    35
                ],
                [
                    92,
                    "Ribaucourt",
                    36
                ],
                [
                    93,
                    "Simonis Elizabeth",
                    37
                ]
            ],
            "text_id": 63
        }
    ],
    "name": "metro",
    "transfers": [
        [
            1,
            23,
            120,
            true
        ],
        [
            8,
            33,
            120,
            true
        ],
        [
            0,
            24,
            120,
            true
        ],
        [
            1,
            50,
            120,
            true
        ],
        [
            6,
            55,
            120,
            true
        ],
        [
            5,
            54,
            120,
            true
        ],
        [
            3,
            52,
            120,
            true
        ],
        [
            8,
            57,
            120,
            true
        ],
        [
            9,
            58,
            120,
            true
        ],
        [
            11,
            60,
            120,
            true
        ],
        [
            7,
            56,
            120,
            true
        ],
        [
            10,
            59,
            120,
            true
        ],
        [
            4,
            53,
            120,
            true
        ],
        [
            0,
            49,
            120,
            true
        ],
        [
            2,
            51,
            120,
            true
        ],
        [
            1,
            77,
            120,
            true
        ],
        [
            8,
            87,
            120,
            true
        ],
        [
            0,
            78,
            120,
            true
        ],
        [
            23,
            50,
            120,
            true
        ],
        [
            33,
            57,
            120,
            true
        ],
        [
            24,
            49,
            120,
            true
        ],
        [
            23,
            77,
            120,
            true
        ],
        [
            26,
            80,
            120,
            true
        ],
        [
            25,
            79,
            120,
            true
        ],
        [
            28,
            82,
            120,
            true
        ],
        [
            35,
            89,
            120,
            true
        ],
        [
            33,
            87,
            120,
            true
        ],
        [
            30,
            84,
            120,
            true
        ],
        [
            34,
            88,
            120,
            true
        ],
        [
            29,
            83,
            120,
            true
        ],
        [
            31,
            85,
            120,
            true
        ],
        [
            22,
            76,
            120,
            true
        ],
        [
            38,
            92,
            120,
            true
        ],
        [
            36,
            90,
            120,
            true
        ],
        [
            39,
            93,
            120,
            true
        ],
        [
            21,
            75,
            120,
            true
        ],
        [
            32,
            86,
            120,
            true
        ],
        [
            24,
            78,
            120,
            true
        ],
        [
            37,
            91,
            120,
            true
        ],
        [
            27,
            81,
            120,
            true
        ],
        [
            50,
            77,
            120,
            true
        ],
        [
            57,
            87,
            120,
            true
        ],
        [
            49,
            78,
            120,
            true
        ]
    ],
    "type_name": "Метро"
}