{
    "lines": [
        {
            "delays": [],
            "name": "North-South axis",
            "scheme": null,
            "segments": [
                [
                    94,
                    95,
                    120
                ],
                [
                    95,
                    94,
                    120
                ],
                [
                    95,
                    96,
                    120
                ],
                [
                    96,
                    95,
                    120
                ],
                [
                    96,
                    97,
                    120
                ],
                [
                    97,
                    96,
                    120
                ],
                [
                    97,
                    98,
                    120
                ],
                [
                    98,
                    97,
                    120
                ],
                [
                    98,
                    99,
                    120
                ],
                [
                    99,
                    98,
                    120
                ],
                [
                    99,
                    100,
                    120
                ],
                [
                    100,
                    99,
                    120
                ],
                [
                    100,
                    101,
                    120
                ],
                [
                    101,
                    100,
                    120
                ],
                [
                    101,
                    102,
                    120
                ],
                [
                    102,
                    101,
                    120
                ],
                [
                    102,
                    103,
                    120
                ],
                [
                    103,
                    102,
                    120
                ],
                [
                    103,
                    104,
                    120
                ],
                [
                    104,
                    103,
                    120
                ]
            ],
            "stations": [
                [
                    94,
                    "Gare du Nord / Noordstation",
                    64
                ],
                [
                    95,
                    "Rogier",
                    34
                ],
                [
                    96,
                    "De Brouckere",
                    5
                ],
                [
                    97,
                    "Bourse",
                    65
                ],
                [
                    98,
                    "Anneessens",
                    66
                ],
                [
                    99,
                    "Lemonnier",
                    67
                ],
                [
                    100,
                    "Gare du Midi / Zuidstation",
                    26
                ],
                [
                    101,
                    "Porte de Hal / Hallepoort",
                    27
                ],
                [
                    102,
                    "Parvis de Saint-Gilles / Sint-Gillis Voorplein",
                    68
                ],
                [
                    103,
                    "Horta",
                    69
                ],
                [
                    104,
                    "Albert",
                    70
                ]
            ],
            "text_id": 71
        },
        {
            "delays": [],
            "name": "Greater Ring axis",
            "scheme": null,
            "segments": [
                [
                    105,
                    106,
                    120
                ],
                [
                    106,
                    105,
                    120
                ],
                [
                    106,
                    107,
                    120
                ],
                [
                    107,
                    106,
                    120
                ],
                [
                    107,
                    108,
                    120
                ],
                [
                    108,
                    107,
                    120
                ]
            ],
            "stations": [
                [
                    105,
                    "Diamant",
                    72
                ],
                [
                    106,
                    "Georges Henri",
                    73
                ],
                [
                    107,
                    "Montgomery",
                    12
                ],
                [
                    108,
                    "Boileau",
                    74
                ]
            ],
            "text_id": 75
        }
    ],
    "name": "tram",
    "transfers": [
        [
            12,
            107,
            120,
            true
        ],
        [
            5,
            96,
            120,
            true
        ],
        [
            28,
            101,
            120,
            true
        ],
        [
            36,
            95,
            120,
            true
        ],
        [
            27,
            100,
            120,
            true
        ],
        [
            54,
            96,
            120,
            true
        ],
        [
            90,
            95,
            120,
            true
        ]
    ],
    "type_name": "Трамвай"
}