{
    "0": "Schildesche",
    "1": "Heidegarten",
    "2": "Kattenkamp",
    "3": "Deciusstrasse",
    "4": "Johannesstift",
    "5": "Sudbrackstrasse",
    "6": "Hauptbahnhof",
    "7": "Jahnplatz",
    "8": "Rathaus",
    "9": "Landgericht",
    "10": "Adenauerplatz",
    "11": "Bethel",
    "12": "Friedrich-List-Strasse",
    "13": "Eggeweg",
    "14": "Brackwede Bahnhof",
    "15": "Gaswerkstrasse",
    "16": "Normannenstrasse",
    "17": "Brackwede Kirche",
    "18": "Windelsbleicher Strasse",
    "19": "Rosenhohe",
    "20": "Sennefriedhof",
    "21": "Senne",
    "22": "1",
    "23": "Altenhagen",
    "24": "Buschbachtal",
    "25": "Milse",
    "26": "Schelpmilser Weg",
    "27": "Baumheide",
    "28": "Seidenstickerstrasse",
    "29": "Schuco",
    "30": "Ziegelstrasse",
    "31": "Finkenstrasse",
    "32": "Schillerstrasse",
    "33": "Stadtheider Strasse",
    "34": "Beckhausstrasse",
    "35": "August-Bebel-Strasse",
    "36": "Teutoburger Strasse",
    "37": "Mozartstrasse",
    "38": "Priessallee",
    "39": "Sieker",
    "40": "2",
    "41": "Babenhausen Sud",
    "42": "Voltmannstrasse",
    "43": "Koblenzer Strasse",
    "44": "Lange Strasse",
    "45": "Auf der Hufe",
    "46": "Nordpark",
    "47": "Wittekindstrasse",
    "48": "August-Schroder-Strasse",
    "49": "Ravensberger Strasse",
    "50": "Krankenhaus Mitte",
    "51": "Oststrasse",
    "52": "Hartlager Weg",
    "53": "Sieker Mitte",
    "54": "Luther-Kirche",
    "55": "Roggenkamp",
    "56": "Elpke",
    "57": "Gesamtschule Stieghorst",
    "58": "Stieghorst-Zentrum",
    "59": "3",
    "60": "Lohmannshof",
    "61": "Wellensiek",
    "62": "Universitat",
    "63": "Bultmannshof",
    "64": "Graf-von-Stauffenberg-Strasse",
    "65": "Rudolf-Oetker-Halle",
    "66": "Siegfriedplatz",
    "67": "4",
    "68": "Электричка",
    "69": "ROOT",
    "70": "Схема от 08.12.2015г.\nАвтор: Варламов Дмитрий (www.chpeks.com)",
    "71": "Imported from http://pmetro.su"
}