{
    "lines": [
        {
            "delays": [
                180,
                360
            ],
            "name": "Ленинская",
            "scheme": "leninskaja",
            "segments": [
                [
                    0,
                    1,
                    99
                ],
                [
                    1,
                    0,
                    99
                ],
                [
                    1,
                    2,
                    99
                ],
                [
                    2,
                    1,
                    99
                ],
                [
                    2,
                    3,
                    99
                ],
                [
                    3,
                    2,
                    99
                ],
                [
                    3,
                    4,
                    130
                ],
                [
                    4,
                    3,
                    130
                ],
                [
                    4,
                    5,
                    99
                ],
                [
                    5,
                    4,
                    99
                ],
                [
                    5,
                    6,
                    194
                ],
                [
                    6,
                    5,
                    194
                ],
                [
                    6,
                    7,
                    99
                ],
                [
                    7,
                    6,
                    99
                ],
                [
                    7,
                    8,
                    0
                ],
                [
                    8,
                    7,
                    0
                ]
            ],
            "stations": [
                [
                    0,
                    "Заельцовская",
                    0
                ],
                [
                    1,
                    "Гагаринская",
                    1
                ],
                [
                    2,
                    "Красный проспект",
                    2
                ],
                [
                    3,
                    "Площадь Ленина",
                    3
                ],
                [
                    4,
                    "Октябрьская",
                    4
                ],
                [
                    5,
                    "Речной Вокзал",
                    5
                ],
                [
                    6,
                    "Студенческая",
                    6
                ],
                [
                    7,
                    "Площадь Маркса",
                    7
                ],
                [
                    8,
                    "Площадь Станиславского",
                    8
                ]
            ],
            "text_id": 9
        },
        {
            "delays": [
                240,
                420
            ],
            "name": "Дзержинская",
            "scheme": "dzerdzhinskaja",
            "segments": [
                [
                    9,
                    10,
                    120
                ],
                [
                    10,
                    9,
                    120
                ],
                [
                    10,
                    11,
                    120
                ],
                [
                    11,
                    10,
                    120
                ],
                [
                    11,
                    12,
                    120
                ],
                [
                    12,
                    11,
                    120
                ],
                [
                    12,
                    13,
                    180
                ],
                [
                    13,
                    12,
                    180
                ]
            ],
            "stations": [
                [
                    9,
                    "Площадь Гарина-Михайловского",
                    10
                ],
                [
                    10,
                    "Сибирская",
                    11
                ],
                [
                    11,
                    "Маршала Покрышкина",
                    12
                ],
                [
                    12,
                    "Березовая Роща",
                    13
                ],
                [
                    13,
                    "Золотая нива",
                    14
                ]
            ],
            "text_id": 15
        }
    ],
    "name": "metro",
    "transfers": [
        [
            2,
            10,
            120,
            true
        ]
    ],
    "type_name": "Метро"
}