{
    "lines": [
        {
            "delays": [
                1800,
                2700
            ],
            "name": "Электропоезда_на_восток",
            "scheme": "vostok",
            "segments": [
                [
                    14,
                    15,
                    300
                ],
                [
                    15,
                    14,
                    300
                ],
                [
                    15,
                    16,
                    180
                ],
                [
                    16,
                    15,
                    180
                ],
                [
                    16,
                    17,
                    300
                ],
                [
                    17,
                    16,
                    300
                ],
                [
                    17,
                    18,
                    420
                ],
                [
                    18,
                    17,
                    420
                ],
                [
                    18,
                    19,
                    300
                ],
                [
                    18,
                    37,
                    420
                ],
                [
                    19,
                    18,
                    300
                ],
                [
                    19,
                    20,
                    420
                ],
                [
                    20,
                    19,
                    420
                ],
                [
                    20,
                    21,
                    240
                ],
                [
                    21,
                    20,
                    240
                ],
                [
                    21,
                    22,
                    180
                ],
                [
                    22,
                    21,
                    180
                ],
                [
                    22,
                    23,
                    720
                ],
                [
                    23,
                    22,
                    720
                ],
                [
                    23,
                    24,
                    360
                ],
                [
                    24,
                    23,
                    360
                ],
                [
                    24,
                    25,
                    120
                ],
                [
                    25,
                    24,
                    120
                ],
                [
                    25,
                    26,
                    360
                ],
                [
                    26,
                    25,
                    360
                ],
                [
                    26,
                    27,
                    600
                ],
                [
                    27,
                    26,
                    600
                ],
                [
                    27,
                    28,
                    360
                ],
                [
                    28,
                    27,
                    360
                ],
                [
                    28,
                    29,
                    180
                ],
                [
                    29,
                    28,
                    180
                ],
                [
                    29,
                    30,
                    180
                ],
                [
                    30,
                    29,
                    180
                ],
                [
                    30,
                    31,
                    720
                ],
                [
                    31,
                    30,
                    720
                ],
                [
                    31,
                    32,
                    420
                ],
                [
                    32,
                    31,
                    420
                ],
                [
                    32,
                    33,
                    240
                ],
                [
                    33,
                    32,
                    240
                ],
                [
                    33,
                    34,
                    660
                ],
                [
                    34,
                    33,
                    660
                ],
                [
                    34,
                    35,
                    900
                ],
                [
                    35,
                    34,
                    900
                ],
                [
                    35,
                    36,
                    300
                ],
                [
                    36,
                    35,
                    300
                ],
                [
                    37,
                    18,
                    420
                ],
                [
                    37,
                    38,
                    300
                ]
            ],
            "stations": [
                [
                    14,
                    "Новосибирск-Главный",
                    16
                ],
                [
                    15,
                    "Гагаринская",
                    1
                ],
                [
                    16,
                    "Плехановская",
                    17
                ],
                [
                    17,
                    "Новосибирск-Восточный",
                    18
                ],
                [
                    18,
                    "Иня",
                    19
                ],
                [
                    19,
                    "Юбилейная",
                    20
                ],
                [
                    20,
                    "Мочище",
                    21
                ],
                [
                    21,
                    "Раздолье",
                    22
                ],
                [
                    22,
                    "Барлак",
                    23
                ],
                [
                    23,
                    "Сокур",
                    24
                ],
                [
                    24,
                    "Зеленодольская",
                    25
                ],
                [
                    25,
                    "Кошево",
                    26
                ],
                [
                    26,
                    "3388 км.",
                    27
                ],
                [
                    27,
                    "Мошково",
                    28
                ],
                [
                    28,
                    "Порос",
                    29
                ],
                [
                    29,
                    "3406 км.",
                    30
                ],
                [
                    30,
                    "Тасино",
                    31
                ],
                [
                    31,
                    "Ояш",
                    32
                ],
                [
                    32,
                    "Кубово",
                    33
                ],
                [
                    33,
                    "3429 км.",
                    34
                ],
                [
                    34,
                    "Чебула",
                    35
                ],
                [
                    35,
                    "Чахлово",
                    36
                ],
                [
                    36,
                    "Болотная",
                    37
                ],
                [
                    37,
                    "Школа",
                    38
                ],
                [
                    38,
                    "Пашино",
                    39
                ]
            ],
            "text_id": 40
        },
        {
            "delays": [
                1800,
                2700
            ],
            "name": "Электропоезда_на_юг.Кузбасс.Сокур_через_Инскую",
            "scheme": "yug",
            "segments": [
                [
                    39,
                    40,
                    180
                ],
                [
                    40,
                    39,
                    180
                ],
                [
                    40,
                    41,
                    180
                ],
                [
                    41,
                    40,
                    180
                ],
                [
                    41,
                    42,
                    240
                ],
                [
                    42,
                    41,
                    240
                ],
                [
                    42,
                    43,
                    360
                ],
                [
                    43,
                    42,
                    360
                ],
                [
                    43,
                    44,
                    360
                ],
                [
                    43,
                    57,
                    360
                ],
                [
                    44,
                    43,
                    360
                ],
                [
                    44,
                    45,
                    180
                ],
                [
                    45,
                    44,
                    180
                ],
                [
                    45,
                    46,
                    180
                ],
                [
                    46,
                    45,
                    180
                ],
                [
                    46,
                    47,
                    300
                ],
                [
                    47,
                    46,
                    300
                ],
                [
                    47,
                    48,
                    300
                ],
                [
                    47,
                    85,
                    300
                ],
                [
                    48,
                    47,
                    300
                ],
                [
                    48,
                    49,
                    600
                ],
                [
                    49,
                    48,
                    600
                ],
                [
                    49,
                    50,
                    240
                ],
                [
                    50,
                    49,
                    240
                ],
                [
                    50,
                    51,
                    300
                ],
                [
                    51,
                    50,
                    300
                ],
                [
                    51,
                    52,
                    300
                ],
                [
                    52,
                    51,
                    300
                ],
                [
                    52,
                    53,
                    300
                ],
                [
                    53,
                    52,
                    300
                ],
                [
                    53,
                    54,
                    240
                ],
                [
                    54,
                    53,
                    240
                ],
                [
                    54,
                    55,
                    660
                ],
                [
                    55,
                    54,
                    660
                ],
                [
                    55,
                    56,
                    420
                ],
                [
                    56,
                    55,
                    420
                ],
                [
                    57,
                    43,
                    360
                ],
                [
                    57,
                    58,
                    240
                ],
                [
                    58,
                    57,
                    240
                ],
                [
                    58,
                    59,
                    240
                ],
                [
                    59,
                    58,
                    240
                ],
                [
                    59,
                    60,
                    120
                ],
                [
                    60,
                    59,
                    120
                ],
                [
                    60,
                    61,
                    120
                ],
                [
                    61,
                    60,
                    120
                ],
                [
                    61,
                    62,
                    360
                ],
                [
                    62,
                    61,
                    360
                ],
                [
                    62,
                    63,
                    180
                ],
                [
                    63,
                    62,
                    180
                ],
                [
                    63,
                    64,
                    360
                ],
                [
                    64,
                    63,
                    360
                ],
                [
                    64,
                    65,
                    180
                ],
                [
                    65,
                    64,
                    180
                ],
                [
                    65,
                    66,
                    180
                ],
                [
                    66,
                    65,
                    180
                ],
                [
                    66,
                    67,
                    300
                ],
                [
                    67,
                    66,
                    300
                ],
                [
                    67,
                    68,
                    360
                ],
                [
                    68,
                    67,
                    360
                ],
                [
                    68,
                    69,
                    300
                ],
                [
                    69,
                    68,
                    300
                ],
                [
                    69,
                    70,
                    240
                ],
                [
                    70,
                    69,
                    240
                ],
                [
                    70,
                    71,
                    180
                ],
                [
                    71,
                    70,
                    180
                ],
                [
                    71,
                    72,
                    180
                ],
                [
                    72,
                    71,
                    180
                ],
                [
                    72,
                    73,
                    180
                ],
                [
                    73,
                    72,
                    180
                ],
                [
                    73,
                    74,
                    540
                ],
                [
                    74,
                    73,
                    540
                ],
                [
                    74,
                    75,
                    180
                ],
                [
                    75,
                    74,
                    180
                ],
                [
                    75,
                    76,
                    240
                ],
                [
                    76,
                    75,
                    240
                ],
                [
                    76,
                    77,
                    120
                ],
                [
                    77,
                    76,
                    120
                ],
                [
                    77,
                    78,
                    300
                ],
                [
                    78,
                    77,
                    300
                ],
                [
                    78,
                    79,
                    180
                ],
                [
                    79,
                    78,
                    180
                ],
                [
                    79,
                    80,
                    420
                ],
                [
                    80,
                    79,
                    420
                ],
                [
                    80,
                    81,
                    300
                ],
                [
                    81,
                    80,
                    300
                ],
                [
                    81,
                    82,
                    360
                ],
                [
                    82,
                    81,
                    360
                ],
                [
                    82,
                    83,
                    660
                ],
                [
                    83,
                    82,
                    660
                ],
                [
                    83,
                    84,
                    660
                ],
                [
                    84,
                    83,
                    660
                ],
                [
                    85,
                    47,
                    300
                ],
                [
                    85,
                    86,
                    300
                ],
                [
                    86,
                    85,
                    300
                ],
                [
                    86,
                    87,
                    180
                ],
                [
                    87,
                    86,
                    180
                ],
                [
                    87,
                    88,
                    180
                ],
                [
                    88,
                    87,
                    180
                ],
                [
                    88,
                    89,
                    180
                ],
                [
                    89,
                    88,
                    180
                ],
                [
                    89,
                    90,
                    360
                ],
                [
                    90,
                    89,
                    360
                ],
                [
                    90,
                    91,
                    180
                ],
                [
                    91,
                    90,
                    180
                ],
                [
                    91,
                    92,
                    180
                ],
                [
                    92,
                    91,
                    180
                ],
                [
                    92,
                    93,
                    420
                ],
                [
                    93,
                    92,
                    420
                ],
                [
                    93,
                    94,
                    180
                ],
                [
                    94,
                    93,
                    180
                ],
                [
                    94,
                    95,
                    240
                ],
                [
                    95,
                    94,
                    240
                ],
                [
                    95,
                    96,
                    180
                ],
                [
                    96,
                    95,
                    180
                ],
                [
                    96,
                    97,
                    240
                ],
                [
                    97,
                    96,
                    240
                ],
                [
                    97,
                    98,
                    660
                ],
                [
                    98,
                    97,
                    660
                ],
                [
                    98,
                    99,
                    180
                ],
                [
                    99,
                    98,
                    180
                ],
                [
                    99,
                    100,
                    180
                ],
                [
                    100,
                    99,
                    180
                ],
                [
                    100,
                    101,
                    360
                ],
                [
                    101,
                    100,
                    360
                ],
                [
                    101,
                    102,
                    240
                ],
                [
                    102,
                    101,
                    240
                ],
                [
                    102,
                    103,
                    360
                ],
                [
                    103,
                    102,
                    360
                ],
                [
                    103,
                    104,
                    240
                ],
                [
                    104,
                    103,
                    240
                ],
                [
                    104,
                    105,
                    240
                ],
                [
                    105,
                    104,
                    240
                ],
                [
                    105,
                    106,
                    600
                ],
                [
                    106,
                    105,
                    600
                ],
                [
                    106,
                    107,
                    300
                ],
                [
                    107,
                    106,
                    300
                ],
                [
                    107,
                    108,
                    360
                ],
                [
                    108,
                    107,
                    360
                ],
                [
                    108,
                    109,
                    360
                ],
                [
                    109,
                    108,
                    360
                ],
                [
                    109,
                    110,
                    540
                ],
                [
                    110,
                    109,
                    540
                ],
                [
                    110,
                    111,
                    660
                ],
                [
                    111,
                    110,
                    660
                ],
                [
                    111,
                    112,
                    300
                ],
                [
                    112,
                    111,
                    300
                ],
                [
                    112,
                    113,
                    360
                ],
                [
                    113,
                    112,
                    360
                ],
                [
                    113,
                    114,
                    660
                ],
                [
                    114,
                    113,
                    660
                ],
                [
                    114,
                    115,
                    300
                ],
                [
                    115,
                    114,
                    300
                ]
            ],
            "stations": [
                [
                    39,
                    "Новосибирск-Главный",
                    16
                ],
                [
                    40,
                    "Центр",
                    41
                ],
                [
                    41,
                    "Речной Вокзал",
                    5
                ],
                [
                    42,
                    "Новосибирск-Южный",
                    42
                ],
                [
                    43,
                    "Камышенская",
                    43
                ],
                [
                    44,
                    "Разъезд Иня",
                    44
                ],
                [
                    45,
                    "Новогодняя",
                    45
                ],
                [
                    46,
                    "Первомайская",
                    46
                ],
                [
                    47,
                    "Инская",
                    47
                ],
                [
                    48,
                    "Издревая",
                    48
                ],
                [
                    49,
                    "Учебный",
                    49
                ],
                [
                    50,
                    "Дубрава",
                    50
                ],
                [
                    51,
                    "Комаровка",
                    51
                ],
                [
                    52,
                    "Гусиный Брод",
                    52
                ],
                [
                    53,
                    "Новолуговская",
                    53
                ],
                [
                    54,
                    "Жеребцово",
                    54
                ],
                [
                    55,
                    "Ферма",
                    55
                ],
                [
                    56,
                    "Сокур",
                    24
                ],
                [
                    57,
                    "Разъезд Иня-южная",
                    56
                ],
                [
                    58,
                    "Сибирская",
                    11
                ],
                [
                    59,
                    "Речпорт",
                    57
                ],
                [
                    60,
                    "Матвеевка",
                    58
                ],
                [
                    61,
                    "Юность",
                    59
                ],
                [
                    62,
                    "Нижняя Ельцовка",
                    60
                ],
                [
                    63,
                    "Сеятель",
                    61
                ],
                [
                    64,
                    "Обское Море",
                    62
                ],
                [
                    65,
                    "Береговая",
                    63
                ],
                [
                    66,
                    "Речкуновка",
                    64
                ],
                [
                    67,
                    "Бердск",
                    65
                ],
                [
                    68,
                    "Морозово",
                    66
                ],
                [
                    69,
                    "Сельская",
                    67
                ],
                [
                    70,
                    "Обской Залив",
                    68
                ],
                [
                    71,
                    "52 км.",
                    69
                ],
                [
                    72,
                    "Совхоз Бердский",
                    70
                ],
                [
                    73,
                    "Искитим",
                    71
                ],
                [
                    74,
                    "Монолитная",
                    72
                ],
                [
                    75,
                    "Мраморная",
                    73
                ],
                [
                    76,
                    "65 км.",
                    74
                ],
                [
                    77,
                    "Ложок",
                    75
                ],
                [
                    78,
                    "67 км.",
                    76
                ],
                [
                    79,
                    "Евсино",
                    77
                ],
                [
                    80,
                    "Койниха",
                    78
                ],
                [
                    81,
                    "Линево",
                    79
                ],
                [
                    82,
                    "Дорогино",
                    80
                ],
                [
                    83,
                    "Посевная",
                    81
                ],
                [
                    84,
                    "Черепаново",
                    82
                ],
                [
                    85,
                    "Барышево",
                    83
                ],
                [
                    86,
                    "Крахаль",
                    84
                ],
                [
                    87,
                    "38 км.",
                    85
                ],
                [
                    88,
                    "Совхозная",
                    86
                ],
                [
                    89,
                    "Шелковичиха",
                    87
                ],
                [
                    90,
                    "Геодезическая",
                    88
                ],
                [
                    91,
                    "Новородниковый",
                    89
                ],
                [
                    92,
                    "Восточная",
                    90
                ],
                [
                    93,
                    "Репьево",
                    91
                ],
                [
                    94,
                    "Криница",
                    92
                ],
                [
                    95,
                    "Паровозный",
                    93
                ],
                [
                    96,
                    "Мотково",
                    94
                ],
                [
                    97,
                    "Льниха",
                    95
                ],
                [
                    98,
                    "Боровушка",
                    96
                ],
                [
                    99,
                    "Кувшинка",
                    97
                ],
                [
                    100,
                    "Буготак",
                    98
                ],
                [
                    101,
                    "Льнозавод",
                    99
                ],
                [
                    102,
                    "Изынский",
                    100
                ],
                [
                    103,
                    "Салаир",
                    101
                ],
                [
                    104,
                    "Отгонка",
                    102
                ],
                [
                    105,
                    "Мурлыткино",
                    103
                ],
                [
                    106,
                    "Рожневский Бор",
                    104
                ],
                [
                    107,
                    "Мезениха",
                    105
                ],
                [
                    108,
                    "Кудрино",
                    106
                ],
                [
                    109,
                    "Тогучин",
                    107
                ],
                [
                    110,
                    "Девино",
                    108
                ],
                [
                    111,
                    "141км.",
                    109
                ],
                [
                    112,
                    "Гранит",
                    110
                ],
                [
                    113,
                    "Изылинка",
                    111
                ],
                [
                    114,
                    "156 км.",
                    112
                ],
                [
                    115,
                    "Курундус",
                    113
                ]
            ],
            "text_id": 114
        },
        {
            "delays": [
                1800,
                2700
            ],
            "name": "Электропоезда_на_запад",
            "scheme": "zapad",
            "segments": [
                [
                    116,
                    117,
                    420
                ],
                [
                    117,
                    116,
                    420
                ],
                [
                    117,
                    118,
                    300
                ],
                [
                    118,
                    117,
                    300
                ],
                [
                    118,
                    119,
                    180
                ],
                [
                    119,
                    118,
                    180
                ],
                [
                    119,
                    120,
                    360
                ],
                [
                    120,
                    119,
                    360
                ],
                [
                    120,
                    121,
                    180
                ],
                [
                    121,
                    120,
                    180
                ],
                [
                    121,
                    122,
                    180
                ],
                [
                    122,
                    121,
                    180
                ],
                [
                    122,
                    123,
                    420
                ],
                [
                    123,
                    122,
                    420
                ],
                [
                    123,
                    124,
                    240
                ],
                [
                    124,
                    123,
                    240
                ],
                [
                    124,
                    125,
                    240
                ],
                [
                    125,
                    124,
                    240
                ],
                [
                    125,
                    126,
                    180
                ],
                [
                    126,
                    125,
                    180
                ],
                [
                    126,
                    127,
                    240
                ],
                [
                    127,
                    126,
                    240
                ],
                [
                    127,
                    128,
                    480
                ],
                [
                    128,
                    127,
                    480
                ],
                [
                    128,
                    129,
                    240
                ],
                [
                    129,
                    128,
                    240
                ],
                [
                    129,
                    130,
                    240
                ],
                [
                    130,
                    129,
                    240
                ],
                [
                    130,
                    131,
                    240
                ],
                [
                    131,
                    130,
                    240
                ],
                [
                    131,
                    132,
                    420
                ],
                [
                    132,
                    131,
                    420
                ],
                [
                    132,
                    133,
                    420
                ],
                [
                    133,
                    132,
                    420
                ],
                [
                    133,
                    134,
                    240
                ],
                [
                    134,
                    133,
                    240
                ],
                [
                    134,
                    135,
                    240
                ],
                [
                    135,
                    134,
                    240
                ],
                [
                    135,
                    136,
                    240
                ],
                [
                    136,
                    135,
                    240
                ],
                [
                    136,
                    137,
                    180
                ],
                [
                    137,
                    136,
                    180
                ],
                [
                    137,
                    138,
                    180
                ],
                [
                    138,
                    137,
                    180
                ],
                [
                    138,
                    139,
                    600
                ],
                [
                    139,
                    138,
                    600
                ],
                [
                    139,
                    140,
                    360
                ],
                [
                    140,
                    139,
                    360
                ],
                [
                    140,
                    141,
                    360
                ],
                [
                    141,
                    140,
                    360
                ],
                [
                    141,
                    142,
                    420
                ],
                [
                    142,
                    141,
                    420
                ],
                [
                    142,
                    143,
                    240
                ],
                [
                    143,
                    142,
                    240
                ],
                [
                    143,
                    144,
                    840
                ],
                [
                    144,
                    143,
                    840
                ],
                [
                    144,
                    145,
                    540
                ],
                [
                    145,
                    144,
                    540
                ],
                [
                    145,
                    146,
                    300
                ],
                [
                    146,
                    145,
                    300
                ],
                [
                    146,
                    147,
                    540
                ],
                [
                    147,
                    146,
                    540
                ]
            ],
            "stations": [
                [
                    116,
                    "Новосибирск-Главный",
                    16
                ],
                [
                    117,
                    "Правая Обь",
                    115
                ],
                [
                    118,
                    "Левая Обь",
                    116
                ],
                [
                    119,
                    "Жилмассив",
                    117
                ],
                [
                    120,
                    "Новосибирск-Западный",
                    118
                ],
                [
                    121,
                    "Западная",
                    119
                ],
                [
                    122,
                    "Ипподром",
                    120
                ],
                [
                    123,
                    "Обь",
                    121
                ],
                [
                    124,
                    "Аэрофлот",
                    122
                ],
                [
                    125,
                    "Павино",
                    123
                ],
                [
                    126,
                    "Сады",
                    124
                ],
                [
                    127,
                    "3307 км.",
                    125
                ],
                [
                    128,
                    "Чик",
                    126
                ],
                [
                    129,
                    "Шагаловский",
                    127
                ],
                [
                    130,
                    "3293 км.",
                    128
                ],
                [
                    131,
                    "Коченево",
                    129
                ],
                [
                    132,
                    "3277 км.",
                    130
                ],
                [
                    133,
                    "3273 км.",
                    131
                ],
                [
                    134,
                    "Лесная Поляна",
                    132
                ],
                [
                    135,
                    "3264 км.",
                    133
                ],
                [
                    136,
                    "Оеш",
                    134
                ],
                [
                    137,
                    "Дупленскя",
                    135
                ],
                [
                    138,
                    "Рямок",
                    136
                ],
                [
                    139,
                    "Тихомирово",
                    137
                ],
                [
                    140,
                    "Кабинетное",
                    138
                ],
                [
                    141,
                    "Большедорожное",
                    139
                ],
                [
                    142,
                    "Чулымская",
                    140
                ],
                [
                    143,
                    "Секты",
                    141
                ],
                [
                    144,
                    "3192 км.",
                    142
                ],
                [
                    145,
                    "Кокошино",
                    143
                ],
                [
                    146,
                    "Капралово",
                    144
                ],
                [
                    147,
                    "Каргат",
                    145
                ]
            ],
            "text_id": 146
        }
    ],
    "name": "train",
    "transfers": [
        [
            1,
            15,
            240,
            true
        ],
        [
            116,
            14,
            300,
            true
        ],
        [
            39,
            14,
            300,
            true
        ],
        [
            39,
            116,
            300,
            true
        ],
        [
            9,
            14,
            300,
            true
        ],
        [
            9,
            116,
            300,
            true
        ],
        [
            39,
            9,
            300,
            true
        ],
        [
            44,
            57,
            180,
            true
        ],
        [
            86,
            48,
            900,
            true
        ],
        [
            41,
            5,
            180,
            true
        ],
        [
            56,
            23,
            360,
            true
        ],
        [
            40,
            117,
            360,
            true
        ]
    ],
    "type_name": "Электричка"
}