{
    "0": "San Pablo",
    "1": "Neptuno",
    "2": "Pajaritos",
    "3": "Las Rejas",
    "4": "Ecuador",
    "5": "San Alberto Hurtado",
    "6": "U. de Santiago",
    "7": "Estacion Central",
    "8": "Union Latino - Americana",
    "9": "Republica",
    "10": "Los Heroes",
    "11": "La Moneda",
    "12": "U. de Chile",
    "13": "Santa Lucia",
    "14": "U. Catolica",
    "15": "Baquedano",
    "16": "Salvador",
    "17": "Manuel Montt",
    "18": "Pedro de Valdivia",
    "19": "Los Leones",
    "20": "Tobalaba",
    "21": "El Golf",
    "22": "Alcantara",
    "23": "Escuela Militar",
    "24": "Manquehue",
    "25": "Hernando de Magallanes",
    "26": "Los Dominicos",
    "27": "L1",
    "28": "La Cisterna",
    "29": "El Parron",
    "30": "Lo Ovalle",
    "31": "Cuidad del Nino",
    "32": "Departamental",
    "33": "Lo Vial",
    "34": "San Miguel",
    "35": "El Llano",
    "36": "Franklin",
    "37": "Rondizzoni Famae",
    "38": "Parque O'Higgins",
    "39": "Toesca",
    "40": "Santa Ana",
    "41": "Cal y Canto",
    "42": "Patronato",
    "43": "Cerro Blanco",
    "44": "Cementerios",
    "45": "Einstein",
    "46": "Dorsal",
    "47": "Zapadores",
    "48": "Vespucio Norte",
    "49": "L2",
    "50": "Plaza de Maipu",
    "51": "Santiago Bueras",
    "52": "Del Sol",
    "53": "Monte Tabor",
    "54": "Las Parcelas",
    "55": "Laguna Sur",
    "56": "Barrancas",
    "57": "Pudahuel",
    "58": "Lo Prado",
    "59": "Blanqueado",
    "60": "Gruta de Lourdes",
    "61": "Quinta Normal",
    "62": "Cumming",
    "63": "Plaza de Armas",
    "64": "Bellas Artes",
    "65": "P. Bustamante",
    "66": "Sta Isabel",
    "67": "Irarrazaval",
    "68": "Nuble",
    "69": "R. de Araya",
    "70": "C. Valdovinos",
    "71": "C. Agricola",
    "72": "San Joaquin",
    "73": "Pedrero",
    "74": "Mirador",
    "75": "Bellavista de la Florida",
    "76": "Vicente Valdes",
    "77": "L5",
    "78": "Cristobal Colon",
    "79": "Francisco Bilbao",
    "80": "Principe de Gales",
    "81": "Simon Bolivar",
    "82": "Plaza Egana",
    "83": "Los Orientales",
    "84": "Grecia",
    "85": "Los Presidentes",
    "86": "Quilin",
    "87": "Las Torres",
    "88": "Macul",
    "89": "Vicuna Mackenna",
    "90": "Rojas Magallanes",
    "91": "Trinidad",
    "92": "Los Quillayes",
    "93": "Elisa Correa",
    "94": "Hospital Sotero del Rio",
    "95": "Protectora de la Infancia",
    "96": "Las Mercedes",
    "97": "Plaza de Puente Alto",
    "98": "L4",
    "99": "Santa Julia",
    "100": "La Granja",
    "101": "Santa Rosa",
    "102": "San Ramon",
    "103": "L4A",
    "104": "Метро",
    "105": "ROOT",
    "106": "Метро",
    "107": "Схема от 27.10.2007г.\nАвтор карты - Степанов Игорь.\n\nИнтервалы движения - ждем Вашей помощи.",
    "108": "Imported from http://pmetro.su"
}