{
    "lines": [
        {
            "delays": [
                900,
                1800
            ],
            "name": "Linea 1",
            "scheme": null,
            "segments": [
                [
                    0,
                    1,
                    120
                ],
                [
                    1,
                    0,
                    120
                ],
                [
                    1,
                    2,
                    120
                ],
                [
                    2,
                    1,
                    120
                ],
                [
                    2,
                    3,
                    120
                ],
                [
                    3,
                    2,
                    120
                ],
                [
                    3,
                    4,
                    120
                ],
                [
                    4,
                    3,
                    120
                ],
                [
                    4,
                    5,
                    120
                ],
                [
                    5,
                    4,
                    120
                ],
                [
                    5,
                    6,
                    120
                ],
                [
                    6,
                    5,
                    120
                ],
                [
                    6,
                    7,
                    120
                ],
                [
                    7,
                    6,
                    120
                ],
                [
                    7,
                    8,
                    120
                ],
                [
                    8,
                    7,
                    120
                ],
                [
                    8,
                    9,
                    120
                ],
                [
                    9,
                    8,
                    120
                ],
                [
                    9,
                    10,
                    120
                ],
                [
                    10,
                    9,
                    120
                ],
                [
                    10,
                    11,
                    120
                ],
                [
                    11,
                    10,
                    120
                ],
                [
                    11,
                    12,
                    120
                ],
                [
                    12,
                    11,
                    120
                ],
                [
                    12,
                    13,
                    120
                ],
                [
                    13,
                    12,
                    120
                ],
                [
                    13,
                    14,
                    120
                ],
                [
                    14,
                    13,
                    120
                ],
                [
                    14,
                    15,
                    120
                ],
                [
                    15,
                    14,
                    120
                ],
                [
                    15,
                    16,
                    120
                ],
                [
                    16,
                    15,
                    120
                ]
            ],
            "stations": [
                [
                    0,
                    "Prealpino",
                    0
                ],
                [
                    1,
                    "Casazza",
                    1
                ],
                [
                    2,
                    "Mompiano",
                    2
                ],
                [
                    3,
                    "Europa",
                    3
                ],
                [
                    4,
                    "Ospedale",
                    4
                ],
                [
                    5,
                    "Marconi",
                    5
                ],
                [
                    6,
                    "San Faustino",
                    6
                ],
                [
                    7,
                    "Piazza Vittoria",
                    7
                ],
                [
                    8,
                    "Stazione FS",
                    8
                ],
                [
                    9,
                    "Brescia Due",
                    9
                ],
                [
                    10,
                    "Lamarmora",
                    10
                ],
                [
                    11,
                    "Volta",
                    11
                ],
                [
                    12,
                    "Poliambulanza",
                    12
                ],
                [
                    13,
                    "San Polo Parco",
                    13
                ],
                [
                    14,
                    "San Polo Cimabue",
                    14
                ],
                [
                    15,
                    "Sanpolino",
                    15
                ],
                [
                    16,
                    "Sant'Eufemia-Buffalora",
                    16
                ]
            ],
            "text_id": 17
        }
    ],
    "name": "metro",
    "transfers": [],
    "type_name": "Метро"
}