{
    "0": "Newcastle",
    "1": "Civic",
    "2": "Wickham",
    "3": "Hamilton",
    "4": "Waratah",
    "5": "Warabrook",
    "6": "Sandgate",
    "7": "Hexham",
    "8": "Tarro",
    "9": "Beresfield",
    "10": "Thomton",
    "11": "Metford",
    "12": "Victoria Street",
    "13": "East Maltland",
    "14": "High Street",
    "15": "Maltland",
    "16": "Lochinvar",
    "17": "Allandale",
    "18": "Greta",
    "19": "Branxton",
    "20": "Belford",
    "21": "Singleton",
    "22": "Muswellbrook",
    "23": "Aberdeen",
    "24": "Scone",
    "25": "Telarah",
    "26": "Mindaribba",
    "27": "Paterson",
    "28": "Martins Creek",
    "29": "Hilldale",
    "30": "Wallarobba",
    "31": "Wirragulla",
    "32": "Dungog",
    "33": "1",
    "34": "Leppington",
    "35": "Edmondson Park",
    "36": "Goulburn",
    "37": "Manulan",
    "38": "Tallong",
    "39": "Wingello",
    "40": "Penrose",
    "41": "Bundanoon",
    "42": "Exeter",
    "43": "Moss Vale",
    "44": "Burradoo",
    "45": "Bowral",
    "46": "Mittagong",
    "47": "Yerrinbool",
    "48": "Bargo",
    "49": "Tahmoor",
    "50": "Picton",
    "51": "Douglas Park",
    "52": "Menangle",
    "53": "Menangle Park",
    "54": "Macarthur",
    "55": "Campbelltown",
    "56": "Leumeah",
    "57": "Minto",
    "58": "Ingleburn",
    "59": "Macquarie Fields",
    "60": "Glenfield",
    "61": "Holsworthry",
    "62": "East Hills",
    "63": "Panania",
    "64": "Reversby",
    "65": "Padstow",
    "66": "Riverwood",
    "67": "Narwee",
    "68": "Beverly Hills",
    "69": "Kingsgrove",
    "70": "Bexley North",
    "71": "Bardwell Park",
    "72": "Turrella",
    "73": "Wolli Creek",
    "74": "International",
    "75": "Domestic",
    "76": "Mascot",
    "77": "Green Square",
    "78": "Tempe",
    "79": "Sydenham",
    "80": "St Peters",
    "81": "Erskineville",
    "82": "Redfern",
    "83": "Sydney Central",
    "84": "Museum",
    "85": "St James",
    "86": "Circular Quay",
    "87": "Wynyard",
    "88": "Town Hall",
    "89": "Ashfield",
    "90": "Burnwood",
    "91": "Strathfield",
    "92": "Flemington",
    "93": "Lidcombe",
    "94": "Auburn",
    "95": "Clyde",
    "96": "Granville",
    "97": "Merrylands",
    "98": "Guildford",
    "99": "Yennora",
    "100": "Fairfield",
    "101": "Canley Vale",
    "102": "Cabramatta",
    "103": "Warwick Farm",
    "104": "Liverpool",
    "105": "Casula",
    "106": "10",
    "107": "Colo Vale",
    "108": "Hill Top",
    "109": "Balmoral",
    "110": "Buxton",
    "111": "Couridjah",
    "112": "Thirimere",
    "113": "11",
    "114": "Burrawang",
    "115": "Robertson",
    "116": "Albion Park",
    "117": "Dapto",
    "118": "Wollongong",
    "119": "12",
    "120": "Fassifern",
    "121": "Blackalls Park",
    "122": "Toronto",
    "123": "13",
    "124": "Blacktown",
    "125": "Seven Hills",
    "126": "Toongabbie",
    "127": "Pendle Hill",
    "128": "Wentworthville",
    "129": "Westmead",
    "130": "Parramatta",
    "131": "Harris Park",
    "132": "14",
    "133": "Broadmeadow",
    "134": "Adamstown",
    "135": "Kotara",
    "136": "Cardiff",
    "137": "Cockle Creek",
    "138": "Teralba",
    "139": "Booragul",
    "140": "Awaba",
    "141": "Dora Creek",
    "142": "Morisset",
    "143": "Wyee",
    "144": "Wamervale",
    "145": "Wyong",
    "146": "Tuggerah",
    "147": "Ourimbah",
    "148": "Lisarow",
    "149": "Niagara Park",
    "150": "Narara",
    "151": "Gosford",
    "152": "Point Clare",
    "153": "Tascott",
    "154": "Koolewong",
    "155": "Woy Woy",
    "156": "Wondabyne",
    "157": "Hawkesbury River",
    "158": "Cowan",
    "159": "Berowra",
    "160": "Mount Kuring-gai",
    "161": "Mount Colah",
    "162": "Asquith",
    "163": "Hornsby",
    "164": "Normanhurst",
    "165": "Thomleigh",
    "166": "Pennant Hills",
    "167": "Beecroft",
    "168": "Cheltenham",
    "169": "Epping",
    "170": "Eastwood",
    "171": "Denistone",
    "172": "West Ryde",
    "173": "Meadowbank",
    "174": "Rhodes",
    "175": "Concord West",
    "176": "North Strathfield",
    "177": "Milsons Point",
    "178": "North Sydney",
    "179": "2",
    "180": "Waitara",
    "181": "Wahroonga",
    "182": "Warrawee",
    "183": "Turramurra",
    "184": "Pymble",
    "185": "Gordon",
    "186": "Killara",
    "187": "Lindfield",
    "188": "Roseville",
    "189": "Chatswood",
    "190": "Artarmon",
    "191": "St Leonards",
    "192": "Wollstonecraft",
    "193": "Waverton",
    "194": "Olympic Park",
    "195": "Doonside",
    "196": "Rooky Hill",
    "197": "Mount Druitt",
    "198": "St Marys",
    "199": "Werrington",
    "200": "Kingswood",
    "201": "Penrith",
    "202": "Emu Plains",
    "203": "Lapstone",
    "204": "Glenbrook",
    "205": "Blaxland",
    "206": "Warrimoo",
    "207": "Valley Heights",
    "208": "Springwood",
    "209": "Faulconbridge",
    "210": "Linden",
    "211": "Woodford",
    "212": "Hazelbrook",
    "213": "Lawson",
    "214": "Bullaburra",
    "215": "Wentworth Falls",
    "216": "Leura",
    "217": "Katoomba",
    "218": "Medlow Bath",
    "219": "Blackheath",
    "220": "Mount Victoria",
    "221": "Bell",
    "222": "Zig Zag",
    "223": "Lithgow",
    "224": "Marayong",
    "225": "Quarkers Hill",
    "226": "Schofields",
    "227": "Riverstone",
    "228": "Vineyard",
    "229": "Mulgrave",
    "230": "Windsor",
    "231": "Clarendon",
    "232": "East Richmond",
    "233": "Richmond",
    "234": "3",
    "235": "Darling Park",
    "236": "Harbourside",
    "237": "Convention",
    "238": "Exhibition",
    "239": "Haymarket",
    "240": "World Square",
    "241": "Park Plaza",
    "242": "City Centre",
    "243": "4",
    "244": "Capitol Square",
    "245": "Pyrmont Bay",
    "246": "Star City",
    "247": "John St Square",
    "248": "Fish Market",
    "249": "Wentworth Park",
    "250": "Glebe",
    "251": "Jubilee Park",
    "252": "Rozelle Bay",
    "253": "Lilyfield",
    "254": "5",
    "255": "Bondi Junction",
    "256": "Edgecliff",
    "257": "Kings Cross",
    "258": "Martin Place",
    "259": "Amcliffe",
    "260": "Banksia",
    "261": "Rockdale",
    "262": "Kogarah",
    "263": "Carlton",
    "264": "Allawah",
    "265": "Hurstville",
    "266": "Penshurst",
    "267": "Mortdale",
    "268": "Oatley",
    "269": "Como",
    "270": "Jannali",
    "271": "Sutherland",
    "272": "Loftus",
    "273": "Engadine",
    "274": "Heathcote",
    "275": "Waterfall",
    "276": "Helensburgh",
    "277": "Otford",
    "278": "Stanwell Park",
    "279": "Coal Cliff",
    "280": "Scarborough",
    "281": "Wombarra",
    "282": "Coledale",
    "283": "Austinmer",
    "284": "Thirroul",
    "285": "North Wollongong",
    "286": "Coniston",
    "287": "Unanderra",
    "288": "Kembla Grange Racecourse",
    "289": "Oak Flats",
    "290": "Dunmore",
    "291": "Minnamurra",
    "292": "Bombo",
    "293": "Kiama",
    "294": "Gerringong",
    "295": "Berry",
    "296": "Bomaderry",
    "297": "Kirrawee",
    "298": "Gymea",
    "299": "Miranda",
    "300": "Carlingbah",
    "301": "Woolooware",
    "302": "Cronulla",
    "303": "6",
    "304": "Buli",
    "305": "Woonona",
    "306": "Bellambi",
    "307": "Corrimal",
    "308": "Towradgi",
    "309": "Fairy Meadow",
    "310": "Lysaghts",
    "311": "Cringila",
    "312": "Port Kembla North",
    "313": "Port Kembla",
    "314": "7",
    "315": "Carlingford",
    "316": "Telopea",
    "317": "Dundas",
    "318": "Rydalmere",
    "319": "Camellia",
    "320": "Rosehill",
    "321": "8",
    "322": "Carramar",
    "323": "Villawood",
    "324": "Leightonfield",
    "325": "Chester Hill",
    "326": "Selton",
    "327": "Birrong",
    "328": "Yagoona",
    "329": "Bankstown",
    "330": "Punchbowl",
    "331": "Wiley Park",
    "332": "Lakemba",
    "333": "Belmore",
    "334": "Campsie",
    "335": "Canterbury",
    "336": "Hurlstone Park",
    "337": "Dulwich Hill",
    "338": "Marrickville",
    "339": "Macdonaldtown",
    "340": "Newtown",
    "341": "Stanmore",
    "342": "Petersham",
    "343": "Lewisham",
    "344": "Summer Hill",
    "345": "Croydon",
    "346": "Homebush",
    "347": "Berala",
    "348": "Regents Park",
    "349": "9",
    "350": "Метро",
    "351": "ROOT",
    "352": "Схема от 02.05.2015г.\nСобрал в единое целое - Мурадов Борис",
    "353": "Imported from http://pmetro.su"
}