{
    "0": "Darnagjul'",
    "1": "Azadlyg prospekti",
    "2": "Nasimi",
    "3": "Memar Adzhemi",
    "4": "20 janvar",
    "5": "Inshaatchylar",
    "6": "Elmljar Akademijasy",
    "7": "Nizami",
    "8": "Icheri Sheher",
    "9": "Sahil",
    "10": "28 Maj",
    "11": "Gjandzhlik",
    "12": "Nariman Narimanov",
    "13": "Ulduz",
    "14": "Keroglu",
    "15": "Gara Garaev",
    "16": "Neftchiljar",
    "17": "Halglar Dostlugu",
    "18": "Ahmedly",
    "19": "Azi Aslanov",
    "20": "Bakmil",
    "21": "Krasnaja",
    "22": "Dzhafar Dzhabbarly",
    "23": "Shah Ismail Hatai",
    "24": "Zelenaja",
    "25": "8 nojabrja",
    "26": "Memar Adzhemi-2",
    "27": "Avtovokzal",
    "28": "Fioletovaja",
    "29": "Metro",
    "30": "ROOT",
    "31": "Shema ot 19.01.2018g.\nInformatsija o vremeni proezda:\n- zhdem Vashej pomoschi...\nKarta vzjata s sajta http://...htm.",
    "32": "Imported from http://pmetro.su"
}