{
    "0": "Дарнагюль",
    "1": "Азадлыг проспекти",
    "2": "Насими",
    "3": "Мемар Аджеми",
    "4": "20 январ",
    "5": "Иншаатчылар",
    "6": "Элмляр Академиясы",
    "7": "Низами",
    "8": "Ичери Шехер",
    "9": "Сахил",
    "10": "28 Май",
    "11": "Гянджлик",
    "12": "Нариман Нариманов",
    "13": "Улдуз",
    "14": "Кероглу",
    "15": "Гара Гараев",
    "16": "Нефтчиляр",
    "17": "Халглар Достлугу",
    "18": "Ахмедлы",
    "19": "Ази Асланов",
    "20": "Бакмил",
    "21": "Красная",
    "22": "Джафар Джаббарлы",
    "23": "Шах Исмаил Хатаи",
    "24": "Зеленая",
    "25": "Мемар Аджеми-2",
    "26": "Автовокзал",
    "27": "Фиолетовая",
    "28": "Метро",
    "29": "ROOT",
    "30": "Метро",
    "31": "Схема от 18.01.2018г.\nИнформация о времени проезда:\n- ждем Вашей помощи...\nКарта взята с сайта http://...htm.",
    "32": "Imported from http://pmetro.su"
}