{
    "lines": [
        {
            "delays": [
                900,
                1800
            ],
            "name": "Sul",
            "scheme": null,
            "segments": [
                [
                    0,
                    1,
                    120
                ],
                [
                    1,
                    0,
                    120
                ],
                [
                    1,
                    2,
                    120
                ],
                [
                    2,
                    1,
                    120
                ],
                [
                    2,
                    3,
                    120
                ],
                [
                    3,
                    2,
                    120
                ],
                [
                    3,
                    4,
                    null
                ],
                [
                    3,
                    5,
                    240
                ],
                [
                    4,
                    3,
                    null
                ],
                [
                    4,
                    5,
                    0
                ],
                [
                    5,
                    3,
                    240
                ],
                [
                    5,
                    4,
                    null
                ],
                [
                    5,
                    6,
                    120
                ],
                [
                    6,
                    5,
                    120
                ],
                [
                    6,
                    7,
                    null
                ],
                [
                    6,
                    8,
                    240
                ],
                [
                    7,
                    6,
                    null
                ],
                [
                    7,
                    8,
                    0
                ],
                [
                    8,
                    6,
                    240
                ],
                [
                    8,
                    7,
                    null
                ],
                [
                    8,
                    9,
                    120
                ],
                [
                    9,
                    8,
                    120
                ],
                [
                    9,
                    10,
                    120
                ],
                [
                    10,
                    9,
                    120
                ],
                [
                    10,
                    11,
                    120
                ],
                [
                    11,
                    10,
                    120
                ],
                [
                    11,
                    12,
                    120
                ],
                [
                    12,
                    11,
                    120
                ],
                [
                    12,
                    13,
                    120
                ],
                [
                    13,
                    12,
                    120
                ],
                [
                    13,
                    14,
                    120
                ],
                [
                    14,
                    13,
                    120
                ],
                [
                    14,
                    15,
                    120
                ],
                [
                    15,
                    14,
                    120
                ],
                [
                    15,
                    16,
                    120
                ],
                [
                    16,
                    15,
                    120
                ],
                [
                    16,
                    17,
                    120
                ],
                [
                    17,
                    16,
                    120
                ],
                [
                    17,
                    18,
                    120
                ],
                [
                    18,
                    17,
                    120
                ],
                [
                    18,
                    19,
                    120
                ],
                [
                    19,
                    18,
                    120
                ]
            ],
            "stations": [
                [
                    0,
                    "Central - Xico da Silva",
                    0
                ],
                [
                    1,
                    "Jose de Alencar",
                    1
                ],
                [
                    2,
                    "Sao Benedito",
                    2
                ],
                [
                    3,
                    "Benfica",
                    3
                ],
                [
                    4,
                    "Padre Cicero",
                    4
                ],
                [
                    5,
                    "Porangabussu",
                    5
                ],
                [
                    6,
                    "Couto Fernandes",
                    6
                ],
                [
                    7,
                    "Juscelino Kubitschek",
                    7
                ],
                [
                    8,
                    "Parangaba",
                    8
                ],
                [
                    9,
                    "Vila Pery",
                    9
                ],
                [
                    10,
                    "Manuel Satiro",
                    10
                ],
                [
                    11,
                    "Mondubim",
                    11
                ],
                [
                    12,
                    "Esperanca",
                    12
                ],
                [
                    13,
                    "Aracape",
                    13
                ],
                [
                    14,
                    "Alto Alegre",
                    14
                ],
                [
                    15,
                    "Raquel de Queiroz",
                    15
                ],
                [
                    16,
                    "Virgilio Tavora",
                    16
                ],
                [
                    17,
                    "Maracanau",
                    17
                ],
                [
                    18,
                    "Jereissati",
                    18
                ],
                [
                    19,
                    "Carlito Benevides",
                    19
                ]
            ],
            "text_id": 20
        },
        {
            "delays": [
                900,
                1800
            ],
            "name": "Oeste",
            "scheme": null,
            "segments": [
                [
                    20,
                    21,
                    0
                ],
                [
                    21,
                    20,
                    0
                ],
                [
                    21,
                    22,
                    0
                ],
                [
                    22,
                    21,
                    0
                ],
                [
                    22,
                    23,
                    0
                ],
                [
                    23,
                    22,
                    0
                ],
                [
                    23,
                    24,
                    0
                ],
                [
                    24,
                    23,
                    0
                ],
                [
                    24,
                    25,
                    0
                ],
                [
                    25,
                    24,
                    0
                ],
                [
                    25,
                    26,
                    0
                ],
                [
                    26,
                    25,
                    0
                ],
                [
                    26,
                    27,
                    0
                ],
                [
                    27,
                    26,
                    0
                ],
                [
                    27,
                    28,
                    0
                ],
                [
                    28,
                    27,
                    0
                ],
                [
                    28,
                    29,
                    0
                ],
                [
                    29,
                    28,
                    0
                ],
                [
                    29,
                    30,
                    0
                ],
                [
                    30,
                    29,
                    0
                ],
                [
                    30,
                    31,
                    0
                ],
                [
                    31,
                    30,
                    0
                ],
                [
                    31,
                    32,
                    0
                ],
                [
                    32,
                    31,
                    0
                ],
                [
                    32,
                    33,
                    0
                ],
                [
                    33,
                    32,
                    0
                ],
                [
                    33,
                    34,
                    0
                ],
                [
                    34,
                    33,
                    0
                ]
            ],
            "stations": [
                [
                    20,
                    "Caucaia",
                    21
                ],
                [
                    21,
                    "Parque Soledade",
                    22
                ],
                [
                    22,
                    "Nova Metropole",
                    23
                ],
                [
                    23,
                    "Araturi",
                    24
                ],
                [
                    24,
                    "Jurema",
                    25
                ],
                [
                    25,
                    "Conjunto Ceara",
                    26
                ],
                [
                    26,
                    "Parque Albano",
                    27
                ],
                [
                    27,
                    "Sao Miguel",
                    28
                ],
                [
                    28,
                    "Antonio Bezerra",
                    29
                ],
                [
                    29,
                    "Parque Andrade",
                    30
                ],
                [
                    30,
                    "Floresta",
                    31
                ],
                [
                    31,
                    "Alvaro Weyne",
                    32
                ],
                [
                    32,
                    "Francisco Sa",
                    33
                ],
                [
                    33,
                    "Tirol",
                    34
                ],
                [
                    34,
                    "Joao Felipe",
                    35
                ]
            ],
            "text_id": 36
        },
        {
            "delays": [
                900,
                1800
            ],
            "name": "Leste",
            "scheme": null,
            "segments": [
                [
                    35,
                    36,
                    0
                ],
                [
                    36,
                    35,
                    0
                ],
                [
                    36,
                    37,
                    0
                ],
                [
                    37,
                    36,
                    0
                ],
                [
                    37,
                    38,
                    0
                ],
                [
                    38,
                    37,
                    0
                ],
                [
                    38,
                    39,
                    0
                ],
                [
                    39,
                    38,
                    0
                ],
                [
                    39,
                    40,
                    0
                ],
                [
                    40,
                    39,
                    0
                ],
                [
                    40,
                    41,
                    0
                ],
                [
                    41,
                    40,
                    0
                ],
                [
                    41,
                    42,
                    0
                ],
                [
                    42,
                    41,
                    0
                ],
                [
                    42,
                    43,
                    0
                ],
                [
                    43,
                    42,
                    0
                ],
                [
                    43,
                    44,
                    0
                ],
                [
                    44,
                    43,
                    0
                ],
                [
                    44,
                    45,
                    0
                ],
                [
                    45,
                    44,
                    0
                ],
                [
                    45,
                    46,
                    0
                ],
                [
                    46,
                    45,
                    0
                ]
            ],
            "stations": [
                [
                    35,
                    "Central - Xico da Silva",
                    0
                ],
                [
                    36,
                    "Catedral",
                    37
                ],
                [
                    37,
                    "Colegio Militar",
                    38
                ],
                [
                    38,
                    "Ceart",
                    39
                ],
                [
                    39,
                    "Nunes Valente",
                    40
                ],
                [
                    40,
                    "Leonardo Mota",
                    41
                ],
                [
                    41,
                    "Otavio Lobo",
                    42
                ],
                [
                    42,
                    "Papicu",
                    43
                ],
                [
                    43,
                    "Cidade 2000",
                    44
                ],
                [
                    44,
                    "Centro Barbara de Alencar",
                    45
                ],
                [
                    45,
                    "Centro de Eventos",
                    46
                ],
                [
                    46,
                    "Forum Clovis Bevilaqua",
                    47
                ]
            ],
            "text_id": 48
        },
        {
            "delays": [
                900,
                1800
            ],
            "name": "Mucuripe",
            "scheme": null,
            "segments": [
                [
                    47,
                    48,
                    0
                ],
                [
                    48,
                    47,
                    0
                ],
                [
                    48,
                    49,
                    0
                ],
                [
                    49,
                    48,
                    0
                ],
                [
                    49,
                    50,
                    0
                ],
                [
                    50,
                    49,
                    0
                ],
                [
                    50,
                    51,
                    0
                ],
                [
                    51,
                    50,
                    0
                ],
                [
                    51,
                    52,
                    0
                ],
                [
                    52,
                    51,
                    0
                ],
                [
                    52,
                    53,
                    0
                ],
                [
                    53,
                    52,
                    0
                ]
            ],
            "stations": [
                [
                    47,
                    "Parangaba",
                    8
                ],
                [
                    48,
                    "Aeroporto",
                    49
                ],
                [
                    49,
                    "Rodoviaria",
                    50
                ],
                [
                    50,
                    "Assembleia",
                    51
                ],
                [
                    51,
                    "Antonio Sales",
                    52
                ],
                [
                    52,
                    "Papicu",
                    43
                ],
                [
                    53,
                    "Mucuripe",
                    53
                ]
            ],
            "text_id": 53
        }
    ],
    "name": "metro",
    "transfers": [
        [
            0,
            34,
            120,
            true
        ],
        [
            0,
            35,
            120,
            true
        ],
        [
            35,
            34,
            120,
            true
        ],
        [
            47,
            8,
            120,
            true
        ],
        [
            42,
            52,
            120,
            true
        ]
    ],
    "type_name": "Метро"
}