{
    "lines": [
        {
            "delays": [
                300,
                600
            ],
            "name": "Chilonzor",
            "scheme": "chilonzor",
            "segments": [
                [
                    0,
                    1,
                    0
                ],
                [
                    1,
                    0,
                    0
                ],
                [
                    1,
                    2,
                    120
                ],
                [
                    2,
                    1,
                    120
                ],
                [
                    2,
                    3,
                    120
                ],
                [
                    3,
                    2,
                    120
                ],
                [
                    3,
                    4,
                    120
                ],
                [
                    4,
                    3,
                    120
                ],
                [
                    4,
                    5,
                    120
                ],
                [
                    5,
                    4,
                    120
                ],
                [
                    5,
                    6,
                    120
                ],
                [
                    6,
                    5,
                    120
                ],
                [
                    6,
                    7,
                    180
                ],
                [
                    7,
                    6,
                    180
                ],
                [
                    7,
                    8,
                    120
                ],
                [
                    8,
                    7,
                    120
                ],
                [
                    8,
                    9,
                    120
                ],
                [
                    9,
                    8,
                    120
                ],
                [
                    9,
                    10,
                    120
                ],
                [
                    10,
                    9,
                    120
                ],
                [
                    10,
                    11,
                    120
                ],
                [
                    11,
                    10,
                    120
                ],
                [
                    11,
                    12,
                    120
                ],
                [
                    12,
                    11,
                    120
                ],
                [
                    12,
                    13,
                    120
                ],
                [
                    13,
                    12,
                    120
                ],
                [
                    13,
                    14,
                    120
                ],
                [
                    14,
                    13,
                    120
                ],
                [
                    14,
                    15,
                    120
                ],
                [
                    15,
                    14,
                    120
                ],
                [
                    15,
                    16,
                    120
                ],
                [
                    16,
                    15,
                    120
                ],
                [
                    16,
                    17,
                    120
                ],
                [
                    17,
                    16,
                    120
                ]
            ],
            "stations": [
                [
                    0,
                    "Chinor",
                    0
                ],
                [
                    1,
                    "Kipchok",
                    1
                ],
                [
                    2,
                    "Afrosiyob",
                    2
                ],
                [
                    3,
                    "Sirg'ali",
                    3
                ],
                [
                    4,
                    "Toshkent Xalqa Yo'li",
                    4
                ],
                [
                    5,
                    "Choshtepa",
                    5
                ],
                [
                    6,
                    "Olmazor",
                    6
                ],
                [
                    7,
                    "Chilonzor",
                    7
                ],
                [
                    8,
                    "Mirzo Ulug'bek",
                    8
                ],
                [
                    9,
                    "Novza",
                    9
                ],
                [
                    10,
                    "Milliy Bog'",
                    10
                ],
                [
                    11,
                    "Bunyodkor",
                    11
                ],
                [
                    12,
                    "Paxtakor",
                    12
                ],
                [
                    13,
                    "Mustaqillik Maydoni",
                    13
                ],
                [
                    14,
                    "Amir Temur Xiyoboni",
                    14
                ],
                [
                    15,
                    "Hamid Olimjon",
                    15
                ],
                [
                    16,
                    "Pushkin",
                    16
                ],
                [
                    17,
                    "Buyuk Ipak Yo'li",
                    17
                ]
            ],
            "text_id": 7
        },
        {
            "delays": [
                300,
                600
            ],
            "name": "O'zbekiston",
            "scheme": "ozbekiston",
            "segments": [
                [
                    18,
                    19,
                    120
                ],
                [
                    19,
                    18,
                    120
                ],
                [
                    19,
                    20,
                    120
                ],
                [
                    20,
                    19,
                    120
                ],
                [
                    20,
                    21,
                    60
                ],
                [
                    21,
                    20,
                    60
                ],
                [
                    21,
                    22,
                    120
                ],
                [
                    22,
                    21,
                    120
                ],
                [
                    22,
                    23,
                    60
                ],
                [
                    23,
                    22,
                    60
                ],
                [
                    23,
                    24,
                    120
                ],
                [
                    24,
                    23,
                    120
                ],
                [
                    24,
                    25,
                    120
                ],
                [
                    25,
                    24,
                    120
                ],
                [
                    25,
                    26,
                    120
                ],
                [
                    26,
                    25,
                    120
                ],
                [
                    26,
                    27,
                    120
                ],
                [
                    27,
                    26,
                    120
                ],
                [
                    27,
                    28,
                    120
                ],
                [
                    28,
                    27,
                    120
                ]
            ],
            "stations": [
                [
                    18,
                    "Beruniy",
                    18
                ],
                [
                    19,
                    "Tinchlik",
                    19
                ],
                [
                    20,
                    "Chorsu",
                    20
                ],
                [
                    21,
                    "G'afur G'ulom",
                    21
                ],
                [
                    22,
                    "Alisher Navoiy",
                    22
                ],
                [
                    23,
                    "O'zbekiston",
                    23
                ],
                [
                    24,
                    "Kosmonavtlar",
                    24
                ],
                [
                    25,
                    "Oybek",
                    25
                ],
                [
                    26,
                    "Toshkent",
                    26
                ],
                [
                    27,
                    "Mashinasozlar",
                    27
                ],
                [
                    28,
                    "Do'stlik",
                    28
                ]
            ],
            "text_id": 23
        },
        {
            "delays": [
                300,
                600
            ],
            "name": "Yunusobod",
            "scheme": "yunusobod",
            "segments": [
                [
                    29,
                    30,
                    120
                ],
                [
                    30,
                    29,
                    120
                ],
                [
                    30,
                    31,
                    120
                ],
                [
                    31,
                    30,
                    120
                ],
                [
                    31,
                    32,
                    120
                ],
                [
                    32,
                    31,
                    120
                ],
                [
                    32,
                    33,
                    120
                ],
                [
                    33,
                    32,
                    120
                ],
                [
                    33,
                    34,
                    120
                ],
                [
                    34,
                    33,
                    120
                ],
                [
                    34,
                    35,
                    120
                ],
                [
                    35,
                    34,
                    120
                ],
                [
                    35,
                    36,
                    120
                ],
                [
                    36,
                    35,
                    120
                ]
            ],
            "stations": [
                [
                    29,
                    "Ming O'rik",
                    29
                ],
                [
                    30,
                    "Yunus Rajabiy",
                    30
                ],
                [
                    31,
                    "Abdulla Qodiriy",
                    31
                ],
                [
                    32,
                    "Minor",
                    32
                ],
                [
                    33,
                    "Bodomzor",
                    33
                ],
                [
                    34,
                    "Shahriston",
                    34
                ],
                [
                    35,
                    "Yunus-Obod",
                    35
                ],
                [
                    36,
                    "Turkiston",
                    36
                ]
            ],
            "text_id": 37
        },
        {
            "delays": [
                300,
                600
            ],
            "name": "Mustaqilligining",
            "scheme": "",
            "segments": [
                [
                    37,
                    38,
                    120
                ],
                [
                    38,
                    37,
                    120
                ],
                [
                    38,
                    39,
                    120
                ],
                [
                    39,
                    38,
                    120
                ],
                [
                    39,
                    40,
                    120
                ],
                [
                    40,
                    39,
                    120
                ],
                [
                    40,
                    41,
                    120
                ],
                [
                    41,
                    40,
                    120
                ],
                [
                    41,
                    42,
                    120
                ],
                [
                    42,
                    41,
                    120
                ],
                [
                    42,
                    43,
                    120
                ],
                [
                    43,
                    42,
                    120
                ]
            ],
            "stations": [
                [
                    37,
                    "Do'stlik-2",
                    38
                ],
                [
                    38,
                    "Ohongaron",
                    39
                ],
                [
                    39,
                    "Tuzel",
                    40
                ],
                [
                    40,
                    "Iltifot",
                    41
                ],
                [
                    41,
                    "Rohat",
                    42
                ],
                [
                    42,
                    "Yangiobod",
                    43
                ],
                [
                    43,
                    "Qo'yliq",
                    44
                ]
            ],
            "text_id": 45
        }
    ],
    "name": "metro",
    "transfers": [
        [
            12,
            22,
            120,
            true
        ],
        [
            25,
            29,
            120,
            true
        ],
        [
            30,
            14,
            120,
            true
        ],
        [
            28,
            37,
            120,
            true
        ]
    ],
    "type_name": "Метро"
}