{
    "0": "UH-Downtown",
    "1": "Preston",
    "2": "Main Street Square",
    "3": "Bell",
    "4": "Downtown Transit Center",
    "5": "McGowen",
    "6": "Ensemle/HCC",
    "7": "Wheeler",
    "8": "Museum District 1",
    "9": "Museum District 2",
    "10": "Hermann Park/Rice U",
    "11": "Memorial Hermann Hospital/Houston Zoo",
    "12": "Dryden/TMC",
    "13": "TMC Transit Center",
    "14": "Smith Lands",
    "15": "Reliant Park",
    "16": "Fannin South",
    "17": "1",
    "18": "Metro",
    "19": "ROOT",
    "20": "Shema ot 18.12.2006g.\nAvtor: Varlamov Dmitrij (www.chpeks.com)",
    "21": "Imported from http://pmetro.su"
}