{
    "0": "Northline Transit Center/HCC",
    "1": "Melbourne/North Lindale",
    "2": "Lindale Park",
    "3": "Cavalcade",
    "4": "Moody Park",
    "5": "Fulton/North Central",
    "6": "Quitman/Near Northside",
    "7": "Burnett Transit Center/Casa de Amigos",
    "8": "UH-Downtown",
    "9": "Preston",
    "10": "Main Street Square",
    "11": "Bell",
    "12": "Downtown Transit Center",
    "13": "McGowen",
    "14": "Ensemle/HCC",
    "15": "Wheeler",
    "16": "Museum District",
    "17": "Hermann Park/Rice U",
    "18": "Memorial Hermann Hospital/Houston Zoo",
    "19": "Dryden/TMC",
    "20": "TMC Transit Center",
    "21": "Smith Lands",
    "22": "Reliant Park",
    "23": "Fannin South",
    "24": "1",
    "25": "Метро",
    "26": "ROOT",
    "27": "Схема от 18.12.2006г.\nАвтор: Варламов Дмитрий (www.chpeks.com)",
    "28": "Imported from http://pmetro.su"
}