{
    "0": "Baiyappanahalli",
    "1": "Swami Vivekananda Road",
    "2": "Indiranagar",
    "3": "Halasuru",
    "4": "Trinity",
    "5": "Mahatma Gandhi Road",
    "6": "Cubbon Park",
    "7": "Vidhana Soudha",
    "8": "Sir M. Visveshwaraya",
    "9": "Majestic",
    "10": "City Railway Station",
    "11": "Magadi Road",
    "12": "Hosahalli",
    "13": "Vijayanagar",
    "14": "Attiguppe",
    "15": "Deepanjali Nagar",
    "16": "Mysore Road",
    "17": "Purple",
    "18": "Nagasandra",
    "19": "Dasarahalli",
    "20": "Jalahalli",
    "21": "Peenya Industry",
    "22": "Peenya",
    "23": "Yeshwanthpur Industry",
    "24": "Yeshwanthpur",
    "25": "Sandal Soap Factory",
    "26": "Mahalakshmi",
    "27": "Rajajinagar",
    "28": "Kuvempu Road",
    "29": "Srirampura",
    "30": "Sampige Road",
    "31": "Green",
    "32": "Metro",
    "33": "ROOT",
    "34": "Shema ot 24.11.2015g.",
    "35": "Imported from http://pmetro.su"
}