{
    "lines": [
        {
            "delays": [],
            "name": "1",
            "scheme": null,
            "segments": [
                [
                    0,
                    1,
                    120
                ],
                [
                    1,
                    0,
                    120
                ],
                [
                    1,
                    2,
                    120
                ],
                [
                    2,
                    1,
                    120
                ],
                [
                    2,
                    3,
                    120
                ],
                [
                    3,
                    2,
                    120
                ],
                [
                    3,
                    4,
                    120
                ],
                [
                    4,
                    3,
                    120
                ],
                [
                    4,
                    5,
                    120
                ],
                [
                    5,
                    4,
                    120
                ],
                [
                    5,
                    6,
                    120
                ],
                [
                    6,
                    5,
                    120
                ],
                [
                    6,
                    7,
                    120
                ],
                [
                    7,
                    6,
                    120
                ],
                [
                    7,
                    8,
                    120
                ],
                [
                    8,
                    7,
                    120
                ],
                [
                    8,
                    9,
                    120
                ],
                [
                    9,
                    8,
                    120
                ],
                [
                    9,
                    10,
                    120
                ],
                [
                    10,
                    9,
                    120
                ],
                [
                    10,
                    11,
                    120
                ],
                [
                    11,
                    10,
                    120
                ],
                [
                    11,
                    12,
                    120
                ],
                [
                    12,
                    11,
                    120
                ],
                [
                    12,
                    13,
                    120
                ],
                [
                    13,
                    12,
                    120
                ],
                [
                    13,
                    14,
                    120
                ],
                [
                    14,
                    13,
                    120
                ],
                [
                    14,
                    15,
                    120
                ],
                [
                    15,
                    14,
                    120
                ]
            ],
            "stations": [
                [
                    0,
                    "Mama Tingo",
                    0
                ],
                [
                    1,
                    "Gregorio Urbano Gilbert",
                    1
                ],
                [
                    2,
                    "Gregorio Luperon",
                    2
                ],
                [
                    3,
                    "Jose Francisco Pena Gomez",
                    3
                ],
                [
                    4,
                    "Hermanas Mirabal",
                    4
                ],
                [
                    5,
                    "Maximo Gomez",
                    5
                ],
                [
                    6,
                    "Los Tainos",
                    6
                ],
                [
                    7,
                    "Pedro Livio Cedeno",
                    7
                ],
                [
                    8,
                    "Pena Battle",
                    8
                ],
                [
                    9,
                    "Juan Pablo Duarte",
                    9
                ],
                [
                    10,
                    "Prof. Juan Bosch",
                    10
                ],
                [
                    11,
                    "Casandra Damiron",
                    11
                ],
                [
                    12,
                    "Joaquin Balaguer",
                    12
                ],
                [
                    13,
                    "Amin Abel",
                    13
                ],
                [
                    14,
                    "Francisco Alberto Caamano",
                    14
                ],
                [
                    15,
                    "Centro de los Heroes",
                    15
                ]
            ],
            "text_id": 16
        },
        {
            "delays": [],
            "name": "2",
            "scheme": null,
            "segments": [
                [
                    16,
                    17,
                    120
                ],
                [
                    17,
                    16,
                    120
                ],
                [
                    17,
                    18,
                    120
                ],
                [
                    18,
                    17,
                    120
                ],
                [
                    18,
                    19,
                    120
                ],
                [
                    19,
                    18,
                    120
                ],
                [
                    19,
                    20,
                    120
                ],
                [
                    20,
                    19,
                    120
                ],
                [
                    20,
                    21,
                    120
                ],
                [
                    21,
                    20,
                    120
                ],
                [
                    21,
                    22,
                    120
                ],
                [
                    22,
                    21,
                    120
                ],
                [
                    22,
                    23,
                    120
                ],
                [
                    23,
                    22,
                    120
                ],
                [
                    23,
                    24,
                    120
                ],
                [
                    24,
                    23,
                    120
                ],
                [
                    24,
                    25,
                    120
                ],
                [
                    25,
                    24,
                    120
                ],
                [
                    25,
                    26,
                    120
                ],
                [
                    26,
                    25,
                    120
                ],
                [
                    26,
                    27,
                    120
                ],
                [
                    27,
                    26,
                    120
                ],
                [
                    27,
                    28,
                    120
                ],
                [
                    28,
                    27,
                    120
                ],
                [
                    28,
                    29,
                    120
                ],
                [
                    29,
                    28,
                    120
                ],
                [
                    29,
                    30,
                    120
                ],
                [
                    30,
                    29,
                    120
                ],
                [
                    30,
                    31,
                    120
                ],
                [
                    31,
                    30,
                    120
                ],
                [
                    31,
                    32,
                    120
                ],
                [
                    32,
                    31,
                    120
                ],
                [
                    32,
                    33,
                    120
                ],
                [
                    33,
                    32,
                    120
                ]
            ],
            "stations": [
                [
                    16,
                    "Maria Montez",
                    17
                ],
                [
                    17,
                    "Pedro F. Bono",
                    18
                ],
                [
                    18,
                    "Francisco G. Billini",
                    19
                ],
                [
                    19,
                    "Ulises F. Espaillat",
                    20
                ],
                [
                    20,
                    "Pedro Mir",
                    21
                ],
                [
                    21,
                    "Freddy Beras Goico",
                    22
                ],
                [
                    22,
                    "Juan Ulises Garcia",
                    23
                ],
                [
                    23,
                    "Juan Pablo Duarte",
                    9
                ],
                [
                    24,
                    "Coronel Rafael Tomas Fernandez",
                    24
                ],
                [
                    25,
                    "Mauricio Baez",
                    25
                ],
                [
                    26,
                    "Ramon Caceres",
                    26
                ],
                [
                    27,
                    "Horacio Vasquez",
                    27
                ],
                [
                    28,
                    "Manuel de Jesus Abreu Galvan",
                    28
                ],
                [
                    29,
                    "Eduardo Brito",
                    29
                ],
                [
                    30,
                    "Ercilia Pepin",
                    30
                ],
                [
                    31,
                    "Rosa Duarte",
                    31
                ],
                [
                    32,
                    "Trina de Moya Vasquez",
                    32
                ],
                [
                    33,
                    "Concepcion Bona",
                    33
                ]
            ],
            "text_id": 34
        }
    ],
    "name": "metro",
    "transfers": [
        [
            9,
            23,
            120,
            true
        ]
    ],
    "type_name": "Метро"
}