{
    "lines": [
        {
            "delays": [],
            "name": "Purple",
            "scheme": null,
            "segments": [
                [
                    0,
                    1,
                    120
                ],
                [
                    1,
                    0,
                    120
                ],
                [
                    1,
                    2,
                    120
                ],
                [
                    2,
                    1,
                    120
                ],
                [
                    2,
                    3,
                    120
                ],
                [
                    3,
                    2,
                    120
                ],
                [
                    3,
                    4,
                    120
                ],
                [
                    4,
                    3,
                    120
                ],
                [
                    4,
                    5,
                    120
                ],
                [
                    5,
                    4,
                    120
                ],
                [
                    5,
                    6,
                    0
                ],
                [
                    6,
                    5,
                    120
                ],
                [
                    6,
                    7,
                    120
                ],
                [
                    7,
                    6,
                    120
                ],
                [
                    7,
                    8,
                    null
                ],
                [
                    8,
                    7,
                    null
                ],
                [
                    8,
                    9,
                    0
                ],
                [
                    9,
                    8,
                    0
                ],
                [
                    9,
                    10,
                    0
                ],
                [
                    10,
                    9,
                    0
                ],
                [
                    10,
                    11,
                    0
                ],
                [
                    11,
                    10,
                    0
                ],
                [
                    11,
                    12,
                    120
                ],
                [
                    12,
                    11,
                    120
                ],
                [
                    12,
                    13,
                    120
                ],
                [
                    13,
                    12,
                    120
                ],
                [
                    13,
                    14,
                    120
                ],
                [
                    14,
                    13,
                    120
                ],
                [
                    14,
                    15,
                    120
                ],
                [
                    15,
                    14,
                    120
                ],
                [
                    15,
                    16,
                    120
                ],
                [
                    16,
                    15,
                    120
                ]
            ],
            "stations": [
                [
                    0,
                    "Baiyappanahalli",
                    0
                ],
                [
                    1,
                    "Swami Vivekananda Road",
                    1
                ],
                [
                    2,
                    "Indiranagar",
                    2
                ],
                [
                    3,
                    "Halasuru",
                    3
                ],
                [
                    4,
                    "Trinity",
                    4
                ],
                [
                    5,
                    "Mahatma Gandhi Road",
                    5
                ],
                [
                    6,
                    "Cubbon Park",
                    6
                ],
                [
                    7,
                    "Vidhana Soudha",
                    7
                ],
                [
                    8,
                    "Sir M. Visveshwaraya",
                    8
                ],
                [
                    9,
                    "Majestic",
                    9
                ],
                [
                    10,
                    "City Railway Station",
                    10
                ],
                [
                    11,
                    "Magadi Road",
                    11
                ],
                [
                    12,
                    "Hosahalli",
                    12
                ],
                [
                    13,
                    "Vijayanagar",
                    13
                ],
                [
                    14,
                    "Attiguppe",
                    14
                ],
                [
                    15,
                    "Deepanjali Nagar",
                    15
                ],
                [
                    16,
                    "Mysore Road",
                    16
                ]
            ],
            "text_id": 17
        },
        {
            "delays": [],
            "name": "Green",
            "scheme": null,
            "segments": [
                [
                    17,
                    18,
                    120
                ],
                [
                    18,
                    17,
                    120
                ],
                [
                    18,
                    19,
                    120
                ],
                [
                    19,
                    18,
                    120
                ],
                [
                    19,
                    20,
                    120
                ],
                [
                    20,
                    19,
                    120
                ],
                [
                    20,
                    21,
                    120
                ],
                [
                    21,
                    20,
                    120
                ],
                [
                    21,
                    22,
                    120
                ],
                [
                    22,
                    21,
                    120
                ],
                [
                    22,
                    23,
                    120
                ],
                [
                    23,
                    22,
                    120
                ],
                [
                    23,
                    24,
                    120
                ],
                [
                    24,
                    23,
                    120
                ],
                [
                    24,
                    25,
                    120
                ],
                [
                    25,
                    24,
                    120
                ],
                [
                    25,
                    26,
                    120
                ],
                [
                    26,
                    25,
                    120
                ],
                [
                    26,
                    27,
                    120
                ],
                [
                    27,
                    26,
                    120
                ],
                [
                    27,
                    28,
                    120
                ],
                [
                    28,
                    27,
                    120
                ],
                [
                    28,
                    29,
                    120
                ],
                [
                    29,
                    28,
                    120
                ]
            ],
            "stations": [
                [
                    17,
                    "Nagasandra",
                    18
                ],
                [
                    18,
                    "Dasarahalli",
                    19
                ],
                [
                    19,
                    "Jalahalli",
                    20
                ],
                [
                    20,
                    "Peenya Industry",
                    21
                ],
                [
                    21,
                    "Peenya",
                    22
                ],
                [
                    22,
                    "Yeshwanthpur Industry",
                    23
                ],
                [
                    23,
                    "Yeshwanthpur",
                    24
                ],
                [
                    24,
                    "Sandal Soap Factory",
                    25
                ],
                [
                    25,
                    "Mahalakshmi",
                    26
                ],
                [
                    26,
                    "Rajajinagar",
                    27
                ],
                [
                    27,
                    "Kuvempu Road",
                    28
                ],
                [
                    28,
                    "Srirampura",
                    29
                ],
                [
                    29,
                    "Sampige Road",
                    30
                ]
            ],
            "text_id": 31
        }
    ],
    "name": "metro",
    "transfers": [],
    "type_name": "Метро"
}