{
    "0": "Taipei Nangang Exhibition Center",
    "1": "Nangang Software Park",
    "2": "Donghu",
    "3": "Huzhou",
    "4": "Dahu Park",
    "5": "Neihu",
    "6": "Wende",
    "7": "Gangqian",
    "8": "Xihu",
    "9": "Jiannan Road",
    "10": "Dazhi",
    "11": "Songshan Airport",
    "12": "Zhongshan Junior High School",
    "13": "Nanjing East Road",
    "14": "Zhongxiao Fuxing",
    "15": "Daan",
    "16": "Technology Building",
    "17": "Liuzhangli",
    "18": "Linguang",
    "19": "Xinhai",
    "20": "Wanfang Hospital",
    "21": "Wanfang Community",
    "22": "Muzha",
    "23": "Taipei Zoo",
    "24": "Wenhu",
    "25": "Tamsui",
    "26": "Hongshulin",
    "27": "Zhuwei",
    "28": "Guandu",
    "29": "Zhongyi",
    "30": "Fuxinggang",
    "31": "Beitou",
    "32": "Qiyan",
    "33": "Qilian",
    "34": "Shipai",
    "35": "Mingde",
    "36": "Zhishan",
    "37": "Shilin",
    "38": "Jiantan",
    "39": "Yuanshan",
    "40": "Minquan W. Rd.",
    "41": "Shuanglian",
    "42": "Zhongshan",
    "43": "Taipei Main Station",
    "44": "NTU Hospital",
    "45": "Chiang Kai-Shek Memorial Hall",
    "46": "Dongmen",
    "47": "Daan Park",
    "48": "Xinyi Technology",
    "49": "WTC Building",
    "50": "Xiangshan",
    "51": "Tamsui-Xinyi",
    "52": "Sogshan",
    "53": "Nanjing Sanmin",
    "54": "Taipei Arena",
    "55": "Songjiang Nanjing",
    "56": "Beimen",
    "57": "Ximen",
    "58": "Xiaonanmen",
    "59": "Guting",
    "60": "Taipower Building",
    "61": "Gongguan",
    "62": "Wanlong",
    "63": "Jingmei",
    "64": "Dapinglin",
    "65": "Qizhang",
    "66": "Xindian District Office",
    "67": "Xindian",
    "68": "Songshan-Xindian",
    "69": "Huilong",
    "70": "Danfeng",
    "71": "FJU",
    "72": "Xinzhuang",
    "73": "Touqianzhuang",
    "74": "Xianse Temple",
    "75": "Sanchong",
    "76": "Cailiao",
    "77": "Taipei Bridge",
    "78": "Luzhou",
    "79": "Sanmin Senior High School",
    "80": "St. Ignatius High School",
    "81": "Sanhe Junior High School",
    "82": "Sanchong Elementary School",
    "83": "Daqiaotou",
    "84": "Minquan West Road",
    "85": "Zhongshan Elementary School",
    "86": "Xingtian Temple",
    "87": "Zhongxiao Xinsheng",
    "88": "Dingxi",
    "89": "Yongan Market",
    "90": "Jingan",
    "91": "Nanshijiao",
    "92": "Zhonghe-Xinlu",
    "93": "Nangang",
    "94": "Kunyang",
    "95": "Houshanpi",
    "96": "Yongchun",
    "97": "Taipei City Hall",
    "98": "Sun Yat-Sen Memorial Hall",
    "99": "Zhongxiao Dunhua",
    "100": "Shandao Temple",
    "101": "Longshan Temple",
    "102": "Jiangzicui",
    "103": "Xinpu",
    "104": "Banqiao",
    "105": "Fuzhong",
    "106": "Far Eastern Hospital",
    "107": "Haishan",
    "108": "Tucheng",
    "109": "Yongning",
    "110": "Dingpu",
    "111": "Bannan",
    "112": "Xinbeitou",
    "113": "Beitou-Xinbeitou",
    "114": "Xiaobitan",
    "115": "Qizhang-Xiaobitan",
    "116": "Метро",
    "117": "ROOT",
    "118": "Схема от 17.11.2015г.\nАвтор: Варламов Дмитрий (www.chpeks.com)",
    "119": "Imported from http://pmetro.su"
}