{
    "lines": [
        {
            "delays": [],
            "name": "Green line",
            "scheme": null,
            "segments": [
                [
                    0,
                    1,
                    0
                ],
                [
                    1,
                    0,
                    0
                ],
                [
                    1,
                    2,
                    120
                ],
                [
                    2,
                    1,
                    120
                ],
                [
                    2,
                    3,
                    120
                ],
                [
                    3,
                    2,
                    120
                ],
                [
                    3,
                    4,
                    120
                ],
                [
                    4,
                    3,
                    120
                ],
                [
                    4,
                    5,
                    120
                ],
                [
                    5,
                    4,
                    120
                ],
                [
                    5,
                    6,
                    120
                ],
                [
                    6,
                    5,
                    120
                ],
                [
                    6,
                    7,
                    120
                ],
                [
                    7,
                    6,
                    120
                ]
            ],
            "stations": [
                [
                    0,
                    "St. Thomas Mount",
                    0
                ],
                [
                    1,
                    "Alandur",
                    1
                ],
                [
                    2,
                    "Ekkattuthangal",
                    2
                ],
                [
                    3,
                    "Ashok Nagar",
                    3
                ],
                [
                    4,
                    "Vadapazhani",
                    4
                ],
                [
                    5,
                    "Arumbakkam",
                    5
                ],
                [
                    6,
                    "CMBT",
                    6
                ],
                [
                    7,
                    "Koyambedu",
                    7
                ]
            ],
            "text_id": 8
        },
        {
            "delays": [],
            "name": "Railway",
            "scheme": null,
            "segments": [
                [
                    8,
                    9,
                    120
                ],
                [
                    9,
                    8,
                    120
                ],
                [
                    9,
                    10,
                    120
                ],
                [
                    10,
                    9,
                    120
                ],
                [
                    10,
                    11,
                    120
                ],
                [
                    11,
                    10,
                    120
                ],
                [
                    11,
                    12,
                    120
                ],
                [
                    12,
                    11,
                    120
                ],
                [
                    12,
                    13,
                    120
                ],
                [
                    13,
                    12,
                    120
                ],
                [
                    13,
                    14,
                    120
                ],
                [
                    14,
                    13,
                    120
                ],
                [
                    14,
                    15,
                    120
                ],
                [
                    15,
                    14,
                    120
                ],
                [
                    15,
                    16,
                    120
                ],
                [
                    16,
                    15,
                    120
                ],
                [
                    16,
                    17,
                    120
                ],
                [
                    17,
                    16,
                    120
                ],
                [
                    17,
                    18,
                    120
                ],
                [
                    18,
                    17,
                    120
                ],
                [
                    18,
                    19,
                    120
                ],
                [
                    19,
                    18,
                    120
                ],
                [
                    19,
                    20,
                    120
                ],
                [
                    20,
                    19,
                    120
                ],
                [
                    20,
                    21,
                    120
                ],
                [
                    21,
                    20,
                    120
                ],
                [
                    21,
                    22,
                    120
                ],
                [
                    22,
                    21,
                    120
                ],
                [
                    22,
                    23,
                    120
                ],
                [
                    23,
                    22,
                    120
                ],
                [
                    23,
                    24,
                    120
                ],
                [
                    24,
                    23,
                    120
                ]
            ],
            "stations": [
                [
                    8,
                    "Chennai Beach",
                    9
                ],
                [
                    9,
                    "Fort",
                    10
                ],
                [
                    10,
                    "Park Town",
                    11
                ],
                [
                    11,
                    "Chintadripet",
                    12
                ],
                [
                    12,
                    "Chepauk",
                    13
                ],
                [
                    13,
                    "Tiruvellikeni",
                    14
                ],
                [
                    14,
                    "Light House",
                    15
                ],
                [
                    15,
                    "Tirumailai",
                    16
                ],
                [
                    16,
                    "Mandaveli",
                    17
                ],
                [
                    17,
                    "Greenways Rd",
                    18
                ],
                [
                    18,
                    "Kotturpuram",
                    19
                ],
                [
                    19,
                    "Kasturba Nagar",
                    20
                ],
                [
                    20,
                    "Indira Nagar",
                    21
                ],
                [
                    21,
                    "Tiruvanmiyur",
                    22
                ],
                [
                    22,
                    "Taramani",
                    23
                ],
                [
                    23,
                    "Perungudi",
                    24
                ],
                [
                    24,
                    "Velachery",
                    25
                ]
            ],
            "text_id": 26
        }
    ],
    "name": "metro",
    "transfers": [],
    "type_name": "Метро"
}