{
    "default_transports": [
        "metro"
    ],
    "height": 1245,
    "images": [
        "res/schemes/railways_chygyev.svg"
    ],
    "is_vector": true,
    "lines": [
        {
            "labels_bg_color": "-1",
            "labels_color": "000000",
            "line_color": "CC3300",
            "line_width": 9,
            "name": "Холодногорско-Заводская",
            "segments": [
                [
                    11,
                    12,
                    [
                        [
                            827,
                            295
                        ],
                        [
                            900,
                            295
                        ]
                    ],
                    true
                ]
            ],
            "stations": [
                {
                    "coord": null,
                    "is_working": true,
                    "name": "Холодная Гора",
                    "rect": null,
                    "text_id": 0,
                    "uid": 0
                },
                {
                    "coord": [
                        357,
                        45
                    ],
                    "is_working": true,
                    "name": "Южный Вокзал",
                    "rect": [
                        377,
                        40,
                        100,
                        20
                    ],
                    "text_id": 1,
                    "uid": 1
                },
                {
                    "coord": null,
                    "is_working": true,
                    "name": "Центральный рынок",
                    "rect": null,
                    "text_id": 2,
                    "uid": 2
                },
                {
                    "coord": null,
                    "is_working": true,
                    "name": "Площадь Конституции",
                    "rect": null,
                    "text_id": 3,
                    "uid": 3
                },
                {
                    "coord": [
                        780,
                        105
                    ],
                    "is_working": true,
                    "name": "Проспект Гагарина",
                    "rect": [
                        805,
                        100,
                        100,
                        20
                    ],
                    "text_id": 4,
                    "uid": 4
                },
                {
                    "coord": null,
                    "is_working": true,
                    "name": "Спортивная",
                    "rect": null,
                    "text_id": 5,
                    "uid": 5
                },
                {
                    "coord": null,
                    "is_working": true,
                    "name": "Завод им. Малышева",
                    "rect": null,
                    "text_id": 6,
                    "uid": 6
                },
                {
                    "coord": null,
                    "is_working": true,
                    "name": "Турбоатом",
                    "rect": null,
                    "text_id": 7,
                    "uid": 7
                },
                {
                    "coord": null,
                    "is_working": true,
                    "name": "Дворец спорта",
                    "rect": null,
                    "text_id": 8,
                    "uid": 8
                },
                {
                    "coord": null,
                    "is_working": true,
                    "name": "Армейская",
                    "rect": null,
                    "text_id": 9,
                    "uid": 9
                },
                {
                    "coord": null,
                    "is_working": true,
                    "name": "Им. А.С.Масельского",
                    "rect": null,
                    "text_id": 10,
                    "uid": 10
                },
                {
                    "coord": [
                        900,
                        295
                    ],
                    "is_working": true,
                    "name": "Тракторный Завод",
                    "rect": [
                        930,
                        290,
                        100,
                        20
                    ],
                    "text_id": 11,
                    "uid": 11
                },
                {
                    "coord": [
                        827,
                        295
                    ],
                    "is_working": true,
                    "name": "Индустриальная",
                    "rect": [
                        800,
                        265,
                        100,
                        20
                    ],
                    "text_id": 12,
                    "uid": 12
                },
                {
                    "coord": null,
                    "is_working": false,
                    "name": "Восточная",
                    "rect": null,
                    "text_id": 13,
                    "uid": 13
                },
                {
                    "coord": null,
                    "is_working": false,
                    "name": "Роганская",
                    "rect": null,
                    "text_id": 14,
                    "uid": 14
                },
                {
                    "coord": null,
                    "is_working": false,
                    "name": "Южная",
                    "rect": null,
                    "text_id": 15,
                    "uid": 15
                }
            ],
            "text_id": 16
        },
        {
            "labels_bg_color": "-1",
            "labels_color": "000000",
            "line_color": "000077",
            "line_width": 9,
            "name": "Салтовская",
            "segments": [],
            "stations": [
                {
                    "coord": null,
                    "is_working": false,
                    "name": "Октябрьская",
                    "rect": null,
                    "text_id": 17,
                    "uid": 16
                },
                {
                    "coord": null,
                    "is_working": false,
                    "name": "Пл. Урицкого",
                    "rect": null,
                    "text_id": 18,
                    "uid": 17
                },
                {
                    "coord": null,
                    "is_working": true,
                    "name": "Исторический музей",
                    "rect": null,
                    "text_id": 19,
                    "uid": 18
                },
                {
                    "coord": null,
                    "is_working": true,
                    "name": "Университет",
                    "rect": null,
                    "text_id": 20,
                    "uid": 19
                },
                {
                    "coord": null,
                    "is_working": true,
                    "name": "Пушкинская",
                    "rect": null,
                    "text_id": 21,
                    "uid": 20
                },
                {
                    "coord": null,
                    "is_working": true,
                    "name": "Киевская",
                    "rect": null,
                    "text_id": 22,
                    "uid": 21
                },
                {
                    "coord": null,
                    "is_working": true,
                    "name": "Академика Барабашова",
                    "rect": null,
                    "text_id": 23,
                    "uid": 22
                },
                {
                    "coord": null,
                    "is_working": true,
                    "name": "Академика Павлова",
                    "rect": null,
                    "text_id": 24,
                    "uid": 23
                },
                {
                    "coord": null,
                    "is_working": true,
                    "name": "Студенческая",
                    "rect": null,
                    "text_id": 25,
                    "uid": 24
                },
                {
                    "coord": null,
                    "is_working": true,
                    "name": "Героев Труда",
                    "rect": null,
                    "text_id": 26,
                    "uid": 25
                },
                {
                    "coord": null,
                    "is_working": false,
                    "name": "Дружбы Народов",
                    "rect": null,
                    "text_id": 27,
                    "uid": 26
                }
            ],
            "text_id": 28
        },
        {
            "labels_bg_color": "-1",
            "labels_color": "000000",
            "line_color": "229922",
            "line_width": 9,
            "name": "Алексеевская",
            "segments": [],
            "stations": [
                {
                    "coord": null,
                    "is_working": true,
                    "name": "Метростроителей",
                    "rect": null,
                    "text_id": 29,
                    "uid": 27
                },
                {
                    "coord": null,
                    "is_working": true,
                    "name": "Защитников Украины",
                    "rect": null,
                    "text_id": 30,
                    "uid": 28
                },
                {
                    "coord": null,
                    "is_working": true,
                    "name": "Архитектора Бекетова",
                    "rect": null,
                    "text_id": 31,
                    "uid": 29
                },
                {
                    "coord": null,
                    "is_working": true,
                    "name": "Госпром",
                    "rect": null,
                    "text_id": 32,
                    "uid": 30
                },
                {
                    "coord": null,
                    "is_working": true,
                    "name": "Научная",
                    "rect": null,
                    "text_id": 33,
                    "uid": 31
                },
                {
                    "coord": null,
                    "is_working": true,
                    "name": "Ботанический Сад",
                    "rect": null,
                    "text_id": 34,
                    "uid": 32
                },
                {
                    "coord": null,
                    "is_working": true,
                    "name": "23-го Августа",
                    "rect": null,
                    "text_id": 35,
                    "uid": 33
                },
                {
                    "coord": null,
                    "is_working": true,
                    "name": "Алексеевская",
                    "rect": null,
                    "text_id": 36,
                    "uid": 34
                },
                {
                    "coord": null,
                    "is_working": true,
                    "name": "Победа",
                    "rect": null,
                    "text_id": 37,
                    "uid": 35
                }
            ],
            "text_id": 36
        },
        {
            "labels_bg_color": "-1",
            "labels_color": "000000",
            "line_color": "AC24AC",
            "line_width": 9,
            "name": "Чугуевская электричка",
            "segments": [
                [
                    225,
                    226,
                    [
                        [
                            337,
                            75
                        ],
                        [
                            337,
                            45
                        ]
                    ],
                    true
                ],
                [
                    226,
                    227,
                    [
                        [
                            337,
                            105
                        ],
                        [
                            337,
                            75
                        ]
                    ],
                    true
                ],
                [
                    227,
                    228,
                    [
                        [
                            337,
                            135
                        ],
                        [
                            337,
                            105
                        ]
                    ],
                    true
                ],
                [
                    227,
                    260,
                    [
                        [
                            449,
                            105
                        ],
                        [
                            337,
                            105
                        ]
                    ],
                    true
                ],
                [
                    228,
                    229,
                    [
                        [
                            337,
                            165
                        ],
                        [
                            337,
                            135
                        ]
                    ],
                    true
                ],
                [
                    229,
                    230,
                    [
                        [
                            337,
                            195
                        ],
                        [
                            337,
                            165
                        ]
                    ],
                    true
                ],
                [
                    230,
                    231,
                    [
                        [
                            337,
                            225
                        ],
                        [
                            337,
                            195
                        ]
                    ],
                    true
                ],
                [
                    231,
                    232,
                    [
                        [
                            337,
                            273
                        ],
                        [
                            337,
                            225
                        ]
                    ],
                    true
                ],
                [
                    232,
                    233,
                    [
                        [
                            337,
                            315
                        ],
                        [
                            337,
                            273
                        ]
                    ],
                    true
                ],
                [
                    233,
                    234,
                    [
                        [
                            337,
                            345
                        ],
                        [
                            337,
                            315
                        ]
                    ],
                    true
                ],
                [
                    233,
                    263,
                    [
                        [
                            481,
                            315
                        ],
                        [
                            337,
                            315
                        ]
                    ],
                    true
                ],
                [
                    234,
                    235,
                    [
                        [
                            337,
                            375
                        ],
                        [
                            337,
                            345
                        ]
                    ],
                    true
                ],
                [
                    235,
                    236,
                    [
                        [
                            337,
                            405
                        ],
                        [
                            337,
                            375
                        ]
                    ],
                    true
                ],
                [
                    236,
                    237,
                    [
                        [
                            337,
                            435
                        ],
                        [
                            337,
                            405
                        ]
                    ],
                    true
                ],
                [
                    237,
                    238,
                    [
                        [
                            337,
                            465
                        ],
                        [
                            337,
                            435
                        ]
                    ],
                    true
                ],
                [
                    238,
                    239,
                    [
                        [
                            337,
                            495
                        ],
                        [
                            337,
                            465
                        ]
                    ],
                    true
                ],
                [
                    239,
                    240,
                    [
                        [
                            337,
                            525
                        ],
                        [
                            337,
                            495
                        ]
                    ],
                    true
                ],
                [
                    240,
                    241,
                    [
                        [
                            337,
                            555
                        ],
                        [
                            337,
                            525
                        ]
                    ],
                    true
                ],
                [
                    241,
                    242,
                    [
                        [
                            337,
                            585
                        ],
                        [
                            337,
                            555
                        ]
                    ],
                    true
                ],
                [
                    242,
                    243,
                    [
                        [
                            337,
                            615
                        ],
                        [
                            337,
                            585
                        ]
                    ],
                    true
                ],
                [
                    243,
                    244,
                    [
                        [
                            337,
                            645
                        ],
                        [
                            337,
                            615
                        ]
                    ],
                    true
                ],
                [
                    244,
                    245,
                    [
                        [
                            337,
                            675
                        ],
                        [
                            337,
                            645
                        ]
                    ],
                    true
                ],
                [
                    245,
                    246,
                    [
                        [
                            337,
                            705
                        ],
                        [
                            337,
                            675
                        ]
                    ],
                    true
                ],
                [
                    246,
                    247,
                    [
                        [
                            337,
                            735
                        ],
                        [
                            337,
                            705
                        ]
                    ],
                    true
                ],
                [
                    247,
                    248,
                    [
                        [
                            337,
                            765
                        ],
                        [
                            337,
                            735
                        ]
                    ],
                    true
                ],
                [
                    248,
                    249,
                    [
                        [
                            337,
                            795
                        ],
                        [
                            337,
                            765
                        ]
                    ],
                    true
                ],
                [
                    249,
                    250,
                    [
                        [
                            337,
                            825
                        ],
                        [
                            337,
                            795
                        ]
                    ],
                    true
                ],
                [
                    250,
                    251,
                    [
                        [
                            337,
                            855
                        ],
                        [
                            337,
                            825
                        ]
                    ],
                    true
                ],
                [
                    251,
                    252,
                    [
                        [
                            337,
                            885
                        ],
                        [
                            337,
                            855
                        ]
                    ],
                    true
                ],
                [
                    252,
                    253,
                    [
                        [
                            337,
                            915
                        ],
                        [
                            337,
                            885
                        ]
                    ],
                    true
                ],
                [
                    253,
                    254,
                    [
                        [
                            337,
                            945
                        ],
                        [
                            337,
                            915
                        ]
                    ],
                    true
                ],
                [
                    254,
                    255,
                    [
                        [
                            337,
                            975
                        ],
                        [
                            337,
                            945
                        ]
                    ],
                    true
                ],
                [
                    255,
                    256,
                    [
                        [
                            337,
                            1005
                        ],
                        [
                            337,
                            975
                        ]
                    ],
                    true
                ],
                [
                    256,
                    257,
                    [
                        [
                            337,
                            1035
                        ],
                        [
                            337,
                            1005
                        ]
                    ],
                    true
                ],
                [
                    257,
                    258,
                    [
                        [
                            337,
                            1065
                        ],
                        [
                            337,
                            1035
                        ]
                    ],
                    true
                ],
                [
                    258,
                    259,
                    [
                        [
                            337,
                            1095
                        ],
                        [
                            337,
                            1065
                        ]
                    ],
                    true
                ],
                [
                    260,
                    261,
                    [
                        [
                            622,
                            105
                        ],
                        [
                            449,
                            105
                        ]
                    ],
                    true
                ],
                [
                    261,
                    262,
                    [
                        [
                            760,
                            105
                        ],
                        [
                            622,
                            105
                        ]
                    ],
                    true
                ],
                [
                    263,
                    264,
                    [
                        [
                            585,
                            315
                        ],
                        [
                            481,
                            315
                        ]
                    ],
                    true
                ],
                [
                    264,
                    265,
                    [
                        [
                            670,
                            315
                        ],
                        [
                            585,
                            315
                        ]
                    ],
                    true
                ],
                [
                    265,
                    266,
                    [
                        [
                            751,
                            315
                        ],
                        [
                            670,
                            315
                        ]
                    ],
                    true
                ],
                [
                    266,
                    267,
                    [
                        [
                            827,
                            315
                        ],
                        [
                            751,
                            315
                        ]
                    ],
                    true
                ],
                [
                    267,
                    268,
                    [
                        [
                            900,
                            315
                        ],
                        [
                            827,
                            315
                        ]
                    ],
                    true
                ]
            ],
            "stations": [
                {
                    "coord": [
                        337,
                        45
                    ],
                    "is_working": true,
                    "name": "Харьков-Пассажирский",
                    "rect": [
                        212,
                        35,
                        100,
                        20
                    ],
                    "text_id": 38,
                    "uid": 225
                },
                {
                    "coord": [
                        337,
                        75
                    ],
                    "is_working": true,
                    "name": "Новоселовка",
                    "rect": [
                        212,
                        64,
                        100,
                        20
                    ],
                    "text_id": 64,
                    "uid": 226
                },
                {
                    "coord": [
                        337,
                        105
                    ],
                    "is_working": true,
                    "name": "Основа",
                    "rect": [
                        212,
                        94,
                        100,
                        20
                    ],
                    "text_id": 65,
                    "uid": 227
                },
                {
                    "coord": [
                        337,
                        135
                    ],
                    "is_working": true,
                    "name": "Предузловая",
                    "rect": [
                        214,
                        125,
                        100,
                        20
                    ],
                    "text_id": 66,
                    "uid": 228
                },
                {
                    "coord": [
                        337,
                        165
                    ],
                    "is_working": true,
                    "name": "Безлюдовка",
                    "rect": [
                        361,
                        160,
                        100,
                        20
                    ],
                    "text_id": 67,
                    "uid": 229
                },
                {
                    "coord": [
                        337,
                        195
                    ],
                    "is_working": true,
                    "name": "оп. 3 км",
                    "rect": [
                        361,
                        190,
                        100,
                        20
                    ],
                    "text_id": 224,
                    "uid": 230
                },
                {
                    "coord": [
                        337,
                        225
                    ],
                    "is_working": true,
                    "name": "оп. 5 км",
                    "rect": [
                        361,
                        218,
                        100,
                        20
                    ],
                    "text_id": 225,
                    "uid": 231
                },
                {
                    "coord": [
                        337,
                        273
                    ],
                    "is_working": true,
                    "name": "Терновая",
                    "rect": [
                        361,
                        262,
                        100,
                        20
                    ],
                    "text_id": 226,
                    "uid": 232
                },
                {
                    "coord": [
                        337,
                        315
                    ],
                    "is_working": true,
                    "name": "оп. Зеленый колодец",
                    "rect": [
                        212,
                        306,
                        100,
                        20
                    ],
                    "text_id": 227,
                    "uid": 233
                },
                {
                    "coord": [
                        337,
                        345
                    ],
                    "is_working": true,
                    "name": "Мохнач",
                    "rect": [
                        212,
                        335,
                        100,
                        20
                    ],
                    "text_id": 228,
                    "uid": 234
                },
                {
                    "coord": [
                        337,
                        375
                    ],
                    "is_working": true,
                    "name": "оп. 41 км",
                    "rect": [
                        361,
                        368,
                        100,
                        20
                    ],
                    "text_id": 229,
                    "uid": 235
                },
                {
                    "coord": [
                        337,
                        405
                    ],
                    "is_working": true,
                    "name": "оп. Покровка",
                    "rect": [
                        361,
                        400,
                        100,
                        20
                    ],
                    "text_id": 230,
                    "uid": 236
                },
                {
                    "coord": [
                        337,
                        435
                    ],
                    "is_working": true,
                    "name": "Эсхар",
                    "rect": [
                        215,
                        426,
                        100,
                        20
                    ],
                    "text_id": 231,
                    "uid": 237
                },
                {
                    "coord": [
                        337,
                        465
                    ],
                    "is_working": true,
                    "name": "оп. Дачи",
                    "rect": [
                        360,
                        457,
                        100,
                        20
                    ],
                    "text_id": 232,
                    "uid": 238
                },
                {
                    "coord": [
                        337,
                        495
                    ],
                    "is_working": true,
                    "name": "Чугуев",
                    "rect": [
                        214,
                        486,
                        100,
                        20
                    ],
                    "text_id": 233,
                    "uid": 239
                },
                {
                    "coord": [
                        337,
                        525
                    ],
                    "is_working": true,
                    "name": "оп. Малиновка",
                    "rect": [
                        359,
                        518,
                        100,
                        20
                    ],
                    "text_id": 234,
                    "uid": 240
                },
                {
                    "coord": [
                        337,
                        555
                    ],
                    "is_working": true,
                    "name": "Коробочкино",
                    "rect": [
                        361,
                        550,
                        100,
                        20
                    ],
                    "text_id": 235,
                    "uid": 241
                },
                {
                    "coord": [
                        337,
                        585
                    ],
                    "is_working": true,
                    "name": "оп. Ковыльный",
                    "rect": [
                        361,
                        580,
                        100,
                        20
                    ],
                    "text_id": 236,
                    "uid": 242
                },
                {
                    "coord": [
                        337,
                        615
                    ],
                    "is_working": true,
                    "name": "оп. Зеленая роща",
                    "rect": [
                        361,
                        610,
                        100,
                        20
                    ],
                    "text_id": 237,
                    "uid": 243
                },
                {
                    "coord": [
                        337,
                        645
                    ],
                    "is_working": true,
                    "name": "Граково",
                    "rect": [
                        211,
                        635,
                        100,
                        20
                    ],
                    "text_id": 238,
                    "uid": 244
                },
                {
                    "coord": [
                        337,
                        675
                    ],
                    "is_working": true,
                    "name": "оп. Пролесный",
                    "rect": [
                        361,
                        664,
                        100,
                        20
                    ],
                    "text_id": 239,
                    "uid": 245
                },
                {
                    "coord": [
                        337,
                        705
                    ],
                    "is_working": true,
                    "name": "оп. Бурлуцкий",
                    "rect": [
                        361,
                        700,
                        100,
                        20
                    ],
                    "text_id": 240,
                    "uid": 246
                },
                {
                    "coord": [
                        337,
                        735
                    ],
                    "is_working": true,
                    "name": "оп. 86 км",
                    "rect": [
                        361,
                        730,
                        100,
                        20
                    ],
                    "text_id": 241,
                    "uid": 247
                },
                {
                    "coord": [
                        337,
                        765
                    ],
                    "is_working": true,
                    "name": "Шевченково-Южное",
                    "rect": [
                        361,
                        760,
                        100,
                        20
                    ],
                    "text_id": 242,
                    "uid": 248
                },
                {
                    "coord": [
                        337,
                        795
                    ],
                    "is_working": true,
                    "name": "Первомайское-Южное",
                    "rect": [
                        361,
                        786,
                        100,
                        20
                    ],
                    "text_id": 243,
                    "uid": 249
                },
                {
                    "coord": [
                        337,
                        825
                    ],
                    "is_working": true,
                    "name": "Гроза",
                    "rect": [
                        361,
                        817,
                        100,
                        20
                    ],
                    "text_id": 244,
                    "uid": 250
                },
                {
                    "coord": [
                        337,
                        855
                    ],
                    "is_working": true,
                    "name": "оп. Тишковский",
                    "rect": [
                        361,
                        850,
                        100,
                        20
                    ],
                    "text_id": 245,
                    "uid": 251
                },
                {
                    "coord": [
                        337,
                        885
                    ],
                    "is_working": true,
                    "name": "Староверовка",
                    "rect": [
                        361,
                        877,
                        100,
                        20
                    ],
                    "text_id": 246,
                    "uid": 252
                },
                {
                    "coord": [
                        337,
                        915
                    ],
                    "is_working": true,
                    "name": "оп. Карьер",
                    "rect": [
                        361,
                        910,
                        100,
                        20
                    ],
                    "text_id": 247,
                    "uid": 253
                },
                {
                    "coord": [
                        337,
                        945
                    ],
                    "is_working": true,
                    "name": "оп. Осадьковка",
                    "rect": [
                        361,
                        940,
                        100,
                        20
                    ],
                    "text_id": 248,
                    "uid": 254
                },
                {
                    "coord": [
                        337,
                        975
                    ],
                    "is_working": true,
                    "name": "оп. 127 км",
                    "rect": [
                        361,
                        970,
                        100,
                        20
                    ],
                    "text_id": 249,
                    "uid": 255
                },
                {
                    "coord": [
                        337,
                        1005
                    ],
                    "is_working": true,
                    "name": "Прокоповка",
                    "rect": [
                        360,
                        997,
                        100,
                        20
                    ],
                    "text_id": 250,
                    "uid": 256
                },
                {
                    "coord": [
                        337,
                        1035
                    ],
                    "is_working": true,
                    "name": "оп. 130 км",
                    "rect": [
                        361,
                        1030,
                        100,
                        20
                    ],
                    "text_id": 251,
                    "uid": 257
                },
                {
                    "coord": [
                        337,
                        1065
                    ],
                    "is_working": true,
                    "name": "оп. Осиново",
                    "rect": [
                        361,
                        1060,
                        100,
                        20
                    ],
                    "text_id": 252,
                    "uid": 258
                },
                {
                    "coord": [
                        337,
                        1095
                    ],
                    "is_working": true,
                    "name": "Купянск-Узловой",
                    "rect": [
                        214,
                        1084,
                        100,
                        20
                    ],
                    "text_id": 253,
                    "uid": 259
                },
                {
                    "coord": [
                        449,
                        105
                    ],
                    "is_working": true,
                    "name": "Краснозаводская",
                    "rect": [
                        405,
                        121,
                        100,
                        20
                    ],
                    "text_id": 118,
                    "uid": 260
                },
                {
                    "coord": [
                        622,
                        105
                    ],
                    "is_working": true,
                    "name": "Верещаковка-Левада",
                    "rect": [
                        574,
                        120,
                        100,
                        20
                    ],
                    "text_id": 119,
                    "uid": 261
                },
                {
                    "coord": [
                        760,
                        105
                    ],
                    "is_working": true,
                    "name": "Харьков-Левада",
                    "rect": [
                        713,
                        117,
                        100,
                        20
                    ],
                    "text_id": 120,
                    "uid": 262
                },
                {
                    "coord": [
                        481,
                        315
                    ],
                    "is_working": true,
                    "name": "оп. Рассвет",
                    "rect": [
                        422,
                        331,
                        100,
                        20
                    ],
                    "text_id": 254,
                    "uid": 263
                },
                {
                    "coord": [
                        585,
                        315
                    ],
                    "is_working": true,
                    "name": "Рогань",
                    "rect": [
                        514,
                        276,
                        100,
                        20
                    ],
                    "text_id": 255,
                    "uid": 264
                },
                {
                    "coord": [
                        670,
                        315
                    ],
                    "is_working": true,
                    "name": "оп. Пятихатки",
                    "rect": [
                        616,
                        331,
                        100,
                        20
                    ],
                    "text_id": 256,
                    "uid": 265
                },
                {
                    "coord": [
                        751,
                        315
                    ],
                    "is_working": true,
                    "name": "оп. Обрий",
                    "rect": [
                        678,
                        277,
                        100,
                        20
                    ],
                    "text_id": 257,
                    "uid": 266
                },
                {
                    "coord": [
                        827,
                        315
                    ],
                    "is_working": true,
                    "name": "оп. Лосево-II",
                    "rect": [
                        773,
                        332,
                        100,
                        20
                    ],
                    "text_id": 258,
                    "uid": 267
                },
                {
                    "coord": [
                        900,
                        315
                    ],
                    "is_working": true,
                    "name": "Лосево",
                    "rect": [
                        872,
                        307,
                        100,
                        20
                    ],
                    "text_id": 259,
                    "uid": 268
                }
            ],
            "text_id": 260
        }
    ],
    "lines_width": 9,
    "name": "railways_chygyev",
    "name_text_id": 260,
    "stations_diameter": 19.0,
    "transfers": [
        [
            3,
            18,
            null,
            null
        ],
        [
            19,
            30,
            null,
            null
        ],
        [
            27,
            5,
            null,
            null
        ],
        [
            12,
            267,
            [
                827,
                295
            ],
            [
                827,
                315
            ]
        ],
        [
            4,
            262,
            [
                780,
                105
            ],
            [
                760,
                105
            ]
        ],
        [
            1,
            225,
            [
                357,
                45
            ],
            [
                337,
                45
            ]
        ],
        [
            11,
            268,
            [
                900,
                295
            ],
            [
                900,
                315
            ]
        ]
    ],
    "transports": [
        "metro",
        "railway"
    ],
    "type_name": "Электричка",
    "type_text_id": 364,
    "upper_case": true,
    "width": 1050,
    "word_wrap": false
}