{
    "default_transports": [
        "metro"
    ],
    "height": 915,
    "images": [
        "res/schemes/railways_belgorod.svg"
    ],
    "is_vector": true,
    "lines": [
        {
            "labels_bg_color": "-1",
            "labels_color": "000000",
            "line_color": "CC3300",
            "line_width": 9,
            "name": "Холодногорско-Заводская",
            "segments": [],
            "stations": [
                {
                    "coord": null,
                    "is_working": true,
                    "name": "Холодная Гора",
                    "rect": null,
                    "text_id": 0,
                    "uid": 0
                },
                {
                    "coord": [
                        237,
                        45
                    ],
                    "is_working": true,
                    "name": "Южный Вокзал",
                    "rect": [
                        257,
                        40,
                        100,
                        20
                    ],
                    "text_id": 1,
                    "uid": 1
                },
                {
                    "coord": null,
                    "is_working": true,
                    "name": "Центральный рынок",
                    "rect": null,
                    "text_id": 2,
                    "uid": 2
                },
                {
                    "coord": null,
                    "is_working": true,
                    "name": "Площадь Конституции",
                    "rect": null,
                    "text_id": 3,
                    "uid": 3
                },
                {
                    "coord": null,
                    "is_working": true,
                    "name": "Проспект Гагарина",
                    "rect": null,
                    "text_id": 4,
                    "uid": 4
                },
                {
                    "coord": null,
                    "is_working": true,
                    "name": "Спортивная",
                    "rect": null,
                    "text_id": 5,
                    "uid": 5
                },
                {
                    "coord": null,
                    "is_working": true,
                    "name": "Завод им. Малышева",
                    "rect": null,
                    "text_id": 6,
                    "uid": 6
                },
                {
                    "coord": null,
                    "is_working": true,
                    "name": "Турбоатом",
                    "rect": null,
                    "text_id": 7,
                    "uid": 7
                },
                {
                    "coord": null,
                    "is_working": true,
                    "name": "Дворец спорта",
                    "rect": null,
                    "text_id": 8,
                    "uid": 8
                },
                {
                    "coord": null,
                    "is_working": true,
                    "name": "Армейская",
                    "rect": null,
                    "text_id": 9,
                    "uid": 9
                },
                {
                    "coord": null,
                    "is_working": true,
                    "name": "Им. А.С.Масельского",
                    "rect": null,
                    "text_id": 10,
                    "uid": 10
                },
                {
                    "coord": null,
                    "is_working": true,
                    "name": "Тракторный Завод",
                    "rect": null,
                    "text_id": 11,
                    "uid": 11
                },
                {
                    "coord": null,
                    "is_working": true,
                    "name": "Индустриальная",
                    "rect": null,
                    "text_id": 12,
                    "uid": 12
                },
                {
                    "coord": null,
                    "is_working": false,
                    "name": "Восточная",
                    "rect": null,
                    "text_id": 13,
                    "uid": 13
                },
                {
                    "coord": null,
                    "is_working": false,
                    "name": "Роганская",
                    "rect": null,
                    "text_id": 14,
                    "uid": 14
                },
                {
                    "coord": null,
                    "is_working": false,
                    "name": "Южная",
                    "rect": null,
                    "text_id": 15,
                    "uid": 15
                }
            ],
            "text_id": 16
        },
        {
            "labels_bg_color": "-1",
            "labels_color": "000000",
            "line_color": "000077",
            "line_width": 9,
            "name": "Салтовская",
            "segments": [],
            "stations": [
                {
                    "coord": null,
                    "is_working": false,
                    "name": "Октябрьская",
                    "rect": null,
                    "text_id": 17,
                    "uid": 16
                },
                {
                    "coord": null,
                    "is_working": false,
                    "name": "Пл. Урицкого",
                    "rect": null,
                    "text_id": 18,
                    "uid": 17
                },
                {
                    "coord": null,
                    "is_working": true,
                    "name": "Исторический музей",
                    "rect": null,
                    "text_id": 19,
                    "uid": 18
                },
                {
                    "coord": null,
                    "is_working": true,
                    "name": "Университет",
                    "rect": null,
                    "text_id": 20,
                    "uid": 19
                },
                {
                    "coord": null,
                    "is_working": true,
                    "name": "Пушкинская",
                    "rect": null,
                    "text_id": 21,
                    "uid": 20
                },
                {
                    "coord": null,
                    "is_working": true,
                    "name": "Киевская",
                    "rect": null,
                    "text_id": 22,
                    "uid": 21
                },
                {
                    "coord": null,
                    "is_working": true,
                    "name": "Академика Барабашова",
                    "rect": null,
                    "text_id": 23,
                    "uid": 22
                },
                {
                    "coord": null,
                    "is_working": true,
                    "name": "Академика Павлова",
                    "rect": null,
                    "text_id": 24,
                    "uid": 23
                },
                {
                    "coord": null,
                    "is_working": true,
                    "name": "Студенческая",
                    "rect": null,
                    "text_id": 25,
                    "uid": 24
                },
                {
                    "coord": null,
                    "is_working": true,
                    "name": "Героев Труда",
                    "rect": null,
                    "text_id": 26,
                    "uid": 25
                },
                {
                    "coord": null,
                    "is_working": false,
                    "name": "Дружбы Народов",
                    "rect": null,
                    "text_id": 27,
                    "uid": 26
                }
            ],
            "text_id": 28
        },
        {
            "labels_bg_color": "-1",
            "labels_color": "000000",
            "line_color": "229922",
            "line_width": 9,
            "name": "Алексеевская",
            "segments": [],
            "stations": [
                {
                    "coord": null,
                    "is_working": true,
                    "name": "Метростроителей",
                    "rect": null,
                    "text_id": 29,
                    "uid": 27
                },
                {
                    "coord": null,
                    "is_working": true,
                    "name": "Защитников Украины",
                    "rect": null,
                    "text_id": 30,
                    "uid": 28
                },
                {
                    "coord": null,
                    "is_working": true,
                    "name": "Архитектора Бекетова",
                    "rect": null,
                    "text_id": 31,
                    "uid": 29
                },
                {
                    "coord": null,
                    "is_working": true,
                    "name": "Госпром",
                    "rect": null,
                    "text_id": 32,
                    "uid": 30
                },
                {
                    "coord": null,
                    "is_working": true,
                    "name": "Научная",
                    "rect": null,
                    "text_id": 33,
                    "uid": 31
                },
                {
                    "coord": null,
                    "is_working": true,
                    "name": "Ботанический Сад",
                    "rect": null,
                    "text_id": 34,
                    "uid": 32
                },
                {
                    "coord": null,
                    "is_working": true,
                    "name": "23-го Августа",
                    "rect": null,
                    "text_id": 35,
                    "uid": 33
                },
                {
                    "coord": null,
                    "is_working": true,
                    "name": "Алексеевская",
                    "rect": null,
                    "text_id": 36,
                    "uid": 34
                },
                {
                    "coord": null,
                    "is_working": true,
                    "name": "Победа",
                    "rect": null,
                    "text_id": 37,
                    "uid": 35
                }
            ],
            "text_id": 36
        },
        {
            "labels_bg_color": "-1",
            "labels_color": "000000",
            "line_color": "AC24AC",
            "line_width": 9,
            "name": "Белгородская электричка",
            "segments": [
                [
                    36,
                    37,
                    [
                        [
                            217,
                            75
                        ],
                        [
                            217,
                            45
                        ]
                    ],
                    true
                ],
                [
                    37,
                    38,
                    [
                        [
                            217,
                            105
                        ],
                        [
                            217,
                            75
                        ]
                    ],
                    true
                ],
                [
                    38,
                    39,
                    [
                        [
                            217,
                            135
                        ],
                        [
                            217,
                            105
                        ]
                    ],
                    true
                ],
                [
                    39,
                    40,
                    [
                        [
                            217,
                            165
                        ],
                        [
                            217,
                            135
                        ]
                    ],
                    true
                ],
                [
                    40,
                    41,
                    [
                        [
                            217,
                            195
                        ],
                        [
                            217,
                            165
                        ]
                    ],
                    true
                ],
                [
                    41,
                    42,
                    [
                        [
                            217,
                            225
                        ],
                        [
                            217,
                            195
                        ]
                    ],
                    true
                ],
                [
                    42,
                    43,
                    [
                        [
                            217,
                            255
                        ],
                        [
                            217,
                            225
                        ]
                    ],
                    true
                ],
                [
                    43,
                    44,
                    [
                        [
                            217,
                            285
                        ],
                        [
                            217,
                            255
                        ]
                    ],
                    true
                ],
                [
                    44,
                    45,
                    [
                        [
                            217,
                            315
                        ],
                        [
                            217,
                            285
                        ]
                    ],
                    true
                ],
                [
                    45,
                    46,
                    [
                        [
                            217,
                            345
                        ],
                        [
                            217,
                            315
                        ]
                    ],
                    true
                ],
                [
                    46,
                    47,
                    [
                        [
                            217,
                            375
                        ],
                        [
                            217,
                            345
                        ]
                    ],
                    true
                ],
                [
                    47,
                    48,
                    [
                        [
                            217,
                            405
                        ],
                        [
                            217,
                            375
                        ]
                    ],
                    true
                ],
                [
                    48,
                    49,
                    [
                        [
                            217,
                            435
                        ],
                        [
                            217,
                            405
                        ]
                    ],
                    true
                ],
                [
                    49,
                    50,
                    [
                        [
                            217,
                            465
                        ],
                        [
                            217,
                            435
                        ]
                    ],
                    true
                ],
                [
                    50,
                    51,
                    [
                        [
                            217,
                            495
                        ],
                        [
                            217,
                            465
                        ]
                    ],
                    true
                ],
                [
                    51,
                    52,
                    [
                        [
                            217,
                            525
                        ],
                        [
                            217,
                            495
                        ]
                    ],
                    true
                ],
                [
                    52,
                    53,
                    [
                        [
                            217,
                            555
                        ],
                        [
                            217,
                            525
                        ]
                    ],
                    true
                ],
                [
                    53,
                    54,
                    [
                        [
                            217,
                            585
                        ],
                        [
                            217,
                            555
                        ]
                    ],
                    true
                ],
                [
                    54,
                    55,
                    [
                        [
                            217,
                            615
                        ],
                        [
                            217,
                            585
                        ]
                    ],
                    true
                ],
                [
                    55,
                    56,
                    [
                        [
                            217,
                            645
                        ],
                        [
                            217,
                            615
                        ]
                    ],
                    true
                ],
                [
                    56,
                    57,
                    [
                        [
                            217,
                            675
                        ],
                        [
                            217,
                            645
                        ]
                    ],
                    true
                ],
                [
                    57,
                    58,
                    [
                        [
                            217,
                            705
                        ],
                        [
                            217,
                            675
                        ]
                    ],
                    true
                ],
                [
                    58,
                    59,
                    [
                        [
                            217,
                            735
                        ],
                        [
                            217,
                            705
                        ]
                    ],
                    true
                ],
                [
                    59,
                    60,
                    [
                        [
                            217,
                            765
                        ],
                        [
                            217,
                            735
                        ]
                    ],
                    true
                ]
            ],
            "stations": [
                {
                    "coord": [
                        217,
                        45
                    ],
                    "is_working": true,
                    "name": "Харьков-Пассажирский",
                    "rect": [
                        94,
                        30,
                        100,
                        20
                    ],
                    "text_id": 38,
                    "uid": 36
                },
                {
                    "coord": [
                        217,
                        75
                    ],
                    "is_working": true,
                    "name": "Южный пост",
                    "rect": [
                        241,
                        70,
                        100,
                        20
                    ],
                    "text_id": 39,
                    "uid": 37
                },
                {
                    "coord": [
                        217,
                        105
                    ],
                    "is_working": true,
                    "name": "Северный пост",
                    "rect": [
                        240,
                        100,
                        100,
                        20
                    ],
                    "text_id": 40,
                    "uid": 38
                },
                {
                    "coord": [
                        217,
                        135
                    ],
                    "is_working": true,
                    "name": "пл. Подгородная",
                    "rect": [
                        241,
                        130,
                        100,
                        20
                    ],
                    "text_id": 41,
                    "uid": 39
                },
                {
                    "coord": [
                        217,
                        165
                    ],
                    "is_working": true,
                    "name": "пл. Лозовенька",
                    "rect": [
                        241,
                        160,
                        100,
                        20
                    ],
                    "text_id": 42,
                    "uid": 40
                },
                {
                    "coord": [
                        217,
                        195
                    ],
                    "is_working": true,
                    "name": "оп. Моторная",
                    "rect": [
                        241,
                        190,
                        100,
                        20
                    ],
                    "text_id": 43,
                    "uid": 41
                },
                {
                    "coord": [
                        217,
                        225
                    ],
                    "is_working": true,
                    "name": "Дергачи",
                    "rect": [
                        94,
                        220,
                        100,
                        20
                    ],
                    "text_id": 44,
                    "uid": 42
                },
                {
                    "coord": [
                        217,
                        255
                    ],
                    "is_working": true,
                    "name": "пл. Новые Дергачи",
                    "rect": [
                        242,
                        250,
                        100,
                        20
                    ],
                    "text_id": 45,
                    "uid": 43
                },
                {
                    "coord": [
                        217,
                        285
                    ],
                    "is_working": true,
                    "name": "оп. Безруковка",
                    "rect": [
                        241,
                        280,
                        100,
                        20
                    ],
                    "text_id": 46,
                    "uid": 44
                },
                {
                    "coord": [
                        217,
                        315
                    ],
                    "is_working": true,
                    "name": "Слатино",
                    "rect": [
                        241,
                        310,
                        100,
                        20
                    ],
                    "text_id": 47,
                    "uid": 45
                },
                {
                    "coord": [
                        217,
                        345
                    ],
                    "is_working": true,
                    "name": "оп. Прудянка",
                    "rect": [
                        241,
                        340,
                        100,
                        20
                    ],
                    "text_id": 48,
                    "uid": 46
                },
                {
                    "coord": [
                        217,
                        375
                    ],
                    "is_working": true,
                    "name": "оп. Цуповка",
                    "rect": [
                        241,
                        370,
                        100,
                        20
                    ],
                    "text_id": 49,
                    "uid": 47
                },
                {
                    "coord": [
                        217,
                        405
                    ],
                    "is_working": true,
                    "name": "пл. Новая Казачья",
                    "rect": [
                        241,
                        400,
                        100,
                        20
                    ],
                    "text_id": 50,
                    "uid": 48
                },
                {
                    "coord": [
                        217,
                        435
                    ],
                    "is_working": true,
                    "name": "Казачья Лопань",
                    "rect": [
                        94,
                        430,
                        100,
                        20
                    ],
                    "text_id": 51,
                    "uid": 49
                },
                {
                    "coord": [
                        217,
                        465
                    ],
                    "is_working": true,
                    "name": "пл. Граны",
                    "rect": [
                        241,
                        460,
                        100,
                        20
                    ],
                    "text_id": 52,
                    "uid": 50
                },
                {
                    "coord": [
                        217,
                        495
                    ],
                    "is_working": true,
                    "name": "пл. Красный хутор",
                    "rect": [
                        241,
                        490,
                        100,
                        20
                    ],
                    "text_id": 53,
                    "uid": 51
                },
                {
                    "coord": [
                        217,
                        525
                    ],
                    "is_working": true,
                    "name": "Наумовка",
                    "rect": [
                        94,
                        520,
                        100,
                        20
                    ],
                    "text_id": 54,
                    "uid": 52
                },
                {
                    "coord": [
                        217,
                        555
                    ],
                    "is_working": true,
                    "name": "пл. Дмитротарановка",
                    "rect": [
                        241,
                        550,
                        100,
                        20
                    ],
                    "text_id": 55,
                    "uid": 53
                },
                {
                    "coord": [
                        217,
                        585
                    ],
                    "is_working": true,
                    "name": "Толоконное",
                    "rect": [
                        241,
                        580,
                        100,
                        20
                    ],
                    "text_id": 56,
                    "uid": 54
                },
                {
                    "coord": [
                        217,
                        615
                    ],
                    "is_working": true,
                    "name": "Долбино",
                    "rect": [
                        241,
                        610,
                        100,
                        20
                    ],
                    "text_id": 57,
                    "uid": 55
                },
                {
                    "coord": [
                        217,
                        645
                    ],
                    "is_working": true,
                    "name": "пл. Головино",
                    "rect": [
                        241,
                        640,
                        100,
                        20
                    ],
                    "text_id": 58,
                    "uid": 56
                },
                {
                    "coord": [
                        217,
                        675
                    ],
                    "is_working": true,
                    "name": "пл. Болховец",
                    "rect": [
                        241,
                        670,
                        100,
                        20
                    ],
                    "text_id": 59,
                    "uid": 57
                },
                {
                    "coord": [
                        217,
                        705
                    ],
                    "is_working": true,
                    "name": "пл. 701 км",
                    "rect": [
                        241,
                        700,
                        100,
                        20
                    ],
                    "text_id": 60,
                    "uid": 58
                },
                {
                    "coord": [
                        217,
                        735
                    ],
                    "is_working": true,
                    "name": "оп. Салют",
                    "rect": [
                        241,
                        730,
                        100,
                        20
                    ],
                    "text_id": 61,
                    "uid": 59
                },
                {
                    "coord": [
                        217,
                        765
                    ],
                    "is_working": true,
                    "name": "Белгород",
                    "rect": [
                        94,
                        760,
                        100,
                        20
                    ],
                    "text_id": 62,
                    "uid": 60
                }
            ],
            "text_id": 63
        }
    ],
    "lines_width": 9,
    "name": "railways_belgorod",
    "name_text_id": 63,
    "stations_diameter": 19.0,
    "transfers": [
        [
            3,
            18,
            null,
            null
        ],
        [
            19,
            30,
            null,
            null
        ],
        [
            27,
            5,
            null,
            null
        ],
        [
            1,
            36,
            [
                237,
                45
            ],
            [
                217,
                45
            ]
        ]
    ],
    "transports": [
        "metro",
        "railway"
    ],
    "type_name": "Электричка",
    "type_text_id": 364,
    "upper_case": true,
    "width": 387,
    "word_wrap": false
}