{
    "default_transports": [
        "metro"
    ],
    "height": 705,
    "images": [
        "res/schemes/railways_ljubotin.svg"
    ],
    "is_vector": true,
    "lines": [
        {
            "labels_bg_color": "-1",
            "labels_color": "000000",
            "line_color": "CC3300",
            "line_width": 9,
            "name": "Холодногорско-Заводская",
            "segments": [],
            "stations": [
                {
                    "coord": null,
                    "is_working": true,
                    "name": "Холодная Гора",
                    "rect": null,
                    "text_id": 0,
                    "uid": 0
                },
                {
                    "coord": [
                        237,
                        45
                    ],
                    "is_working": true,
                    "name": "Южный Вокзал",
                    "rect": [
                        257,
                        40,
                        100,
                        20
                    ],
                    "text_id": 1,
                    "uid": 1
                },
                {
                    "coord": null,
                    "is_working": true,
                    "name": "Центральный рынок",
                    "rect": null,
                    "text_id": 2,
                    "uid": 2
                },
                {
                    "coord": null,
                    "is_working": true,
                    "name": "Площадь Конституции",
                    "rect": null,
                    "text_id": 3,
                    "uid": 3
                },
                {
                    "coord": [
                        807,
                        105
                    ],
                    "is_working": true,
                    "name": "Проспект Гагарина",
                    "rect": [
                        736,
                        75,
                        100,
                        20
                    ],
                    "text_id": 4,
                    "uid": 4
                },
                {
                    "coord": null,
                    "is_working": true,
                    "name": "Спортивная",
                    "rect": null,
                    "text_id": 5,
                    "uid": 5
                },
                {
                    "coord": null,
                    "is_working": true,
                    "name": "Завод им. Малышева",
                    "rect": null,
                    "text_id": 6,
                    "uid": 6
                },
                {
                    "coord": null,
                    "is_working": true,
                    "name": "Турбоатом",
                    "rect": null,
                    "text_id": 7,
                    "uid": 7
                },
                {
                    "coord": null,
                    "is_working": true,
                    "name": "Дворец спорта",
                    "rect": null,
                    "text_id": 8,
                    "uid": 8
                },
                {
                    "coord": null,
                    "is_working": true,
                    "name": "Армейская",
                    "rect": null,
                    "text_id": 9,
                    "uid": 9
                },
                {
                    "coord": null,
                    "is_working": true,
                    "name": "Им. А.С.Масельского",
                    "rect": null,
                    "text_id": 10,
                    "uid": 10
                },
                {
                    "coord": null,
                    "is_working": true,
                    "name": "Тракторный Завод",
                    "rect": null,
                    "text_id": 11,
                    "uid": 11
                },
                {
                    "coord": null,
                    "is_working": true,
                    "name": "Индустриальная",
                    "rect": null,
                    "text_id": 12,
                    "uid": 12
                },
                {
                    "coord": null,
                    "is_working": false,
                    "name": "Восточная",
                    "rect": null,
                    "text_id": 13,
                    "uid": 13
                },
                {
                    "coord": null,
                    "is_working": false,
                    "name": "Роганская",
                    "rect": null,
                    "text_id": 14,
                    "uid": 14
                },
                {
                    "coord": null,
                    "is_working": false,
                    "name": "Южная",
                    "rect": null,
                    "text_id": 15,
                    "uid": 15
                }
            ],
            "text_id": 16
        },
        {
            "labels_bg_color": "-1",
            "labels_color": "000000",
            "line_color": "000077",
            "line_width": 9,
            "name": "Салтовская",
            "segments": [],
            "stations": [
                {
                    "coord": null,
                    "is_working": false,
                    "name": "Октябрьская",
                    "rect": null,
                    "text_id": 17,
                    "uid": 16
                },
                {
                    "coord": null,
                    "is_working": false,
                    "name": "Пл. Урицкого",
                    "rect": null,
                    "text_id": 18,
                    "uid": 17
                },
                {
                    "coord": null,
                    "is_working": true,
                    "name": "Исторический музей",
                    "rect": null,
                    "text_id": 19,
                    "uid": 18
                },
                {
                    "coord": null,
                    "is_working": true,
                    "name": "Университет",
                    "rect": null,
                    "text_id": 20,
                    "uid": 19
                },
                {
                    "coord": null,
                    "is_working": true,
                    "name": "Пушкинская",
                    "rect": null,
                    "text_id": 21,
                    "uid": 20
                },
                {
                    "coord": null,
                    "is_working": true,
                    "name": "Киевская",
                    "rect": null,
                    "text_id": 22,
                    "uid": 21
                },
                {
                    "coord": null,
                    "is_working": true,
                    "name": "Академика Барабашова",
                    "rect": null,
                    "text_id": 23,
                    "uid": 22
                },
                {
                    "coord": null,
                    "is_working": true,
                    "name": "Академика Павлова",
                    "rect": null,
                    "text_id": 24,
                    "uid": 23
                },
                {
                    "coord": null,
                    "is_working": true,
                    "name": "Студенческая",
                    "rect": null,
                    "text_id": 25,
                    "uid": 24
                },
                {
                    "coord": null,
                    "is_working": true,
                    "name": "Героев Труда",
                    "rect": null,
                    "text_id": 26,
                    "uid": 25
                },
                {
                    "coord": null,
                    "is_working": false,
                    "name": "Дружбы Народов",
                    "rect": null,
                    "text_id": 27,
                    "uid": 26
                }
            ],
            "text_id": 28
        },
        {
            "labels_bg_color": "-1",
            "labels_color": "000000",
            "line_color": "229922",
            "line_width": 9,
            "name": "Алексеевская",
            "segments": [],
            "stations": [
                {
                    "coord": null,
                    "is_working": true,
                    "name": "Метростроителей",
                    "rect": null,
                    "text_id": 29,
                    "uid": 27
                },
                {
                    "coord": null,
                    "is_working": true,
                    "name": "Защитников Украины",
                    "rect": null,
                    "text_id": 30,
                    "uid": 28
                },
                {
                    "coord": null,
                    "is_working": true,
                    "name": "Архитектора Бекетова",
                    "rect": null,
                    "text_id": 31,
                    "uid": 29
                },
                {
                    "coord": null,
                    "is_working": true,
                    "name": "Госпром",
                    "rect": null,
                    "text_id": 32,
                    "uid": 30
                },
                {
                    "coord": null,
                    "is_working": true,
                    "name": "Научная",
                    "rect": null,
                    "text_id": 33,
                    "uid": 31
                },
                {
                    "coord": null,
                    "is_working": true,
                    "name": "Ботанический Сад",
                    "rect": null,
                    "text_id": 34,
                    "uid": 32
                },
                {
                    "coord": null,
                    "is_working": true,
                    "name": "23-го Августа",
                    "rect": null,
                    "text_id": 35,
                    "uid": 33
                },
                {
                    "coord": null,
                    "is_working": true,
                    "name": "Алексеевская",
                    "rect": null,
                    "text_id": 36,
                    "uid": 34
                },
                {
                    "coord": null,
                    "is_working": true,
                    "name": "Победа",
                    "rect": null,
                    "text_id": 37,
                    "uid": 35
                }
            ],
            "text_id": 36
        },
        {
            "labels_bg_color": "-1",
            "labels_color": "000000",
            "line_color": "AC24AC",
            "line_width": 9,
            "name": "Люботинская электричка",
            "segments": [
                [
                    312,
                    313,
                    [
                        [
                            217,
                            75
                        ],
                        [
                            217,
                            45
                        ]
                    ],
                    true
                ],
                [
                    313,
                    314,
                    [
                        [
                            217,
                            105
                        ],
                        [
                            217,
                            75
                        ]
                    ],
                    true
                ],
                [
                    314,
                    315,
                    [
                        [
                            217,
                            135
                        ],
                        [
                            217,
                            105
                        ]
                    ],
                    true
                ],
                [
                    314,
                    330,
                    [
                        [
                            366,
                            105
                        ],
                        [
                            217,
                            105
                        ]
                    ],
                    true
                ],
                [
                    315,
                    316,
                    [
                        [
                            217,
                            165
                        ],
                        [
                            217,
                            135
                        ]
                    ],
                    true
                ],
                [
                    316,
                    317,
                    [
                        [
                            217,
                            195
                        ],
                        [
                            217,
                            165
                        ]
                    ],
                    true
                ],
                [
                    317,
                    318,
                    [
                        [
                            217,
                            225
                        ],
                        [
                            217,
                            195
                        ]
                    ],
                    true
                ],
                [
                    318,
                    319,
                    [
                        [
                            217,
                            255
                        ],
                        [
                            217,
                            225
                        ]
                    ],
                    true
                ],
                [
                    319,
                    320,
                    [
                        [
                            217,
                            285
                        ],
                        [
                            217,
                            255
                        ]
                    ],
                    true
                ],
                [
                    320,
                    321,
                    [
                        [
                            217,
                            315
                        ],
                        [
                            217,
                            285
                        ]
                    ],
                    true
                ],
                [
                    321,
                    322,
                    [
                        [
                            217,
                            345
                        ],
                        [
                            217,
                            315
                        ]
                    ],
                    true
                ],
                [
                    322,
                    323,
                    [
                        [
                            217,
                            375
                        ],
                        [
                            217,
                            345
                        ]
                    ],
                    true
                ],
                [
                    323,
                    324,
                    [
                        [
                            217,
                            405
                        ],
                        [
                            217,
                            375
                        ]
                    ],
                    true
                ],
                [
                    324,
                    325,
                    [
                        [
                            217,
                            435
                        ],
                        [
                            217,
                            405
                        ]
                    ],
                    true
                ],
                [
                    325,
                    326,
                    [
                        [
                            217,
                            465
                        ],
                        [
                            217,
                            435
                        ]
                    ],
                    true
                ],
                [
                    326,
                    327,
                    [
                        [
                            217,
                            495
                        ],
                        [
                            217,
                            465
                        ]
                    ],
                    true
                ],
                [
                    327,
                    328,
                    [
                        [
                            217,
                            525
                        ],
                        [
                            217,
                            495
                        ]
                    ],
                    true
                ],
                [
                    328,
                    329,
                    [
                        [
                            217,
                            555
                        ],
                        [
                            217,
                            525
                        ]
                    ],
                    true
                ],
                [
                    330,
                    331,
                    [
                        [
                            485,
                            105
                        ],
                        [
                            366,
                            105
                        ]
                    ],
                    true
                ],
                [
                    331,
                    332,
                    [
                        [
                            585,
                            105
                        ],
                        [
                            485,
                            105
                        ]
                    ],
                    true
                ],
                [
                    331,
                    335,
                    [
                        [
                            485,
                            190
                        ],
                        [
                            485,
                            105
                        ]
                    ],
                    true
                ],
                [
                    332,
                    333,
                    [
                        [
                            686,
                            105
                        ],
                        [
                            585,
                            105
                        ]
                    ],
                    true
                ],
                [
                    333,
                    334,
                    [
                        [
                            787,
                            105
                        ],
                        [
                            686,
                            105
                        ]
                    ],
                    true
                ],
                [
                    335,
                    336,
                    [
                        [
                            586,
                            190
                        ],
                        [
                            485,
                            190
                        ]
                    ],
                    true
                ],
                [
                    336,
                    337,
                    [
                        [
                            687,
                            190
                        ],
                        [
                            586,
                            190
                        ]
                    ],
                    true
                ]
            ],
            "stations": [
                {
                    "coord": [
                        217,
                        45
                    ],
                    "is_working": true,
                    "name": "Харьков-Пассажирский",
                    "rect": [
                        93,
                        34,
                        100,
                        20
                    ],
                    "text_id": 38,
                    "uid": 312
                },
                {
                    "coord": [
                        217,
                        75
                    ],
                    "is_working": true,
                    "name": "Новоселовка",
                    "rect": [
                        93,
                        64,
                        100,
                        20
                    ],
                    "text_id": 64,
                    "uid": 313
                },
                {
                    "coord": [
                        217,
                        105
                    ],
                    "is_working": true,
                    "name": "Новая Бавария",
                    "rect": [
                        93,
                        96,
                        100,
                        20
                    ],
                    "text_id": 261,
                    "uid": 314
                },
                {
                    "coord": [
                        217,
                        135
                    ],
                    "is_working": true,
                    "name": "оп. Минутка",
                    "rect": [
                        241,
                        130,
                        100,
                        20
                    ],
                    "text_id": 262,
                    "uid": 315
                },
                {
                    "coord": [
                        217,
                        165
                    ],
                    "is_working": true,
                    "name": "оп. Рыжов",
                    "rect": [
                        241,
                        160,
                        100,
                        20
                    ],
                    "text_id": 263,
                    "uid": 316
                },
                {
                    "coord": [
                        217,
                        195
                    ],
                    "is_working": true,
                    "name": "оп. Песочин",
                    "rect": [
                        241,
                        190,
                        100,
                        20
                    ],
                    "text_id": 299,
                    "uid": 317
                },
                {
                    "coord": [
                        217,
                        225
                    ],
                    "is_working": true,
                    "name": "оп. Рай-Еленовка",
                    "rect": [
                        241,
                        218,
                        100,
                        20
                    ],
                    "text_id": 300,
                    "uid": 318
                },
                {
                    "coord": [
                        217,
                        255
                    ],
                    "is_working": true,
                    "name": "оп. Коротич",
                    "rect": [
                        242,
                        250,
                        100,
                        20
                    ],
                    "text_id": 301,
                    "uid": 319
                },
                {
                    "coord": [
                        217,
                        285
                    ],
                    "is_working": true,
                    "name": "оп. 21 км",
                    "rect": [
                        241,
                        280,
                        100,
                        20
                    ],
                    "text_id": 302,
                    "uid": 320
                },
                {
                    "coord": [
                        217,
                        315
                    ],
                    "is_working": true,
                    "name": "Коммунар",
                    "rect": [
                        241,
                        310,
                        100,
                        20
                    ],
                    "text_id": 303,
                    "uid": 321
                },
                {
                    "coord": [
                        217,
                        345
                    ],
                    "is_working": true,
                    "name": "оп. Водяное",
                    "rect": [
                        241,
                        340,
                        100,
                        20
                    ],
                    "text_id": 304,
                    "uid": 322
                },
                {
                    "coord": [
                        217,
                        375
                    ],
                    "is_working": true,
                    "name": "Люботин",
                    "rect": [
                        241,
                        370,
                        100,
                        20
                    ],
                    "text_id": 305,
                    "uid": 323
                },
                {
                    "coord": [
                        217,
                        405
                    ],
                    "is_working": true,
                    "name": "оп. Любовка",
                    "rect": [
                        241,
                        400,
                        100,
                        20
                    ],
                    "text_id": 306,
                    "uid": 324
                },
                {
                    "coord": [
                        217,
                        435
                    ],
                    "is_working": true,
                    "name": "Совнаркомовская",
                    "rect": [
                        93,
                        430,
                        100,
                        20
                    ],
                    "text_id": 307,
                    "uid": 325
                },
                {
                    "coord": [
                        217,
                        465
                    ],
                    "is_working": true,
                    "name": "оп. Манченки",
                    "rect": [
                        241,
                        460,
                        100,
                        20
                    ],
                    "text_id": 308,
                    "uid": 326
                },
                {
                    "coord": [
                        217,
                        495
                    ],
                    "is_working": true,
                    "name": "оп. Ореховая роща",
                    "rect": [
                        241,
                        490,
                        100,
                        20
                    ],
                    "text_id": 309,
                    "uid": 327
                },
                {
                    "coord": [
                        217,
                        525
                    ],
                    "is_working": true,
                    "name": "оп. Просторное",
                    "rect": [
                        241,
                        520,
                        100,
                        20
                    ],
                    "text_id": 310,
                    "uid": 328
                },
                {
                    "coord": [
                        217,
                        555
                    ],
                    "is_working": true,
                    "name": "Мерчик",
                    "rect": [
                        241,
                        550,
                        100,
                        20
                    ],
                    "text_id": 311,
                    "uid": 329
                },
                {
                    "coord": [
                        366,
                        105
                    ],
                    "is_working": true,
                    "name": "Пост 7 км",
                    "rect": [
                        303,
                        63,
                        100,
                        20
                    ],
                    "text_id": 279,
                    "uid": 330
                },
                {
                    "coord": [
                        485,
                        105
                    ],
                    "is_working": true,
                    "name": "оп. Диканевка",
                    "rect": [
                        432,
                        63,
                        100,
                        20
                    ],
                    "text_id": 280,
                    "uid": 331
                },
                {
                    "coord": [
                        585,
                        105
                    ],
                    "is_working": true,
                    "name": "Краснозаводская",
                    "rect": [
                        546,
                        125,
                        100,
                        20
                    ],
                    "text_id": 118,
                    "uid": 332
                },
                {
                    "coord": [
                        686,
                        105
                    ],
                    "is_working": true,
                    "name": "Верещаковка-Левада",
                    "rect": [
                        633,
                        55,
                        100,
                        20
                    ],
                    "text_id": 119,
                    "uid": 333
                },
                {
                    "coord": [
                        787,
                        105
                    ],
                    "is_working": true,
                    "name": "Харьков-Левада",
                    "rect": [
                        736,
                        124,
                        100,
                        20
                    ],
                    "text_id": 120,
                    "uid": 334
                },
                {
                    "coord": [
                        485,
                        190
                    ],
                    "is_working": true,
                    "name": "оп. 8 км",
                    "rect": [
                        422,
                        211,
                        100,
                        20
                    ],
                    "text_id": 281,
                    "uid": 335
                },
                {
                    "coord": [
                        586,
                        190
                    ],
                    "is_working": true,
                    "name": "Верещаковка-Балашовская",
                    "rect": [
                        593,
                        154,
                        100,
                        20
                    ],
                    "text_id": 282,
                    "uid": 336
                },
                {
                    "coord": [
                        687,
                        190
                    ],
                    "is_working": true,
                    "name": "Харьков-Балашовский",
                    "rect": [
                        657,
                        209,
                        100,
                        20
                    ],
                    "text_id": 283,
                    "uid": 337
                }
            ],
            "text_id": 312
        }
    ],
    "lines_width": 9,
    "name": "railways_ljubotin",
    "name_text_id": 312,
    "stations_diameter": 19.0,
    "transfers": [
        [
            3,
            18,
            null,
            null
        ],
        [
            19,
            30,
            null,
            null
        ],
        [
            27,
            5,
            null,
            null
        ],
        [
            4,
            334,
            [
                807,
                105
            ],
            [
                787,
                105
            ]
        ],
        [
            1,
            312,
            [
                237,
                45
            ],
            [
                217,
                45
            ]
        ]
    ],
    "transports": [
        "metro",
        "railway"
    ],
    "type_name": "Электричка",
    "type_text_id": 364,
    "upper_case": true,
    "width": 957,
    "word_wrap": false
}