{
    "lines": [
        {
            "delays": [],
            "name": "1",
            "scheme": null,
            "segments": [
                [
                    0,
                    1,
                    120
                ],
                [
                    1,
                    0,
                    120
                ],
                [
                    1,
                    2,
                    120
                ],
                [
                    2,
                    1,
                    120
                ],
                [
                    2,
                    3,
                    120
                ],
                [
                    3,
                    2,
                    120
                ],
                [
                    3,
                    4,
                    120
                ],
                [
                    4,
                    3,
                    120
                ],
                [
                    4,
                    5,
                    120
                ],
                [
                    5,
                    4,
                    120
                ],
                [
                    5,
                    6,
                    120
                ],
                [
                    6,
                    5,
                    120
                ],
                [
                    6,
                    7,
                    120
                ],
                [
                    7,
                    6,
                    120
                ],
                [
                    7,
                    8,
                    120
                ],
                [
                    8,
                    7,
                    120
                ],
                [
                    8,
                    9,
                    120
                ],
                [
                    9,
                    8,
                    120
                ],
                [
                    9,
                    10,
                    120
                ],
                [
                    10,
                    9,
                    120
                ],
                [
                    10,
                    11,
                    120
                ],
                [
                    11,
                    10,
                    120
                ],
                [
                    11,
                    12,
                    120
                ],
                [
                    12,
                    11,
                    120
                ],
                [
                    12,
                    13,
                    120
                ],
                [
                    13,
                    12,
                    120
                ],
                [
                    13,
                    14,
                    120
                ],
                [
                    14,
                    13,
                    120
                ],
                [
                    14,
                    15,
                    120
                ],
                [
                    15,
                    14,
                    120
                ],
                [
                    15,
                    16,
                    120
                ],
                [
                    16,
                    15,
                    120
                ],
                [
                    16,
                    17,
                    120
                ],
                [
                    17,
                    16,
                    120
                ],
                [
                    17,
                    18,
                    120
                ],
                [
                    18,
                    17,
                    120
                ],
                [
                    18,
                    19,
                    120
                ],
                [
                    19,
                    18,
                    120
                ]
            ],
            "stations": [
                [
                    0,
                    "Gaoqiao West",
                    0
                ],
                [
                    1,
                    "Gaoqiao",
                    1
                ],
                [
                    2,
                    "Liangzhu",
                    2
                ],
                [
                    3,
                    "Lugang",
                    3
                ],
                [
                    4,
                    "Xujiacao Changle",
                    4
                ],
                [
                    5,
                    "Wangchun Bridge",
                    5
                ],
                [
                    6,
                    "Zemin",
                    6
                ],
                [
                    7,
                    "Daqing Bridge",
                    7
                ],
                [
                    8,
                    "Ximenkou",
                    8
                ],
                [
                    9,
                    "Gulou",
                    9
                ],
                [
                    10,
                    "Dongmenkou",
                    10
                ],
                [
                    11,
                    "Jiangxia Bridge East",
                    11
                ],
                [
                    12,
                    "Zhoumeng North Road",
                    12
                ],
                [
                    13,
                    "Sakura Park",
                    13
                ],
                [
                    14,
                    "Fuming Road",
                    14
                ],
                [
                    15,
                    "Shiji Avenue",
                    15
                ],
                [
                    16,
                    "Haiyan North Road",
                    16
                ],
                [
                    17,
                    "Fuqing North Road",
                    17
                ],
                [
                    18,
                    "Shengmo Road",
                    18
                ],
                [
                    19,
                    "Donghuan South Road",
                    19
                ]
            ],
            "text_id": 20
        },
        {
            "delays": [],
            "name": "2",
            "scheme": null,
            "segments": [
                [
                    20,
                    21,
                    120
                ],
                [
                    21,
                    20,
                    120
                ],
                [
                    21,
                    22,
                    120
                ],
                [
                    22,
                    21,
                    120
                ],
                [
                    22,
                    23,
                    120
                ],
                [
                    23,
                    22,
                    120
                ],
                [
                    23,
                    24,
                    120
                ],
                [
                    24,
                    23,
                    120
                ],
                [
                    24,
                    25,
                    120
                ],
                [
                    25,
                    24,
                    120
                ],
                [
                    25,
                    26,
                    120
                ],
                [
                    26,
                    25,
                    120
                ],
                [
                    26,
                    27,
                    120
                ],
                [
                    27,
                    26,
                    120
                ],
                [
                    27,
                    28,
                    120
                ],
                [
                    28,
                    27,
                    120
                ],
                [
                    28,
                    29,
                    120
                ],
                [
                    29,
                    28,
                    120
                ],
                [
                    29,
                    30,
                    120
                ],
                [
                    30,
                    29,
                    120
                ],
                [
                    30,
                    31,
                    120
                ],
                [
                    31,
                    30,
                    120
                ],
                [
                    31,
                    32,
                    120
                ],
                [
                    32,
                    31,
                    120
                ],
                [
                    32,
                    33,
                    120
                ],
                [
                    33,
                    32,
                    120
                ],
                [
                    33,
                    34,
                    120
                ],
                [
                    34,
                    33,
                    120
                ],
                [
                    34,
                    35,
                    120
                ],
                [
                    35,
                    34,
                    120
                ],
                [
                    35,
                    36,
                    120
                ],
                [
                    36,
                    35,
                    120
                ],
                [
                    36,
                    37,
                    120
                ],
                [
                    37,
                    36,
                    120
                ],
                [
                    37,
                    38,
                    120
                ],
                [
                    38,
                    37,
                    120
                ],
                [
                    38,
                    39,
                    120
                ],
                [
                    39,
                    38,
                    120
                ],
                [
                    39,
                    40,
                    120
                ],
                [
                    40,
                    39,
                    120
                ],
                [
                    40,
                    41,
                    120
                ],
                [
                    41,
                    40,
                    120
                ]
            ],
            "stations": [
                [
                    20,
                    "Lishe International Airport",
                    21
                ],
                [
                    21,
                    "Lishe",
                    22
                ],
                [
                    22,
                    "Yinzhou Avenue",
                    23
                ],
                [
                    23,
                    "Shiqi",
                    24
                ],
                [
                    24,
                    "Qingfangcheng",
                    25
                ],
                [
                    25,
                    "Ouchi",
                    26
                ],
                [
                    26,
                    "Coach Terminal",
                    27
                ],
                [
                    27,
                    "Liyuan South Road",
                    28
                ],
                [
                    28,
                    "Yunxia Road",
                    29
                ],
                [
                    29,
                    "Ningbo Railway Station",
                    30
                ],
                [
                    30,
                    "Chenghuangmiao",
                    31
                ],
                [
                    31,
                    "Gulou",
                    9
                ],
                [
                    32,
                    "Waitan Bridge",
                    32
                ],
                [
                    33,
                    "Zhengda Road",
                    33
                ],
                [
                    34,
                    "Nijiayan",
                    34
                ],
                [
                    35,
                    "Yasaiyan",
                    35
                ],
                [
                    36,
                    "Datong Bridge",
                    36
                ],
                [
                    37,
                    "Kongpu",
                    37
                ],
                [
                    38,
                    "Lulin",
                    38
                ],
                [
                    39,
                    "Sanguantang",
                    39
                ],
                [
                    40,
                    "Ningbo University",
                    40
                ],
                [
                    41,
                    "Qingshuipu",
                    41
                ]
            ],
            "text_id": 42
        }
    ],
    "name": "metro",
    "transfers": [
        [
            31,
            9,
            120,
            true
        ]
    ],
    "type_name": "Метро"
}