{
    "default_transports": [
        "metro"
    ],
    "height": 385,
    "images": [
        "res/schemes/saint-louis.svg"
    ],
    "is_vector": true,
    "lines": [
        {
            "labels_bg_color": "-1",
            "labels_color": "af0000",
            "line_color": "cf0000",
            "line_width": 7,
            "name": "1",
            "segments": [
                [
                    0,
                    1,
                    [
                        [
                            855,
                            190
                        ],
                        [
                            890,
                            190
                        ]
                    ],
                    true
                ],
                [
                    1,
                    2,
                    [
                        [
                            820,
                            190
                        ],
                        [
                            855,
                            190
                        ]
                    ],
                    true
                ],
                [
                    2,
                    3,
                    [
                        [
                            795,
                            190
                        ],
                        [
                            820,
                            190
                        ]
                    ],
                    true
                ],
                [
                    3,
                    4,
                    [
                        [
                            760,
                            190
                        ],
                        [
                            795,
                            190
                        ]
                    ],
                    true
                ],
                [
                    4,
                    5,
                    [
                        [
                            730,
                            190
                        ],
                        [
                            760,
                            190
                        ]
                    ],
                    true
                ],
                [
                    5,
                    6,
                    [
                        [
                            705,
                            190
                        ],
                        [
                            730,
                            190
                        ]
                    ],
                    true
                ],
                [
                    6,
                    7,
                    [
                        [
                            670,
                            190
                        ],
                        [
                            705,
                            190
                        ]
                    ],
                    true
                ],
                [
                    7,
                    8,
                    [
                        [
                            645,
                            190
                        ],
                        [
                            670,
                            190
                        ]
                    ],
                    true
                ],
                [
                    8,
                    9,
                    [
                        [
                            615,
                            190
                        ],
                        [
                            645,
                            190
                        ]
                    ],
                    true
                ],
                [
                    9,
                    10,
                    [
                        [
                            585,
                            190
                        ],
                        [
                            615,
                            190
                        ]
                    ],
                    true
                ],
                [
                    10,
                    11,
                    [
                        [
                            525,
                            190
                        ],
                        [
                            585,
                            190
                        ]
                    ],
                    true
                ],
                [
                    11,
                    12,
                    [
                        [
                            495,
                            190
                        ],
                        [
                            525,
                            190
                        ]
                    ],
                    true
                ],
                [
                    12,
                    13,
                    [
                        [
                            465,
                            190
                        ],
                        [
                            495,
                            190
                        ]
                    ],
                    true
                ],
                [
                    13,
                    14,
                    [
                        [
                            440,
                            190
                        ],
                        [
                            465,
                            190
                        ]
                    ],
                    true
                ],
                [
                    14,
                    15,
                    [
                        [
                            410,
                            190
                        ],
                        [
                            440,
                            190
                        ]
                    ],
                    true
                ],
                [
                    15,
                    16,
                    [
                        [
                            380,
                            190
                        ],
                        [
                            410,
                            190
                        ]
                    ],
                    true
                ],
                [
                    16,
                    17,
                    [
                        [
                            355,
                            190
                        ],
                        [
                            380,
                            190
                        ]
                    ],
                    true
                ],
                [
                    17,
                    18,
                    [
                        [
                            325,
                            190
                        ],
                        [
                            355,
                            190
                        ]
                    ],
                    true
                ],
                [
                    18,
                    19,
                    [
                        [
                            290,
                            190
                        ],
                        [
                            325,
                            190
                        ]
                    ],
                    true
                ],
                [
                    19,
                    20,
                    [
                        [
                            260,
                            160
                        ],
                        [
                            290,
                            190
                        ]
                    ],
                    true
                ],
                [
                    20,
                    21,
                    [
                        [
                            230,
                            160
                        ],
                        [
                            260,
                            160
                        ]
                    ],
                    true
                ],
                [
                    21,
                    22,
                    [
                        [
                            205,
                            160
                        ],
                        [
                            230,
                            160
                        ]
                    ],
                    true
                ],
                [
                    22,
                    23,
                    [
                        [
                            175,
                            160
                        ],
                        [
                            205,
                            160
                        ]
                    ],
                    true
                ],
                [
                    23,
                    24,
                    [
                        [
                            145,
                            160
                        ],
                        [
                            175,
                            160
                        ]
                    ],
                    true
                ],
                [
                    24,
                    25,
                    [
                        [
                            115,
                            160
                        ],
                        [
                            145,
                            160
                        ]
                    ],
                    true
                ],
                [
                    25,
                    26,
                    [
                        [
                            85,
                            160
                        ],
                        [
                            115,
                            160
                        ]
                    ],
                    true
                ],
                [
                    26,
                    27,
                    [
                        [
                            60,
                            160
                        ],
                        [
                            85,
                            160
                        ]
                    ],
                    true
                ]
            ],
            "stations": [
                {
                    "coord": [
                        890,
                        190
                    ],
                    "is_working": true,
                    "name": "Shiloh-Scott",
                    "rect": [
                        884,
                        117,
                        15,
                        61
                    ],
                    "text_id": 0,
                    "uid": 0
                },
                {
                    "coord": [
                        855,
                        190
                    ],
                    "is_working": true,
                    "name": "College",
                    "rect": [
                        849,
                        138,
                        15,
                        40
                    ],
                    "text_id": 1,
                    "uid": 1
                },
                {
                    "coord": [
                        820,
                        190
                    ],
                    "is_working": true,
                    "name": "Belleville",
                    "rect": [
                        814,
                        129,
                        15,
                        49
                    ],
                    "text_id": 2,
                    "uid": 2
                },
                {
                    "coord": [
                        795,
                        190
                    ],
                    "is_working": true,
                    "name": "Swansea",
                    "rect": [
                        786,
                        132,
                        15,
                        47
                    ],
                    "text_id": 3,
                    "uid": 3
                },
                {
                    "coord": [
                        760,
                        190
                    ],
                    "is_working": true,
                    "name": "Memorial Hospital",
                    "rect": [
                        752,
                        87,
                        15,
                        92
                    ],
                    "text_id": 4,
                    "uid": 4
                },
                {
                    "coord": [
                        730,
                        190
                    ],
                    "is_working": true,
                    "name": "Fairview Heights",
                    "rect": [
                        724,
                        93,
                        15,
                        85
                    ],
                    "text_id": 5,
                    "uid": 5
                },
                {
                    "coord": [
                        705,
                        190
                    ],
                    "is_working": true,
                    "name": "Washington Park",
                    "rect": [
                        698,
                        93,
                        15,
                        86
                    ],
                    "text_id": 6,
                    "uid": 6
                },
                {
                    "coord": [
                        670,
                        190
                    ],
                    "is_working": true,
                    "name": "Jackie Joyner-Kersee Center",
                    "rect": [
                        663,
                        32,
                        15,
                        147
                    ],
                    "text_id": 7,
                    "uid": 7
                },
                {
                    "coord": [
                        645,
                        190
                    ],
                    "is_working": true,
                    "name": "Emerson Park",
                    "rect": [
                        635,
                        106,
                        15,
                        72
                    ],
                    "text_id": 8,
                    "uid": 8
                },
                {
                    "coord": [
                        615,
                        190
                    ],
                    "is_working": true,
                    "name": "5th & Missouri",
                    "rect": [
                        607,
                        104,
                        15,
                        74
                    ],
                    "text_id": 9,
                    "uid": 9
                },
                {
                    "coord": [
                        585,
                        190
                    ],
                    "is_working": true,
                    "name": "East Riverfront",
                    "rect": [
                        579,
                        103,
                        15,
                        76
                    ],
                    "text_id": 10,
                    "uid": 10
                },
                {
                    "coord": [
                        525,
                        190
                    ],
                    "is_working": true,
                    "name": "Arch-Laclede’s Landing",
                    "rect": [
                        519,
                        60,
                        15,
                        119
                    ],
                    "text_id": 11,
                    "uid": 11
                },
                {
                    "coord": [
                        495,
                        190
                    ],
                    "is_working": true,
                    "name": "Convention Center",
                    "rect": [
                        486,
                        86,
                        15,
                        94
                    ],
                    "text_id": 12,
                    "uid": 12
                },
                {
                    "coord": [
                        465,
                        190
                    ],
                    "is_working": true,
                    "name": "8th & Pine",
                    "rect": [
                        458,
                        126,
                        15,
                        53
                    ],
                    "text_id": 13,
                    "uid": 13
                },
                {
                    "coord": [
                        440,
                        190
                    ],
                    "is_working": true,
                    "name": "Stadium",
                    "rect": [
                        432,
                        136,
                        15,
                        42
                    ],
                    "text_id": 14,
                    "uid": 14
                },
                {
                    "coord": [
                        410,
                        190
                    ],
                    "is_working": true,
                    "name": "Civic Center",
                    "rect": [
                        402,
                        115,
                        15,
                        64
                    ],
                    "text_id": 15,
                    "uid": 15
                },
                {
                    "coord": [
                        380,
                        190
                    ],
                    "is_working": true,
                    "name": "Union Station",
                    "rect": [
                        373,
                        110,
                        15,
                        68
                    ],
                    "text_id": 16,
                    "uid": 16
                },
                {
                    "coord": [
                        355,
                        190
                    ],
                    "is_working": true,
                    "name": "Grand",
                    "rect": [
                        346,
                        147,
                        15,
                        32
                    ],
                    "text_id": 17,
                    "uid": 17
                },
                {
                    "coord": [
                        325,
                        190
                    ],
                    "is_working": true,
                    "name": "Central West End",
                    "rect": [
                        315,
                        91,
                        15,
                        88
                    ],
                    "text_id": 18,
                    "uid": 18
                },
                {
                    "coord": [
                        290,
                        190
                    ],
                    "is_working": true,
                    "name": "Forest Park-DeBaliviere",
                    "rect": [
                        285,
                        52,
                        15,
                        121
                    ],
                    "text_id": 19,
                    "uid": 19
                },
                {
                    "coord": [
                        260,
                        160
                    ],
                    "is_working": true,
                    "name": "Delmar Loop",
                    "rect": [
                        253,
                        85,
                        15,
                        65
                    ],
                    "text_id": 20,
                    "uid": 20
                },
                {
                    "coord": [
                        230,
                        160
                    ],
                    "is_working": true,
                    "name": "Wellston",
                    "rect": [
                        222,
                        103,
                        15,
                        45
                    ],
                    "text_id": 21,
                    "uid": 21
                },
                {
                    "coord": [
                        205,
                        160
                    ],
                    "is_working": true,
                    "name": "Rock Road",
                    "rect": [
                        196,
                        91,
                        15,
                        57
                    ],
                    "text_id": 22,
                    "uid": 22
                },
                {
                    "coord": [
                        175,
                        160
                    ],
                    "is_working": true,
                    "name": "UM-St. Louis South",
                    "rect": [
                        167,
                        53,
                        15,
                        96
                    ],
                    "text_id": 23,
                    "uid": 23
                },
                {
                    "coord": [
                        145,
                        160
                    ],
                    "is_working": true,
                    "name": "UM-St. Louis North",
                    "rect": [
                        137,
                        54,
                        15,
                        95
                    ],
                    "text_id": 24,
                    "uid": 24
                },
                {
                    "coord": [
                        115,
                        160
                    ],
                    "is_working": true,
                    "name": "North Hanley",
                    "rect": [
                        108,
                        82,
                        15,
                        67
                    ],
                    "text_id": 25,
                    "uid": 25
                },
                {
                    "coord": [
                        85,
                        160
                    ],
                    "is_working": true,
                    "name": "Lambert Airport East",
                    "rect": [
                        79,
                        45,
                        15,
                        104
                    ],
                    "text_id": 26,
                    "uid": 26
                },
                {
                    "coord": [
                        60,
                        160
                    ],
                    "is_working": true,
                    "name": "Lambert Airport Main",
                    "rect": [
                        53,
                        43,
                        15,
                        106
                    ],
                    "text_id": 27,
                    "uid": 27
                }
            ],
            "text_id": 28
        },
        {
            "labels_bg_color": "-1",
            "labels_color": "0000af",
            "line_color": "0000cf",
            "line_width": 7,
            "name": "2",
            "segments": [
                [
                    28,
                    29,
                    [
                        [
                            615,
                            205
                        ],
                        [
                            645,
                            205
                        ]
                    ],
                    true
                ],
                [
                    29,
                    30,
                    [
                        [
                            585,
                            205
                        ],
                        [
                            615,
                            205
                        ]
                    ],
                    true
                ],
                [
                    30,
                    31,
                    [
                        [
                            525,
                            205
                        ],
                        [
                            585,
                            205
                        ]
                    ],
                    true
                ],
                [
                    31,
                    32,
                    [
                        [
                            495,
                            205
                        ],
                        [
                            525,
                            205
                        ]
                    ],
                    true
                ],
                [
                    32,
                    33,
                    [
                        [
                            465,
                            205
                        ],
                        [
                            495,
                            205
                        ]
                    ],
                    true
                ],
                [
                    33,
                    34,
                    [
                        [
                            440,
                            205
                        ],
                        [
                            465,
                            205
                        ]
                    ],
                    true
                ],
                [
                    34,
                    35,
                    [
                        [
                            410,
                            205
                        ],
                        [
                            440,
                            205
                        ]
                    ],
                    true
                ],
                [
                    35,
                    36,
                    [
                        [
                            380,
                            205
                        ],
                        [
                            410,
                            205
                        ]
                    ],
                    true
                ],
                [
                    36,
                    37,
                    [
                        [
                            355,
                            205
                        ],
                        [
                            380,
                            205
                        ]
                    ],
                    true
                ],
                [
                    37,
                    38,
                    [
                        [
                            325,
                            205
                        ],
                        [
                            355,
                            205
                        ]
                    ],
                    true
                ],
                [
                    38,
                    39,
                    [
                        [
                            290,
                            205
                        ],
                        [
                            325,
                            205
                        ]
                    ],
                    true
                ],
                [
                    39,
                    40,
                    [
                        [
                            260,
                            235
                        ],
                        [
                            290,
                            205
                        ]
                    ],
                    true
                ],
                [
                    40,
                    41,
                    [
                        [
                            230,
                            235
                        ],
                        [
                            260,
                            235
                        ]
                    ],
                    true
                ],
                [
                    41,
                    42,
                    [
                        [
                            200,
                            235
                        ],
                        [
                            230,
                            235
                        ]
                    ],
                    true
                ],
                [
                    42,
                    43,
                    [
                        [
                            175,
                            235
                        ],
                        [
                            200,
                            235
                        ]
                    ],
                    true
                ],
                [
                    43,
                    44,
                    [
                        [
                            145,
                            235
                        ],
                        [
                            175,
                            235
                        ]
                    ],
                    true
                ],
                [
                    44,
                    45,
                    [
                        [
                            115,
                            235
                        ],
                        [
                            145,
                            235
                        ]
                    ],
                    true
                ],
                [
                    45,
                    46,
                    [
                        [
                            85,
                            235
                        ],
                        [
                            115,
                            235
                        ]
                    ],
                    true
                ],
                [
                    46,
                    47,
                    [
                        [
                            60,
                            235
                        ],
                        [
                            85,
                            235
                        ]
                    ],
                    true
                ],
                [
                    47,
                    48,
                    [
                        [
                            30,
                            235
                        ],
                        [
                            60,
                            235
                        ]
                    ],
                    true
                ]
            ],
            "stations": [
                {
                    "coord": [
                        645,
                        205
                    ],
                    "is_working": true,
                    "name": "Emerson Park",
                    "rect": null,
                    "text_id": 8,
                    "uid": 28
                },
                {
                    "coord": [
                        615,
                        205
                    ],
                    "is_working": true,
                    "name": "5th & Missouri",
                    "rect": null,
                    "text_id": 9,
                    "uid": 29
                },
                {
                    "coord": [
                        585,
                        205
                    ],
                    "is_working": true,
                    "name": "East Riverfront",
                    "rect": null,
                    "text_id": 10,
                    "uid": 30
                },
                {
                    "coord": [
                        525,
                        205
                    ],
                    "is_working": true,
                    "name": "Arch-Laclede’s Landing",
                    "rect": null,
                    "text_id": 11,
                    "uid": 31
                },
                {
                    "coord": [
                        495,
                        205
                    ],
                    "is_working": true,
                    "name": "Convention Center",
                    "rect": null,
                    "text_id": 12,
                    "uid": 32
                },
                {
                    "coord": [
                        465,
                        205
                    ],
                    "is_working": true,
                    "name": "8th & Pine",
                    "rect": null,
                    "text_id": 13,
                    "uid": 33
                },
                {
                    "coord": [
                        440,
                        205
                    ],
                    "is_working": true,
                    "name": "Stadium",
                    "rect": null,
                    "text_id": 14,
                    "uid": 34
                },
                {
                    "coord": [
                        410,
                        205
                    ],
                    "is_working": true,
                    "name": "Civic Center",
                    "rect": null,
                    "text_id": 15,
                    "uid": 35
                },
                {
                    "coord": [
                        380,
                        205
                    ],
                    "is_working": true,
                    "name": "Union Station",
                    "rect": null,
                    "text_id": 16,
                    "uid": 36
                },
                {
                    "coord": [
                        355,
                        205
                    ],
                    "is_working": true,
                    "name": "Grand",
                    "rect": null,
                    "text_id": 17,
                    "uid": 37
                },
                {
                    "coord": [
                        325,
                        205
                    ],
                    "is_working": true,
                    "name": "Central West End",
                    "rect": null,
                    "text_id": 18,
                    "uid": 38
                },
                {
                    "coord": [
                        290,
                        205
                    ],
                    "is_working": true,
                    "name": "Forest Park-DeBaliviere",
                    "rect": null,
                    "text_id": 19,
                    "uid": 39
                },
                {
                    "coord": [
                        260,
                        235
                    ],
                    "is_working": true,
                    "name": "Skinker",
                    "rect": [
                        254,
                        247,
                        15,
                        40
                    ],
                    "text_id": 29,
                    "uid": 40
                },
                {
                    "coord": [
                        230,
                        235
                    ],
                    "is_working": true,
                    "name": "University City-Big Bend",
                    "rect": [
                        224,
                        246,
                        15,
                        125
                    ],
                    "text_id": 30,
                    "uid": 41
                },
                {
                    "coord": [
                        200,
                        235
                    ],
                    "is_working": true,
                    "name": "Forsyth",
                    "rect": [
                        193,
                        247,
                        15,
                        39
                    ],
                    "text_id": 31,
                    "uid": 42
                },
                {
                    "coord": [
                        175,
                        235
                    ],
                    "is_working": true,
                    "name": "Clayton",
                    "rect": [
                        166,
                        247,
                        15,
                        40
                    ],
                    "text_id": 32,
                    "uid": 43
                },
                {
                    "coord": [
                        145,
                        235
                    ],
                    "is_working": true,
                    "name": "Richmond Heights",
                    "rect": [
                        138,
                        247,
                        15,
                        93
                    ],
                    "text_id": 33,
                    "uid": 44
                },
                {
                    "coord": [
                        115,
                        235
                    ],
                    "is_working": true,
                    "name": "Brentwood I-64",
                    "rect": [
                        108,
                        247,
                        15,
                        76
                    ],
                    "text_id": 34,
                    "uid": 45
                },
                {
                    "coord": [
                        85,
                        235
                    ],
                    "is_working": true,
                    "name": "Maplewood-Manchester",
                    "rect": [
                        77,
                        247,
                        15,
                        119
                    ],
                    "text_id": 35,
                    "uid": 46
                },
                {
                    "coord": [
                        60,
                        235
                    ],
                    "is_working": true,
                    "name": "Sunnen",
                    "rect": [
                        52,
                        247,
                        15,
                        39
                    ],
                    "text_id": 36,
                    "uid": 47
                },
                {
                    "coord": [
                        30,
                        235
                    ],
                    "is_working": true,
                    "name": "Shrewsbury",
                    "rect": [
                        24,
                        247,
                        15,
                        61
                    ],
                    "text_id": 37,
                    "uid": 48
                }
            ],
            "text_id": 38
        }
    ],
    "lines_width": 7,
    "name": "metro",
    "name_text_id": 39,
    "stations_diameter": 13.0,
    "transfers": [
        [
            19,
            39,
            [
                290,
                190
            ],
            [
                290,
                205
            ]
        ]
    ],
    "transports": [
        "metro"
    ],
    "type_name": "ROOT",
    "type_text_id": 40,
    "upper_case": false,
    "width": 1040,
    "word_wrap": false
}