{
    "0": "Dusseldorf Hauptbahnhof",
    "1": "Oststrasse",
    "2": "Steinstrasse/Konigsallee",
    "3": "Heinrich-Heine-Allee",
    "4": "Tonhalle/Ehrenhof",
    "5": "Luegplatz",
    "6": "Belsenplatz",
    "7": "Lorick",
    "8": "\"Meerbusch-Buderich, Landsknecht\"",
    "9": "Haus Meer",
    "10": "Bovert",
    "11": "Hoterheide",
    "12": "Krefeld-Grundend",
    "13": "Fischeln",
    "14": "Diessem",
    "15": "Krefeld Hauptbahnhof",
    "16": "\"Krefeld, Rheinstrasse\"",
    "17": "U70",
    "18": "Holthausen",
    "19": "Elbruchstrasse",
    "20": "Ickerswarder Strasse",
    "21": "Opladener Strasse",
    "22": "Werstener Dorfstrasse",
    "23": "Provinzialplatz",
    "24": "Kaiserslauterner Strasse",
    "25": "D-Oberbilk/Philipshalle",
    "26": "Ellerstrasse",
    "27": "Oberbilker Markt/Warschauer Strasse",
    "28": "Barbarossaplatz",
    "29": "Rheinbahnhaus",
    "30": "Heerdter Sandberg",
    "31": "Prinzenallee",
    "32": "Lohweg",
    "33": "Loricker Strasse",
    "34": "Forsthaus",
    "35": "Kamperweg",
    "36": "Meerbusch-Gorgesheide",
    "37": "U74",
    "38": "\"Eller, Vennhauser Allee\"",
    "39": "Alt Eller",
    "40": "D-Eller Mitte",
    "41": "Jagerstrasse",
    "42": "Am Hackenbruch",
    "43": "Schlesische Strasse",
    "44": "Lierenfeld Betriebshof",
    "45": "Ronsdorfer Strasse",
    "46": "Kettwiger Strasse",
    "47": "Moskauer Strasse",
    "48": "Drususstrasse",
    "49": "Dominikus-Krankenhaus",
    "50": "Nikolaus-Knopp-Platz",
    "51": "Heesenstrasse",
    "52": "Aldekerkstrasse",
    "53": "Handweiser",
    "54": "D-Vogesenstrasse",
    "55": "Neuss-Am Kaiser",
    "56": "Blucherstrasse",
    "57": "Neuss Hauptbahnhof",
    "58": "U75",
    "59": "Konigshof",
    "60": "U76",
    "61": "Am Seestern",
    "62": "U77",
    "63": "Nordstrasse",
    "64": "Victoriaplatz/Klever Strasse",
    "65": "Kennedydamm",
    "66": "Golzheimer Platz",
    "67": "Theodor-Heuss-Brucke",
    "68": "Reeser Platz",
    "69": "Nordpark/Aquazoo",
    "70": "Messe Ost/Stockumer Kirchstrasse",
    "71": "Freiligrathplatz",
    "72": "Morikestrasse",
    "73": "Sportpark Nord/Europaplatz",
    "74": "Arena/Messe Nord",
    "75": "U78",
    "76": "Flughafenstrasse",
    "77": "Alte Landstrasse",
    "78": "Kittelbachstrasse",
    "79": "Klemensplatz",
    "80": "Kalkumer Schlossallee",
    "81": "Am Muhlenacker",
    "82": "Wittlaer",
    "83": "Froschenteich",
    "84": "Duisburg-Kesselsberg",
    "85": "St. Anna-Krankenhaus",
    "86": "Muhlenkamp",
    "87": "Sittardsberg",
    "88": "Munchener Strasse",
    "89": "Neuer Friedhof",
    "90": "Im Schlenk",
    "91": "Kulturstrasse",
    "92": "Grunewald Betriebshof",
    "93": "Grunewald",
    "94": "Karl-Jarres-Strasse",
    "95": "Kremerstrasse",
    "96": "Musfeldstrasse",
    "97": "Platanenhof",
    "98": "Steinsche Gasse",
    "99": "Konig-Heinrich-Platz",
    "100": "Duisburg Hauptbahnhof",
    "101": "Duissern",
    "102": "Auf dem Damm",
    "103": "Duisburg-Meiderich Bahnhof",
    "104": "U79",
    "105": "Электричка",
    "106": "ROOT",
    "107": "Схема от 29.08.2007г.\nАвтор: Варламов Дмитрий (www.chpeks.com)",
    "108": "Imported from http://pmetro.su"
}