{
    "0": "Union Station: LoDo / Coors Field/16th Street Mall",
    "1": "Pepsi Center/Six Flags Elitch Gardens",
    "2": "Invesco Field at Mile High",
    "3": "Auraria West Campus",
    "4": "10th & Osage",
    "5": "Alameda",
    "6": "I-25 & Broadway",
    "7": "Evans",
    "8": "Englewood",
    "9": "Oxford",
    "10": "Littleton/Downtown",
    "11": "Littleton/Mineral",
    "12": "C",
    "13": "30th & Downing",
    "14": "29th & Welton",
    "15": "27th & Welton",
    "16": "25th & Welton",
    "17": "20th & Welton",
    "18": "18th Street",
    "19": "16th Street",
    "20": "19th Street/California",
    "21": "16th Street/California",
    "22": "14th Street Convention Center/DPAC",
    "23": "Colfax at Auraria",
    "24": "D",
    "25": "Loisiana - Pearl",
    "26": "University of Denver",
    "27": "Colorado",
    "28": "Yale",
    "29": "Southmoor",
    "30": "Belleview",
    "31": "Orchard",
    "32": "Arapahoe at Village Center",
    "33": "Dry Creek",
    "34": "County Line",
    "35": "Lincoln",
    "36": "E",
    "37": "F",
    "38": "Nine Mile",
    "39": "Dayton",
    "40": "G",
    "41": "H",
    "42": "Decatur/Federal",
    "43": "Knox",
    "44": "Perry",
    "45": "Sheridan",
    "46": "Lamar",
    "47": "Lakewood/Wadsworth",
    "48": "Garrison",
    "49": "Oak",
    "50": "Federal Center",
    "51": "Red Rocks College",
    "52": "Jeffco Government Center",
    "53": "W",
    "54": "Tram",
    "55": "ROOT",
    "56": "Shema ot 17.05.2013g.\nAvtor: Varlamov Dmitrij (www.chpeks.com)",
    "57": "Imported from http://pmetro.su"
}