{
    "0": "Exposicion",
    "1": "Lerdo de Tejada",
    "2": "Eloy Cavazos",
    "3": "Y Griega",
    "4": "Parque Fundidora",
    "5": "Felix U. Gomez",
    "6": "Del Golfo",
    "7": "Cuauhtemoc",
    "8": "Central",
    "9": "Edison",
    "10": "Hospital",
    "11": "Simon Bolivar",
    "12": "Mitras",
    "13": "Alfonso Reyes",
    "14": "Penitenciaria",
    "15": "Aztlan",
    "16": "Unidad Modelo",
    "17": "San Bernabe",
    "18": "Talleres",
    "19": "1",
    "20": "Sendero",
    "21": "Santiago Tapia",
    "22": "San Nicolas",
    "23": "Anahuac",
    "24": "Universidad",
    "25": "Ninos Heroes",
    "26": "Regina",
    "27": "General Anaya",
    "28": "Alameda",
    "29": "Fundadores",
    "30": "Padre Mier",
    "31": "General Zaragoza",
    "32": "2",
    "33": "Metro",
    "34": "ROOT",
    "35": "Shema ot 24.08.2019g.\nAvtor: Dmitrij Varlamov\nInformatsija vzjata s sajta www.urbanrail.net",
    "36": "Imported from http://pmetro.su"
}