[
    {
        "caption": "Схема",
        "image": "res/stations/prospkosm.svg",
        "line": "Север-Юг",
        "station": "Проспект Космонавтов"
    },
    {
        "caption": "Схема",
        "image": "res/stations/uralmash.svg",
        "line": "Север-Юг",
        "station": "Уралмаш"
    },
    {
        "caption": "Схема",
        "image": "res/stations/mashinostroiteley.svg",
        "line": "Север-Юг",
        "station": "Машиностроителей"
    },
    {
        "caption": "Схема",
        "image": "res/stations/uralskaya.svg",
        "line": "Север-Юг",
        "station": "Уральская"
    },
    {
        "caption": "Схема",
        "image": "res/stations/dinamo.svg",
        "line": "Север-Юг",
        "station": "Динамо"
    },
    {
        "caption": "Схема",
        "image": "res/stations/ploschad1905goda.svg",
        "line": "Север-Юг",
        "station": "Площадь 1905 года"
    },
    {
        "caption": "Схема",
        "image": "res/stations/geologicheskaya.svg",
        "line": "Север-Юг",
        "station": "Геологическая"
    },
    {
        "caption": "Схема",
        "image": "res/stations/chkalovskaya.svg",
        "line": "Север-Юг",
        "station": "Чкаловская"
    },
    {
        "caption": "Схема",
        "image": "res/stations/botanicheskaya.svg",
        "line": "Север-Юг",
        "station": "Ботаническая"
    }
]