{
    "0": "Grushevaja poljana",
    "1": "Esto-sadok",
    "2": "Krasnaja poljana",
    "3": "Aerovokzal",
    "4": "Zheleznodorozhnyj vokzal Adler",
    "5": "Golubye dali",
    "6": "Kurortnyj gorodok",
    "7": "Kudepsta",
    "8": "Hosta",
    "9": "Malyj Ahun",
    "10": "Primorskaja",
    "11": "Kurortnaja",
    "12": "Matsesta",
    "13": "Bytha",
    "14": "Teatral'naja",
    "15": "Morskoj vokzal",
    "16": "Zheleznodorozhnyj vokzal Sochi",
    "17": "Linija 1",
    "18": "Olimpijskaja derevnja",
    "19": "Rynok",
    "20": "Gagarinskaja",
    "21": "Vinogradnaja",
    "22": "Donskaja",
    "23": "Bocharov ruchej",
    "24": "Mamajka",
    "25": "Linija 2",
    "26": "Linija 3",
    "27": "Train",
    "28": "ROOT",
    "29": "Perspektivnaja shema legkogo metro\nShema ot 07.03.2008g.\nMuradov Boris",
    "30": "Imported from http://pmetro.su"
}