{
    "default_transports": [
        "metro"
    ],
    "height": 531,
    "images": [
        "res/schemes/baku.svg"
    ],
    "is_vector": true,
    "lines": [
        {
            "labels_bg_color": "-1",
            "labels_color": "C34547",
            "line_color": "C34547",
            "line_width": 9,
            "name": "Красная",
            "segments": [
                [
                    0,
                    1,
                    [
                        [
                            220,
                            64
                        ],
                        [
                            275,
                            48
                        ]
                    ],
                    true
                ],
                [
                    1,
                    2,
                    [
                        [
                            149,
                            85
                        ],
                        [
                            220,
                            64
                        ]
                    ],
                    true
                ],
                [
                    2,
                    3,
                    [
                        [
                            121,
                            135
                        ],
                        [
                            149,
                            85
                        ]
                    ],
                    true
                ],
                [
                    3,
                    4,
                    [
                        [
                            103,
                            174
                        ],
                        [
                            121,
                            135
                        ]
                    ],
                    true
                ],
                [
                    4,
                    5,
                    [
                        [
                            83,
                            241
                        ],
                        [
                            103,
                            174
                        ]
                    ],
                    true
                ],
                [
                    5,
                    6,
                    [
                        [
                            124,
                            319
                        ],
                        [
                            83,
                            241
                        ]
                    ],
                    true
                ],
                [
                    6,
                    7,
                    [
                        [
                            168,
                            305
                        ],
                        [
                            124,
                            319
                        ]
                    ],
                    true
                ],
                [
                    7,
                    10,
                    [
                        [
                            231,
                            300
                        ],
                        [
                            168,
                            305
                        ]
                    ],
                    true
                ],
                [
                    8,
                    9,
                    [
                        [
                            209,
                            344
                        ],
                        [
                            146,
                            368
                        ]
                    ],
                    true
                ],
                [
                    9,
                    10,
                    [
                        [
                            231,
                            300
                        ],
                        [
                            209,
                            344
                        ]
                    ],
                    true
                ],
                [
                    10,
                    11,
                    [
                        [
                            241,
                            218
                        ],
                        [
                            231,
                            300
                        ]
                    ],
                    true
                ],
                [
                    11,
                    12,
                    [
                        [
                            300,
                            212
                        ],
                        [
                            241,
                            218
                        ]
                    ],
                    true
                ],
                [
                    12,
                    13,
                    [
                        [
                            362,
                            194
                        ],
                        [
                            300,
                            212
                        ]
                    ],
                    true
                ],
                [
                    12,
                    20,
                    [
                        [
                            339,
                            155
                        ],
                        [
                            300,
                            212
                        ]
                    ],
                    true
                ],
                [
                    13,
                    14,
                    [
                        [
                            417,
                            183
                        ],
                        [
                            362,
                            194
                        ]
                    ],
                    true
                ],
                [
                    14,
                    15,
                    [
                        [
                            451,
                            202
                        ],
                        [
                            417,
                            183
                        ]
                    ],
                    true
                ],
                [
                    15,
                    16,
                    [
                        [
                            478,
                            226
                        ],
                        [
                            451,
                            202
                        ]
                    ],
                    true
                ],
                [
                    16,
                    17,
                    [
                        [
                            497,
                            289
                        ],
                        [
                            478,
                            226
                        ]
                    ],
                    true
                ],
                [
                    17,
                    18,
                    [
                        [
                            500,
                            341
                        ],
                        [
                            497,
                            289
                        ]
                    ],
                    true
                ],
                [
                    18,
                    19,
                    [
                        [
                            499,
                            381
                        ],
                        [
                            500,
                            341
                        ]
                    ],
                    true
                ]
            ],
            "stations": [
                {
                    "coord": [
                        275,
                        48
                    ],
                    "is_working": true,
                    "name": "Дарнагюль",
                    "rect": [
                        286,
                        40,
                        59,
                        15
                    ],
                    "text_id": 0,
                    "uid": 0
                },
                {
                    "coord": [
                        220,
                        64
                    ],
                    "is_working": true,
                    "name": "Азадлыг проспекти",
                    "rect": [
                        230,
                        68,
                        103,
                        15
                    ],
                    "text_id": 1,
                    "uid": 1
                },
                {
                    "coord": [
                        149,
                        85
                    ],
                    "is_working": true,
                    "name": "Насими",
                    "rect": [
                        160,
                        90,
                        42,
                        15
                    ],
                    "text_id": 2,
                    "uid": 2
                },
                {
                    "coord": [
                        121,
                        135
                    ],
                    "is_working": true,
                    "name": "Мемар Аджеми",
                    "rect": [
                        133,
                        129,
                        82,
                        15
                    ],
                    "text_id": 3,
                    "uid": 3
                },
                {
                    "coord": [
                        103,
                        174
                    ],
                    "is_working": true,
                    "name": "20 январ",
                    "rect": [
                        117,
                        174,
                        47,
                        15
                    ],
                    "text_id": 4,
                    "uid": 4
                },
                {
                    "coord": [
                        83,
                        241
                    ],
                    "is_working": true,
                    "name": "Иншаатчылар",
                    "rect": [
                        97,
                        232,
                        76,
                        15
                    ],
                    "text_id": 5,
                    "uid": 5
                },
                {
                    "coord": [
                        124,
                        319
                    ],
                    "is_working": true,
                    "name": "Элмляр Академиясы",
                    "rect": [
                        27,
                        331,
                        113,
                        15
                    ],
                    "text_id": 6,
                    "uid": 6
                },
                {
                    "coord": [
                        168,
                        305
                    ],
                    "is_working": true,
                    "name": "Низами",
                    "rect": [
                        154,
                        316,
                        41,
                        15
                    ],
                    "text_id": 7,
                    "uid": 7
                },
                {
                    "coord": [
                        146,
                        368
                    ],
                    "is_working": true,
                    "name": "Ичери Шехер",
                    "rect": [
                        63,
                        361,
                        71,
                        15
                    ],
                    "text_id": 8,
                    "uid": 8
                },
                {
                    "coord": [
                        209,
                        344
                    ],
                    "is_working": true,
                    "name": "Сахил",
                    "rect": [
                        219,
                        348,
                        35,
                        15
                    ],
                    "text_id": 9,
                    "uid": 9
                },
                {
                    "coord": [
                        231,
                        300
                    ],
                    "is_working": true,
                    "name": "28 Май",
                    "rect": [
                        182,
                        273,
                        38,
                        15
                    ],
                    "text_id": 10,
                    "uid": 10
                },
                {
                    "coord": [
                        241,
                        218
                    ],
                    "is_working": true,
                    "name": "Гянджлик",
                    "rect": [
                        178,
                        203,
                        52,
                        15
                    ],
                    "text_id": 11,
                    "uid": 11
                },
                {
                    "coord": [
                        300,
                        212
                    ],
                    "is_working": true,
                    "name": "Нариман Нариманов",
                    "rect": [
                        281,
                        222,
                        109,
                        15
                    ],
                    "text_id": 12,
                    "uid": 12
                },
                {
                    "coord": [
                        362,
                        194
                    ],
                    "is_working": true,
                    "name": "Улдуз",
                    "rect": [
                        371,
                        200,
                        33,
                        15
                    ],
                    "text_id": 13,
                    "uid": 13
                },
                {
                    "coord": [
                        417,
                        183
                    ],
                    "is_working": true,
                    "name": "Кероглу",
                    "rect": [
                        425,
                        161,
                        43,
                        15
                    ],
                    "text_id": 14,
                    "uid": 14
                },
                {
                    "coord": [
                        451,
                        202
                    ],
                    "is_working": true,
                    "name": "Гара Гараев",
                    "rect": [
                        463,
                        185,
                        65,
                        15
                    ],
                    "text_id": 15,
                    "uid": 15
                },
                {
                    "coord": [
                        478,
                        226
                    ],
                    "is_working": true,
                    "name": "Нефтчиляр",
                    "rect": [
                        490,
                        216,
                        61,
                        15
                    ],
                    "text_id": 16,
                    "uid": 16
                },
                {
                    "coord": [
                        497,
                        289
                    ],
                    "is_working": true,
                    "name": "Халглар Достлугу",
                    "rect": [
                        389,
                        285,
                        95,
                        15
                    ],
                    "text_id": 17,
                    "uid": 17
                },
                {
                    "coord": [
                        500,
                        341
                    ],
                    "is_working": true,
                    "name": "Ахмедлы",
                    "rect": [
                        434,
                        335,
                        53,
                        15
                    ],
                    "text_id": 18,
                    "uid": 18
                },
                {
                    "coord": [
                        499,
                        381
                    ],
                    "is_working": true,
                    "name": "Ази Асланов",
                    "rect": [
                        417,
                        367,
                        69,
                        15
                    ],
                    "text_id": 19,
                    "uid": 19
                },
                {
                    "coord": [
                        339,
                        155
                    ],
                    "is_working": true,
                    "name": "Бакмил",
                    "rect": [
                        351,
                        147,
                        42,
                        15
                    ],
                    "text_id": 20,
                    "uid": 20
                }
            ],
            "text_id": 21
        },
        {
            "labels_bg_color": "-1",
            "labels_color": "3D9545",
            "line_color": "3D9545",
            "line_width": 9,
            "name": "Зеленая",
            "segments": [
                [
                    21,
                    22,
                    [
                        [
                            303,
                            272
                        ],
                        [
                            251,
                            300
                        ]
                    ],
                    true
                ]
            ],
            "stations": [
                {
                    "coord": [
                        251,
                        300
                    ],
                    "is_working": true,
                    "name": "Джафар Джаббарлы",
                    "rect": [
                        246,
                        314,
                        106,
                        15
                    ],
                    "text_id": 22,
                    "uid": 21
                },
                {
                    "coord": [
                        303,
                        272
                    ],
                    "is_working": true,
                    "name": "Шах Исмаил Хатаи",
                    "rect": [
                        314,
                        268,
                        101,
                        15
                    ],
                    "text_id": 23,
                    "uid": 22
                }
            ],
            "text_id": 24
        },
        {
            "labels_bg_color": "-1",
            "labels_color": "800080",
            "line_color": "800080",
            "line_width": 9,
            "name": "Фиолетовая",
            "segments": [
                [
                    23,
                    24,
                    [
                        [
                            44,
                            105
                        ],
                        [
                            101,
                            128
                        ]
                    ],
                    true
                ]
            ],
            "stations": [
                {
                    "coord": [
                        101,
                        128
                    ],
                    "is_working": true,
                    "name": "Мемар Аджеми-2",
                    "rect": [
                        6,
                        141,
                        100,
                        15
                    ],
                    "text_id": 25,
                    "uid": 23
                },
                {
                    "coord": [
                        44,
                        105
                    ],
                    "is_working": true,
                    "name": "Автовокзал",
                    "rect": [
                        4,
                        83,
                        82,
                        15
                    ],
                    "text_id": 26,
                    "uid": 24
                }
            ],
            "text_id": 27
        }
    ],
    "lines_width": 9,
    "name": "metro",
    "name_text_id": 28,
    "stations_diameter": 15.0,
    "transfers": [
        [
            21,
            10,
            [
                251,
                300
            ],
            [
                231,
                300
            ]
        ],
        [
            23,
            3,
            [
                101,
                128
            ],
            [
                121,
                135
            ]
        ]
    ],
    "transports": [
        "metro"
    ],
    "type_name": "ROOT",
    "type_text_id": 29,
    "upper_case": false,
    "width": 650,
    "word_wrap": false
}