{
    "default_transports": [
        "metro"
    ],
    "height": 594,
    "images": [
        "res/schemes/krivoyrog.svg"
    ],
    "is_vector": true,
    "lines": [
        {
            "labels_bg_color": "-1",
            "labels_color": "FF0000",
            "line_color": "FF0000",
            "line_width": 9,
            "name": "1",
            "segments": [
                [
                    0,
                    1,
                    [
                        [
                            208,
                            146
                        ],
                        [
                            221.0,
                            133.0
                        ],
                        [
                            221,
                            115
                        ]
                    ],
                    true
                ],
                [
                    1,
                    2,
                    [
                        [
                            178,
                            176
                        ],
                        [
                            208,
                            146
                        ]
                    ],
                    true
                ],
                [
                    2,
                    3,
                    [
                        [
                            128,
                            226
                        ],
                        [
                            178,
                            176
                        ]
                    ],
                    true
                ],
                [
                    3,
                    4,
                    [
                        [
                            86,
                            268
                        ],
                        [
                            128,
                            226
                        ]
                    ],
                    true
                ],
                [
                    4,
                    5,
                    [
                        [
                            73,
                            321
                        ],
                        [
                            73.0,
                            281.0
                        ],
                        [
                            86,
                            268
                        ]
                    ],
                    true
                ],
                [
                    5,
                    6,
                    [
                        [
                            73,
                            365
                        ],
                        [
                            73,
                            321
                        ]
                    ],
                    true
                ],
                [
                    6,
                    7,
                    [
                        [
                            43,
                            438
                        ],
                        [
                            73.0,
                            408.0
                        ],
                        [
                            73,
                            365
                        ]
                    ],
                    true
                ]
            ],
            "stations": [
                {
                    "coord": [
                        221,
                        115
                    ],
                    "is_working": true,
                    "name": "Площадь Труда",
                    "rect": [
                        127,
                        92,
                        96,
                        15
                    ],
                    "text_id": 0,
                    "uid": 0
                },
                {
                    "coord": [
                        208,
                        146
                    ],
                    "is_working": true,
                    "name": "Октябрьская",
                    "rect": [
                        221,
                        153,
                        83,
                        15
                    ],
                    "text_id": 1,
                    "uid": 1
                },
                {
                    "coord": [
                        178,
                        176
                    ],
                    "is_working": true,
                    "name": "Городская Больница",
                    "rect": [
                        191,
                        184,
                        134,
                        15
                    ],
                    "text_id": 2,
                    "uid": 2
                },
                {
                    "coord": [
                        128,
                        226
                    ],
                    "is_working": true,
                    "name": "Площадь Артёма",
                    "rect": [
                        142,
                        234,
                        107,
                        15
                    ],
                    "text_id": 3,
                    "uid": 3
                },
                {
                    "coord": [
                        86,
                        268
                    ],
                    "is_working": true,
                    "name": "Дзержинская",
                    "rect": [
                        100,
                        277,
                        85,
                        15
                    ],
                    "text_id": 4,
                    "uid": 4
                },
                {
                    "coord": [
                        73,
                        321
                    ],
                    "is_working": true,
                    "name": "Дом Советов",
                    "rect": [
                        90,
                        316,
                        82,
                        15
                    ],
                    "text_id": 5,
                    "uid": 5
                },
                {
                    "coord": [
                        73,
                        365
                    ],
                    "is_working": true,
                    "name": "Проспект Металлургов",
                    "rect": [
                        90,
                        360,
                        142,
                        15
                    ],
                    "text_id": 6,
                    "uid": 6
                },
                {
                    "coord": [
                        43,
                        438
                    ],
                    "is_working": true,
                    "name": "Кольцевая",
                    "rect": [
                        58,
                        444,
                        70,
                        15
                    ],
                    "text_id": 7,
                    "uid": 7
                }
            ],
            "text_id": 8
        },
        {
            "labels_bg_color": "-1",
            "labels_color": "0000FF",
            "line_color": "0000FF",
            "line_width": 9,
            "name": "2",
            "segments": [
                [
                    8,
                    9,
                    [
                        [
                            313,
                            53
                        ],
                        [
                            347,
                            19
                        ]
                    ],
                    true
                ],
                [
                    9,
                    10,
                    [
                        [
                            253,
                            113
                        ],
                        [
                            313,
                            53
                        ]
                    ],
                    true
                ],
                [
                    10,
                    11,
                    [
                        [
                            214,
                            152
                        ],
                        [
                            253,
                            113
                        ]
                    ],
                    true
                ],
                [
                    11,
                    12,
                    [
                        [
                            184,
                            182
                        ],
                        [
                            214,
                            152
                        ]
                    ],
                    true
                ],
                [
                    12,
                    13,
                    [
                        [
                            134,
                            232
                        ],
                        [
                            184,
                            182
                        ]
                    ],
                    true
                ],
                [
                    13,
                    14,
                    [
                        [
                            92,
                            274
                        ],
                        [
                            134,
                            232
                        ]
                    ],
                    true
                ],
                [
                    14,
                    15,
                    [
                        [
                            82,
                            321
                        ],
                        [
                            82.0,
                            284.0
                        ],
                        [
                            92,
                            274
                        ]
                    ],
                    true
                ],
                [
                    15,
                    16,
                    [
                        [
                            82,
                            365
                        ],
                        [
                            82,
                            321
                        ]
                    ],
                    true
                ],
                [
                    16,
                    17,
                    [
                        [
                            49,
                            444
                        ],
                        [
                            82.0,
                            411.0
                        ],
                        [
                            82,
                            365
                        ]
                    ],
                    true
                ]
            ],
            "stations": [
                {
                    "coord": [
                        347,
                        19
                    ],
                    "is_working": true,
                    "name": "Заречная",
                    "rect": [
                        278,
                        5,
                        62,
                        15
                    ],
                    "text_id": 9,
                    "uid": 8
                },
                {
                    "coord": [
                        313,
                        53
                    ],
                    "is_working": true,
                    "name": "Электрозаводская",
                    "rect": [
                        188,
                        36,
                        118,
                        15
                    ],
                    "text_id": 10,
                    "uid": 9
                },
                {
                    "coord": [
                        253,
                        113
                    ],
                    "is_working": true,
                    "name": "Индустриальная",
                    "rect": [
                        258,
                        116,
                        107,
                        15
                    ],
                    "text_id": 11,
                    "uid": 10
                },
                {
                    "coord": [
                        214,
                        152
                    ],
                    "is_working": true,
                    "name": "Октябрьская",
                    "rect": [
                        221,
                        153,
                        83,
                        15
                    ],
                    "text_id": 1,
                    "uid": 11
                },
                {
                    "coord": [
                        184,
                        182
                    ],
                    "is_working": true,
                    "name": "Городская Больница",
                    "rect": [
                        191,
                        184,
                        134,
                        15
                    ],
                    "text_id": 2,
                    "uid": 12
                },
                {
                    "coord": [
                        134,
                        232
                    ],
                    "is_working": true,
                    "name": "Площадь Артёма",
                    "rect": [
                        142,
                        234,
                        107,
                        15
                    ],
                    "text_id": 3,
                    "uid": 13
                },
                {
                    "coord": [
                        92,
                        274
                    ],
                    "is_working": true,
                    "name": "Дзержинская",
                    "rect": [
                        100,
                        277,
                        85,
                        15
                    ],
                    "text_id": 4,
                    "uid": 14
                },
                {
                    "coord": [
                        82,
                        321
                    ],
                    "is_working": true,
                    "name": "Дом Советов",
                    "rect": [
                        90,
                        316,
                        82,
                        15
                    ],
                    "text_id": 5,
                    "uid": 15
                },
                {
                    "coord": [
                        82,
                        365
                    ],
                    "is_working": true,
                    "name": "Проспект Металлургов",
                    "rect": [
                        90,
                        360,
                        142,
                        15
                    ],
                    "text_id": 6,
                    "uid": 16
                },
                {
                    "coord": [
                        49,
                        444
                    ],
                    "is_working": true,
                    "name": "Кольцевая",
                    "rect": [
                        58,
                        444,
                        70,
                        15
                    ],
                    "text_id": 7,
                    "uid": 17
                }
            ],
            "text_id": 12
        }
    ],
    "lines_width": 9,
    "name": "metro",
    "name_text_id": 13,
    "stations_diameter": 8.0,
    "transfers": [],
    "transports": [
        "metro"
    ],
    "type_name": "ROOT",
    "type_text_id": 14,
    "upper_case": true,
    "width": 497,
    "word_wrap": false
}