{
    "lines": [
        {
            "delays": [],
            "name": "M1",
            "scheme": null,
            "segments": [
                [
                    0,
                    1,
                    120
                ],
                [
                    1,
                    0,
                    120
                ],
                [
                    1,
                    2,
                    120
                ],
                [
                    2,
                    1,
                    120
                ],
                [
                    2,
                    3,
                    120
                ],
                [
                    3,
                    2,
                    120
                ],
                [
                    3,
                    4,
                    120
                ],
                [
                    4,
                    3,
                    120
                ],
                [
                    4,
                    5,
                    120
                ],
                [
                    5,
                    4,
                    120
                ],
                [
                    5,
                    6,
                    120
                ],
                [
                    6,
                    5,
                    120
                ],
                [
                    6,
                    7,
                    120
                ],
                [
                    7,
                    6,
                    120
                ],
                [
                    7,
                    8,
                    120
                ],
                [
                    7,
                    18,
                    120
                ],
                [
                    8,
                    7,
                    120
                ],
                [
                    8,
                    9,
                    120
                ],
                [
                    9,
                    8,
                    120
                ],
                [
                    9,
                    10,
                    120
                ],
                [
                    10,
                    9,
                    120
                ],
                [
                    10,
                    11,
                    120
                ],
                [
                    11,
                    10,
                    120
                ],
                [
                    11,
                    12,
                    120
                ],
                [
                    12,
                    11,
                    120
                ],
                [
                    12,
                    13,
                    120
                ],
                [
                    13,
                    12,
                    120
                ],
                [
                    13,
                    14,
                    120
                ],
                [
                    14,
                    13,
                    120
                ],
                [
                    14,
                    15,
                    120
                ],
                [
                    15,
                    14,
                    120
                ],
                [
                    15,
                    16,
                    120
                ],
                [
                    16,
                    15,
                    120
                ],
                [
                    16,
                    17,
                    120
                ],
                [
                    17,
                    16,
                    120
                ],
                [
                    18,
                    7,
                    120
                ],
                [
                    18,
                    19,
                    120
                ],
                [
                    19,
                    18,
                    120
                ],
                [
                    19,
                    20,
                    120
                ],
                [
                    20,
                    19,
                    120
                ],
                [
                    20,
                    21,
                    120
                ],
                [
                    21,
                    20,
                    120
                ],
                [
                    21,
                    22,
                    120
                ],
                [
                    22,
                    21,
                    120
                ]
            ],
            "stations": [
                [
                    0,
                    "Yenikapi",
                    0
                ],
                [
                    1,
                    "Aksaray",
                    1
                ],
                [
                    2,
                    "Emniyet",
                    2
                ],
                [
                    3,
                    "Ulubatli Topkapi",
                    3
                ],
                [
                    4,
                    "Bayrampasa",
                    4
                ],
                [
                    5,
                    "Sagmalcilar",
                    5
                ],
                [
                    6,
                    "Kartaltepe",
                    6
                ],
                [
                    7,
                    "Otogar",
                    7
                ],
                [
                    8,
                    "Terazidere",
                    8
                ],
                [
                    9,
                    "Davutpasa",
                    9
                ],
                [
                    10,
                    "Merter",
                    10
                ],
                [
                    11,
                    "Zeytinburnu",
                    11
                ],
                [
                    12,
                    "Bakirkoy",
                    12
                ],
                [
                    13,
                    "Bahcelievler",
                    13
                ],
                [
                    14,
                    "Atakoy",
                    14
                ],
                [
                    15,
                    "Yeni Bosna",
                    15
                ],
                [
                    16,
                    "DTM-CNR/Expo",
                    16
                ],
                [
                    17,
                    "Havaalani",
                    17
                ],
                [
                    18,
                    "Esenler",
                    18
                ],
                [
                    19,
                    "Menderes",
                    19
                ],
                [
                    20,
                    "Uc Yuzlu",
                    20
                ],
                [
                    21,
                    "Bagcilar",
                    21
                ],
                [
                    22,
                    "Kirazli",
                    22
                ]
            ],
            "text_id": 23
        },
        {
            "delays": [],
            "name": "M2",
            "scheme": null,
            "segments": [
                [
                    23,
                    28,
                    120
                ],
                [
                    24,
                    25,
                    120
                ],
                [
                    25,
                    24,
                    120
                ],
                [
                    25,
                    26,
                    120
                ],
                [
                    26,
                    25,
                    120
                ],
                [
                    26,
                    27,
                    120
                ],
                [
                    27,
                    26,
                    120
                ],
                [
                    27,
                    28,
                    120
                ],
                [
                    28,
                    23,
                    120
                ],
                [
                    28,
                    27,
                    120
                ],
                [
                    28,
                    29,
                    120
                ],
                [
                    29,
                    28,
                    120
                ],
                [
                    29,
                    30,
                    120
                ],
                [
                    30,
                    29,
                    120
                ],
                [
                    30,
                    31,
                    120
                ],
                [
                    31,
                    30,
                    120
                ],
                [
                    31,
                    32,
                    120
                ],
                [
                    32,
                    31,
                    120
                ],
                [
                    32,
                    33,
                    120
                ],
                [
                    33,
                    32,
                    120
                ],
                [
                    33,
                    34,
                    120
                ],
                [
                    34,
                    33,
                    120
                ],
                [
                    34,
                    35,
                    120
                ],
                [
                    35,
                    34,
                    120
                ],
                [
                    35,
                    36,
                    120
                ],
                [
                    36,
                    35,
                    120
                ],
                [
                    36,
                    37,
                    120
                ],
                [
                    37,
                    36,
                    120
                ],
                [
                    37,
                    38,
                    120
                ],
                [
                    38,
                    37,
                    120
                ]
            ],
            "stations": [
                [
                    23,
                    "Seyrantepe",
                    24
                ],
                [
                    24,
                    "Haciosman",
                    25
                ],
                [
                    25,
                    "Darussafaka",
                    26
                ],
                [
                    26,
                    "Ataturk Oto Sanayi",
                    27
                ],
                [
                    27,
                    "ITU Maslak",
                    28
                ],
                [
                    28,
                    "Sanayi Mah.",
                    29
                ],
                [
                    29,
                    "4 Levent",
                    30
                ],
                [
                    30,
                    "Levent",
                    31
                ],
                [
                    31,
                    "Gayrettepe",
                    32
                ],
                [
                    32,
                    "Sisli",
                    33
                ],
                [
                    33,
                    "Osmanbey",
                    34
                ],
                [
                    34,
                    "Taksim",
                    35
                ],
                [
                    35,
                    "Sishane",
                    36
                ],
                [
                    36,
                    "Halic",
                    37
                ],
                [
                    37,
                    "Vezneciler",
                    38
                ],
                [
                    38,
                    "Yenikapi",
                    0
                ]
            ],
            "text_id": 39
        },
        {
            "delays": [],
            "name": "M3",
            "scheme": null,
            "segments": [
                [
                    39,
                    40,
                    120
                ],
                [
                    40,
                    39,
                    120
                ],
                [
                    40,
                    41,
                    120
                ],
                [
                    41,
                    40,
                    120
                ],
                [
                    41,
                    42,
                    120
                ],
                [
                    42,
                    41,
                    120
                ],
                [
                    42,
                    43,
                    120
                ],
                [
                    43,
                    42,
                    120
                ],
                [
                    43,
                    44,
                    120
                ],
                [
                    43,
                    48,
                    120
                ],
                [
                    44,
                    43,
                    120
                ],
                [
                    44,
                    45,
                    120
                ],
                [
                    45,
                    44,
                    120
                ],
                [
                    45,
                    46,
                    120
                ],
                [
                    46,
                    45,
                    120
                ],
                [
                    46,
                    47,
                    120
                ],
                [
                    47,
                    46,
                    120
                ],
                [
                    48,
                    43,
                    120
                ],
                [
                    48,
                    49,
                    120
                ]
            ],
            "stations": [
                [
                    39,
                    "Kirazli",
                    22
                ],
                [
                    40,
                    "Yenimahalle",
                    40
                ],
                [
                    41,
                    "Mahmutbey",
                    41
                ],
                [
                    42,
                    "Istoc",
                    42
                ],
                [
                    43,
                    "Ikitelli Sanayi",
                    43
                ],
                [
                    44,
                    "Turgut Ozal",
                    44
                ],
                [
                    45,
                    "Siteler",
                    45
                ],
                [
                    46,
                    "Basak Konutlari",
                    46
                ],
                [
                    47,
                    "MetroKent",
                    47
                ],
                [
                    48,
                    "Ziya Gokalp Mahallesi",
                    48
                ],
                [
                    49,
                    "Olimpiyat Parki",
                    49
                ]
            ],
            "text_id": 50
        },
        {
            "delays": [],
            "name": "M4",
            "scheme": null,
            "segments": [
                [
                    50,
                    51,
                    120
                ],
                [
                    51,
                    50,
                    120
                ],
                [
                    51,
                    52,
                    120
                ],
                [
                    52,
                    51,
                    120
                ],
                [
                    52,
                    53,
                    120
                ],
                [
                    53,
                    52,
                    120
                ],
                [
                    53,
                    54,
                    120
                ],
                [
                    54,
                    53,
                    120
                ],
                [
                    54,
                    55,
                    120
                ],
                [
                    55,
                    54,
                    120
                ],
                [
                    55,
                    56,
                    120
                ],
                [
                    56,
                    55,
                    120
                ],
                [
                    56,
                    57,
                    120
                ],
                [
                    57,
                    56,
                    120
                ],
                [
                    57,
                    58,
                    120
                ],
                [
                    58,
                    57,
                    120
                ],
                [
                    58,
                    59,
                    120
                ],
                [
                    59,
                    58,
                    120
                ],
                [
                    59,
                    60,
                    120
                ],
                [
                    60,
                    59,
                    120
                ],
                [
                    60,
                    61,
                    120
                ],
                [
                    61,
                    60,
                    120
                ],
                [
                    61,
                    62,
                    120
                ],
                [
                    62,
                    61,
                    120
                ],
                [
                    62,
                    63,
                    120
                ],
                [
                    63,
                    62,
                    120
                ],
                [
                    63,
                    64,
                    120
                ],
                [
                    64,
                    63,
                    120
                ],
                [
                    64,
                    65,
                    120
                ],
                [
                    65,
                    64,
                    120
                ]
            ],
            "stations": [
                [
                    50,
                    "Kadikoy",
                    51
                ],
                [
                    51,
                    "Ayrilikcesmesi",
                    52
                ],
                [
                    52,
                    "Acibadem",
                    53
                ],
                [
                    53,
                    "Unalan",
                    54
                ],
                [
                    54,
                    "Goztepe",
                    55
                ],
                [
                    55,
                    "Yenisahra",
                    56
                ],
                [
                    56,
                    "Kozyatagi",
                    57
                ],
                [
                    57,
                    "Bostanci",
                    58
                ],
                [
                    58,
                    "Kucukyali",
                    59
                ],
                [
                    59,
                    "Maltepe",
                    60
                ],
                [
                    60,
                    "Huzurevi",
                    61
                ],
                [
                    61,
                    "Gulsuyu",
                    62
                ],
                [
                    62,
                    "Cevizli",
                    63
                ],
                [
                    63,
                    "Hastane",
                    64
                ],
                [
                    64,
                    "Soganlik",
                    65
                ],
                [
                    65,
                    "Kartal",
                    66
                ]
            ],
            "text_id": 67
        },
        {
            "delays": [],
            "name": "M6",
            "scheme": null,
            "segments": [
                [
                    66,
                    67,
                    120
                ],
                [
                    67,
                    66,
                    120
                ],
                [
                    67,
                    68,
                    120
                ],
                [
                    68,
                    67,
                    120
                ],
                [
                    68,
                    69,
                    120
                ],
                [
                    69,
                    68,
                    120
                ]
            ],
            "stations": [
                [
                    66,
                    "Levent",
                    31
                ],
                [
                    67,
                    "Nispetiye",
                    68
                ],
                [
                    68,
                    "Etiler",
                    69
                ],
                [
                    69,
                    "Bogazici Universitesi",
                    70
                ]
            ],
            "text_id": 71
        },
        {
            "delays": [],
            "name": "T4",
            "scheme": null,
            "segments": [
                [
                    70,
                    71,
                    0
                ],
                [
                    71,
                    70,
                    0
                ],
                [
                    71,
                    72,
                    120
                ],
                [
                    72,
                    71,
                    120
                ],
                [
                    72,
                    73,
                    120
                ],
                [
                    73,
                    72,
                    120
                ],
                [
                    73,
                    74,
                    120
                ],
                [
                    74,
                    73,
                    120
                ],
                [
                    74,
                    75,
                    120
                ],
                [
                    75,
                    74,
                    120
                ],
                [
                    75,
                    76,
                    120
                ],
                [
                    76,
                    75,
                    120
                ],
                [
                    76,
                    77,
                    120
                ],
                [
                    77,
                    76,
                    120
                ],
                [
                    77,
                    78,
                    120
                ],
                [
                    78,
                    77,
                    120
                ],
                [
                    78,
                    79,
                    120
                ],
                [
                    79,
                    78,
                    120
                ],
                [
                    79,
                    80,
                    120
                ],
                [
                    80,
                    79,
                    120
                ],
                [
                    80,
                    81,
                    120
                ],
                [
                    81,
                    80,
                    120
                ],
                [
                    81,
                    82,
                    120
                ],
                [
                    82,
                    81,
                    120
                ],
                [
                    82,
                    83,
                    120
                ],
                [
                    83,
                    82,
                    120
                ],
                [
                    83,
                    84,
                    120
                ],
                [
                    84,
                    83,
                    120
                ],
                [
                    84,
                    85,
                    120
                ],
                [
                    85,
                    84,
                    120
                ],
                [
                    85,
                    86,
                    120
                ],
                [
                    86,
                    85,
                    120
                ],
                [
                    86,
                    87,
                    120
                ],
                [
                    87,
                    86,
                    120
                ],
                [
                    87,
                    88,
                    120
                ],
                [
                    88,
                    87,
                    120
                ],
                [
                    88,
                    89,
                    120
                ],
                [
                    89,
                    88,
                    120
                ],
                [
                    89,
                    90,
                    120
                ],
                [
                    90,
                    89,
                    120
                ],
                [
                    90,
                    91,
                    120
                ],
                [
                    91,
                    90,
                    120
                ],
                [
                    91,
                    92,
                    120
                ],
                [
                    92,
                    91,
                    120
                ]
            ],
            "stations": [
                [
                    70,
                    "Habibler",
                    72
                ],
                [
                    71,
                    "Mescid-i Selam",
                    73
                ],
                [
                    72,
                    "Cebeci",
                    74
                ],
                [
                    73,
                    "Sultanciftligi",
                    75
                ],
                [
                    74,
                    "Yeni Mah.",
                    76
                ],
                [
                    75,
                    "Haci Sukru",
                    77
                ],
                [
                    76,
                    "50. Yil - Bastabya",
                    78
                ],
                [
                    77,
                    "Cumhuriyet Mah.",
                    79
                ],
                [
                    78,
                    "Metris",
                    80
                ],
                [
                    79,
                    "Karadeniz",
                    81
                ],
                [
                    80,
                    "Tas Kopru",
                    82
                ],
                [
                    81,
                    "Ali Fuat Basgil",
                    83
                ],
                [
                    82,
                    "Cukucesme Ulubatli",
                    84
                ],
                [
                    83,
                    "Sagmalcilar",
                    5
                ],
                [
                    84,
                    "Uluyol - Berec",
                    85
                ],
                [
                    85,
                    "Rami",
                    86
                ],
                [
                    86,
                    "Topcular",
                    87
                ],
                [
                    87,
                    "Demirkapi",
                    88
                ],
                [
                    88,
                    "Sehitlik",
                    89
                ],
                [
                    89,
                    "Edirnekapi",
                    90
                ],
                [
                    90,
                    "Vatan",
                    91
                ],
                [
                    91,
                    "Fetihkapi",
                    92
                ],
                [
                    92,
                    "Topkapi",
                    93
                ]
            ],
            "text_id": 94
        }
    ],
    "name": "metro",
    "transfers": [
        [
            3,
            90,
            120,
            true
        ],
        [
            22,
            39,
            120,
            true
        ],
        [
            66,
            30,
            120,
            true
        ],
        [
            38,
            0,
            120,
            true
        ]
    ],
    "type_name": "Метро"
}