{
    "default_transports": [
        "metro"
    ],
    "height": 1019,
    "images": [
        "res/schemes/dalian.svg"
    ],
    "is_vector": true,
    "lines": [
        {
            "labels_bg_color": "-1",
            "labels_color": "008542",
            "line_color": "008542",
            "line_width": 9,
            "name": "1",
            "segments": [
                [
                    0,
                    1,
                    [
                        [
                            940,
                            261
                        ],
                        [
                            960,
                            241
                        ]
                    ],
                    true
                ],
                [
                    1,
                    2,
                    [
                        [
                            921,
                            280
                        ],
                        [
                            940,
                            261
                        ]
                    ],
                    true
                ],
                [
                    2,
                    3,
                    [
                        [
                            898,
                            303
                        ],
                        [
                            921,
                            280
                        ]
                    ],
                    false
                ],
                [
                    2,
                    4,
                    [
                        [
                            877,
                            324
                        ],
                        [
                            921,
                            280
                        ]
                    ],
                    true
                ],
                [
                    3,
                    4,
                    [
                        [
                            877,
                            324
                        ],
                        [
                            898,
                            303
                        ]
                    ],
                    false
                ],
                [
                    4,
                    5,
                    [
                        [
                            850,
                            351
                        ],
                        [
                            877,
                            324
                        ]
                    ],
                    true
                ],
                [
                    5,
                    6,
                    [
                        [
                            822,
                            379
                        ],
                        [
                            850,
                            351
                        ]
                    ],
                    true
                ],
                [
                    6,
                    7,
                    [
                        [
                            798,
                            403
                        ],
                        [
                            822,
                            379
                        ]
                    ],
                    true
                ],
                [
                    7,
                    8,
                    [
                        [
                            798,
                            430
                        ],
                        [
                            798,
                            403
                        ]
                    ],
                    true
                ],
                [
                    8,
                    9,
                    [
                        [
                            798,
                            458
                        ],
                        [
                            798,
                            430
                        ]
                    ],
                    true
                ],
                [
                    9,
                    10,
                    [
                        [
                            828,
                            488
                        ],
                        [
                            798,
                            458
                        ]
                    ],
                    true
                ],
                [
                    10,
                    11,
                    [
                        [
                            828,
                            533
                        ],
                        [
                            828,
                            488
                        ]
                    ],
                    true
                ],
                [
                    11,
                    12,
                    [
                        [
                            760,
                            620
                        ],
                        [
                            760.0,
                            601.0
                        ],
                        [
                            828,
                            533
                        ]
                    ],
                    true
                ],
                [
                    12,
                    13,
                    [
                        [
                            760,
                            694
                        ],
                        [
                            760,
                            620
                        ]
                    ],
                    true
                ],
                [
                    13,
                    14,
                    [
                        [
                            760,
                            726
                        ],
                        [
                            760,
                            694
                        ]
                    ],
                    false
                ]
            ],
            "stations": [
                {
                    "coord": [
                        960,
                        241
                    ],
                    "is_working": true,
                    "name": "Yaojia",
                    "rect": [
                        917,
                        229,
                        33,
                        15
                    ],
                    "text_id": 0,
                    "uid": 0
                },
                {
                    "coord": [
                        940,
                        261
                    ],
                    "is_working": true,
                    "name": "Dalianbeizhan",
                    "rect": [
                        858,
                        249,
                        72,
                        15
                    ],
                    "text_id": 1,
                    "uid": 1
                },
                {
                    "coord": [
                        921,
                        280
                    ],
                    "is_working": true,
                    "name": "Huabeilu",
                    "rect": [
                        865,
                        268,
                        46,
                        15
                    ],
                    "text_id": 2,
                    "uid": 2
                },
                {
                    "coord": [
                        898,
                        303
                    ],
                    "is_working": false,
                    "name": "Huananbei",
                    "rect": [
                        833,
                        291,
                        55,
                        15
                    ],
                    "text_id": 3,
                    "uid": 3
                },
                {
                    "coord": [
                        877,
                        324
                    ],
                    "is_working": true,
                    "name": "Huananguangchang",
                    "rect": [
                        767,
                        312,
                        100,
                        15
                    ],
                    "text_id": 4,
                    "uid": 4
                },
                {
                    "coord": [
                        850,
                        351
                    ],
                    "is_working": true,
                    "name": "Qianshanlu",
                    "rect": [
                        782,
                        339,
                        58,
                        15
                    ],
                    "text_id": 5,
                    "uid": 5
                },
                {
                    "coord": [
                        822,
                        379
                    ],
                    "is_working": true,
                    "name": "Songjianglu",
                    "rect": [
                        749,
                        361,
                        60,
                        15
                    ],
                    "text_id": 6,
                    "uid": 6
                },
                {
                    "coord": [
                        798,
                        403
                    ],
                    "is_working": true,
                    "name": "Dongweilu",
                    "rect": [
                        733,
                        395,
                        54,
                        15
                    ],
                    "text_id": 7,
                    "uid": 7
                },
                {
                    "coord": [
                        798,
                        430
                    ],
                    "is_working": true,
                    "name": "Chunliu",
                    "rect": [
                        747,
                        422,
                        40,
                        15
                    ],
                    "text_id": 8,
                    "uid": 8
                },
                {
                    "coord": [
                        798,
                        458
                    ],
                    "is_working": true,
                    "name": "Xianggongjie",
                    "rect": [
                        721,
                        451,
                        66,
                        15
                    ],
                    "text_id": 9,
                    "uid": 9
                },
                {
                    "coord": [
                        828,
                        488
                    ],
                    "is_working": true,
                    "name": "Zhongchangjie",
                    "rect": [
                        744,
                        485,
                        74,
                        15
                    ],
                    "text_id": 10,
                    "uid": 10
                },
                {
                    "coord": [
                        828,
                        533
                    ],
                    "is_working": true,
                    "name": "Xinggonglu",
                    "rect": [
                        757,
                        521,
                        57,
                        15
                    ],
                    "text_id": 11,
                    "uid": 11
                },
                {
                    "coord": [
                        760,
                        620
                    ],
                    "is_working": true,
                    "name": "Xi'anlu",
                    "rect": [
                        772,
                        645,
                        35,
                        15
                    ],
                    "text_id": 12,
                    "uid": 12
                },
                {
                    "coord": [
                        760,
                        694
                    ],
                    "is_working": true,
                    "name": "Fuguojie",
                    "rect": [
                        706,
                        686,
                        44,
                        15
                    ],
                    "text_id": 13,
                    "uid": 13
                },
                {
                    "coord": [
                        760,
                        726
                    ],
                    "is_working": false,
                    "name": "Huizhanzhongxin",
                    "rect": [
                        664,
                        719,
                        86,
                        15
                    ],
                    "text_id": 14,
                    "uid": 14
                }
            ],
            "text_id": 15
        },
        {
            "labels_bg_color": "-1",
            "labels_color": "0066A1",
            "line_color": "0066A1",
            "line_width": 9,
            "name": "2",
            "segments": [
                [
                    15,
                    16,
                    [
                        [
                            1112,
                            571
                        ],
                        [
                            1147,
                            606
                        ]
                    ],
                    true
                ],
                [
                    16,
                    17,
                    [
                        [
                            1061,
                            520
                        ],
                        [
                            1112,
                            571
                        ]
                    ],
                    true
                ],
                [
                    17,
                    18,
                    [
                        [
                            1004,
                            520
                        ],
                        [
                            1061,
                            520
                        ]
                    ],
                    true
                ],
                [
                    18,
                    19,
                    [
                        [
                            973,
                            551
                        ],
                        [
                            1004,
                            520
                        ]
                    ],
                    true
                ],
                [
                    19,
                    20,
                    [
                        [
                            940,
                            584
                        ],
                        [
                            973,
                            551
                        ]
                    ],
                    true
                ],
                [
                    20,
                    21,
                    [
                        [
                            912,
                            612
                        ],
                        [
                            940,
                            584
                        ]
                    ],
                    true
                ],
                [
                    21,
                    22,
                    [
                        [
                            879,
                            612
                        ],
                        [
                            912,
                            612
                        ]
                    ],
                    true
                ],
                [
                    22,
                    23,
                    [
                        [
                            833,
                            612
                        ],
                        [
                            879,
                            612
                        ]
                    ],
                    true
                ],
                [
                    23,
                    24,
                    [
                        [
                            790,
                            612
                        ],
                        [
                            833,
                            612
                        ]
                    ],
                    true
                ],
                [
                    24,
                    25,
                    [
                        [
                            760,
                            642
                        ],
                        [
                            790,
                            612
                        ]
                    ],
                    true
                ],
                [
                    25,
                    26,
                    [
                        [
                            709,
                            642
                        ],
                        [
                            760,
                            642
                        ]
                    ],
                    true
                ],
                [
                    26,
                    27,
                    [
                        [
                            668,
                            642
                        ],
                        [
                            709,
                            642
                        ]
                    ],
                    true
                ],
                [
                    27,
                    28,
                    [
                        [
                            637,
                            611
                        ],
                        [
                            668,
                            642
                        ]
                    ],
                    true
                ],
                [
                    28,
                    29,
                    [
                        [
                            608,
                            582
                        ],
                        [
                            637,
                            611
                        ]
                    ],
                    true
                ],
                [
                    29,
                    30,
                    [
                        [
                            578,
                            552
                        ],
                        [
                            608,
                            582
                        ]
                    ],
                    true
                ],
                [
                    30,
                    31,
                    [
                        [
                            578,
                            513
                        ],
                        [
                            578,
                            552
                        ]
                    ],
                    true
                ],
                [
                    31,
                    32,
                    [
                        [
                            578,
                            477
                        ],
                        [
                            578,
                            513
                        ]
                    ],
                    true
                ],
                [
                    32,
                    33,
                    [
                        [
                            578,
                            441
                        ],
                        [
                            578,
                            477
                        ]
                    ],
                    true
                ]
            ],
            "stations": [
                {
                    "coord": [
                        1147,
                        606
                    ],
                    "is_working": true,
                    "name": "Haizhiyun",
                    "rect": [
                        1160,
                        599,
                        51,
                        15
                    ],
                    "text_id": 16,
                    "uid": 15
                },
                {
                    "coord": [
                        1112,
                        571
                    ],
                    "is_working": true,
                    "name": "Donggang",
                    "rect": [
                        1124,
                        561,
                        52,
                        15
                    ],
                    "text_id": 17,
                    "uid": 16
                },
                {
                    "coord": [
                        1061,
                        520
                    ],
                    "is_working": true,
                    "name": "Huiyizhongxin",
                    "rect": [
                        1075,
                        505,
                        72,
                        15
                    ],
                    "text_id": 18,
                    "uid": 17
                },
                {
                    "coord": [
                        1004,
                        520
                    ],
                    "is_working": true,
                    "name": "Gangwan guangchang",
                    "rect": [
                        931,
                        495,
                        111,
                        15
                    ],
                    "text_id": 19,
                    "uid": 18
                },
                {
                    "coord": [
                        973,
                        551
                    ],
                    "is_working": true,
                    "name": "Zhongshan guangchang",
                    "rect": [
                        983,
                        548,
                        119,
                        15
                    ],
                    "text_id": 20,
                    "uid": 19
                },
                {
                    "coord": [
                        940,
                        584
                    ],
                    "is_working": true,
                    "name": "Youhao guangchang",
                    "rect": [
                        952,
                        582,
                        102,
                        15
                    ],
                    "text_id": 21,
                    "uid": 20
                },
                {
                    "coord": [
                        912,
                        612
                    ],
                    "is_working": true,
                    "name": "Qingniwaqiao",
                    "rect": [
                        923,
                        608,
                        69,
                        15
                    ],
                    "text_id": 22,
                    "uid": 21
                },
                {
                    "coord": [
                        879,
                        612
                    ],
                    "is_working": true,
                    "name": "Yierjiujie",
                    "rect": [
                        854,
                        588,
                        46,
                        15
                    ],
                    "text_id": 23,
                    "uid": 22
                },
                {
                    "coord": [
                        833,
                        612
                    ],
                    "is_working": true,
                    "name": "Renmin guangchang",
                    "rect": [
                        799,
                        623,
                        103,
                        15
                    ],
                    "text_id": 24,
                    "uid": 23
                },
                {
                    "coord": [
                        790,
                        612
                    ],
                    "is_working": true,
                    "name": "Lianhelu",
                    "rect": [
                        781,
                        588,
                        44,
                        15
                    ],
                    "text_id": 25,
                    "uid": 24
                },
                {
                    "coord": [
                        760,
                        642
                    ],
                    "is_working": true,
                    "name": "Xi'anlu",
                    "rect": [
                        772,
                        645,
                        35,
                        15
                    ],
                    "text_id": 12,
                    "uid": 25
                },
                {
                    "coord": [
                        709,
                        642
                    ],
                    "is_working": true,
                    "name": "Jiaotongdaxue",
                    "rect": [
                        675,
                        618,
                        74,
                        15
                    ],
                    "text_id": 26,
                    "uid": 26
                },
                {
                    "coord": [
                        668,
                        642
                    ],
                    "is_working": true,
                    "name": "Liaoshi",
                    "rect": [
                        647,
                        650,
                        38,
                        15
                    ],
                    "text_id": 27,
                    "uid": 27
                },
                {
                    "coord": [
                        637,
                        611
                    ],
                    "is_working": true,
                    "name": "Malanguangchang",
                    "rect": [
                        535,
                        608,
                        92,
                        15
                    ],
                    "text_id": 28,
                    "uid": 28
                },
                {
                    "coord": [
                        608,
                        582
                    ],
                    "is_working": true,
                    "name": "Wanjia",
                    "rect": [
                        562,
                        579,
                        36,
                        15
                    ],
                    "text_id": 29,
                    "uid": 29
                },
                {
                    "coord": [
                        578,
                        552
                    ],
                    "is_working": true,
                    "name": "Hongqixilu",
                    "rect": [
                        513,
                        546,
                        55,
                        15
                    ],
                    "text_id": 30,
                    "uid": 30
                },
                {
                    "coord": [
                        578,
                        513
                    ],
                    "is_working": true,
                    "name": "Hongjinlu",
                    "rect": [
                        519,
                        506,
                        49,
                        15
                    ],
                    "text_id": 31,
                    "uid": 31
                },
                {
                    "coord": [
                        578,
                        477
                    ],
                    "is_working": true,
                    "name": "Hongganglu",
                    "rect": [
                        507,
                        469,
                        61,
                        15
                    ],
                    "text_id": 32,
                    "uid": 32
                },
                {
                    "coord": [
                        578,
                        441
                    ],
                    "is_working": true,
                    "name": "Jichang Airport",
                    "rect": [
                        490,
                        433,
                        78,
                        15
                    ],
                    "text_id": 33,
                    "uid": 33
                }
            ],
            "text_id": 34
        },
        {
            "labels_bg_color": "-1",
            "labels_color": "E91A38",
            "line_color": "E91A38",
            "line_width": 9,
            "name": "3",
            "segments": [
                [
                    34,
                    35,
                    [
                        [
                            856,
                            488
                        ],
                        [
                            895,
                            527
                        ]
                    ],
                    true
                ],
                [
                    35,
                    36,
                    [
                        [
                            856,
                            414
                        ],
                        [
                            856,
                            488
                        ]
                    ],
                    true
                ],
                [
                    36,
                    37,
                    [
                        [
                            933,
                            337
                        ],
                        [
                            856,
                            414
                        ]
                    ],
                    true
                ],
                [
                    37,
                    38,
                    [
                        [
                            998,
                            272
                        ],
                        [
                            933,
                            337
                        ]
                    ],
                    true
                ],
                [
                    38,
                    39,
                    [
                        [
                            1041,
                            229
                        ],
                        [
                            998,
                            272
                        ]
                    ],
                    true
                ],
                [
                    39,
                    40,
                    [
                        [
                            1121,
                            229
                        ],
                        [
                            1041,
                            229
                        ]
                    ],
                    true
                ],
                [
                    40,
                    41,
                    [
                        [
                            1212,
                            191
                        ],
                        [
                            1174.0,
                            229.0
                        ],
                        [
                            1121,
                            229
                        ]
                    ],
                    true
                ],
                [
                    41,
                    42,
                    [
                        [
                            1253,
                            150
                        ],
                        [
                            1212,
                            191
                        ]
                    ],
                    true
                ],
                [
                    42,
                    43,
                    [
                        [
                            1321,
                            150
                        ],
                        [
                            1253,
                            150
                        ]
                    ],
                    false
                ],
                [
                    42,
                    44,
                    [
                        [
                            1379,
                            150
                        ],
                        [
                            1253,
                            150
                        ]
                    ],
                    true
                ],
                [
                    43,
                    44,
                    [
                        [
                            1379,
                            150
                        ],
                        [
                            1321,
                            150
                        ]
                    ],
                    false
                ],
                [
                    44,
                    45,
                    [
                        [
                            1438,
                            150
                        ],
                        [
                            1379,
                            150
                        ]
                    ],
                    true
                ],
                [
                    45,
                    46,
                    [
                        [
                            1503,
                            150
                        ],
                        [
                            1438,
                            150
                        ]
                    ],
                    false
                ],
                [
                    45,
                    47,
                    [
                        [
                            1577,
                            150
                        ],
                        [
                            1438,
                            150
                        ]
                    ],
                    true
                ],
                [
                    46,
                    47,
                    [
                        [
                            1577,
                            150
                        ],
                        [
                            1503,
                            150
                        ]
                    ],
                    false
                ]
            ],
            "stations": [
                {
                    "coord": [
                        895,
                        527
                    ],
                    "is_working": true,
                    "name": "Dalian Railway Station",
                    "rect": [
                        849,
                        537,
                        114,
                        15
                    ],
                    "text_id": 35,
                    "uid": 34
                },
                {
                    "coord": [
                        856,
                        488
                    ],
                    "is_working": true,
                    "name": "Xiangulijao",
                    "rect": [
                        873,
                        473,
                        57,
                        15
                    ],
                    "text_id": 36,
                    "uid": 35
                },
                {
                    "coord": [
                        856,
                        414
                    ],
                    "is_working": true,
                    "name": "Jinjiajie",
                    "rect": [
                        873,
                        412,
                        41,
                        15
                    ],
                    "text_id": 37,
                    "uid": 36
                },
                {
                    "coord": [
                        933,
                        337
                    ],
                    "is_working": true,
                    "name": "Quanshui",
                    "rect": [
                        944,
                        333,
                        49,
                        15
                    ],
                    "text_id": 38,
                    "uid": 37
                },
                {
                    "coord": [
                        998,
                        272
                    ],
                    "is_working": true,
                    "name": "Houyan",
                    "rect": [
                        1012,
                        271,
                        40,
                        15
                    ],
                    "text_id": 39,
                    "uid": 38
                },
                {
                    "coord": [
                        1041,
                        229
                    ],
                    "is_working": true,
                    "name": "Dalianwan",
                    "rect": [
                        1055,
                        240,
                        54,
                        15
                    ],
                    "text_id": 40,
                    "uid": 39
                },
                {
                    "coord": [
                        1121,
                        229
                    ],
                    "is_working": true,
                    "name": "Jinmalu",
                    "rect": [
                        1098,
                        205,
                        41,
                        15
                    ],
                    "text_id": 41,
                    "uid": 40
                },
                {
                    "coord": [
                        1212,
                        191
                    ],
                    "is_working": true,
                    "name": "Kaifaqu",
                    "rect": [
                        1223,
                        187,
                        40,
                        15
                    ],
                    "text_id": 42,
                    "uid": 41
                },
                {
                    "coord": [
                        1253,
                        150
                    ],
                    "is_working": true,
                    "name": "Baoshuiqu",
                    "rect": [
                        1258,
                        158,
                        55,
                        15
                    ],
                    "text_id": 43,
                    "uid": 42
                },
                {
                    "coord": [
                        1321,
                        150
                    ],
                    "is_working": false,
                    "name": "Gaochengshan",
                    "rect": [
                        1290,
                        127,
                        76,
                        15
                    ],
                    "text_id": 44,
                    "uid": 43
                },
                {
                    "coord": [
                        1379,
                        150
                    ],
                    "is_working": true,
                    "name": "DD Port",
                    "rect": [
                        1360,
                        159,
                        41,
                        15
                    ],
                    "text_id": 45,
                    "uid": 44
                },
                {
                    "coord": [
                        1438,
                        150
                    ],
                    "is_working": true,
                    "name": "Xiaoyaowan",
                    "rect": [
                        1410,
                        127,
                        62,
                        15
                    ],
                    "text_id": 46,
                    "uid": 45
                },
                {
                    "coord": [
                        1503,
                        150
                    ],
                    "is_working": false,
                    "name": "Huanghaidadao",
                    "rect": [
                        1470,
                        158,
                        79,
                        15
                    ],
                    "text_id": 47,
                    "uid": 46
                },
                {
                    "coord": [
                        1577,
                        150
                    ],
                    "is_working": true,
                    "name": "Jinshitan",
                    "rect": [
                        1550,
                        127,
                        47,
                        15
                    ],
                    "text_id": 48,
                    "uid": 47
                }
            ],
            "text_id": 49
        },
        {
            "labels_bg_color": "-1",
            "labels_color": "FF8000",
            "line_color": "FF8000",
            "line_width": 9,
            "name": "7",
            "segments": [
                [
                    48,
                    49,
                    [
                        [
                            1172,
                            166
                        ],
                        [
                            1197,
                            191
                        ]
                    ],
                    true
                ],
                [
                    49,
                    50,
                    [
                        [
                            1149,
                            143
                        ],
                        [
                            1172,
                            166
                        ]
                    ],
                    true
                ],
                [
                    50,
                    51,
                    [
                        [
                            1126,
                            120
                        ],
                        [
                            1149,
                            143
                        ]
                    ],
                    true
                ],
                [
                    51,
                    52,
                    [
                        [
                            1097,
                            91
                        ],
                        [
                            1126,
                            120
                        ]
                    ],
                    true
                ],
                [
                    52,
                    53,
                    [
                        [
                            1097,
                            48
                        ],
                        [
                            1097,
                            91
                        ]
                    ],
                    true
                ],
                [
                    53,
                    54,
                    [
                        [
                            1127,
                            18
                        ],
                        [
                            1097,
                            48
                        ]
                    ],
                    true
                ]
            ],
            "stations": [
                {
                    "coord": [
                        1197,
                        191
                    ],
                    "is_working": true,
                    "name": "Kaifaqu",
                    "rect": [
                        1144,
                        186,
                        40,
                        15
                    ],
                    "text_id": 42,
                    "uid": 48
                },
                {
                    "coord": [
                        1172,
                        166
                    ],
                    "is_working": true,
                    "name": "Tostem",
                    "rect": [
                        1124,
                        164,
                        38,
                        15
                    ],
                    "text_id": 50,
                    "uid": 49
                },
                {
                    "coord": [
                        1149,
                        143
                    ],
                    "is_working": true,
                    "name": "Phoenix Peak",
                    "rect": [
                        1069,
                        141,
                        70,
                        15
                    ],
                    "text_id": 51,
                    "uid": 50
                },
                {
                    "coord": [
                        1126,
                        120
                    ],
                    "is_working": true,
                    "name": "Dongshanlu",
                    "rect": [
                        1055,
                        118,
                        61,
                        15
                    ],
                    "text_id": 52,
                    "uid": 51
                },
                {
                    "coord": [
                        1097,
                        91
                    ],
                    "is_working": true,
                    "name": "Hepinglu",
                    "rect": [
                        1041,
                        84,
                        46,
                        15
                    ],
                    "text_id": 53,
                    "uid": 52
                },
                {
                    "coord": [
                        1097,
                        48
                    ],
                    "is_working": true,
                    "name": "Shijiuju",
                    "rect": [
                        1048,
                        40,
                        39,
                        15
                    ],
                    "text_id": 54,
                    "uid": 53
                },
                {
                    "coord": [
                        1127,
                        18
                    ],
                    "is_working": true,
                    "name": "Jiuli",
                    "rect": [
                        1094,
                        6,
                        23,
                        15
                    ],
                    "text_id": 55,
                    "uid": 54
                }
            ],
            "text_id": 56
        },
        {
            "labels_bg_color": "-1",
            "labels_color": "4F2D8C",
            "line_color": "4F2D8C",
            "line_width": 9,
            "name": "8",
            "segments": [
                [
                    55,
                    56,
                    [
                        [
                            392,
                            869
                        ],
                        [
                            447,
                            869
                        ]
                    ],
                    true
                ],
                [
                    56,
                    57,
                    [
                        [
                            341,
                            869
                        ],
                        [
                            392,
                            869
                        ]
                    ],
                    true
                ],
                [
                    57,
                    58,
                    [
                        [
                            290,
                            869
                        ],
                        [
                            341,
                            869
                        ]
                    ],
                    true
                ],
                [
                    58,
                    59,
                    [
                        [
                            230,
                            869
                        ],
                        [
                            290,
                            869
                        ]
                    ],
                    true
                ],
                [
                    59,
                    60,
                    [
                        [
                            172,
                            869
                        ],
                        [
                            230,
                            869
                        ]
                    ],
                    true
                ],
                [
                    60,
                    61,
                    [
                        [
                            113,
                            869
                        ],
                        [
                            172,
                            869
                        ]
                    ],
                    true
                ],
                [
                    61,
                    62,
                    [
                        [
                            55,
                            869
                        ],
                        [
                            113,
                            869
                        ]
                    ],
                    true
                ]
            ],
            "stations": [
                {
                    "coord": [
                        447,
                        869
                    ],
                    "is_working": true,
                    "name": "Hekou",
                    "rect": [
                        458,
                        862,
                        34,
                        15
                    ],
                    "text_id": 57,
                    "uid": 55
                },
                {
                    "coord": [
                        392,
                        869
                    ],
                    "is_working": true,
                    "name": "Caidaling",
                    "rect": [
                        366,
                        880,
                        49,
                        15
                    ],
                    "text_id": 58,
                    "uid": 56
                },
                {
                    "coord": [
                        341,
                        869
                    ],
                    "is_working": true,
                    "name": "Huangnichuan",
                    "rect": [
                        310,
                        843,
                        73,
                        15
                    ],
                    "text_id": 59,
                    "uid": 57
                },
                {
                    "coord": [
                        290,
                        869
                    ],
                    "is_working": true,
                    "name": "Longwangtang",
                    "rect": [
                        255,
                        881,
                        73,
                        15
                    ],
                    "text_id": 60,
                    "uid": 58
                },
                {
                    "coord": [
                        230,
                        869
                    ],
                    "is_working": true,
                    "name": "Tahewan",
                    "rect": [
                        204,
                        844,
                        46,
                        15
                    ],
                    "text_id": 61,
                    "uid": 59
                },
                {
                    "coord": [
                        172,
                        869
                    ],
                    "is_working": true,
                    "name": "Lushun",
                    "rect": [
                        155,
                        880,
                        38,
                        15
                    ],
                    "text_id": 62,
                    "uid": 60
                },
                {
                    "coord": [
                        113,
                        869
                    ],
                    "is_working": true,
                    "name": "Tieshanzhen",
                    "rect": [
                        85,
                        843,
                        64,
                        15
                    ],
                    "text_id": 63,
                    "uid": 61
                },
                {
                    "coord": [
                        55,
                        869
                    ],
                    "is_working": true,
                    "name": "Lushunxingang",
                    "rect": [
                        15,
                        880,
                        77,
                        15
                    ],
                    "text_id": 64,
                    "uid": 62
                }
            ],
            "text_id": 65
        }
    ],
    "lines_width": 9,
    "name": "metro",
    "name_text_id": 66,
    "stations_diameter": 15.0,
    "transfers": [
        [
            48,
            41,
            [
                1197,
                191
            ],
            [
                1212,
                191
            ]
        ],
        [
            12,
            25,
            [
                760,
                620
            ],
            [
                760,
                642
            ]
        ]
    ],
    "transports": [
        "metro"
    ],
    "type_name": "ROOT",
    "type_text_id": 67,
    "upper_case": false,
    "width": 1727,
    "word_wrap": false
}