{
    "lines": [
        {
            "delays": [],
            "name": "Line 1",
            "scheme": null,
            "segments": [
                [
                    0,
                    1,
                    null
                ],
                [
                    0,
                    2,
                    120
                ],
                [
                    1,
                    0,
                    null
                ],
                [
                    1,
                    2,
                    0
                ],
                [
                    2,
                    0,
                    120
                ],
                [
                    2,
                    1,
                    null
                ],
                [
                    2,
                    3,
                    120
                ],
                [
                    3,
                    2,
                    120
                ],
                [
                    3,
                    4,
                    120
                ],
                [
                    4,
                    3,
                    120
                ],
                [
                    4,
                    5,
                    120
                ],
                [
                    5,
                    4,
                    120
                ],
                [
                    5,
                    6,
                    120
                ],
                [
                    6,
                    5,
                    120
                ],
                [
                    6,
                    7,
                    120
                ],
                [
                    7,
                    6,
                    120
                ],
                [
                    7,
                    8,
                    120
                ],
                [
                    8,
                    7,
                    120
                ],
                [
                    8,
                    9,
                    120
                ],
                [
                    9,
                    8,
                    120
                ],
                [
                    9,
                    10,
                    120
                ],
                [
                    10,
                    9,
                    120
                ],
                [
                    10,
                    11,
                    120
                ],
                [
                    11,
                    10,
                    120
                ],
                [
                    11,
                    12,
                    120
                ],
                [
                    12,
                    11,
                    120
                ],
                [
                    12,
                    13,
                    120
                ],
                [
                    13,
                    12,
                    120
                ]
            ],
            "stations": [
                [
                    0,
                    "Albrook",
                    0
                ],
                [
                    1,
                    "Curundu",
                    1
                ],
                [
                    2,
                    "5 de Mayo",
                    2
                ],
                [
                    3,
                    "Loteria",
                    3
                ],
                [
                    4,
                    "Santo Tomas",
                    4
                ],
                [
                    5,
                    "Iglesia el Carmen",
                    5
                ],
                [
                    6,
                    "Via Argentina",
                    6
                ],
                [
                    7,
                    "Fernandez de Cordoba",
                    7
                ],
                [
                    8,
                    "El Ingenio",
                    8
                ],
                [
                    9,
                    "12 de Octubre",
                    9
                ],
                [
                    10,
                    "Pueblo Nuevo",
                    10
                ],
                [
                    11,
                    "San Miguelito",
                    11
                ],
                [
                    12,
                    "Pan de Azucar",
                    12
                ],
                [
                    13,
                    "Los Andes",
                    13
                ]
            ],
            "text_id": 14
        }
    ],
    "name": "metro",
    "transfers": [],
    "type_name": "Метро"
}