{
    "0": "Dakshineswar",
    "1": "Baranagar",
    "2": "Noapara",
    "3": "Dum Dum",
    "4": "Belgachhia",
    "5": "Shyambazar",
    "6": "Shovabazar",
    "7": "Girish Park",
    "8": "Mahatma Gandhi Rd",
    "9": "Central",
    "10": "Chandni Chowk",
    "11": "Esplanade",
    "12": "Park Street",
    "13": "Maidan",
    "14": "Rabindra Sadan",
    "15": "Bhowanipur",
    "16": "Jatindas Park",
    "17": "Kalighat",
    "18": "Rabindra Sarobar",
    "19": "Tollygunge",
    "20": "Mahanayak Uttam Kumar",
    "21": "Netaji",
    "22": "Masterda Surya Sen",
    "23": "Gitanjali",
    "24": "Kavi Nazrul",
    "25": "Shahid Khudiram",
    "26": "Kavi Subhash",
    "27": "1",
    "28": "Metro",
    "29": "ROOT",
    "30": "Shema ot 30.08.2013g.\nAvtor: Varlamov Dmitrij (www.chpeks.com)\nInformatsija vzjata s sajtov www.urbanrail.net",
    "31": "Imported from http://pmetro.su"
}