{
    "0": "Perrache",
    "1": "Ampere/Victor Hugo",
    "2": "Bellecour",
    "3": "Cordeliers",
    "4": "Hotel de Ville/Louis Pradel",
    "5": "Foch",
    "6": "Massena",
    "7": "Charpennes/Charles Hernu",
    "8": "Republique-Villeurbanne",
    "9": "Gratte-Ciel",
    "10": "Flachet",
    "11": "Cusset",
    "12": "L. Bonnevay/Astroballe",
    "13": "Vaulx-en Velin/La Soie",
    "14": "A",
    "15": "Brotteaux",
    "16": "Gare Part-Dieu/Vivier Merle",
    "17": "Place Guichard/Bourse du Travail",
    "18": "Saxe-Gambetta",
    "19": "Jean Mace",
    "20": "Place Jean Jaures",
    "21": "Debourg",
    "22": "Stade de Gerland",
    "23": "B",
    "24": "Croix-Paquet",
    "25": "Croix-Rousse",
    "26": "Henon",
    "27": "Cuire",
    "28": "C",
    "29": "Gare de Vaise",
    "30": "Valmy",
    "31": "Gorge de Loup",
    "32": "Vieux Lyon/Cathedrale St-Jean",
    "33": "Guillotiere",
    "34": "Garibaldi",
    "35": "Sans-Souci",
    "36": "Monplaisir-Lumiere",
    "37": "Grange Blanche",
    "38": "Laennec",
    "39": "Mermoz Pinel",
    "40": "Parilly",
    "41": "Gare de Venissieux",
    "42": "D",
    "43": "Fourviere",
    "44": "F1",
    "45": "Minimes/Theatres Romains",
    "46": "St Just",
    "47": "F2",
    "48": "IUT-Feyssine",
    "49": "Croix-Luizet",
    "50": "INSA-Einstein",
    "51": "La Doua-Gaston Berger",
    "52": "Universite Lyon 1",
    "53": "Condorcet",
    "54": "Le Tonkin",
    "55": "College Bellecombe",
    "56": "Thiers-Lafayette",
    "57": "Part-Dieu - Servient",
    "58": "Palais de Justice - Mairie du 3eme",
    "59": "Saxe-Prefecture",
    "60": "Liberte",
    "61": "Saint-Andre",
    "62": "Rue de l'Universite",
    "63": "Quai Claude Bernard",
    "64": "Suchet",
    "65": "Sainte-Blandine",
    "66": "Montrochet",
    "67": "T1",
    "68": "Centre Berthelot",
    "69": "Garibaldi - Berthelot",
    "70": "Route de Vienne",
    "71": "Jet d'eau Mendes France",
    "72": "Villon",
    "73": "Bachut/Mairie du 8eme",
    "74": "Jean XXIII/Maryse Bastie",
    "75": "Ambroise Pare",
    "76": "Vinatier",
    "77": "Essarts - Iris",
    "78": "Boutasse - Camille Rousset",
    "79": "Hotel de Ville - Bron",
    "80": "Les Alizes",
    "81": "Rebufer",
    "82": "Parilly - Universite",
    "83": "Europe - Universite",
    "84": "Porte des Alpes",
    "85": "Parc Technologique",
    "86": "Hauts de Feuilly",
    "87": "Salvador Allende",
    "88": "Alfred de Vigny",
    "89": "St-Priest-Hotel de Ville",
    "90": "Esplanade des Arts",
    "91": "Jules Ferry",
    "92": "Cordiere",
    "93": "St-Priest/Bel-Air",
    "94": "T2",
    "95": "Gare Part-Dieu/Villette",
    "96": "Dauphine Lacassagne",
    "97": "Reconnaissance Balzac",
    "98": "Gare de Villeurbanne",
    "99": "Bel Air - Les Brosses",
    "100": "Decines Centre",
    "101": "Decines/Grand Large",
    "102": "Meyzieu Gare",
    "103": "Meyzieu Z.I.",
    "104": "T3",
    "105": "Cite Internationale/Centre de Congres",
    "106": "Musee d’Art Contemporain",
    "107": "Interpol",
    "108": "Parc Tete d’Or-Churchill",
    "109": "Museum",
    "110": "Parc Tete d’Or-Duquesne",
    "111": "Vitton-Belges",
    "112": "Part Dieu-Jules Favre",
    "113": "C1",
    "114": "Gare St Paul",
    "115": "La Feuillee",
    "116": "Terreaux",
    "117": "Bat d’Argent",
    "118": "Cordeliers/Bourse",
    "119": "Moliere",
    "120": "Saxe-Lafayette",
    "121": "Les Halles/Paul Bocuse",
    "122": "Garibaldi-Lafayette",
    "123": "Ste-Genevieve",
    "124": "Alsace",
    "125": "Institut d’Art Contemporain",
    "126": "Verlaine",
    "127": "L. Braille-Montaland",
    "128": "Blanqui/Centre Memoires et Societe",
    "129": "Grandclement",
    "130": "Poizat",
    "131": "Bernaix",
    "132": "Cyprian Leon Blum",
    "133": "Bon Coin",
    "134": "Leon Blum",
    "135": "Pont des Planches",
    "136": "Lefevre",
    "137": "Cuzin Stalingrad",
    "138": "Vaulx Hotel de Ville",
    "139": "Grand Vire",
    "140": "Lesire",
    "141": "Mas du Taureau",
    "142": "Vaulx les Grolieres",
    "143": "Vaulx-en Velin/La Grappiniere",
    "144": "C3",
    "145": "Metro",
    "146": "ROOT",
    "147": "Shema ot 12.02.2008g.\nAvtor: Varlamov Dmitrij (www.chpeks.com)",
    "148": "Imported from http://pmetro.su"
}