{
    "lines": [
        {
            "delays": [],
            "name": "1",
            "scheme": null,
            "segments": [
                [
                    0,
                    1,
                    120
                ],
                [
                    1,
                    0,
                    120
                ],
                [
                    1,
                    2,
                    120
                ],
                [
                    2,
                    1,
                    120
                ],
                [
                    2,
                    3,
                    120
                ],
                [
                    3,
                    2,
                    120
                ],
                [
                    3,
                    4,
                    120
                ],
                [
                    4,
                    3,
                    120
                ],
                [
                    4,
                    5,
                    120
                ],
                [
                    5,
                    4,
                    120
                ],
                [
                    5,
                    6,
                    120
                ],
                [
                    6,
                    5,
                    120
                ],
                [
                    6,
                    7,
                    120
                ],
                [
                    7,
                    6,
                    120
                ],
                [
                    7,
                    8,
                    120
                ],
                [
                    8,
                    7,
                    120
                ],
                [
                    8,
                    9,
                    120
                ],
                [
                    9,
                    8,
                    120
                ]
            ],
            "stations": [
                [
                    0,
                    "Qods",
                    0
                ],
                [
                    1,
                    "Baharestan",
                    1
                ],
                [
                    2,
                    "Golestan",
                    2
                ],
                [
                    3,
                    "Shahid Mofatteh",
                    3
                ],
                [
                    4,
                    "Shahid Alikhani",
                    4
                ],
                [
                    5,
                    "Jaber",
                    5
                ],
                [
                    6,
                    "Kaveh",
                    6
                ],
                [
                    7,
                    "Shahid Shamran",
                    7
                ],
                [
                    8,
                    "Shahid Bahonar",
                    8
                ],
                [
                    9,
                    "Shohada",
                    9
                ]
            ],
            "text_id": 10
        }
    ],
    "name": "metro",
    "transfers": [],
    "type_name": "Метро"
}