{
    "0": "Azamino",
    "1": "Nakagawa",
    "2": "Center-Kita",
    "3": "Center-Minami",
    "4": "Nakamachidai",
    "5": "Nippa",
    "6": "Shin-Yokohama Kita",
    "7": "Shin-Yokohama",
    "8": "Kishine-Koen",
    "9": "Katakuracho",
    "10": "Mituzawa-Kamicho",
    "11": "Mituzawa-Shimocho",
    "12": "Yokohama",
    "13": "Takashimacho",
    "14": "Sakuragicho",
    "15": "Kannai",
    "16": "1",
    "17": "Isezaki-Chojamachi",
    "18": "Bandobashi",
    "19": "Yoshinocho",
    "20": "Maita",
    "21": "Gumyoji",
    "22": "Kamiooka",
    "23": "Konanchuo",
    "24": "Kaminagaya",
    "25": "Shimonagaya",
    "26": "Maioka",
    "27": "Totuka",
    "28": "Odoriba",
    "29": "Nakada",
    "30": "Tateba",
    "31": "Shimoiida",
    "32": "Shonandai",
    "33": "3",
    "34": "Hiyoshi",
    "35": "Hiyoshi-Honcho",
    "36": "Takata",
    "37": "Higashiyamata",
    "38": "Kitayamata",
    "39": "Tsuzuki-fureainooka",
    "40": "Kawawacho",
    "41": "Nakayama",
    "42": "4",
    "43": "Shin-takashima",
    "44": "Minatomirai",
    "45": "Bashamichi",
    "46": "Nihon-odori",
    "47": "Motomachi-Chukagai",
    "48": "Metro",
    "49": "ROOT",
    "50": "Shema ot 03.04.2008g.",
    "51": "Imported from http://pmetro.su"
}