{
    "city_id": 2800866,
    "comments_text_id": 79,
    "default_locale": "ru",
    "delays": [
        {
            "ranges": [
                "08:00-20:00"
            ],
            "type": "day",
            "weekdays": null
        },
        {
            "ranges": [
                "20:00-24:00",
                "00:00-05:00"
            ],
            "type": "night",
            "weekdays": null
        }
    ],
    "description_text_id": 78,
    "file": "Brussels.zip",
    "latitude": 50.85045,
    "locales": [
        "ru",
        "en"
    ],
    "longitude": 4.34878,
    "map_id": "Brussels.zip",
    "schemes": [
        {
            "default_transports": [
                "metro",
                "tram"
            ],
            "file": "schemes/metro.json",
            "name": "metro",
            "name_text_id": 76,
            "root": true,
            "transports": [
                "metro",
                "tram"
            ],
            "type_name": "ROOT",
            "type_text_id": 77
        }
    ],
    "timestamp": 1754438400.0,
    "transport_types": [
        "Трамвай",
        "Метро"
    ],
    "transports": [
        {
            "file": "transports/metro.json",
            "name": "metro",
            "type": "Метро"
        },
        {
            "file": "transports/tram.json",
            "name": "tram",
            "type": "Трамвай"
        }
    ]
}