{
    "default_transports": [
        "metro"
    ],
    "height": 1204,
    "images": [
        "res/schemes/warsaw.svg"
    ],
    "is_vector": true,
    "lines": [
        {
            "labels_bg_color": "-1",
            "labels_color": "07397D",
            "line_color": "07397D",
            "line_width": 9,
            "name": "I linia",
            "segments": [
                [
                    0,
                    1,
                    [
                        [
                            256,
                            416
                        ],
                        [
                            232,
                            400
                        ]
                    ],
                    true
                ],
                [
                    1,
                    2,
                    [
                        [
                            281,
                            436
                        ],
                        [
                            256,
                            416
                        ]
                    ],
                    true
                ],
                [
                    2,
                    3,
                    [
                        [
                            303,
                            452
                        ],
                        [
                            281,
                            436
                        ]
                    ],
                    true
                ],
                [
                    3,
                    4,
                    [
                        [
                            337,
                            476
                        ],
                        [
                            303,
                            452
                        ]
                    ],
                    true
                ],
                [
                    4,
                    5,
                    [
                        [
                            368,
                            487
                        ],
                        [
                            337,
                            476
                        ]
                    ],
                    true
                ],
                [
                    5,
                    6,
                    [
                        [
                            393,
                            530
                        ],
                        [
                            368,
                            487
                        ]
                    ],
                    true
                ],
                [
                    6,
                    7,
                    [
                        [
                            414,
                            581
                        ],
                        [
                            393,
                            530
                        ]
                    ],
                    true
                ],
                [
                    7,
                    8,
                    [
                        [
                            423,
                            623
                        ],
                        [
                            414,
                            581
                        ]
                    ],
                    true
                ],
                [
                    8,
                    9,
                    [
                        [
                            438,
                            654
                        ],
                        [
                            423,
                            623
                        ]
                    ],
                    true
                ],
                [
                    9,
                    10,
                    [
                        [
                            446.0,
                            693.0
                        ],
                        [
                            446.44,
                            690.21
                        ],
                        [
                            446.75,
                            687.47
                        ],
                        [
                            446.94,
                            684.77
                        ],
                        [
                            447.0,
                            682.12
                        ],
                        [
                            446.94,
                            679.52
                        ],
                        [
                            446.75,
                            676.97
                        ],
                        [
                            446.44,
                            674.46
                        ],
                        [
                            446.0,
                            672.0
                        ],
                        [
                            445.44,
                            669.59
                        ],
                        [
                            444.75,
                            667.22
                        ],
                        [
                            443.94,
                            664.9
                        ],
                        [
                            443.0,
                            662.62
                        ],
                        [
                            441.94,
                            660.4
                        ],
                        [
                            440.75,
                            658.22
                        ],
                        [
                            439.44,
                            656.09
                        ],
                        [
                            438.0,
                            654.0
                        ]
                    ],
                    true
                ],
                [
                    10,
                    11,
                    [
                        [
                            430.0,
                            742.0
                        ],
                        [
                            429.11,
                            739.19
                        ],
                        [
                            428.44,
                            736.5
                        ],
                        [
                            427.99,
                            733.94
                        ],
                        [
                            427.75,
                            731.5
                        ],
                        [
                            427.68,
                            729.15
                        ],
                        [
                            427.85,
                            726.94
                        ],
                        [
                            428.26,
                            724.87
                        ],
                        [
                            429.0,
                            723.0
                        ],
                        [
                            430.23,
                            721.45
                        ],
                        [
                            431.75,
                            720.06
                        ],
                        [
                            433.41,
                            718.76
                        ],
                        [
                            435.19,
                            717.5
                        ],
                        [
                            437.0,
                            716.24
                        ],
                        [
                            438.79,
                            714.94
                        ],
                        [
                            440.5,
                            713.55
                        ],
                        [
                            442.0,
                            712.0
                        ],
                        [
                            443.09,
                            710.13
                        ],
                        [
                            443.93,
                            708.06
                        ],
                        [
                            444.61,
                            705.85
                        ],
                        [
                            445.12,
                            703.5
                        ],
                        [
                            445.55,
                            701.06
                        ],
                        [
                            445.84,
                            698.5
                        ],
                        [
                            445.99,
                            695.81
                        ],
                        [
                            446.0,
                            693.0
                        ]
                    ],
                    true
                ],
                [
                    11,
                    12,
                    [
                        [
                            439,
                            774
                        ],
                        [
                            430,
                            742
                        ]
                    ],
                    true
                ],
                [
                    12,
                    13,
                    [
                        [
                            451,
                            814
                        ],
                        [
                            439,
                            774
                        ]
                    ],
                    true
                ],
                [
                    13,
                    14,
                    [
                        [
                            472.0,
                            853.0
                        ],
                        [
                            470.1,
                            851.15
                        ],
                        [
                            468.28,
                            849.22
                        ],
                        [
                            466.54,
                            847.21
                        ],
                        [
                            464.88,
                            845.12
                        ],
                        [
                            463.29,
                            842.96
                        ],
                        [
                            461.78,
                            840.72
                        ],
                        [
                            460.35,
                            838.4
                        ],
                        [
                            459.0,
                            836.0
                        ],
                        [
                            457.73,
                            833.52
                        ],
                        [
                            456.53,
                            830.97
                        ],
                        [
                            455.41,
                            828.34
                        ],
                        [
                            454.38,
                            825.62
                        ],
                        [
                            453.41,
                            822.84
                        ],
                        [
                            452.53,
                            819.97
                        ],
                        [
                            451.73,
                            817.02
                        ],
                        [
                            451.0,
                            814.0
                        ]
                    ],
                    true
                ],
                [
                    14,
                    15,
                    [
                        [
                            479.0,
                            890.0
                        ],
                        [
                            479.15,
                            886.63
                        ],
                        [
                            479.22,
                            883.41
                        ],
                        [
                            479.21,
                            880.32
                        ],
                        [
                            479.12,
                            877.38
                        ],
                        [
                            478.96,
                            874.57
                        ],
                        [
                            478.72,
                            871.91
                        ],
                        [
                            478.4,
                            869.38
                        ],
                        [
                            478.0,
                            867.0
                        ],
                        [
                            477.52,
                            864.76
                        ],
                        [
                            476.97,
                            862.66
                        ],
                        [
                            476.34,
                            860.7
                        ],
                        [
                            475.62,
                            858.88
                        ],
                        [
                            474.84,
                            857.2
                        ],
                        [
                            473.97,
                            855.66
                        ],
                        [
                            473.02,
                            854.26
                        ],
                        [
                            472.0,
                            853.0
                        ]
                    ],
                    true
                ],
                [
                    15,
                    16,
                    [
                        [
                            481.0,
                            936.0
                        ],
                        [
                            480.64,
                            935.94
                        ],
                        [
                            480.31,
                            935.5
                        ],
                        [
                            480.02,
                            934.69
                        ],
                        [
                            479.75,
                            933.5
                        ],
                        [
                            479.52,
                            931.94
                        ],
                        [
                            479.31,
                            930.0
                        ],
                        [
                            479.14,
                            927.69
                        ],
                        [
                            479.0,
                            925.0
                        ],
                        [
                            478.89,
                            921.94
                        ],
                        [
                            478.81,
                            918.5
                        ],
                        [
                            478.77,
                            914.69
                        ],
                        [
                            478.75,
                            910.5
                        ],
                        [
                            478.77,
                            905.94
                        ],
                        [
                            478.81,
                            901.0
                        ],
                        [
                            478.89,
                            895.69
                        ],
                        [
                            479.0,
                            890.0
                        ]
                    ],
                    true
                ],
                [
                    16,
                    17,
                    [
                        [
                            509,
                            967
                        ],
                        [
                            481,
                            936
                        ]
                    ],
                    true
                ],
                [
                    17,
                    18,
                    [
                        [
                            531,
                            987
                        ],
                        [
                            509,
                            967
                        ]
                    ],
                    true
                ],
                [
                    18,
                    19,
                    [
                        [
                            553,
                            1018
                        ],
                        [
                            531,
                            987
                        ]
                    ],
                    true
                ],
                [
                    19,
                    20,
                    [
                        [
                            579,
                            1054
                        ],
                        [
                            553,
                            1018
                        ]
                    ],
                    true
                ]
            ],
            "stations": [
                {
                    "coord": [
                        232,
                        400
                    ],
                    "is_working": true,
                    "name": "Mlociny",
                    "rect": [
                        181,
                        393,
                        41,
                        15
                    ],
                    "text_id": 0,
                    "uid": 0
                },
                {
                    "coord": [
                        256,
                        416
                    ],
                    "is_working": true,
                    "name": "Wawrzyszew",
                    "rect": [
                        179,
                        415,
                        66,
                        15
                    ],
                    "text_id": 1,
                    "uid": 1
                },
                {
                    "coord": [
                        281,
                        436
                    ],
                    "is_working": true,
                    "name": "Stare Bielany",
                    "rect": [
                        230,
                        432,
                        40,
                        28
                    ],
                    "text_id": 2,
                    "uid": 2
                },
                {
                    "coord": [
                        303,
                        452
                    ],
                    "is_working": true,
                    "name": "Slodowiec",
                    "rect": [
                        244,
                        457,
                        53,
                        15
                    ],
                    "text_id": 3,
                    "uid": 3
                },
                {
                    "coord": [
                        337,
                        476
                    ],
                    "is_working": true,
                    "name": "Marymont",
                    "rect": [
                        277,
                        474,
                        51,
                        15
                    ],
                    "text_id": 4,
                    "uid": 4
                },
                {
                    "coord": [
                        368,
                        487
                    ],
                    "is_working": true,
                    "name": "Plac Wilsona",
                    "rect": [
                        318,
                        488,
                        42,
                        28
                    ],
                    "text_id": 5,
                    "uid": 5
                },
                {
                    "coord": [
                        393,
                        530
                    ],
                    "is_working": true,
                    "name": "Dworzec Gdanski",
                    "rect": [
                        335,
                        519,
                        47,
                        28
                    ],
                    "text_id": 6,
                    "uid": 6
                },
                {
                    "coord": [
                        414,
                        581
                    ],
                    "is_working": true,
                    "name": "Ratusz Arsenal",
                    "rect": [
                        362,
                        568,
                        41,
                        28
                    ],
                    "text_id": 7,
                    "uid": 7
                },
                {
                    "coord": [
                        423,
                        623
                    ],
                    "is_working": true,
                    "name": "Swietokrzyska",
                    "rect": [
                        339,
                        606,
                        74,
                        15
                    ],
                    "text_id": 8,
                    "uid": 8
                },
                {
                    "coord": [
                        438,
                        654
                    ],
                    "is_working": true,
                    "name": "Centrum",
                    "rect": [
                        452,
                        658,
                        44,
                        15
                    ],
                    "text_id": 9,
                    "uid": 9
                },
                {
                    "coord": [
                        446,
                        693
                    ],
                    "is_working": true,
                    "name": "Politechnika",
                    "rect": [
                        457,
                        686,
                        63,
                        15
                    ],
                    "text_id": 10,
                    "uid": 10
                },
                {
                    "coord": [
                        430,
                        742
                    ],
                    "is_working": true,
                    "name": "Pole Mokotowskie",
                    "rect": [
                        441,
                        730,
                        67,
                        28
                    ],
                    "text_id": 11,
                    "uid": 11
                },
                {
                    "coord": [
                        439,
                        774
                    ],
                    "is_working": true,
                    "name": "Raclawicka",
                    "rect": [
                        450,
                        766,
                        60,
                        15
                    ],
                    "text_id": 12,
                    "uid": 12
                },
                {
                    "coord": [
                        451,
                        814
                    ],
                    "is_working": true,
                    "name": "Wierzbno",
                    "rect": [
                        462,
                        805,
                        48,
                        15
                    ],
                    "text_id": 13,
                    "uid": 13
                },
                {
                    "coord": [
                        472,
                        853
                    ],
                    "is_working": true,
                    "name": "Wilanowska",
                    "rect": [
                        483,
                        843,
                        62,
                        15
                    ],
                    "text_id": 14,
                    "uid": 14
                },
                {
                    "coord": [
                        479,
                        890
                    ],
                    "is_working": true,
                    "name": "Sluzew",
                    "rect": [
                        490,
                        882,
                        37,
                        15
                    ],
                    "text_id": 15,
                    "uid": 15
                },
                {
                    "coord": [
                        481,
                        936
                    ],
                    "is_working": true,
                    "name": "Ursynow",
                    "rect": [
                        492,
                        925,
                        46,
                        15
                    ],
                    "text_id": 16,
                    "uid": 16
                },
                {
                    "coord": [
                        509,
                        967
                    ],
                    "is_working": true,
                    "name": "Stoklosy",
                    "rect": [
                        520,
                        955,
                        45,
                        15
                    ],
                    "text_id": 17,
                    "uid": 17
                },
                {
                    "coord": [
                        531,
                        987
                    ],
                    "is_working": true,
                    "name": "Imielin",
                    "rect": [
                        543,
                        977,
                        35,
                        15
                    ],
                    "text_id": 18,
                    "uid": 18
                },
                {
                    "coord": [
                        553,
                        1018
                    ],
                    "is_working": true,
                    "name": "Natolin",
                    "rect": [
                        564,
                        1008,
                        37,
                        15
                    ],
                    "text_id": 19,
                    "uid": 19
                },
                {
                    "coord": [
                        579,
                        1054
                    ],
                    "is_working": true,
                    "name": "Kabaty",
                    "rect": [
                        590,
                        1047,
                        37,
                        15
                    ],
                    "text_id": 20,
                    "uid": 20
                }
            ],
            "text_id": 21
        },
        {
            "labels_bg_color": "-1",
            "labels_color": "D6221A",
            "line_color": "D6221A",
            "line_width": 9,
            "name": "II linia",
            "segments": [
                [
                    21,
                    22,
                    [
                        [
                            134.0,
                            614.0
                        ],
                        [
                            131.85,
                            613.14
                        ],
                        [
                            129.78,
                            612.56
                        ],
                        [
                            127.79,
                            612.27
                        ],
                        [
                            125.88,
                            612.25
                        ],
                        [
                            124.04,
                            612.47
                        ],
                        [
                            122.28,
                            612.99
                        ],
                        [
                            120.6,
                            613.81
                        ],
                        [
                            119.0,
                            615.0
                        ],
                        [
                            117.48,
                            616.7
                        ],
                        [
                            116.03,
                            618.73
                        ],
                        [
                            114.66,
                            620.99
                        ],
                        [
                            113.38,
                            623.44
                        ],
                        [
                            112.16,
                            626.02
                        ],
                        [
                            111.03,
                            628.68
                        ],
                        [
                            109.98,
                            631.37
                        ],
                        [
                            109.0,
                            634.0
                        ],
                        [
                            108.1,
                            636.39
                        ],
                        [
                            107.28,
                            638.67
                        ],
                        [
                            106.54,
                            640.91
                        ],
                        [
                            105.88,
                            643.12
                        ],
                        [
                            105.29,
                            645.36
                        ],
                        [
                            104.78,
                            647.59
                        ],
                        [
                            104.35,
                            649.8
                        ],
                        [
                            104.0,
                            652.0
                        ]
                    ],
                    false
                ],
                [
                    22,
                    23,
                    [
                        [
                            173,
                            616
                        ],
                        [
                            134,
                            614
                        ]
                    ],
                    false
                ],
                [
                    23,
                    24,
                    [
                        [
                            225,
                            611
                        ],
                        [
                            173,
                            616
                        ]
                    ],
                    false
                ],
                [
                    24,
                    25,
                    [
                        [
                            256,
                            615
                        ],
                        [
                            225,
                            611
                        ]
                    ],
                    false
                ],
                [
                    25,
                    26,
                    [
                        [
                            286,
                            619
                        ],
                        [
                            256,
                            615
                        ]
                    ],
                    false
                ],
                [
                    26,
                    27,
                    [
                        [
                            310,
                            623
                        ],
                        [
                            286,
                            619
                        ]
                    ],
                    false
                ],
                [
                    27,
                    28,
                    [
                        [
                            335.0,
                            640.0
                        ],
                        [
                            334.73,
                            637.88
                        ],
                        [
                            334.28,
                            635.91
                        ],
                        [
                            333.66,
                            634.07
                        ],
                        [
                            332.88,
                            632.38
                        ],
                        [
                            331.91,
                            630.82
                        ],
                        [
                            330.78,
                            629.41
                        ],
                        [
                            329.48,
                            628.13
                        ],
                        [
                            328.0,
                            627.0
                        ],
                        [
                            326.35,
                            626.01
                        ],
                        [
                            324.53,
                            625.16
                        ],
                        [
                            322.54,
                            624.45
                        ],
                        [
                            320.38,
                            623.88
                        ],
                        [
                            318.04,
                            623.45
                        ],
                        [
                            315.53,
                            623.16
                        ],
                        [
                            312.85,
                            623.01
                        ],
                        [
                            310.0,
                            623.0
                        ]
                    ],
                    false
                ],
                [
                    28,
                    29,
                    [
                        [
                            361.0,
                            655.0
                        ],
                        [
                            357.73,
                            655.82
                        ],
                        [
                            354.69,
                            656.41
                        ],
                        [
                            351.86,
                            656.76
                        ],
                        [
                            349.25,
                            656.88
                        ],
                        [
                            346.86,
                            656.76
                        ],
                        [
                            344.69,
                            656.41
                        ],
                        [
                            342.73,
                            655.82
                        ],
                        [
                            341.0,
                            655.0
                        ],
                        [
                            339.48,
                            653.95
                        ],
                        [
                            338.19,
                            652.66
                        ],
                        [
                            337.11,
                            651.13
                        ],
                        [
                            336.25,
                            649.38
                        ],
                        [
                            335.61,
                            647.38
                        ],
                        [
                            335.19,
                            645.16
                        ],
                        [
                            334.98,
                            642.7
                        ],
                        [
                            335.0,
                            640.0
                        ]
                    ],
                    true
                ],
                [
                    29,
                    30,
                    [
                        [
                            410,
                            640
                        ],
                        [
                            361,
                            655
                        ]
                    ],
                    true
                ],
                [
                    30,
                    31,
                    [
                        [
                            449,
                            628
                        ],
                        [
                            410,
                            640
                        ]
                    ],
                    true
                ],
                [
                    31,
                    32,
                    [
                        [
                            483,
                            619
                        ],
                        [
                            449,
                            628
                        ]
                    ],
                    true
                ],
                [
                    32,
                    33,
                    [
                        [
                            522.0,
                            583.0
                        ],
                        [
                            522.73,
                            583.84
                        ],
                        [
                            523.03,
                            584.88
                        ],
                        [
                            522.91,
                            586.09
                        ],
                        [
                            522.38,
                            587.5
                        ],
                        [
                            521.41,
                            589.09
                        ],
                        [
                            520.03,
                            590.88
                        ],
                        [
                            518.23,
                            592.84
                        ],
                        [
                            516.0,
                            595.0
                        ],
                        [
                            513.35,
                            597.34
                        ],
                        [
                            510.28,
                            599.88
                        ],
                        [
                            506.79,
                            602.59
                        ],
                        [
                            502.88,
                            605.5
                        ],
                        [
                            498.54,
                            608.59
                        ],
                        [
                            493.78,
                            611.88
                        ],
                        [
                            488.6,
                            615.34
                        ],
                        [
                            483.0,
                            619.0
                        ]
                    ],
                    true
                ],
                [
                    33,
                    34,
                    [
                        [
                            497.0,
                            549.0
                        ],
                        [
                            500.32,
                            551.36
                        ],
                        [
                            503.41,
                            553.69
                        ],
                        [
                            506.26,
                            555.98
                        ],
                        [
                            508.88,
                            558.25
                        ],
                        [
                            511.26,
                            560.48
                        ],
                        [
                            513.41,
                            562.69
                        ],
                        [
                            515.32,
                            564.86
                        ],
                        [
                            517.0,
                            567.0
                        ],
                        [
                            518.45,
                            569.11
                        ],
                        [
                            519.66,
                            571.19
                        ],
                        [
                            520.63,
                            573.23
                        ],
                        [
                            521.38,
                            575.25
                        ],
                        [
                            521.88,
                            577.23
                        ],
                        [
                            522.16,
                            579.19
                        ],
                        [
                            522.2,
                            581.11
                        ],
                        [
                            522.0,
                            583.0
                        ]
                    ],
                    true
                ],
                [
                    34,
                    35,
                    [
                        [
                            525.0,
                            515.0
                        ],
                        [
                            520.44,
                            516.89
                        ],
                        [
                            516.25,
                            518.81
                        ],
                        [
                            512.44,
                            520.77
                        ],
                        [
                            509.0,
                            522.75
                        ],
                        [
                            505.94,
                            524.77
                        ],
                        [
                            503.25,
                            526.81
                        ],
                        [
                            500.94,
                            528.89
                        ],
                        [
                            499.0,
                            531.0
                        ],
                        [
                            497.44,
                            533.14
                        ],
                        [
                            496.25,
                            535.31
                        ],
                        [
                            495.44,
                            537.52
                        ],
                        [
                            495.0,
                            539.75
                        ],
                        [
                            494.94,
                            542.02
                        ],
                        [
                            495.25,
                            544.31
                        ],
                        [
                            495.94,
                            546.64
                        ],
                        [
                            497.0,
                            549.0
                        ]
                    ],
                    false
                ],
                [
                    35,
                    36,
                    [
                        [
                            544.0,
                            483.0
                        ],
                        [
                            543.87,
                            485.94
                        ],
                        [
                            543.59,
                            488.75
                        ],
                        [
                            543.18,
                            491.44
                        ],
                        [
                            542.62,
                            494.0
                        ],
                        [
                            541.93,
                            496.44
                        ],
                        [
                            541.09,
                            498.75
                        ],
                        [
                            540.12,
                            500.94
                        ],
                        [
                            539.0,
                            503.0
                        ],
                        [
                            537.74,
                            504.94
                        ],
                        [
                            536.34,
                            506.75
                        ],
                        [
                            534.8,
                            508.44
                        ],
                        [
                            533.12,
                            510.0
                        ],
                        [
                            531.3,
                            511.44
                        ],
                        [
                            529.34,
                            512.75
                        ],
                        [
                            527.24,
                            513.94
                        ],
                        [
                            525.0,
                            515.0
                        ]
                    ],
                    false
                ],
                [
                    36,
                    37,
                    [
                        [
                            566.0,
                            407.0
                        ],
                        [
                            567.87,
                            411.33
                        ],
                        [
                            569.34,
                            415.56
                        ],
                        [
                            570.42,
                            419.7
                        ],
                        [
                            571.12,
                            423.75
                        ],
                        [
                            571.52,
                            427.7
                        ],
                        [
                            571.5,
                            431.55
                        ],
                        [
                            571.05,
                            435.32
                        ],
                        [
                            570.0,
                            439.0
                        ],
                        [
                            568.08,
                            442.61
                        ],
                        [
                            565.65,
                            446.13
                        ],
                        [
                            562.95,
                            449.56
                        ],
                        [
                            560.06,
                            452.88
                        ],
                        [
                            557.1,
                            456.08
                        ],
                        [
                            554.19,
                            459.18
                        ],
                        [
                            551.41,
                            462.16
                        ],
                        [
                            549.0,
                            465.0
                        ],
                        [
                            547.32,
                            467.7
                        ],
                        [
                            546.09,
                            470.26
                        ],
                        [
                            545.16,
                            472.69
                        ],
                        [
                            544.5,
                            475.0
                        ],
                        [
                            544.01,
                            477.19
                        ],
                        [
                            543.75,
                            479.25
                        ],
                        [
                            543.75,
                            481.19
                        ],
                        [
                            544.0,
                            483.0
                        ]
                    ],
                    false
                ],
                [
                    37,
                    38,
                    [
                        [
                            527.0,
                            384.0
                        ],
                        [
                            531.2,
                            383.21
                        ],
                        [
                            535.16,
                            382.72
                        ],
                        [
                            538.88,
                            382.52
                        ],
                        [
                            542.38,
                            382.62
                        ],
                        [
                            545.63,
                            383.02
                        ],
                        [
                            548.66,
                            383.72
                        ],
                        [
                            551.45,
                            384.71
                        ],
                        [
                            554.0,
                            386.0
                        ],
                        [
                            556.32,
                            387.59
                        ],
                        [
                            558.41,
                            389.47
                        ],
                        [
                            560.26,
                            391.65
                        ],
                        [
                            561.88,
                            394.12
                        ],
                        [
                            563.26,
                            396.9
                        ],
                        [
                            564.41,
                            399.97
                        ],
                        [
                            565.32,
                            403.34
                        ],
                        [
                            566.0,
                            407.0
                        ]
                    ],
                    false
                ],
                [
                    38,
                    39,
                    [
                        [
                            482,
                            379
                        ],
                        [
                            527,
                            384
                        ]
                    ],
                    false
                ]
            ],
            "stations": [
                {
                    "coord": [
                        104,
                        652
                    ],
                    "is_working": false,
                    "name": "Chrzanow",
                    "rect": [
                        96,
                        662,
                        15,
                        51
                    ],
                    "text_id": 22,
                    "uid": 21
                },
                {
                    "coord": [
                        134,
                        614
                    ],
                    "is_working": false,
                    "name": "Lazurowa",
                    "rect": [
                        127,
                        624,
                        15,
                        49
                    ],
                    "text_id": 23,
                    "uid": 22
                },
                {
                    "coord": [
                        173,
                        616
                    ],
                    "is_working": false,
                    "name": "Powstancow Slaskich",
                    "rect": [
                        165,
                        626,
                        15,
                        110
                    ],
                    "text_id": 24,
                    "uid": 23
                },
                {
                    "coord": [
                        225,
                        611
                    ],
                    "is_working": false,
                    "name": "Czluchowska",
                    "rect": [
                        217,
                        621,
                        15,
                        68
                    ],
                    "text_id": 25,
                    "uid": 24
                },
                {
                    "coord": [
                        256,
                        615
                    ],
                    "is_working": false,
                    "name": "Wolska",
                    "rect": [
                        248,
                        625,
                        15,
                        39
                    ],
                    "text_id": 26,
                    "uid": 25
                },
                {
                    "coord": [
                        286,
                        619
                    ],
                    "is_working": false,
                    "name": "Bema",
                    "rect": [
                        277,
                        629,
                        15,
                        31
                    ],
                    "text_id": 27,
                    "uid": 26
                },
                {
                    "coord": [
                        310,
                        623
                    ],
                    "is_working": false,
                    "name": "Plocka",
                    "rect": [
                        301,
                        633,
                        15,
                        36
                    ],
                    "text_id": 28,
                    "uid": 27
                },
                {
                    "coord": [
                        335,
                        640
                    ],
                    "is_working": true,
                    "name": "Rondo Daszynskiego",
                    "rect": [
                        319,
                        653,
                        15,
                        107
                    ],
                    "text_id": 29,
                    "uid": 28
                },
                {
                    "coord": [
                        361,
                        655
                    ],
                    "is_working": true,
                    "name": "ONZ Rondo",
                    "rect": [
                        353,
                        665,
                        15,
                        59
                    ],
                    "text_id": 30,
                    "uid": 29
                },
                {
                    "coord": [
                        410,
                        640
                    ],
                    "is_working": true,
                    "name": "Swietokrzyska",
                    "rect": [
                        392,
                        655,
                        15,
                        74
                    ],
                    "text_id": 8,
                    "uid": 30
                },
                {
                    "coord": [
                        449,
                        628
                    ],
                    "is_working": true,
                    "name": "Nowy Swiat-Uniwersytet",
                    "rect": [
                        459,
                        631,
                        91,
                        28
                    ],
                    "text_id": 31,
                    "uid": 31
                },
                {
                    "coord": [
                        483,
                        619
                    ],
                    "is_working": true,
                    "name": "Centrum Nauki Kopernik",
                    "rect": [
                        504,
                        610,
                        79,
                        28
                    ],
                    "text_id": 32,
                    "uid": 32
                },
                {
                    "coord": [
                        522,
                        583
                    ],
                    "is_working": true,
                    "name": "Stadion Narodowy",
                    "rect": [
                        532,
                        576,
                        52,
                        28
                    ],
                    "text_id": 33,
                    "uid": 33
                },
                {
                    "coord": [
                        497,
                        549
                    ],
                    "is_working": true,
                    "name": "Dworzec Wilenski",
                    "rect": [
                        440,
                        536,
                        47,
                        28
                    ],
                    "text_id": 34,
                    "uid": 34
                },
                {
                    "coord": [
                        525,
                        515
                    ],
                    "is_working": false,
                    "name": "Szwedzka",
                    "rect": [
                        535,
                        514,
                        51,
                        15
                    ],
                    "text_id": 35,
                    "uid": 35
                },
                {
                    "coord": [
                        544,
                        483
                    ],
                    "is_working": false,
                    "name": "Targowek",
                    "rect": [
                        554,
                        476,
                        50,
                        15
                    ],
                    "text_id": 36,
                    "uid": 36
                },
                {
                    "coord": [
                        566,
                        407
                    ],
                    "is_working": false,
                    "name": "Zacisze",
                    "rect": [
                        576,
                        399,
                        40,
                        15
                    ],
                    "text_id": 37,
                    "uid": 37
                },
                {
                    "coord": [
                        527,
                        384
                    ],
                    "is_working": false,
                    "name": "Kondratowicza",
                    "rect": [
                        502,
                        360,
                        75,
                        15
                    ],
                    "text_id": 38,
                    "uid": 38
                },
                {
                    "coord": [
                        482,
                        379
                    ],
                    "is_working": false,
                    "name": "Rembielinska",
                    "rect": [
                        402,
                        374,
                        70,
                        15
                    ],
                    "text_id": 39,
                    "uid": 39
                }
            ],
            "text_id": 40
        },
        {
            "labels_bg_color": "-1",
            "labels_color": "056032",
            "line_color": "056032",
            "line_width": 9,
            "name": "III linia",
            "segments": [
                [
                    40,
                    41,
                    [
                        [
                            537.0,
                            557.0
                        ],
                        [
                            535.01,
                            557.92
                        ],
                        [
                            533.16,
                            558.94
                        ],
                        [
                            531.45,
                            560.05
                        ],
                        [
                            529.88,
                            561.25
                        ],
                        [
                            528.45,
                            562.55
                        ],
                        [
                            527.16,
                            563.94
                        ],
                        [
                            526.01,
                            565.42
                        ],
                        [
                            525.0,
                            567.0
                        ],
                        [
                            524.13,
                            568.67
                        ],
                        [
                            523.41,
                            570.44
                        ],
                        [
                            522.82,
                            572.3
                        ],
                        [
                            522.38,
                            574.25
                        ],
                        [
                            522.07,
                            576.3
                        ],
                        [
                            521.91,
                            578.44
                        ],
                        [
                            521.88,
                            580.67
                        ],
                        [
                            522.0,
                            583.0
                        ]
                    ],
                    false
                ],
                [
                    41,
                    42,
                    [
                        [
                            584.0,
                            562.0
                        ],
                        [
                            579.3,
                            560.63
                        ],
                        [
                            574.84,
                            559.41
                        ],
                        [
                            570.62,
                            558.32
                        ],
                        [
                            566.62,
                            557.38
                        ],
                        [
                            562.87,
                            556.57
                        ],
                        [
                            559.34,
                            555.91
                        ],
                        [
                            556.05,
                            555.38
                        ],
                        [
                            553.0,
                            555.0
                        ],
                        [
                            550.18,
                            554.76
                        ],
                        [
                            547.59,
                            554.66
                        ],
                        [
                            545.24,
                            554.7
                        ],
                        [
                            543.12,
                            554.88
                        ],
                        [
                            541.24,
                            555.2
                        ],
                        [
                            539.59,
                            555.66
                        ],
                        [
                            538.18,
                            556.26
                        ],
                        [
                            537.0,
                            557.0
                        ]
                    ],
                    false
                ],
                [
                    42,
                    43,
                    [
                        [
                            625.0,
                            591.0
                        ],
                        [
                            625.34,
                            587.73
                        ],
                        [
                            625.47,
                            584.69
                        ],
                        [
                            625.39,
                            581.86
                        ],
                        [
                            625.12,
                            579.25
                        ],
                        [
                            624.69,
                            576.84
                        ],
                        [
                            624.04,
                            574.66
                        ],
                        [
                            623.16,
                            572.7
                        ],
                        [
                            622.0,
                            571.0
                        ],
                        [
                            620.44,
                            569.61
                        ],
                        [
                            618.62,
                            568.47
                        ],
                        [
                            616.65,
                            567.52
                        ],
                        [
                            614.56,
                            566.75
                        ],
                        [
                            612.4,
                            566.12
                        ],
                        [
                            610.21,
                            565.62
                        ],
                        [
                            608.05,
                            565.25
                        ],
                        [
                            606.0,
                            565.0
                        ],
                        [
                            604.24,
                            564.85
                        ],
                        [
                            602.63,
                            564.79
                        ],
                        [
                            601.1,
                            564.78
                        ],
                        [
                            599.62,
                            564.81
                        ],
                        [
                            598.17,
                            564.89
                        ],
                        [
                            596.74,
                            564.96
                        ],
                        [
                            595.36,
                            565.02
                        ],
                        [
                            594.0,
                            565.0
                        ],
                        [
                            592.65,
                            564.83
                        ],
                        [
                            591.32,
                            564.57
                        ],
                        [
                            590.02,
                            564.25
                        ],
                        [
                            588.75,
                            563.88
                        ],
                        [
                            587.52,
                            563.47
                        ],
                        [
                            586.31,
                            563.03
                        ],
                        [
                            585.14,
                            562.54
                        ],
                        [
                            584.0,
                            562.0
                        ]
                    ],
                    false
                ],
                [
                    43,
                    44,
                    [
                        [
                            628.0,
                            627.0
                        ],
                        [
                            627.46,
                            624.98
                        ],
                        [
                            626.97,
                            622.94
                        ],
                        [
                            626.52,
                            620.86
                        ],
                        [
                            626.12,
                            618.75
                        ],
                        [
                            625.77,
                            616.61
                        ],
                        [
                            625.47,
                            614.44
                        ],
                        [
                            625.21,
                            612.23
                        ],
                        [
                            625.0,
                            610.0
                        ],
                        [
                            624.84,
                            607.73
                        ],
                        [
                            624.72,
                            605.44
                        ],
                        [
                            624.65,
                            603.11
                        ],
                        [
                            624.62,
                            600.75
                        ],
                        [
                            624.65,
                            598.36
                        ],
                        [
                            624.72,
                            595.94
                        ],
                        [
                            624.84,
                            593.48
                        ],
                        [
                            625.0,
                            591.0
                        ]
                    ],
                    false
                ],
                [
                    44,
                    45,
                    [
                        [
                            629,
                            665
                        ],
                        [
                            628,
                            627
                        ]
                    ],
                    false
                ],
                [
                    45,
                    46,
                    [
                        [
                            669,
                            681
                        ],
                        [
                            629,
                            665
                        ]
                    ],
                    false
                ]
            ],
            "stations": [
                {
                    "coord": [
                        522,
                        583
                    ],
                    "is_working": false,
                    "name": "Praga Centrum",
                    "rect": null,
                    "text_id": 41,
                    "uid": 40
                },
                {
                    "coord": [
                        537,
                        557
                    ],
                    "is_working": false,
                    "name": "Dw.Wschodni",
                    "rect": [
                        517,
                        533,
                        70,
                        15
                    ],
                    "text_id": 42,
                    "uid": 41
                },
                {
                    "coord": [
                        584,
                        562
                    ],
                    "is_working": false,
                    "name": "Podskarbinska",
                    "rect": [
                        594,
                        544,
                        76,
                        15
                    ],
                    "text_id": 43,
                    "uid": 42
                },
                {
                    "coord": [
                        625,
                        591
                    ],
                    "is_working": false,
                    "name": "R.Wiatraczna",
                    "rect": [
                        635,
                        584,
                        68,
                        15
                    ],
                    "text_id": 44,
                    "uid": 43
                },
                {
                    "coord": [
                        628,
                        627
                    ],
                    "is_working": false,
                    "name": "Ostrobramska",
                    "rect": [
                        638,
                        619,
                        72,
                        15
                    ],
                    "text_id": 45,
                    "uid": 44
                },
                {
                    "coord": [
                        629,
                        665
                    ],
                    "is_working": false,
                    "name": "Orlik",
                    "rect": [
                        639,
                        648,
                        26,
                        15
                    ],
                    "text_id": 46,
                    "uid": 45
                },
                {
                    "coord": [
                        669,
                        681
                    ],
                    "is_working": false,
                    "name": "Wilga",
                    "rect": [
                        679,
                        674,
                        30,
                        15
                    ],
                    "text_id": 47,
                    "uid": 46
                }
            ],
            "text_id": 48
        }
    ],
    "lines_width": 9,
    "name": "metro",
    "name_text_id": 49,
    "stations_diameter": 15.0,
    "transfers": [
        [
            30,
            8,
            [
                410,
                640
            ],
            [
                423,
                623
            ]
        ]
    ],
    "transports": [
        "metro"
    ],
    "type_name": "ROOT",
    "type_text_id": 50,
    "upper_case": false,
    "width": 819,
    "word_wrap": true
}