{
    "default_transports": [
        "metro"
    ],
    "height": 850,
    "images": [
        "res/schemes/kazan.svg"
    ],
    "is_vector": true,
    "lines": [
        {
            "labels_bg_color": "-1",
            "labels_color": "D03036",
            "line_color": "D03036",
            "line_width": 9,
            "name": "Первая",
            "segments": [
                [
                    0,
                    1,
                    [
                        [
                            814,
                            656
                        ],
                        [
                            855,
                            700
                        ]
                    ],
                    true
                ],
                [
                    1,
                    2,
                    [
                        [
                            773,
                            614
                        ],
                        [
                            814,
                            656
                        ]
                    ],
                    true
                ],
                [
                    2,
                    3,
                    [
                        [
                            693,
                            585
                        ],
                        [
                            722.0,
                            594.0
                        ],
                        [
                            773,
                            614
                        ]
                    ],
                    true
                ],
                [
                    3,
                    4,
                    [
                        [
                            619,
                            514
                        ],
                        [
                            661.0,
                            560.0
                        ],
                        [
                            693,
                            585
                        ]
                    ],
                    true
                ],
                [
                    4,
                    5,
                    [
                        [
                            565,
                            455
                        ],
                        [
                            619,
                            514
                        ]
                    ],
                    true
                ],
                [
                    5,
                    6,
                    [
                        [
                            515,
                            405
                        ],
                        [
                            565,
                            455
                        ]
                    ],
                    true
                ],
                [
                    6,
                    7,
                    [
                        [
                            487,
                            297
                        ],
                        [
                            499.0,
                            389.0
                        ],
                        [
                            515,
                            405
                        ]
                    ],
                    true
                ],
                [
                    7,
                    8,
                    [
                        [
                            437,
                            245
                        ],
                        [
                            487,
                            297
                        ]
                    ],
                    true
                ],
                [
                    8,
                    9,
                    [
                        [
                            433,
                            187
                        ],
                        [
                            437,
                            245
                        ]
                    ],
                    true
                ],
                [
                    9,
                    10,
                    [
                        [
                            467,
                            120
                        ],
                        [
                            433,
                            187
                        ]
                    ],
                    true
                ]
            ],
            "stations": [
                {
                    "coord": [
                        855,
                        700
                    ],
                    "is_working": true,
                    "name": "Дубравная",
                    "rect": [
                        869,
                        692,
                        57,
                        15
                    ],
                    "text_id": 0,
                    "uid": 0
                },
                {
                    "coord": [
                        814,
                        656
                    ],
                    "is_working": true,
                    "name": "Проспект Победы",
                    "rect": [
                        830,
                        641,
                        95,
                        15
                    ],
                    "text_id": 1,
                    "uid": 1
                },
                {
                    "coord": [
                        773,
                        614
                    ],
                    "is_working": true,
                    "name": "Горки",
                    "rect": [
                        790,
                        602,
                        31,
                        15
                    ],
                    "text_id": 2,
                    "uid": 2
                },
                {
                    "coord": [
                        693,
                        585
                    ],
                    "is_working": true,
                    "name": "Аметьево",
                    "rect": [
                        707,
                        564,
                        53,
                        15
                    ],
                    "text_id": 3,
                    "uid": 3
                },
                {
                    "coord": [
                        619,
                        514
                    ],
                    "is_working": true,
                    "name": "Суконная слобода",
                    "rect": [
                        637,
                        500,
                        98,
                        15
                    ],
                    "text_id": 4,
                    "uid": 4
                },
                {
                    "coord": [
                        565,
                        455
                    ],
                    "is_working": true,
                    "name": "Площадь Тукая",
                    "rect": [
                        584,
                        443,
                        83,
                        15
                    ],
                    "text_id": 5,
                    "uid": 5
                },
                {
                    "coord": [
                        515,
                        405
                    ],
                    "is_working": true,
                    "name": "Кремлевская",
                    "rect": [
                        533,
                        393,
                        70,
                        15
                    ],
                    "text_id": 6,
                    "uid": 6
                },
                {
                    "coord": [
                        487,
                        297
                    ],
                    "is_working": true,
                    "name": "Козья слобода",
                    "rect": [
                        502,
                        287,
                        78,
                        15
                    ],
                    "text_id": 7,
                    "uid": 7
                },
                {
                    "coord": [
                        437,
                        245
                    ],
                    "is_working": true,
                    "name": "Яшьлек",
                    "rect": [
                        452,
                        234,
                        43,
                        15
                    ],
                    "text_id": 8,
                    "uid": 8
                },
                {
                    "coord": [
                        433,
                        187
                    ],
                    "is_working": true,
                    "name": "Северный вокзал",
                    "rect": [
                        450,
                        180,
                        93,
                        15
                    ],
                    "text_id": 9,
                    "uid": 9
                },
                {
                    "coord": [
                        467,
                        120
                    ],
                    "is_working": true,
                    "name": "Авиастроительная",
                    "rect": [
                        482,
                        114,
                        99,
                        15
                    ],
                    "text_id": 10,
                    "uid": 10
                }
            ],
            "text_id": 11
        }
    ],
    "lines_width": 9,
    "name": "metro",
    "name_text_id": 12,
    "stations_diameter": 19.0,
    "transfers": [],
    "transports": [
        "metro"
    ],
    "type_name": "ROOT",
    "type_text_id": 13,
    "upper_case": true,
    "width": 1005,
    "word_wrap": false
}