{
    "lines": [
        {
            "delays": [],
            "name": "Детская ж/д.",
            "scheme": null,
            "segments": [
                [
                    33,
                    34,
                    120
                ],
                [
                    34,
                    33,
                    120
                ],
                [
                    34,
                    35,
                    240
                ],
                [
                    35,
                    34,
                    240
                ]
            ],
            "stations": [
                [
                    33,
                    "Заслоново",
                    34
                ],
                [
                    34,
                    "Пионерская",
                    35
                ],
                [
                    35,
                    "Сосновый Бор",
                    36
                ]
            ],
            "text_id": 37
        }
    ],
    "name": "childtrain",
    "transfers": [
        [
            11,
            33,
            180,
            false
        ]
    ],
    "type_name": "Детская железная дорога"
}