{
    "lines": [
        {
            "delays": [
                300,
                120,
                180,
                120,
                180,
                360,
                600
            ],
            "name": "Московская",
            "scheme": "moskovskayaline",
            "segments": [
                [
                    0,
                    1,
                    120
                ],
                [
                    1,
                    0,
                    120
                ],
                [
                    1,
                    2,
                    120
                ],
                [
                    2,
                    1,
                    120
                ],
                [
                    2,
                    3,
                    120
                ],
                [
                    3,
                    2,
                    120
                ],
                [
                    3,
                    4,
                    130
                ],
                [
                    4,
                    3,
                    130
                ],
                [
                    4,
                    5,
                    95
                ],
                [
                    5,
                    4,
                    95
                ],
                [
                    5,
                    6,
                    120
                ],
                [
                    6,
                    5,
                    120
                ],
                [
                    6,
                    7,
                    120
                ],
                [
                    7,
                    6,
                    120
                ],
                [
                    7,
                    8,
                    85
                ],
                [
                    8,
                    7,
                    85
                ],
                [
                    8,
                    9,
                    104
                ],
                [
                    9,
                    8,
                    104
                ],
                [
                    9,
                    10,
                    95
                ],
                [
                    10,
                    9,
                    95
                ],
                [
                    10,
                    11,
                    90
                ],
                [
                    11,
                    10,
                    90
                ],
                [
                    11,
                    12,
                    124
                ],
                [
                    12,
                    11,
                    124
                ],
                [
                    12,
                    13,
                    99
                ],
                [
                    13,
                    12,
                    99
                ],
                [
                    13,
                    14,
                    110
                ],
                [
                    14,
                    13,
                    110
                ]
            ],
            "stations": [
                [
                    0,
                    "Малиновка",
                    0
                ],
                [
                    1,
                    "Петровщина",
                    1
                ],
                [
                    2,
                    "Михалово",
                    2
                ],
                [
                    3,
                    "Грушевка",
                    3
                ],
                [
                    4,
                    "Институт Культуры",
                    4
                ],
                [
                    5,
                    "Площадь Ленина",
                    5
                ],
                [
                    6,
                    "Октябрьская",
                    6
                ],
                [
                    7,
                    "Площадь Победы",
                    7
                ],
                [
                    8,
                    "Площадь Якуба Коласа",
                    8
                ],
                [
                    9,
                    "Академия наук",
                    9
                ],
                [
                    10,
                    "Парк Челюскинцев",
                    10
                ],
                [
                    11,
                    "Московская",
                    11
                ],
                [
                    12,
                    "Восток",
                    12
                ],
                [
                    13,
                    "Борисовский тракт",
                    13
                ],
                [
                    14,
                    "Уручье",
                    14
                ]
            ],
            "text_id": 11
        },
        {
            "delays": [
                300,
                120,
                180,
                120,
                180,
                360,
                600
            ],
            "name": "Автозаводская",
            "scheme": "avtozavodskaya",
            "segments": [
                [
                    15,
                    16,
                    134
                ],
                [
                    16,
                    15,
                    134
                ],
                [
                    16,
                    17,
                    155
                ],
                [
                    17,
                    16,
                    155
                ],
                [
                    17,
                    18,
                    124
                ],
                [
                    18,
                    17,
                    124
                ],
                [
                    18,
                    19,
                    145
                ],
                [
                    19,
                    18,
                    145
                ],
                [
                    19,
                    20,
                    110
                ],
                [
                    20,
                    19,
                    110
                ],
                [
                    20,
                    21,
                    110
                ],
                [
                    21,
                    20,
                    110
                ],
                [
                    21,
                    22,
                    85
                ],
                [
                    22,
                    21,
                    85
                ],
                [
                    22,
                    23,
                    124
                ],
                [
                    23,
                    22,
                    124
                ],
                [
                    23,
                    24,
                    115
                ],
                [
                    24,
                    23,
                    115
                ],
                [
                    24,
                    25,
                    134
                ],
                [
                    25,
                    24,
                    134
                ],
                [
                    25,
                    26,
                    110
                ],
                [
                    26,
                    25,
                    110
                ],
                [
                    26,
                    27,
                    140
                ],
                [
                    27,
                    26,
                    140
                ],
                [
                    27,
                    28,
                    79
                ],
                [
                    28,
                    27,
                    79
                ]
            ],
            "stations": [
                [
                    15,
                    "Могилевская",
                    15
                ],
                [
                    16,
                    "Автозаводская",
                    16
                ],
                [
                    17,
                    "Партизанская",
                    17
                ],
                [
                    18,
                    "Тракторный завод",
                    18
                ],
                [
                    19,
                    "Пролетарская",
                    19
                ],
                [
                    20,
                    "Первомайская",
                    20
                ],
                [
                    21,
                    "Купаловская",
                    21
                ],
                [
                    22,
                    "Немига",
                    22
                ],
                [
                    23,
                    "Фрунзенская",
                    23
                ],
                [
                    24,
                    "Молодежная",
                    24
                ],
                [
                    25,
                    "Пушкинская",
                    25
                ],
                [
                    26,
                    "Спортивная",
                    26
                ],
                [
                    27,
                    "Кунцевщина",
                    27
                ],
                [
                    28,
                    "Каменная Горка",
                    28
                ]
            ],
            "text_id": 16
        },
        {
            "delays": [
                300,
                120,
                180,
                120,
                180,
                360,
                600
            ],
            "name": "Зеленолужская",
            "scheme": "",
            "segments": [
                [
                    29,
                    30,
                    120
                ],
                [
                    30,
                    29,
                    120
                ],
                [
                    30,
                    31,
                    120
                ],
                [
                    31,
                    30,
                    120
                ],
                [
                    31,
                    32,
                    120
                ],
                [
                    32,
                    31,
                    120
                ]
            ],
            "stations": [
                [
                    29,
                    "Юбилейная площадь",
                    29
                ],
                [
                    30,
                    "Площадь Франтишка Богушевича",
                    30
                ],
                [
                    31,
                    "Вокзальная",
                    31
                ],
                [
                    32,
                    "Ковальская Слобода",
                    32
                ]
            ],
            "text_id": 33
        }
    ],
    "name": "metro",
    "transfers": [
        [
            6,
            21,
            120,
            true
        ],
        [
            29,
            23,
            120,
            true
        ],
        [
            31,
            5,
            120,
            true
        ]
    ],
    "type_name": "Метро"
}