{
    "default_transports": [
        "metro"
    ],
    "height": 1250,
    "images": [
        "res/schemes/1.svg"
    ],
    "is_vector": true,
    "lines": [
        {
            "labels_bg_color": "-1",
            "labels_color": "000000",
            "line_color": "02aa5a",
            "line_width": 18,
            "name": "1 GREEN ANGRIGNON - HONORЙ-BEAUGRAND",
            "segments": [
                [
                    0,
                    1,
                    [
                        [
                            200,
                            100
                        ],
                        [
                            200,
                            60
                        ]
                    ],
                    true
                ],
                [
                    1,
                    2,
                    [
                        [
                            200,
                            140
                        ],
                        [
                            200,
                            100
                        ]
                    ],
                    true
                ],
                [
                    2,
                    3,
                    [
                        [
                            200,
                            180
                        ],
                        [
                            200,
                            140
                        ]
                    ],
                    true
                ],
                [
                    3,
                    4,
                    [
                        [
                            200,
                            220
                        ],
                        [
                            200,
                            180
                        ]
                    ],
                    true
                ],
                [
                    4,
                    5,
                    [
                        [
                            200,
                            260
                        ],
                        [
                            200,
                            220
                        ]
                    ],
                    true
                ],
                [
                    5,
                    6,
                    [
                        [
                            200,
                            300
                        ],
                        [
                            200,
                            260
                        ]
                    ],
                    true
                ],
                [
                    6,
                    7,
                    [
                        [
                            200,
                            340
                        ],
                        [
                            200,
                            300
                        ]
                    ],
                    true
                ],
                [
                    7,
                    8,
                    [
                        [
                            200,
                            380
                        ],
                        [
                            200,
                            340
                        ]
                    ],
                    true
                ],
                [
                    8,
                    9,
                    [
                        [
                            200,
                            414
                        ],
                        [
                            200,
                            380
                        ]
                    ],
                    true
                ],
                [
                    9,
                    10,
                    [
                        [
                            200,
                            460
                        ],
                        [
                            200,
                            414
                        ]
                    ],
                    true
                ],
                [
                    10,
                    11,
                    [
                        [
                            200,
                            500
                        ],
                        [
                            200,
                            460
                        ]
                    ],
                    true
                ],
                [
                    11,
                    12,
                    [
                        [
                            200,
                            540
                        ],
                        [
                            200,
                            500
                        ]
                    ],
                    true
                ],
                [
                    12,
                    13,
                    [
                        [
                            200,
                            580
                        ],
                        [
                            200,
                            540
                        ]
                    ],
                    true
                ],
                [
                    13,
                    14,
                    [
                        [
                            200,
                            620
                        ],
                        [
                            200,
                            580
                        ]
                    ],
                    true
                ],
                [
                    14,
                    15,
                    [
                        [
                            200,
                            660
                        ],
                        [
                            200,
                            620
                        ]
                    ],
                    true
                ],
                [
                    15,
                    16,
                    [
                        [
                            200,
                            700
                        ],
                        [
                            200,
                            660
                        ]
                    ],
                    true
                ],
                [
                    16,
                    17,
                    [
                        [
                            200,
                            740
                        ],
                        [
                            200,
                            700
                        ]
                    ],
                    true
                ],
                [
                    17,
                    18,
                    [
                        [
                            200,
                            780
                        ],
                        [
                            200,
                            740
                        ]
                    ],
                    true
                ],
                [
                    18,
                    19,
                    [
                        [
                            200,
                            820
                        ],
                        [
                            200,
                            780
                        ]
                    ],
                    true
                ],
                [
                    19,
                    20,
                    [
                        [
                            200,
                            860
                        ],
                        [
                            200,
                            820
                        ]
                    ],
                    true
                ],
                [
                    20,
                    21,
                    [
                        [
                            200,
                            900
                        ],
                        [
                            200,
                            860
                        ]
                    ],
                    true
                ],
                [
                    21,
                    22,
                    [
                        [
                            200,
                            940
                        ],
                        [
                            200,
                            900
                        ]
                    ],
                    true
                ],
                [
                    22,
                    23,
                    [
                        [
                            200,
                            980
                        ],
                        [
                            200,
                            940
                        ]
                    ],
                    true
                ],
                [
                    23,
                    24,
                    [
                        [
                            200,
                            1020
                        ],
                        [
                            200,
                            980
                        ]
                    ],
                    true
                ],
                [
                    24,
                    25,
                    [
                        [
                            200,
                            1060
                        ],
                        [
                            200,
                            1020
                        ]
                    ],
                    true
                ],
                [
                    25,
                    26,
                    [
                        [
                            200,
                            1100
                        ],
                        [
                            200,
                            1060
                        ]
                    ],
                    true
                ]
            ],
            "stations": [
                {
                    "coord": [
                        200,
                        60
                    ],
                    "is_working": true,
                    "name": "Angrignon",
                    "rect": [
                        215,
                        50,
                        100,
                        20
                    ],
                    "text_id": 0,
                    "uid": 0
                },
                {
                    "coord": [
                        200,
                        100
                    ],
                    "is_working": true,
                    "name": "Monk",
                    "rect": [
                        215,
                        90,
                        100,
                        20
                    ],
                    "text_id": 1,
                    "uid": 1
                },
                {
                    "coord": [
                        200,
                        140
                    ],
                    "is_working": true,
                    "name": "Jolicoeur",
                    "rect": [
                        215,
                        130,
                        100,
                        20
                    ],
                    "text_id": 2,
                    "uid": 2
                },
                {
                    "coord": [
                        200,
                        180
                    ],
                    "is_working": true,
                    "name": "Verdun",
                    "rect": [
                        215,
                        170,
                        100,
                        20
                    ],
                    "text_id": 3,
                    "uid": 3
                },
                {
                    "coord": [
                        200,
                        220
                    ],
                    "is_working": true,
                    "name": "De L'Йglise",
                    "rect": [
                        215,
                        210,
                        100,
                        20
                    ],
                    "text_id": 4,
                    "uid": 4
                },
                {
                    "coord": [
                        200,
                        260
                    ],
                    "is_working": true,
                    "name": "LaSalle",
                    "rect": [
                        215,
                        250,
                        100,
                        20
                    ],
                    "text_id": 5,
                    "uid": 5
                },
                {
                    "coord": [
                        200,
                        300
                    ],
                    "is_working": true,
                    "name": "Charlevoix",
                    "rect": [
                        215,
                        290,
                        100,
                        20
                    ],
                    "text_id": 6,
                    "uid": 6
                },
                {
                    "coord": [
                        200,
                        340
                    ],
                    "is_working": true,
                    "name": "Lionel-Groulx",
                    "rect": [
                        215,
                        330,
                        100,
                        20
                    ],
                    "text_id": 7,
                    "uid": 7
                },
                {
                    "coord": [
                        200,
                        380
                    ],
                    "is_working": true,
                    "name": "Atwater",
                    "rect": [
                        215,
                        370,
                        100,
                        20
                    ],
                    "text_id": 8,
                    "uid": 8
                },
                {
                    "coord": [
                        200,
                        414
                    ],
                    "is_working": true,
                    "name": "Guy-Concordia",
                    "rect": [
                        215,
                        410,
                        100,
                        20
                    ],
                    "text_id": 9,
                    "uid": 9
                },
                {
                    "coord": [
                        200,
                        460
                    ],
                    "is_working": true,
                    "name": "Peel",
                    "rect": [
                        215,
                        450,
                        100,
                        20
                    ],
                    "text_id": 10,
                    "uid": 10
                },
                {
                    "coord": [
                        200,
                        500
                    ],
                    "is_working": true,
                    "name": "McGill",
                    "rect": [
                        215,
                        490,
                        100,
                        20
                    ],
                    "text_id": 11,
                    "uid": 11
                },
                {
                    "coord": [
                        200,
                        540
                    ],
                    "is_working": true,
                    "name": "Place des Arts",
                    "rect": [
                        215,
                        530,
                        100,
                        20
                    ],
                    "text_id": 12,
                    "uid": 12
                },
                {
                    "coord": [
                        200,
                        580
                    ],
                    "is_working": true,
                    "name": "Saint-Laurent",
                    "rect": [
                        215,
                        570,
                        100,
                        20
                    ],
                    "text_id": 13,
                    "uid": 13
                },
                {
                    "coord": [
                        200,
                        620
                    ],
                    "is_working": true,
                    "name": "Berri-UQAM",
                    "rect": [
                        215,
                        610,
                        100,
                        20
                    ],
                    "text_id": 14,
                    "uid": 14
                },
                {
                    "coord": [
                        200,
                        660
                    ],
                    "is_working": true,
                    "name": "Beaudry",
                    "rect": [
                        215,
                        650,
                        100,
                        20
                    ],
                    "text_id": 15,
                    "uid": 15
                },
                {
                    "coord": [
                        200,
                        700
                    ],
                    "is_working": true,
                    "name": "Papineau",
                    "rect": [
                        215,
                        690,
                        100,
                        20
                    ],
                    "text_id": 16,
                    "uid": 16
                },
                {
                    "coord": [
                        200,
                        740
                    ],
                    "is_working": true,
                    "name": "Frontenac",
                    "rect": [
                        215,
                        730,
                        100,
                        20
                    ],
                    "text_id": 17,
                    "uid": 17
                },
                {
                    "coord": [
                        200,
                        780
                    ],
                    "is_working": true,
                    "name": "Prйfontaine",
                    "rect": [
                        215,
                        770,
                        100,
                        20
                    ],
                    "text_id": 18,
                    "uid": 18
                },
                {
                    "coord": [
                        200,
                        820
                    ],
                    "is_working": true,
                    "name": "Joliette",
                    "rect": [
                        215,
                        810,
                        100,
                        20
                    ],
                    "text_id": 19,
                    "uid": 19
                },
                {
                    "coord": [
                        200,
                        860
                    ],
                    "is_working": true,
                    "name": "Pie-IX",
                    "rect": [
                        215,
                        850,
                        100,
                        20
                    ],
                    "text_id": 20,
                    "uid": 20
                },
                {
                    "coord": [
                        200,
                        900
                    ],
                    "is_working": true,
                    "name": "Viau",
                    "rect": [
                        215,
                        890,
                        100,
                        20
                    ],
                    "text_id": 21,
                    "uid": 21
                },
                {
                    "coord": [
                        200,
                        940
                    ],
                    "is_working": true,
                    "name": "Assomption",
                    "rect": [
                        215,
                        930,
                        100,
                        20
                    ],
                    "text_id": 22,
                    "uid": 22
                },
                {
                    "coord": [
                        200,
                        980
                    ],
                    "is_working": true,
                    "name": "Cadillac",
                    "rect": [
                        215,
                        970,
                        100,
                        20
                    ],
                    "text_id": 23,
                    "uid": 23
                },
                {
                    "coord": [
                        200,
                        1020
                    ],
                    "is_working": true,
                    "name": "Langelier",
                    "rect": [
                        215,
                        1010,
                        100,
                        20
                    ],
                    "text_id": 24,
                    "uid": 24
                },
                {
                    "coord": [
                        200,
                        1060
                    ],
                    "is_working": true,
                    "name": "Radisson",
                    "rect": [
                        215,
                        1050,
                        100,
                        20
                    ],
                    "text_id": 25,
                    "uid": 25
                },
                {
                    "coord": [
                        200,
                        1100
                    ],
                    "is_working": true,
                    "name": "Honorй-Beaugrand",
                    "rect": [
                        215,
                        1090,
                        100,
                        20
                    ],
                    "text_id": 26,
                    "uid": 26
                }
            ],
            "text_id": 27
        },
        {
            "labels_bg_color": "-1",
            "labels_color": "000000",
            "line_color": "f68736",
            "line_width": 18,
            "name": "2 ORANGE CФTE-VERTU - MONTMORENCY",
            "segments": [],
            "stations": [
                {
                    "coord": null,
                    "is_working": true,
                    "name": "Cфte-Vertu",
                    "rect": null,
                    "text_id": 28,
                    "uid": 27
                },
                {
                    "coord": null,
                    "is_working": true,
                    "name": "Du Collиge",
                    "rect": null,
                    "text_id": 29,
                    "uid": 28
                },
                {
                    "coord": null,
                    "is_working": true,
                    "name": "De La Savane",
                    "rect": null,
                    "text_id": 30,
                    "uid": 29
                },
                {
                    "coord": null,
                    "is_working": true,
                    "name": "Namur",
                    "rect": null,
                    "text_id": 31,
                    "uid": 30
                },
                {
                    "coord": null,
                    "is_working": true,
                    "name": "Plamondon",
                    "rect": null,
                    "text_id": 32,
                    "uid": 31
                },
                {
                    "coord": null,
                    "is_working": true,
                    "name": "Cфte-Sainte-Catherine",
                    "rect": null,
                    "text_id": 33,
                    "uid": 32
                },
                {
                    "coord": null,
                    "is_working": true,
                    "name": "Snowdon",
                    "rect": null,
                    "text_id": 34,
                    "uid": 33
                },
                {
                    "coord": null,
                    "is_working": true,
                    "name": "Villa-Maria",
                    "rect": null,
                    "text_id": 35,
                    "uid": 34
                },
                {
                    "coord": null,
                    "is_working": true,
                    "name": "Vendфme",
                    "rect": null,
                    "text_id": 36,
                    "uid": 35
                },
                {
                    "coord": null,
                    "is_working": true,
                    "name": "Place-St-Henri",
                    "rect": null,
                    "text_id": 37,
                    "uid": 36
                },
                {
                    "coord": [
                        181,
                        340
                    ],
                    "is_working": true,
                    "name": "Lionel-Groulx",
                    "rect": [
                        60,
                        330,
                        100,
                        20
                    ],
                    "text_id": 7,
                    "uid": 37
                },
                {
                    "coord": null,
                    "is_working": true,
                    "name": "Georges-Vanier",
                    "rect": null,
                    "text_id": 38,
                    "uid": 38
                },
                {
                    "coord": null,
                    "is_working": true,
                    "name": "Lucien-l'Allier",
                    "rect": null,
                    "text_id": 39,
                    "uid": 39
                },
                {
                    "coord": null,
                    "is_working": true,
                    "name": "Bonaventure",
                    "rect": null,
                    "text_id": 40,
                    "uid": 40
                },
                {
                    "coord": null,
                    "is_working": true,
                    "name": "Square-Victoria",
                    "rect": null,
                    "text_id": 41,
                    "uid": 41
                },
                {
                    "coord": null,
                    "is_working": true,
                    "name": "Place-d'Armes",
                    "rect": null,
                    "text_id": 42,
                    "uid": 42
                },
                {
                    "coord": null,
                    "is_working": true,
                    "name": "Champ-de-Mars",
                    "rect": null,
                    "text_id": 43,
                    "uid": 43
                },
                {
                    "coord": [
                        181,
                        600
                    ],
                    "is_working": true,
                    "name": "Berri-UQAM",
                    "rect": [
                        60,
                        590,
                        100,
                        20
                    ],
                    "text_id": 14,
                    "uid": 44
                },
                {
                    "coord": null,
                    "is_working": true,
                    "name": "Sherbrooke",
                    "rect": null,
                    "text_id": 44,
                    "uid": 45
                },
                {
                    "coord": null,
                    "is_working": true,
                    "name": "Mont-Royal",
                    "rect": null,
                    "text_id": 45,
                    "uid": 46
                },
                {
                    "coord": null,
                    "is_working": true,
                    "name": "Laurier",
                    "rect": null,
                    "text_id": 46,
                    "uid": 47
                },
                {
                    "coord": null,
                    "is_working": true,
                    "name": "Rosemont",
                    "rect": null,
                    "text_id": 47,
                    "uid": 48
                },
                {
                    "coord": null,
                    "is_working": true,
                    "name": "Beaubien",
                    "rect": null,
                    "text_id": 48,
                    "uid": 49
                },
                {
                    "coord": null,
                    "is_working": true,
                    "name": "Jean-Talon",
                    "rect": null,
                    "text_id": 49,
                    "uid": 50
                },
                {
                    "coord": null,
                    "is_working": true,
                    "name": "Jarry",
                    "rect": null,
                    "text_id": 50,
                    "uid": 51
                },
                {
                    "coord": null,
                    "is_working": true,
                    "name": "Crйmazie",
                    "rect": null,
                    "text_id": 51,
                    "uid": 52
                },
                {
                    "coord": null,
                    "is_working": true,
                    "name": "Sauvй",
                    "rect": null,
                    "text_id": 52,
                    "uid": 53
                },
                {
                    "coord": null,
                    "is_working": true,
                    "name": "Henri-Bourassa",
                    "rect": null,
                    "text_id": 53,
                    "uid": 54
                },
                {
                    "coord": null,
                    "is_working": true,
                    "name": "Cartier",
                    "rect": null,
                    "text_id": 54,
                    "uid": 55
                },
                {
                    "coord": null,
                    "is_working": true,
                    "name": "Concorde",
                    "rect": null,
                    "text_id": 55,
                    "uid": 56
                },
                {
                    "coord": null,
                    "is_working": true,
                    "name": "Montmorency",
                    "rect": null,
                    "text_id": 56,
                    "uid": 57
                }
            ],
            "text_id": 57
        },
        {
            "labels_bg_color": "-1",
            "labels_color": "000000",
            "line_color": "fdd925",
            "line_width": 18,
            "name": "4 YELLOW BERRI-UQAM - LONGUEUIL",
            "segments": [],
            "stations": [
                {
                    "coord": [
                        181,
                        640
                    ],
                    "is_working": true,
                    "name": "Berri-UQAM",
                    "rect": [
                        60,
                        630,
                        100,
                        20
                    ],
                    "text_id": 14,
                    "uid": 70
                },
                {
                    "coord": null,
                    "is_working": true,
                    "name": "Jean-Drapeau",
                    "rect": null,
                    "text_id": 69,
                    "uid": 71
                },
                {
                    "coord": null,
                    "is_working": true,
                    "name": "Longueuil",
                    "rect": null,
                    "text_id": 70,
                    "uid": 72
                }
            ],
            "text_id": 71
        }
    ],
    "lines_width": 18,
    "name": "1",
    "name_text_id": 27,
    "stations_diameter": 16.0,
    "transfers": [
        [
            7,
            37,
            [
                200,
                340
            ],
            [
                181,
                340
            ]
        ],
        [
            14,
            44,
            [
                200,
                620
            ],
            [
                181,
                600
            ]
        ],
        [
            14,
            70,
            [
                200,
                620
            ],
            [
                181,
                640
            ]
        ],
        [
            44,
            70,
            [
                181,
                600
            ],
            [
                181,
                640
            ]
        ]
    ],
    "transports": [
        "metro"
    ],
    "type_name": "Метро",
    "type_text_id": 74,
    "upper_case": true,
    "width": 350,
    "word_wrap": true
}