{
    "default_transports": [
        "metro"
    ],
    "height": 1290,
    "images": [
        "res/schemes/2.svg"
    ],
    "is_vector": true,
    "lines": [
        {
            "labels_bg_color": "-1",
            "labels_color": "000000",
            "line_color": "02aa5a",
            "line_width": 18,
            "name": "1 GREEN ANGRIGNON - HONORЙ-BEAUGRAND",
            "segments": [],
            "stations": [
                {
                    "coord": null,
                    "is_working": true,
                    "name": "Angrignon",
                    "rect": null,
                    "text_id": 0,
                    "uid": 0
                },
                {
                    "coord": null,
                    "is_working": true,
                    "name": "Monk",
                    "rect": null,
                    "text_id": 1,
                    "uid": 1
                },
                {
                    "coord": null,
                    "is_working": true,
                    "name": "Jolicoeur",
                    "rect": null,
                    "text_id": 2,
                    "uid": 2
                },
                {
                    "coord": null,
                    "is_working": true,
                    "name": "Verdun",
                    "rect": null,
                    "text_id": 3,
                    "uid": 3
                },
                {
                    "coord": null,
                    "is_working": true,
                    "name": "De L'Йglise",
                    "rect": null,
                    "text_id": 4,
                    "uid": 4
                },
                {
                    "coord": null,
                    "is_working": true,
                    "name": "LaSalle",
                    "rect": null,
                    "text_id": 5,
                    "uid": 5
                },
                {
                    "coord": null,
                    "is_working": true,
                    "name": "Charlevoix",
                    "rect": null,
                    "text_id": 6,
                    "uid": 6
                },
                {
                    "coord": [
                        181,
                        460
                    ],
                    "is_working": true,
                    "name": "Lionel-Groulx",
                    "rect": [
                        60,
                        450,
                        100,
                        20
                    ],
                    "text_id": 7,
                    "uid": 7
                },
                {
                    "coord": null,
                    "is_working": true,
                    "name": "Atwater",
                    "rect": null,
                    "text_id": 8,
                    "uid": 8
                },
                {
                    "coord": null,
                    "is_working": true,
                    "name": "Guy-Concordia",
                    "rect": null,
                    "text_id": 9,
                    "uid": 9
                },
                {
                    "coord": null,
                    "is_working": true,
                    "name": "Peel",
                    "rect": null,
                    "text_id": 10,
                    "uid": 10
                },
                {
                    "coord": null,
                    "is_working": true,
                    "name": "McGill",
                    "rect": null,
                    "text_id": 11,
                    "uid": 11
                },
                {
                    "coord": null,
                    "is_working": true,
                    "name": "Place des Arts",
                    "rect": null,
                    "text_id": 12,
                    "uid": 12
                },
                {
                    "coord": null,
                    "is_working": true,
                    "name": "Saint-Laurent",
                    "rect": null,
                    "text_id": 13,
                    "uid": 13
                },
                {
                    "coord": [
                        181,
                        720
                    ],
                    "is_working": true,
                    "name": "Berri-UQAM",
                    "rect": [
                        60,
                        710,
                        100,
                        20
                    ],
                    "text_id": 14,
                    "uid": 14
                },
                {
                    "coord": null,
                    "is_working": true,
                    "name": "Beaudry",
                    "rect": null,
                    "text_id": 15,
                    "uid": 15
                },
                {
                    "coord": null,
                    "is_working": true,
                    "name": "Papineau",
                    "rect": null,
                    "text_id": 16,
                    "uid": 16
                },
                {
                    "coord": null,
                    "is_working": true,
                    "name": "Frontenac",
                    "rect": null,
                    "text_id": 17,
                    "uid": 17
                },
                {
                    "coord": null,
                    "is_working": true,
                    "name": "Prйfontaine",
                    "rect": null,
                    "text_id": 18,
                    "uid": 18
                },
                {
                    "coord": null,
                    "is_working": true,
                    "name": "Joliette",
                    "rect": null,
                    "text_id": 19,
                    "uid": 19
                },
                {
                    "coord": null,
                    "is_working": true,
                    "name": "Pie-IX",
                    "rect": null,
                    "text_id": 20,
                    "uid": 20
                },
                {
                    "coord": null,
                    "is_working": true,
                    "name": "Viau",
                    "rect": null,
                    "text_id": 21,
                    "uid": 21
                },
                {
                    "coord": null,
                    "is_working": true,
                    "name": "Assomption",
                    "rect": null,
                    "text_id": 22,
                    "uid": 22
                },
                {
                    "coord": null,
                    "is_working": true,
                    "name": "Cadillac",
                    "rect": null,
                    "text_id": 23,
                    "uid": 23
                },
                {
                    "coord": null,
                    "is_working": true,
                    "name": "Langelier",
                    "rect": null,
                    "text_id": 24,
                    "uid": 24
                },
                {
                    "coord": null,
                    "is_working": true,
                    "name": "Radisson",
                    "rect": null,
                    "text_id": 25,
                    "uid": 25
                },
                {
                    "coord": null,
                    "is_working": true,
                    "name": "Honorй-Beaugrand",
                    "rect": null,
                    "text_id": 26,
                    "uid": 26
                }
            ],
            "text_id": 27
        },
        {
            "labels_bg_color": "-1",
            "labels_color": "000000",
            "line_color": "f68736",
            "line_width": 18,
            "name": "2 ORANGE CФTE-VERTU - MONTMORENCY",
            "segments": [
                [
                    27,
                    28,
                    [
                        [
                            200,
                            100
                        ],
                        [
                            200,
                            60
                        ]
                    ],
                    true
                ],
                [
                    28,
                    29,
                    [
                        [
                            200,
                            140
                        ],
                        [
                            200,
                            100
                        ]
                    ],
                    true
                ],
                [
                    29,
                    30,
                    [
                        [
                            200,
                            180
                        ],
                        [
                            200,
                            140
                        ]
                    ],
                    true
                ],
                [
                    30,
                    31,
                    [
                        [
                            200,
                            220
                        ],
                        [
                            200,
                            180
                        ]
                    ],
                    true
                ],
                [
                    31,
                    32,
                    [
                        [
                            200,
                            260
                        ],
                        [
                            200,
                            220
                        ]
                    ],
                    true
                ],
                [
                    32,
                    33,
                    [
                        [
                            200,
                            300
                        ],
                        [
                            200,
                            260
                        ]
                    ],
                    true
                ],
                [
                    33,
                    34,
                    [
                        [
                            200,
                            340
                        ],
                        [
                            200,
                            300
                        ]
                    ],
                    true
                ],
                [
                    34,
                    35,
                    [
                        [
                            200,
                            380
                        ],
                        [
                            200,
                            340
                        ]
                    ],
                    true
                ],
                [
                    35,
                    36,
                    [
                        [
                            200,
                            414
                        ],
                        [
                            200,
                            380
                        ]
                    ],
                    true
                ],
                [
                    36,
                    37,
                    [
                        [
                            200,
                            460
                        ],
                        [
                            200,
                            414
                        ]
                    ],
                    true
                ],
                [
                    37,
                    38,
                    [
                        [
                            200,
                            500
                        ],
                        [
                            200,
                            460
                        ]
                    ],
                    true
                ],
                [
                    38,
                    39,
                    [
                        [
                            200,
                            540
                        ],
                        [
                            200,
                            500
                        ]
                    ],
                    true
                ],
                [
                    39,
                    40,
                    [
                        [
                            200,
                            580
                        ],
                        [
                            200,
                            540
                        ]
                    ],
                    true
                ],
                [
                    40,
                    41,
                    [
                        [
                            200,
                            620
                        ],
                        [
                            200,
                            580
                        ]
                    ],
                    true
                ],
                [
                    41,
                    42,
                    [
                        [
                            200,
                            660
                        ],
                        [
                            200,
                            620
                        ]
                    ],
                    true
                ],
                [
                    42,
                    43,
                    [
                        [
                            200,
                            700
                        ],
                        [
                            200,
                            660
                        ]
                    ],
                    true
                ],
                [
                    43,
                    44,
                    [
                        [
                            200,
                            740
                        ],
                        [
                            200,
                            700
                        ]
                    ],
                    true
                ],
                [
                    44,
                    45,
                    [
                        [
                            200,
                            780
                        ],
                        [
                            200,
                            740
                        ]
                    ],
                    true
                ],
                [
                    45,
                    46,
                    [
                        [
                            200,
                            820
                        ],
                        [
                            200,
                            780
                        ]
                    ],
                    true
                ],
                [
                    46,
                    47,
                    [
                        [
                            200,
                            860
                        ],
                        [
                            200,
                            820
                        ]
                    ],
                    true
                ],
                [
                    47,
                    48,
                    [
                        [
                            200,
                            900
                        ],
                        [
                            200,
                            860
                        ]
                    ],
                    true
                ],
                [
                    48,
                    49,
                    [
                        [
                            200,
                            940
                        ],
                        [
                            200,
                            900
                        ]
                    ],
                    true
                ],
                [
                    49,
                    50,
                    [
                        [
                            200,
                            980
                        ],
                        [
                            200,
                            940
                        ]
                    ],
                    true
                ],
                [
                    50,
                    51,
                    [
                        [
                            200,
                            1020
                        ],
                        [
                            200,
                            980
                        ]
                    ],
                    true
                ],
                [
                    51,
                    52,
                    [
                        [
                            200,
                            1060
                        ],
                        [
                            200,
                            1020
                        ]
                    ],
                    true
                ],
                [
                    52,
                    53,
                    [
                        [
                            200,
                            1100
                        ],
                        [
                            200,
                            1060
                        ]
                    ],
                    true
                ],
                [
                    53,
                    54,
                    [
                        [
                            200,
                            1140
                        ],
                        [
                            200,
                            1100
                        ]
                    ],
                    true
                ]
            ],
            "stations": [
                {
                    "coord": [
                        200,
                        60
                    ],
                    "is_working": true,
                    "name": "Cфte-Vertu",
                    "rect": [
                        215,
                        50,
                        100,
                        20
                    ],
                    "text_id": 28,
                    "uid": 27
                },
                {
                    "coord": [
                        200,
                        100
                    ],
                    "is_working": true,
                    "name": "Du Collиge",
                    "rect": [
                        215,
                        90,
                        100,
                        20
                    ],
                    "text_id": 29,
                    "uid": 28
                },
                {
                    "coord": [
                        200,
                        140
                    ],
                    "is_working": true,
                    "name": "De La Savane",
                    "rect": [
                        215,
                        130,
                        100,
                        20
                    ],
                    "text_id": 30,
                    "uid": 29
                },
                {
                    "coord": [
                        200,
                        180
                    ],
                    "is_working": true,
                    "name": "Namur",
                    "rect": [
                        215,
                        170,
                        100,
                        20
                    ],
                    "text_id": 31,
                    "uid": 30
                },
                {
                    "coord": [
                        200,
                        220
                    ],
                    "is_working": true,
                    "name": "Plamondon",
                    "rect": [
                        215,
                        210,
                        100,
                        20
                    ],
                    "text_id": 32,
                    "uid": 31
                },
                {
                    "coord": [
                        200,
                        260
                    ],
                    "is_working": true,
                    "name": "Cфte-Sainte-Catherine",
                    "rect": [
                        215,
                        250,
                        100,
                        20
                    ],
                    "text_id": 33,
                    "uid": 32
                },
                {
                    "coord": [
                        200,
                        300
                    ],
                    "is_working": true,
                    "name": "Snowdon",
                    "rect": [
                        215,
                        290,
                        100,
                        20
                    ],
                    "text_id": 34,
                    "uid": 33
                },
                {
                    "coord": [
                        200,
                        340
                    ],
                    "is_working": true,
                    "name": "Villa-Maria",
                    "rect": [
                        215,
                        330,
                        100,
                        20
                    ],
                    "text_id": 35,
                    "uid": 34
                },
                {
                    "coord": [
                        200,
                        380
                    ],
                    "is_working": true,
                    "name": "Vendфme",
                    "rect": [
                        215,
                        370,
                        100,
                        20
                    ],
                    "text_id": 36,
                    "uid": 35
                },
                {
                    "coord": [
                        200,
                        414
                    ],
                    "is_working": true,
                    "name": "Place-St-Henri",
                    "rect": [
                        215,
                        410,
                        100,
                        20
                    ],
                    "text_id": 37,
                    "uid": 36
                },
                {
                    "coord": [
                        200,
                        460
                    ],
                    "is_working": true,
                    "name": "Lionel-Groulx",
                    "rect": [
                        215,
                        450,
                        100,
                        20
                    ],
                    "text_id": 7,
                    "uid": 37
                },
                {
                    "coord": [
                        200,
                        500
                    ],
                    "is_working": true,
                    "name": "Georges-Vanier",
                    "rect": [
                        215,
                        490,
                        100,
                        20
                    ],
                    "text_id": 38,
                    "uid": 38
                },
                {
                    "coord": [
                        200,
                        540
                    ],
                    "is_working": true,
                    "name": "Lucien-l'Allier",
                    "rect": [
                        215,
                        530,
                        100,
                        20
                    ],
                    "text_id": 39,
                    "uid": 39
                },
                {
                    "coord": [
                        200,
                        580
                    ],
                    "is_working": true,
                    "name": "Bonaventure",
                    "rect": [
                        215,
                        570,
                        100,
                        20
                    ],
                    "text_id": 40,
                    "uid": 40
                },
                {
                    "coord": [
                        200,
                        620
                    ],
                    "is_working": true,
                    "name": "Square-Victoria",
                    "rect": [
                        215,
                        610,
                        100,
                        20
                    ],
                    "text_id": 41,
                    "uid": 41
                },
                {
                    "coord": [
                        200,
                        660
                    ],
                    "is_working": true,
                    "name": "Place-d'Armes",
                    "rect": [
                        215,
                        650,
                        100,
                        20
                    ],
                    "text_id": 42,
                    "uid": 42
                },
                {
                    "coord": [
                        200,
                        700
                    ],
                    "is_working": true,
                    "name": "Champ-de-Mars",
                    "rect": [
                        215,
                        690,
                        100,
                        20
                    ],
                    "text_id": 43,
                    "uid": 43
                },
                {
                    "coord": [
                        200,
                        740
                    ],
                    "is_working": true,
                    "name": "Berri-UQAM",
                    "rect": [
                        215,
                        730,
                        100,
                        20
                    ],
                    "text_id": 14,
                    "uid": 44
                },
                {
                    "coord": [
                        200,
                        780
                    ],
                    "is_working": true,
                    "name": "Sherbrooke",
                    "rect": [
                        215,
                        770,
                        100,
                        20
                    ],
                    "text_id": 44,
                    "uid": 45
                },
                {
                    "coord": [
                        200,
                        820
                    ],
                    "is_working": true,
                    "name": "Mont-Royal",
                    "rect": [
                        215,
                        810,
                        100,
                        20
                    ],
                    "text_id": 45,
                    "uid": 46
                },
                {
                    "coord": [
                        200,
                        860
                    ],
                    "is_working": true,
                    "name": "Laurier",
                    "rect": [
                        215,
                        850,
                        100,
                        20
                    ],
                    "text_id": 46,
                    "uid": 47
                },
                {
                    "coord": [
                        200,
                        900
                    ],
                    "is_working": true,
                    "name": "Rosemont",
                    "rect": [
                        215,
                        890,
                        100,
                        20
                    ],
                    "text_id": 47,
                    "uid": 48
                },
                {
                    "coord": [
                        200,
                        940
                    ],
                    "is_working": true,
                    "name": "Beaubien",
                    "rect": [
                        215,
                        930,
                        100,
                        20
                    ],
                    "text_id": 48,
                    "uid": 49
                },
                {
                    "coord": [
                        200,
                        980
                    ],
                    "is_working": true,
                    "name": "Jean-Talon",
                    "rect": [
                        215,
                        970,
                        100,
                        20
                    ],
                    "text_id": 49,
                    "uid": 50
                },
                {
                    "coord": [
                        200,
                        1020
                    ],
                    "is_working": true,
                    "name": "Jarry",
                    "rect": [
                        215,
                        1010,
                        100,
                        20
                    ],
                    "text_id": 50,
                    "uid": 51
                },
                {
                    "coord": [
                        200,
                        1060
                    ],
                    "is_working": true,
                    "name": "Crйmazie",
                    "rect": [
                        215,
                        1050,
                        100,
                        20
                    ],
                    "text_id": 51,
                    "uid": 52
                },
                {
                    "coord": [
                        200,
                        1100
                    ],
                    "is_working": true,
                    "name": "Sauvй",
                    "rect": [
                        215,
                        1090,
                        100,
                        20
                    ],
                    "text_id": 52,
                    "uid": 53
                },
                {
                    "coord": [
                        200,
                        1140
                    ],
                    "is_working": true,
                    "name": "Henri-Bourassa",
                    "rect": [
                        215,
                        1130,
                        100,
                        20
                    ],
                    "text_id": 53,
                    "uid": 54
                },
                {
                    "coord": null,
                    "is_working": true,
                    "name": "Cartier",
                    "rect": null,
                    "text_id": 54,
                    "uid": 55
                },
                {
                    "coord": null,
                    "is_working": true,
                    "name": "Concorde",
                    "rect": null,
                    "text_id": 55,
                    "uid": 56
                },
                {
                    "coord": null,
                    "is_working": true,
                    "name": "Montmorency",
                    "rect": null,
                    "text_id": 56,
                    "uid": 57
                }
            ],
            "text_id": 57
        },
        {
            "labels_bg_color": "-1",
            "labels_color": "000000",
            "line_color": "038ace",
            "line_width": 18,
            "name": "3 BLUE SNOWDON - SAINT-MICHEL",
            "segments": [],
            "stations": [
                {
                    "coord": [
                        181,
                        300
                    ],
                    "is_working": true,
                    "name": "Snowdon",
                    "rect": [
                        60,
                        290,
                        100,
                        20
                    ],
                    "text_id": 34,
                    "uid": 58
                },
                {
                    "coord": null,
                    "is_working": true,
                    "name": "Cфte-des-Neiges",
                    "rect": null,
                    "text_id": 58,
                    "uid": 59
                },
                {
                    "coord": null,
                    "is_working": true,
                    "name": "Universitй-de-Montrйal",
                    "rect": null,
                    "text_id": 59,
                    "uid": 60
                },
                {
                    "coord": null,
                    "is_working": true,
                    "name": "Йdouard-Montpetit",
                    "rect": null,
                    "text_id": 60,
                    "uid": 61
                },
                {
                    "coord": null,
                    "is_working": true,
                    "name": "Outremont",
                    "rect": null,
                    "text_id": 61,
                    "uid": 62
                },
                {
                    "coord": null,
                    "is_working": true,
                    "name": "Acadie",
                    "rect": null,
                    "text_id": 62,
                    "uid": 63
                },
                {
                    "coord": null,
                    "is_working": true,
                    "name": "Parc",
                    "rect": null,
                    "text_id": 63,
                    "uid": 64
                },
                {
                    "coord": null,
                    "is_working": true,
                    "name": "De Castelnau",
                    "rect": null,
                    "text_id": 64,
                    "uid": 65
                },
                {
                    "coord": [
                        181,
                        980
                    ],
                    "is_working": true,
                    "name": "Jean-Talon",
                    "rect": [
                        60,
                        970,
                        100,
                        20
                    ],
                    "text_id": 49,
                    "uid": 66
                },
                {
                    "coord": null,
                    "is_working": true,
                    "name": "Fabre",
                    "rect": null,
                    "text_id": 65,
                    "uid": 67
                },
                {
                    "coord": null,
                    "is_working": true,
                    "name": "D'Iberville",
                    "rect": null,
                    "text_id": 66,
                    "uid": 68
                },
                {
                    "coord": null,
                    "is_working": true,
                    "name": "Saint-Michel",
                    "rect": null,
                    "text_id": 67,
                    "uid": 69
                }
            ],
            "text_id": 68
        },
        {
            "labels_bg_color": "-1",
            "labels_color": "000000",
            "line_color": "fdd925",
            "line_width": 18,
            "name": "4 YELLOW BERRI-UQAM - LONGUEUIL",
            "segments": [],
            "stations": [
                {
                    "coord": [
                        181,
                        760
                    ],
                    "is_working": true,
                    "name": "Berri-UQAM",
                    "rect": [
                        60,
                        750,
                        100,
                        20
                    ],
                    "text_id": 14,
                    "uid": 70
                },
                {
                    "coord": null,
                    "is_working": true,
                    "name": "Jean-Drapeau",
                    "rect": null,
                    "text_id": 69,
                    "uid": 71
                },
                {
                    "coord": null,
                    "is_working": true,
                    "name": "Longueuil",
                    "rect": null,
                    "text_id": 70,
                    "uid": 72
                }
            ],
            "text_id": 71
        }
    ],
    "lines_width": 18,
    "name": "2",
    "name_text_id": 57,
    "stations_diameter": 16.0,
    "transfers": [
        [
            7,
            37,
            [
                181,
                460
            ],
            [
                200,
                460
            ]
        ],
        [
            14,
            44,
            [
                181,
                720
            ],
            [
                200,
                740
            ]
        ],
        [
            14,
            70,
            [
                181,
                720
            ],
            [
                181,
                760
            ]
        ],
        [
            44,
            70,
            [
                200,
                740
            ],
            [
                181,
                760
            ]
        ],
        [
            33,
            58,
            [
                200,
                300
            ],
            [
                181,
                300
            ]
        ],
        [
            50,
            66,
            [
                200,
                980
            ],
            [
                181,
                980
            ]
        ]
    ],
    "transports": [
        "metro"
    ],
    "type_name": "Метро",
    "type_text_id": 74,
    "upper_case": true,
    "width": 350,
    "word_wrap": true
}