{
    "0": "Dnepr",
    "1": "Istoricheskij Muzej",
    "2": "Tsentral'naja",
    "3": "Teatral'naja",
    "4": "Vokzal'naja",
    "5": "Metrostroitelej",
    "6": "Metallurgov",
    "7": "Zavodskaja",
    "8": "Prospekt Svobody",
    "9": "Pokrovskaja",
    "10": "Parus",
    "11": "Parus-2",
    "12": "Tsentral'no-zavodskaja",
    "13": "Metro",
    "14": "ROOT",
    "15": "Shema ot 16.01.2018g.\nInformatsija o vremeni proezda:\n- Artem Kostjuk\nInformatsija po stantsijam - Artem Kostjuk.\nGlubina stantsij, tip i data otkrytija - Fedor Nikulin.",
    "16": "Imported from http://pmetro.su"
}