{
    "0": "Днепр",
    "1": "Исторический Музей",
    "2": "Центральная",
    "3": "Театральная",
    "4": "Вокзальная",
    "5": "Метростроителей",
    "6": "Металлургов",
    "7": "Заводская",
    "8": "Проспект Свободы",
    "9": "Покровская",
    "10": "Парус",
    "11": "Парус-2",
    "12": "Центрально-заводская",
    "13": "Метро",
    "14": "ROOT",
    "15": "Схема от 16.01.2018г.\nИнформация о времени проезда:\n- Артем Костюк\nИнформация по станциям - Артем Костюк.\nГлубина станций, тип и дата открытия - Федор Никулин.",
    "16": "Imported from http://pmetro.su"
}