{
    "0": "West Meixi Lake",
    "1": "Luyun Road",
    "2": "Culture and Arts Center",
    "3": "East Meixi Lake",
    "4": "Wangchengpo",
    "5": "Jinxing Road",
    "6": "Xihu Park",
    "7": "Yingwanzhen",
    "8": "Juzizhou",
    "9": "Xiangjiang Middle Road",
    "10": "Wuyi Square",
    "11": "Furong Square",
    "12": "Yingbin Road",
    "13": "Yuanjialing",
    "14": "Railway Station",
    "15": "Jintai Square",
    "16": "Wanjiali Square",
    "17": "Renmin East Road",
    "18": "Changsha Avenue",
    "19": "Shawan Park",
    "20": "Duhua Road",
    "21": "South Railway Station",
    "22": "Guangda",
    "23": "2",
    "24": "Метро",
    "25": "ROOT",
    "26": "Схема от 13.03.2016г.",
    "27": "Imported from http://pmetro.su"
}