{
    "0": "Angrignon",
    "1": "Monk",
    "2": "Jolicoeur",
    "3": "Verdun",
    "4": "De L'Jglise",
    "5": "LaSalle",
    "6": "Charlevoix",
    "7": "Lionel-Groulx",
    "8": "Atwater",
    "9": "Guy-Concordia",
    "10": "Peel",
    "11": "McGill",
    "12": "Place des Arts",
    "13": "Saint-Laurent",
    "14": "Berri-UQAM",
    "15": "Beaudry",
    "16": "Papineau",
    "17": "Frontenac",
    "18": "Prjfontaine",
    "19": "Joliette",
    "20": "Pie-IX",
    "21": "Viau",
    "22": "Assomption",
    "23": "Cadillac",
    "24": "Langelier",
    "25": "Radisson",
    "26": "Honorj-Beaugrand",
    "27": "1 GREEN ANGRIGNON - HONORJ-BEAUGRAND",
    "28": "Cfte-Vertu",
    "29": "Du Collige",
    "30": "De La Savane",
    "31": "Namur",
    "32": "Plamondon",
    "33": "Cfte-Sainte-Catherine",
    "34": "Snowdon",
    "35": "Villa-Maria",
    "36": "Vendfme",
    "37": "Place-St-Henri",
    "38": "Georges-Vanier",
    "39": "Lucien-l'Allier",
    "40": "Bonaventure",
    "41": "Square-Victoria",
    "42": "Place-d'Armes",
    "43": "Champ-de-Mars",
    "44": "Sherbrooke",
    "45": "Mont-Royal",
    "46": "Laurier",
    "47": "Rosemont",
    "48": "Beaubien",
    "49": "Jean-Talon",
    "50": "Jarry",
    "51": "Crjmazie",
    "52": "Sauvj",
    "53": "Henri-Bourassa",
    "54": "Cartier",
    "55": "Concorde",
    "56": "Montmorency",
    "57": "2 ORANGE CFTE-VERTU - MONTMORENCY",
    "58": "Cfte-des-Neiges",
    "59": "Universitj-de-Montrjal",
    "60": "Jdouard-Montpetit",
    "61": "Outremont",
    "62": "Acadie",
    "63": "Parc",
    "64": "De Castelnau",
    "65": "Fabre",
    "66": "D'Iberville",
    "67": "Saint-Michel",
    "68": "3 BLUE SNOWDON - SAINT-MICHEL",
    "69": "Jean-Drapeau",
    "70": "Longueuil",
    "71": "4 YELLOW BERRI-UQAM - LONGUEUIL",
    "72": "Metro",
    "73": "ROOT",
    "74": "Metro",
    "75": "Shema ot 23.10.2007g.\nhttp://www.stm.info/English/a-somm.htm",
    "76": "Imported from http://pmetro.su"
}