{
    "0": "Mlociny",
    "1": "Wawrzyszew",
    "2": "Stare Bielany",
    "3": "Slodowiec",
    "4": "Marymont",
    "5": "Plac Wilsona",
    "6": "Dworzec Gdanski",
    "7": "Ratusz-Arsenal",
    "8": "Swietokrzyska",
    "9": "Centrum",
    "10": "Politechnika",
    "11": "Pole Mokotowskie",
    "12": "Raclawicka",
    "13": "Wierzbno",
    "14": "Wilanowska",
    "15": "Sluzew",
    "16": "Ursynow",
    "17": "Stoklosy",
    "18": "Imielin",
    "19": "Natolin",
    "20": "Kabaty",
    "21": "I linia",
    "22": "Metro",
    "23": "ROOT",
    "24": "Metro",
    "25": "Shema ot 25.11.2008g.\nInformatsija o vremeni proezda:\n- http://www.metro.waw.pl\nKarta vzjata s sajta http://www.metro.waw.pl.",
    "26": "Imported from http://pmetro.su"
}