{
    "0": "Mlociny",
    "1": "Wawrzyszew",
    "2": "Stare Bielany",
    "3": "Slodowiec",
    "4": "Marymont",
    "5": "Plac Wilsona",
    "6": "Dworzec Gdanski",
    "7": "Ratusz Arsenal",
    "8": "Swietokrzyska",
    "9": "Centrum",
    "10": "Politechnika",
    "11": "Pole Mokotowskie",
    "12": "Raclawicka",
    "13": "Wierzbno",
    "14": "Wilanowska",
    "15": "Sluzew",
    "16": "Ursynow",
    "17": "Stoklosy",
    "18": "Imielin",
    "19": "Natolin",
    "20": "Kabaty",
    "21": "I linia",
    "22": "Chrzanow",
    "23": "Lazurowa",
    "24": "Powstancow Slaskich",
    "25": "Czluchowska",
    "26": "Wolska",
    "27": "Bema",
    "28": "Plocka",
    "29": "Rondo Daszynskiego",
    "30": "ONZ Rondo",
    "31": "Nowy Swiat-Uniwersytet",
    "32": "Centrum Nauki Kopernik",
    "33": "Stadion Narodowy",
    "34": "Dworzec Wilenski",
    "35": "Szwedzka",
    "36": "Targowek",
    "37": "Zacisze",
    "38": "Kondratowicza",
    "39": "Rembielinska",
    "40": "II linia",
    "41": "Praga Centrum",
    "42": "Dw.Wschodni",
    "43": "Podskarbinska",
    "44": "R.Wiatraczna",
    "45": "Ostrobramska",
    "46": "Orlik",
    "47": "Wilga",
    "48": "III linia",
    "49": "Metro",
    "50": "ROOT",
    "51": "Metro",
    "52": "Shema ot 09.03.2015g.\nInformatsija o vremeni proezda:\n- http://www.metro.waw.pl\nKarta vzjata s sajta http://www.metro.waw.pl.",
    "53": "Imported from http://pmetro.su"
}