{
    "default_transports": [
        "metro"
    ],
    "height": 1410,
    "images": [
        "res/schemes/m1.svg"
    ],
    "is_vector": true,
    "lines": [
        {
            "labels_bg_color": "-1",
            "labels_color": "000000",
            "line_color": "CC3333",
            "line_width": 9,
            "name": "M1",
            "segments": [
                [
                    0,
                    1,
                    [
                        [
                            200,
                            100
                        ],
                        [
                            200,
                            60
                        ]
                    ],
                    true
                ],
                [
                    1,
                    2,
                    [
                        [
                            200,
                            140
                        ],
                        [
                            200,
                            100
                        ]
                    ],
                    true
                ],
                [
                    2,
                    3,
                    [
                        [
                            200,
                            180
                        ],
                        [
                            200,
                            140
                        ]
                    ],
                    true
                ],
                [
                    3,
                    4,
                    [
                        [
                            200,
                            220
                        ],
                        [
                            200,
                            180
                        ]
                    ],
                    true
                ],
                [
                    4,
                    5,
                    [
                        [
                            200,
                            260
                        ],
                        [
                            200,
                            220
                        ]
                    ],
                    true
                ],
                [
                    5,
                    6,
                    [
                        [
                            200,
                            300
                        ],
                        [
                            200,
                            260
                        ]
                    ],
                    true
                ],
                [
                    6,
                    7,
                    [
                        [
                            200,
                            340
                        ],
                        [
                            200,
                            300
                        ]
                    ],
                    true
                ],
                [
                    7,
                    8,
                    [
                        [
                            200,
                            380
                        ],
                        [
                            200,
                            340
                        ]
                    ],
                    true
                ],
                [
                    8,
                    9,
                    [
                        [
                            200,
                            420
                        ],
                        [
                            200,
                            380
                        ]
                    ],
                    true
                ],
                [
                    9,
                    10,
                    [
                        [
                            200,
                            460
                        ],
                        [
                            200,
                            420
                        ]
                    ],
                    true
                ],
                [
                    10,
                    11,
                    [
                        [
                            200,
                            500
                        ],
                        [
                            200,
                            460
                        ]
                    ],
                    true
                ],
                [
                    11,
                    12,
                    [
                        [
                            200,
                            540
                        ],
                        [
                            200,
                            500
                        ]
                    ],
                    true
                ],
                [
                    12,
                    13,
                    [
                        [
                            200,
                            580
                        ],
                        [
                            200,
                            540
                        ]
                    ],
                    true
                ],
                [
                    13,
                    14,
                    [
                        [
                            200,
                            620
                        ],
                        [
                            200,
                            580
                        ]
                    ],
                    true
                ],
                [
                    14,
                    15,
                    [
                        [
                            200,
                            660
                        ],
                        [
                            200,
                            620
                        ]
                    ],
                    true
                ],
                [
                    15,
                    16,
                    [
                        [
                            200,
                            700
                        ],
                        [
                            200,
                            660
                        ]
                    ],
                    true
                ],
                [
                    16,
                    17,
                    [
                        [
                            200,
                            740
                        ],
                        [
                            200,
                            700
                        ]
                    ],
                    true
                ],
                [
                    17,
                    18,
                    [
                        [
                            200,
                            780
                        ],
                        [
                            200,
                            740
                        ]
                    ],
                    true
                ],
                [
                    18,
                    19,
                    [
                        [
                            200,
                            820
                        ],
                        [
                            200,
                            780
                        ]
                    ],
                    true
                ],
                [
                    19,
                    20,
                    [
                        [
                            200,
                            860
                        ],
                        [
                            200,
                            820
                        ]
                    ],
                    true
                ],
                [
                    19,
                    31,
                    [
                        [
                            310,
                            860
                        ],
                        [
                            200,
                            820
                        ]
                    ],
                    true
                ],
                [
                    20,
                    21,
                    [
                        [
                            200,
                            900
                        ],
                        [
                            200,
                            860
                        ]
                    ],
                    true
                ],
                [
                    21,
                    22,
                    [
                        [
                            200,
                            940
                        ],
                        [
                            200,
                            900
                        ]
                    ],
                    true
                ],
                [
                    22,
                    23,
                    [
                        [
                            200,
                            980
                        ],
                        [
                            200,
                            940
                        ]
                    ],
                    true
                ],
                [
                    23,
                    24,
                    [
                        [
                            200,
                            1020
                        ],
                        [
                            200,
                            980
                        ]
                    ],
                    true
                ],
                [
                    24,
                    25,
                    [
                        [
                            200,
                            1060
                        ],
                        [
                            200,
                            1020
                        ]
                    ],
                    true
                ],
                [
                    25,
                    26,
                    [
                        [
                            200,
                            1100
                        ],
                        [
                            200,
                            1060
                        ]
                    ],
                    true
                ],
                [
                    26,
                    27,
                    [
                        [
                            200,
                            1140
                        ],
                        [
                            200,
                            1100
                        ]
                    ],
                    true
                ],
                [
                    27,
                    28,
                    [
                        [
                            200,
                            1180
                        ],
                        [
                            200,
                            1140
                        ]
                    ],
                    true
                ],
                [
                    28,
                    29,
                    [
                        [
                            200,
                            1220
                        ],
                        [
                            200,
                            1180
                        ]
                    ],
                    true
                ],
                [
                    29,
                    30,
                    [
                        [
                            200,
                            1260
                        ],
                        [
                            200,
                            1220
                        ]
                    ],
                    true
                ],
                [
                    31,
                    32,
                    [
                        [
                            310,
                            900
                        ],
                        [
                            310,
                            860
                        ]
                    ],
                    true
                ],
                [
                    32,
                    33,
                    [
                        [
                            310,
                            940
                        ],
                        [
                            310,
                            900
                        ]
                    ],
                    true
                ],
                [
                    33,
                    34,
                    [
                        [
                            310,
                            980
                        ],
                        [
                            310,
                            940
                        ]
                    ],
                    true
                ],
                [
                    34,
                    35,
                    [
                        [
                            310,
                            1020
                        ],
                        [
                            310,
                            980
                        ]
                    ],
                    true
                ],
                [
                    35,
                    36,
                    [
                        [
                            310,
                            1060
                        ],
                        [
                            310,
                            1020
                        ]
                    ],
                    true
                ],
                [
                    36,
                    37,
                    [
                        [
                            310,
                            1100
                        ],
                        [
                            310,
                            1060
                        ]
                    ],
                    true
                ]
            ],
            "stations": [
                {
                    "coord": [
                        200,
                        60
                    ],
                    "is_working": true,
                    "name": "Sesto FS 1 Maggio",
                    "rect": [
                        215,
                        50,
                        100,
                        26
                    ],
                    "text_id": 0,
                    "uid": 0
                },
                {
                    "coord": [
                        200,
                        100
                    ],
                    "is_working": true,
                    "name": "Sesto Rondo",
                    "rect": [
                        215,
                        90,
                        100,
                        26
                    ],
                    "text_id": 1,
                    "uid": 1
                },
                {
                    "coord": [
                        200,
                        140
                    ],
                    "is_working": true,
                    "name": "Sesto Marelli",
                    "rect": [
                        215,
                        130,
                        99,
                        25
                    ],
                    "text_id": 2,
                    "uid": 2
                },
                {
                    "coord": [
                        200,
                        180
                    ],
                    "is_working": true,
                    "name": "Villa San Giovanni",
                    "rect": [
                        215,
                        170,
                        100,
                        26
                    ],
                    "text_id": 3,
                    "uid": 3
                },
                {
                    "coord": [
                        200,
                        220
                    ],
                    "is_working": true,
                    "name": "Precotto",
                    "rect": [
                        215,
                        210,
                        100,
                        20
                    ],
                    "text_id": 4,
                    "uid": 4
                },
                {
                    "coord": [
                        200,
                        260
                    ],
                    "is_working": true,
                    "name": "Gorla",
                    "rect": [
                        215,
                        250,
                        100,
                        20
                    ],
                    "text_id": 5,
                    "uid": 5
                },
                {
                    "coord": [
                        200,
                        300
                    ],
                    "is_working": true,
                    "name": "Turro",
                    "rect": [
                        215,
                        290,
                        100,
                        20
                    ],
                    "text_id": 6,
                    "uid": 6
                },
                {
                    "coord": [
                        200,
                        340
                    ],
                    "is_working": true,
                    "name": "Rovereto",
                    "rect": [
                        215,
                        330,
                        100,
                        20
                    ],
                    "text_id": 7,
                    "uid": 7
                },
                {
                    "coord": [
                        200,
                        380
                    ],
                    "is_working": true,
                    "name": "Pasteur",
                    "rect": [
                        215,
                        370,
                        100,
                        20
                    ],
                    "text_id": 8,
                    "uid": 8
                },
                {
                    "coord": [
                        200,
                        420
                    ],
                    "is_working": true,
                    "name": "Loreto",
                    "rect": [
                        215,
                        410,
                        100,
                        20
                    ],
                    "text_id": 9,
                    "uid": 9
                },
                {
                    "coord": [
                        200,
                        460
                    ],
                    "is_working": true,
                    "name": "Lima",
                    "rect": [
                        215,
                        450,
                        100,
                        20
                    ],
                    "text_id": 10,
                    "uid": 10
                },
                {
                    "coord": [
                        200,
                        500
                    ],
                    "is_working": true,
                    "name": "Porta Venezia",
                    "rect": [
                        215,
                        490,
                        100,
                        26
                    ],
                    "text_id": 11,
                    "uid": 11
                },
                {
                    "coord": [
                        200,
                        540
                    ],
                    "is_working": true,
                    "name": "Palestro",
                    "rect": [
                        215,
                        530,
                        100,
                        20
                    ],
                    "text_id": 12,
                    "uid": 12
                },
                {
                    "coord": [
                        200,
                        580
                    ],
                    "is_working": true,
                    "name": "San Babila",
                    "rect": [
                        215,
                        570,
                        100,
                        26
                    ],
                    "text_id": 13,
                    "uid": 13
                },
                {
                    "coord": [
                        200,
                        620
                    ],
                    "is_working": true,
                    "name": "Duomo",
                    "rect": [
                        215,
                        610,
                        100,
                        20
                    ],
                    "text_id": 14,
                    "uid": 14
                },
                {
                    "coord": [
                        200,
                        660
                    ],
                    "is_working": true,
                    "name": "Cordusio",
                    "rect": [
                        215,
                        650,
                        100,
                        20
                    ],
                    "text_id": 15,
                    "uid": 15
                },
                {
                    "coord": [
                        200,
                        700
                    ],
                    "is_working": true,
                    "name": "Cairoli",
                    "rect": [
                        215,
                        690,
                        100,
                        20
                    ],
                    "text_id": 16,
                    "uid": 16
                },
                {
                    "coord": [
                        200,
                        740
                    ],
                    "is_working": true,
                    "name": "Cadorna",
                    "rect": [
                        215,
                        730,
                        100,
                        20
                    ],
                    "text_id": 17,
                    "uid": 17
                },
                {
                    "coord": [
                        200,
                        780
                    ],
                    "is_working": true,
                    "name": "Conciliazioni",
                    "rect": [
                        215,
                        770,
                        100,
                        20
                    ],
                    "text_id": 18,
                    "uid": 18
                },
                {
                    "coord": [
                        200,
                        820
                    ],
                    "is_working": true,
                    "name": "Pagano",
                    "rect": [
                        80,
                        810,
                        100,
                        20
                    ],
                    "text_id": 19,
                    "uid": 19
                },
                {
                    "coord": [
                        200,
                        860
                    ],
                    "is_working": true,
                    "name": "Buonarroti",
                    "rect": [
                        80,
                        850,
                        100,
                        20
                    ],
                    "text_id": 20,
                    "uid": 20
                },
                {
                    "coord": [
                        200,
                        900
                    ],
                    "is_working": true,
                    "name": "Amendola Fiera",
                    "rect": [
                        215,
                        890,
                        84,
                        26
                    ],
                    "text_id": 21,
                    "uid": 21
                },
                {
                    "coord": [
                        200,
                        940
                    ],
                    "is_working": true,
                    "name": "Lotto",
                    "rect": [
                        215,
                        930,
                        85,
                        25
                    ],
                    "text_id": 22,
                    "uid": 22
                },
                {
                    "coord": [
                        200,
                        980
                    ],
                    "is_working": true,
                    "name": "Q.T.8",
                    "rect": [
                        215,
                        970,
                        84,
                        20
                    ],
                    "text_id": 23,
                    "uid": 23
                },
                {
                    "coord": [
                        200,
                        1020
                    ],
                    "is_working": true,
                    "name": "Lampugnano",
                    "rect": [
                        215,
                        1010,
                        85,
                        20
                    ],
                    "text_id": 24,
                    "uid": 24
                },
                {
                    "coord": [
                        200,
                        1060
                    ],
                    "is_working": true,
                    "name": "Uruguay",
                    "rect": [
                        215,
                        1050,
                        85,
                        20
                    ],
                    "text_id": 25,
                    "uid": 25
                },
                {
                    "coord": [
                        200,
                        1100
                    ],
                    "is_working": true,
                    "name": "Bonola",
                    "rect": [
                        215,
                        1090,
                        84,
                        20
                    ],
                    "text_id": 26,
                    "uid": 26
                },
                {
                    "coord": [
                        200,
                        1140
                    ],
                    "is_working": true,
                    "name": "San Leonardo",
                    "rect": [
                        215,
                        1130,
                        99,
                        26
                    ],
                    "text_id": 27,
                    "uid": 27
                },
                {
                    "coord": [
                        200,
                        1180
                    ],
                    "is_working": true,
                    "name": "Molino Dorino",
                    "rect": [
                        215,
                        1170,
                        100,
                        26
                    ],
                    "text_id": 28,
                    "uid": 28
                },
                {
                    "coord": [
                        200,
                        1220
                    ],
                    "is_working": true,
                    "name": "Pero",
                    "rect": [
                        215,
                        1210,
                        100,
                        20
                    ],
                    "text_id": 29,
                    "uid": 29
                },
                {
                    "coord": [
                        200,
                        1260
                    ],
                    "is_working": true,
                    "name": "Rho Fiera",
                    "rect": [
                        215,
                        1250,
                        100,
                        26
                    ],
                    "text_id": 30,
                    "uid": 30
                },
                {
                    "coord": [
                        310,
                        860
                    ],
                    "is_working": true,
                    "name": "Wagner",
                    "rect": [
                        325,
                        850,
                        100,
                        20
                    ],
                    "text_id": 31,
                    "uid": 31
                },
                {
                    "coord": [
                        310,
                        900
                    ],
                    "is_working": true,
                    "name": "De Angeli",
                    "rect": [
                        325,
                        890,
                        100,
                        26
                    ],
                    "text_id": 32,
                    "uid": 32
                },
                {
                    "coord": [
                        310,
                        940
                    ],
                    "is_working": true,
                    "name": "Gambara",
                    "rect": [
                        325,
                        930,
                        100,
                        20
                    ],
                    "text_id": 33,
                    "uid": 33
                },
                {
                    "coord": [
                        310,
                        980
                    ],
                    "is_working": true,
                    "name": "Bande Nere",
                    "rect": [
                        325,
                        970,
                        100,
                        26
                    ],
                    "text_id": 34,
                    "uid": 34
                },
                {
                    "coord": [
                        310,
                        1020
                    ],
                    "is_working": true,
                    "name": "Primaticcio",
                    "rect": [
                        325,
                        1010,
                        100,
                        20
                    ],
                    "text_id": 35,
                    "uid": 35
                },
                {
                    "coord": [
                        310,
                        1060
                    ],
                    "is_working": true,
                    "name": "Inganni",
                    "rect": [
                        325,
                        1050,
                        100,
                        20
                    ],
                    "text_id": 36,
                    "uid": 36
                },
                {
                    "coord": [
                        310,
                        1100
                    ],
                    "is_working": true,
                    "name": "Bisceglie",
                    "rect": [
                        325,
                        1090,
                        100,
                        20
                    ],
                    "text_id": 37,
                    "uid": 37
                }
            ],
            "text_id": 38
        },
        {
            "labels_bg_color": "-1",
            "labels_color": "000000",
            "line_color": "046434",
            "line_width": 9,
            "name": "M2",
            "segments": [],
            "stations": [
                {
                    "coord": null,
                    "is_working": true,
                    "name": "Abbiategrasso",
                    "rect": null,
                    "text_id": 39,
                    "uid": 38
                },
                {
                    "coord": null,
                    "is_working": true,
                    "name": "Milanofiori Forum",
                    "rect": null,
                    "text_id": 40,
                    "uid": 39
                },
                {
                    "coord": null,
                    "is_working": true,
                    "name": "Milanofiori Nord",
                    "rect": null,
                    "text_id": 41,
                    "uid": 40
                },
                {
                    "coord": null,
                    "is_working": true,
                    "name": "Famagosta",
                    "rect": null,
                    "text_id": 42,
                    "uid": 41
                },
                {
                    "coord": null,
                    "is_working": true,
                    "name": "Romolo FS",
                    "rect": null,
                    "text_id": 43,
                    "uid": 42
                },
                {
                    "coord": null,
                    "is_working": true,
                    "name": "Porta Genova FS",
                    "rect": null,
                    "text_id": 44,
                    "uid": 43
                },
                {
                    "coord": null,
                    "is_working": true,
                    "name": "Sant Agostino",
                    "rect": null,
                    "text_id": 45,
                    "uid": 44
                },
                {
                    "coord": null,
                    "is_working": true,
                    "name": "Sant Ambrogio",
                    "rect": null,
                    "text_id": 46,
                    "uid": 45
                },
                {
                    "coord": [
                        181,
                        740
                    ],
                    "is_working": true,
                    "name": "Cadorna",
                    "rect": [
                        60,
                        730,
                        100,
                        20
                    ],
                    "text_id": 17,
                    "uid": 46
                },
                {
                    "coord": null,
                    "is_working": true,
                    "name": "Lanza",
                    "rect": null,
                    "text_id": 47,
                    "uid": 47
                },
                {
                    "coord": null,
                    "is_working": true,
                    "name": "Moscova",
                    "rect": null,
                    "text_id": 48,
                    "uid": 48
                },
                {
                    "coord": null,
                    "is_working": true,
                    "name": "Garibaldi",
                    "rect": null,
                    "text_id": 49,
                    "uid": 49
                },
                {
                    "coord": null,
                    "is_working": true,
                    "name": "Gioia",
                    "rect": null,
                    "text_id": 50,
                    "uid": 50
                },
                {
                    "coord": null,
                    "is_working": true,
                    "name": "Centrale FS",
                    "rect": null,
                    "text_id": 51,
                    "uid": 51
                },
                {
                    "coord": null,
                    "is_working": true,
                    "name": "Caiazzo",
                    "rect": null,
                    "text_id": 52,
                    "uid": 52
                },
                {
                    "coord": [
                        181,
                        420
                    ],
                    "is_working": true,
                    "name": "Loreto",
                    "rect": [
                        60,
                        410,
                        100,
                        20
                    ],
                    "text_id": 9,
                    "uid": 53
                },
                {
                    "coord": null,
                    "is_working": true,
                    "name": "Piola",
                    "rect": null,
                    "text_id": 53,
                    "uid": 54
                },
                {
                    "coord": null,
                    "is_working": true,
                    "name": "Lambrate FS",
                    "rect": null,
                    "text_id": 54,
                    "uid": 55
                },
                {
                    "coord": null,
                    "is_working": true,
                    "name": "Udine",
                    "rect": null,
                    "text_id": 55,
                    "uid": 56
                },
                {
                    "coord": null,
                    "is_working": true,
                    "name": "Cimiano",
                    "rect": null,
                    "text_id": 56,
                    "uid": 57
                },
                {
                    "coord": null,
                    "is_working": true,
                    "name": "Crescenzago",
                    "rect": null,
                    "text_id": 57,
                    "uid": 58
                },
                {
                    "coord": null,
                    "is_working": true,
                    "name": "Cascina Gobba",
                    "rect": null,
                    "text_id": 58,
                    "uid": 59
                },
                {
                    "coord": null,
                    "is_working": true,
                    "name": "Vimodrone",
                    "rect": null,
                    "text_id": 59,
                    "uid": 60
                },
                {
                    "coord": null,
                    "is_working": true,
                    "name": "Cascina Burrona",
                    "rect": null,
                    "text_id": 60,
                    "uid": 61
                },
                {
                    "coord": null,
                    "is_working": true,
                    "name": "Cernusco S.N.",
                    "rect": null,
                    "text_id": 61,
                    "uid": 62
                },
                {
                    "coord": null,
                    "is_working": true,
                    "name": "Villa Fiorita",
                    "rect": null,
                    "text_id": 62,
                    "uid": 63
                },
                {
                    "coord": null,
                    "is_working": true,
                    "name": "Cassina de' Pecchi",
                    "rect": null,
                    "text_id": 63,
                    "uid": 64
                },
                {
                    "coord": null,
                    "is_working": true,
                    "name": "Bussero",
                    "rect": null,
                    "text_id": 64,
                    "uid": 65
                },
                {
                    "coord": null,
                    "is_working": true,
                    "name": "Villa Pompea",
                    "rect": null,
                    "text_id": 65,
                    "uid": 66
                },
                {
                    "coord": null,
                    "is_working": true,
                    "name": "Gorgonzola",
                    "rect": null,
                    "text_id": 66,
                    "uid": 67
                },
                {
                    "coord": null,
                    "is_working": true,
                    "name": "Cascina Antonietta",
                    "rect": null,
                    "text_id": 67,
                    "uid": 68
                },
                {
                    "coord": null,
                    "is_working": true,
                    "name": "Gessate",
                    "rect": null,
                    "text_id": 68,
                    "uid": 69
                },
                {
                    "coord": null,
                    "is_working": true,
                    "name": "Cologno Sud",
                    "rect": null,
                    "text_id": 69,
                    "uid": 70
                },
                {
                    "coord": null,
                    "is_working": true,
                    "name": "Cologno Centro",
                    "rect": null,
                    "text_id": 70,
                    "uid": 71
                },
                {
                    "coord": null,
                    "is_working": true,
                    "name": "Cologno Nord",
                    "rect": null,
                    "text_id": 71,
                    "uid": 72
                }
            ],
            "text_id": 72
        },
        {
            "labels_bg_color": "-1",
            "labels_color": "000000",
            "line_color": "FCCC04",
            "line_width": 9,
            "name": "M3",
            "segments": [],
            "stations": [
                {
                    "coord": null,
                    "is_working": true,
                    "name": "Comasina",
                    "rect": null,
                    "text_id": 73,
                    "uid": 73
                },
                {
                    "coord": null,
                    "is_working": true,
                    "name": "Affori FN",
                    "rect": null,
                    "text_id": 74,
                    "uid": 74
                },
                {
                    "coord": null,
                    "is_working": true,
                    "name": "Affori Centro",
                    "rect": null,
                    "text_id": 75,
                    "uid": 75
                },
                {
                    "coord": null,
                    "is_working": true,
                    "name": "Dergano",
                    "rect": null,
                    "text_id": 76,
                    "uid": 76
                },
                {
                    "coord": null,
                    "is_working": true,
                    "name": "Maciachini",
                    "rect": null,
                    "text_id": 77,
                    "uid": 77
                },
                {
                    "coord": null,
                    "is_working": true,
                    "name": "Zara",
                    "rect": null,
                    "text_id": 78,
                    "uid": 78
                },
                {
                    "coord": null,
                    "is_working": true,
                    "name": "Sondrio",
                    "rect": null,
                    "text_id": 79,
                    "uid": 79
                },
                {
                    "coord": null,
                    "is_working": true,
                    "name": "Centrale FS",
                    "rect": null,
                    "text_id": 51,
                    "uid": 80
                },
                {
                    "coord": null,
                    "is_working": true,
                    "name": "Repubblica",
                    "rect": null,
                    "text_id": 80,
                    "uid": 81
                },
                {
                    "coord": null,
                    "is_working": true,
                    "name": "Turati",
                    "rect": null,
                    "text_id": 81,
                    "uid": 82
                },
                {
                    "coord": null,
                    "is_working": true,
                    "name": "Monte Napoleone",
                    "rect": null,
                    "text_id": 82,
                    "uid": 83
                },
                {
                    "coord": [
                        181,
                        620
                    ],
                    "is_working": true,
                    "name": "Duomo",
                    "rect": [
                        60,
                        610,
                        100,
                        20
                    ],
                    "text_id": 14,
                    "uid": 84
                },
                {
                    "coord": null,
                    "is_working": true,
                    "name": "Missori",
                    "rect": null,
                    "text_id": 83,
                    "uid": 85
                },
                {
                    "coord": null,
                    "is_working": true,
                    "name": "Crocetta",
                    "rect": null,
                    "text_id": 84,
                    "uid": 86
                },
                {
                    "coord": null,
                    "is_working": true,
                    "name": "Porta Romana",
                    "rect": null,
                    "text_id": 85,
                    "uid": 87
                },
                {
                    "coord": null,
                    "is_working": true,
                    "name": "Lodi T.I.B.B.",
                    "rect": null,
                    "text_id": 86,
                    "uid": 88
                },
                {
                    "coord": null,
                    "is_working": true,
                    "name": "Brenta",
                    "rect": null,
                    "text_id": 87,
                    "uid": 89
                },
                {
                    "coord": null,
                    "is_working": true,
                    "name": "Corvetto",
                    "rect": null,
                    "text_id": 88,
                    "uid": 90
                },
                {
                    "coord": null,
                    "is_working": true,
                    "name": "Porto di Mare",
                    "rect": null,
                    "text_id": 89,
                    "uid": 91
                },
                {
                    "coord": null,
                    "is_working": true,
                    "name": "Rogoredo",
                    "rect": null,
                    "text_id": 90,
                    "uid": 92
                },
                {
                    "coord": null,
                    "is_working": true,
                    "name": "S.Donato",
                    "rect": null,
                    "text_id": 91,
                    "uid": 93
                }
            ],
            "text_id": 92
        }
    ],
    "lines_width": 9,
    "name": "m1",
    "name_text_id": 38,
    "stations_diameter": 16.0,
    "transfers": [
        [
            9,
            53,
            [
                200,
                420
            ],
            [
                181,
                420
            ]
        ],
        [
            14,
            84,
            [
                200,
                620
            ],
            [
                181,
                620
            ]
        ],
        [
            17,
            46,
            [
                200,
                740
            ],
            [
                181,
                740
            ]
        ],
        [
            51,
            80,
            null,
            null
        ]
    ],
    "transports": [
        "metro"
    ],
    "type_name": "Метро",
    "type_text_id": 112,
    "upper_case": true,
    "width": 460,
    "word_wrap": true
}