{
    "0": "Залютино",
    "1": "Холодная Гора",
    "2": "Южный Вокзал",
    "3": "Центральный рынок",
    "4": "Площадь Конституции",
    "5": "Проспект Гагарина",
    "6": "Спортивная",
    "7": "Завод им. Малышева",
    "8": "Московский проспект",
    "9": "Дворец спорта",
    "10": "Армейская",
    "11": "Им. А.С.Масельского",
    "12": "Тракторный Завод",
    "13": "Индустриальная",
    "14": "Восточная",
    "15": "Роганская",
    "16": "Южная",
    "17": "Холодногорско-Заводская",
    "18": "Октябрьская",
    "19": "Пл. Урицкого",
    "20": "Исторический музей",
    "21": "Университет",
    "22": "Пушкинская",
    "23": "Киевская",
    "24": "Академика Барабашова",
    "25": "Академика Павлова",
    "26": "Студенческая",
    "27": "Героев Труда",
    "28": "Дружбы Народов",
    "29": "Салтовская",
    "30": "Аэропорт",
    "31": "Мотель \"Дружба\"",
    "32": "Одесская",
    "33": "Державинская",
    "34": "Метростроителей",
    "35": "Защитников Украины",
    "36": "Архитектора Бекетова",
    "37": "Госпром",
    "38": "Научная",
    "39": "Ботанический Сад",
    "40": "23-го Августа",
    "41": "Алексеевская",
    "42": "Проспект Победы",
    "43": "Гвардейцев Широненцев",
    "44": "Тракторостроителей",
    "45": "Восточная Салтовка",
    "46": "Салтовское ответление",
    "47": "Метро",
    "48": "ROOT",
    "49": "Метро",
    "50": "перспективная\nСхема от 13.09.2007г.\nИнформация о времени проезда:\n- Программа MMetro Константина Штенникова,\nа также (по информации с сайта http://mmetro.al.ru):\n- Vadim Pudovkin,\n- Nick Bliznyuk,\n- Pavel A Gnezdilov.\n\nКарту прислал Владислав Савицкий.",
    "51": "Imported from http://pmetro.su"
}