{
    "0": "Nokdong",
    "1": "Sotae",
    "2": "Hakdong-Jeungsimsa",
    "3": "Namgwangju",
    "4": "Culture Complex",
    "5": "Geumnamno 4-ga",
    "6": "Geumnamno 5-ga",
    "7": "Yangdong Market",
    "8": "Dolgogae",
    "9": "Nongseong",
    "10": "Hwajeong",
    "11": "Ssangcheon",
    "12": "Uncheon",
    "13": "Sangmu",
    "14": "Kim Daejung Convention Center",
    "15": "Airport",
    "16": "Songjeong Park",
    "17": "Gwangju Songjeong Station",
    "18": "Dosan",
    "19": "Pyeongdong",
    "20": "1",
    "21": "Metro",
    "22": "ROOT",
    "23": "Shema ot 17.08.2019g.\nAvtor: Dmitrij Varlamov\nInformatsija vzjata s sajta www.grtc.co.kr",
    "24": "Imported from http://pmetro.su"
}