{
    "city_id": 3067696,
    "comments_text_id": 65,
    "default_locale": "ru",
    "delays": [
        {
            "ranges": [
                "08:00-20:00"
            ],
            "type": "day",
            "weekdays": null
        },
        {
            "ranges": [
                "20:00-24:00",
                "00:00-05:00"
            ],
            "type": "night",
            "weekdays": null
        }
    ],
    "description_text_id": 64,
    "file": "Praha.zip",
    "latitude": 50.08804,
    "locales": [
        "ru",
        "en"
    ],
    "longitude": 14.42076,
    "map_id": "Praha.zip",
    "schemes": [
        {
            "default_transports": [
                "metro"
            ],
            "file": "schemes/metro.json",
            "name": "metro",
            "name_text_id": 61,
            "root": true,
            "transports": [
                "metro"
            ],
            "type_name": "ROOT",
            "type_text_id": 62
        },
        {
            "default_transports": [
                "metro"
            ],
            "file": "schemes/a.json",
            "name": "a",
            "name_text_id": 17,
            "root": false,
            "transports": [
                "metro"
            ],
            "type_name": "Метро",
            "type_text_id": 63
        },
        {
            "default_transports": [
                "metro"
            ],
            "file": "schemes/b.json",
            "name": "b",
            "name_text_id": 41,
            "root": false,
            "transports": [
                "metro"
            ],
            "type_name": "Метро",
            "type_text_id": 63
        },
        {
            "default_transports": [
                "metro"
            ],
            "file": "schemes/c.json",
            "name": "c",
            "name_text_id": 60,
            "root": false,
            "transports": [
                "metro"
            ],
            "type_name": "Метро",
            "type_text_id": 63
        }
    ],
    "timestamp": 1430179200.0,
    "transport_types": [
        "Метро"
    ],
    "transports": [
        {
            "file": "transports/metro.json",
            "name": "metro",
            "type": "Метро"
        }
    ]
}