{
    "0": "Centro Direzionale",
    "1": "Tribunale",
    "2": "Poggioreale",
    "3": "Capodichino",
    "4": "Di Vittorio",
    "5": "Secondigliano",
    "6": "Regina Margherita",
    "7": "Miano",
    "8": "Piscinola",
    "9": "Chiaiano",
    "10": "Frullone",
    "11": "Colli Aminei",
    "12": "Policlinico",
    "13": "Rione Alto",
    "14": "Montedonzelli",
    "15": "Medaglie d'Oro",
    "16": "Vanvitelli",
    "17": "Quattro Giornate",
    "18": "Salvator Rosa",
    "19": "Materdei",
    "20": "Museo",
    "21": "Dante",
    "22": "Toledo",
    "23": "Municipio",
    "24": "Universita",
    "25": "Duomo",
    "26": "Garibaldi",
    "27": "Metropolitana Collinare",
    "28": "Pozzuoli",
    "29": "Bagnoli",
    "30": "Cavalleggeri d'Aosta",
    "31": "Campi Flegrei",
    "32": "Leopardi",
    "33": "Mergellina",
    "34": "Piazza Amedeo",
    "35": "Montesanto",
    "36": "Piazza Cavour",
    "37": "Gianturco",
    "38": "Ferraris",
    "39": "Vigliena",
    "40": "San Giovanni",
    "41": "Metropolitana F. S.",
    "42": "Augusto",
    "43": "Lala",
    "44": "Acco Mirelli",
    "45": "San Pasquale",
    "46": "Martiri",
    "47": "Linea 6",
    "48": "Метро",
    "49": "ROOT",
    "50": "Метро",
    "51": "Схема от 17.10.2015г.\nКарту прислал Савицкий Владислав.\n\nИнформация по станциям - Савицкий Владислав.\n\nИнтервалы движения - ждем Вашей помощи.",
    "52": "Imported from http://pmetro.su"
}