{
    "lines": [
        {
            "delays": [],
            "name": "L1",
            "scheme": "1",
            "segments": [
                [
                    0,
                    1,
                    120
                ],
                [
                    1,
                    0,
                    120
                ],
                [
                    1,
                    2,
                    120
                ],
                [
                    2,
                    1,
                    120
                ],
                [
                    2,
                    3,
                    120
                ],
                [
                    3,
                    2,
                    120
                ],
                [
                    3,
                    4,
                    120
                ],
                [
                    4,
                    3,
                    120
                ],
                [
                    4,
                    5,
                    120
                ],
                [
                    5,
                    4,
                    120
                ],
                [
                    5,
                    6,
                    120
                ],
                [
                    6,
                    5,
                    120
                ],
                [
                    6,
                    7,
                    120
                ],
                [
                    7,
                    6,
                    120
                ],
                [
                    7,
                    8,
                    120
                ],
                [
                    8,
                    7,
                    120
                ],
                [
                    8,
                    9,
                    120
                ],
                [
                    9,
                    8,
                    120
                ],
                [
                    9,
                    10,
                    120
                ],
                [
                    10,
                    9,
                    120
                ],
                [
                    10,
                    11,
                    120
                ],
                [
                    11,
                    10,
                    120
                ],
                [
                    11,
                    12,
                    120
                ],
                [
                    12,
                    11,
                    120
                ],
                [
                    12,
                    13,
                    120
                ],
                [
                    13,
                    12,
                    120
                ],
                [
                    13,
                    14,
                    120
                ],
                [
                    14,
                    13,
                    120
                ],
                [
                    14,
                    15,
                    120
                ],
                [
                    15,
                    14,
                    120
                ],
                [
                    15,
                    16,
                    120
                ],
                [
                    16,
                    15,
                    120
                ],
                [
                    16,
                    17,
                    120
                ],
                [
                    17,
                    16,
                    120
                ],
                [
                    17,
                    18,
                    120
                ],
                [
                    18,
                    17,
                    120
                ]
            ],
            "stations": [
                [
                    0,
                    "Periferico Norte",
                    0
                ],
                [
                    1,
                    "Dermatologico",
                    1
                ],
                [
                    2,
                    "Atemajac",
                    2
                ],
                [
                    3,
                    "Division del Norte",
                    3
                ],
                [
                    4,
                    "Avila Camacho",
                    4
                ],
                [
                    5,
                    "Mezquitan",
                    5
                ],
                [
                    6,
                    "Refugio",
                    6
                ],
                [
                    7,
                    "Juarez",
                    7
                ],
                [
                    8,
                    "Mexicaltzingo",
                    8
                ],
                [
                    9,
                    "Washington",
                    9
                ],
                [
                    10,
                    "Santa Filomena",
                    10
                ],
                [
                    11,
                    "Unidad Deportiva",
                    11
                ],
                [
                    12,
                    "Urdaneta",
                    12
                ],
                [
                    13,
                    "18 de Marzo",
                    13
                ],
                [
                    14,
                    "Isla Raza",
                    14
                ],
                [
                    15,
                    "Patria Sur",
                    15
                ],
                [
                    16,
                    "Espana",
                    16
                ],
                [
                    17,
                    "Tesoro",
                    17
                ],
                [
                    18,
                    "Periferico Sur",
                    18
                ]
            ],
            "text_id": 19
        },
        {
            "delays": [],
            "name": "L2",
            "scheme": "2",
            "segments": [
                [
                    19,
                    20,
                    120
                ],
                [
                    20,
                    19,
                    120
                ],
                [
                    20,
                    21,
                    120
                ],
                [
                    21,
                    20,
                    120
                ],
                [
                    21,
                    22,
                    120
                ],
                [
                    22,
                    21,
                    120
                ],
                [
                    22,
                    23,
                    120
                ],
                [
                    23,
                    22,
                    120
                ],
                [
                    23,
                    24,
                    120
                ],
                [
                    24,
                    23,
                    120
                ],
                [
                    24,
                    25,
                    120
                ],
                [
                    25,
                    24,
                    120
                ],
                [
                    25,
                    26,
                    120
                ],
                [
                    26,
                    25,
                    120
                ],
                [
                    26,
                    27,
                    120
                ],
                [
                    27,
                    26,
                    120
                ],
                [
                    27,
                    28,
                    120
                ],
                [
                    28,
                    27,
                    120
                ]
            ],
            "stations": [
                [
                    19,
                    "Juarez",
                    7
                ],
                [
                    20,
                    "Plaza Universidad",
                    20
                ],
                [
                    21,
                    "San Juan de Dios",
                    21
                ],
                [
                    22,
                    "Belisario Dominguez",
                    22
                ],
                [
                    23,
                    "Oblatos",
                    23
                ],
                [
                    24,
                    "Cristobal de Onate",
                    24
                ],
                [
                    25,
                    "San Andres",
                    25
                ],
                [
                    26,
                    "San Jacinto",
                    26
                ],
                [
                    27,
                    "La Aurora",
                    27
                ],
                [
                    28,
                    "Tetian",
                    28
                ]
            ],
            "text_id": 29
        }
    ],
    "name": "metro",
    "transfers": [
        [
            7,
            19,
            0,
            true
        ]
    ],
    "type_name": "Метро"
}