{
    "0": "Spartanovka",
    "1": "Traktornyj zavod",
    "2": "Hlebozavod",
    "3": "Vodootstoj",
    "4": "Bol'nitsa Il'icha",
    "5": "Barrikady",
    "6": "Gimnazija №14",
    "7": "Stadion \"Monolit\"",
    "8": "Zavod \"Krasnyj Oktjabr'\"",
    "9": "ul.39-j Gvardejskoj Divizii",
    "10": "Ploschad' Vozrozhdenija",
    "11": "Dvorets Sporta",
    "12": "Mamaev Kurgan",
    "13": "Tsentral'nyj Stadion",
    "14": "TsPKiO",
    "15": "Ploschad' Lenina",
    "16": "Komsomol'skaja",
    "17": "Pionerskaja",
    "18": "Ploschad' Chekistov",
    "19": "Profsojuznaja",
    "20": "TJuZ",
    "21": "El'shanka",
    "22": "Rajonnaja",
    "23": "Sel'hozakademija",
    "24": "Tormosinovskaja",
    "25": "Panfilovskaja",
    "26": "Mikrorajon 231",
    "27": "Universitet",
    "28": "ST",
    "29": "ST-2",
    "30": "Zhilgorodok",
    "31": "ST-3",
    "32": "Tram",
    "33": "ROOT",
    "34": "Shema skorostnogo tramvaja\nShema ot 06.12.2011g.\nAvtor pervonachal'noj shemy - Stepanov Igor'.\nIntervaly dvizhenija - Zabelin Aleksandr.",
    "35": "Imported from http://pmetro.su"
}