{
    "0": "Boulingrin",
    "1": "Beauvoisine",
    "2": "Gare-Rue Verte",
    "3": "Palais de Justice",
    "4": "Theatre des Arts",
    "5": "Joffre-Mutualite",
    "6": "Saint-Sever",
    "7": "Avenue de Caen",
    "8": "Jean Jaures",
    "9": "Francois Truffaut",
    "10": "Place du 8-Mai",
    "11": "Saint-Julien",
    "12": "Charles de Gaulle",
    "13": "Provinces",
    "14": "J.F. Kennedy",
    "15": "Leon Blum",
    "16": "Paul Cezanne",
    "17": "Georges Braque",
    "18": "Europe",
    "19": "Honore de Balzac",
    "20": "Voltaire",
    "21": "Garibaldi",
    "22": "Hotel de Ville-Sotteville",
    "23": "14-Juillet",
    "24": "Jean Zay",
    "25": "Toit Familial",
    "26": "Champ de Courses",
    "27": "Ernest Renan",
    "28": "Le Parc",
    "29": "Maryse Bastie",
    "30": "Technopole",
    "31": "Metro",
    "32": "Трамвай",
    "33": "ROOT",
    "34": "Схема от 28.09.2006г.\nИнтервалы и карта взяты с www.tcar.fr\nСоставил карту Фёдор Никулин",
    "35": "Imported from http://pmetro.su"
}