{
    "0": "Zima",
    "1": "O.P. Oka",
    "2": "O.P. Chirkino",
    "3": "O.P. Haragun",
    "4": "O.P. Grjaznaja Pad'",
    "5": "Deljur",
    "6": "Tyret'",
    "7": "O.P. 4971 km",
    "8": "O.P. Haljarta",
    "9": "O.P. 4985 km",
    "10": "Zalari",
    "11": "Hothor",
    "12": "O.P. 5010 km",
    "13": "Golovinskaja",
    "14": "O.P. Hartovskaja",
    "15": "Kutulik",
    "16": "O.P. Rajpotrebsojuz",
    "17": "O.P. 5026 km (Zolotuhino)",
    "18": "Zabituj",
    "19": "O.P. Noty",
    "20": "O.P. Traktovyj",
    "21": "O.P. Osintsevo",
    "22": "Zhargon",
    "23": "O.P. 5053 km (Depo)",
    "24": "Cheremhovo",
    "25": "O.P. 5058 km",
    "26": "Grishevo",
    "27": "Kas'janovka",
    "28": "O.P. 5068 km",
    "29": "O.P. Vostochnaja",
    "30": "O.P. Vituh",
    "31": "O.P. Cherepanovka",
    "32": "Polovina",
    "33": "O.P. Zaimka",
    "34": "O.P. Tkachenko",
    "35": "Belaja",
    "36": "O.P. 5100 km",
    "37": "Mal'ta",
    "38": "O.P. Mal'tinka",
    "39": "O.P. Luzhki",
    "40": "O.P. Zelenyj Gorodok",
    "41": "Usol'e-Sibirskoe",
    "42": "O.P. Tel'minka",
    "43": "Tel'ma",
    "44": "O.P. Putejskaja",
    "45": "O.P. Biliktuj",
    "46": "Kitoj",
    "47": "O.P. Majsk",
    "48": "Angarsk",
    "49": "Pl. Juzhnaja",
    "50": "Suhovskaja",
    "51": "Pl. Sovhoznaja",
    "52": "O.P. Kar'er",
    "53": "Meget",
    "54": "O.P. Veresovka",
    "55": "Pl. PMS-45",
    "56": "Batarejnaja",
    "57": "Pl. Gorka",
    "58": "Pl. Kompressornaja",
    "59": "Pl. Zavodskaja",
    "60": "Irkutsk-Sortirovochnyj",
    "61": "Voennyj Gorodok",
    "62": "Pl. Irkutnyj Most",
    "63": "Irkutsk-Passazhirskij",
    "64": "Pl. Akademicheskaja",
    "65": "Pl. Mel'nikovo",
    "66": "Kaja",
    "67": "Pl. Cheremushki",
    "68": "O.P. Smolenschina",
    "69": "Pl. Turbaza",
    "70": "O.P. Shelehov",
    "71": "Goncharovo",
    "72": "Pl. Izvestkovaja",
    "73": "Pl. Olha",
    "74": "Pl. Letnjaja",
    "75": "Pl. Golubye Eli",
    "76": "Pl. Dachnaja",
    "77": "O.P. Sadovaja",
    "78": "Bol'shoj Lug",
    "79": "O.P. Hanchin",
    "80": "Rassoha",
    "81": "O.P. Orlenok",
    "82": "O.P. 5234 km",
    "83": "O.P. Jagodnyj",
    "84": "O.P. Ogon'ki",
    "85": "O.P. Taezhnoe",
    "86": "O.P. Trudnyj",
    "87": "O.P. Medvezhij",
    "88": "O.P. Sosnovyj",
    "89": "Podkamennaja",
    "90": "O.P. Sanatornyj",
    "91": "O.P. Rodnikovyj",
    "92": "O.P. Istochnik",
    "93": "Glubokaja",
    "94": "O.P. Kedrachi",
    "95": "O.P. Pereezd",
    "96": "Andrianovskaja",
    "97": "O.P. 5276 km (Zapovednyj)",
    "98": "O.P. 5280 km (Pribajkal'skij)",
    "99": "O.P. Cheremuhovaja",
    "100": "Angasolka",
    "101": "O.P. Povorot",
    "102": "O.P. Temnaja Pad'",
    "103": "O.P. 5293 km",
    "104": "O.P. Zemljanichnyj",
    "105": "O.P. Partizanskaja",
    "106": "O.P. Chertova Gora",
    "107": "O.P. Verbnyj",
    "108": "Sljudjanka-2",
    "109": "Sljudjanka-1",
    "110": "Train",
    "111": "ROOT",
    "112": "Shema elektropoezdov\nShema ot 18.03.2008g.\nAvtor: Varlamov Dmitrij (www.chpeks.com)\nShema i intervaly dvizhenija vzjaty s sajta: http://irkutsk.tutu.ru/",
    "113": "Imported from http://pmetro.su"
}