{
    "0": "Зима",
    "1": "О.П. Ока",
    "2": "О.П. Чиркино",
    "3": "О.П. Харагун",
    "4": "О.П. Грязная Падь",
    "5": "Делюр",
    "6": "Тыреть",
    "7": "О.П. 4971 км",
    "8": "О.П. Халярта",
    "9": "О.П. 4985 км",
    "10": "Залари",
    "11": "Хотхор",
    "12": "О.П. 5010 км",
    "13": "Головинская",
    "14": "О.П. Хартовская",
    "15": "Кутулик",
    "16": "О.П. Райпотребсоюз",
    "17": "О.П. 5026 км (Золотухино)",
    "18": "Забитуй",
    "19": "О.П. Ноты",
    "20": "О.П. Трактовый",
    "21": "О.П. Осинцево",
    "22": "Жаргон",
    "23": "О.П. 5053 км (Депо)",
    "24": "Черемхово",
    "25": "О.П. 5058 км",
    "26": "Гришево",
    "27": "Касьяновка",
    "28": "О.П. 5068 км",
    "29": "О.П. Восточная",
    "30": "О.П. Витух",
    "31": "О.П. Черепановка",
    "32": "Половина",
    "33": "О.П. Заимка",
    "34": "О.П. Ткаченко",
    "35": "Белая",
    "36": "О.П. 5100 км",
    "37": "Мальта",
    "38": "О.П. Мальтинка",
    "39": "О.П. Лужки",
    "40": "О.П. Зеленый Городок",
    "41": "Усолье-Сибирское",
    "42": "О.П. Тельминка",
    "43": "Тельма",
    "44": "О.П. Путейская",
    "45": "О.П. Биликтуй",
    "46": "Китой",
    "47": "О.П. Майск",
    "48": "Ангарск",
    "49": "Пл. Южная",
    "50": "Суховская",
    "51": "Пл. Совхозная",
    "52": "О.П. Карьер",
    "53": "Мегет",
    "54": "О.П. Вересовка",
    "55": "Пл. ПМС-45",
    "56": "Батарейная",
    "57": "Пл. Горка",
    "58": "Пл. Компрессорная",
    "59": "Пл. Заводская",
    "60": "Иркутск-Сортировочный",
    "61": "Военный Городок",
    "62": "Пл. Иркутный Мост",
    "63": "Иркутск-Пассажирский",
    "64": "Пл. Академическая",
    "65": "Пл. Мельниково",
    "66": "Кая",
    "67": "Пл. Черемушки",
    "68": "О.П. Смоленщина",
    "69": "Пл. Турбаза",
    "70": "О.П. Шелехов",
    "71": "Гончарово",
    "72": "Пл. Известковая",
    "73": "Пл. Олха",
    "74": "Пл. Летняя",
    "75": "Пл. Голубые Ели",
    "76": "Пл. Дачная",
    "77": "О.П. Садовая",
    "78": "Большой Луг",
    "79": "О.П. Ханчин",
    "80": "Рассоха",
    "81": "О.П. Орленок",
    "82": "О.П. 5234 км",
    "83": "О.П. Ягодный",
    "84": "О.П. Огоньки",
    "85": "О.П. Таежное",
    "86": "О.П. Трудный",
    "87": "О.П. Медвежий",
    "88": "О.П. Сосновый",
    "89": "Подкаменная",
    "90": "О.П. Санаторный",
    "91": "О.П. Родниковый",
    "92": "О.П. Источник",
    "93": "Глубокая",
    "94": "О.П. Кедрачи",
    "95": "О.П. Переезд",
    "96": "Андриановская",
    "97": "О.П. 5276 км (Заповедный)",
    "98": "О.П. 5280 км (Прибайкальский)",
    "99": "О.П. Черемуховая",
    "100": "Ангасолка",
    "101": "О.П. Поворот",
    "102": "О.П. Темная Падь",
    "103": "О.П. 5293 км",
    "104": "О.П. Земляничный",
    "105": "О.П. Партизанская",
    "106": "О.П. Чертова Гора",
    "107": "О.П. Вербный",
    "108": "Слюдянка-2",
    "109": "Слюдянка-1",
    "110": "Электричка",
    "111": "ROOT",
    "112": "Схема электропоездов\nСхема от 18.03.2008г.\nАвтор: Варламов Дмитрий (www.chpeks.com)\nСхема и интервалы движения взяты с сайта: http://irkutsk.tutu.ru/",
    "113": "Imported from http://pmetro.su"
}