{
    "lines": [
        {
            "delays": [
                300,
                600
            ],
            "name": "Line 1",
            "scheme": null,
            "segments": [
                [
                    0,
                    1,
                    120
                ],
                [
                    1,
                    0,
                    120
                ],
                [
                    1,
                    2,
                    120
                ],
                [
                    2,
                    1,
                    120
                ],
                [
                    2,
                    3,
                    120
                ],
                [
                    3,
                    2,
                    120
                ],
                [
                    3,
                    4,
                    120
                ],
                [
                    4,
                    3,
                    120
                ],
                [
                    4,
                    5,
                    120
                ],
                [
                    5,
                    4,
                    120
                ],
                [
                    5,
                    6,
                    120
                ],
                [
                    6,
                    5,
                    120
                ],
                [
                    6,
                    7,
                    120
                ],
                [
                    7,
                    6,
                    120
                ],
                [
                    7,
                    8,
                    120
                ],
                [
                    8,
                    7,
                    120
                ],
                [
                    8,
                    9,
                    120
                ],
                [
                    9,
                    8,
                    120
                ],
                [
                    9,
                    10,
                    120
                ],
                [
                    10,
                    9,
                    120
                ],
                [
                    10,
                    11,
                    120
                ],
                [
                    11,
                    10,
                    120
                ],
                [
                    11,
                    12,
                    120
                ],
                [
                    12,
                    11,
                    120
                ],
                [
                    12,
                    13,
                    120
                ],
                [
                    13,
                    12,
                    120
                ],
                [
                    13,
                    14,
                    120
                ],
                [
                    14,
                    13,
                    120
                ],
                [
                    14,
                    15,
                    120
                ],
                [
                    15,
                    14,
                    120
                ],
                [
                    15,
                    16,
                    120
                ],
                [
                    16,
                    15,
                    120
                ],
                [
                    16,
                    17,
                    120
                ],
                [
                    17,
                    16,
                    120
                ],
                [
                    17,
                    18,
                    120
                ],
                [
                    18,
                    17,
                    120
                ],
                [
                    18,
                    19,
                    120
                ],
                [
                    19,
                    18,
                    120
                ],
                [
                    19,
                    20,
                    120
                ],
                [
                    20,
                    19,
                    120
                ]
            ],
            "stations": [
                [
                    0,
                    "Dilshad Garden",
                    0
                ],
                [
                    1,
                    "Jhilmil",
                    1
                ],
                [
                    2,
                    "Mansarovar Park",
                    2
                ],
                [
                    3,
                    "Shahdara",
                    3
                ],
                [
                    4,
                    "Welcome",
                    4
                ],
                [
                    5,
                    "Seelampur",
                    5
                ],
                [
                    6,
                    "Shastri Park",
                    6
                ],
                [
                    7,
                    "Kashmere Gate",
                    7
                ],
                [
                    8,
                    "Tis Hazari",
                    8
                ],
                [
                    9,
                    "Pul Bangash",
                    9
                ],
                [
                    10,
                    "Pratap Nagar",
                    10
                ],
                [
                    11,
                    "Shastri Nagar",
                    11
                ],
                [
                    12,
                    "Inder Lok",
                    12
                ],
                [
                    13,
                    "Kanhiya Nagar",
                    13
                ],
                [
                    14,
                    "Keshav Puram",
                    14
                ],
                [
                    15,
                    "Netaji Subhash Place",
                    15
                ],
                [
                    16,
                    "Kohat Enclave",
                    16
                ],
                [
                    17,
                    "Pitam Pura",
                    17
                ],
                [
                    18,
                    "Rohini East",
                    18
                ],
                [
                    19,
                    "Rohini West",
                    19
                ],
                [
                    20,
                    "Rithala",
                    20
                ]
            ],
            "text_id": 21
        },
        {
            "delays": [
                300,
                600
            ],
            "name": "Line 2",
            "scheme": null,
            "segments": [
                [
                    21,
                    22,
                    120
                ],
                [
                    22,
                    21,
                    120
                ],
                [
                    22,
                    23,
                    120
                ],
                [
                    23,
                    22,
                    120
                ],
                [
                    23,
                    24,
                    120
                ],
                [
                    24,
                    23,
                    120
                ],
                [
                    24,
                    25,
                    120
                ],
                [
                    25,
                    24,
                    120
                ],
                [
                    25,
                    26,
                    120
                ],
                [
                    26,
                    25,
                    120
                ],
                [
                    26,
                    27,
                    120
                ],
                [
                    27,
                    26,
                    120
                ],
                [
                    27,
                    28,
                    120
                ],
                [
                    28,
                    27,
                    120
                ],
                [
                    28,
                    29,
                    120
                ],
                [
                    29,
                    28,
                    120
                ],
                [
                    29,
                    30,
                    120
                ],
                [
                    30,
                    29,
                    120
                ],
                [
                    30,
                    31,
                    120
                ],
                [
                    31,
                    30,
                    120
                ],
                [
                    31,
                    32,
                    120
                ],
                [
                    32,
                    31,
                    120
                ],
                [
                    32,
                    33,
                    120
                ],
                [
                    33,
                    32,
                    120
                ],
                [
                    33,
                    34,
                    120
                ],
                [
                    34,
                    33,
                    120
                ],
                [
                    34,
                    35,
                    120
                ],
                [
                    35,
                    34,
                    120
                ],
                [
                    35,
                    36,
                    120
                ],
                [
                    36,
                    35,
                    120
                ],
                [
                    36,
                    37,
                    120
                ],
                [
                    37,
                    36,
                    120
                ],
                [
                    37,
                    38,
                    120
                ],
                [
                    38,
                    37,
                    120
                ],
                [
                    38,
                    39,
                    120
                ],
                [
                    39,
                    38,
                    120
                ],
                [
                    39,
                    40,
                    120
                ],
                [
                    40,
                    39,
                    120
                ],
                [
                    40,
                    41,
                    120
                ],
                [
                    41,
                    40,
                    120
                ],
                [
                    41,
                    42,
                    120
                ],
                [
                    42,
                    41,
                    120
                ],
                [
                    42,
                    43,
                    120
                ],
                [
                    43,
                    42,
                    120
                ],
                [
                    43,
                    44,
                    120
                ],
                [
                    44,
                    43,
                    120
                ],
                [
                    44,
                    45,
                    120
                ],
                [
                    45,
                    44,
                    120
                ],
                [
                    45,
                    46,
                    120
                ],
                [
                    46,
                    45,
                    120
                ],
                [
                    46,
                    47,
                    120
                ],
                [
                    47,
                    46,
                    120
                ],
                [
                    47,
                    48,
                    120
                ],
                [
                    48,
                    47,
                    120
                ],
                [
                    48,
                    49,
                    120
                ],
                [
                    49,
                    48,
                    120
                ],
                [
                    49,
                    50,
                    120
                ],
                [
                    50,
                    49,
                    120
                ],
                [
                    50,
                    51,
                    120
                ],
                [
                    51,
                    50,
                    120
                ],
                [
                    51,
                    52,
                    120
                ],
                [
                    52,
                    51,
                    120
                ],
                [
                    52,
                    53,
                    120
                ],
                [
                    53,
                    52,
                    120
                ],
                [
                    53,
                    54,
                    120
                ],
                [
                    54,
                    53,
                    120
                ]
            ],
            "stations": [
                [
                    21,
                    "Jahangirpuri",
                    22
                ],
                [
                    22,
                    "Adarsh Nagar",
                    23
                ],
                [
                    23,
                    "Azadpur",
                    24
                ],
                [
                    24,
                    "Model Town",
                    25
                ],
                [
                    25,
                    "GTB Nagar",
                    26
                ],
                [
                    26,
                    "Vishwa Vidyalaya",
                    27
                ],
                [
                    27,
                    "Vidhan Sabha",
                    28
                ],
                [
                    28,
                    "Civil Lines",
                    29
                ],
                [
                    29,
                    "Kashmere Gate",
                    7
                ],
                [
                    30,
                    "Delhi Main",
                    30
                ],
                [
                    31,
                    "Chawri Bazar",
                    31
                ],
                [
                    32,
                    "New Delhi",
                    32
                ],
                [
                    33,
                    "Connaught Place",
                    33
                ],
                [
                    34,
                    "Patel Chowk",
                    34
                ],
                [
                    35,
                    "Central Secretariat",
                    35
                ],
                [
                    36,
                    "Udyog Bhawan",
                    36
                ],
                [
                    37,
                    "Race Course",
                    37
                ],
                [
                    38,
                    "Jor Bagh",
                    38
                ],
                [
                    39,
                    "INA",
                    39
                ],
                [
                    40,
                    "AIIMS",
                    40
                ],
                [
                    41,
                    "Green Park",
                    41
                ],
                [
                    42,
                    "Hauz Khas",
                    42
                ],
                [
                    43,
                    "Malviya Nagar",
                    43
                ],
                [
                    44,
                    "Saket",
                    44
                ],
                [
                    45,
                    "Qutub Minar",
                    45
                ],
                [
                    46,
                    "Chhatarpur",
                    46
                ],
                [
                    47,
                    "Sultanpur",
                    47
                ],
                [
                    48,
                    "Ghitorni",
                    48
                ],
                [
                    49,
                    "Arjan Garh",
                    49
                ],
                [
                    50,
                    "Guru Dronacharya",
                    50
                ],
                [
                    51,
                    "Sikandarpur",
                    51
                ],
                [
                    52,
                    "MG Road",
                    52
                ],
                [
                    53,
                    "IFFCO Chowk",
                    53
                ],
                [
                    54,
                    "HUDA City Centre",
                    54
                ]
            ],
            "text_id": 55
        },
        {
            "delays": [
                300,
                600
            ],
            "name": "Line 3",
            "scheme": null,
            "segments": [
                [
                    55,
                    56,
                    120
                ],
                [
                    56,
                    55,
                    120
                ],
                [
                    56,
                    57,
                    120
                ],
                [
                    57,
                    56,
                    120
                ],
                [
                    57,
                    58,
                    120
                ],
                [
                    58,
                    57,
                    120
                ],
                [
                    58,
                    59,
                    120
                ],
                [
                    59,
                    58,
                    120
                ],
                [
                    59,
                    60,
                    120
                ],
                [
                    60,
                    59,
                    120
                ],
                [
                    60,
                    61,
                    120
                ],
                [
                    61,
                    60,
                    120
                ],
                [
                    61,
                    62,
                    120
                ],
                [
                    62,
                    61,
                    120
                ],
                [
                    62,
                    63,
                    120
                ],
                [
                    63,
                    62,
                    120
                ],
                [
                    63,
                    64,
                    120
                ],
                [
                    64,
                    63,
                    120
                ],
                [
                    64,
                    65,
                    120
                ],
                [
                    65,
                    64,
                    120
                ],
                [
                    65,
                    66,
                    120
                ],
                [
                    66,
                    65,
                    120
                ],
                [
                    66,
                    67,
                    120
                ],
                [
                    67,
                    66,
                    120
                ],
                [
                    67,
                    68,
                    120
                ],
                [
                    68,
                    67,
                    120
                ],
                [
                    68,
                    69,
                    120
                ],
                [
                    69,
                    68,
                    120
                ],
                [
                    69,
                    70,
                    120
                ],
                [
                    70,
                    69,
                    120
                ],
                [
                    70,
                    71,
                    120
                ],
                [
                    71,
                    70,
                    120
                ],
                [
                    71,
                    72,
                    120
                ],
                [
                    72,
                    71,
                    120
                ],
                [
                    72,
                    73,
                    120
                ],
                [
                    73,
                    72,
                    120
                ],
                [
                    73,
                    74,
                    120
                ],
                [
                    74,
                    73,
                    120
                ],
                [
                    74,
                    75,
                    120
                ],
                [
                    75,
                    74,
                    120
                ],
                [
                    75,
                    76,
                    120
                ],
                [
                    76,
                    75,
                    120
                ],
                [
                    76,
                    77,
                    120
                ],
                [
                    77,
                    76,
                    120
                ],
                [
                    77,
                    78,
                    120
                ],
                [
                    78,
                    77,
                    120
                ],
                [
                    78,
                    79,
                    120
                ],
                [
                    79,
                    78,
                    120
                ],
                [
                    79,
                    80,
                    120
                ],
                [
                    80,
                    79,
                    120
                ],
                [
                    80,
                    81,
                    120
                ],
                [
                    81,
                    80,
                    120
                ],
                [
                    81,
                    82,
                    120
                ],
                [
                    82,
                    81,
                    120
                ],
                [
                    82,
                    83,
                    120
                ],
                [
                    83,
                    82,
                    120
                ],
                [
                    83,
                    84,
                    120
                ],
                [
                    84,
                    83,
                    120
                ],
                [
                    84,
                    85,
                    120
                ],
                [
                    85,
                    84,
                    120
                ],
                [
                    85,
                    86,
                    120
                ],
                [
                    86,
                    85,
                    120
                ],
                [
                    86,
                    87,
                    120
                ],
                [
                    87,
                    86,
                    120
                ],
                [
                    87,
                    88,
                    120
                ],
                [
                    88,
                    87,
                    120
                ],
                [
                    88,
                    89,
                    120
                ],
                [
                    89,
                    88,
                    120
                ],
                [
                    89,
                    90,
                    120
                ],
                [
                    90,
                    89,
                    120
                ],
                [
                    90,
                    91,
                    120
                ],
                [
                    91,
                    90,
                    120
                ],
                [
                    91,
                    92,
                    120
                ],
                [
                    92,
                    91,
                    120
                ],
                [
                    92,
                    93,
                    120
                ],
                [
                    93,
                    92,
                    120
                ],
                [
                    93,
                    94,
                    120
                ],
                [
                    94,
                    93,
                    120
                ],
                [
                    94,
                    95,
                    120
                ],
                [
                    95,
                    94,
                    120
                ],
                [
                    95,
                    96,
                    120
                ],
                [
                    96,
                    95,
                    120
                ],
                [
                    96,
                    97,
                    120
                ],
                [
                    97,
                    96,
                    120
                ],
                [
                    97,
                    98,
                    120
                ],
                [
                    98,
                    97,
                    120
                ]
            ],
            "stations": [
                [
                    55,
                    "Noida City Centre",
                    56
                ],
                [
                    56,
                    "Noida Golf Course",
                    57
                ],
                [
                    57,
                    "Botanical Garden",
                    58
                ],
                [
                    58,
                    "Noida Sector 18",
                    59
                ],
                [
                    59,
                    "Noida Sector 16",
                    60
                ],
                [
                    60,
                    "Noida Sector 15",
                    61
                ],
                [
                    61,
                    "New Ashok Nagar",
                    62
                ],
                [
                    62,
                    "Mayur Vihar Extension",
                    63
                ],
                [
                    63,
                    "Mayur Vihar - I",
                    64
                ],
                [
                    64,
                    "Akshardham",
                    65
                ],
                [
                    65,
                    "Yamuna Bank",
                    66
                ],
                [
                    66,
                    "Indraprastha",
                    67
                ],
                [
                    67,
                    "Pragati Maidan",
                    68
                ],
                [
                    68,
                    "Mandi House",
                    69
                ],
                [
                    69,
                    "Barakhamba Road",
                    70
                ],
                [
                    70,
                    "Connaught Place",
                    33
                ],
                [
                    71,
                    "R.K. Ashram Marg",
                    71
                ],
                [
                    72,
                    "Jhandewalan",
                    72
                ],
                [
                    73,
                    "Karol Bagh",
                    73
                ],
                [
                    74,
                    "Rajendra Place",
                    74
                ],
                [
                    75,
                    "Patel Nagar",
                    75
                ],
                [
                    76,
                    "Shadipur",
                    76
                ],
                [
                    77,
                    "Kirti Nagar",
                    77
                ],
                [
                    78,
                    "Moti Nagar",
                    78
                ],
                [
                    79,
                    "Ramesh Nagar",
                    79
                ],
                [
                    80,
                    "Rajouri Garden",
                    80
                ],
                [
                    81,
                    "Tagore Garden",
                    81
                ],
                [
                    82,
                    "Subhash Nagar",
                    82
                ],
                [
                    83,
                    "Tilak Nagar",
                    83
                ],
                [
                    84,
                    "Ganesh Nagar",
                    84
                ],
                [
                    85,
                    "Janakpuri",
                    85
                ],
                [
                    86,
                    "Uttam Nagar",
                    86
                ],
                [
                    87,
                    "Prem Nagar",
                    87
                ],
                [
                    88,
                    "Om Vihar",
                    88
                ],
                [
                    89,
                    "Dwarka Morh",
                    89
                ],
                [
                    90,
                    "Dwarka",
                    90
                ],
                [
                    91,
                    "Dwarka Sec 14",
                    91
                ],
                [
                    92,
                    "Dwarka Sec 13",
                    92
                ],
                [
                    93,
                    "Dwarka Sec 12",
                    93
                ],
                [
                    94,
                    "Dwarka Sec 11",
                    94
                ],
                [
                    95,
                    "Dwarka Sec 10",
                    95
                ],
                [
                    96,
                    "Dwarka Sec 9",
                    96
                ],
                [
                    97,
                    "Dwarka Sec 8",
                    97
                ],
                [
                    98,
                    "Dwarka Sec 21",
                    98
                ]
            ],
            "text_id": 99
        },
        {
            "delays": [
                300,
                600
            ],
            "name": "Line 4",
            "scheme": null,
            "segments": [
                [
                    99,
                    100,
                    120
                ],
                [
                    100,
                    99,
                    120
                ],
                [
                    100,
                    101,
                    120
                ],
                [
                    101,
                    100,
                    120
                ],
                [
                    101,
                    102,
                    120
                ],
                [
                    102,
                    101,
                    120
                ],
                [
                    102,
                    103,
                    120
                ],
                [
                    103,
                    102,
                    120
                ],
                [
                    103,
                    104,
                    120
                ],
                [
                    104,
                    103,
                    120
                ],
                [
                    104,
                    105,
                    120
                ],
                [
                    105,
                    104,
                    120
                ],
                [
                    105,
                    106,
                    120
                ],
                [
                    106,
                    105,
                    120
                ]
            ],
            "stations": [
                [
                    99,
                    "Vaishali",
                    100
                ],
                [
                    100,
                    "Kaushambi",
                    101
                ],
                [
                    101,
                    "Anand Vihar",
                    102
                ],
                [
                    102,
                    "Karkarduma",
                    103
                ],
                [
                    103,
                    "Preet Vihar",
                    104
                ],
                [
                    104,
                    "Nirman Vihar",
                    105
                ],
                [
                    105,
                    "Laxmi Nagar",
                    106
                ],
                [
                    106,
                    "Yamuna Bank",
                    66
                ]
            ],
            "text_id": 107
        },
        {
            "delays": [
                300,
                600
            ],
            "name": "Line 5",
            "scheme": null,
            "segments": [
                [
                    107,
                    110,
                    120
                ],
                [
                    108,
                    109,
                    120
                ],
                [
                    109,
                    108,
                    120
                ],
                [
                    109,
                    110,
                    120
                ],
                [
                    110,
                    107,
                    120
                ],
                [
                    110,
                    109,
                    120
                ],
                [
                    110,
                    111,
                    120
                ],
                [
                    111,
                    110,
                    120
                ],
                [
                    111,
                    112,
                    120
                ],
                [
                    112,
                    111,
                    120
                ],
                [
                    112,
                    113,
                    120
                ],
                [
                    113,
                    112,
                    120
                ],
                [
                    113,
                    114,
                    120
                ],
                [
                    114,
                    113,
                    120
                ],
                [
                    114,
                    115,
                    120
                ],
                [
                    115,
                    114,
                    120
                ],
                [
                    115,
                    116,
                    120
                ],
                [
                    116,
                    115,
                    120
                ],
                [
                    116,
                    117,
                    120
                ],
                [
                    117,
                    116,
                    120
                ],
                [
                    117,
                    118,
                    120
                ],
                [
                    118,
                    117,
                    120
                ],
                [
                    118,
                    119,
                    120
                ],
                [
                    119,
                    118,
                    120
                ],
                [
                    119,
                    120,
                    120
                ],
                [
                    120,
                    119,
                    120
                ],
                [
                    120,
                    121,
                    120
                ],
                [
                    121,
                    120,
                    120
                ],
                [
                    121,
                    122,
                    120
                ],
                [
                    122,
                    121,
                    120
                ]
            ],
            "stations": [
                [
                    107,
                    "Inder Lok",
                    12
                ],
                [
                    108,
                    "Kirti Nagar",
                    77
                ],
                [
                    109,
                    "Satguru Ramsingh Marg",
                    108
                ],
                [
                    110,
                    "Ashok Park",
                    109
                ],
                [
                    111,
                    "Punjabi Bagh",
                    110
                ],
                [
                    112,
                    "Shivaji Park",
                    111
                ],
                [
                    113,
                    "Madipur",
                    112
                ],
                [
                    114,
                    "Paschim Vihar East",
                    113
                ],
                [
                    115,
                    "Paschim Vihar West",
                    114
                ],
                [
                    116,
                    "Peera Garhi",
                    115
                ],
                [
                    117,
                    "Udyog Nagar",
                    116
                ],
                [
                    118,
                    "Surajmal Stadium",
                    117
                ],
                [
                    119,
                    "Nangloi",
                    118
                ],
                [
                    120,
                    "Nangloi Railway station",
                    119
                ],
                [
                    121,
                    "Rajdhani Park",
                    120
                ],
                [
                    122,
                    "Mundka",
                    121
                ]
            ],
            "text_id": 122
        },
        {
            "delays": [
                300,
                600
            ],
            "name": "Line 6",
            "scheme": null,
            "segments": [
                [
                    123,
                    124,
                    120
                ],
                [
                    124,
                    123,
                    120
                ],
                [
                    124,
                    125,
                    120
                ],
                [
                    125,
                    124,
                    120
                ],
                [
                    125,
                    126,
                    120
                ],
                [
                    126,
                    125,
                    120
                ],
                [
                    126,
                    127,
                    120
                ],
                [
                    127,
                    126,
                    120
                ],
                [
                    127,
                    128,
                    120
                ],
                [
                    128,
                    127,
                    120
                ],
                [
                    128,
                    129,
                    120
                ],
                [
                    129,
                    128,
                    120
                ],
                [
                    129,
                    130,
                    120
                ],
                [
                    130,
                    129,
                    120
                ],
                [
                    130,
                    131,
                    120
                ],
                [
                    131,
                    130,
                    120
                ],
                [
                    131,
                    132,
                    120
                ],
                [
                    132,
                    131,
                    120
                ],
                [
                    132,
                    133,
                    120
                ],
                [
                    133,
                    132,
                    120
                ],
                [
                    133,
                    134,
                    120
                ],
                [
                    134,
                    133,
                    120
                ],
                [
                    134,
                    135,
                    120
                ],
                [
                    135,
                    134,
                    120
                ],
                [
                    135,
                    136,
                    120
                ],
                [
                    136,
                    135,
                    120
                ],
                [
                    136,
                    137,
                    120
                ],
                [
                    137,
                    136,
                    120
                ],
                [
                    137,
                    138,
                    120
                ],
                [
                    138,
                    137,
                    120
                ],
                [
                    138,
                    139,
                    120
                ],
                [
                    139,
                    138,
                    120
                ],
                [
                    139,
                    140,
                    120
                ],
                [
                    140,
                    139,
                    120
                ],
                [
                    140,
                    141,
                    120
                ],
                [
                    141,
                    140,
                    120
                ],
                [
                    141,
                    142,
                    120
                ],
                [
                    142,
                    141,
                    120
                ],
                [
                    142,
                    143,
                    120
                ],
                [
                    143,
                    142,
                    120
                ],
                [
                    143,
                    144,
                    120
                ],
                [
                    144,
                    143,
                    120
                ],
                [
                    144,
                    145,
                    120
                ],
                [
                    145,
                    144,
                    120
                ],
                [
                    145,
                    146,
                    120
                ],
                [
                    146,
                    145,
                    120
                ],
                [
                    146,
                    147,
                    120
                ],
                [
                    147,
                    146,
                    120
                ],
                [
                    147,
                    148,
                    120
                ],
                [
                    148,
                    147,
                    120
                ],
                [
                    148,
                    149,
                    120
                ],
                [
                    149,
                    148,
                    120
                ]
            ],
            "stations": [
                [
                    123,
                    "Mandi House",
                    69
                ],
                [
                    124,
                    "Janpath",
                    123
                ],
                [
                    125,
                    "Central Secretariat",
                    35
                ],
                [
                    126,
                    "Khan Market",
                    124
                ],
                [
                    127,
                    "Jawaharlal Nehru Stadium",
                    125
                ],
                [
                    128,
                    "Jangpura",
                    126
                ],
                [
                    129,
                    "Lajpat Nagar",
                    127
                ],
                [
                    130,
                    "Moolchand",
                    128
                ],
                [
                    131,
                    "Kailash Colony",
                    129
                ],
                [
                    132,
                    "Nehru Place",
                    130
                ],
                [
                    133,
                    "Kalkaji Mandir",
                    131
                ],
                [
                    134,
                    "Govind Puri",
                    132
                ],
                [
                    135,
                    "Okhla",
                    133
                ],
                [
                    136,
                    "Jasola",
                    134
                ],
                [
                    137,
                    "Sarita Vihar",
                    135
                ],
                [
                    138,
                    "Mohan Estate",
                    136
                ],
                [
                    139,
                    "Tughlakabad",
                    137
                ],
                [
                    140,
                    "Badarpur",
                    138
                ],
                [
                    141,
                    "Sarai",
                    139
                ],
                [
                    142,
                    "NHPC Chowk",
                    140
                ],
                [
                    143,
                    "Mewla Maharajpur",
                    141
                ],
                [
                    144,
                    "Sector 28",
                    142
                ],
                [
                    145,
                    "Badkhal Mor",
                    143
                ],
                [
                    146,
                    "Faridabad Old",
                    144
                ],
                [
                    147,
                    "Neelam Chowk Ajronda",
                    145
                ],
                [
                    148,
                    "Bata Chowk",
                    146
                ],
                [
                    149,
                    "Escorts Mujesar",
                    147
                ]
            ],
            "text_id": 148
        }
    ],
    "name": "metro",
    "transfers": [
        [
            29,
            7,
            300,
            true
        ],
        [
            33,
            70,
            300,
            true
        ],
        [
            107,
            12,
            300,
            true
        ],
        [
            108,
            77,
            120,
            true
        ],
        [
            123,
            68,
            120,
            true
        ],
        [
            125,
            35,
            120,
            true
        ],
        [
            106,
            65,
            120,
            true
        ]
    ],
    "type_name": "Метро"
}