{
    "0": "Naha-kuko",
    "1": "Akamine",
    "2": "Oroku",
    "3": "Onoyama-koen",
    "4": "Tsubogawa",
    "5": "Asahibashi",
    "6": "Kencho-mae",
    "7": "Miebashi",
    "8": "Makishi",
    "9": "Asato",
    "10": "Omoromachi",
    "11": "Furujima",
    "12": "Shiritsu-byoin-mae",
    "13": "Gibo",
    "14": "Shuri",
    "15": "1",
    "16": "Train",
    "17": "ROOT",
    "18": "Monorail\nShema ot 18.12.2006g.\nAvtor: Varlamov Dmitrij (www.chpeks.com)",
    "19": "Imported from http://pmetro.su"
}