{
    "lines": [
        {
            "delays": [
                300,
                600
            ],
            "name": "Namboku",
            "scheme": null,
            "segments": [
                [
                    0,
                    1,
                    120
                ],
                [
                    1,
                    0,
                    120
                ],
                [
                    1,
                    2,
                    120
                ],
                [
                    2,
                    1,
                    120
                ],
                [
                    2,
                    3,
                    120
                ],
                [
                    3,
                    2,
                    120
                ],
                [
                    3,
                    4,
                    120
                ],
                [
                    4,
                    3,
                    120
                ],
                [
                    4,
                    5,
                    120
                ],
                [
                    5,
                    4,
                    120
                ],
                [
                    5,
                    6,
                    120
                ],
                [
                    6,
                    5,
                    120
                ],
                [
                    6,
                    7,
                    120
                ],
                [
                    7,
                    6,
                    120
                ],
                [
                    7,
                    8,
                    120
                ],
                [
                    8,
                    7,
                    120
                ],
                [
                    8,
                    9,
                    120
                ],
                [
                    9,
                    8,
                    120
                ],
                [
                    9,
                    10,
                    120
                ],
                [
                    10,
                    9,
                    120
                ],
                [
                    10,
                    11,
                    120
                ],
                [
                    11,
                    10,
                    120
                ],
                [
                    11,
                    12,
                    120
                ],
                [
                    12,
                    11,
                    120
                ],
                [
                    12,
                    13,
                    120
                ],
                [
                    13,
                    12,
                    120
                ],
                [
                    13,
                    14,
                    120
                ],
                [
                    14,
                    13,
                    120
                ],
                [
                    14,
                    15,
                    120
                ],
                [
                    15,
                    14,
                    120
                ]
            ],
            "stations": [
                [
                    0,
                    "Asabu",
                    0
                ],
                [
                    1,
                    "Kita-Sanjuyo-Jo",
                    1
                ],
                [
                    2,
                    "Kita-Nijuyo-Jo",
                    2
                ],
                [
                    3,
                    "Kita-Juhachi-Jo",
                    3
                ],
                [
                    4,
                    "Kita-Juni-Jo",
                    4
                ],
                [
                    5,
                    "Sapporo",
                    5
                ],
                [
                    6,
                    "Odori",
                    6
                ],
                [
                    7,
                    "Susukino",
                    7
                ],
                [
                    8,
                    "Nakajima-Koen",
                    8
                ],
                [
                    9,
                    "Horohira-Bashi",
                    9
                ],
                [
                    10,
                    "Nakanoshima",
                    10
                ],
                [
                    11,
                    "Hiragishi",
                    11
                ],
                [
                    12,
                    "Minami-Hiragishi",
                    12
                ],
                [
                    13,
                    "Sumikawa",
                    13
                ],
                [
                    14,
                    "Jieitai-Mae",
                    14
                ],
                [
                    15,
                    "Makomanai",
                    15
                ]
            ],
            "text_id": 16
        },
        {
            "delays": [
                300,
                600
            ],
            "name": "Tozai",
            "scheme": null,
            "segments": [
                [
                    16,
                    17,
                    120
                ],
                [
                    17,
                    16,
                    120
                ],
                [
                    17,
                    18,
                    120
                ],
                [
                    18,
                    17,
                    120
                ],
                [
                    18,
                    19,
                    120
                ],
                [
                    19,
                    18,
                    120
                ],
                [
                    19,
                    20,
                    120
                ],
                [
                    20,
                    19,
                    120
                ],
                [
                    20,
                    21,
                    120
                ],
                [
                    21,
                    20,
                    120
                ],
                [
                    21,
                    22,
                    120
                ],
                [
                    22,
                    21,
                    120
                ],
                [
                    22,
                    23,
                    120
                ],
                [
                    23,
                    22,
                    120
                ],
                [
                    23,
                    24,
                    120
                ],
                [
                    24,
                    23,
                    120
                ],
                [
                    24,
                    25,
                    120
                ],
                [
                    25,
                    24,
                    120
                ],
                [
                    25,
                    26,
                    120
                ],
                [
                    26,
                    25,
                    120
                ],
                [
                    26,
                    27,
                    120
                ],
                [
                    27,
                    26,
                    120
                ],
                [
                    27,
                    28,
                    120
                ],
                [
                    28,
                    27,
                    120
                ],
                [
                    28,
                    29,
                    120
                ],
                [
                    29,
                    28,
                    120
                ],
                [
                    29,
                    30,
                    120
                ],
                [
                    30,
                    29,
                    120
                ],
                [
                    30,
                    31,
                    120
                ],
                [
                    31,
                    30,
                    120
                ],
                [
                    31,
                    32,
                    120
                ],
                [
                    32,
                    31,
                    120
                ],
                [
                    32,
                    33,
                    120
                ],
                [
                    33,
                    32,
                    120
                ],
                [
                    33,
                    34,
                    120
                ],
                [
                    34,
                    33,
                    120
                ]
            ],
            "stations": [
                [
                    16,
                    "Miyanosawa",
                    17
                ],
                [
                    17,
                    "Hassamu-Minami",
                    18
                ],
                [
                    18,
                    "Kotoni",
                    19
                ],
                [
                    19,
                    "Nijuyon-Ken",
                    20
                ],
                [
                    20,
                    "Nishi-Nijuhatchome",
                    21
                ],
                [
                    21,
                    "Maruyama-Koen",
                    22
                ],
                [
                    22,
                    "Nishi-Juhatchome",
                    23
                ],
                [
                    23,
                    "Nishi-Juitchome",
                    24
                ],
                [
                    24,
                    "Odori",
                    6
                ],
                [
                    25,
                    "Bus Center-Mae",
                    25
                ],
                [
                    26,
                    "Kikusui",
                    26
                ],
                [
                    27,
                    "Higashi-Sapporo",
                    27
                ],
                [
                    28,
                    "Shiroishi",
                    28
                ],
                [
                    29,
                    "Nango-Nana-Chome",
                    29
                ],
                [
                    30,
                    "Nango-Jusan-Chome",
                    30
                ],
                [
                    31,
                    "Nango-Juhatchome",
                    31
                ],
                [
                    32,
                    "Oyachi",
                    32
                ],
                [
                    33,
                    "Hibarigaoka",
                    33
                ],
                [
                    34,
                    "Shin-Sapporo",
                    34
                ]
            ],
            "text_id": 35
        },
        {
            "delays": [
                300,
                600
            ],
            "name": "Toho",
            "scheme": null,
            "segments": [
                [
                    35,
                    36,
                    120
                ],
                [
                    36,
                    35,
                    120
                ],
                [
                    36,
                    37,
                    120
                ],
                [
                    37,
                    36,
                    120
                ],
                [
                    37,
                    38,
                    120
                ],
                [
                    38,
                    37,
                    120
                ],
                [
                    38,
                    39,
                    120
                ],
                [
                    39,
                    38,
                    120
                ],
                [
                    39,
                    40,
                    120
                ],
                [
                    40,
                    39,
                    120
                ],
                [
                    40,
                    41,
                    120
                ],
                [
                    41,
                    40,
                    120
                ],
                [
                    41,
                    42,
                    120
                ],
                [
                    42,
                    41,
                    120
                ],
                [
                    42,
                    43,
                    120
                ],
                [
                    43,
                    42,
                    120
                ],
                [
                    43,
                    44,
                    120
                ],
                [
                    44,
                    43,
                    120
                ],
                [
                    44,
                    45,
                    120
                ],
                [
                    45,
                    44,
                    120
                ],
                [
                    45,
                    46,
                    120
                ],
                [
                    46,
                    45,
                    120
                ],
                [
                    46,
                    47,
                    120
                ],
                [
                    47,
                    46,
                    120
                ],
                [
                    47,
                    48,
                    120
                ],
                [
                    48,
                    47,
                    120
                ]
            ],
            "stations": [
                [
                    35,
                    "Sakaemachi",
                    36
                ],
                [
                    36,
                    "Shindo-Higashi",
                    37
                ],
                [
                    37,
                    "Motomachi",
                    38
                ],
                [
                    38,
                    "Kanjo-Dori-Higashi",
                    39
                ],
                [
                    39,
                    "Higashi-Kuyakusho-Mae",
                    40
                ],
                [
                    40,
                    "Kita-Jusan-Jo-Higashi",
                    41
                ],
                [
                    41,
                    "Sapporo",
                    5
                ],
                [
                    42,
                    "Odori",
                    6
                ],
                [
                    43,
                    "Hosui-Susukino",
                    42
                ],
                [
                    44,
                    "Gakuen-Mae",
                    43
                ],
                [
                    45,
                    "Toyohira-Koen",
                    44
                ],
                [
                    46,
                    "Misono",
                    45
                ],
                [
                    47,
                    "Tsukisamu-Chuo",
                    46
                ],
                [
                    48,
                    "Fukuzumi",
                    47
                ]
            ],
            "text_id": 48
        }
    ],
    "name": "metro",
    "transfers": [
        [
            24,
            42,
            300,
            true
        ],
        [
            42,
            6,
            300,
            true
        ],
        [
            24,
            6,
            300,
            true
        ],
        [
            5,
            41,
            300,
            true
        ]
    ],
    "type_name": "Метро"
}