{
    "0": "Зеленая Поляна",
    "1": "Войновская",
    "2": "Лесная",
    "3": "Гагаринская",
    "4": "Ботевградская",
    "5": "Проспект Ленина",
    "6": "Севастопольская",
    "7": "Химмаш",
    "8": "Озерная",
    "9": "Войновско-Севастопольская",
    "10": "Северная",
    "11": "Энергетическая",
    "12": "Вокзальная",
    "13": "Троицкая",
    "14": "Театральная",
    "15": "Улица Фурманова",
    "16": "Юго-Западная",
    "17": "Транспортная",
    "18": "Николаевка",
    "19": "Ялга",
    "20": "Вокзально-Ялгинская",
    "21": "Метро",
    "22": "ROOT",
    "23": "схема мечтателя\nСхема от 11.11.2005 г.\nИнформация о времени проезда получена эвристическим путем.\nКарта написана Игорем Лапиным (lapinip@mail.ru)\nИнформация по cтанциям также написана Игорем Лапиным (lapinip@mail.ru)\nИнформацию по городскому транспорту и крупным городским объектам прислал Зверь (zweron@yandex.ru)",
    "24": "Imported from http://pmetro.su"
}