{
    "lines": [
        {
            "delays": [],
            "name": "1",
            "scheme": null,
            "segments": [
                [
                    0,
                    1,
                    120
                ],
                [
                    1,
                    0,
                    120
                ],
                [
                    1,
                    2,
                    120
                ],
                [
                    2,
                    1,
                    120
                ],
                [
                    2,
                    3,
                    120
                ],
                [
                    3,
                    2,
                    120
                ],
                [
                    3,
                    4,
                    120
                ],
                [
                    4,
                    3,
                    120
                ],
                [
                    4,
                    5,
                    120
                ],
                [
                    5,
                    4,
                    120
                ],
                [
                    5,
                    6,
                    120
                ],
                [
                    6,
                    5,
                    120
                ],
                [
                    6,
                    7,
                    120
                ],
                [
                    7,
                    6,
                    120
                ],
                [
                    7,
                    8,
                    120
                ],
                [
                    8,
                    7,
                    120
                ],
                [
                    8,
                    9,
                    120
                ],
                [
                    9,
                    8,
                    120
                ],
                [
                    9,
                    10,
                    120
                ],
                [
                    10,
                    9,
                    120
                ],
                [
                    10,
                    11,
                    120
                ],
                [
                    11,
                    10,
                    120
                ],
                [
                    11,
                    12,
                    120
                ],
                [
                    12,
                    11,
                    120
                ],
                [
                    12,
                    13,
                    120
                ],
                [
                    13,
                    12,
                    120
                ],
                [
                    13,
                    14,
                    120
                ],
                [
                    14,
                    13,
                    120
                ]
            ],
            "stations": [
                [
                    0,
                    "Balgok",
                    0
                ],
                [
                    1,
                    "Hoeryong",
                    1
                ],
                [
                    2,
                    "Beomgol",
                    2
                ],
                [
                    3,
                    "Uijeongbu",
                    3
                ],
                [
                    4,
                    "City Hall",
                    4
                ],
                [
                    5,
                    "Heungseon",
                    5
                ],
                [
                    6,
                    "Uijeongbu Jungang",
                    6
                ],
                [
                    7,
                    "Dongo",
                    7
                ],
                [
                    8,
                    "Saemal",
                    8
                ],
                [
                    9,
                    "Gyeonggi-do-cheong Bukbu Cheongsa",
                    9
                ],
                [
                    10,
                    "Hyoja",
                    10
                ],
                [
                    11,
                    "Gonje",
                    11
                ],
                [
                    12,
                    "Eoryong",
                    12
                ],
                [
                    13,
                    "Songsan",
                    13
                ],
                [
                    14,
                    "Tapseok",
                    14
                ]
            ],
            "text_id": 15
        }
    ],
    "name": "metro",
    "transfers": [],
    "type_name": "Метро"
}