{
    "default_transports": [
        "metro"
    ],
    "height": 752,
    "images": [
        "res/schemes/san-jose.svg"
    ],
    "is_vector": true,
    "lines": [
        {
            "labels_bg_color": "-1",
            "labels_color": "79b24b",
            "line_color": "79b24b",
            "line_width": 5,
            "name": "902",
            "segments": [
                [
                    0,
                    1,
                    [
                        [
                            53,
                            105
                        ],
                        [
                            33,
                            105
                        ]
                    ],
                    true
                ],
                [
                    1,
                    2,
                    [
                        [
                            73,
                            105
                        ],
                        [
                            53,
                            105
                        ]
                    ],
                    true
                ],
                [
                    2,
                    3,
                    [
                        [
                            93,
                            105
                        ],
                        [
                            73,
                            105
                        ]
                    ],
                    true
                ],
                [
                    3,
                    4,
                    [
                        [
                            113,
                            105
                        ],
                        [
                            93,
                            105
                        ]
                    ],
                    true
                ],
                [
                    4,
                    5,
                    [
                        [
                            133,
                            105
                        ],
                        [
                            113,
                            105
                        ]
                    ],
                    true
                ],
                [
                    5,
                    6,
                    [
                        [
                            153,
                            105
                        ],
                        [
                            133,
                            105
                        ]
                    ],
                    true
                ],
                [
                    6,
                    7,
                    [
                        [
                            173,
                            105
                        ],
                        [
                            153,
                            105
                        ]
                    ],
                    true
                ],
                [
                    7,
                    8,
                    [
                        [
                            193,
                            105
                        ],
                        [
                            173,
                            105
                        ]
                    ],
                    true
                ],
                [
                    8,
                    9,
                    [
                        [
                            213,
                            105
                        ],
                        [
                            193,
                            105
                        ]
                    ],
                    true
                ],
                [
                    9,
                    10,
                    [
                        [
                            233,
                            105
                        ],
                        [
                            213,
                            105
                        ]
                    ],
                    true
                ],
                [
                    10,
                    11,
                    [
                        [
                            248,
                            105
                        ],
                        [
                            233,
                            105
                        ]
                    ],
                    true
                ],
                [
                    11,
                    12,
                    [
                        [
                            268,
                            105
                        ],
                        [
                            248,
                            105
                        ]
                    ],
                    true
                ],
                [
                    12,
                    13,
                    [
                        [
                            288,
                            105
                        ],
                        [
                            268,
                            105
                        ]
                    ],
                    true
                ],
                [
                    13,
                    14,
                    [
                        [
                            303,
                            105
                        ],
                        [
                            288,
                            105
                        ]
                    ],
                    true
                ],
                [
                    14,
                    15,
                    [
                        [
                            323,
                            105
                        ],
                        [
                            303,
                            105
                        ]
                    ],
                    true
                ],
                [
                    15,
                    16,
                    [
                        [
                            333,
                            120
                        ],
                        [
                            323,
                            105
                        ]
                    ],
                    true
                ],
                [
                    16,
                    17,
                    [
                        [
                            344,
                            140
                        ],
                        [
                            333,
                            120
                        ]
                    ],
                    true
                ],
                [
                    17,
                    18,
                    [
                        [
                            353,
                            155
                        ],
                        [
                            344,
                            140
                        ]
                    ],
                    true
                ],
                [
                    18,
                    19,
                    [
                        [
                            361,
                            170
                        ],
                        [
                            353,
                            155
                        ]
                    ],
                    true
                ],
                [
                    19,
                    20,
                    [
                        [
                            370,
                            185
                        ],
                        [
                            361,
                            170
                        ]
                    ],
                    true
                ],
                [
                    20,
                    21,
                    [
                        [
                            380,
                            201
                        ],
                        [
                            370,
                            185
                        ]
                    ],
                    true
                ],
                [
                    21,
                    22,
                    [
                        [
                            388,
                            215
                        ],
                        [
                            380,
                            201
                        ]
                    ],
                    true
                ],
                [
                    22,
                    23,
                    [
                        [
                            398,
                            232
                        ],
                        [
                            388,
                            215
                        ]
                    ],
                    true
                ],
                [
                    23,
                    24,
                    [
                        [
                            407,
                            249
                        ],
                        [
                            398,
                            232
                        ]
                    ],
                    true
                ],
                [
                    24,
                    25,
                    [
                        [
                            415,
                            263
                        ],
                        [
                            407,
                            249
                        ]
                    ],
                    true
                ],
                [
                    25,
                    26,
                    [
                        [
                            426,
                            280
                        ],
                        [
                            415,
                            263
                        ]
                    ],
                    true
                ],
                [
                    26,
                    27,
                    [
                        [
                            435,
                            298
                        ],
                        [
                            426,
                            280
                        ]
                    ],
                    true
                ],
                [
                    27,
                    28,
                    [
                        [
                            444,
                            313
                        ],
                        [
                            435,
                            298
                        ]
                    ],
                    true
                ],
                [
                    28,
                    29,
                    [
                        [
                            442,
                            332
                        ],
                        [
                            450.0,
                            322.0
                        ],
                        [
                            444,
                            313
                        ]
                    ],
                    true
                ],
                [
                    29,
                    30,
                    [
                        [
                            431,
                            345
                        ],
                        [
                            442,
                            332
                        ]
                    ],
                    true
                ],
                [
                    30,
                    31,
                    [
                        [
                            412,
                            364
                        ],
                        [
                            431,
                            345
                        ]
                    ],
                    true
                ],
                [
                    31,
                    32,
                    [
                        [
                            395,
                            381
                        ],
                        [
                            412,
                            364
                        ]
                    ],
                    true
                ],
                [
                    32,
                    33,
                    [
                        [
                            377,
                            399
                        ],
                        [
                            395,
                            381
                        ]
                    ],
                    true
                ],
                [
                    33,
                    34,
                    [
                        [
                            357,
                            419
                        ],
                        [
                            377,
                            399
                        ]
                    ],
                    true
                ],
                [
                    34,
                    35,
                    [
                        [
                            338,
                            438
                        ],
                        [
                            357,
                            419
                        ]
                    ],
                    true
                ],
                [
                    35,
                    36,
                    [
                        [
                            318,
                            458
                        ],
                        [
                            338,
                            438
                        ]
                    ],
                    true
                ],
                [
                    36,
                    37,
                    [
                        [
                            298,
                            478
                        ],
                        [
                            318,
                            458
                        ]
                    ],
                    true
                ]
            ],
            "stations": [
                {
                    "coord": [
                        33,
                        105
                    ],
                    "is_working": true,
                    "name": "Downtown Mountain View",
                    "rect": [
                        27,
                        113,
                        15,
                        128
                    ],
                    "text_id": 0,
                    "uid": 0
                },
                {
                    "coord": [
                        53,
                        105
                    ],
                    "is_working": true,
                    "name": "Evelyn",
                    "rect": [
                        46,
                        113,
                        15,
                        36
                    ],
                    "text_id": 1,
                    "uid": 1
                },
                {
                    "coord": [
                        73,
                        105
                    ],
                    "is_working": true,
                    "name": "Whisman",
                    "rect": [
                        66,
                        113,
                        15,
                        48
                    ],
                    "text_id": 2,
                    "uid": 2
                },
                {
                    "coord": [
                        93,
                        105
                    ],
                    "is_working": true,
                    "name": "Middlefield",
                    "rect": [
                        86,
                        113,
                        15,
                        56
                    ],
                    "text_id": 3,
                    "uid": 3
                },
                {
                    "coord": [
                        113,
                        105
                    ],
                    "is_working": true,
                    "name": "Bayshore NASA",
                    "rect": [
                        107,
                        113,
                        15,
                        84
                    ],
                    "text_id": 4,
                    "uid": 4
                },
                {
                    "coord": [
                        133,
                        105
                    ],
                    "is_working": true,
                    "name": "Moffett Park",
                    "rect": [
                        126,
                        113,
                        15,
                        61
                    ],
                    "text_id": 5,
                    "uid": 5
                },
                {
                    "coord": [
                        153,
                        105
                    ],
                    "is_working": true,
                    "name": "Lockheed Martin",
                    "rect": [
                        146,
                        113,
                        15,
                        84
                    ],
                    "text_id": 6,
                    "uid": 6
                },
                {
                    "coord": [
                        173,
                        105
                    ],
                    "is_working": true,
                    "name": "Borregas",
                    "rect": [
                        167,
                        50,
                        15,
                        48
                    ],
                    "text_id": 7,
                    "uid": 7
                },
                {
                    "coord": [
                        193,
                        105
                    ],
                    "is_working": true,
                    "name": "Crossman",
                    "rect": [
                        187,
                        45,
                        15,
                        53
                    ],
                    "text_id": 8,
                    "uid": 8
                },
                {
                    "coord": [
                        213,
                        105
                    ],
                    "is_working": true,
                    "name": "Fair Oaks",
                    "rect": [
                        205,
                        48,
                        15,
                        50
                    ],
                    "text_id": 9,
                    "uid": 9
                },
                {
                    "coord": [
                        233,
                        105
                    ],
                    "is_working": true,
                    "name": "Vienna",
                    "rect": [
                        223,
                        62,
                        15,
                        36
                    ],
                    "text_id": 10,
                    "uid": 10
                },
                {
                    "coord": [
                        248,
                        105
                    ],
                    "is_working": true,
                    "name": "Reamwood",
                    "rect": [
                        241,
                        42,
                        15,
                        57
                    ],
                    "text_id": 11,
                    "uid": 11
                },
                {
                    "coord": [
                        268,
                        105
                    ],
                    "is_working": true,
                    "name": "Old Ironsides",
                    "rect": [
                        262,
                        31,
                        15,
                        68
                    ],
                    "text_id": 12,
                    "uid": 12
                },
                {
                    "coord": [
                        288,
                        105
                    ],
                    "is_working": true,
                    "name": "Great America",
                    "rect": [
                        280,
                        25,
                        15,
                        74
                    ],
                    "text_id": 13,
                    "uid": 13
                },
                {
                    "coord": [
                        303,
                        105
                    ],
                    "is_working": true,
                    "name": "Lick Mill",
                    "rect": [
                        297,
                        55,
                        15,
                        44
                    ],
                    "text_id": 14,
                    "uid": 14
                },
                {
                    "coord": [
                        323,
                        105
                    ],
                    "is_working": true,
                    "name": "Champion",
                    "rect": [
                        315,
                        47,
                        15,
                        52
                    ],
                    "text_id": 15,
                    "uid": 15
                },
                {
                    "coord": [
                        333,
                        120
                    ],
                    "is_working": true,
                    "name": "Tasman",
                    "rect": [
                        282,
                        115,
                        41,
                        15
                    ],
                    "text_id": 16,
                    "uid": 16
                },
                {
                    "coord": [
                        344,
                        140
                    ],
                    "is_working": true,
                    "name": "River Oaks",
                    "rect": [
                        278,
                        132,
                        58,
                        15
                    ],
                    "text_id": 17,
                    "uid": 17
                },
                {
                    "coord": [
                        353,
                        155
                    ],
                    "is_working": true,
                    "name": "Orchard",
                    "rect": [
                        302,
                        149,
                        42,
                        15
                    ],
                    "text_id": 18,
                    "uid": 18
                },
                {
                    "coord": [
                        361,
                        170
                    ],
                    "is_working": true,
                    "name": "Bonaventura",
                    "rect": [
                        289,
                        165,
                        65,
                        15
                    ],
                    "text_id": 19,
                    "uid": 19
                },
                {
                    "coord": [
                        370,
                        185
                    ],
                    "is_working": true,
                    "name": "Component",
                    "rect": [
                        305,
                        181,
                        58,
                        15
                    ],
                    "text_id": 20,
                    "uid": 20
                },
                {
                    "coord": [
                        380,
                        201
                    ],
                    "is_working": true,
                    "name": "Karina Court",
                    "rect": [
                        307,
                        197,
                        65,
                        15
                    ],
                    "text_id": 21,
                    "uid": 21
                },
                {
                    "coord": [
                        388,
                        215
                    ],
                    "is_working": true,
                    "name": "Metro/Airport",
                    "rect": [
                        313,
                        213,
                        67,
                        15
                    ],
                    "text_id": 22,
                    "uid": 22
                },
                {
                    "coord": [
                        398,
                        232
                    ],
                    "is_working": true,
                    "name": "Gish",
                    "rect": [
                        365,
                        229,
                        25,
                        15
                    ],
                    "text_id": 23,
                    "uid": 23
                },
                {
                    "coord": [
                        407,
                        249
                    ],
                    "is_working": true,
                    "name": "Civic Center",
                    "rect": [
                        337,
                        246,
                        64,
                        15
                    ],
                    "text_id": 24,
                    "uid": 24
                },
                {
                    "coord": [
                        415,
                        263
                    ],
                    "is_working": true,
                    "name": "Japantown/Ayer",
                    "rect": [
                        327,
                        263,
                        82,
                        15
                    ],
                    "text_id": 25,
                    "uid": 25
                },
                {
                    "coord": [
                        426,
                        280
                    ],
                    "is_working": true,
                    "name": "Saint James",
                    "rect": [
                        356,
                        279,
                        63,
                        15
                    ],
                    "text_id": 26,
                    "uid": 26
                },
                {
                    "coord": [
                        435,
                        298
                    ],
                    "is_working": true,
                    "name": "Santa Clara",
                    "rect": [
                        368,
                        295,
                        60,
                        15
                    ],
                    "text_id": 27,
                    "uid": 27
                },
                {
                    "coord": [
                        444,
                        313
                    ],
                    "is_working": true,
                    "name": "Paseo de San Antonio",
                    "rect": [
                        327,
                        311,
                        111,
                        15
                    ],
                    "text_id": 28,
                    "uid": 28
                },
                {
                    "coord": [
                        442,
                        332
                    ],
                    "is_working": true,
                    "name": "Convention Center",
                    "rect": [
                        464,
                        329,
                        94,
                        15
                    ],
                    "text_id": 29,
                    "uid": 29
                },
                {
                    "coord": [
                        431,
                        345
                    ],
                    "is_working": true,
                    "name": "San Fernando",
                    "rect": [
                        353,
                        334,
                        70,
                        15
                    ],
                    "text_id": 30,
                    "uid": 30
                },
                {
                    "coord": [
                        412,
                        364
                    ],
                    "is_working": true,
                    "name": "San Jose Diridon",
                    "rect": [
                        316,
                        351,
                        87,
                        15
                    ],
                    "text_id": 31,
                    "uid": 31
                },
                {
                    "coord": [
                        395,
                        381
                    ],
                    "is_working": true,
                    "name": "Race",
                    "rect": [
                        357,
                        368,
                        28,
                        15
                    ],
                    "text_id": 32,
                    "uid": 32
                },
                {
                    "coord": [
                        377,
                        399
                    ],
                    "is_working": true,
                    "name": "Fruitdale",
                    "rect": [
                        323,
                        387,
                        45,
                        15
                    ],
                    "text_id": 33,
                    "uid": 33
                },
                {
                    "coord": [
                        357,
                        419
                    ],
                    "is_working": true,
                    "name": "Bascom",
                    "rect": [
                        304,
                        406,
                        43,
                        15
                    ],
                    "text_id": 34,
                    "uid": 34
                },
                {
                    "coord": [
                        338,
                        438
                    ],
                    "is_working": true,
                    "name": "Hamilton",
                    "rect": [
                        282,
                        428,
                        46,
                        15
                    ],
                    "text_id": 35,
                    "uid": 35
                },
                {
                    "coord": [
                        318,
                        458
                    ],
                    "is_working": true,
                    "name": "Downtown Campbell",
                    "rect": [
                        203,
                        449,
                        103,
                        15
                    ],
                    "text_id": 36,
                    "uid": 36
                },
                {
                    "coord": [
                        298,
                        478
                    ],
                    "is_working": true,
                    "name": "Winchester",
                    "rect": [
                        230,
                        471,
                        58,
                        15
                    ],
                    "text_id": 37,
                    "uid": 37
                }
            ],
            "text_id": 38
        },
        {
            "labels_bg_color": "-1",
            "labels_color": "1a89b9",
            "line_color": "1a89b9",
            "line_width": 5,
            "name": "901",
            "segments": [
                [
                    38,
                    39,
                    [
                        [
                            583,
                            229
                        ],
                        [
                            608,
                            251
                        ]
                    ],
                    true
                ],
                [
                    39,
                    40,
                    [
                        [
                            560,
                            208
                        ],
                        [
                            583,
                            229
                        ]
                    ],
                    true
                ],
                [
                    40,
                    41,
                    [
                        [
                            538,
                            189
                        ],
                        [
                            560,
                            208
                        ]
                    ],
                    true
                ],
                [
                    41,
                    42,
                    [
                        [
                            516,
                            170
                        ],
                        [
                            538,
                            189
                        ]
                    ],
                    true
                ],
                [
                    42,
                    43,
                    [
                        [
                            495,
                            152
                        ],
                        [
                            516,
                            170
                        ]
                    ],
                    true
                ],
                [
                    43,
                    44,
                    [
                        [
                            473,
                            133
                        ],
                        [
                            495,
                            152
                        ]
                    ],
                    true
                ],
                [
                    44,
                    45,
                    [
                        [
                            450,
                            111
                        ],
                        [
                            473,
                            133
                        ]
                    ],
                    true
                ],
                [
                    45,
                    46,
                    [
                        [
                            418,
                            105
                        ],
                        [
                            441.0,
                            105.0
                        ],
                        [
                            450,
                            111
                        ]
                    ],
                    true
                ],
                [
                    46,
                    47,
                    [
                        [
                            390,
                            105
                        ],
                        [
                            418,
                            105
                        ]
                    ],
                    true
                ],
                [
                    47,
                    48,
                    [
                        [
                            360,
                            105
                        ],
                        [
                            390,
                            105
                        ]
                    ],
                    true
                ],
                [
                    48,
                    49,
                    [
                        [
                            343,
                            120
                        ],
                        [
                            336.0,
                            105.0
                        ],
                        [
                            360,
                            105
                        ]
                    ],
                    true
                ],
                [
                    49,
                    50,
                    [
                        [
                            355,
                            140
                        ],
                        [
                            343,
                            120
                        ]
                    ],
                    true
                ],
                [
                    50,
                    51,
                    [
                        [
                            363,
                            155
                        ],
                        [
                            355,
                            140
                        ]
                    ],
                    true
                ],
                [
                    51,
                    52,
                    [
                        [
                            371,
                            170
                        ],
                        [
                            363,
                            155
                        ]
                    ],
                    true
                ],
                [
                    52,
                    53,
                    [
                        [
                            380,
                            184
                        ],
                        [
                            371,
                            170
                        ]
                    ],
                    true
                ],
                [
                    53,
                    54,
                    [
                        [
                            390,
                            201
                        ],
                        [
                            380,
                            184
                        ]
                    ],
                    true
                ],
                [
                    54,
                    55,
                    [
                        [
                            398,
                            215
                        ],
                        [
                            390,
                            201
                        ]
                    ],
                    true
                ],
                [
                    55,
                    56,
                    [
                        [
                            408,
                            232
                        ],
                        [
                            398,
                            215
                        ]
                    ],
                    true
                ],
                [
                    56,
                    57,
                    [
                        [
                            418,
                            249
                        ],
                        [
                            408,
                            232
                        ]
                    ],
                    true
                ],
                [
                    57,
                    58,
                    [
                        [
                            426,
                            263
                        ],
                        [
                            418,
                            249
                        ]
                    ],
                    true
                ],
                [
                    58,
                    59,
                    [
                        [
                            436,
                            280
                        ],
                        [
                            426,
                            263
                        ]
                    ],
                    true
                ],
                [
                    59,
                    60,
                    [
                        [
                            445,
                            298
                        ],
                        [
                            436,
                            280
                        ]
                    ],
                    true
                ],
                [
                    60,
                    61,
                    [
                        [
                            454,
                            313
                        ],
                        [
                            445,
                            298
                        ]
                    ],
                    true
                ],
                [
                    61,
                    62,
                    [
                        [
                            452,
                            332
                        ],
                        [
                            460.0,
                            324.0
                        ],
                        [
                            454,
                            313
                        ]
                    ],
                    true
                ],
                [
                    62,
                    63,
                    [
                        [
                            456,
                            354
                        ],
                        [
                            447.0,
                            338.0
                        ],
                        [
                            452,
                            332
                        ]
                    ],
                    true
                ],
                [
                    63,
                    64,
                    [
                        [
                            470,
                            380
                        ],
                        [
                            456,
                            354
                        ]
                    ],
                    true
                ],
                [
                    64,
                    65,
                    [
                        [
                            484,
                            409
                        ],
                        [
                            470,
                            380
                        ]
                    ],
                    true
                ],
                [
                    65,
                    66,
                    [
                        [
                            496,
                            438
                        ],
                        [
                            484,
                            409
                        ]
                    ],
                    true
                ],
                [
                    66,
                    67,
                    [
                        [
                            511,
                            470
                        ],
                        [
                            496,
                            438
                        ]
                    ],
                    true
                ],
                [
                    67,
                    68,
                    [
                        [
                            525,
                            502
                        ],
                        [
                            511,
                            470
                        ]
                    ],
                    true
                ],
                [
                    68,
                    69,
                    [
                        [
                            540,
                            532
                        ],
                        [
                            525,
                            502
                        ]
                    ],
                    true
                ],
                [
                    69,
                    70,
                    [
                        [
                            582,
                            552
                        ],
                        [
                            540,
                            532
                        ]
                    ],
                    true
                ],
                [
                    70,
                    71,
                    [
                        [
                            619,
                            569
                        ],
                        [
                            582,
                            552
                        ]
                    ],
                    true
                ],
                [
                    71,
                    72,
                    [
                        [
                            656,
                            585
                        ],
                        [
                            619,
                            569
                        ]
                    ],
                    true
                ],
                [
                    72,
                    73,
                    [
                        [
                            693,
                            602
                        ],
                        [
                            656,
                            585
                        ]
                    ],
                    true
                ]
            ],
            "stations": [
                {
                    "coord": [
                        608,
                        251
                    ],
                    "is_working": true,
                    "name": "Alum Rock",
                    "rect": [
                        540,
                        247,
                        57,
                        15
                    ],
                    "text_id": 39,
                    "uid": 38
                },
                {
                    "coord": [
                        583,
                        229
                    ],
                    "is_working": true,
                    "name": "McKee",
                    "rect": [
                        535,
                        225,
                        37,
                        15
                    ],
                    "text_id": 40,
                    "uid": 39
                },
                {
                    "coord": [
                        560,
                        208
                    ],
                    "is_working": true,
                    "name": "Penitencia Creek",
                    "rect": [
                        464,
                        204,
                        87,
                        15
                    ],
                    "text_id": 41,
                    "uid": 40
                },
                {
                    "coord": [
                        538,
                        189
                    ],
                    "is_working": true,
                    "name": "Berryessa",
                    "rect": [
                        470,
                        183,
                        54,
                        15
                    ],
                    "text_id": 42,
                    "uid": 41
                },
                {
                    "coord": [
                        516,
                        170
                    ],
                    "is_working": true,
                    "name": "Hostetter",
                    "rect": [
                        528,
                        161,
                        47,
                        15
                    ],
                    "text_id": 43,
                    "uid": 42
                },
                {
                    "coord": [
                        495,
                        152
                    ],
                    "is_working": true,
                    "name": "Cropley",
                    "rect": [
                        510,
                        143,
                        41,
                        15
                    ],
                    "text_id": 44,
                    "uid": 43
                },
                {
                    "coord": [
                        473,
                        133
                    ],
                    "is_working": true,
                    "name": "Montague",
                    "rect": [
                        487,
                        124,
                        50,
                        15
                    ],
                    "text_id": 45,
                    "uid": 44
                },
                {
                    "coord": [
                        450,
                        111
                    ],
                    "is_working": true,
                    "name": "Great Mall",
                    "rect": [
                        462,
                        103,
                        53,
                        15
                    ],
                    "text_id": 46,
                    "uid": 45
                },
                {
                    "coord": [
                        418,
                        105
                    ],
                    "is_working": true,
                    "name": "I-880/Milpitas",
                    "rect": [
                        411,
                        31,
                        15,
                        68
                    ],
                    "text_id": 47,
                    "uid": 46
                },
                {
                    "coord": [
                        390,
                        105
                    ],
                    "is_working": true,
                    "name": "Cisco Way",
                    "rect": [
                        383,
                        43,
                        15,
                        56
                    ],
                    "text_id": 48,
                    "uid": 47
                },
                {
                    "coord": [
                        360,
                        105
                    ],
                    "is_working": true,
                    "name": "Baypointe",
                    "rect": [
                        353,
                        47,
                        15,
                        52
                    ],
                    "text_id": 49,
                    "uid": 48
                },
                {
                    "coord": [
                        343,
                        120
                    ],
                    "is_working": true,
                    "name": "Tasman",
                    "rect": null,
                    "text_id": 16,
                    "uid": 49
                },
                {
                    "coord": [
                        355,
                        140
                    ],
                    "is_working": true,
                    "name": "River Oaks",
                    "rect": null,
                    "text_id": 17,
                    "uid": 50
                },
                {
                    "coord": [
                        363,
                        155
                    ],
                    "is_working": true,
                    "name": "Orchard",
                    "rect": null,
                    "text_id": 18,
                    "uid": 51
                },
                {
                    "coord": [
                        371,
                        170
                    ],
                    "is_working": true,
                    "name": "Bonaventura",
                    "rect": null,
                    "text_id": 19,
                    "uid": 52
                },
                {
                    "coord": [
                        380,
                        184
                    ],
                    "is_working": true,
                    "name": "Component",
                    "rect": null,
                    "text_id": 20,
                    "uid": 53
                },
                {
                    "coord": [
                        390,
                        201
                    ],
                    "is_working": true,
                    "name": "Karina Court",
                    "rect": null,
                    "text_id": 21,
                    "uid": 54
                },
                {
                    "coord": [
                        398,
                        215
                    ],
                    "is_working": true,
                    "name": "Metro/Airport",
                    "rect": null,
                    "text_id": 22,
                    "uid": 55
                },
                {
                    "coord": [
                        408,
                        232
                    ],
                    "is_working": true,
                    "name": "Gish",
                    "rect": null,
                    "text_id": 23,
                    "uid": 56
                },
                {
                    "coord": [
                        418,
                        249
                    ],
                    "is_working": true,
                    "name": "Civic Center",
                    "rect": null,
                    "text_id": 24,
                    "uid": 57
                },
                {
                    "coord": [
                        426,
                        263
                    ],
                    "is_working": true,
                    "name": "Japantown/Ayer",
                    "rect": null,
                    "text_id": 25,
                    "uid": 58
                },
                {
                    "coord": [
                        436,
                        280
                    ],
                    "is_working": true,
                    "name": "Saint James",
                    "rect": null,
                    "text_id": 26,
                    "uid": 59
                },
                {
                    "coord": [
                        445,
                        298
                    ],
                    "is_working": true,
                    "name": "Santa Clara",
                    "rect": null,
                    "text_id": 27,
                    "uid": 60
                },
                {
                    "coord": [
                        454,
                        313
                    ],
                    "is_working": true,
                    "name": "Paseo de San Antonio",
                    "rect": null,
                    "text_id": 28,
                    "uid": 61
                },
                {
                    "coord": [
                        452,
                        332
                    ],
                    "is_working": true,
                    "name": "Convention Center",
                    "rect": null,
                    "text_id": 29,
                    "uid": 62
                },
                {
                    "coord": [
                        456,
                        354
                    ],
                    "is_working": true,
                    "name": "Children's Discovery Museum",
                    "rect": [
                        466,
                        346,
                        151,
                        15
                    ],
                    "text_id": 50,
                    "uid": 63
                },
                {
                    "coord": [
                        470,
                        380
                    ],
                    "is_working": true,
                    "name": "Virginia",
                    "rect": [
                        482,
                        373,
                        40,
                        15
                    ],
                    "text_id": 51,
                    "uid": 64
                },
                {
                    "coord": [
                        484,
                        409
                    ],
                    "is_working": true,
                    "name": "Tamien",
                    "rect": [
                        495,
                        400,
                        38,
                        15
                    ],
                    "text_id": 52,
                    "uid": 65
                },
                {
                    "coord": [
                        496,
                        438
                    ],
                    "is_working": true,
                    "name": "Curtner",
                    "rect": [
                        505,
                        428,
                        39,
                        15
                    ],
                    "text_id": 53,
                    "uid": 66
                },
                {
                    "coord": [
                        511,
                        470
                    ],
                    "is_working": true,
                    "name": "Capitol",
                    "rect": [
                        522,
                        460,
                        37,
                        15
                    ],
                    "text_id": 54,
                    "uid": 67
                },
                {
                    "coord": [
                        525,
                        502
                    ],
                    "is_working": true,
                    "name": "Branham",
                    "rect": [
                        534,
                        494,
                        47,
                        15
                    ],
                    "text_id": 55,
                    "uid": 68
                },
                {
                    "coord": [
                        540,
                        532
                    ],
                    "is_working": true,
                    "name": "Ohlone/Chynoweth",
                    "rect": [
                        555,
                        518,
                        95,
                        15
                    ],
                    "text_id": 56,
                    "uid": 69
                },
                {
                    "coord": [
                        582,
                        552
                    ],
                    "is_working": true,
                    "name": "Blossom Hill",
                    "rect": [
                        593,
                        538,
                        66,
                        15
                    ],
                    "text_id": 57,
                    "uid": 70
                },
                {
                    "coord": [
                        619,
                        569
                    ],
                    "is_working": true,
                    "name": "Snell",
                    "rect": [
                        635,
                        556,
                        27,
                        15
                    ],
                    "text_id": 58,
                    "uid": 71
                },
                {
                    "coord": [
                        656,
                        585
                    ],
                    "is_working": true,
                    "name": "Cottle",
                    "rect": [
                        613,
                        583,
                        31,
                        15
                    ],
                    "text_id": 59,
                    "uid": 72
                },
                {
                    "coord": [
                        693,
                        602
                    ],
                    "is_working": true,
                    "name": "Santa Teresa",
                    "rect": [
                        612,
                        600,
                        67,
                        15
                    ],
                    "text_id": 60,
                    "uid": 73
                }
            ],
            "text_id": 61
        },
        {
            "labels_bg_color": "-1",
            "labels_color": "d24e28",
            "line_color": "d24e28",
            "line_width": 5,
            "name": "900",
            "segments": [
                [
                    74,
                    75,
                    [
                        [
                            525,
                            552
                        ],
                        [
                            508,
                            575
                        ]
                    ],
                    true
                ],
                [
                    75,
                    76,
                    [
                        [
                            535,
                            539
                        ],
                        [
                            525,
                            552
                        ]
                    ],
                    true
                ]
            ],
            "stations": [
                {
                    "coord": [
                        508,
                        575
                    ],
                    "is_working": true,
                    "name": "Almaden",
                    "rect": [
                        449,
                        567,
                        50,
                        15
                    ],
                    "text_id": 62,
                    "uid": 74
                },
                {
                    "coord": [
                        525,
                        552
                    ],
                    "is_working": true,
                    "name": "Oakridge",
                    "rect": [
                        468,
                        537,
                        50,
                        15
                    ],
                    "text_id": 63,
                    "uid": 75
                },
                {
                    "coord": [
                        535,
                        539
                    ],
                    "is_working": true,
                    "name": "Ohlone/Chynoweth",
                    "rect": null,
                    "text_id": 56,
                    "uid": 76
                }
            ],
            "text_id": 64
        }
    ],
    "lines_width": 5,
    "name": "metro",
    "name_text_id": 65,
    "stations_diameter": 12.0,
    "transfers": [
        [
            62,
            29,
            [
                452,
                332
            ],
            [
                442,
                332
            ]
        ],
        [
            69,
            76,
            [
                540,
                532
            ],
            [
                535,
                539
            ]
        ],
        [
            49,
            16,
            [
                343,
                120
            ],
            [
                333,
                120
            ]
        ]
    ],
    "transports": [
        "metro"
    ],
    "type_name": "ROOT",
    "type_text_id": 66,
    "upper_case": false,
    "width": 843,
    "word_wrap": false
}