{
    "default_transports": [
        "metro"
    ],
    "height": 498,
    "images": [
        "res/schemes/suzhou.svg"
    ],
    "is_vector": true,
    "lines": [
        {
            "labels_bg_color": "-1",
            "labels_color": "00CC00",
            "line_color": "00CC00",
            "line_width": 7,
            "name": "1",
            "segments": [
                [
                    0,
                    1,
                    [
                        [
                            91,
                            348
                        ],
                        [
                            21,
                            348
                        ]
                    ],
                    true
                ],
                [
                    1,
                    2,
                    [
                        [
                            161,
                            348
                        ],
                        [
                            91,
                            348
                        ]
                    ],
                    true
                ],
                [
                    2,
                    3,
                    [
                        [
                            227,
                            316
                        ],
                        [
                            195.0,
                            348.0
                        ],
                        [
                            161,
                            348
                        ]
                    ],
                    true
                ],
                [
                    3,
                    4,
                    [
                        [
                            241,
                            219
                        ],
                        [
                            227.0,
                            233.0
                        ],
                        [
                            227,
                            316
                        ]
                    ],
                    true
                ],
                [
                    4,
                    5,
                    [
                        [
                            289,
                            219
                        ],
                        [
                            241,
                            219
                        ]
                    ],
                    true
                ],
                [
                    5,
                    6,
                    [
                        [
                            334,
                            219
                        ],
                        [
                            289,
                            219
                        ]
                    ],
                    true
                ],
                [
                    6,
                    7,
                    [
                        [
                            400,
                            219
                        ],
                        [
                            334,
                            219
                        ]
                    ],
                    true
                ],
                [
                    7,
                    8,
                    [
                        [
                            456,
                            219
                        ],
                        [
                            400,
                            219
                        ]
                    ],
                    true
                ],
                [
                    8,
                    9,
                    [
                        [
                            520,
                            219
                        ],
                        [
                            456,
                            219
                        ]
                    ],
                    true
                ],
                [
                    9,
                    10,
                    [
                        [
                            585,
                            219
                        ],
                        [
                            520,
                            219
                        ]
                    ],
                    true
                ],
                [
                    10,
                    11,
                    [
                        [
                            627,
                            219
                        ],
                        [
                            585,
                            219
                        ]
                    ],
                    true
                ],
                [
                    11,
                    12,
                    [
                        [
                            673,
                            219
                        ],
                        [
                            627,
                            219
                        ]
                    ],
                    true
                ],
                [
                    12,
                    13,
                    [
                        [
                            721,
                            219
                        ],
                        [
                            673,
                            219
                        ]
                    ],
                    true
                ],
                [
                    13,
                    14,
                    [
                        [
                            777,
                            219
                        ],
                        [
                            721,
                            219
                        ]
                    ],
                    true
                ],
                [
                    14,
                    15,
                    [
                        [
                            835,
                            219
                        ],
                        [
                            777,
                            219
                        ]
                    ],
                    true
                ],
                [
                    15,
                    16,
                    [
                        [
                            892,
                            219
                        ],
                        [
                            835,
                            219
                        ]
                    ],
                    true
                ],
                [
                    16,
                    17,
                    [
                        [
                            953,
                            219
                        ],
                        [
                            892,
                            219
                        ]
                    ],
                    true
                ],
                [
                    17,
                    18,
                    [
                        [
                            1071,
                            188
                        ],
                        [
                            1039.0,
                            188.0
                        ],
                        [
                            1008.0,
                            219.0
                        ],
                        [
                            953,
                            219
                        ]
                    ],
                    true
                ],
                [
                    18,
                    19,
                    [
                        [
                            1120,
                            188
                        ],
                        [
                            1071,
                            188
                        ]
                    ],
                    true
                ],
                [
                    19,
                    20,
                    [
                        [
                            1181,
                            188
                        ],
                        [
                            1120,
                            188
                        ]
                    ],
                    true
                ],
                [
                    20,
                    21,
                    [
                        [
                            1240,
                            188
                        ],
                        [
                            1181,
                            188
                        ]
                    ],
                    true
                ],
                [
                    21,
                    22,
                    [
                        [
                            1304,
                            188
                        ],
                        [
                            1240,
                            188
                        ]
                    ],
                    true
                ],
                [
                    22,
                    23,
                    [
                        [
                            1359,
                            188
                        ],
                        [
                            1304,
                            188
                        ]
                    ],
                    true
                ]
            ],
            "stations": [
                {
                    "coord": [
                        21,
                        348
                    ],
                    "is_working": true,
                    "name": "Mudu",
                    "rect": [
                        9,
                        357,
                        29,
                        15
                    ],
                    "text_id": 0,
                    "uid": 0
                },
                {
                    "coord": [
                        91,
                        348
                    ],
                    "is_working": true,
                    "name": "Jinfeng Lu",
                    "rect": [
                        67,
                        324,
                        53,
                        15
                    ],
                    "text_id": 1,
                    "uid": 1
                },
                {
                    "coord": [
                        161,
                        348
                    ],
                    "is_working": true,
                    "name": "Fenhu Lu",
                    "rect": [
                        142,
                        357,
                        47,
                        15
                    ],
                    "text_id": 2,
                    "uid": 2
                },
                {
                    "coord": [
                        227,
                        316
                    ],
                    "is_working": true,
                    "name": "Yushan Lu",
                    "rect": [
                        163,
                        305,
                        54,
                        15
                    ],
                    "text_id": 3,
                    "uid": 3
                },
                {
                    "coord": [
                        241,
                        219
                    ],
                    "is_working": true,
                    "name": "Suzhou Amusement Land",
                    "rect": [
                        120,
                        195,
                        127,
                        15
                    ],
                    "text_id": 4,
                    "uid": 4
                },
                {
                    "coord": [
                        289,
                        219
                    ],
                    "is_working": true,
                    "name": "Tayuan Lu",
                    "rect": [
                        263,
                        228,
                        53,
                        15
                    ],
                    "text_id": 5,
                    "uid": 5
                },
                {
                    "coord": [
                        334,
                        219
                    ],
                    "is_working": true,
                    "name": "Binhe Lu",
                    "rect": [
                        311,
                        195,
                        46,
                        15
                    ],
                    "text_id": 6,
                    "uid": 6
                },
                {
                    "coord": [
                        400,
                        219
                    ],
                    "is_working": true,
                    "name": "Xihuan Lu",
                    "rect": [
                        383,
                        228,
                        51,
                        15
                    ],
                    "text_id": 7,
                    "uid": 7
                },
                {
                    "coord": [
                        456,
                        219
                    ],
                    "is_working": true,
                    "name": "Tongjingbei Lu",
                    "rect": [
                        424,
                        195,
                        74,
                        15
                    ],
                    "text_id": 8,
                    "uid": 8
                },
                {
                    "coord": [
                        520,
                        219
                    ],
                    "is_working": true,
                    "name": "Guangjinan Lu",
                    "rect": [
                        486,
                        228,
                        73,
                        15
                    ],
                    "text_id": 9,
                    "uid": 9
                },
                {
                    "coord": [
                        585,
                        219
                    ],
                    "is_working": true,
                    "name": "Yangyu Xiang",
                    "rect": [
                        546,
                        195,
                        70,
                        15
                    ],
                    "text_id": 10,
                    "uid": 10
                },
                {
                    "coord": [
                        627,
                        219
                    ],
                    "is_working": true,
                    "name": "Leqiao",
                    "rect": [
                        613,
                        228,
                        35,
                        15
                    ],
                    "text_id": 11,
                    "uid": 11
                },
                {
                    "coord": [
                        673,
                        219
                    ],
                    "is_working": true,
                    "name": "Lindun Lu",
                    "rect": [
                        649,
                        195,
                        50,
                        15
                    ],
                    "text_id": 12,
                    "uid": 12
                },
                {
                    "coord": [
                        721,
                        219
                    ],
                    "is_working": true,
                    "name": "Xiangmen",
                    "rect": [
                        698,
                        228,
                        51,
                        15
                    ],
                    "text_id": 13,
                    "uid": 13
                },
                {
                    "coord": [
                        777,
                        219
                    ],
                    "is_working": true,
                    "name": "Donghuan Lu",
                    "rect": [
                        746,
                        195,
                        67,
                        15
                    ],
                    "text_id": 14,
                    "uid": 14
                },
                {
                    "coord": [
                        835,
                        219
                    ],
                    "is_working": true,
                    "name": "Central Park",
                    "rect": [
                        807,
                        228,
                        64,
                        15
                    ],
                    "text_id": 15,
                    "uid": 15
                },
                {
                    "coord": [
                        892,
                        219
                    ],
                    "is_working": true,
                    "name": "Xinghai Square",
                    "rect": [
                        854,
                        195,
                        77,
                        15
                    ],
                    "text_id": 16,
                    "uid": 16
                },
                {
                    "coord": [
                        953,
                        219
                    ],
                    "is_working": true,
                    "name": "Dongfangzhimen",
                    "rect": [
                        915,
                        228,
                        84,
                        15
                    ],
                    "text_id": 17,
                    "uid": 17
                },
                {
                    "coord": [
                        1071,
                        188
                    ],
                    "is_working": true,
                    "name": "Culture & Expo Center",
                    "rect": [
                        989,
                        164,
                        113,
                        15
                    ],
                    "text_id": 18,
                    "uid": 18
                },
                {
                    "coord": [
                        1120,
                        188
                    ],
                    "is_working": true,
                    "name": "Times Square",
                    "rect": [
                        1093,
                        197,
                        70,
                        15
                    ],
                    "text_id": 19,
                    "uid": 19
                },
                {
                    "coord": [
                        1181,
                        188
                    ],
                    "is_working": true,
                    "name": "Xinghu Jie",
                    "rect": [
                        1155,
                        164,
                        54,
                        15
                    ],
                    "text_id": 20,
                    "uid": 20
                },
                {
                    "coord": [
                        1240,
                        188
                    ],
                    "is_working": true,
                    "name": "Nanshi Jie",
                    "rect": [
                        1217,
                        197,
                        55,
                        15
                    ],
                    "text_id": 21,
                    "uid": 21
                },
                {
                    "coord": [
                        1304,
                        188
                    ],
                    "is_working": true,
                    "name": "Xingtang Jie",
                    "rect": [
                        1274,
                        164,
                        63,
                        15
                    ],
                    "text_id": 22,
                    "uid": 22
                },
                {
                    "coord": [
                        1359,
                        188
                    ],
                    "is_working": true,
                    "name": "Zhongnan Jie",
                    "rect": [
                        1330,
                        197,
                        68,
                        15
                    ],
                    "text_id": 23,
                    "uid": 23
                }
            ],
            "text_id": 24
        }
    ],
    "lines_width": 7,
    "name": "metro",
    "name_text_id": 25,
    "stations_diameter": 13.0,
    "transfers": [],
    "transports": [
        "metro"
    ],
    "type_name": "ROOT",
    "type_text_id": 26,
    "upper_case": false,
    "width": 1509,
    "word_wrap": false
}