{
    "lines": [
        {
            "delays": [
                300,
                120,
                180,
                120,
                180,
                360,
                600
            ],
            "name": "1",
            "scheme": null,
            "segments": [
                [
                    0,
                    1,
                    120
                ],
                [
                    1,
                    0,
                    120
                ],
                [
                    1,
                    2,
                    120
                ],
                [
                    2,
                    1,
                    120
                ],
                [
                    2,
                    3,
                    120
                ],
                [
                    3,
                    2,
                    120
                ],
                [
                    3,
                    4,
                    120
                ],
                [
                    4,
                    3,
                    120
                ],
                [
                    4,
                    5,
                    120
                ],
                [
                    5,
                    4,
                    120
                ],
                [
                    5,
                    6,
                    120
                ],
                [
                    6,
                    5,
                    120
                ],
                [
                    6,
                    7,
                    120
                ],
                [
                    7,
                    6,
                    120
                ]
            ],
            "stations": [
                [
                    0,
                    "Площадь Труда",
                    0
                ],
                [
                    1,
                    "Октябрьская",
                    1
                ],
                [
                    2,
                    "Городская Больница",
                    2
                ],
                [
                    3,
                    "Площадь Артёма",
                    3
                ],
                [
                    4,
                    "Дзержинская",
                    4
                ],
                [
                    5,
                    "Дом Советов",
                    5
                ],
                [
                    6,
                    "Проспект Металлургов",
                    6
                ],
                [
                    7,
                    "Кольцевая",
                    7
                ]
            ],
            "text_id": 8
        },
        {
            "delays": [
                300,
                120,
                180,
                120,
                180,
                360,
                600
            ],
            "name": "2",
            "scheme": null,
            "segments": [
                [
                    8,
                    9,
                    120
                ],
                [
                    9,
                    8,
                    120
                ],
                [
                    9,
                    10,
                    120
                ],
                [
                    10,
                    9,
                    120
                ],
                [
                    10,
                    11,
                    120
                ],
                [
                    11,
                    10,
                    120
                ],
                [
                    11,
                    12,
                    120
                ],
                [
                    12,
                    11,
                    120
                ],
                [
                    12,
                    13,
                    120
                ],
                [
                    13,
                    12,
                    120
                ],
                [
                    13,
                    14,
                    120
                ],
                [
                    14,
                    13,
                    120
                ],
                [
                    14,
                    15,
                    120
                ],
                [
                    15,
                    14,
                    120
                ],
                [
                    15,
                    16,
                    120
                ],
                [
                    16,
                    15,
                    120
                ],
                [
                    16,
                    17,
                    120
                ],
                [
                    17,
                    16,
                    120
                ]
            ],
            "stations": [
                [
                    8,
                    "Заречная",
                    9
                ],
                [
                    9,
                    "Электрозаводская",
                    10
                ],
                [
                    10,
                    "Индустриальная",
                    11
                ],
                [
                    11,
                    "Октябрьская",
                    1
                ],
                [
                    12,
                    "Городская Больница",
                    2
                ],
                [
                    13,
                    "Площадь Артёма",
                    3
                ],
                [
                    14,
                    "Дзержинская",
                    4
                ],
                [
                    15,
                    "Дом Советов",
                    5
                ],
                [
                    16,
                    "Проспект Металлургов",
                    6
                ],
                [
                    17,
                    "Кольцевая",
                    7
                ]
            ],
            "text_id": 12
        }
    ],
    "name": "metro",
    "transfers": [
        [
            1,
            11,
            0,
            false
        ],
        [
            2,
            12,
            0,
            false
        ],
        [
            3,
            13,
            0,
            false
        ],
        [
            4,
            14,
            0,
            false
        ],
        [
            5,
            15,
            0,
            false
        ],
        [
            6,
            16,
            0,
            false
        ],
        [
            7,
            17,
            0,
            false
        ]
    ],
    "type_name": "Метро"
}