{
    "default_transports": [
        "metro"
    ],
    "height": 552,
    "images": [
        "res/schemes/edmonton.svg"
    ],
    "is_vector": true,
    "lines": [
        {
            "labels_bg_color": "-1",
            "labels_color": "1717EA",
            "line_color": "1717EA",
            "line_width": 7,
            "name": "Capital Line",
            "segments": [
                [
                    0,
                    1,
                    [
                        [
                            292,
                            48
                        ],
                        [
                            314,
                            26
                        ]
                    ],
                    true
                ],
                [
                    1,
                    2,
                    [
                        [
                            271,
                            69
                        ],
                        [
                            292,
                            48
                        ]
                    ],
                    true
                ],
                [
                    2,
                    3,
                    [
                        [
                            248,
                            92
                        ],
                        [
                            271,
                            69
                        ]
                    ],
                    true
                ],
                [
                    3,
                    4,
                    [
                        [
                            221,
                            159
                        ],
                        [
                            221.0,
                            119.0
                        ],
                        [
                            248,
                            92
                        ]
                    ],
                    true
                ],
                [
                    4,
                    5,
                    [
                        [
                            182,
                            198
                        ],
                        [
                            200.0,
                            198.0
                        ],
                        [
                            221.0,
                            177.0
                        ],
                        [
                            221,
                            159
                        ]
                    ],
                    true
                ],
                [
                    5,
                    6,
                    [
                        [
                            154,
                            198
                        ],
                        [
                            182,
                            198
                        ]
                    ],
                    true
                ],
                [
                    6,
                    7,
                    [
                        [
                            126,
                            198
                        ],
                        [
                            154,
                            198
                        ]
                    ],
                    true
                ],
                [
                    7,
                    8,
                    [
                        [
                            97,
                            213
                        ],
                        [
                            112.0,
                            198.0
                        ],
                        [
                            126,
                            198
                        ]
                    ],
                    true
                ],
                [
                    8,
                    9,
                    [
                        [
                            73,
                            237
                        ],
                        [
                            97,
                            213
                        ]
                    ],
                    true
                ],
                [
                    9,
                    10,
                    [
                        [
                            57,
                            271
                        ],
                        [
                            57.0,
                            253.0
                        ],
                        [
                            73,
                            237
                        ]
                    ],
                    true
                ],
                [
                    10,
                    11,
                    [
                        [
                            57,
                            302
                        ],
                        [
                            57,
                            271
                        ]
                    ],
                    true
                ],
                [
                    11,
                    12,
                    [
                        [
                            57,
                            334
                        ],
                        [
                            57,
                            302
                        ]
                    ],
                    true
                ],
                [
                    12,
                    13,
                    [
                        [
                            57,
                            367
                        ],
                        [
                            57,
                            334
                        ]
                    ],
                    true
                ],
                [
                    13,
                    14,
                    [
                        [
                            57,
                            402
                        ],
                        [
                            57,
                            367
                        ]
                    ],
                    true
                ]
            ],
            "stations": [
                {
                    "coord": [
                        314,
                        26
                    ],
                    "is_working": true,
                    "name": "Clareview",
                    "rect": [
                        323,
                        19,
                        52,
                        15
                    ],
                    "text_id": 0,
                    "uid": 0
                },
                {
                    "coord": [
                        292,
                        48
                    ],
                    "is_working": true,
                    "name": "Belvedere",
                    "rect": [
                        301,
                        45,
                        53,
                        15
                    ],
                    "text_id": 1,
                    "uid": 1
                },
                {
                    "coord": [
                        271,
                        69
                    ],
                    "is_working": true,
                    "name": "Coliseum",
                    "rect": [
                        280,
                        66,
                        49,
                        15
                    ],
                    "text_id": 2,
                    "uid": 2
                },
                {
                    "coord": [
                        248,
                        92
                    ],
                    "is_working": true,
                    "name": "Stadium",
                    "rect": [
                        257,
                        89,
                        42,
                        15
                    ],
                    "text_id": 3,
                    "uid": 3
                },
                {
                    "coord": [
                        221,
                        159
                    ],
                    "is_working": true,
                    "name": "Churchill",
                    "rect": [
                        233,
                        151,
                        47,
                        15
                    ],
                    "text_id": 4,
                    "uid": 4
                },
                {
                    "coord": [
                        182,
                        198
                    ],
                    "is_working": true,
                    "name": "Central",
                    "rect": [
                        171,
                        210,
                        38,
                        15
                    ],
                    "text_id": 5,
                    "uid": 5
                },
                {
                    "coord": [
                        154,
                        198
                    ],
                    "is_working": true,
                    "name": "Bay",
                    "rect": [
                        143,
                        157,
                        22,
                        15
                    ],
                    "text_id": 6,
                    "uid": 6
                },
                {
                    "coord": [
                        126,
                        198
                    ],
                    "is_working": true,
                    "name": "Corona",
                    "rect": [
                        87,
                        157,
                        38,
                        15
                    ],
                    "text_id": 7,
                    "uid": 7
                },
                {
                    "coord": [
                        97,
                        213
                    ],
                    "is_working": true,
                    "name": "Grandin",
                    "rect": [
                        35,
                        192,
                        41,
                        15
                    ],
                    "text_id": 8,
                    "uid": 8
                },
                {
                    "coord": [
                        73,
                        237
                    ],
                    "is_working": true,
                    "name": "University",
                    "rect": [
                        85,
                        232,
                        53,
                        15
                    ],
                    "text_id": 9,
                    "uid": 9
                },
                {
                    "coord": [
                        57,
                        271
                    ],
                    "is_working": true,
                    "name": "Healt Sciences",
                    "rect": [
                        69,
                        263,
                        77,
                        15
                    ],
                    "text_id": 10,
                    "uid": 10
                },
                {
                    "coord": [
                        57,
                        302
                    ],
                    "is_working": true,
                    "name": "McKernan",
                    "rect": [
                        69,
                        295,
                        53,
                        15
                    ],
                    "text_id": 11,
                    "uid": 11
                },
                {
                    "coord": [
                        57,
                        334
                    ],
                    "is_working": true,
                    "name": "South Campus",
                    "rect": [
                        69,
                        326,
                        74,
                        15
                    ],
                    "text_id": 12,
                    "uid": 12
                },
                {
                    "coord": [
                        57,
                        367
                    ],
                    "is_working": true,
                    "name": "Southgate",
                    "rect": [
                        69,
                        360,
                        51,
                        15
                    ],
                    "text_id": 13,
                    "uid": 13
                },
                {
                    "coord": [
                        57,
                        402
                    ],
                    "is_working": true,
                    "name": "Century Park",
                    "rect": [
                        69,
                        395,
                        67,
                        15
                    ],
                    "text_id": 14,
                    "uid": 14
                }
            ],
            "text_id": 15
        },
        {
            "labels_bg_color": "-1",
            "labels_color": "E83131",
            "line_color": "E83131",
            "line_width": 7,
            "name": "Metro Line",
            "segments": [
                [
                    15,
                    16,
                    [
                        [
                            175,
                            89
                        ],
                        [
                            175.0,
                            55.0
                        ],
                        [
                            155,
                            55
                        ]
                    ],
                    true
                ],
                [
                    16,
                    17,
                    [
                        [
                            175,
                            119
                        ],
                        [
                            175,
                            89
                        ]
                    ],
                    true
                ],
                [
                    17,
                    18,
                    [
                        [
                            207,
                            159
                        ],
                        [
                            207.0,
                            119.0
                        ],
                        [
                            175,
                            119
                        ]
                    ],
                    true
                ],
                [
                    18,
                    19,
                    [
                        [
                            182,
                            184
                        ],
                        [
                            194.0,
                            184.0
                        ],
                        [
                            207.0,
                            171.0
                        ],
                        [
                            207,
                            159
                        ]
                    ],
                    true
                ],
                [
                    19,
                    20,
                    [
                        [
                            154,
                            184
                        ],
                        [
                            182,
                            184
                        ]
                    ],
                    true
                ],
                [
                    20,
                    21,
                    [
                        [
                            126,
                            184
                        ],
                        [
                            154,
                            184
                        ]
                    ],
                    true
                ],
                [
                    21,
                    22,
                    [
                        [
                            87,
                            203
                        ],
                        [
                            106.0,
                            184.0
                        ],
                        [
                            126,
                            184
                        ]
                    ],
                    true
                ],
                [
                    22,
                    23,
                    [
                        [
                            63,
                            227
                        ],
                        [
                            87,
                            203
                        ]
                    ],
                    true
                ],
                [
                    23,
                    24,
                    [
                        [
                            43,
                            271
                        ],
                        [
                            43.0,
                            247.0
                        ],
                        [
                            63,
                            227
                        ]
                    ],
                    true
                ],
                [
                    24,
                    25,
                    [
                        [
                            43,
                            302
                        ],
                        [
                            43,
                            271
                        ]
                    ],
                    true
                ],
                [
                    25,
                    26,
                    [
                        [
                            43,
                            334
                        ],
                        [
                            43,
                            302
                        ]
                    ],
                    true
                ],
                [
                    26,
                    27,
                    [
                        [
                            43,
                            367
                        ],
                        [
                            43,
                            334
                        ]
                    ],
                    true
                ],
                [
                    27,
                    28,
                    [
                        [
                            43,
                            402
                        ],
                        [
                            43,
                            367
                        ]
                    ],
                    true
                ]
            ],
            "stations": [
                {
                    "coord": [
                        155,
                        55
                    ],
                    "is_working": true,
                    "name": "NAIT",
                    "rect": [
                        119,
                        48,
                        27,
                        15
                    ],
                    "text_id": 16,
                    "uid": 15
                },
                {
                    "coord": [
                        175,
                        89
                    ],
                    "is_working": true,
                    "name": "Kingsway",
                    "rect": [
                        115,
                        81,
                        51,
                        15
                    ],
                    "text_id": 17,
                    "uid": 16
                },
                {
                    "coord": [
                        175,
                        119
                    ],
                    "is_working": true,
                    "name": "MacEwan",
                    "rect": [
                        116,
                        112,
                        50,
                        15
                    ],
                    "text_id": 18,
                    "uid": 17
                },
                {
                    "coord": [
                        207,
                        159
                    ],
                    "is_working": true,
                    "name": "Churchill",
                    "rect": [
                        233,
                        151,
                        47,
                        15
                    ],
                    "text_id": 4,
                    "uid": 18
                },
                {
                    "coord": [
                        182,
                        184
                    ],
                    "is_working": true,
                    "name": "Central",
                    "rect": [
                        171,
                        210,
                        38,
                        15
                    ],
                    "text_id": 5,
                    "uid": 19
                },
                {
                    "coord": [
                        154,
                        184
                    ],
                    "is_working": true,
                    "name": "Bay",
                    "rect": [
                        143,
                        157,
                        22,
                        15
                    ],
                    "text_id": 6,
                    "uid": 20
                },
                {
                    "coord": [
                        126,
                        184
                    ],
                    "is_working": true,
                    "name": "Corona",
                    "rect": [
                        87,
                        157,
                        38,
                        15
                    ],
                    "text_id": 7,
                    "uid": 21
                },
                {
                    "coord": [
                        87,
                        203
                    ],
                    "is_working": true,
                    "name": "Grandin",
                    "rect": [
                        35,
                        192,
                        41,
                        15
                    ],
                    "text_id": 8,
                    "uid": 22
                },
                {
                    "coord": [
                        63,
                        227
                    ],
                    "is_working": true,
                    "name": "University",
                    "rect": [
                        85,
                        232,
                        53,
                        15
                    ],
                    "text_id": 9,
                    "uid": 23
                },
                {
                    "coord": [
                        43,
                        271
                    ],
                    "is_working": true,
                    "name": "Healt Sciences",
                    "rect": [
                        69,
                        263,
                        77,
                        15
                    ],
                    "text_id": 10,
                    "uid": 24
                },
                {
                    "coord": [
                        43,
                        302
                    ],
                    "is_working": true,
                    "name": "McKernan",
                    "rect": [
                        69,
                        295,
                        53,
                        15
                    ],
                    "text_id": 11,
                    "uid": 25
                },
                {
                    "coord": [
                        43,
                        334
                    ],
                    "is_working": true,
                    "name": "South Campus",
                    "rect": [
                        69,
                        326,
                        74,
                        15
                    ],
                    "text_id": 12,
                    "uid": 26
                },
                {
                    "coord": [
                        43,
                        367
                    ],
                    "is_working": true,
                    "name": "Southgate",
                    "rect": [
                        69,
                        360,
                        51,
                        15
                    ],
                    "text_id": 13,
                    "uid": 27
                },
                {
                    "coord": [
                        43,
                        402
                    ],
                    "is_working": true,
                    "name": "Century Park",
                    "rect": [
                        69,
                        395,
                        67,
                        15
                    ],
                    "text_id": 14,
                    "uid": 28
                }
            ],
            "text_id": 19
        }
    ],
    "lines_width": 7,
    "name": "metro",
    "name_text_id": 20,
    "stations_diameter": 13.0,
    "transfers": [
        [
            14,
            28,
            [
                57,
                402
            ],
            [
                43,
                402
            ]
        ],
        [
            13,
            27,
            [
                57,
                367
            ],
            [
                43,
                367
            ]
        ],
        [
            12,
            26,
            [
                57,
                334
            ],
            [
                43,
                334
            ]
        ],
        [
            11,
            25,
            [
                57,
                302
            ],
            [
                43,
                302
            ]
        ],
        [
            10,
            24,
            [
                57,
                271
            ],
            [
                43,
                271
            ]
        ],
        [
            9,
            23,
            [
                73,
                237
            ],
            [
                63,
                227
            ]
        ],
        [
            8,
            22,
            [
                97,
                213
            ],
            [
                87,
                203
            ]
        ],
        [
            7,
            21,
            [
                126,
                198
            ],
            [
                126,
                184
            ]
        ],
        [
            6,
            20,
            [
                154,
                198
            ],
            [
                154,
                184
            ]
        ],
        [
            5,
            19,
            [
                182,
                198
            ],
            [
                182,
                184
            ]
        ],
        [
            4,
            18,
            [
                221,
                159
            ],
            [
                207,
                159
            ]
        ]
    ],
    "transports": [
        "metro"
    ],
    "type_name": "ROOT",
    "type_text_id": 21,
    "upper_case": false,
    "width": 464,
    "word_wrap": false
}