{
    "0": "Frognerseteren",
    "1": "Voksenkollen",
    "2": "Lillevann",
    "3": "Skogen",
    "4": "Voksenlia",
    "5": "Holmenkollen",
    "6": "Besserud",
    "7": "Midtstuen",
    "8": "Skadalen",
    "9": "Vettakollen",
    "10": "Gullerasen",
    "11": "Grakammen",
    "12": "Slemdal",
    "13": "Ris",
    "14": "Gaustad",
    "15": "Vindern",
    "16": "Steinerud",
    "17": "Froen",
    "18": "Majorstuen",
    "19": "Nationaltheatret",
    "20": "Stortinget",
    "21": "Jernbanetorget",
    "22": "Gronland",
    "23": "Toyen",
    "24": "Ensjo",
    "25": "Helsfyr",
    "26": "Brynseng",
    "27": "Hoyenhall",
    "28": "Manglerud",
    "29": "Ryen",
    "30": "Brattlikollen",
    "31": "Karlsrud",
    "32": "Lambertseter",
    "33": "Munkelia",
    "34": "Bergkrystallen",
    "35": "1",
    "36": "Osteras",
    "37": "Lijordet",
    "38": "Elksmarka",
    "39": "Ekraveien",
    "40": "Roa",
    "41": "Hovseter",
    "42": "Holmen",
    "43": "Makrellbekken",
    "44": "Smestad",
    "45": "Borgen",
    "46": "Hellerud",
    "47": "Tveita",
    "48": "Haugerud",
    "49": "Trosterud",
    "50": "Lindeberg",
    "51": "Furuset",
    "52": "Ellingsrudasen",
    "53": "2",
    "54": "Sognsvann",
    "55": "Kringsja",
    "56": "Holstein",
    "57": "Osthorn",
    "58": "Tasen",
    "59": "Berg",
    "60": "Ulleval stadion",
    "61": "Forskningsparken",
    "62": "Blindern",
    "63": "Godlia",
    "64": "Skoyenasen",
    "65": "Oppsal",
    "66": "Ulsrud",
    "67": "Boler",
    "68": "Bogerud",
    "69": "Skullerud",
    "70": "Mortensrud",
    "71": "3",
    "72": "Storo",
    "73": "Nydalen",
    "74": "Uleval stadion",
    "75": "4",
    "76": "Carl Berners plass",
    "77": "Hasle",
    "78": "Okern",
    "79": "Rislokka",
    "80": "Vollebekk",
    "81": "Linderud",
    "82": "Veitvet",
    "83": "Rodtvet",
    "84": "Kalbakken",
    "85": "Ammerud",
    "86": "Grorud",
    "87": "Romsas",
    "88": "Rommen",
    "89": "Stovner",
    "90": "Vestli",
    "91": "5",
    "92": "Kolsas",
    "93": "Hauger",
    "94": "Gjettum",
    "95": "Avlos",
    "96": "Haslum",
    "97": "Gjonnes",
    "98": "Bekkestua",
    "99": "Ringstabekk",
    "100": "Jar",
    "101": "Bjornsletta",
    "102": "Asjordet",
    "103": "Ullernasen",
    "104": "Montebello",
    "105": "Sinsen",
    "106": "6",
    "107": "Metro",
    "108": "ROOT",
    "109": "Shema ot 19.05.2015g.",
    "110": "Imported from http://pmetro.su"
}