{
    "default_transports": [
        "metro"
    ],
    "height": 766,
    "images": [
        "res/schemes/bilbao.svg"
    ],
    "is_vector": true,
    "lines": [
        {
            "labels_bg_color": "-1",
            "labels_color": "ff4105",
            "line_color": "ff4105",
            "line_width": 5,
            "name": "1",
            "segments": [
                [
                    0,
                    1,
                    [
                        [
                            570,
                            550
                        ],
                        [
                            590,
                            570
                        ]
                    ],
                    true
                ],
                [
                    1,
                    2,
                    [
                        [
                            550,
                            530
                        ],
                        [
                            570,
                            550
                        ]
                    ],
                    true
                ],
                [
                    2,
                    3,
                    [
                        [
                            530,
                            510
                        ],
                        [
                            550,
                            530
                        ]
                    ],
                    true
                ],
                [
                    3,
                    4,
                    [
                        [
                            510,
                            490
                        ],
                        [
                            530,
                            510
                        ]
                    ],
                    true
                ],
                [
                    4,
                    5,
                    [
                        [
                            490,
                            470
                        ],
                        [
                            510,
                            490
                        ]
                    ],
                    true
                ],
                [
                    5,
                    6,
                    [
                        [
                            470,
                            450
                        ],
                        [
                            490,
                            470
                        ]
                    ],
                    true
                ],
                [
                    6,
                    7,
                    [
                        [
                            450,
                            430
                        ],
                        [
                            470,
                            450
                        ]
                    ],
                    true
                ],
                [
                    7,
                    8,
                    [
                        [
                            430,
                            410
                        ],
                        [
                            450,
                            430
                        ]
                    ],
                    true
                ],
                [
                    8,
                    9,
                    [
                        [
                            410,
                            390
                        ],
                        [
                            430,
                            410
                        ]
                    ],
                    true
                ],
                [
                    9,
                    10,
                    [
                        [
                            390,
                            370
                        ],
                        [
                            410,
                            390
                        ]
                    ],
                    true
                ],
                [
                    10,
                    11,
                    [
                        [
                            370,
                            350
                        ],
                        [
                            390,
                            370
                        ]
                    ],
                    true
                ],
                [
                    11,
                    12,
                    [
                        [
                            350,
                            330
                        ],
                        [
                            370,
                            350
                        ]
                    ],
                    true
                ],
                [
                    12,
                    13,
                    [
                        [
                            330,
                            310
                        ],
                        [
                            350,
                            330
                        ]
                    ],
                    true
                ],
                [
                    13,
                    14,
                    [
                        [
                            310,
                            290
                        ],
                        [
                            330,
                            310
                        ]
                    ],
                    true
                ],
                [
                    14,
                    15,
                    [
                        [
                            290,
                            270
                        ],
                        [
                            310,
                            290
                        ]
                    ],
                    true
                ],
                [
                    15,
                    16,
                    [
                        [
                            270,
                            250
                        ],
                        [
                            290,
                            270
                        ]
                    ],
                    true
                ],
                [
                    16,
                    17,
                    [
                        [
                            250,
                            230
                        ],
                        [
                            270,
                            250
                        ]
                    ],
                    true
                ],
                [
                    17,
                    18,
                    [
                        [
                            230,
                            210
                        ],
                        [
                            250,
                            230
                        ]
                    ],
                    true
                ],
                [
                    18,
                    19,
                    [
                        [
                            210,
                            190
                        ],
                        [
                            230,
                            210
                        ]
                    ],
                    true
                ],
                [
                    19,
                    20,
                    [
                        [
                            190,
                            170
                        ],
                        [
                            210,
                            190
                        ]
                    ],
                    true
                ],
                [
                    20,
                    21,
                    [
                        [
                            170,
                            150
                        ],
                        [
                            190,
                            170
                        ]
                    ],
                    true
                ],
                [
                    21,
                    22,
                    [
                        [
                            150,
                            130
                        ],
                        [
                            170,
                            150
                        ]
                    ],
                    true
                ],
                [
                    22,
                    23,
                    [
                        [
                            130,
                            110
                        ],
                        [
                            150,
                            130
                        ]
                    ],
                    true
                ],
                [
                    23,
                    24,
                    [
                        [
                            110,
                            90
                        ],
                        [
                            130,
                            110
                        ]
                    ],
                    true
                ],
                [
                    24,
                    25,
                    [
                        [
                            90,
                            70
                        ],
                        [
                            110,
                            90
                        ]
                    ],
                    true
                ],
                [
                    25,
                    26,
                    [
                        [
                            70,
                            50
                        ],
                        [
                            90,
                            70
                        ]
                    ],
                    true
                ],
                [
                    26,
                    27,
                    [
                        [
                            50,
                            30
                        ],
                        [
                            70,
                            50
                        ]
                    ],
                    true
                ]
            ],
            "stations": [
                {
                    "coord": [
                        590,
                        570
                    ],
                    "is_working": true,
                    "name": "Etxebarri",
                    "rect": [
                        608,
                        550,
                        47,
                        15
                    ],
                    "text_id": 0,
                    "uid": 0
                },
                {
                    "coord": [
                        570,
                        550
                    ],
                    "is_working": true,
                    "name": "Bolueta",
                    "rect": [
                        590,
                        533,
                        40,
                        15
                    ],
                    "text_id": 1,
                    "uid": 1
                },
                {
                    "coord": [
                        550,
                        530
                    ],
                    "is_working": true,
                    "name": "Basarrate",
                    "rect": [
                        571,
                        514,
                        51,
                        15
                    ],
                    "text_id": 2,
                    "uid": 2
                },
                {
                    "coord": [
                        530,
                        510
                    ],
                    "is_working": true,
                    "name": "Santutxu",
                    "rect": [
                        551,
                        494,
                        45,
                        15
                    ],
                    "text_id": 3,
                    "uid": 3
                },
                {
                    "coord": [
                        510,
                        490
                    ],
                    "is_working": true,
                    "name": "Casco Viejo",
                    "rect": [
                        532,
                        475,
                        62,
                        15
                    ],
                    "text_id": 4,
                    "uid": 4
                },
                {
                    "coord": [
                        490,
                        470
                    ],
                    "is_working": true,
                    "name": "Abando",
                    "rect": [
                        512,
                        455,
                        40,
                        15
                    ],
                    "text_id": 5,
                    "uid": 5
                },
                {
                    "coord": [
                        470,
                        450
                    ],
                    "is_working": true,
                    "name": "Moyua",
                    "rect": [
                        493,
                        436,
                        35,
                        15
                    ],
                    "text_id": 6,
                    "uid": 6
                },
                {
                    "coord": [
                        450,
                        430
                    ],
                    "is_working": true,
                    "name": "Indautxu",
                    "rect": [
                        474,
                        417,
                        44,
                        15
                    ],
                    "text_id": 7,
                    "uid": 7
                },
                {
                    "coord": [
                        430,
                        410
                    ],
                    "is_working": true,
                    "name": "San Mames",
                    "rect": [
                        454,
                        396,
                        60,
                        15
                    ],
                    "text_id": 8,
                    "uid": 8
                },
                {
                    "coord": [
                        410,
                        390
                    ],
                    "is_working": true,
                    "name": "Deusto",
                    "rect": [
                        434,
                        377,
                        37,
                        15
                    ],
                    "text_id": 9,
                    "uid": 9
                },
                {
                    "coord": [
                        390,
                        370
                    ],
                    "is_working": true,
                    "name": "Sarriko",
                    "rect": [
                        415,
                        358,
                        38,
                        15
                    ],
                    "text_id": 10,
                    "uid": 10
                },
                {
                    "coord": [
                        370,
                        350
                    ],
                    "is_working": true,
                    "name": "San Inazio",
                    "rect": [
                        395,
                        338,
                        53,
                        15
                    ],
                    "text_id": 11,
                    "uid": 11
                },
                {
                    "coord": [
                        350,
                        330
                    ],
                    "is_working": true,
                    "name": "Lutxana",
                    "rect": [
                        374,
                        317,
                        41,
                        15
                    ],
                    "text_id": 12,
                    "uid": 12
                },
                {
                    "coord": [
                        330,
                        310
                    ],
                    "is_working": true,
                    "name": "Erandio",
                    "rect": [
                        354,
                        297,
                        40,
                        15
                    ],
                    "text_id": 13,
                    "uid": 13
                },
                {
                    "coord": [
                        310,
                        290
                    ],
                    "is_working": true,
                    "name": "Astrabudua",
                    "rect": [
                        335,
                        278,
                        59,
                        15
                    ],
                    "text_id": 14,
                    "uid": 14
                },
                {
                    "coord": [
                        290,
                        270
                    ],
                    "is_working": true,
                    "name": "Leioa",
                    "rect": [
                        315,
                        258,
                        29,
                        15
                    ],
                    "text_id": 15,
                    "uid": 15
                },
                {
                    "coord": [
                        270,
                        250
                    ],
                    "is_working": true,
                    "name": "Lamiako",
                    "rect": [
                        296,
                        239,
                        44,
                        15
                    ],
                    "text_id": 16,
                    "uid": 16
                },
                {
                    "coord": [
                        250,
                        230
                    ],
                    "is_working": true,
                    "name": "Areeta",
                    "rect": [
                        275,
                        218,
                        35,
                        15
                    ],
                    "text_id": 17,
                    "uid": 17
                },
                {
                    "coord": [
                        230,
                        210
                    ],
                    "is_working": true,
                    "name": "Gobela",
                    "rect": [
                        256,
                        199,
                        37,
                        15
                    ],
                    "text_id": 18,
                    "uid": 18
                },
                {
                    "coord": [
                        210,
                        190
                    ],
                    "is_working": true,
                    "name": "Neguri",
                    "rect": [
                        234,
                        177,
                        35,
                        15
                    ],
                    "text_id": 19,
                    "uid": 19
                },
                {
                    "coord": [
                        190,
                        170
                    ],
                    "is_working": true,
                    "name": "Aiboa",
                    "rect": [
                        215,
                        158,
                        31,
                        15
                    ],
                    "text_id": 20,
                    "uid": 20
                },
                {
                    "coord": [
                        170,
                        150
                    ],
                    "is_working": true,
                    "name": "Algorta",
                    "rect": [
                        196,
                        139,
                        38,
                        15
                    ],
                    "text_id": 21,
                    "uid": 21
                },
                {
                    "coord": [
                        150,
                        130
                    ],
                    "is_working": true,
                    "name": "Bidezabal",
                    "rect": [
                        176,
                        119,
                        51,
                        15
                    ],
                    "text_id": 22,
                    "uid": 22
                },
                {
                    "coord": [
                        130,
                        110
                    ],
                    "is_working": true,
                    "name": "Berango",
                    "rect": [
                        154,
                        97,
                        44,
                        15
                    ],
                    "text_id": 23,
                    "uid": 23
                },
                {
                    "coord": [
                        110,
                        90
                    ],
                    "is_working": true,
                    "name": "Larrabasterra",
                    "rect": [
                        134,
                        77,
                        69,
                        15
                    ],
                    "text_id": 24,
                    "uid": 24
                },
                {
                    "coord": [
                        90,
                        70
                    ],
                    "is_working": true,
                    "name": "Sopelana",
                    "rect": [
                        113,
                        56,
                        48,
                        15
                    ],
                    "text_id": 25,
                    "uid": 25
                },
                {
                    "coord": [
                        70,
                        50
                    ],
                    "is_working": true,
                    "name": "Urduliz",
                    "rect": [
                        96,
                        39,
                        37,
                        15
                    ],
                    "text_id": 26,
                    "uid": 26
                },
                {
                    "coord": [
                        50,
                        30
                    ],
                    "is_working": true,
                    "name": "Plentzia",
                    "rect": [
                        72,
                        15,
                        41,
                        15
                    ],
                    "text_id": 27,
                    "uid": 27
                }
            ],
            "text_id": 28
        },
        {
            "labels_bg_color": "-1",
            "labels_color": "000000",
            "line_color": "000000",
            "line_width": 5,
            "name": "2",
            "segments": [
                [
                    28,
                    29,
                    [
                        [
                            599,
                            599
                        ],
                        [
                            616,
                            616
                        ]
                    ],
                    true
                ],
                [
                    29,
                    30,
                    [
                        [
                            580,
                            580
                        ],
                        [
                            599,
                            599
                        ]
                    ],
                    true
                ],
                [
                    30,
                    31,
                    [
                        [
                            560,
                            560
                        ],
                        [
                            580,
                            580
                        ]
                    ],
                    true
                ],
                [
                    31,
                    32,
                    [
                        [
                            540,
                            540
                        ],
                        [
                            560,
                            560
                        ]
                    ],
                    true
                ],
                [
                    32,
                    33,
                    [
                        [
                            520,
                            520
                        ],
                        [
                            540,
                            540
                        ]
                    ],
                    true
                ],
                [
                    33,
                    34,
                    [
                        [
                            500,
                            500
                        ],
                        [
                            520,
                            520
                        ]
                    ],
                    true
                ],
                [
                    34,
                    35,
                    [
                        [
                            480,
                            480
                        ],
                        [
                            500,
                            500
                        ]
                    ],
                    true
                ],
                [
                    35,
                    36,
                    [
                        [
                            460,
                            460
                        ],
                        [
                            480,
                            480
                        ]
                    ],
                    true
                ],
                [
                    36,
                    37,
                    [
                        [
                            440,
                            440
                        ],
                        [
                            460,
                            460
                        ]
                    ],
                    true
                ],
                [
                    37,
                    38,
                    [
                        [
                            420,
                            420
                        ],
                        [
                            440,
                            440
                        ]
                    ],
                    true
                ],
                [
                    38,
                    39,
                    [
                        [
                            400,
                            400
                        ],
                        [
                            420,
                            420
                        ]
                    ],
                    true
                ],
                [
                    39,
                    40,
                    [
                        [
                            380,
                            380
                        ],
                        [
                            400,
                            400
                        ]
                    ],
                    true
                ],
                [
                    40,
                    41,
                    [
                        [
                            360,
                            360
                        ],
                        [
                            380,
                            380
                        ]
                    ],
                    true
                ],
                [
                    41,
                    42,
                    [
                        [
                            300,
                            360
                        ],
                        [
                            360,
                            360
                        ]
                    ],
                    true
                ],
                [
                    42,
                    43,
                    [
                        [
                            280,
                            340
                        ],
                        [
                            300,
                            360
                        ]
                    ],
                    true
                ],
                [
                    43,
                    44,
                    [
                        [
                            260,
                            320
                        ],
                        [
                            280,
                            340
                        ]
                    ],
                    true
                ],
                [
                    44,
                    45,
                    [
                        [
                            240,
                            300
                        ],
                        [
                            260,
                            320
                        ]
                    ],
                    true
                ],
                [
                    45,
                    46,
                    [
                        [
                            220,
                            280
                        ],
                        [
                            240,
                            300
                        ]
                    ],
                    true
                ],
                [
                    46,
                    47,
                    [
                        [
                            200,
                            260
                        ],
                        [
                            220,
                            280
                        ]
                    ],
                    true
                ],
                [
                    47,
                    48,
                    [
                        [
                            180,
                            240
                        ],
                        [
                            200,
                            260
                        ]
                    ],
                    true
                ],
                [
                    48,
                    49,
                    [
                        [
                            160,
                            220
                        ],
                        [
                            180,
                            240
                        ]
                    ],
                    true
                ],
                [
                    49,
                    50,
                    [
                        [
                            139,
                            199
                        ],
                        [
                            160,
                            220
                        ]
                    ],
                    true
                ],
                [
                    50,
                    51,
                    [
                        [
                            118,
                            178
                        ],
                        [
                            139,
                            199
                        ]
                    ],
                    true
                ]
            ],
            "stations": [
                {
                    "coord": [
                        616,
                        616
                    ],
                    "is_working": true,
                    "name": "Basauri",
                    "rect": [
                        558,
                        621,
                        41,
                        15
                    ],
                    "text_id": 29,
                    "uid": 28
                },
                {
                    "coord": [
                        599,
                        599
                    ],
                    "is_working": true,
                    "name": "Ariz",
                    "rect": [
                        558,
                        602,
                        22,
                        15
                    ],
                    "text_id": 30,
                    "uid": 29
                },
                {
                    "coord": [
                        580,
                        580
                    ],
                    "is_working": true,
                    "name": "Etxebarri",
                    "rect": null,
                    "text_id": 0,
                    "uid": 30
                },
                {
                    "coord": [
                        560,
                        560
                    ],
                    "is_working": true,
                    "name": "Bolueta",
                    "rect": null,
                    "text_id": 1,
                    "uid": 31
                },
                {
                    "coord": [
                        540,
                        540
                    ],
                    "is_working": true,
                    "name": "Basarrate",
                    "rect": null,
                    "text_id": 2,
                    "uid": 32
                },
                {
                    "coord": [
                        520,
                        520
                    ],
                    "is_working": true,
                    "name": "Santutxu",
                    "rect": null,
                    "text_id": 3,
                    "uid": 33
                },
                {
                    "coord": [
                        500,
                        500
                    ],
                    "is_working": true,
                    "name": "Casco Viejo",
                    "rect": null,
                    "text_id": 4,
                    "uid": 34
                },
                {
                    "coord": [
                        480,
                        480
                    ],
                    "is_working": true,
                    "name": "Abando",
                    "rect": null,
                    "text_id": 5,
                    "uid": 35
                },
                {
                    "coord": [
                        460,
                        460
                    ],
                    "is_working": true,
                    "name": "Moyua",
                    "rect": null,
                    "text_id": 6,
                    "uid": 36
                },
                {
                    "coord": [
                        440,
                        440
                    ],
                    "is_working": true,
                    "name": "Indautxu",
                    "rect": null,
                    "text_id": 7,
                    "uid": 37
                },
                {
                    "coord": [
                        420,
                        420
                    ],
                    "is_working": true,
                    "name": "San Mames",
                    "rect": null,
                    "text_id": 8,
                    "uid": 38
                },
                {
                    "coord": [
                        400,
                        400
                    ],
                    "is_working": true,
                    "name": "Deusto",
                    "rect": null,
                    "text_id": 9,
                    "uid": 39
                },
                {
                    "coord": [
                        380,
                        380
                    ],
                    "is_working": true,
                    "name": "Sarriko",
                    "rect": null,
                    "text_id": 10,
                    "uid": 40
                },
                {
                    "coord": [
                        360,
                        360
                    ],
                    "is_working": true,
                    "name": "San Inazio",
                    "rect": null,
                    "text_id": 11,
                    "uid": 41
                },
                {
                    "coord": [
                        300,
                        360
                    ],
                    "is_working": true,
                    "name": "Gurutzeta/Cruces",
                    "rect": [
                        186,
                        356,
                        88,
                        15
                    ],
                    "text_id": 31,
                    "uid": 42
                },
                {
                    "coord": [
                        280,
                        340
                    ],
                    "is_working": true,
                    "name": "Ansio",
                    "rect": [
                        223,
                        336,
                        31,
                        15
                    ],
                    "text_id": 32,
                    "uid": 43
                },
                {
                    "coord": [
                        260,
                        320
                    ],
                    "is_working": true,
                    "name": "Barakaldo",
                    "rect": [
                        181,
                        316,
                        53,
                        15
                    ],
                    "text_id": 33,
                    "uid": 44
                },
                {
                    "coord": [
                        240,
                        300
                    ],
                    "is_working": true,
                    "name": "Bagatza",
                    "rect": [
                        171,
                        295,
                        42,
                        15
                    ],
                    "text_id": 34,
                    "uid": 45
                },
                {
                    "coord": [
                        220,
                        280
                    ],
                    "is_working": true,
                    "name": "Urbinaga",
                    "rect": [
                        145,
                        274,
                        47,
                        15
                    ],
                    "text_id": 35,
                    "uid": 46
                },
                {
                    "coord": [
                        200,
                        260
                    ],
                    "is_working": true,
                    "name": "Sestao",
                    "rect": [
                        136,
                        254,
                        36,
                        15
                    ],
                    "text_id": 36,
                    "uid": 47
                },
                {
                    "coord": [
                        180,
                        240
                    ],
                    "is_working": true,
                    "name": "Abatxolo",
                    "rect": [
                        106,
                        234,
                        46,
                        15
                    ],
                    "text_id": 37,
                    "uid": 48
                },
                {
                    "coord": [
                        160,
                        220
                    ],
                    "is_working": true,
                    "name": "Portugalete",
                    "rect": [
                        75,
                        215,
                        58,
                        15
                    ],
                    "text_id": 38,
                    "uid": 49
                },
                {
                    "coord": [
                        139,
                        199
                    ],
                    "is_working": true,
                    "name": "Penota",
                    "rect": [
                        78,
                        196,
                        36,
                        15
                    ],
                    "text_id": 39,
                    "uid": 50
                },
                {
                    "coord": [
                        118,
                        178
                    ],
                    "is_working": true,
                    "name": "Santurtzi",
                    "rect": [
                        52,
                        178,
                        45,
                        15
                    ],
                    "text_id": 40,
                    "uid": 51
                }
            ],
            "text_id": 41
        }
    ],
    "lines_width": 5,
    "name": "metro",
    "name_text_id": 42,
    "stations_diameter": 10.0,
    "transfers": [
        [
            0,
            30,
            [
                590,
                570
            ],
            [
                580,
                580
            ]
        ],
        [
            9,
            39,
            [
                410,
                390
            ],
            [
                400,
                400
            ]
        ],
        [
            10,
            40,
            [
                390,
                370
            ],
            [
                380,
                380
            ]
        ],
        [
            11,
            41,
            [
                370,
                350
            ],
            [
                360,
                360
            ]
        ],
        [
            1,
            31,
            [
                570,
                550
            ],
            [
                560,
                560
            ]
        ],
        [
            2,
            32,
            [
                550,
                530
            ],
            [
                540,
                540
            ]
        ],
        [
            3,
            33,
            [
                530,
                510
            ],
            [
                520,
                520
            ]
        ],
        [
            4,
            34,
            [
                510,
                490
            ],
            [
                500,
                500
            ]
        ],
        [
            5,
            35,
            [
                490,
                470
            ],
            [
                480,
                480
            ]
        ],
        [
            6,
            36,
            [
                470,
                450
            ],
            [
                460,
                460
            ]
        ],
        [
            7,
            37,
            [
                450,
                430
            ],
            [
                440,
                440
            ]
        ],
        [
            8,
            38,
            [
                430,
                410
            ],
            [
                420,
                420
            ]
        ]
    ],
    "transports": [
        "metro"
    ],
    "type_name": "ROOT",
    "type_text_id": 43,
    "upper_case": false,
    "width": 766,
    "word_wrap": false
}