{
    "0": "Pinar De Chamartin",
    "1": "Bambu",
    "2": "Chamartin",
    "3": "Plaza de Castilla",
    "4": "Valdeacederas",
    "5": "Tetuan",
    "6": "Estrecho",
    "7": "Alvarado",
    "8": "Cuatro Caminos",
    "9": "Rios Rosas",
    "10": "Iglesia",
    "11": "Bilbao",
    "12": "Tribunal",
    "13": "Gran Via",
    "14": "Sol",
    "15": "Tirso de Molina",
    "16": "Anton Martin",
    "17": "Atocha",
    "18": "Atocha Renfe",
    "19": "Menendez Pelayo",
    "20": "Pacifico",
    "21": "Puente de Vallecas",
    "22": "Nueva Numancia",
    "23": "Portazgo",
    "24": "Buenos Aires",
    "25": "Alto del Arenal",
    "26": "Miguel Hernandez",
    "27": "Sierra de Guadalupe",
    "28": "Villa de Vallecas",
    "29": "Congosto",
    "30": "La Gavia",
    "31": "Las Suertes",
    "32": "Valdecarros",
    "33": "1",
    "34": "Hospital del Norte",
    "35": "Reyes Catolicos",
    "36": "Baunatal",
    "37": "Manuel de Falla",
    "38": "Marques de la Valdavia",
    "39": "La Moraleja",
    "40": "La Granja",
    "41": "Ronda de la Comunicacion",
    "42": "Las Tablas",
    "43": "Montecarmelo",
    "44": "Tres Olivos",
    "45": "Fuencarral",
    "46": "Begona",
    "47": "Cuzco",
    "48": "Santiago Bernabeu",
    "49": "Nuevos Ministerios",
    "50": "Gregorio Maranon",
    "51": "Alonso Martinez",
    "52": "Plaza de Espana",
    "53": "Principe Pio",
    "54": "Lago",
    "55": "Batan",
    "56": "Casa de Campo",
    "57": "Colonia Jardin",
    "58": "Aviacion Espanola",
    "59": "Cuatro Vientos",
    "60": "Joaquin Vilumbrales",
    "61": "Puerta del Sur",
    "62": "10",
    "63": "Plaza Eliptica",
    "64": "Abrantes",
    "65": "Pan Bendito",
    "66": "San Francisco",
    "67": "Carabanchel Alto",
    "68": "La Peseta",
    "69": "La Fortuna",
    "70": "11",
    "71": "San Nicasio",
    "72": "Leganes Central",
    "73": "Hospital Severo Ochoa",
    "74": "Casa del Reloj",
    "75": "Julian Besteiro",
    "76": "El Carrascal",
    "77": "El Bercial",
    "78": "Los Espartales",
    "79": "El Casar",
    "80": "Juan de la Cierva",
    "81": "Getafe Central",
    "82": "Alonso de Mendoza",
    "83": "Conservatorio",
    "84": "Arroyo Culebro",
    "85": "Parque de los Estados",
    "86": "Fuenlabrada Central",
    "87": "Parque Europa",
    "88": "Hospital de Fuenlabrada",
    "89": "Loranca",
    "90": "Manuela Malasana",
    "91": "Hospital de Mostoles",
    "92": "Pradillo",
    "93": "Mostoles Central",
    "94": "Univ. Rey Juan Carlos",
    "95": "Parque Oeste",
    "96": "Alcorcon Central",
    "97": "Parque Lisboa",
    "98": "12",
    "99": "Opera",
    "100": "R",
    "101": "Fuente de la Mora",
    "102": "Virgen del Cortijo",
    "103": "Antonio Saura",
    "104": "Alvarez de Villaamil",
    "105": "Blasco Ibanez",
    "106": "Maria Tudor",
    "107": "Palas de Rey",
    "108": "ML1",
    "109": "Prado de la Vega",
    "110": "Colonia de los Angeles",
    "111": "Prado del Rey",
    "112": "Somosaguas Sur",
    "113": "Somosaguas Centro",
    "114": "Pozuelo Oeste",
    "115": "Prado de las Bodegas",
    "116": "Belgica",
    "117": "Dos Castillas",
    "118": "Campus de Somosaguas",
    "119": "Avenida de Europa",
    "120": "Berna",
    "121": "Estacion de Aravaca",
    "122": "ML2",
    "123": "Ciudad de la Imagen",
    "124": "Jose Isbert",
    "125": "Ciudad del Cine",
    "126": "Cocheras",
    "127": "Retamares",
    "128": "P 7",
    "129": "Monteprincipe",
    "130": "Ventorro del Cano",
    "131": "Prado del Espino",
    "132": "P 11",
    "133": "Cantabria",
    "134": "P 13",
    "135": "Ferial de Boadilla",
    "136": "Boadilla Centro",
    "137": "Nuevo Mundo",
    "138": "Siglo XXI",
    "139": "Infante Don Luis",
    "140": "Puerta de Boadilla",
    "141": "ML3",
    "142": "Canal",
    "143": "Quevedo",
    "144": "San Bernardo",
    "145": "Noviciado",
    "146": "Santo Domingo",
    "147": "Sevilla",
    "148": "Banco de Espana",
    "149": "Retiro",
    "150": "Principe de Vergara",
    "151": "Goya",
    "152": "Manuel Becerra",
    "153": "Ventas",
    "154": "La Elipa",
    "155": "La Almudena",
    "156": "Alsacia",
    "157": "Avenida de Guadalajara",
    "158": "Las Rosas",
    "159": "2",
    "160": "Moncloa",
    "161": "Arguelles",
    "162": "Ventura Rodriquez",
    "163": "Callao",
    "164": "Lavapies",
    "165": "Embajadores",
    "166": "Palos de la Frontera",
    "167": "Delicias",
    "168": "Legazpi",
    "169": "Almendrales",
    "170": "Hospital 12 de Octubre",
    "171": "San Fermin-Orcasur",
    "172": "Ciudad de los Angeles",
    "173": "Villaverde Bajo Cruce",
    "174": "San Cristobal",
    "175": "Villaverde Alto",
    "176": "3",
    "177": "Manoteras",
    "178": "Hortaleza",
    "179": "Parque de Santa Maria",
    "180": "San Lorenzo",
    "181": "Mar de Cristal",
    "182": "Canillas",
    "183": "Esperanza",
    "184": "Arturo Soria",
    "185": "Avda. de la Paz",
    "186": "Alfonso XIII",
    "187": "Prosperidad",
    "188": "Avda. de America",
    "189": "Diego de Leon",
    "190": "Lista",
    "191": "Velazquez",
    "192": "Serrano",
    "193": "Colon",
    "194": "4",
    "195": "Alameda de Osuna",
    "196": "El Capricho",
    "197": "Canillejas",
    "198": "Torre Arias",
    "199": "Suanzes",
    "200": "Ciudad Lineal",
    "201": "Pueblo Nuevo",
    "202": "Quintana",
    "203": "El Carmen",
    "204": "Nunez de Balboa",
    "205": "Ruben Dario",
    "206": "Chueca",
    "207": "La Latina",
    "208": "Puerta de Toledo",
    "209": "Acacias",
    "210": "Piramides",
    "211": "Marques de Vadilo",
    "212": "Urgel",
    "213": "Oporto",
    "214": "Vista Alegre",
    "215": "Carabanchel",
    "216": "Eugenia de Montijo",
    "217": "Aluche",
    "218": "Empalme",
    "219": "Campamento",
    "220": "5",
    "221": "Republica Argentina",
    "222": "O'Donnell",
    "223": "Sainz de Baranda",
    "224": "Conde de Casal",
    "225": "Mendez Alvaro",
    "226": "Arganzuela-Planetario",
    "227": "Usera",
    "228": "Opanel",
    "229": "Carpetana",
    "230": "Laguna",
    "231": "Lucero",
    "232": "Alto de Extremadura",
    "233": "Puerta del Angel",
    "234": "Ciudad Universitaria",
    "235": "Metropolitano",
    "236": "Guzman el Bueno",
    "237": "6",
    "238": "Pitis",
    "239": "Lacoma",
    "240": "Avda. Ilustracion",
    "241": "Penagrande",
    "242": "Antonio Machado",
    "243": "Valdezarza",
    "244": "Francos Rodriquez",
    "245": "Islas Filipinas",
    "246": "Alonso Cano",
    "247": "Cartagena",
    "248": "Parque de las Avenidas",
    "249": "Barrio de la Concepcion",
    "250": "Ascao",
    "251": "Garcia Noblejas",
    "252": "Simancas",
    "253": "San Blas",
    "254": "Las Musas",
    "255": "Estadio Olimpico",
    "256": "Barrio del Puerto",
    "257": "Coslada Central",
    "258": "La Rambla",
    "259": "San Fernando",
    "260": "Jarama",
    "261": "Henares",
    "262": "Hospital del Henares",
    "263": "7",
    "264": "Aeropuerto T4",
    "265": "Barajas",
    "266": "Aeropuerto T1-T2-T3",
    "267": "Campo de las Naciones",
    "268": "Pinar del Rey",
    "269": "Colombia",
    "270": "8",
    "271": "Paco de Lucia",
    "272": "Mirasierra",
    "273": "Herrera Oria",
    "274": "Barrio del Pilar",
    "275": "Ventilla",
    "276": "Duque de Pastrana",
    "277": "Pio XII",
    "278": "Concha Espina",
    "279": "Cruz del Rayo",
    "280": "Ibiza",
    "281": "Estrella",
    "282": "Vinateros",
    "283": "Artilleros",
    "284": "Pavones",
    "285": "Valdebernardo",
    "286": "Vicalvaro",
    "287": "San Cipriano",
    "288": "Puerta de Arganda",
    "289": "Rivas-Urbanizaciones",
    "290": "Rivas Futura",
    "291": "Rivas-Vaciamadrid",
    "292": "La Poveda",
    "293": "Arganda del Rey",
    "294": "9",
    "295": "Metro",
    "296": "ROOT",
    "297": "Shema ot 29.03.2015g.\nAvtor: Varlamov Dmitrij (www.chpeks.com)",
    "298": "Imported from http://pmetro.su"
}