{
    "0": "Ogden",
    "1": "Roy",
    "2": "Clearfield",
    "3": "Layton",
    "4": "Farmington",
    "5": "Woods Cross",
    "6": "Guadalupe",
    "7": "Salt Lake Central",
    "8": "Murray Central",
    "9": "South Jordan",
    "10": "Draper",
    "11": "Lehi",
    "12": "American Fork",
    "13": "Orem",
    "14": "Provo",
    "15": "FrontRunner",
    "16": "Old GreekTown",
    "17": "Planetarium",
    "18": "Arena",
    "19": "Temple Square",
    "20": "City Center",
    "21": "Gallivan Plaza",
    "22": "Courthouse",
    "23": "900 South",
    "24": "Ball Park",
    "25": "Central Pointe",
    "26": "Millcreek",
    "27": "Meadowbrook",
    "28": "Murray North",
    "29": "Fashion Place West",
    "30": "Midvale Fort Union",
    "31": "Midvale Center",
    "32": "Historic Sandy",
    "33": "Sandy Expo",
    "34": "Sandy Civic Center",
    "35": "Crescent View",
    "36": "Kimballs Lane",
    "37": "Draper Town Center",
    "38": "Blue",
    "39": "University Medical Center",
    "40": "Fort Douglas",
    "41": "South Campus",
    "42": "Stadium",
    "43": "900 East",
    "44": "Trolley",
    "45": "Library",
    "46": "Bingham Junction",
    "47": "Historic Gardner",
    "48": "West Jordan City Center",
    "49": "2700 West",
    "50": "Jordan Valley",
    "51": "4800 West",
    "52": "5600 West",
    "53": "South Jordan Parkway",
    "54": "Daybreak Parkway",
    "55": "Red",
    "56": "Airport",
    "57": "1940 West",
    "58": "Power",
    "59": "Fairpark",
    "60": "Jackson/Euclid",
    "61": "River Trail",
    "62": "Redwood Junction",
    "63": "Decker Lake",
    "64": "West Valley Central",
    "65": "Green",
    "66": "Электричка",
    "67": "ROOT",
    "68": "Схема от 30.08.2013г.\nАвтор: Мурадов Борис",
    "69": "Imported from http://pmetro.su"
}