{
    "lines": [
        {
            "delays": [],
            "name": "Первая",
            "scheme": null,
            "segments": [
                [
                    0,
                    1,
                    120
                ],
                [
                    1,
                    0,
                    120
                ],
                [
                    1,
                    2,
                    120
                ],
                [
                    2,
                    1,
                    120
                ],
                [
                    2,
                    3,
                    120
                ],
                [
                    3,
                    2,
                    120
                ],
                [
                    3,
                    4,
                    120
                ],
                [
                    4,
                    3,
                    120
                ],
                [
                    4,
                    5,
                    120
                ],
                [
                    5,
                    4,
                    120
                ],
                [
                    5,
                    6,
                    120
                ],
                [
                    6,
                    5,
                    120
                ],
                [
                    6,
                    7,
                    120
                ],
                [
                    7,
                    6,
                    120
                ],
                [
                    7,
                    8,
                    120
                ],
                [
                    8,
                    7,
                    120
                ],
                [
                    8,
                    9,
                    0
                ],
                [
                    9,
                    8,
                    0
                ]
            ],
            "stations": [
                [
                    0,
                    "Райымбек батыр",
                    0
                ],
                [
                    1,
                    "Жибек Жолы",
                    1
                ],
                [
                    2,
                    "Алмалы",
                    2
                ],
                [
                    3,
                    "Абай",
                    3
                ],
                [
                    4,
                    "Байконыр",
                    4
                ],
                [
                    5,
                    "Театр им. М.Ауэзова",
                    5
                ],
                [
                    6,
                    "Алатау",
                    6
                ],
                [
                    7,
                    "Сайран",
                    7
                ],
                [
                    8,
                    "Москва",
                    8
                ],
                [
                    9,
                    "Сарыарка",
                    9
                ]
            ],
            "text_id": 10
        }
    ],
    "name": "metro",
    "transfers": [],
    "type_name": "Метро"
}