{
    "0": "Shuanglin",
    "1": "Caijindaxue",
    "2": "Huashanli",
    "3": "Fuxingmen",
    "4": "Chentangzhuang",
    "5": "Tucheng",
    "6": "Nanlou",
    "7": "Xiawafang",
    "8": "Xiaobailou",
    "9": "Yingkoudao",
    "10": "Anshandao",
    "11": "Haiguangsi",
    "12": "Erweilu",
    "13": "Xi'nanjiao",
    "14": "Xibeijiao",
    "15": "Xizhan",
    "16": "Honghuli",
    "17": "Qinjiandao",
    "18": "Benxilu",
    "19": "Guojiuchang",
    "20": "Xihengdi",
    "21": "Liuyuan",
    "22": "1",
    "23": "Caozhuang",
    "24": "Bianxing",
    "25": "Jieyuanxidao",
    "26": "Xianyanglu",
    "27": "Changhonggongyuan",
    "28": "Guangkaisimalu",
    "29": "Gulou",
    "30": "Dongnanjiao",
    "31": "Jianguodao",
    "32": "Tianjinzhan",
    "33": "Yuanyangguojizhongxin",
    "34": "Shunchiqiao",
    "35": "Jingjianglu",
    "36": "Cuifuxincun",
    "37": "Yudongcheng",
    "38": "Dengzhoulu",
    "39": "Guoshanlu",
    "40": "Konggangjingjiqu",
    "41": "2",
    "42": "Gaoxinqu",
    "43": "Daxuecheng",
    "44": "Huayuan",
    "45": "Wangdingdi",
    "46": "Hongqinanlu",
    "47": "Zhoudengji'nianguan",
    "48": "Tianta",
    "49": "Wujiayao",
    "50": "Xikanglu",
    "51": "Hepinglu",
    "52": "Jinwan'guangchang",
    "53": "Jinshiqiao",
    "54": "Zhongshanlu",
    "55": "Beizhen",
    "56": "Tiedonglu",
    "57": "Zhangxingzhuang",
    "58": "Yixingfu",
    "59": "Tianshili",
    "60": "Huabeijituan",
    "61": "Fengchanhe",
    "62": "Xiaodian",
    "63": "3",
    "64": "Dawangzhuang",
    "65": "Shiyijing Road",
    "66": "Zhigu",
    "67": "Dongxing Road",
    "68": "Zhongshanmen",
    "69": "Yihaoqiao",
    "70": "Erhaoqiao",
    "71": "Xinli",
    "72": "Dongli",
    "73": "Xiaodongzhuang",
    "74": "Junliangcheng",
    "75": "Tianjin Pipe Corp",
    "76": "Hujiayuan",
    "77": "Tanggu",
    "78": "TEDA",
    "79": "Citizen Plaza",
    "80": "Convention and Exhibition Center",
    "81": "Donghai Road",
    "82": "9",
    "83": "Metro",
    "84": "ROOT",
    "85": "Shema ot 27.05.2013g.",
    "86": "Imported from http://pmetro.su"
}