{
    "lines": [
        {
            "delays": [],
            "name": "1",
            "scheme": null,
            "segments": [
                [
                    0,
                    1,
                    180
                ],
                [
                    1,
                    0,
                    180
                ],
                [
                    1,
                    2,
                    120
                ],
                [
                    2,
                    1,
                    120
                ]
            ],
            "stations": [
                [
                    0,
                    "Входные ворота",
                    0
                ],
                [
                    1,
                    "Зал Апсны",
                    1
                ],
                [
                    2,
                    "Зал Анакопея",
                    2
                ]
            ],
            "text_id": 3
        }
    ],
    "name": "metro",
    "transfers": [],
    "type_name": "Электричка"
}