{
    "default_transports": [
        "metro"
    ],
    "height": 864,
    "images": [
        "res/schemes/tashkent.svg"
    ],
    "is_vector": true,
    "lines": [
        {
            "labels_bg_color": "-1",
            "labels_color": "F52D35",
            "line_color": "F52D35",
            "line_width": 9,
            "name": "Chilonzor",
            "segments": [
                [
                    0,
                    1,
                    [
                        [
                            197,
                            688
                        ],
                        [
                            234,
                            710
                        ]
                    ],
                    true
                ],
                [
                    1,
                    2,
                    [
                        [
                            157,
                            665
                        ],
                        [
                            197,
                            688
                        ]
                    ],
                    true
                ],
                [
                    2,
                    3,
                    [
                        [
                            115,
                            641
                        ],
                        [
                            157,
                            665
                        ]
                    ],
                    true
                ],
                [
                    3,
                    4,
                    [
                        [
                            69,
                            614
                        ],
                        [
                            115,
                            641
                        ]
                    ],
                    true
                ],
                [
                    4,
                    5,
                    [
                        [
                            24.0,
                            567.0
                        ],
                        [
                            23.88,
                            569.59
                        ],
                        [
                            24.16,
                            572.22
                        ],
                        [
                            24.82,
                            574.9
                        ],
                        [
                            25.88,
                            577.62
                        ],
                        [
                            27.32,
                            580.4
                        ],
                        [
                            29.16,
                            583.22
                        ],
                        [
                            31.38,
                            586.09
                        ],
                        [
                            34.0,
                            589.0
                        ],
                        [
                            37.01,
                            591.96
                        ],
                        [
                            40.41,
                            594.97
                        ],
                        [
                            44.2,
                            598.02
                        ],
                        [
                            48.38,
                            601.12
                        ],
                        [
                            52.95,
                            604.27
                        ],
                        [
                            57.91,
                            607.47
                        ],
                        [
                            63.26,
                            610.71
                        ],
                        [
                            69.0,
                            614.0
                        ]
                    ],
                    true
                ],
                [
                    5,
                    6,
                    [
                        [
                            43.0,
                            514.0
                        ],
                        [
                            40.76,
                            518.37
                        ],
                        [
                            38.66,
                            522.59
                        ],
                        [
                            36.7,
                            526.68
                        ],
                        [
                            34.88,
                            530.62
                        ],
                        [
                            33.2,
                            534.43
                        ],
                        [
                            31.66,
                            538.09
                        ],
                        [
                            30.26,
                            541.62
                        ],
                        [
                            29.0,
                            545.0
                        ],
                        [
                            27.88,
                            548.24
                        ],
                        [
                            26.91,
                            551.34
                        ],
                        [
                            26.07,
                            554.3
                        ],
                        [
                            25.38,
                            557.12
                        ],
                        [
                            24.82,
                            559.8
                        ],
                        [
                            24.41,
                            562.34
                        ],
                        [
                            24.13,
                            564.74
                        ],
                        [
                            24.0,
                            567.0
                        ]
                    ],
                    true
                ],
                [
                    6,
                    7,
                    [
                        [
                            67,
                            473
                        ],
                        [
                            43,
                            514
                        ]
                    ],
                    true
                ],
                [
                    7,
                    8,
                    [
                        [
                            92,
                            431
                        ],
                        [
                            67,
                            473
                        ]
                    ],
                    true
                ],
                [
                    8,
                    9,
                    [
                        [
                            122,
                            378
                        ],
                        [
                            92,
                            431
                        ]
                    ],
                    true
                ],
                [
                    9,
                    10,
                    [
                        [
                            148,
                            333
                        ],
                        [
                            122,
                            378
                        ]
                    ],
                    true
                ],
                [
                    10,
                    11,
                    [
                        [
                            205.0,
                            290.0
                        ],
                        [
                            201.09,
                            290.46
                        ],
                        [
                            197.22,
                            291.22
                        ],
                        [
                            193.4,
                            292.27
                        ],
                        [
                            189.62,
                            293.62
                        ],
                        [
                            185.9,
                            295.27
                        ],
                        [
                            182.22,
                            297.22
                        ],
                        [
                            178.59,
                            299.46
                        ],
                        [
                            175.0,
                            302.0
                        ],
                        [
                            171.46,
                            304.84
                        ],
                        [
                            167.97,
                            307.97
                        ],
                        [
                            164.52,
                            311.4
                        ],
                        [
                            161.12,
                            315.12
                        ],
                        [
                            157.77,
                            319.15
                        ],
                        [
                            154.47,
                            323.47
                        ],
                        [
                            151.21,
                            328.09
                        ],
                        [
                            148.0,
                            333.0
                        ]
                    ],
                    true
                ],
                [
                    11,
                    12,
                    [
                        [
                            252,
                            296
                        ],
                        [
                            205,
                            290
                        ]
                    ],
                    true
                ],
                [
                    12,
                    13,
                    [
                        [
                            335.0,
                            302.0
                        ],
                        [
                            329.7,
                            302.09
                        ],
                        [
                            324.41,
                            302.12
                        ],
                        [
                            319.13,
                            302.09
                        ],
                        [
                            313.88,
                            302.0
                        ],
                        [
                            308.63,
                            301.84
                        ],
                        [
                            303.41,
                            301.62
                        ],
                        [
                            298.2,
                            301.34
                        ],
                        [
                            293.0,
                            301.0
                        ],
                        [
                            287.82,
                            300.59
                        ],
                        [
                            282.66,
                            300.12
                        ],
                        [
                            277.51,
                            299.59
                        ],
                        [
                            272.38,
                            299.0
                        ],
                        [
                            267.26,
                            298.34
                        ],
                        [
                            262.16,
                            297.62
                        ],
                        [
                            257.07,
                            296.84
                        ],
                        [
                            252.0,
                            296.0
                        ]
                    ],
                    true
                ],
                [
                    13,
                    14,
                    [
                        [
                            376.0,
                            278.0
                        ],
                        [
                            373.32,
                            280.44
                        ],
                        [
                            370.66,
                            282.75
                        ],
                        [
                            368.01,
                            284.94
                        ],
                        [
                            365.38,
                            287.0
                        ],
                        [
                            362.76,
                            288.94
                        ],
                        [
                            360.16,
                            290.75
                        ],
                        [
                            357.57,
                            292.44
                        ],
                        [
                            355.0,
                            294.0
                        ],
                        [
                            352.45,
                            295.44
                        ],
                        [
                            349.91,
                            296.75
                        ],
                        [
                            347.38,
                            297.94
                        ],
                        [
                            344.88,
                            299.0
                        ],
                        [
                            342.38,
                            299.94
                        ],
                        [
                            339.91,
                            300.75
                        ],
                        [
                            337.45,
                            301.44
                        ],
                        [
                            335.0,
                            302.0
                        ]
                    ],
                    true
                ],
                [
                    14,
                    15,
                    [
                        [
                            413,
                            246
                        ],
                        [
                            376,
                            278
                        ]
                    ],
                    true
                ],
                [
                    15,
                    16,
                    [
                        [
                            454,
                            212
                        ],
                        [
                            413,
                            246
                        ]
                    ],
                    true
                ]
            ],
            "stations": [
                {
                    "coord": [
                        234,
                        710
                    ],
                    "is_working": true,
                    "name": "Chinor",
                    "rect": [
                        227,
                        684,
                        35,
                        15
                    ],
                    "text_id": 0,
                    "uid": 0
                },
                {
                    "coord": [
                        197,
                        688
                    ],
                    "is_working": true,
                    "name": "Yangihayot",
                    "rect": [
                        198,
                        665,
                        57,
                        15
                    ],
                    "text_id": 1,
                    "uid": 1
                },
                {
                    "coord": [
                        157,
                        665
                    ],
                    "is_working": true,
                    "name": "Sergeli",
                    "rect": [
                        158,
                        642,
                        37,
                        15
                    ],
                    "text_id": 2,
                    "uid": 2
                },
                {
                    "coord": [
                        115,
                        641
                    ],
                    "is_working": true,
                    "name": "O'zgarish",
                    "rect": [
                        116,
                        618,
                        48,
                        15
                    ],
                    "text_id": 3,
                    "uid": 3
                },
                {
                    "coord": [
                        69,
                        614
                    ],
                    "is_working": true,
                    "name": "Choshtepa",
                    "rect": [
                        70,
                        591,
                        55,
                        15
                    ],
                    "text_id": 4,
                    "uid": 4
                },
                {
                    "coord": [
                        24,
                        567
                    ],
                    "is_working": true,
                    "name": "Olmazor",
                    "rect": [
                        32,
                        561,
                        43,
                        15
                    ],
                    "text_id": 5,
                    "uid": 5
                },
                {
                    "coord": [
                        43,
                        514
                    ],
                    "is_working": true,
                    "name": "Chilonzor",
                    "rect": [
                        51,
                        510,
                        49,
                        15
                    ],
                    "text_id": 6,
                    "uid": 6
                },
                {
                    "coord": [
                        67,
                        473
                    ],
                    "is_working": true,
                    "name": "Mirzo Ulug'bek",
                    "rect": [
                        75,
                        469,
                        45,
                        28
                    ],
                    "text_id": 7,
                    "uid": 7
                },
                {
                    "coord": [
                        92,
                        431
                    ],
                    "is_working": true,
                    "name": "Novza",
                    "rect": [
                        100,
                        426,
                        33,
                        15
                    ],
                    "text_id": 8,
                    "uid": 8
                },
                {
                    "coord": [
                        122,
                        378
                    ],
                    "is_working": true,
                    "name": "Milliy bog'",
                    "rect": [
                        130,
                        374,
                        31,
                        28
                    ],
                    "text_id": 9,
                    "uid": 9
                },
                {
                    "coord": [
                        148,
                        333
                    ],
                    "is_working": true,
                    "name": "Xalqlar do'stligi",
                    "rect": [
                        156,
                        329,
                        40,
                        28
                    ],
                    "text_id": 10,
                    "uid": 10
                },
                {
                    "coord": [
                        205,
                        290
                    ],
                    "is_working": true,
                    "name": "Paxtakor",
                    "rect": [
                        190,
                        301,
                        46,
                        15
                    ],
                    "text_id": 11,
                    "uid": 11
                },
                {
                    "coord": [
                        252,
                        296
                    ],
                    "is_working": true,
                    "name": "Mustaqillik Maydoni",
                    "rect": [
                        222,
                        261,
                        58,
                        28
                    ],
                    "text_id": 12,
                    "uid": 12
                },
                {
                    "coord": [
                        335,
                        302
                    ],
                    "is_working": true,
                    "name": "Amir Temur Xiyoboni",
                    "rect": [
                        342,
                        309,
                        79,
                        28
                    ],
                    "text_id": 13,
                    "uid": 13
                },
                {
                    "coord": [
                        376,
                        278
                    ],
                    "is_working": true,
                    "name": "Hamid Olimjon",
                    "rect": [
                        385,
                        276,
                        40,
                        28
                    ],
                    "text_id": 14,
                    "uid": 14
                },
                {
                    "coord": [
                        413,
                        246
                    ],
                    "is_working": true,
                    "name": "Pushkin",
                    "rect": [
                        422,
                        246,
                        42,
                        15
                    ],
                    "text_id": 15,
                    "uid": 15
                },
                {
                    "coord": [
                        454,
                        212
                    ],
                    "is_working": true,
                    "name": "Buyuk Ipak Yo'li",
                    "rect": [
                        463,
                        198,
                        47,
                        28
                    ],
                    "text_id": 16,
                    "uid": 16
                }
            ],
            "text_id": 6
        },
        {
            "labels_bg_color": "-1",
            "labels_color": "2D3C9B",
            "line_color": "2D3C9B",
            "line_width": 9,
            "name": "O'zbekiston",
            "segments": [
                [
                    17,
                    18,
                    [
                        [
                            54,
                            212
                        ],
                        [
                            19,
                            183
                        ]
                    ],
                    true
                ],
                [
                    18,
                    19,
                    [
                        [
                            90,
                            242
                        ],
                        [
                            54,
                            212
                        ]
                    ],
                    true
                ],
                [
                    19,
                    20,
                    [
                        [
                            157.0,
                            258.0
                        ],
                        [
                            154.29,
                            258.04
                        ],
                        [
                            151.53,
                            258.03
                        ],
                        [
                            148.72,
                            257.98
                        ],
                        [
                            145.88,
                            257.88
                        ],
                        [
                            143.0,
                            257.72
                        ],
                        [
                            140.07,
                            257.52
                        ],
                        [
                            137.09,
                            257.27
                        ],
                        [
                            134.0,
                            257.0
                        ],
                        [
                            130.74,
                            256.73
                        ],
                        [
                            127.39,
                            256.42
                        ],
                        [
                            124.04,
                            256.06
                        ],
                        [
                            120.69,
                            255.62
                        ],
                        [
                            117.38,
                            255.12
                        ],
                        [
                            114.14,
                            254.52
                        ],
                        [
                            110.99,
                            253.82
                        ],
                        [
                            108.0,
                            253.0
                        ],
                        [
                            105.26,
                            252.03
                        ],
                        [
                            102.71,
                            250.92
                        ],
                        [
                            100.29,
                            249.7
                        ],
                        [
                            98.0,
                            248.38
                        ],
                        [
                            95.82,
                            246.94
                        ],
                        [
                            93.75,
                            245.41
                        ],
                        [
                            91.81,
                            243.76
                        ],
                        [
                            90.0,
                            242.0
                        ]
                    ],
                    true
                ],
                [
                    20,
                    21,
                    [
                        [
                            193.0,
                            283.0
                        ],
                        [
                            191.22,
                            280.38
                        ],
                        [
                            189.38,
                            277.91
                        ],
                        [
                            187.47,
                            275.57
                        ],
                        [
                            185.5,
                            273.38
                        ],
                        [
                            183.47,
                            271.32
                        ],
                        [
                            181.38,
                            269.41
                        ],
                        [
                            179.22,
                            267.63
                        ],
                        [
                            177.0,
                            266.0
                        ],
                        [
                            174.72,
                            264.51
                        ],
                        [
                            172.38,
                            263.16
                        ],
                        [
                            169.97,
                            261.95
                        ],
                        [
                            167.5,
                            260.88
                        ],
                        [
                            164.97,
                            259.95
                        ],
                        [
                            162.38,
                            259.16
                        ],
                        [
                            159.72,
                            258.51
                        ],
                        [
                            157.0,
                            258.0
                        ]
                    ],
                    true
                ],
                [
                    21,
                    22,
                    [
                        [
                            213,
                            338
                        ],
                        [
                            193,
                            283
                        ]
                    ],
                    true
                ],
                [
                    22,
                    23,
                    [
                        [
                            243.0,
                            377.0
                        ],
                        [
                            239.95,
                            374.45
                        ],
                        [
                            237.06,
                            371.91
                        ],
                        [
                            234.33,
                            369.38
                        ],
                        [
                            231.75,
                            366.88
                        ],
                        [
                            229.33,
                            364.38
                        ],
                        [
                            227.06,
                            361.91
                        ],
                        [
                            224.95,
                            359.45
                        ],
                        [
                            223.0,
                            357.0
                        ],
                        [
                            221.2,
                            354.57
                        ],
                        [
                            219.56,
                            352.16
                        ],
                        [
                            218.08,
                            349.76
                        ],
                        [
                            216.75,
                            347.38
                        ],
                        [
                            215.58,
                            345.01
                        ],
                        [
                            214.56,
                            342.66
                        ],
                        [
                            213.7,
                            340.32
                        ],
                        [
                            213.0,
                            338.0
                        ]
                    ],
                    true
                ],
                [
                    23,
                    24,
                    [
                        [
                            279,
                            406
                        ],
                        [
                            243,
                            377
                        ]
                    ],
                    true
                ],
                [
                    24,
                    25,
                    [
                        [
                            333.0,
                            407.0
                        ],
                        [
                            329.62,
                            409.4
                        ],
                        [
                            326.25,
                            411.47
                        ],
                        [
                            322.88,
                            413.21
                        ],
                        [
                            319.5,
                            414.62
                        ],
                        [
                            316.12,
                            415.71
                        ],
                        [
                            312.75,
                            416.47
                        ],
                        [
                            309.38,
                            416.9
                        ],
                        [
                            306.0,
                            417.0
                        ],
                        [
                            302.62,
                            416.77
                        ],
                        [
                            299.25,
                            416.22
                        ],
                        [
                            295.88,
                            415.34
                        ],
                        [
                            292.5,
                            414.12
                        ],
                        [
                            289.12,
                            412.59
                        ],
                        [
                            285.75,
                            410.72
                        ],
                        [
                            282.38,
                            408.52
                        ],
                        [
                            279.0,
                            406.0
                        ]
                    ],
                    true
                ],
                [
                    25,
                    26,
                    [
                        [
                            388.0,
                            367.0
                        ],
                        [
                            385.38,
                            367.16
                        ],
                        [
                            382.66,
                            367.62
                        ],
                        [
                            379.82,
                            368.41
                        ],
                        [
                            376.88,
                            369.5
                        ],
                        [
                            373.82,
                            370.91
                        ],
                        [
                            370.66,
                            372.62
                        ],
                        [
                            367.38,
                            374.66
                        ],
                        [
                            364.0,
                            377.0
                        ],
                        [
                            360.51,
                            379.66
                        ],
                        [
                            356.91,
                            382.62
                        ],
                        [
                            353.2,
                            385.91
                        ],
                        [
                            349.38,
                            389.5
                        ],
                        [
                            345.45,
                            393.41
                        ],
                        [
                            341.41,
                            397.62
                        ],
                        [
                            337.26,
                            402.16
                        ],
                        [
                            333.0,
                            407.0
                        ]
                    ],
                    true
                ],
                [
                    26,
                    27,
                    [
                        [
                            427.0,
                            377.0
                        ],
                        [
                            423.98,
                            375.67
                        ],
                        [
                            421.03,
                            374.44
                        ],
                        [
                            418.16,
                            373.3
                        ],
                        [
                            415.38,
                            372.25
                        ],
                        [
                            412.66,
                            371.3
                        ],
                        [
                            410.03,
                            370.44
                        ],
                        [
                            407.48,
                            369.67
                        ],
                        [
                            405.0,
                            369.0
                        ],
                        [
                            402.6,
                            368.42
                        ],
                        [
                            400.28,
                            367.94
                        ],
                        [
                            398.04,
                            367.55
                        ],
                        [
                            395.88,
                            367.25
                        ],
                        [
                            393.79,
                            367.05
                        ],
                        [
                            391.78,
                            366.94
                        ],
                        [
                            389.85,
                            366.92
                        ],
                        [
                            388.0,
                            367.0
                        ]
                    ],
                    true
                ]
            ],
            "stations": [
                {
                    "coord": [
                        19,
                        183
                    ],
                    "is_working": true,
                    "name": "Beruniy",
                    "rect": [
                        27,
                        168,
                        41,
                        15
                    ],
                    "text_id": 17,
                    "uid": 17
                },
                {
                    "coord": [
                        54,
                        212
                    ],
                    "is_working": true,
                    "name": "Tinchlik",
                    "rect": [
                        62,
                        197,
                        41,
                        15
                    ],
                    "text_id": 18,
                    "uid": 18
                },
                {
                    "coord": [
                        90,
                        242
                    ],
                    "is_working": true,
                    "name": "Chorsu",
                    "rect": [
                        91,
                        220,
                        38,
                        15
                    ],
                    "text_id": 19,
                    "uid": 19
                },
                {
                    "coord": [
                        157,
                        258
                    ],
                    "is_working": true,
                    "name": "G'afur G'ulom",
                    "rect": [
                        141,
                        223,
                        36,
                        28
                    ],
                    "text_id": 20,
                    "uid": 20
                },
                {
                    "coord": [
                        193,
                        283
                    ],
                    "is_working": true,
                    "name": "Alisher Navoiy",
                    "rect": [
                        178,
                        245,
                        40,
                        28
                    ],
                    "text_id": 21,
                    "uid": 21
                },
                {
                    "coord": [
                        213,
                        338
                    ],
                    "is_working": true,
                    "name": "O'zbekiston",
                    "rect": [
                        220,
                        329,
                        59,
                        15
                    ],
                    "text_id": 22,
                    "uid": 22
                },
                {
                    "coord": [
                        243,
                        377
                    ],
                    "is_working": true,
                    "name": "Kosmonavtlar",
                    "rect": [
                        175,
                        384,
                        71,
                        15
                    ],
                    "text_id": 23,
                    "uid": 23
                },
                {
                    "coord": [
                        279,
                        406
                    ],
                    "is_working": true,
                    "name": "Oybek",
                    "rect": [
                        248,
                        417,
                        34,
                        15
                    ],
                    "text_id": 24,
                    "uid": 24
                },
                {
                    "coord": [
                        333,
                        407
                    ],
                    "is_working": true,
                    "name": "Toshkent",
                    "rect": [
                        341,
                        405,
                        47,
                        15
                    ],
                    "text_id": 25,
                    "uid": 25
                },
                {
                    "coord": [
                        388,
                        367
                    ],
                    "is_working": true,
                    "name": "Mashinasozlar",
                    "rect": [
                        355,
                        345,
                        74,
                        15
                    ],
                    "text_id": 26,
                    "uid": 26
                },
                {
                    "coord": [
                        427,
                        377
                    ],
                    "is_working": true,
                    "name": "Do'stlik",
                    "rect": [
                        393,
                        387,
                        39,
                        15
                    ],
                    "text_id": 27,
                    "uid": 27
                }
            ],
            "text_id": 22
        },
        {
            "labels_bg_color": "-1",
            "labels_color": "4B7D43",
            "line_color": "4B7D43",
            "line_width": 9,
            "name": "Yunusobod",
            "segments": [
                [
                    28,
                    29,
                    [
                        [
                            316.0,
                            292.0
                        ],
                        [
                            320.54,
                            296.79
                        ],
                        [
                            324.28,
                            301.78
                        ],
                        [
                            327.23,
                            306.98
                        ],
                        [
                            329.38,
                            312.38
                        ],
                        [
                            330.73,
                            317.98
                        ],
                        [
                            331.28,
                            323.78
                        ],
                        [
                            331.04,
                            329.79
                        ],
                        [
                            330.0,
                            336.0
                        ],
                        [
                            328.16,
                            342.41
                        ],
                        [
                            325.53,
                            349.03
                        ],
                        [
                            322.1,
                            355.85
                        ],
                        [
                            317.88,
                            362.88
                        ],
                        [
                            312.85,
                            370.1
                        ],
                        [
                            307.03,
                            377.53
                        ],
                        [
                            300.41,
                            385.16
                        ],
                        [
                            293.0,
                            393.0
                        ]
                    ],
                    true
                ],
                [
                    29,
                    30,
                    [
                        [
                            286,
                            255
                        ],
                        [
                            316,
                            292
                        ]
                    ],
                    true
                ],
                [
                    30,
                    31,
                    [
                        [
                            274.0,
                            212.0
                        ],
                        [
                            274.05,
                            215.51
                        ],
                        [
                            274.19,
                            218.91
                        ],
                        [
                            274.42,
                            222.2
                        ],
                        [
                            274.75,
                            225.38
                        ],
                        [
                            275.17,
                            228.45
                        ],
                        [
                            275.69,
                            231.41
                        ],
                        [
                            276.3,
                            234.26
                        ],
                        [
                            277.0,
                            237.0
                        ],
                        [
                            277.8,
                            239.63
                        ],
                        [
                            278.69,
                            242.16
                        ],
                        [
                            279.67,
                            244.57
                        ],
                        [
                            280.75,
                            246.88
                        ],
                        [
                            281.92,
                            249.07
                        ],
                        [
                            283.19,
                            251.16
                        ],
                        [
                            284.55,
                            253.13
                        ],
                        [
                            286.0,
                            255.0
                        ]
                    ],
                    true
                ],
                [
                    31,
                    32,
                    [
                        [
                            274,
                            164
                        ],
                        [
                            274,
                            212
                        ]
                    ],
                    true
                ],
                [
                    32,
                    33,
                    [
                        [
                            274,
                            111
                        ],
                        [
                            274,
                            164
                        ]
                    ],
                    true
                ],
                [
                    33,
                    34,
                    [
                        [
                            274,
                            64
                        ],
                        [
                            274,
                            111
                        ]
                    ],
                    true
                ],
                [
                    34,
                    35,
                    [
                        [
                            274,
                            13
                        ],
                        [
                            274,
                            64
                        ]
                    ],
                    true
                ]
            ],
            "stations": [
                {
                    "coord": [
                        293,
                        393
                    ],
                    "is_working": true,
                    "name": "Ming o'rik",
                    "rect": [
                        266,
                        354,
                        30,
                        28
                    ],
                    "text_id": 28,
                    "uid": 28
                },
                {
                    "coord": [
                        316,
                        292
                    ],
                    "is_working": true,
                    "name": "Yunus Rajabiy",
                    "rect": [
                        324,
                        259,
                        40,
                        28
                    ],
                    "text_id": 29,
                    "uid": 29
                },
                {
                    "coord": [
                        286,
                        255
                    ],
                    "is_working": true,
                    "name": "Abdulla Qodiriy",
                    "rect": [
                        295,
                        230,
                        42,
                        28
                    ],
                    "text_id": 30,
                    "uid": 30
                },
                {
                    "coord": [
                        274,
                        212
                    ],
                    "is_working": true,
                    "name": "Minor",
                    "rect": [
                        282,
                        205,
                        30,
                        15
                    ],
                    "text_id": 31,
                    "uid": 31
                },
                {
                    "coord": [
                        274,
                        164
                    ],
                    "is_working": true,
                    "name": "Bodomzor",
                    "rect": [
                        282,
                        157,
                        52,
                        15
                    ],
                    "text_id": 32,
                    "uid": 32
                },
                {
                    "coord": [
                        274,
                        111
                    ],
                    "is_working": true,
                    "name": "Shaxriston",
                    "rect": [
                        282,
                        104,
                        55,
                        15
                    ],
                    "text_id": 33,
                    "uid": 33
                },
                {
                    "coord": [
                        274,
                        64
                    ],
                    "is_working": true,
                    "name": "Yunusobod",
                    "rect": [
                        282,
                        57,
                        57,
                        15
                    ],
                    "text_id": 34,
                    "uid": 34
                },
                {
                    "coord": [
                        274,
                        13
                    ],
                    "is_working": true,
                    "name": "Turkiston",
                    "rect": [
                        282,
                        6,
                        48,
                        15
                    ],
                    "text_id": 35,
                    "uid": 35
                }
            ],
            "text_id": 34
        },
        {
            "labels_bg_color": "-1",
            "labels_color": "917b9a",
            "line_color": "917b9a",
            "line_width": 9,
            "name": "Mustaqilligining",
            "segments": [
                [
                    36,
                    37,
                    [
                        [
                            485,
                            400
                        ],
                        [
                            440,
                            381
                        ]
                    ],
                    true
                ],
                [
                    37,
                    38,
                    [
                        [
                            519.0,
                            426.0
                        ],
                        [
                            518.05,
                            424.14
                        ],
                        [
                            516.94,
                            422.31
                        ],
                        [
                            515.67,
                            420.52
                        ],
                        [
                            514.25,
                            418.75
                        ],
                        [
                            512.67,
                            417.02
                        ],
                        [
                            510.94,
                            415.31
                        ],
                        [
                            509.05,
                            413.64
                        ],
                        [
                            507.0,
                            412.0
                        ],
                        [
                            504.8,
                            410.39
                        ],
                        [
                            502.44,
                            408.81
                        ],
                        [
                            499.92,
                            407.27
                        ],
                        [
                            497.25,
                            405.75
                        ],
                        [
                            494.42,
                            404.27
                        ],
                        [
                            491.44,
                            402.81
                        ],
                        [
                            488.3,
                            401.39
                        ],
                        [
                            485.0,
                            400.0
                        ]
                    ],
                    true
                ],
                [
                    38,
                    39,
                    [
                        [
                            527.0,
                            465.0
                        ],
                        [
                            526.97,
                            461.74
                        ],
                        [
                            526.88,
                            458.59
                        ],
                        [
                            526.72,
                            455.55
                        ],
                        [
                            526.5,
                            452.62
                        ],
                        [
                            526.22,
                            449.8
                        ],
                        [
                            525.88,
                            447.09
                        ],
                        [
                            525.47,
                            444.49
                        ],
                        [
                            525.0,
                            442.0
                        ],
                        [
                            524.47,
                            439.62
                        ],
                        [
                            523.88,
                            437.34
                        ],
                        [
                            523.22,
                            435.18
                        ],
                        [
                            522.5,
                            433.12
                        ],
                        [
                            521.72,
                            431.18
                        ],
                        [
                            520.88,
                            429.34
                        ],
                        [
                            519.97,
                            427.62
                        ],
                        [
                            519.0,
                            426.0
                        ]
                    ],
                    true
                ],
                [
                    39,
                    40,
                    [
                        [
                            527,
                            506
                        ],
                        [
                            527,
                            465
                        ]
                    ],
                    true
                ],
                [
                    40,
                    41,
                    [
                        [
                            519.0,
                            566.0
                        ],
                        [
                            520.2,
                            565.06
                        ],
                        [
                            521.31,
                            563.75
                        ],
                        [
                            522.33,
                            562.06
                        ],
                        [
                            523.25,
                            560.0
                        ],
                        [
                            524.08,
                            557.56
                        ],
                        [
                            524.81,
                            554.75
                        ],
                        [
                            525.45,
                            551.56
                        ],
                        [
                            526.0,
                            548.0
                        ],
                        [
                            526.45,
                            544.06
                        ],
                        [
                            526.81,
                            539.75
                        ],
                        [
                            527.08,
                            535.06
                        ],
                        [
                            527.25,
                            530.0
                        ],
                        [
                            527.33,
                            524.56
                        ],
                        [
                            527.31,
                            518.75
                        ],
                        [
                            527.2,
                            512.56
                        ],
                        [
                            527.0,
                            506.0
                        ]
                    ],
                    true
                ],
                [
                    41,
                    42,
                    [
                        [
                            447.0,
                            605.0
                        ],
                        [
                            447.87,
                            605.66
                        ],
                        [
                            449.09,
                            606.03
                        ],
                        [
                            450.69,
                            606.09
                        ],
                        [
                            452.62,
                            605.88
                        ],
                        [
                            454.82,
                            605.41
                        ],
                        [
                            457.41,
                            604.64
                        ],
                        [
                            460.41,
                            603.53
                        ],
                        [
                            464.0,
                            602.0
                        ],
                        [
                            468.52,
                            599.85
                        ],
                        [
                            473.53,
                            597.33
                        ],
                        [
                            478.77,
                            594.59
                        ],
                        [
                            484.12,
                            591.69
                        ],
                        [
                            489.47,
                            588.7
                        ],
                        [
                            494.66,
                            585.7
                        ],
                        [
                            499.59,
                            582.75
                        ],
                        [
                            504.0,
                            580.0
                        ],
                        [
                            507.45,
                            577.69
                        ],
                        [
                            510.28,
                            575.64
                        ],
                        [
                            512.66,
                            573.75
                        ],
                        [
                            514.62,
                            572.0
                        ],
                        [
                            516.29,
                            570.32
                        ],
                        [
                            517.59,
                            568.75
                        ],
                        [
                            518.49,
                            567.31
                        ],
                        [
                            519.0,
                            566.0
                        ]
                    ],
                    true
                ],
                [
                    42,
                    43,
                    [
                        [
                            377.0,
                            584.0
                        ],
                        [
                            381.55,
                            584.01
                        ],
                        [
                            385.94,
                            584.16
                        ],
                        [
                            390.17,
                            584.45
                        ],
                        [
                            394.25,
                            584.88
                        ],
                        [
                            398.18,
                            585.41
                        ],
                        [
                            401.95,
                            586.09
                        ],
                        [
                            405.56,
                            586.93
                        ],
                        [
                            409.0,
                            588.0
                        ],
                        [
                            412.23,
                            589.42
                        ],
                        [
                            415.3,
                            591.04
                        ],
                        [
                            418.22,
                            592.74
                        ],
                        [
                            421.0,
                            594.5
                        ],
                        [
                            423.66,
                            596.26
                        ],
                        [
                            426.2,
                            597.96
                        ],
                        [
                            428.64,
                            599.58
                        ],
                        [
                            431.0,
                            601.0
                        ],
                        [
                            433.31,
                            602.07
                        ],
                        [
                            435.55,
                            602.91
                        ],
                        [
                            437.69,
                            603.59
                        ],
                        [
                            439.75,
                            604.12
                        ],
                        [
                            441.7,
                            604.55
                        ],
                        [
                            443.56,
                            604.84
                        ],
                        [
                            445.33,
                            604.99
                        ],
                        [
                            447.0,
                            605.0
                        ]
                    ],
                    true
                ],
                [
                    43,
                    44,
                    [
                        [
                            344,
                            587
                        ],
                        [
                            377,
                            584
                        ]
                    ],
                    true
                ],
                [
                    44,
                    45,
                    [
                        [
                            311,
                            590
                        ],
                        [
                            344,
                            587
                        ]
                    ],
                    true
                ],
                [
                    45,
                    46,
                    [
                        [
                            274.0,
                            629.0
                        ],
                        [
                            273.76,
                            625.88
                        ],
                        [
                            273.66,
                            622.91
                        ],
                        [
                            273.69,
                            620.07
                        ],
                        [
                            273.88,
                            617.38
                        ],
                        [
                            274.2,
                            614.81
                        ],
                        [
                            274.67,
                            612.39
                        ],
                        [
                            275.28,
                            610.12
                        ],
                        [
                            276.0,
                            608.0
                        ],
                        [
                            276.82,
                            606.06
                        ],
                        [
                            277.77,
                            604.26
                        ],
                        [
                            278.87,
                            602.6
                        ],
                        [
                            280.12,
                            601.06
                        ],
                        [
                            281.56,
                            599.64
                        ],
                        [
                            283.17,
                            598.33
                        ],
                        [
                            284.98,
                            597.12
                        ],
                        [
                            287.0,
                            596.0
                        ],
                        [
                            289.27,
                            594.94
                        ],
                        [
                            291.77,
                            593.95
                        ],
                        [
                            294.47,
                            593.05
                        ],
                        [
                            297.38,
                            592.25
                        ],
                        [
                            300.48,
                            591.55
                        ],
                        [
                            303.78,
                            590.94
                        ],
                        [
                            307.29,
                            590.42
                        ],
                        [
                            311.0,
                            590.0
                        ]
                    ],
                    true
                ],
                [
                    46,
                    47,
                    [
                        [
                            274,
                            661
                        ],
                        [
                            274,
                            629
                        ]
                    ],
                    true
                ],
                [
                    47,
                    48,
                    [
                        [
                            274,
                            696
                        ],
                        [
                            274,
                            661
                        ]
                    ],
                    false
                ],
                [
                    48,
                    49,
                    [
                        [
                            251.0,
                            713.0
                        ],
                        [
                            253.96,
                            713.7
                        ],
                        [
                            256.72,
                            714.16
                        ],
                        [
                            259.27,
                            714.38
                        ],
                        [
                            261.62,
                            714.38
                        ],
                        [
                            263.77,
                            714.13
                        ],
                        [
                            265.72,
                            713.66
                        ],
                        [
                            267.46,
                            712.95
                        ],
                        [
                            269.0,
                            712.0
                        ],
                        [
                            270.34,
                            710.82
                        ],
                        [
                            271.47,
                            709.41
                        ],
                        [
                            272.4,
                            707.76
                        ],
                        [
                            273.12,
                            705.88
                        ],
                        [
                            273.65,
                            703.76
                        ],
                        [
                            273.97,
                            701.41
                        ],
                        [
                            274.09,
                            698.82
                        ],
                        [
                            274.0,
                            696.0
                        ]
                    ],
                    false
                ]
            ],
            "stations": [
                {
                    "coord": [
                        440,
                        381
                    ],
                    "is_working": true,
                    "name": "Texnopark",
                    "rect": [
                        451,
                        366,
                        54,
                        15
                    ],
                    "text_id": 36,
                    "uid": 36
                },
                {
                    "coord": [
                        485,
                        400
                    ],
                    "is_working": true,
                    "name": "Yashnobod",
                    "rect": [
                        420,
                        402,
                        57,
                        15
                    ],
                    "text_id": 37,
                    "uid": 37
                },
                {
                    "coord": [
                        519,
                        426
                    ],
                    "is_working": true,
                    "name": "Tuzel",
                    "rect": [
                        482,
                        423,
                        28,
                        15
                    ],
                    "text_id": 38,
                    "uid": 38
                },
                {
                    "coord": [
                        527,
                        465
                    ],
                    "is_working": true,
                    "name": "Olmos",
                    "rect": [
                        485,
                        458,
                        34,
                        15
                    ],
                    "text_id": 39,
                    "uid": 39
                },
                {
                    "coord": [
                        527,
                        506
                    ],
                    "is_working": true,
                    "name": "Rohat",
                    "rect": [
                        488,
                        500,
                        31,
                        15
                    ],
                    "text_id": 40,
                    "uid": 40
                },
                {
                    "coord": [
                        519,
                        566
                    ],
                    "is_working": true,
                    "name": "Yangiobod",
                    "rect": [
                        457,
                        553,
                        54,
                        15
                    ],
                    "text_id": 41,
                    "uid": 41
                },
                {
                    "coord": [
                        447,
                        605
                    ],
                    "is_working": true,
                    "name": "Qo'yliq",
                    "rect": [
                        431,
                        613,
                        36,
                        15
                    ],
                    "text_id": 42,
                    "uid": 42
                },
                {
                    "coord": [
                        377,
                        584
                    ],
                    "is_working": true,
                    "name": "Matonat",
                    "rect": [
                        360,
                        592,
                        41,
                        15
                    ],
                    "text_id": 43,
                    "uid": 43
                },
                {
                    "coord": [
                        344,
                        587
                    ],
                    "is_working": true,
                    "name": "Qiyot",
                    "rect": [
                        327,
                        564,
                        28,
                        15
                    ],
                    "text_id": 44,
                    "uid": 44
                },
                {
                    "coord": [
                        311,
                        590
                    ],
                    "is_working": true,
                    "name": "Tolariq",
                    "rect": [
                        302,
                        598,
                        36,
                        15
                    ],
                    "text_id": 45,
                    "uid": 45
                },
                {
                    "coord": [
                        274,
                        629
                    ],
                    "is_working": true,
                    "name": "Xonobod",
                    "rect": [
                        282,
                        622,
                        45,
                        15
                    ],
                    "text_id": 46,
                    "uid": 46
                },
                {
                    "coord": [
                        274,
                        661
                    ],
                    "is_working": true,
                    "name": "Quruvchilar",
                    "rect": [
                        282,
                        654,
                        60,
                        15
                    ],
                    "text_id": 47,
                    "uid": 47
                },
                {
                    "coord": [
                        274,
                        696
                    ],
                    "is_working": false,
                    "name": "Turon",
                    "rect": [
                        282,
                        689,
                        30,
                        15
                    ],
                    "text_id": 48,
                    "uid": 48
                },
                {
                    "coord": [
                        251,
                        713
                    ],
                    "is_working": false,
                    "name": "Qipchoq",
                    "rect": [
                        262,
                        713,
                        43,
                        15
                    ],
                    "text_id": 49,
                    "uid": 49
                }
            ],
            "text_id": 50
        }
    ],
    "lines_width": 9,
    "name": "metro",
    "name_text_id": 51,
    "stations_diameter": 13.0,
    "transfers": [
        [
            11,
            21,
            [
                205,
                290
            ],
            [
                193,
                283
            ]
        ],
        [
            24,
            28,
            [
                279,
                406
            ],
            [
                293,
                393
            ]
        ],
        [
            29,
            13,
            [
                316,
                292
            ],
            [
                335,
                302
            ]
        ],
        [
            27,
            36,
            [
                427,
                377
            ],
            [
                440,
                381
            ]
        ],
        [
            49,
            0,
            [
                251,
                713
            ],
            [
                234,
                710
            ]
        ]
    ],
    "transports": [
        "metro"
    ],
    "type_name": "ROOT",
    "type_text_id": 52,
    "upper_case": false,
    "width": 677,
    "word_wrap": false
}