{
    "default_transports": [
        "metro"
    ],
    "height": 659,
    "images": [
        "res/schemes/tashkent.svg"
    ],
    "is_vector": true,
    "lines": [
        {
            "labels_bg_color": "-1",
            "labels_color": "F52D35",
            "line_color": "F52D35",
            "line_width": 9,
            "name": "Chilonzor",
            "segments": [
                [
                    0,
                    1,
                    [
                        [
                            25,
                            486
                        ],
                        [
                            25,
                            509
                        ]
                    ],
                    false
                ],
                [
                    1,
                    2,
                    [
                        [
                            25,
                            464
                        ],
                        [
                            25,
                            486
                        ]
                    ],
                    true
                ],
                [
                    2,
                    3,
                    [
                        [
                            25,
                            438
                        ],
                        [
                            25,
                            464
                        ]
                    ],
                    true
                ],
                [
                    3,
                    4,
                    [
                        [
                            25,
                            412
                        ],
                        [
                            25,
                            438
                        ]
                    ],
                    true
                ],
                [
                    4,
                    5,
                    [
                        [
                            25,
                            385
                        ],
                        [
                            25,
                            412
                        ]
                    ],
                    true
                ],
                [
                    5,
                    6,
                    [
                        [
                            25,
                            357
                        ],
                        [
                            25,
                            385
                        ]
                    ],
                    true
                ],
                [
                    6,
                    7,
                    [
                        [
                            47,
                            335
                        ],
                        [
                            25,
                            357
                        ]
                    ],
                    true
                ],
                [
                    7,
                    8,
                    [
                        [
                            66,
                            316
                        ],
                        [
                            47,
                            335
                        ]
                    ],
                    true
                ],
                [
                    8,
                    9,
                    [
                        [
                            88,
                            294
                        ],
                        [
                            66,
                            316
                        ]
                    ],
                    true
                ],
                [
                    9,
                    10,
                    [
                        [
                            112,
                            270
                        ],
                        [
                            88,
                            294
                        ]
                    ],
                    true
                ],
                [
                    10,
                    11,
                    [
                        [
                            132,
                            250
                        ],
                        [
                            112,
                            270
                        ]
                    ],
                    true
                ],
                [
                    11,
                    12,
                    [
                        [
                            160,
                            235
                        ],
                        [
                            147.0,
                            235.0
                        ],
                        [
                            132,
                            250
                        ]
                    ],
                    true
                ],
                [
                    12,
                    13,
                    [
                        [
                            220,
                            235
                        ],
                        [
                            160,
                            235
                        ]
                    ],
                    true
                ],
                [
                    13,
                    14,
                    [
                        [
                            302,
                            235
                        ],
                        [
                            220,
                            235
                        ]
                    ],
                    true
                ],
                [
                    14,
                    15,
                    [
                        [
                            365,
                            221
                        ],
                        [
                            316.0,
                            221.0
                        ],
                        [
                            302,
                            235
                        ]
                    ],
                    true
                ],
                [
                    15,
                    16,
                    [
                        [
                            429,
                            221
                        ],
                        [
                            365,
                            221
                        ]
                    ],
                    true
                ],
                [
                    16,
                    17,
                    [
                        [
                            484,
                            207
                        ],
                        [
                            443.0,
                            207.0
                        ],
                        [
                            429,
                            221
                        ]
                    ],
                    true
                ]
            ],
            "stations": [
                {
                    "coord": [
                        25,
                        509
                    ],
                    "is_working": false,
                    "name": "Chinor",
                    "rect": [
                        34,
                        502,
                        35,
                        15
                    ],
                    "text_id": 0,
                    "uid": 0
                },
                {
                    "coord": [
                        25,
                        486
                    ],
                    "is_working": true,
                    "name": "Kipchok",
                    "rect": [
                        34,
                        479,
                        43,
                        15
                    ],
                    "text_id": 1,
                    "uid": 1
                },
                {
                    "coord": [
                        25,
                        464
                    ],
                    "is_working": true,
                    "name": "Afrosiyob",
                    "rect": [
                        34,
                        457,
                        50,
                        15
                    ],
                    "text_id": 2,
                    "uid": 2
                },
                {
                    "coord": [
                        25,
                        438
                    ],
                    "is_working": true,
                    "name": "Sirg'ali",
                    "rect": [
                        34,
                        431,
                        36,
                        15
                    ],
                    "text_id": 3,
                    "uid": 3
                },
                {
                    "coord": [
                        25,
                        412
                    ],
                    "is_working": true,
                    "name": "Toshkent Xalqa Yo'li",
                    "rect": [
                        34,
                        405,
                        102,
                        15
                    ],
                    "text_id": 4,
                    "uid": 4
                },
                {
                    "coord": [
                        25,
                        385
                    ],
                    "is_working": true,
                    "name": "Choshtepa",
                    "rect": [
                        34,
                        377,
                        55,
                        15
                    ],
                    "text_id": 5,
                    "uid": 5
                },
                {
                    "coord": [
                        25,
                        357
                    ],
                    "is_working": true,
                    "name": "Olmazor",
                    "rect": [
                        33,
                        355,
                        43,
                        15
                    ],
                    "text_id": 6,
                    "uid": 6
                },
                {
                    "coord": [
                        47,
                        335
                    ],
                    "is_working": true,
                    "name": "Chilonzor",
                    "rect": [
                        55,
                        333,
                        49,
                        15
                    ],
                    "text_id": 7,
                    "uid": 7
                },
                {
                    "coord": [
                        66,
                        316
                    ],
                    "is_working": true,
                    "name": "Mirzo Ulug'bek",
                    "rect": [
                        74,
                        314,
                        75,
                        15
                    ],
                    "text_id": 8,
                    "uid": 8
                },
                {
                    "coord": [
                        88,
                        294
                    ],
                    "is_working": true,
                    "name": "Novza",
                    "rect": [
                        47,
                        281,
                        33,
                        15
                    ],
                    "text_id": 9,
                    "uid": 9
                },
                {
                    "coord": [
                        112,
                        270
                    ],
                    "is_working": true,
                    "name": "Milliy Bog'",
                    "rect": [
                        50,
                        257,
                        54,
                        15
                    ],
                    "text_id": 10,
                    "uid": 10
                },
                {
                    "coord": [
                        132,
                        250
                    ],
                    "is_working": true,
                    "name": "Bunyodkor",
                    "rect": [
                        68,
                        237,
                        56,
                        15
                    ],
                    "text_id": 11,
                    "uid": 11
                },
                {
                    "coord": [
                        160,
                        235
                    ],
                    "is_working": true,
                    "name": "Paxtakor",
                    "rect": [
                        94,
                        221,
                        46,
                        15
                    ],
                    "text_id": 12,
                    "uid": 12
                },
                {
                    "coord": [
                        220,
                        235
                    ],
                    "is_working": true,
                    "name": "Mustaqillik Maydoni",
                    "rect": [
                        170,
                        212,
                        101,
                        15
                    ],
                    "text_id": 13,
                    "uid": 13
                },
                {
                    "coord": [
                        302,
                        235
                    ],
                    "is_working": true,
                    "name": "Amir Temur Xiyoboni",
                    "rect": [
                        313,
                        231,
                        106,
                        15
                    ],
                    "text_id": 14,
                    "uid": 14
                },
                {
                    "coord": [
                        365,
                        221
                    ],
                    "is_working": true,
                    "name": "Hamid Olimjon",
                    "rect": [
                        331,
                        199,
                        75,
                        15
                    ],
                    "text_id": 15,
                    "uid": 15
                },
                {
                    "coord": [
                        429,
                        221
                    ],
                    "is_working": true,
                    "name": "Pushkin",
                    "rect": [
                        438,
                        218,
                        42,
                        15
                    ],
                    "text_id": 16,
                    "uid": 16
                },
                {
                    "coord": [
                        484,
                        207
                    ],
                    "is_working": true,
                    "name": "Buyuk Ipak Yo'li",
                    "rect": [
                        438,
                        185,
                        82,
                        15
                    ],
                    "text_id": 17,
                    "uid": 17
                }
            ],
            "text_id": 7
        },
        {
            "labels_bg_color": "-1",
            "labels_color": "2D3C9B",
            "line_color": "2D3C9B",
            "line_width": 9,
            "name": "O'zbekiston",
            "segments": [
                [
                    18,
                    19,
                    [
                        [
                            74,
                            164
                        ],
                        [
                            38,
                            128
                        ]
                    ],
                    true
                ],
                [
                    19,
                    20,
                    [
                        [
                            120,
                            178
                        ],
                        [
                            88.0,
                            178.0
                        ],
                        [
                            74,
                            164
                        ]
                    ],
                    true
                ],
                [
                    20,
                    21,
                    [
                        [
                            160,
                            178
                        ],
                        [
                            120,
                            178
                        ]
                    ],
                    true
                ],
                [
                    21,
                    22,
                    [
                        [
                            160,
                            219
                        ],
                        [
                            160,
                            178
                        ]
                    ],
                    true
                ],
                [
                    22,
                    23,
                    [
                        [
                            195,
                            267
                        ],
                        [
                            160.0,
                            247.0
                        ],
                        [
                            160,
                            219
                        ]
                    ],
                    true
                ],
                [
                    23,
                    24,
                    [
                        [
                            229,
                            287
                        ],
                        [
                            195,
                            267
                        ]
                    ],
                    true
                ],
                [
                    24,
                    25,
                    [
                        [
                            276,
                            314
                        ],
                        [
                            229,
                            287
                        ]
                    ],
                    true
                ],
                [
                    25,
                    26,
                    [
                        [
                            297,
                            327
                        ],
                        [
                            276,
                            314
                        ]
                    ],
                    true
                ],
                [
                    26,
                    27,
                    [
                        [
                            323,
                            301
                        ],
                        [
                            297,
                            327
                        ]
                    ],
                    true
                ],
                [
                    27,
                    28,
                    [
                        [
                            401,
                            274
                        ],
                        [
                            350.0,
                            274.0
                        ],
                        [
                            323,
                            301
                        ]
                    ],
                    true
                ]
            ],
            "stations": [
                {
                    "coord": [
                        38,
                        128
                    ],
                    "is_working": true,
                    "name": "Beruniy",
                    "rect": [
                        46,
                        114,
                        41,
                        15
                    ],
                    "text_id": 18,
                    "uid": 18
                },
                {
                    "coord": [
                        74,
                        164
                    ],
                    "is_working": true,
                    "name": "Tinchlik",
                    "rect": [
                        78,
                        143,
                        41,
                        15
                    ],
                    "text_id": 19,
                    "uid": 19
                },
                {
                    "coord": [
                        120,
                        178
                    ],
                    "is_working": true,
                    "name": "Chorsu",
                    "rect": [
                        121,
                        156,
                        38,
                        15
                    ],
                    "text_id": 20,
                    "uid": 20
                },
                {
                    "coord": [
                        160,
                        178
                    ],
                    "is_working": true,
                    "name": "G'afur G'ulom",
                    "rect": [
                        169,
                        171,
                        68,
                        15
                    ],
                    "text_id": 21,
                    "uid": 21
                },
                {
                    "coord": [
                        160,
                        219
                    ],
                    "is_working": true,
                    "name": "Alisher Navoiy",
                    "rect": [
                        72,
                        206,
                        76,
                        15
                    ],
                    "text_id": 22,
                    "uid": 22
                },
                {
                    "coord": [
                        195,
                        267
                    ],
                    "is_working": true,
                    "name": "O'zbekiston",
                    "rect": [
                        128,
                        268,
                        59,
                        15
                    ],
                    "text_id": 23,
                    "uid": 23
                },
                {
                    "coord": [
                        229,
                        287
                    ],
                    "is_working": true,
                    "name": "Kosmonavtlar",
                    "rect": [
                        150,
                        288,
                        71,
                        15
                    ],
                    "text_id": 24,
                    "uid": 24
                },
                {
                    "coord": [
                        276,
                        314
                    ],
                    "is_working": true,
                    "name": "Oybek",
                    "rect": [
                        230,
                        314,
                        34,
                        15
                    ],
                    "text_id": 25,
                    "uid": 25
                },
                {
                    "coord": [
                        297,
                        327
                    ],
                    "is_working": true,
                    "name": "Toshkent",
                    "rect": [
                        278,
                        334,
                        47,
                        15
                    ],
                    "text_id": 26,
                    "uid": 26
                },
                {
                    "coord": [
                        323,
                        301
                    ],
                    "is_working": true,
                    "name": "Mashinasozlar",
                    "rect": [
                        331,
                        299,
                        74,
                        15
                    ],
                    "text_id": 27,
                    "uid": 27
                },
                {
                    "coord": [
                        401,
                        274
                    ],
                    "is_working": true,
                    "name": "Do'stlik",
                    "rect": [
                        377,
                        284,
                        39,
                        15
                    ],
                    "text_id": 28,
                    "uid": 28
                }
            ],
            "text_id": 23
        },
        {
            "labels_bg_color": "-1",
            "labels_color": "4B7D43",
            "line_color": "4B7D43",
            "line_width": 9,
            "name": "Yunusobod",
            "segments": [
                [
                    29,
                    30,
                    [
                        [
                            302,
                            249
                        ],
                        [
                            302.0,
                            288.0
                        ],
                        [
                            286,
                            304
                        ]
                    ],
                    true
                ],
                [
                    30,
                    31,
                    [
                        [
                            302,
                            190
                        ],
                        [
                            302,
                            249
                        ]
                    ],
                    true
                ],
                [
                    31,
                    32,
                    [
                        [
                            302,
                            159
                        ],
                        [
                            302,
                            190
                        ]
                    ],
                    true
                ],
                [
                    32,
                    33,
                    [
                        [
                            302,
                            131
                        ],
                        [
                            302,
                            159
                        ]
                    ],
                    true
                ],
                [
                    33,
                    34,
                    [
                        [
                            302,
                            103
                        ],
                        [
                            302,
                            131
                        ]
                    ],
                    true
                ],
                [
                    34,
                    35,
                    [
                        [
                            302,
                            74
                        ],
                        [
                            302,
                            103
                        ]
                    ],
                    true
                ],
                [
                    35,
                    36,
                    [
                        [
                            302,
                            46
                        ],
                        [
                            302,
                            74
                        ]
                    ],
                    true
                ]
            ],
            "stations": [
                {
                    "coord": [
                        286,
                        304
                    ],
                    "is_working": true,
                    "name": "Ming O'rik",
                    "rect": [
                        242,
                        278,
                        52,
                        15
                    ],
                    "text_id": 29,
                    "uid": 29
                },
                {
                    "coord": [
                        302,
                        249
                    ],
                    "is_working": true,
                    "name": "Yunus Rajabiy",
                    "rect": [
                        313,
                        245,
                        74,
                        15
                    ],
                    "text_id": 30,
                    "uid": 30
                },
                {
                    "coord": [
                        302,
                        190
                    ],
                    "is_working": true,
                    "name": "Abdulla Qodiriy",
                    "rect": [
                        311,
                        179,
                        79,
                        15
                    ],
                    "text_id": 31,
                    "uid": 31
                },
                {
                    "coord": [
                        302,
                        159
                    ],
                    "is_working": true,
                    "name": "Minor",
                    "rect": [
                        311,
                        152,
                        30,
                        15
                    ],
                    "text_id": 32,
                    "uid": 32
                },
                {
                    "coord": [
                        302,
                        131
                    ],
                    "is_working": true,
                    "name": "Bodomzor",
                    "rect": [
                        311,
                        123,
                        52,
                        15
                    ],
                    "text_id": 33,
                    "uid": 33
                },
                {
                    "coord": [
                        302,
                        103
                    ],
                    "is_working": true,
                    "name": "Shahriston",
                    "rect": [
                        311,
                        95,
                        55,
                        15
                    ],
                    "text_id": 34,
                    "uid": 34
                },
                {
                    "coord": [
                        302,
                        74
                    ],
                    "is_working": true,
                    "name": "Yunus-Obod",
                    "rect": [
                        311,
                        67,
                        82,
                        15
                    ],
                    "text_id": 35,
                    "uid": 35
                },
                {
                    "coord": [
                        302,
                        46
                    ],
                    "is_working": true,
                    "name": "Turkiston",
                    "rect": [
                        311,
                        38,
                        62,
                        15
                    ],
                    "text_id": 36,
                    "uid": 36
                }
            ],
            "text_id": 37
        },
        {
            "labels_bg_color": "-1",
            "labels_color": "917b9a",
            "line_color": "917b9a",
            "line_width": 9,
            "name": "Mustaqilligining",
            "segments": [
                [
                    37,
                    38,
                    [
                        [
                            453,
                            274
                        ],
                        [
                            416,
                            274
                        ]
                    ],
                    true
                ],
                [
                    38,
                    39,
                    [
                        [
                            479,
                            300
                        ],
                        [
                            453,
                            274
                        ]
                    ],
                    true
                ],
                [
                    39,
                    40,
                    [
                        [
                            479,
                            332
                        ],
                        [
                            479,
                            300
                        ]
                    ],
                    true
                ],
                [
                    40,
                    41,
                    [
                        [
                            479,
                            364
                        ],
                        [
                            479,
                            332
                        ]
                    ],
                    true
                ],
                [
                    41,
                    42,
                    [
                        [
                            454,
                            389
                        ],
                        [
                            479,
                            364
                        ]
                    ],
                    true
                ],
                [
                    42,
                    43,
                    [
                        [
                            431,
                            412
                        ],
                        [
                            454,
                            389
                        ]
                    ],
                    true
                ]
            ],
            "stations": [
                {
                    "coord": [
                        416,
                        274
                    ],
                    "is_working": true,
                    "name": "Do'stlik-2",
                    "rect": [
                        411,
                        248,
                        48,
                        15
                    ],
                    "text_id": 38,
                    "uid": 37
                },
                {
                    "coord": [
                        453,
                        274
                    ],
                    "is_working": true,
                    "name": "Ohongaron",
                    "rect": [
                        462,
                        261,
                        56,
                        15
                    ],
                    "text_id": 39,
                    "uid": 38
                },
                {
                    "coord": [
                        479,
                        300
                    ],
                    "is_working": true,
                    "name": "Tuzel",
                    "rect": [
                        488,
                        293,
                        28,
                        15
                    ],
                    "text_id": 40,
                    "uid": 39
                },
                {
                    "coord": [
                        479,
                        332
                    ],
                    "is_working": true,
                    "name": "Iltifot",
                    "rect": [
                        488,
                        325,
                        26,
                        15
                    ],
                    "text_id": 41,
                    "uid": 40
                },
                {
                    "coord": [
                        479,
                        364
                    ],
                    "is_working": true,
                    "name": "Rohat",
                    "rect": [
                        488,
                        357,
                        31,
                        15
                    ],
                    "text_id": 42,
                    "uid": 41
                },
                {
                    "coord": [
                        454,
                        389
                    ],
                    "is_working": true,
                    "name": "Yangiobod",
                    "rect": [
                        463,
                        387,
                        54,
                        15
                    ],
                    "text_id": 43,
                    "uid": 42
                },
                {
                    "coord": [
                        431,
                        412
                    ],
                    "is_working": true,
                    "name": "Qo'yliq",
                    "rect": [
                        440,
                        410,
                        36,
                        15
                    ],
                    "text_id": 44,
                    "uid": 43
                }
            ],
            "text_id": 45
        }
    ],
    "lines_width": 9,
    "name": "metro",
    "name_text_id": 46,
    "stations_diameter": 13.0,
    "transfers": [
        [
            12,
            22,
            [
                160,
                235
            ],
            [
                160,
                219
            ]
        ],
        [
            25,
            29,
            [
                276,
                314
            ],
            [
                286,
                304
            ]
        ],
        [
            30,
            14,
            [
                302,
                249
            ],
            [
                302,
                235
            ]
        ],
        [
            28,
            37,
            [
                401,
                274
            ],
            [
                416,
                274
            ]
        ]
    ],
    "transports": [
        "metro"
    ],
    "type_name": "ROOT",
    "type_text_id": 47,
    "upper_case": false,
    "width": 634,
    "word_wrap": false
}