{
    "default_transports": [
        "metro"
    ],
    "height": 490,
    "images": [
        "res/schemes/yunusobodline.svg"
    ],
    "is_vector": true,
    "lines": [
        {
            "labels_bg_color": "-1",
            "labels_color": "000000",
            "line_color": "F52D35",
            "line_width": 9,
            "name": "Chilonzor",
            "segments": [],
            "stations": [
                {
                    "coord": null,
                    "is_working": true,
                    "name": "Chinor",
                    "rect": null,
                    "text_id": 0,
                    "uid": 0
                },
                {
                    "coord": null,
                    "is_working": true,
                    "name": "Yangihayot",
                    "rect": null,
                    "text_id": 1,
                    "uid": 1
                },
                {
                    "coord": null,
                    "is_working": true,
                    "name": "Sergeli",
                    "rect": null,
                    "text_id": 2,
                    "uid": 2
                },
                {
                    "coord": null,
                    "is_working": true,
                    "name": "O'zgarish",
                    "rect": null,
                    "text_id": 3,
                    "uid": 3
                },
                {
                    "coord": null,
                    "is_working": true,
                    "name": "Choshtepa",
                    "rect": null,
                    "text_id": 4,
                    "uid": 4
                },
                {
                    "coord": null,
                    "is_working": true,
                    "name": "Olmazor",
                    "rect": null,
                    "text_id": 5,
                    "uid": 5
                },
                {
                    "coord": null,
                    "is_working": true,
                    "name": "Chilonzor",
                    "rect": null,
                    "text_id": 6,
                    "uid": 6
                },
                {
                    "coord": null,
                    "is_working": true,
                    "name": "Mirzo Ulug'bek",
                    "rect": null,
                    "text_id": 7,
                    "uid": 7
                },
                {
                    "coord": null,
                    "is_working": true,
                    "name": "Novza",
                    "rect": null,
                    "text_id": 8,
                    "uid": 8
                },
                {
                    "coord": null,
                    "is_working": true,
                    "name": "Milliy bog'",
                    "rect": null,
                    "text_id": 9,
                    "uid": 9
                },
                {
                    "coord": null,
                    "is_working": true,
                    "name": "Xalqlar do'stligi",
                    "rect": null,
                    "text_id": 10,
                    "uid": 10
                },
                {
                    "coord": null,
                    "is_working": true,
                    "name": "Paxtakor",
                    "rect": null,
                    "text_id": 11,
                    "uid": 11
                },
                {
                    "coord": null,
                    "is_working": true,
                    "name": "Mustaqillik Maydoni",
                    "rect": null,
                    "text_id": 12,
                    "uid": 12
                },
                {
                    "coord": [
                        181,
                        300
                    ],
                    "is_working": true,
                    "name": "Amir Temur Xiyoboni",
                    "rect": [
                        70,
                        290,
                        100,
                        20
                    ],
                    "text_id": 13,
                    "uid": 13
                },
                {
                    "coord": null,
                    "is_working": true,
                    "name": "Hamid Olimjon",
                    "rect": null,
                    "text_id": 14,
                    "uid": 14
                },
                {
                    "coord": null,
                    "is_working": true,
                    "name": "Pushkin",
                    "rect": null,
                    "text_id": 15,
                    "uid": 15
                },
                {
                    "coord": null,
                    "is_working": true,
                    "name": "Buyuk Ipak Yo'li",
                    "rect": null,
                    "text_id": 16,
                    "uid": 16
                }
            ],
            "text_id": 6
        },
        {
            "labels_bg_color": "-1",
            "labels_color": "000000",
            "line_color": "2D3C9B",
            "line_width": 9,
            "name": "O'zbekiston",
            "segments": [],
            "stations": [
                {
                    "coord": null,
                    "is_working": true,
                    "name": "Beruniy",
                    "rect": null,
                    "text_id": 17,
                    "uid": 17
                },
                {
                    "coord": null,
                    "is_working": true,
                    "name": "Tinchlik",
                    "rect": null,
                    "text_id": 18,
                    "uid": 18
                },
                {
                    "coord": null,
                    "is_working": true,
                    "name": "Chorsu",
                    "rect": null,
                    "text_id": 19,
                    "uid": 19
                },
                {
                    "coord": null,
                    "is_working": true,
                    "name": "G'afur G'ulom",
                    "rect": null,
                    "text_id": 20,
                    "uid": 20
                },
                {
                    "coord": null,
                    "is_working": true,
                    "name": "Alisher Navoiy",
                    "rect": null,
                    "text_id": 21,
                    "uid": 21
                },
                {
                    "coord": null,
                    "is_working": true,
                    "name": "O'zbekiston",
                    "rect": null,
                    "text_id": 22,
                    "uid": 22
                },
                {
                    "coord": null,
                    "is_working": true,
                    "name": "Kosmonavtlar",
                    "rect": null,
                    "text_id": 23,
                    "uid": 23
                },
                {
                    "coord": [
                        181,
                        340
                    ],
                    "is_working": true,
                    "name": "Oybek",
                    "rect": [
                        70,
                        330,
                        100,
                        20
                    ],
                    "text_id": 24,
                    "uid": 24
                },
                {
                    "coord": null,
                    "is_working": true,
                    "name": "Toshkent",
                    "rect": null,
                    "text_id": 25,
                    "uid": 25
                },
                {
                    "coord": null,
                    "is_working": true,
                    "name": "Mashinasozlar",
                    "rect": null,
                    "text_id": 26,
                    "uid": 26
                },
                {
                    "coord": null,
                    "is_working": true,
                    "name": "Do'stlik",
                    "rect": null,
                    "text_id": 27,
                    "uid": 27
                }
            ],
            "text_id": 22
        },
        {
            "labels_bg_color": "-1",
            "labels_color": "000000",
            "line_color": "4B7D43",
            "line_width": 9,
            "name": "Yunusobod",
            "segments": [
                [
                    28,
                    29,
                    [
                        [
                            200,
                            300
                        ],
                        [
                            200,
                            340
                        ]
                    ],
                    true
                ],
                [
                    29,
                    30,
                    [
                        [
                            200,
                            260
                        ],
                        [
                            200,
                            300
                        ]
                    ],
                    true
                ],
                [
                    30,
                    31,
                    [
                        [
                            200,
                            220
                        ],
                        [
                            200,
                            260
                        ]
                    ],
                    true
                ],
                [
                    31,
                    32,
                    [
                        [
                            200,
                            180
                        ],
                        [
                            200,
                            220
                        ]
                    ],
                    true
                ],
                [
                    32,
                    33,
                    [
                        [
                            200,
                            140
                        ],
                        [
                            200,
                            180
                        ]
                    ],
                    true
                ],
                [
                    33,
                    34,
                    [
                        [
                            200,
                            100
                        ],
                        [
                            200,
                            140
                        ]
                    ],
                    true
                ],
                [
                    34,
                    35,
                    [
                        [
                            200,
                            60
                        ],
                        [
                            200,
                            100
                        ]
                    ],
                    true
                ]
            ],
            "stations": [
                {
                    "coord": [
                        200,
                        340
                    ],
                    "is_working": true,
                    "name": "Ming o'rik",
                    "rect": [
                        215,
                        330,
                        100,
                        20
                    ],
                    "text_id": 28,
                    "uid": 28
                },
                {
                    "coord": [
                        200,
                        300
                    ],
                    "is_working": true,
                    "name": "Yunus Rajabiy",
                    "rect": [
                        215,
                        290,
                        100,
                        20
                    ],
                    "text_id": 29,
                    "uid": 29
                },
                {
                    "coord": [
                        200,
                        260
                    ],
                    "is_working": true,
                    "name": "Abdulla Qodiriy",
                    "rect": [
                        215,
                        250,
                        100,
                        20
                    ],
                    "text_id": 30,
                    "uid": 30
                },
                {
                    "coord": [
                        200,
                        220
                    ],
                    "is_working": true,
                    "name": "Minor",
                    "rect": [
                        215,
                        210,
                        100,
                        20
                    ],
                    "text_id": 31,
                    "uid": 31
                },
                {
                    "coord": [
                        200,
                        180
                    ],
                    "is_working": true,
                    "name": "Bodomzor",
                    "rect": [
                        215,
                        170,
                        100,
                        20
                    ],
                    "text_id": 32,
                    "uid": 32
                },
                {
                    "coord": [
                        200,
                        140
                    ],
                    "is_working": true,
                    "name": "Shaxriston",
                    "rect": [
                        215,
                        130,
                        100,
                        20
                    ],
                    "text_id": 33,
                    "uid": 33
                },
                {
                    "coord": [
                        200,
                        100
                    ],
                    "is_working": true,
                    "name": "Yunusobod",
                    "rect": [
                        215,
                        90,
                        100,
                        20
                    ],
                    "text_id": 34,
                    "uid": 34
                },
                {
                    "coord": [
                        200,
                        60
                    ],
                    "is_working": true,
                    "name": "Turkiston",
                    "rect": [
                        215,
                        50,
                        100,
                        20
                    ],
                    "text_id": 35,
                    "uid": 35
                }
            ],
            "text_id": 34
        }
    ],
    "lines_width": 9,
    "name": "yunusobod",
    "name_text_id": 34,
    "stations_diameter": 16.0,
    "transfers": [
        [
            11,
            21,
            null,
            null
        ],
        [
            24,
            28,
            [
                181,
                340
            ],
            [
                200,
                340
            ]
        ],
        [
            29,
            13,
            [
                200,
                300
            ],
            [
                181,
                300
            ]
        ]
    ],
    "transports": [
        "metro"
    ],
    "type_name": "Метро",
    "type_text_id": 53,
    "upper_case": true,
    "width": 350,
    "word_wrap": true
}