{
    "lines": [
        {
            "delays": [],
            "name": "1",
            "scheme": null,
            "segments": [
                [
                    0,
                    1,
                    120
                ],
                [
                    1,
                    0,
                    120
                ],
                [
                    1,
                    2,
                    120
                ],
                [
                    2,
                    1,
                    120
                ],
                [
                    2,
                    3,
                    120
                ],
                [
                    3,
                    2,
                    120
                ],
                [
                    3,
                    4,
                    120
                ],
                [
                    4,
                    3,
                    120
                ],
                [
                    4,
                    5,
                    120
                ],
                [
                    5,
                    4,
                    120
                ],
                [
                    5,
                    6,
                    120
                ],
                [
                    6,
                    5,
                    120
                ],
                [
                    6,
                    7,
                    120
                ],
                [
                    7,
                    6,
                    120
                ],
                [
                    7,
                    8,
                    120
                ],
                [
                    8,
                    7,
                    120
                ],
                [
                    8,
                    10,
                    120
                ],
                [
                    9,
                    7,
                    120
                ],
                [
                    9,
                    10,
                    120
                ],
                [
                    10,
                    9,
                    120
                ],
                [
                    10,
                    9,
                    120
                ],
                [
                    10,
                    11,
                    120
                ],
                [
                    11,
                    10,
                    120
                ],
                [
                    11,
                    12,
                    120
                ],
                [
                    12,
                    11,
                    120
                ],
                [
                    12,
                    13,
                    120
                ],
                [
                    13,
                    12,
                    120
                ],
                [
                    13,
                    14,
                    120
                ],
                [
                    14,
                    13,
                    120
                ],
                [
                    14,
                    15,
                    120
                ],
                [
                    15,
                    14,
                    120
                ],
                [
                    15,
                    16,
                    120
                ],
                [
                    16,
                    15,
                    120
                ]
            ],
            "stations": [
                [
                    0,
                    "UH-Downtown",
                    0
                ],
                [
                    1,
                    "Preston",
                    1
                ],
                [
                    2,
                    "Main Street Square",
                    2
                ],
                [
                    3,
                    "Bell",
                    3
                ],
                [
                    4,
                    "Downtown Transit Center",
                    4
                ],
                [
                    5,
                    "McGowen",
                    5
                ],
                [
                    6,
                    "Ensemle/HCC",
                    6
                ],
                [
                    7,
                    "Wheeler",
                    7
                ],
                [
                    8,
                    "Museum District 1",
                    8
                ],
                [
                    9,
                    "Museum District 2",
                    9
                ],
                [
                    10,
                    "Hermann Park/Rice U",
                    10
                ],
                [
                    11,
                    "Memorial Hermann Hospital/Houston Zoo",
                    11
                ],
                [
                    12,
                    "Dryden/TMC",
                    12
                ],
                [
                    13,
                    "TMC Transit Center",
                    13
                ],
                [
                    14,
                    "Smith Lands",
                    14
                ],
                [
                    15,
                    "Reliant Park",
                    15
                ],
                [
                    16,
                    "Fannin South",
                    16
                ]
            ],
            "text_id": 17
        }
    ],
    "name": "metro",
    "transfers": [],
    "type_name": "Метро"
}