{
    "default_transports": [
        "metro"
    ],
    "height": 680,
    "images": [
        "res/schemes/1.svg"
    ],
    "is_vector": true,
    "lines": [
        {
            "labels_bg_color": "-1",
            "labels_color": "000000",
            "line_color": "E41c0c",
            "line_width": 9,
            "name": "Metropolitana Collinare",
            "segments": [
                [
                    0,
                    1,
                    [
                        [
                            286,
                            48
                        ],
                        [
                            338,
                            46
                        ]
                    ],
                    false
                ],
                [
                    0,
                    26,
                    [
                        [
                            399,
                            56
                        ],
                        [
                            338,
                            46
                        ]
                    ],
                    false
                ],
                [
                    1,
                    2,
                    [
                        [
                            247,
                            57
                        ],
                        [
                            286,
                            48
                        ]
                    ],
                    false
                ],
                [
                    2,
                    3,
                    [
                        [
                            206,
                            74
                        ],
                        [
                            247,
                            57
                        ]
                    ],
                    false
                ],
                [
                    3,
                    4,
                    [
                        [
                            158,
                            104
                        ],
                        [
                            206,
                            74
                        ]
                    ],
                    false
                ],
                [
                    4,
                    5,
                    [
                        [
                            119,
                            143
                        ],
                        [
                            158,
                            104
                        ]
                    ],
                    false
                ],
                [
                    5,
                    6,
                    [
                        [
                            90,
                            187
                        ],
                        [
                            119,
                            143
                        ]
                    ],
                    false
                ],
                [
                    6,
                    7,
                    [
                        [
                            72,
                            235
                        ],
                        [
                            90,
                            187
                        ]
                    ],
                    false
                ],
                [
                    7,
                    8,
                    [
                        [
                            66,
                            288
                        ],
                        [
                            72,
                            235
                        ]
                    ],
                    false
                ],
                [
                    8,
                    9,
                    [
                        [
                            71,
                            337
                        ],
                        [
                            66,
                            288
                        ]
                    ],
                    true
                ],
                [
                    9,
                    10,
                    [
                        [
                            86,
                            382
                        ],
                        [
                            71,
                            337
                        ]
                    ],
                    true
                ],
                [
                    10,
                    11,
                    [
                        [
                            110,
                            422
                        ],
                        [
                            86,
                            382
                        ]
                    ],
                    true
                ],
                [
                    11,
                    12,
                    [
                        [
                            143,
                            459
                        ],
                        [
                            110,
                            422
                        ]
                    ],
                    true
                ],
                [
                    12,
                    13,
                    [
                        [
                            193,
                            495
                        ],
                        [
                            143,
                            459
                        ]
                    ],
                    true
                ],
                [
                    13,
                    14,
                    [
                        [
                            249,
                            519
                        ],
                        [
                            193,
                            495
                        ]
                    ],
                    true
                ],
                [
                    14,
                    15,
                    [
                        [
                            325,
                            530
                        ],
                        [
                            249,
                            519
                        ]
                    ],
                    true
                ],
                [
                    15,
                    16,
                    [
                        [
                            399,
                            521
                        ],
                        [
                            325,
                            530
                        ]
                    ],
                    true
                ],
                [
                    16,
                    17,
                    [
                        [
                            466,
                            494
                        ],
                        [
                            399,
                            521
                        ]
                    ],
                    true
                ],
                [
                    17,
                    18,
                    [
                        [
                            521,
                            452
                        ],
                        [
                            466,
                            494
                        ]
                    ],
                    true
                ],
                [
                    18,
                    19,
                    [
                        [
                            560,
                            401
                        ],
                        [
                            521,
                            452
                        ]
                    ],
                    true
                ],
                [
                    19,
                    20,
                    [
                        [
                            585,
                            342
                        ],
                        [
                            560,
                            401
                        ]
                    ],
                    true
                ],
                [
                    20,
                    21,
                    [
                        [
                            591,
                            291
                        ],
                        [
                            585,
                            342
                        ]
                    ],
                    true
                ],
                [
                    21,
                    22,
                    [
                        [
                            584,
                            234
                        ],
                        [
                            591,
                            291
                        ]
                    ],
                    true
                ],
                [
                    22,
                    23,
                    [
                        [
                            561,
                            177
                        ],
                        [
                            584,
                            234
                        ]
                    ],
                    true
                ],
                [
                    23,
                    24,
                    [
                        [
                            522,
                            125
                        ],
                        [
                            561,
                            177
                        ]
                    ],
                    true
                ],
                [
                    24,
                    25,
                    [
                        [
                            470,
                            84
                        ],
                        [
                            522,
                            125
                        ]
                    ],
                    false
                ],
                [
                    25,
                    26,
                    [
                        [
                            399,
                            56
                        ],
                        [
                            470,
                            84
                        ]
                    ],
                    false
                ]
            ],
            "stations": [
                {
                    "coord": [
                        338,
                        46
                    ],
                    "is_working": false,
                    "name": "Centro Direzionale",
                    "rect": [
                        300,
                        58,
                        74,
                        28
                    ],
                    "text_id": 0,
                    "uid": 0
                },
                {
                    "coord": [
                        286,
                        48
                    ],
                    "is_working": false,
                    "name": "Tribunale",
                    "rect": [
                        254,
                        23,
                        64,
                        15
                    ],
                    "text_id": 1,
                    "uid": 1
                },
                {
                    "coord": [
                        247,
                        57
                    ],
                    "is_working": false,
                    "name": "Poggioreale",
                    "rect": [
                        157,
                        38,
                        80,
                        15
                    ],
                    "text_id": 2,
                    "uid": 2
                },
                {
                    "coord": [
                        206,
                        74
                    ],
                    "is_working": false,
                    "name": "Capodichino",
                    "rect": [
                        208,
                        84,
                        79,
                        15
                    ],
                    "text_id": 3,
                    "uid": 3
                },
                {
                    "coord": [
                        158,
                        104
                    ],
                    "is_working": false,
                    "name": "Di Vittorio",
                    "rect": [
                        168,
                        103,
                        51,
                        28
                    ],
                    "text_id": 4,
                    "uid": 4
                },
                {
                    "coord": [
                        119,
                        143
                    ],
                    "is_working": false,
                    "name": "Secondigliano",
                    "rect": [
                        129,
                        145,
                        92,
                        15
                    ],
                    "text_id": 5,
                    "uid": 5
                },
                {
                    "coord": [
                        90,
                        187
                    ],
                    "is_working": false,
                    "name": "Regina Margherita",
                    "rect": [
                        13,
                        147,
                        75,
                        28
                    ],
                    "text_id": 6,
                    "uid": 6
                },
                {
                    "coord": [
                        72,
                        235
                    ],
                    "is_working": false,
                    "name": "Miano",
                    "rect": [
                        84,
                        228,
                        38,
                        15
                    ],
                    "text_id": 7,
                    "uid": 7
                },
                {
                    "coord": [
                        66,
                        288
                    ],
                    "is_working": true,
                    "name": "Piscinola",
                    "rect": [
                        78,
                        281,
                        60,
                        15
                    ],
                    "text_id": 8,
                    "uid": 8
                },
                {
                    "coord": [
                        71,
                        337
                    ],
                    "is_working": true,
                    "name": "Chiaiano",
                    "rect": [
                        82,
                        326,
                        56,
                        15
                    ],
                    "text_id": 9,
                    "uid": 9
                },
                {
                    "coord": [
                        86,
                        382
                    ],
                    "is_working": true,
                    "name": "Frullone",
                    "rect": [
                        97,
                        371,
                        59,
                        15
                    ],
                    "text_id": 10,
                    "uid": 10
                },
                {
                    "coord": [
                        110,
                        422
                    ],
                    "is_working": true,
                    "name": "Colli Aminei",
                    "rect": [
                        59,
                        419,
                        40,
                        28
                    ],
                    "text_id": 11,
                    "uid": 11
                },
                {
                    "coord": [
                        143,
                        459
                    ],
                    "is_working": true,
                    "name": "Policlinico",
                    "rect": [
                        68,
                        467,
                        70,
                        15
                    ],
                    "text_id": 12,
                    "uid": 12
                },
                {
                    "coord": [
                        193,
                        495
                    ],
                    "is_working": true,
                    "name": "Rione Alto",
                    "rect": [
                        202,
                        460,
                        38,
                        28
                    ],
                    "text_id": 13,
                    "uid": 13
                },
                {
                    "coord": [
                        249,
                        519
                    ],
                    "is_working": true,
                    "name": "Montedonzelli",
                    "rect": [
                        181,
                        530,
                        92,
                        15
                    ],
                    "text_id": 14,
                    "uid": 14
                },
                {
                    "coord": [
                        325,
                        530
                    ],
                    "is_working": true,
                    "name": "Medaglie d'Oro",
                    "rect": [
                        302,
                        492,
                        60,
                        28
                    ],
                    "text_id": 15,
                    "uid": 15
                },
                {
                    "coord": [
                        399,
                        521
                    ],
                    "is_working": true,
                    "name": "Vanvitelli",
                    "rect": [
                        398,
                        470,
                        63,
                        15
                    ],
                    "text_id": 16,
                    "uid": 16
                },
                {
                    "coord": [
                        466,
                        494
                    ],
                    "is_working": true,
                    "name": "Quattro Giornate",
                    "rect": [
                        389,
                        531,
                        58,
                        28
                    ],
                    "text_id": 17,
                    "uid": 17
                },
                {
                    "coord": [
                        521,
                        452
                    ],
                    "is_working": true,
                    "name": "Salvator Rosa",
                    "rect": [
                        449,
                        424,
                        62,
                        28
                    ],
                    "text_id": 18,
                    "uid": 18
                },
                {
                    "coord": [
                        560,
                        401
                    ],
                    "is_working": true,
                    "name": "Materdei",
                    "rect": [
                        492,
                        383,
                        58,
                        15
                    ],
                    "text_id": 19,
                    "uid": 19
                },
                {
                    "coord": [
                        585,
                        342
                    ],
                    "is_working": true,
                    "name": "Museo",
                    "rect": [
                        528,
                        331,
                        41,
                        15
                    ],
                    "text_id": 20,
                    "uid": 20
                },
                {
                    "coord": [
                        591,
                        291
                    ],
                    "is_working": true,
                    "name": "Dante",
                    "rect": [
                        602,
                        273,
                        39,
                        15
                    ],
                    "text_id": 21,
                    "uid": 21
                },
                {
                    "coord": [
                        584,
                        234
                    ],
                    "is_working": true,
                    "name": "Toledo",
                    "rect": [
                        594,
                        217,
                        45,
                        15
                    ],
                    "text_id": 22,
                    "uid": 22
                },
                {
                    "coord": [
                        561,
                        177
                    ],
                    "is_working": true,
                    "name": "Municipio",
                    "rect": [
                        571,
                        159,
                        59,
                        15
                    ],
                    "text_id": 23,
                    "uid": 23
                },
                {
                    "coord": [
                        522,
                        125
                    ],
                    "is_working": true,
                    "name": "Universita",
                    "rect": [
                        533,
                        105,
                        67,
                        15
                    ],
                    "text_id": 24,
                    "uid": 24
                },
                {
                    "coord": [
                        470,
                        84
                    ],
                    "is_working": false,
                    "name": "Duomo",
                    "rect": [
                        477,
                        62,
                        43,
                        15
                    ],
                    "text_id": 25,
                    "uid": 25
                },
                {
                    "coord": [
                        399,
                        56
                    ],
                    "is_working": false,
                    "name": "Garibaldi",
                    "rect": [
                        402,
                        28,
                        62,
                        15
                    ],
                    "text_id": 26,
                    "uid": 26
                }
            ],
            "text_id": 27
        },
        {
            "labels_bg_color": "-1",
            "labels_color": "000000",
            "line_color": "34349C",
            "line_width": 9,
            "name": "Metropolitana F. S.",
            "segments": [
                [
                    35,
                    36,
                    [
                        [
                            398,
                            68
                        ],
                        [
                            604,
                            342
                        ]
                    ],
                    true
                ]
            ],
            "stations": [
                {
                    "coord": null,
                    "is_working": true,
                    "name": "Pozzuoli",
                    "rect": null,
                    "text_id": 28,
                    "uid": 27
                },
                {
                    "coord": null,
                    "is_working": true,
                    "name": "Bagnoli",
                    "rect": null,
                    "text_id": 29,
                    "uid": 28
                },
                {
                    "coord": null,
                    "is_working": true,
                    "name": "Cavalleggeri d'Aosta",
                    "rect": null,
                    "text_id": 30,
                    "uid": 29
                },
                {
                    "coord": null,
                    "is_working": true,
                    "name": "Campi Flegrei",
                    "rect": null,
                    "text_id": 31,
                    "uid": 30
                },
                {
                    "coord": null,
                    "is_working": true,
                    "name": "Leopardi",
                    "rect": null,
                    "text_id": 32,
                    "uid": 31
                },
                {
                    "coord": null,
                    "is_working": true,
                    "name": "Mergellina",
                    "rect": null,
                    "text_id": 33,
                    "uid": 32
                },
                {
                    "coord": null,
                    "is_working": true,
                    "name": "Piazza Amedeo",
                    "rect": null,
                    "text_id": 34,
                    "uid": 33
                },
                {
                    "coord": null,
                    "is_working": true,
                    "name": "Montesanto",
                    "rect": null,
                    "text_id": 35,
                    "uid": 34
                },
                {
                    "coord": [
                        604,
                        342
                    ],
                    "is_working": true,
                    "name": "Piazza Cavour",
                    "rect": [
                        618,
                        330,
                        49,
                        28
                    ],
                    "text_id": 36,
                    "uid": 35
                },
                {
                    "coord": [
                        398,
                        68
                    ],
                    "is_working": true,
                    "name": "Garibaldi",
                    "rect": [
                        343,
                        86,
                        62,
                        15
                    ],
                    "text_id": 26,
                    "uid": 36
                },
                {
                    "coord": null,
                    "is_working": true,
                    "name": "Gianturco",
                    "rect": null,
                    "text_id": 37,
                    "uid": 37
                },
                {
                    "coord": null,
                    "is_working": false,
                    "name": "Ferraris",
                    "rect": null,
                    "text_id": 38,
                    "uid": 38
                },
                {
                    "coord": null,
                    "is_working": false,
                    "name": "Vigliena",
                    "rect": null,
                    "text_id": 39,
                    "uid": 39
                },
                {
                    "coord": null,
                    "is_working": false,
                    "name": "San Giovanni",
                    "rect": null,
                    "text_id": 40,
                    "uid": 40
                }
            ],
            "text_id": 41
        },
        {
            "labels_bg_color": "-1",
            "labels_color": "000000",
            "line_color": "00CEF7",
            "line_width": 9,
            "name": "Linea 6",
            "segments": [],
            "stations": [
                {
                    "coord": null,
                    "is_working": true,
                    "name": "Campi Flegrei",
                    "rect": null,
                    "text_id": 31,
                    "uid": 41
                },
                {
                    "coord": null,
                    "is_working": true,
                    "name": "Augusto",
                    "rect": null,
                    "text_id": 42,
                    "uid": 42
                },
                {
                    "coord": null,
                    "is_working": true,
                    "name": "Lala",
                    "rect": null,
                    "text_id": 43,
                    "uid": 43
                },
                {
                    "coord": null,
                    "is_working": true,
                    "name": "Mergellina",
                    "rect": null,
                    "text_id": 33,
                    "uid": 44
                },
                {
                    "coord": null,
                    "is_working": false,
                    "name": "Acco Mirelli",
                    "rect": null,
                    "text_id": 44,
                    "uid": 45
                },
                {
                    "coord": null,
                    "is_working": false,
                    "name": "San Pasquale",
                    "rect": null,
                    "text_id": 45,
                    "uid": 46
                },
                {
                    "coord": null,
                    "is_working": false,
                    "name": "Martiri",
                    "rect": null,
                    "text_id": 46,
                    "uid": 47
                },
                {
                    "coord": null,
                    "is_working": false,
                    "name": "Toledo",
                    "rect": null,
                    "text_id": 22,
                    "uid": 48
                },
                {
                    "coord": null,
                    "is_working": false,
                    "name": "Municipio",
                    "rect": null,
                    "text_id": 23,
                    "uid": 49
                }
            ],
            "text_id": 47
        }
    ],
    "lines_width": 9,
    "name": "1",
    "name_text_id": 27,
    "stations_diameter": 16.0,
    "transfers": [
        [
            35,
            20,
            [
                604,
                342
            ],
            [
                585,
                342
            ]
        ],
        [
            36,
            26,
            [
                398,
                68
            ],
            [
                399,
                56
            ]
        ],
        [
            32,
            44,
            null,
            null
        ],
        [
            41,
            30,
            null,
            null
        ],
        [
            23,
            49,
            [
                561,
                177
            ],
            null
        ]
    ],
    "transports": [
        "metro"
    ],
    "type_name": "Метро",
    "type_text_id": 50,
    "upper_case": true,
    "width": 754,
    "word_wrap": true
}