{
    "default_transports": [
        "metro"
    ],
    "height": 820,
    "images": [
        "res/schemes/napoli.svg"
    ],
    "is_vector": true,
    "lines": [
        {
            "labels_bg_color": "-1",
            "labels_color": "E41c0c",
            "line_color": "E41c0c",
            "line_width": 9,
            "name": "Metropolitana Collinare",
            "segments": [
                [
                    0,
                    1,
                    [
                        [
                            697,
                            322
                        ],
                        [
                            687,
                            360
                        ]
                    ],
                    false
                ],
                [
                    0,
                    26,
                    [
                        [
                            665,
                            410
                        ],
                        [
                            687,
                            360
                        ]
                    ],
                    false
                ],
                [
                    1,
                    2,
                    [
                        [
                            700,
                            282
                        ],
                        [
                            697,
                            322
                        ]
                    ],
                    false
                ],
                [
                    2,
                    3,
                    [
                        [
                            694,
                            242
                        ],
                        [
                            700,
                            282
                        ]
                    ],
                    false
                ],
                [
                    3,
                    4,
                    [
                        [
                            615,
                            178
                        ],
                        [
                            694,
                            242
                        ]
                    ],
                    false
                ],
                [
                    4,
                    5,
                    [
                        [
                            496,
                            116
                        ],
                        [
                            615,
                            178
                        ]
                    ],
                    false
                ],
                [
                    5,
                    6,
                    [
                        [
                            417,
                            88
                        ],
                        [
                            496,
                            116
                        ]
                    ],
                    false
                ],
                [
                    6,
                    7,
                    [
                        [
                            333,
                            69
                        ],
                        [
                            417,
                            88
                        ]
                    ],
                    false
                ],
                [
                    7,
                    8,
                    [
                        [
                            249,
                            60
                        ],
                        [
                            333,
                            69
                        ]
                    ],
                    false
                ],
                [
                    8,
                    9,
                    [
                        [
                            188.0,
                            84.0
                        ],
                        [
                            188.3,
                            81.04
                        ],
                        [
                            188.84,
                            78.28
                        ],
                        [
                            189.62,
                            75.73
                        ],
                        [
                            190.62,
                            73.38
                        ],
                        [
                            191.84,
                            71.21
                        ],
                        [
                            193.3,
                            69.25
                        ],
                        [
                            195.01,
                            67.5
                        ],
                        [
                            197.0,
                            66.0
                        ],
                        [
                            199.36,
                            64.81
                        ],
                        [
                            201.98,
                            63.85
                        ],
                        [
                            204.81,
                            63.06
                        ],
                        [
                            207.81,
                            62.44
                        ],
                        [
                            210.97,
                            61.94
                        ],
                        [
                            214.24,
                            61.56
                        ],
                        [
                            217.6,
                            61.26
                        ],
                        [
                            221.0,
                            61.0
                        ],
                        [
                            224.33,
                            60.7
                        ],
                        [
                            227.67,
                            60.41
                        ],
                        [
                            231.06,
                            60.18
                        ],
                        [
                            234.5,
                            60.0
                        ],
                        [
                            238.03,
                            59.9
                        ],
                        [
                            241.62,
                            59.88
                        ],
                        [
                            245.28,
                            59.91
                        ],
                        [
                            249.0,
                            60.0
                        ]
                    ],
                    true
                ],
                [
                    9,
                    10,
                    [
                        [
                            188,
                            140
                        ],
                        [
                            188,
                            84
                        ]
                    ],
                    true
                ],
                [
                    10,
                    11,
                    [
                        [
                            181,
                            184
                        ],
                        [
                            188,
                            140
                        ]
                    ],
                    true
                ],
                [
                    11,
                    12,
                    [
                        [
                            154,
                            225
                        ],
                        [
                            181,
                            184
                        ]
                    ],
                    true
                ],
                [
                    12,
                    13,
                    [
                        [
                            154,
                            305
                        ],
                        [
                            154,
                            225
                        ]
                    ],
                    true
                ],
                [
                    13,
                    14,
                    [
                        [
                            234.0,
                            347.0
                        ],
                        [
                            228.09,
                            347.35
                        ],
                        [
                            222.38,
                            347.53
                        ],
                        [
                            216.84,
                            347.54
                        ],
                        [
                            211.5,
                            347.38
                        ],
                        [
                            206.37,
                            347.03
                        ],
                        [
                            201.41,
                            346.52
                        ],
                        [
                            196.64,
                            345.84
                        ],
                        [
                            192.0,
                            345.0
                        ],
                        [
                            187.43,
                            344.02
                        ],
                        [
                            183.02,
                            342.89
                        ],
                        [
                            178.83,
                            341.57
                        ],
                        [
                            174.88,
                            340.06
                        ],
                        [
                            171.18,
                            338.36
                        ],
                        [
                            167.79,
                            336.46
                        ],
                        [
                            164.71,
                            334.34
                        ],
                        [
                            162.0,
                            332.0
                        ],
                        [
                            159.75,
                            329.4
                        ],
                        [
                            157.9,
                            326.57
                        ],
                        [
                            156.4,
                            323.52
                        ],
                        [
                            155.25,
                            320.25
                        ],
                        [
                            154.42,
                            316.76
                        ],
                        [
                            153.94,
                            313.06
                        ],
                        [
                            153.8,
                            309.14
                        ],
                        [
                            154.0,
                            305.0
                        ]
                    ],
                    true
                ],
                [
                    14,
                    15,
                    [
                        [
                            284.0,
                            408.0
                        ],
                        [
                            284.45,
                            401.62
                        ],
                        [
                            284.66,
                            395.59
                        ],
                        [
                            284.63,
                            389.93
                        ],
                        [
                            284.38,
                            384.62
                        ],
                        [
                            283.89,
                            379.66
                        ],
                        [
                            283.17,
                            375.07
                        ],
                        [
                            282.21,
                            370.84
                        ],
                        [
                            281.0,
                            367.0
                        ],
                        [
                            279.51,
                            363.6
                        ],
                        [
                            277.77,
                            360.59
                        ],
                        [
                            275.8,
                            357.91
                        ],
                        [
                            273.62,
                            355.56
                        ],
                        [
                            271.24,
                            353.52
                        ],
                        [
                            268.67,
                            351.75
                        ],
                        [
                            265.92,
                            350.26
                        ],
                        [
                            263.0,
                            349.0
                        ],
                        [
                            259.96,
                            347.91
                        ],
                        [
                            256.77,
                            347.03
                        ],
                        [
                            253.41,
                            346.39
                        ],
                        [
                            249.88,
                            346.0
                        ],
                        [
                            246.17,
                            345.87
                        ],
                        [
                            242.28,
                            346.0
                        ],
                        [
                            238.23,
                            346.38
                        ],
                        [
                            234.0,
                            347.0
                        ]
                    ],
                    true
                ],
                [
                    15,
                    16,
                    [
                        [
                            284,
                            532
                        ],
                        [
                            284,
                            408
                        ]
                    ],
                    true
                ],
                [
                    16,
                    17,
                    [
                        [
                            200.0,
                            532.0
                        ],
                        [
                            200.26,
                            535.44
                        ],
                        [
                            200.66,
                            538.75
                        ],
                        [
                            201.2,
                            541.94
                        ],
                        [
                            201.88,
                            545.0
                        ],
                        [
                            202.7,
                            547.94
                        ],
                        [
                            203.66,
                            550.75
                        ],
                        [
                            204.76,
                            553.43
                        ],
                        [
                            206.0,
                            556.0
                        ],
                        [
                            207.38,
                            558.45
                        ],
                        [
                            208.91,
                            560.79
                        ],
                        [
                            210.57,
                            562.99
                        ],
                        [
                            212.38,
                            565.06
                        ],
                        [
                            214.3,
                            566.99
                        ],
                        [
                            216.38,
                            568.79
                        ],
                        [
                            218.6,
                            570.46
                        ],
                        [
                            221.0,
                            572.0
                        ],
                        [
                            223.62,
                            573.44
                        ],
                        [
                            226.4,
                            574.74
                        ],
                        [
                            229.31,
                            575.89
                        ],
                        [
                            232.31,
                            576.88
                        ],
                        [
                            235.37,
                            577.7
                        ],
                        [
                            238.5,
                            578.33
                        ],
                        [
                            241.7,
                            578.78
                        ],
                        [
                            245.0,
                            579.0
                        ],
                        [
                            248.45,
                            578.96
                        ],
                        [
                            251.94,
                            578.7
                        ],
                        [
                            255.4,
                            578.23
                        ],
                        [
                            258.81,
                            577.56
                        ],
                        [
                            262.15,
                            576.72
                        ],
                        [
                            265.33,
                            575.69
                        ],
                        [
                            268.32,
                            574.45
                        ],
                        [
                            271.0,
                            573.0
                        ],
                        [
                            273.17,
                            571.29
                        ],
                        [
                            275.01,
                            569.38
                        ],
                        [
                            276.61,
                            567.3
                        ],
                        [
                            278.0,
                            565.06
                        ],
                        [
                            279.23,
                            562.7
                        ],
                        [
                            280.3,
                            560.21
                        ],
                        [
                            281.21,
                            557.64
                        ],
                        [
                            282.0,
                            555.0
                        ],
                        [
                            282.72,
                            552.37
                        ],
                        [
                            283.32,
                            549.69
                        ],
                        [
                            283.79,
                            546.95
                        ],
                        [
                            284.12,
                            544.12
                        ],
                        [
                            284.31,
                            541.21
                        ],
                        [
                            284.34,
                            538.22
                        ],
                        [
                            284.24,
                            535.15
                        ],
                        [
                            284.0,
                            532.0
                        ]
                    ],
                    true
                ],
                [
                    17,
                    18,
                    [
                        [
                            311.0,
                            454.0
                        ],
                        [
                            309.44,
                            456.85
                        ],
                        [
                            307.75,
                            459.53
                        ],
                        [
                            305.94,
                            462.04
                        ],
                        [
                            304.0,
                            464.38
                        ],
                        [
                            301.96,
                            466.56
                        ],
                        [
                            299.78,
                            468.56
                        ],
                        [
                            297.47,
                            470.39
                        ],
                        [
                            295.0,
                            472.0
                        ],
                        [
                            292.31,
                            473.35
                        ],
                        [
                            289.47,
                            474.5
                        ],
                        [
                            286.53,
                            475.5
                        ],
                        [
                            283.5,
                            476.38
                        ],
                        [
                            280.41,
                            477.15
                        ],
                        [
                            277.29,
                            477.84
                        ],
                        [
                            274.14,
                            478.45
                        ],
                        [
                            271.0,
                            479.0
                        ],
                        [
                            267.93,
                            479.52
                        ],
                        [
                            264.9,
                            480.0
                        ],
                        [
                            261.88,
                            480.47
                        ],
                        [
                            258.88,
                            480.94
                        ],
                        [
                            255.87,
                            481.4
                        ],
                        [
                            252.89,
                            481.89
                        ],
                        [
                            249.93,
                            482.42
                        ],
                        [
                            247.0,
                            483.0
                        ],
                        [
                            244.12,
                            483.67
                        ],
                        [
                            241.27,
                            484.42
                        ],
                        [
                            238.46,
                            485.26
                        ],
                        [
                            235.69,
                            486.19
                        ],
                        [
                            232.97,
                            487.2
                        ],
                        [
                            230.29,
                            488.32
                        ],
                        [
                            227.65,
                            489.58
                        ],
                        [
                            225.0,
                            491.0
                        ],
                        [
                            222.3,
                            492.64
                        ],
                        [
                            219.61,
                            494.46
                        ],
                        [
                            217.01,
                            496.41
                        ],
                        [
                            214.5,
                            498.5
                        ],
                        [
                            212.11,
                            500.7
                        ],
                        [
                            209.88,
                            503.02
                        ],
                        [
                            207.83,
                            505.46
                        ],
                        [
                            206.0,
                            508.0
                        ],
                        [
                            204.5,
                            510.63
                        ],
                        [
                            203.24,
                            513.35
                        ],
                        [
                            202.2,
                            516.18
                        ],
                        [
                            201.38,
                            519.12
                        ],
                        [
                            200.73,
                            522.18
                        ],
                        [
                            200.28,
                            525.34
                        ],
                        [
                            200.04,
                            528.62
                        ],
                        [
                            200.0,
                            532.0
                        ]
                    ],
                    true
                ],
                [
                    18,
                    19,
                    [
                        [
                            368.0,
                            370.0
                        ],
                        [
                            364.73,
                            370.18
                        ],
                        [
                            361.53,
                            370.59
                        ],
                        [
                            358.41,
                            371.24
                        ],
                        [
                            355.38,
                            372.12
                        ],
                        [
                            352.43,
                            373.22
                        ],
                        [
                            349.55,
                            374.56
                        ],
                        [
                            346.75,
                            376.14
                        ],
                        [
                            344.0,
                            378.0
                        ],
                        [
                            341.27,
                            380.2
                        ],
                        [
                            338.61,
                            382.66
                        ],
                        [
                            336.03,
                            385.33
                        ],
                        [
                            333.56,
                            388.19
                        ],
                        [
                            331.2,
                            391.19
                        ],
                        [
                            328.96,
                            394.33
                        ],
                        [
                            326.88,
                            397.6
                        ],
                        [
                            325.0,
                            401.0
                        ],
                        [
                            323.4,
                            404.51
                        ],
                        [
                            322.0,
                            408.11
                        ],
                        [
                            320.75,
                            411.76
                        ],
                        [
                            319.62,
                            415.44
                        ],
                        [
                            318.6,
                            419.14
                        ],
                        [
                            317.66,
                            422.83
                        ],
                        [
                            316.81,
                            426.47
                        ],
                        [
                            316.0,
                            430.0
                        ],
                        [
                            315.18,
                            433.32
                        ],
                        [
                            314.4,
                            436.51
                        ],
                        [
                            313.67,
                            439.61
                        ],
                        [
                            313.0,
                            442.62
                        ],
                        [
                            312.4,
                            445.58
                        ],
                        [
                            311.88,
                            448.47
                        ],
                        [
                            311.41,
                            451.27
                        ],
                        [
                            311.0,
                            454.0
                        ]
                    ],
                    true
                ],
                [
                    19,
                    20,
                    [
                        [
                            444.0,
                            402.0
                        ],
                        [
                            441.17,
                            400.45
                        ],
                        [
                            438.44,
                            398.91
                        ],
                        [
                            435.8,
                            397.38
                        ],
                        [
                            433.25,
                            395.88
                        ],
                        [
                            430.77,
                            394.39
                        ],
                        [
                            428.39,
                            392.92
                        ],
                        [
                            426.12,
                            391.46
                        ],
                        [
                            424.0,
                            390.0
                        ],
                        [
                            422.1,
                            388.52
                        ],
                        [
                            420.32,
                            387.05
                        ],
                        [
                            418.61,
                            385.6
                        ],
                        [
                            416.94,
                            384.19
                        ],
                        [
                            415.27,
                            382.81
                        ],
                        [
                            413.59,
                            381.48
                        ],
                        [
                            411.85,
                            380.21
                        ],
                        [
                            410.0,
                            379.0
                        ],
                        [
                            407.93,
                            377.88
                        ],
                        [
                            405.73,
                            376.83
                        ],
                        [
                            403.43,
                            375.85
                        ],
                        [
                            401.06,
                            374.94
                        ],
                        [
                            398.64,
                            374.09
                        ],
                        [
                            396.16,
                            373.32
                        ],
                        [
                            393.61,
                            372.62
                        ],
                        [
                            391.0,
                            372.0
                        ],
                        [
                            388.34,
                            371.47
                        ],
                        [
                            385.62,
                            371.03
                        ],
                        [
                            382.84,
                            370.66
                        ],
                        [
                            380.0,
                            370.38
                        ],
                        [
                            377.09,
                            370.16
                        ],
                        [
                            374.12,
                            370.03
                        ],
                        [
                            371.09,
                            369.98
                        ],
                        [
                            368.0,
                            370.0
                        ]
                    ],
                    true
                ],
                [
                    20,
                    21,
                    [
                        [
                            444,
                            473
                        ],
                        [
                            444,
                            402
                        ]
                    ],
                    true
                ],
                [
                    21,
                    22,
                    [
                        [
                            444,
                            561
                        ],
                        [
                            444,
                            473
                        ]
                    ],
                    true
                ],
                [
                    22,
                    23,
                    [
                        [
                            528,
                            561
                        ],
                        [
                            444,
                            561
                        ]
                    ],
                    true
                ],
                [
                    23,
                    24,
                    [
                        [
                            588,
                            529
                        ],
                        [
                            528,
                            561
                        ]
                    ],
                    true
                ],
                [
                    24,
                    25,
                    [
                        [
                            625,
                            475
                        ],
                        [
                            588,
                            529
                        ]
                    ],
                    false
                ],
                [
                    25,
                    26,
                    [
                        [
                            665,
                            410
                        ],
                        [
                            625,
                            475
                        ]
                    ],
                    false
                ]
            ],
            "stations": [
                {
                    "coord": [
                        687,
                        360
                    ],
                    "is_working": false,
                    "name": "Centro Direzionale",
                    "rect": [
                        699,
                        352,
                        74,
                        28
                    ],
                    "text_id": 0,
                    "uid": 0
                },
                {
                    "coord": [
                        697,
                        322
                    ],
                    "is_working": false,
                    "name": "Tribunale",
                    "rect": [
                        709,
                        317,
                        64,
                        15
                    ],
                    "text_id": 1,
                    "uid": 1
                },
                {
                    "coord": [
                        700,
                        282
                    ],
                    "is_working": false,
                    "name": "Poggioreale",
                    "rect": [
                        710,
                        280,
                        80,
                        15
                    ],
                    "text_id": 2,
                    "uid": 2
                },
                {
                    "coord": [
                        694,
                        242
                    ],
                    "is_working": false,
                    "name": "Capodichino",
                    "rect": [
                        706,
                        229,
                        79,
                        15
                    ],
                    "text_id": 3,
                    "uid": 3
                },
                {
                    "coord": [
                        615,
                        178
                    ],
                    "is_working": false,
                    "name": "Di Vittorio",
                    "rect": [
                        632,
                        154,
                        51,
                        28
                    ],
                    "text_id": 4,
                    "uid": 4
                },
                {
                    "coord": [
                        496,
                        116
                    ],
                    "is_working": false,
                    "name": "Secondigliano",
                    "rect": [
                        414,
                        128,
                        92,
                        15
                    ],
                    "text_id": 5,
                    "uid": 5
                },
                {
                    "coord": [
                        417,
                        88
                    ],
                    "is_working": false,
                    "name": "Regina Margherita",
                    "rect": [
                        419,
                        52,
                        75,
                        28
                    ],
                    "text_id": 6,
                    "uid": 6
                },
                {
                    "coord": [
                        333,
                        69
                    ],
                    "is_working": false,
                    "name": "Miano",
                    "rect": [
                        308,
                        79,
                        38,
                        15
                    ],
                    "text_id": 7,
                    "uid": 7
                },
                {
                    "coord": [
                        249,
                        60
                    ],
                    "is_working": true,
                    "name": "Piscinola",
                    "rect": [
                        224,
                        72,
                        60,
                        15
                    ],
                    "text_id": 8,
                    "uid": 8
                },
                {
                    "coord": [
                        188,
                        84
                    ],
                    "is_working": true,
                    "name": "Chiaiano",
                    "rect": [
                        123,
                        77,
                        56,
                        15
                    ],
                    "text_id": 9,
                    "uid": 9
                },
                {
                    "coord": [
                        188,
                        140
                    ],
                    "is_working": true,
                    "name": "Frullone",
                    "rect": [
                        120,
                        135,
                        59,
                        15
                    ],
                    "text_id": 10,
                    "uid": 10
                },
                {
                    "coord": [
                        181,
                        184
                    ],
                    "is_working": true,
                    "name": "Colli Aminei",
                    "rect": [
                        193,
                        175,
                        40,
                        28
                    ],
                    "text_id": 11,
                    "uid": 11
                },
                {
                    "coord": [
                        154,
                        225
                    ],
                    "is_working": true,
                    "name": "Policlinico",
                    "rect": [
                        74,
                        218,
                        70,
                        15
                    ],
                    "text_id": 12,
                    "uid": 12
                },
                {
                    "coord": [
                        154,
                        305
                    ],
                    "is_working": true,
                    "name": "Rione Alto",
                    "rect": [
                        105,
                        290,
                        38,
                        28
                    ],
                    "text_id": 13,
                    "uid": 13
                },
                {
                    "coord": [
                        234,
                        347
                    ],
                    "is_working": true,
                    "name": "Montedonzelli",
                    "rect": [
                        180,
                        359,
                        92,
                        15
                    ],
                    "text_id": 14,
                    "uid": 14
                },
                {
                    "coord": [
                        284,
                        408
                    ],
                    "is_working": true,
                    "name": "Medaglie d'Oro",
                    "rect": [
                        214,
                        396,
                        60,
                        28
                    ],
                    "text_id": 15,
                    "uid": 15
                },
                {
                    "coord": [
                        284,
                        532
                    ],
                    "is_working": true,
                    "name": "Vanvitelli",
                    "rect": [
                        295,
                        524,
                        63,
                        15
                    ],
                    "text_id": 16,
                    "uid": 16
                },
                {
                    "coord": [
                        200,
                        532
                    ],
                    "is_working": true,
                    "name": "Quattro Giornate",
                    "rect": [
                        132,
                        520,
                        58,
                        28
                    ],
                    "text_id": 17,
                    "uid": 17
                },
                {
                    "coord": [
                        311,
                        454
                    ],
                    "is_working": true,
                    "name": "Salvator Rosa",
                    "rect": [
                        320,
                        437,
                        62,
                        28
                    ],
                    "text_id": 18,
                    "uid": 18
                },
                {
                    "coord": [
                        368,
                        370
                    ],
                    "is_working": true,
                    "name": "Materdei",
                    "rect": [
                        365,
                        341,
                        58,
                        15
                    ],
                    "text_id": 19,
                    "uid": 19
                },
                {
                    "coord": [
                        444,
                        402
                    ],
                    "is_working": true,
                    "name": "Museo",
                    "rect": [
                        455,
                        408,
                        41,
                        15
                    ],
                    "text_id": 20,
                    "uid": 20
                },
                {
                    "coord": [
                        444,
                        473
                    ],
                    "is_working": true,
                    "name": "Dante",
                    "rect": [
                        458,
                        467,
                        39,
                        15
                    ],
                    "text_id": 21,
                    "uid": 21
                },
                {
                    "coord": [
                        444,
                        561
                    ],
                    "is_working": true,
                    "name": "Toledo",
                    "rect": [
                        449,
                        537,
                        45,
                        15
                    ],
                    "text_id": 22,
                    "uid": 22
                },
                {
                    "coord": [
                        528,
                        561
                    ],
                    "is_working": true,
                    "name": "Municipio",
                    "rect": [
                        539,
                        561,
                        59,
                        15
                    ],
                    "text_id": 23,
                    "uid": 23
                },
                {
                    "coord": [
                        588,
                        529
                    ],
                    "is_working": true,
                    "name": "Universita",
                    "rect": [
                        603,
                        525,
                        67,
                        15
                    ],
                    "text_id": 24,
                    "uid": 24
                },
                {
                    "coord": [
                        625,
                        475
                    ],
                    "is_working": false,
                    "name": "Duomo",
                    "rect": [
                        638,
                        476,
                        43,
                        15
                    ],
                    "text_id": 25,
                    "uid": 25
                },
                {
                    "coord": [
                        665,
                        410
                    ],
                    "is_working": false,
                    "name": "Garibaldi",
                    "rect": [
                        680,
                        398,
                        62,
                        15
                    ],
                    "text_id": 26,
                    "uid": 26
                }
            ],
            "text_id": 27
        },
        {
            "labels_bg_color": "-1",
            "labels_color": "34349C",
            "line_color": "34349C",
            "line_width": 9,
            "name": "Metropolitana F. S.",
            "segments": [
                [
                    27,
                    28,
                    [
                        [
                            67,
                            670
                        ],
                        [
                            25,
                            670
                        ]
                    ],
                    true
                ],
                [
                    28,
                    29,
                    [
                        [
                            115,
                            670
                        ],
                        [
                            67,
                            670
                        ]
                    ],
                    true
                ],
                [
                    29,
                    30,
                    [
                        [
                            172,
                            670
                        ],
                        [
                            115,
                            670
                        ]
                    ],
                    true
                ],
                [
                    30,
                    31,
                    [
                        [
                            250,
                            670
                        ],
                        [
                            172,
                            670
                        ]
                    ],
                    true
                ],
                [
                    31,
                    32,
                    [
                        [
                            302,
                            618
                        ],
                        [
                            250,
                            670
                        ]
                    ],
                    true
                ],
                [
                    32,
                    33,
                    [
                        [
                            359,
                            561
                        ],
                        [
                            302,
                            618
                        ]
                    ],
                    true
                ],
                [
                    33,
                    34,
                    [
                        [
                            390,
                            473
                        ],
                        [
                            359,
                            561
                        ]
                    ],
                    true
                ],
                [
                    34,
                    35,
                    [
                        [
                            444.0,
                            386.0
                        ],
                        [
                            439.36,
                            386.29
                        ],
                        [
                            434.94,
                            386.78
                        ],
                        [
                            430.73,
                            387.48
                        ],
                        [
                            426.75,
                            388.38
                        ],
                        [
                            422.98,
                            389.46
                        ],
                        [
                            419.43,
                            390.76
                        ],
                        [
                            416.1,
                            392.26
                        ],
                        [
                            413.0,
                            394.0
                        ],
                        [
                            410.14,
                            396.01
                        ],
                        [
                            407.51,
                            398.24
                        ],
                        [
                            405.09,
                            400.66
                        ],
                        [
                            402.88,
                            403.25
                        ],
                        [
                            400.85,
                            405.99
                        ],
                        [
                            399.02,
                            408.86
                        ],
                        [
                            397.4,
                            411.87
                        ],
                        [
                            396.0,
                            415.0
                        ],
                        [
                            394.86,
                            418.22
                        ],
                        [
                            393.91,
                            421.54
                        ],
                        [
                            393.13,
                            424.95
                        ],
                        [
                            392.5,
                            428.44
                        ],
                        [
                            392.0,
                            432.01
                        ],
                        [
                            391.59,
                            435.64
                        ],
                        [
                            391.28,
                            439.31
                        ],
                        [
                            391.0,
                            443.0
                        ],
                        [
                            390.69,
                            446.66
                        ],
                        [
                            390.41,
                            450.33
                        ],
                        [
                            390.17,
                            454.03
                        ],
                        [
                            390.0,
                            457.75
                        ],
                        [
                            389.9,
                            461.51
                        ],
                        [
                            389.88,
                            465.31
                        ],
                        [
                            389.91,
                            469.14
                        ],
                        [
                            390.0,
                            473.0
                        ]
                    ],
                    true
                ],
                [
                    35,
                    36,
                    [
                        [
                            646.0,
                            421.0
                        ],
                        [
                            640.98,
                            418.42
                        ],
                        [
                            635.94,
                            415.94
                        ],
                        [
                            630.86,
                            413.55
                        ],
                        [
                            625.75,
                            411.25
                        ],
                        [
                            620.59,
                            409.05
                        ],
                        [
                            615.41,
                            406.94
                        ],
                        [
                            610.2,
                            404.93
                        ],
                        [
                            605.0,
                            403.0
                        ],
                        [
                            599.85,
                            401.16
                        ],
                        [
                            594.68,
                            399.4
                        ],
                        [
                            589.47,
                            397.75
                        ],
                        [
                            584.19,
                            396.19
                        ],
                        [
                            578.81,
                            394.73
                        ],
                        [
                            573.33,
                            393.37
                        ],
                        [
                            567.73,
                            392.12
                        ],
                        [
                            562.0,
                            391.0
                        ],
                        [
                            556.1,
                            390.02
                        ],
                        [
                            550.05,
                            389.16
                        ],
                        [
                            543.83,
                            388.41
                        ],
                        [
                            537.44,
                            387.75
                        ],
                        [
                            530.88,
                            387.19
                        ],
                        [
                            524.14,
                            386.71
                        ],
                        [
                            517.19,
                            386.32
                        ],
                        [
                            510.0,
                            386.0
                        ],
                        [
                            502.54,
                            385.74
                        ],
                        [
                            494.83,
                            385.54
                        ],
                        [
                            486.9,
                            385.42
                        ],
                        [
                            478.75,
                            385.38
                        ],
                        [
                            470.39,
                            385.41
                        ],
                        [
                            461.81,
                            385.53
                        ],
                        [
                            453.02,
                            385.73
                        ],
                        [
                            444.0,
                            386.0
                        ]
                    ],
                    true
                ],
                [
                    36,
                    37,
                    [
                        [
                            709,
                            453
                        ],
                        [
                            646,
                            421
                        ]
                    ],
                    true
                ],
                [
                    37,
                    38,
                    [
                        [
                            762,
                            494
                        ],
                        [
                            709,
                            453
                        ]
                    ],
                    false
                ],
                [
                    38,
                    39,
                    [
                        [
                            793,
                            547
                        ],
                        [
                            762,
                            494
                        ]
                    ],
                    false
                ],
                [
                    39,
                    40,
                    [
                        [
                            801,
                            615
                        ],
                        [
                            793,
                            547
                        ]
                    ],
                    false
                ]
            ],
            "stations": [
                {
                    "coord": [
                        25,
                        670
                    ],
                    "is_working": true,
                    "name": "Pozzuoli",
                    "rect": [
                        20,
                        609,
                        15,
                        54
                    ],
                    "text_id": 28,
                    "uid": 27
                },
                {
                    "coord": [
                        67,
                        670
                    ],
                    "is_working": true,
                    "name": "Bagnoli",
                    "rect": [
                        60,
                        610,
                        15,
                        51
                    ],
                    "text_id": 29,
                    "uid": 28
                },
                {
                    "coord": [
                        115,
                        670
                    ],
                    "is_working": true,
                    "name": "Cavalleggeri d'Aosta",
                    "rect": [
                        109,
                        524,
                        15,
                        136
                    ],
                    "text_id": 30,
                    "uid": 29
                },
                {
                    "coord": [
                        172,
                        670
                    ],
                    "is_working": true,
                    "name": "Campi Flegrei",
                    "rect": [
                        166,
                        685,
                        15,
                        85
                    ],
                    "text_id": 31,
                    "uid": 30
                },
                {
                    "coord": [
                        250,
                        670
                    ],
                    "is_working": true,
                    "name": "Leopardi",
                    "rect": [
                        242,
                        683,
                        15,
                        57
                    ],
                    "text_id": 32,
                    "uid": 31
                },
                {
                    "coord": [
                        302,
                        618
                    ],
                    "is_working": true,
                    "name": "Mergellina",
                    "rect": [
                        302,
                        633,
                        15,
                        72
                    ],
                    "text_id": 33,
                    "uid": 32
                },
                {
                    "coord": [
                        359,
                        561
                    ],
                    "is_working": true,
                    "name": "Piazza Amedeo",
                    "rect": [
                        371,
                        548,
                        49,
                        28
                    ],
                    "text_id": 34,
                    "uid": 33
                },
                {
                    "coord": [
                        390,
                        473
                    ],
                    "is_working": true,
                    "name": "Montesanto",
                    "rect": [
                        301,
                        475,
                        77,
                        15
                    ],
                    "text_id": 35,
                    "uid": 34
                },
                {
                    "coord": [
                        444,
                        386
                    ],
                    "is_working": true,
                    "name": "Piazza Cavour",
                    "rect": [
                        450,
                        351,
                        49,
                        28
                    ],
                    "text_id": 36,
                    "uid": 35
                },
                {
                    "coord": [
                        646,
                        421
                    ],
                    "is_working": true,
                    "name": "Garibaldi",
                    "rect": [
                        568,
                        421,
                        62,
                        15
                    ],
                    "text_id": 26,
                    "uid": 36
                },
                {
                    "coord": [
                        709,
                        453
                    ],
                    "is_working": true,
                    "name": "Gianturco",
                    "rect": [
                        722,
                        440,
                        67,
                        15
                    ],
                    "text_id": 37,
                    "uid": 37
                },
                {
                    "coord": [
                        762,
                        494
                    ],
                    "is_working": false,
                    "name": "Ferraris",
                    "rect": [
                        696,
                        495,
                        57,
                        15
                    ],
                    "text_id": 38,
                    "uid": 38
                },
                {
                    "coord": [
                        793,
                        547
                    ],
                    "is_working": false,
                    "name": "Vigliena",
                    "rect": [
                        730,
                        543,
                        52,
                        15
                    ],
                    "text_id": 39,
                    "uid": 39
                },
                {
                    "coord": [
                        801,
                        615
                    ],
                    "is_working": false,
                    "name": "San Giovanni",
                    "rect": [
                        735,
                        605,
                        55,
                        28
                    ],
                    "text_id": 40,
                    "uid": 40
                }
            ],
            "text_id": 41
        },
        {
            "labels_bg_color": "-1",
            "labels_color": "00CEF7",
            "line_color": "00CEF7",
            "line_width": 9,
            "name": "Linea 6",
            "segments": [
                [
                    41,
                    42,
                    [
                        [
                            223,
                            649
                        ],
                        [
                            172,
                            649
                        ]
                    ],
                    true
                ],
                [
                    42,
                    43,
                    [
                        [
                            254,
                            618
                        ],
                        [
                            223,
                            649
                        ]
                    ],
                    true
                ],
                [
                    43,
                    44,
                    [
                        [
                            281,
                            618
                        ],
                        [
                            254,
                            618
                        ]
                    ],
                    true
                ],
                [
                    44,
                    45,
                    [
                        [
                            344,
                            618
                        ],
                        [
                            281,
                            618
                        ]
                    ],
                    false
                ],
                [
                    45,
                    46,
                    [
                        [
                            384,
                            618
                        ],
                        [
                            344,
                            618
                        ]
                    ],
                    false
                ],
                [
                    46,
                    47,
                    [
                        [
                            421,
                            618
                        ],
                        [
                            384,
                            618
                        ]
                    ],
                    false
                ],
                [
                    47,
                    48,
                    [
                        [
                            444,
                            595
                        ],
                        [
                            421,
                            618
                        ]
                    ],
                    false
                ],
                [
                    48,
                    49,
                    [
                        [
                            528,
                            576
                        ],
                        [
                            463.0,
                            576.0
                        ],
                        [
                            444,
                            595
                        ]
                    ],
                    false
                ]
            ],
            "stations": [
                {
                    "coord": [
                        172,
                        649
                    ],
                    "is_working": true,
                    "name": "Campi Flegrei",
                    "rect": [
                        166,
                        685,
                        15,
                        85
                    ],
                    "text_id": 31,
                    "uid": 41
                },
                {
                    "coord": [
                        223,
                        649
                    ],
                    "is_working": true,
                    "name": "Augusto",
                    "rect": [
                        201,
                        585,
                        15,
                        55
                    ],
                    "text_id": 42,
                    "uid": 42
                },
                {
                    "coord": [
                        254,
                        618
                    ],
                    "is_working": true,
                    "name": "Lala",
                    "rect": [
                        228,
                        590,
                        15,
                        30
                    ],
                    "text_id": 43,
                    "uid": 43
                },
                {
                    "coord": [
                        281,
                        618
                    ],
                    "is_working": true,
                    "name": "Mergellina",
                    "rect": [
                        302,
                        633,
                        15,
                        72
                    ],
                    "text_id": 33,
                    "uid": 44
                },
                {
                    "coord": [
                        344,
                        618
                    ],
                    "is_working": false,
                    "name": "Acco Mirelli",
                    "rect": [
                        336,
                        631,
                        15,
                        79
                    ],
                    "text_id": 44,
                    "uid": 45
                },
                {
                    "coord": [
                        384,
                        618
                    ],
                    "is_working": false,
                    "name": "San Pasquale",
                    "rect": [
                        377,
                        631,
                        15,
                        87
                    ],
                    "text_id": 45,
                    "uid": 46
                },
                {
                    "coord": [
                        421,
                        618
                    ],
                    "is_working": false,
                    "name": "Martiri",
                    "rect": [
                        434,
                        617,
                        47,
                        15
                    ],
                    "text_id": 46,
                    "uid": 47
                },
                {
                    "coord": [
                        444,
                        595
                    ],
                    "is_working": false,
                    "name": "Toledo",
                    "rect": [
                        456,
                        592,
                        45,
                        15
                    ],
                    "text_id": 22,
                    "uid": 48
                },
                {
                    "coord": [
                        528,
                        576
                    ],
                    "is_working": false,
                    "name": "Municipio",
                    "rect": [
                        539,
                        561,
                        59,
                        15
                    ],
                    "text_id": 23,
                    "uid": 49
                }
            ],
            "text_id": 47
        }
    ],
    "lines_width": 9,
    "name": "metro",
    "name_text_id": 48,
    "stations_diameter": 17.0,
    "transfers": [
        [
            35,
            20,
            [
                444,
                386
            ],
            [
                444,
                402
            ]
        ],
        [
            36,
            26,
            [
                646,
                421
            ],
            [
                665,
                410
            ]
        ],
        [
            32,
            44,
            [
                302,
                618
            ],
            [
                281,
                618
            ]
        ],
        [
            41,
            30,
            [
                172,
                649
            ],
            [
                172,
                670
            ]
        ],
        [
            23,
            49,
            [
                528,
                561
            ],
            [
                528,
                576
            ]
        ]
    ],
    "transports": [
        "metro"
    ],
    "type_name": "ROOT",
    "type_text_id": 49,
    "upper_case": true,
    "width": 951,
    "word_wrap": true
}