{
    "0": "University",
    "1": "LaSalle",
    "2": "Amherst Street",
    "3": "Humboldt-Hospital",
    "4": "Delavan-Canisius College",
    "5": "Utica",
    "6": "Summer-Best",
    "7": "Allen-Medical Campus",
    "8": "Theater",
    "9": "Fountain Plaza",
    "10": "Lafayette Square",
    "11": "Church",
    "12": "Seneca",
    "13": "Erie Canal-Harbor",
    "14": "Special Events",
    "15": "1",
    "16": "Метро",
    "17": "ROOT",
    "18": "Схема от 15.11.2006г.\nАвтор: Варламов Дмитрий (www.chpeks.com)",
    "19": "Imported from http://pmetro.su"
}