{
    "lines": [
        {
            "delays": [],
            "name": "Orange Line",
            "scheme": null,
            "segments": [
                [
                    0,
                    1,
                    60
                ],
                [
                    1,
                    0,
                    60
                ],
                [
                    1,
                    2,
                    60
                ],
                [
                    2,
                    1,
                    60
                ],
                [
                    2,
                    3,
                    null
                ],
                [
                    2,
                    5,
                    240
                ],
                [
                    3,
                    2,
                    null
                ],
                [
                    3,
                    4,
                    0
                ],
                [
                    4,
                    3,
                    0
                ],
                [
                    4,
                    5,
                    0
                ],
                [
                    5,
                    2,
                    240
                ],
                [
                    5,
                    4,
                    null
                ],
                [
                    5,
                    6,
                    null
                ],
                [
                    5,
                    7,
                    120
                ],
                [
                    6,
                    5,
                    null
                ],
                [
                    6,
                    7,
                    0
                ],
                [
                    7,
                    5,
                    120
                ],
                [
                    7,
                    6,
                    null
                ],
                [
                    7,
                    8,
                    60
                ],
                [
                    8,
                    7,
                    60
                ],
                [
                    8,
                    9,
                    120
                ],
                [
                    9,
                    8,
                    120
                ],
                [
                    9,
                    10,
                    120
                ],
                [
                    10,
                    9,
                    120
                ],
                [
                    10,
                    11,
                    180
                ],
                [
                    11,
                    10,
                    180
                ],
                [
                    11,
                    12,
                    60
                ],
                [
                    12,
                    11,
                    60
                ],
                [
                    12,
                    13,
                    240
                ],
                [
                    13,
                    12,
                    240
                ],
                [
                    13,
                    14,
                    120
                ],
                [
                    14,
                    13,
                    120
                ],
                [
                    14,
                    15,
                    120
                ],
                [
                    15,
                    14,
                    120
                ],
                [
                    15,
                    16,
                    120
                ],
                [
                    16,
                    15,
                    120
                ],
                [
                    16,
                    17,
                    120
                ],
                [
                    17,
                    16,
                    120
                ],
                [
                    17,
                    18,
                    120
                ],
                [
                    18,
                    17,
                    120
                ]
            ],
            "stations": [
                [
                    0,
                    "Central",
                    0
                ],
                [
                    1,
                    "Galeria",
                    1
                ],
                [
                    2,
                    "102 Sul",
                    2
                ],
                [
                    3,
                    "104 Sul",
                    3
                ],
                [
                    4,
                    "106 Sul",
                    4
                ],
                [
                    5,
                    "108 Sul",
                    5
                ],
                [
                    6,
                    "110 Sul",
                    6
                ],
                [
                    7,
                    "112 Sul",
                    7
                ],
                [
                    8,
                    "114 Sul",
                    8
                ],
                [
                    9,
                    "Asa Sul",
                    9
                ],
                [
                    10,
                    "Shopping",
                    10
                ],
                [
                    11,
                    "Feira do Guara",
                    11
                ],
                [
                    12,
                    "Guara",
                    12
                ],
                [
                    13,
                    "Arniqueiras",
                    13
                ],
                [
                    14,
                    "Aguas Claras",
                    14
                ],
                [
                    15,
                    "Taguatinga Sul",
                    15
                ],
                [
                    16,
                    "Furnas",
                    16
                ],
                [
                    17,
                    "Samambaia Sul",
                    17
                ],
                [
                    18,
                    "Terminal Samambaia",
                    18
                ]
            ],
            "text_id": 19
        },
        {
            "delays": [],
            "name": "Green Line",
            "scheme": null,
            "segments": [
                [
                    19,
                    20,
                    60
                ],
                [
                    20,
                    19,
                    60
                ],
                [
                    20,
                    21,
                    60
                ],
                [
                    21,
                    20,
                    60
                ],
                [
                    21,
                    22,
                    null
                ],
                [
                    21,
                    24,
                    240
                ],
                [
                    22,
                    21,
                    null
                ],
                [
                    22,
                    23,
                    0
                ],
                [
                    23,
                    22,
                    0
                ],
                [
                    23,
                    24,
                    0
                ],
                [
                    24,
                    21,
                    240
                ],
                [
                    24,
                    23,
                    null
                ],
                [
                    24,
                    25,
                    null
                ],
                [
                    24,
                    26,
                    120
                ],
                [
                    25,
                    24,
                    null
                ],
                [
                    25,
                    26,
                    0
                ],
                [
                    26,
                    24,
                    120
                ],
                [
                    26,
                    25,
                    null
                ],
                [
                    26,
                    27,
                    60
                ],
                [
                    27,
                    26,
                    60
                ],
                [
                    27,
                    28,
                    120
                ],
                [
                    28,
                    27,
                    120
                ],
                [
                    28,
                    29,
                    120
                ],
                [
                    29,
                    28,
                    120
                ],
                [
                    29,
                    30,
                    180
                ],
                [
                    30,
                    29,
                    180
                ],
                [
                    30,
                    31,
                    60
                ],
                [
                    31,
                    30,
                    60
                ],
                [
                    31,
                    32,
                    240
                ],
                [
                    32,
                    31,
                    240
                ],
                [
                    32,
                    33,
                    120
                ],
                [
                    33,
                    32,
                    120
                ],
                [
                    33,
                    34,
                    120
                ],
                [
                    34,
                    33,
                    120
                ],
                [
                    34,
                    35,
                    null
                ],
                [
                    34,
                    36,
                    120
                ],
                [
                    35,
                    34,
                    null
                ],
                [
                    35,
                    36,
                    0
                ],
                [
                    36,
                    34,
                    120
                ],
                [
                    36,
                    35,
                    null
                ],
                [
                    36,
                    37,
                    null
                ],
                [
                    36,
                    38,
                    240
                ],
                [
                    37,
                    36,
                    null
                ],
                [
                    37,
                    38,
                    0
                ],
                [
                    38,
                    36,
                    240
                ],
                [
                    38,
                    37,
                    null
                ],
                [
                    38,
                    39,
                    120
                ],
                [
                    39,
                    38,
                    120
                ],
                [
                    39,
                    40,
                    60
                ],
                [
                    40,
                    39,
                    60
                ],
                [
                    40,
                    41,
                    60
                ],
                [
                    41,
                    40,
                    60
                ],
                [
                    41,
                    42,
                    60
                ],
                [
                    42,
                    41,
                    60
                ],
                [
                    42,
                    43,
                    120
                ],
                [
                    43,
                    42,
                    120
                ]
            ],
            "stations": [
                [
                    19,
                    "Central",
                    0
                ],
                [
                    20,
                    "Galeria",
                    1
                ],
                [
                    21,
                    "102 Sul",
                    2
                ],
                [
                    22,
                    "104 Sul",
                    3
                ],
                [
                    23,
                    "106 Sul",
                    4
                ],
                [
                    24,
                    "108 Sul",
                    5
                ],
                [
                    25,
                    "110 Sul",
                    6
                ],
                [
                    26,
                    "112 Sul",
                    7
                ],
                [
                    27,
                    "114 Sul",
                    8
                ],
                [
                    28,
                    "Asa Sul",
                    9
                ],
                [
                    29,
                    "Shopping",
                    10
                ],
                [
                    30,
                    "Feira do Guara",
                    11
                ],
                [
                    31,
                    "Guara",
                    12
                ],
                [
                    32,
                    "Arniqueiras",
                    13
                ],
                [
                    33,
                    "Aguas Claras",
                    14
                ],
                [
                    34,
                    "Concessionarias",
                    20
                ],
                [
                    35,
                    "Estrada Parque",
                    21
                ],
                [
                    36,
                    "Praca de Relogio",
                    22
                ],
                [
                    37,
                    "Onoyama",
                    23
                ],
                [
                    38,
                    "Centro Metropolitano",
                    24
                ],
                [
                    39,
                    "Ceilandia Sul",
                    25
                ],
                [
                    40,
                    "Guariroba",
                    26
                ],
                [
                    41,
                    "Ceilandia Centro",
                    27
                ],
                [
                    42,
                    "Ceilandia Norte",
                    28
                ],
                [
                    43,
                    "Terminal Ceilandia",
                    29
                ]
            ],
            "text_id": 30
        }
    ],
    "name": "metro",
    "transfers": [
        [
            2,
            21,
            120,
            true
        ],
        [
            3,
            22,
            0,
            true
        ],
        [
            4,
            23,
            0,
            true
        ],
        [
            5,
            24,
            120,
            true
        ],
        [
            6,
            25,
            0,
            true
        ],
        [
            7,
            26,
            120,
            true
        ],
        [
            8,
            27,
            120,
            true
        ],
        [
            14,
            33,
            120,
            true
        ],
        [
            13,
            32,
            120,
            true
        ],
        [
            9,
            28,
            120,
            true
        ],
        [
            0,
            19,
            120,
            true
        ],
        [
            11,
            30,
            120,
            true
        ],
        [
            1,
            20,
            120,
            true
        ],
        [
            12,
            31,
            120,
            true
        ],
        [
            10,
            29,
            120,
            true
        ]
    ],
    "type_name": "Метро"
}