{
    "default_transports": [
        "metro"
    ],
    "height": 636,
    "images": [
        "res/schemes/kobe.svg"
    ],
    "is_vector": true,
    "lines": [
        {
            "labels_bg_color": "-1",
            "labels_color": "00A89C",
            "line_color": "00A89C",
            "line_width": 7,
            "name": "Seishin-Yamate",
            "segments": [
                [
                    0,
                    1,
                    [
                        [
                            613,
                            218
                        ],
                        [
                            585.0,
                            190.0
                        ],
                        [
                            585,
                            36
                        ]
                    ],
                    true
                ],
                [
                    1,
                    2,
                    [
                        [
                            613,
                            271
                        ],
                        [
                            613,
                            218
                        ]
                    ],
                    true
                ],
                [
                    2,
                    3,
                    [
                        [
                            525,
                            290
                        ],
                        [
                            544.0,
                            271.0
                        ],
                        [
                            613,
                            271
                        ]
                    ],
                    true
                ],
                [
                    3,
                    4,
                    [
                        [
                            487,
                            328
                        ],
                        [
                            525,
                            290
                        ]
                    ],
                    true
                ],
                [
                    4,
                    5,
                    [
                        [
                            457,
                            358
                        ],
                        [
                            487,
                            328
                        ]
                    ],
                    true
                ],
                [
                    5,
                    6,
                    [
                        [
                            426,
                            389
                        ],
                        [
                            457,
                            358
                        ]
                    ],
                    true
                ],
                [
                    6,
                    7,
                    [
                        [
                            396,
                            419
                        ],
                        [
                            426,
                            389
                        ]
                    ],
                    true
                ],
                [
                    7,
                    8,
                    [
                        [
                            364,
                            451
                        ],
                        [
                            396,
                            419
                        ]
                    ],
                    true
                ],
                [
                    8,
                    9,
                    [
                        [
                            315,
                            451
                        ],
                        [
                            364,
                            451
                        ]
                    ],
                    true
                ],
                [
                    9,
                    10,
                    [
                        [
                            272,
                            408
                        ],
                        [
                            315,
                            451
                        ]
                    ],
                    true
                ],
                [
                    10,
                    11,
                    [
                        [
                            242,
                            378
                        ],
                        [
                            272,
                            408
                        ]
                    ],
                    true
                ],
                [
                    11,
                    12,
                    [
                        [
                            180,
                            365
                        ],
                        [
                            229.0,
                            365.0
                        ],
                        [
                            242,
                            378
                        ]
                    ],
                    true
                ],
                [
                    12,
                    13,
                    [
                        [
                            130,
                            365
                        ],
                        [
                            180,
                            365
                        ]
                    ],
                    true
                ],
                [
                    13,
                    14,
                    [
                        [
                            97,
                            332
                        ],
                        [
                            130,
                            365
                        ]
                    ],
                    true
                ],
                [
                    14,
                    15,
                    [
                        [
                            65,
                            300
                        ],
                        [
                            97,
                            332
                        ]
                    ],
                    true
                ],
                [
                    15,
                    16,
                    [
                        [
                            32,
                            267
                        ],
                        [
                            65,
                            300
                        ]
                    ],
                    true
                ]
            ],
            "stations": [
                {
                    "coord": [
                        585,
                        36
                    ],
                    "is_working": true,
                    "name": "Tanigami",
                    "rect": [
                        594,
                        29,
                        47,
                        15
                    ],
                    "text_id": 0,
                    "uid": 0
                },
                {
                    "coord": [
                        613,
                        218
                    ],
                    "is_working": true,
                    "name": "Shin-Kobe",
                    "rect": [
                        622,
                        211,
                        53,
                        15
                    ],
                    "text_id": 1,
                    "uid": 1
                },
                {
                    "coord": [
                        613,
                        271
                    ],
                    "is_working": true,
                    "name": "Sannomiya",
                    "rect": [
                        626,
                        257,
                        57,
                        15
                    ],
                    "text_id": 2,
                    "uid": 2
                },
                {
                    "coord": [
                        525,
                        290
                    ],
                    "is_working": true,
                    "name": "Kenchomae",
                    "rect": [
                        455,
                        279,
                        61,
                        15
                    ],
                    "text_id": 3,
                    "uid": 3
                },
                {
                    "coord": [
                        487,
                        328
                    ],
                    "is_working": true,
                    "name": "Okurayama",
                    "rect": [
                        419,
                        317,
                        59,
                        15
                    ],
                    "text_id": 4,
                    "uid": 4
                },
                {
                    "coord": [
                        457,
                        358
                    ],
                    "is_working": true,
                    "name": "Minatogawa Koen",
                    "rect": [
                        358,
                        347,
                        90,
                        15
                    ],
                    "text_id": 5,
                    "uid": 5
                },
                {
                    "coord": [
                        426,
                        389
                    ],
                    "is_working": true,
                    "name": "Kamisawa",
                    "rect": [
                        363,
                        378,
                        54,
                        15
                    ],
                    "text_id": 6,
                    "uid": 6
                },
                {
                    "coord": [
                        396,
                        419
                    ],
                    "is_working": true,
                    "name": "Nagata",
                    "rect": [
                        350,
                        408,
                        37,
                        15
                    ],
                    "text_id": 7,
                    "uid": 7
                },
                {
                    "coord": [
                        364,
                        451
                    ],
                    "is_working": true,
                    "name": "Shin-Nagata",
                    "rect": [
                        382,
                        441,
                        62,
                        15
                    ],
                    "text_id": 8,
                    "uid": 8
                },
                {
                    "coord": [
                        315,
                        451
                    ],
                    "is_working": true,
                    "name": "Itayado",
                    "rect": [
                        268,
                        447,
                        38,
                        15
                    ],
                    "text_id": 9,
                    "uid": 9
                },
                {
                    "coord": [
                        272,
                        408
                    ],
                    "is_working": true,
                    "name": "Myohoji",
                    "rect": [
                        222,
                        404,
                        41,
                        15
                    ],
                    "text_id": 10,
                    "uid": 10
                },
                {
                    "coord": [
                        242,
                        378
                    ],
                    "is_working": true,
                    "name": "Myodani",
                    "rect": [
                        190,
                        382,
                        44,
                        15
                    ],
                    "text_id": 11,
                    "uid": 11
                },
                {
                    "coord": [
                        180,
                        365
                    ],
                    "is_working": true,
                    "name": "Sogo Undo Koen",
                    "rect": [
                        155,
                        343,
                        85,
                        15
                    ],
                    "text_id": 12,
                    "uid": 12
                },
                {
                    "coord": [
                        130,
                        365
                    ],
                    "is_working": true,
                    "name": "Gakuen-Toshi",
                    "rect": [
                        74,
                        373,
                        70,
                        15
                    ],
                    "text_id": 13,
                    "uid": 13
                },
                {
                    "coord": [
                        97,
                        332
                    ],
                    "is_working": true,
                    "name": "Ikawadani",
                    "rect": [
                        106,
                        321,
                        52,
                        15
                    ],
                    "text_id": 14,
                    "uid": 14
                },
                {
                    "coord": [
                        65,
                        300
                    ],
                    "is_working": true,
                    "name": "Seishin-Minami",
                    "rect": [
                        74,
                        289,
                        78,
                        15
                    ],
                    "text_id": 15,
                    "uid": 15
                },
                {
                    "coord": [
                        32,
                        267
                    ],
                    "is_working": true,
                    "name": "Seishin-Chuo",
                    "rect": [
                        41,
                        256,
                        68,
                        15
                    ],
                    "text_id": 16,
                    "uid": 16
                }
            ],
            "text_id": 17
        },
        {
            "labels_bg_color": "-1",
            "labels_color": "0388C0",
            "line_color": "0388C0",
            "line_width": 7,
            "name": "Kaigan",
            "segments": [
                [
                    17,
                    18,
                    [
                        [
                            605,
                            315
                        ],
                        [
                            631,
                            289
                        ]
                    ],
                    true
                ],
                [
                    18,
                    19,
                    [
                        [
                            579,
                            341
                        ],
                        [
                            605,
                            315
                        ]
                    ],
                    true
                ],
                [
                    19,
                    20,
                    [
                        [
                            556,
                            364
                        ],
                        [
                            579,
                            341
                        ]
                    ],
                    true
                ],
                [
                    20,
                    21,
                    [
                        [
                            556,
                            439
                        ],
                        [
                            556,
                            364
                        ]
                    ],
                    true
                ],
                [
                    21,
                    22,
                    [
                        [
                            556,
                            486
                        ],
                        [
                            556,
                            439
                        ]
                    ],
                    true
                ],
                [
                    22,
                    23,
                    [
                        [
                            505,
                            486
                        ],
                        [
                            556,
                            486
                        ]
                    ],
                    true
                ],
                [
                    23,
                    24,
                    [
                        [
                            449,
                            486
                        ],
                        [
                            505,
                            486
                        ]
                    ],
                    true
                ],
                [
                    24,
                    25,
                    [
                        [
                            399,
                            486
                        ],
                        [
                            449,
                            486
                        ]
                    ],
                    true
                ],
                [
                    25,
                    26,
                    [
                        [
                            381,
                            468
                        ],
                        [
                            399,
                            486
                        ]
                    ],
                    true
                ]
            ],
            "stations": [
                {
                    "coord": [
                        631,
                        289
                    ],
                    "is_working": true,
                    "name": "Sannomiya-Hanadokeimae",
                    "rect": [
                        643,
                        282,
                        134,
                        15
                    ],
                    "text_id": 18,
                    "uid": 17
                },
                {
                    "coord": [
                        605,
                        315
                    ],
                    "is_working": true,
                    "name": "Kyukyoryuchi-Daimarumae",
                    "rect": [
                        614,
                        311,
                        137,
                        15
                    ],
                    "text_id": 19,
                    "uid": 18
                },
                {
                    "coord": [
                        579,
                        341
                    ],
                    "is_working": true,
                    "name": "Minato Motomachi",
                    "rect": [
                        588,
                        337,
                        92,
                        15
                    ],
                    "text_id": 20,
                    "uid": 19
                },
                {
                    "coord": [
                        556,
                        364
                    ],
                    "is_working": true,
                    "name": "Harborland",
                    "rect": [
                        565,
                        360,
                        57,
                        15
                    ],
                    "text_id": 21,
                    "uid": 20
                },
                {
                    "coord": [
                        556,
                        439
                    ],
                    "is_working": true,
                    "name": "Chuo-Ichibamae",
                    "rect": [
                        565,
                        432,
                        82,
                        15
                    ],
                    "text_id": 22,
                    "uid": 21
                },
                {
                    "coord": [
                        556,
                        486
                    ],
                    "is_working": true,
                    "name": "Wadamisaki",
                    "rect": [
                        565,
                        480,
                        63,
                        15
                    ],
                    "text_id": 23,
                    "uid": 22
                },
                {
                    "coord": [
                        505,
                        486
                    ],
                    "is_working": true,
                    "name": "Misaki-Koen",
                    "rect": [
                        477,
                        493,
                        64,
                        15
                    ],
                    "text_id": 24,
                    "uid": 23
                },
                {
                    "coord": [
                        449,
                        486
                    ],
                    "is_working": true,
                    "name": "Karumo",
                    "rect": [
                        430,
                        464,
                        41,
                        15
                    ],
                    "text_id": 25,
                    "uid": 24
                },
                {
                    "coord": [
                        399,
                        486
                    ],
                    "is_working": true,
                    "name": "Komagabayashi",
                    "rect": [
                        347,
                        493,
                        82,
                        15
                    ],
                    "text_id": 26,
                    "uid": 25
                },
                {
                    "coord": [
                        381,
                        468
                    ],
                    "is_working": true,
                    "name": "Shin-Nagata",
                    "rect": [
                        308,
                        467,
                        62,
                        15
                    ],
                    "text_id": 8,
                    "uid": 26
                }
            ],
            "text_id": 27
        }
    ],
    "lines_width": 7,
    "name": "metro",
    "name_text_id": 28,
    "stations_diameter": 13.0,
    "transfers": [
        [
            8,
            26,
            [
                364,
                451
            ],
            [
                381,
                468
            ]
        ],
        [
            2,
            17,
            [
                613,
                271
            ],
            [
                631,
                289
            ]
        ]
    ],
    "transports": [
        "metro"
    ],
    "type_name": "ROOT",
    "type_text_id": 29,
    "upper_case": false,
    "width": 781,
    "word_wrap": false
}