{
    "0": "Tsuen Wan",
    "1": "Tai Wo Hau",
    "2": "Kwai Hing",
    "3": "Kwai Fong",
    "4": "Lai King",
    "5": "Mei Foo",
    "6": "Lai Chi Kok",
    "7": "Cheung Sha Wan",
    "8": "Sham Shui Po",
    "9": "Prince Edward",
    "10": "Mong Kok",
    "11": "Yau Ma Tei",
    "12": "Jordan",
    "13": "Tsim Sha Tsui",
    "14": "Admiralty",
    "15": "Central",
    "16": "Tsuen Wan Line",
    "17": "Hung Hom",
    "18": "East Tsim Sha Tsui",
    "19": "Austin",
    "20": "Nam Cheong",
    "21": "Tsuen Wan West",
    "22": "Kam Sheung Road",
    "23": "Yuen Long",
    "24": "Long Ping",
    "25": "Tin Shui Wai",
    "26": "Hung Shui Kiu",
    "27": "Siu Hong",
    "28": "Tuen Mun",
    "29": "West Rail",
    "30": "Ocean Park",
    "31": "Wong Chuk Hang",
    "32": "Lei Tung",
    "33": "South Horizons",
    "34": "South Island Line",
    "35": "Tung Chung",
    "36": "Sunny Bay",
    "37": "Tsing Yi",
    "38": "Olympic",
    "39": "Kowloon",
    "40": "Hong Kong",
    "41": "Tung Chung Line",
    "42": "Whampoa",
    "43": "Ho Man Tin",
    "44": "Shek Kip Mei",
    "45": "Kowloon Tong",
    "46": "Lok Fu",
    "47": "Wong Tai Sin",
    "48": "Diamond Hill",
    "49": "Choi Hung",
    "50": "Kowloon Bay",
    "51": "Ngau Tau Kok",
    "52": "Kwun Tong",
    "53": "Lam Tin",
    "54": "Yau Tong",
    "55": "Tiu Keng Leng",
    "56": "Kwun Tong Line",
    "57": "AsiaWorld Expo",
    "58": "Airport",
    "59": "Airport Express",
    "60": "Kennedy Town",
    "61": "HKU",
    "62": "Sai Ying Pun",
    "63": "Sheung Wan",
    "64": "Wan Chai",
    "65": "Causeway Bay",
    "66": "Tin Hau",
    "67": "Fortress Hill",
    "68": "North Point",
    "69": "Quarry Bay",
    "70": "Tai Koo",
    "71": "Sai Wan Ho",
    "72": "Shau Kei Wan",
    "73": "Feng Fa Chuen",
    "74": "Chai Wan",
    "75": "Island Line",
    "76": "Tai Wai",
    "77": "Sha Tin",
    "78": "Fo Tan/Racecourse",
    "79": "University",
    "80": "Tai Po Market",
    "81": "Tai Wo",
    "82": "Fanling",
    "83": "Sheung Shui",
    "84": "Lo Wu",
    "85": "Lok Ma Chau",
    "86": "KCR East Rail",
    "87": "Tseung Kwan O",
    "88": "Hang Hau",
    "89": "Po Lam",
    "90": "LOHAS Park",
    "91": "Tseung Kwan O Line",
    "92": "Disneyland Resort",
    "93": "Disneyland Resort Line",
    "94": "Che King Temple",
    "95": "Sha Tin Wai",
    "96": "City One",
    "97": "Shek Mun",
    "98": "Tai Shui Hang",
    "99": "Hang On",
    "100": "Ma On Shan",
    "101": "Wu Kai Sha",
    "102": "Ma On Shan Line",
    "103": "Metro",
    "104": "ROOT",
    "105": "Shema ot 04.03.2017g.\nAvtor: Muradov Boris",
    "106": "Imported from http://pmetro.su"
}