{
    "default_transports": [
        "metro"
    ],
    "height": 520,
    "images": [
        "res/schemes/m2.svg"
    ],
    "is_vector": true,
    "lines": [
        {
            "labels_bg_color": "-1",
            "labels_color": "000000",
            "line_color": "FFCD31",
            "line_width": 9,
            "name": "M1",
            "segments": [],
            "stations": [
                {
                    "coord": null,
                    "is_working": true,
                    "name": "Mexikoi Ut",
                    "rect": null,
                    "text_id": 0,
                    "uid": 0
                },
                {
                    "coord": null,
                    "is_working": true,
                    "name": "Szechenyi furdo",
                    "rect": null,
                    "text_id": 1,
                    "uid": 1
                },
                {
                    "coord": null,
                    "is_working": true,
                    "name": "Hosok tere",
                    "rect": null,
                    "text_id": 2,
                    "uid": 2
                },
                {
                    "coord": null,
                    "is_working": true,
                    "name": "Bajza utca",
                    "rect": null,
                    "text_id": 3,
                    "uid": 3
                },
                {
                    "coord": null,
                    "is_working": true,
                    "name": "Kodaly korond",
                    "rect": null,
                    "text_id": 4,
                    "uid": 4
                },
                {
                    "coord": null,
                    "is_working": true,
                    "name": "Vorosmarty utca",
                    "rect": null,
                    "text_id": 5,
                    "uid": 5
                },
                {
                    "coord": null,
                    "is_working": true,
                    "name": "Oktogon",
                    "rect": null,
                    "text_id": 6,
                    "uid": 6
                },
                {
                    "coord": null,
                    "is_working": true,
                    "name": "Opera",
                    "rect": null,
                    "text_id": 7,
                    "uid": 7
                },
                {
                    "coord": null,
                    "is_working": true,
                    "name": "Bajcsy- Zsilinszky ut",
                    "rect": null,
                    "text_id": 8,
                    "uid": 8
                },
                {
                    "coord": [
                        181,
                        230
                    ],
                    "is_working": true,
                    "name": "Deak Ferenc ter",
                    "rect": [
                        60,
                        215,
                        100,
                        20
                    ],
                    "text_id": 9,
                    "uid": 9
                },
                {
                    "coord": null,
                    "is_working": true,
                    "name": "Vorosmarty ter",
                    "rect": null,
                    "text_id": 10,
                    "uid": 10
                }
            ],
            "text_id": 11
        },
        {
            "labels_bg_color": "-1",
            "labels_color": "000000",
            "line_color": "FD0000",
            "line_width": 9,
            "name": "M2",
            "segments": [
                [
                    11,
                    12,
                    [
                        [
                            200,
                            90
                        ],
                        [
                            200,
                            60
                        ]
                    ],
                    true
                ],
                [
                    12,
                    13,
                    [
                        [
                            200,
                            120
                        ],
                        [
                            200,
                            90
                        ]
                    ],
                    true
                ],
                [
                    13,
                    14,
                    [
                        [
                            200,
                            150
                        ],
                        [
                            200,
                            120
                        ]
                    ],
                    true
                ],
                [
                    14,
                    15,
                    [
                        [
                            200,
                            180
                        ],
                        [
                            200,
                            150
                        ]
                    ],
                    true
                ],
                [
                    15,
                    16,
                    [
                        [
                            200,
                            210
                        ],
                        [
                            200,
                            180
                        ]
                    ],
                    true
                ],
                [
                    16,
                    17,
                    [
                        [
                            200,
                            240
                        ],
                        [
                            200,
                            210
                        ]
                    ],
                    true
                ],
                [
                    17,
                    18,
                    [
                        [
                            200,
                            270
                        ],
                        [
                            200,
                            240
                        ]
                    ],
                    true
                ],
                [
                    18,
                    19,
                    [
                        [
                            200,
                            300
                        ],
                        [
                            200,
                            270
                        ]
                    ],
                    true
                ],
                [
                    19,
                    20,
                    [
                        [
                            200,
                            330
                        ],
                        [
                            200,
                            300
                        ]
                    ],
                    true
                ],
                [
                    20,
                    21,
                    [
                        [
                            200,
                            370
                        ],
                        [
                            200,
                            330
                        ]
                    ],
                    true
                ]
            ],
            "stations": [
                {
                    "coord": [
                        200,
                        60
                    ],
                    "is_working": true,
                    "name": "Ors Vezer tere",
                    "rect": [
                        215,
                        50,
                        100,
                        20
                    ],
                    "text_id": 12,
                    "uid": 11
                },
                {
                    "coord": [
                        200,
                        90
                    ],
                    "is_working": true,
                    "name": "Pillango utca",
                    "rect": [
                        215,
                        80,
                        100,
                        20
                    ],
                    "text_id": 13,
                    "uid": 12
                },
                {
                    "coord": [
                        200,
                        120
                    ],
                    "is_working": true,
                    "name": "Stadionok",
                    "rect": [
                        215,
                        110,
                        100,
                        20
                    ],
                    "text_id": 14,
                    "uid": 13
                },
                {
                    "coord": [
                        200,
                        150
                    ],
                    "is_working": true,
                    "name": "Keleti palyaudvar",
                    "rect": [
                        215,
                        140,
                        100,
                        20
                    ],
                    "text_id": 15,
                    "uid": 14
                },
                {
                    "coord": [
                        200,
                        180
                    ],
                    "is_working": true,
                    "name": "Blaha Lujza ter",
                    "rect": [
                        215,
                        170,
                        100,
                        20
                    ],
                    "text_id": 16,
                    "uid": 15
                },
                {
                    "coord": [
                        200,
                        210
                    ],
                    "is_working": true,
                    "name": "Astoria",
                    "rect": [
                        215,
                        200,
                        100,
                        20
                    ],
                    "text_id": 17,
                    "uid": 16
                },
                {
                    "coord": [
                        200,
                        240
                    ],
                    "is_working": true,
                    "name": "Deak Ferenc ter",
                    "rect": [
                        215,
                        230,
                        100,
                        20
                    ],
                    "text_id": 9,
                    "uid": 17
                },
                {
                    "coord": [
                        200,
                        270
                    ],
                    "is_working": true,
                    "name": "Kossuth Lajos ter",
                    "rect": [
                        215,
                        260,
                        100,
                        20
                    ],
                    "text_id": 18,
                    "uid": 18
                },
                {
                    "coord": [
                        200,
                        300
                    ],
                    "is_working": true,
                    "name": "Batthyany ter",
                    "rect": [
                        215,
                        290,
                        100,
                        20
                    ],
                    "text_id": 19,
                    "uid": 19
                },
                {
                    "coord": [
                        200,
                        330
                    ],
                    "is_working": true,
                    "name": "Moszkva ter",
                    "rect": [
                        214,
                        320,
                        100,
                        20
                    ],
                    "text_id": 20,
                    "uid": 20
                },
                {
                    "coord": [
                        200,
                        370
                    ],
                    "is_working": true,
                    "name": "Deli palyaudvar",
                    "rect": [
                        215,
                        360,
                        100,
                        20
                    ],
                    "text_id": 21,
                    "uid": 21
                }
            ],
            "text_id": 22
        },
        {
            "labels_bg_color": "-1",
            "labels_color": "000000",
            "line_color": "8383FF",
            "line_width": 9,
            "name": "M3",
            "segments": [],
            "stations": [
                {
                    "coord": null,
                    "is_working": true,
                    "name": "Kobanya-Kispest",
                    "rect": null,
                    "text_id": 23,
                    "uid": 22
                },
                {
                    "coord": null,
                    "is_working": true,
                    "name": "Hatar ut",
                    "rect": null,
                    "text_id": 24,
                    "uid": 23
                },
                {
                    "coord": null,
                    "is_working": true,
                    "name": "Pottyos utca",
                    "rect": null,
                    "text_id": 25,
                    "uid": 24
                },
                {
                    "coord": null,
                    "is_working": true,
                    "name": "Ecseri ut",
                    "rect": null,
                    "text_id": 26,
                    "uid": 25
                },
                {
                    "coord": null,
                    "is_working": true,
                    "name": "Nepliget",
                    "rect": null,
                    "text_id": 27,
                    "uid": 26
                },
                {
                    "coord": null,
                    "is_working": true,
                    "name": "Nagyvarad ter",
                    "rect": null,
                    "text_id": 28,
                    "uid": 27
                },
                {
                    "coord": null,
                    "is_working": true,
                    "name": "Klinikak",
                    "rect": null,
                    "text_id": 29,
                    "uid": 28
                },
                {
                    "coord": null,
                    "is_working": true,
                    "name": "Ferenc Korut",
                    "rect": null,
                    "text_id": 30,
                    "uid": 29
                },
                {
                    "coord": null,
                    "is_working": true,
                    "name": "Kalvin ter",
                    "rect": null,
                    "text_id": 31,
                    "uid": 30
                },
                {
                    "coord": null,
                    "is_working": true,
                    "name": "Ferenciek tere",
                    "rect": null,
                    "text_id": 32,
                    "uid": 31
                },
                {
                    "coord": [
                        181,
                        250
                    ],
                    "is_working": true,
                    "name": "Deak Ferenc ter",
                    "rect": [
                        60,
                        245,
                        100,
                        20
                    ],
                    "text_id": 9,
                    "uid": 32
                },
                {
                    "coord": null,
                    "is_working": true,
                    "name": "Arany Janos utca",
                    "rect": null,
                    "text_id": 33,
                    "uid": 33
                },
                {
                    "coord": null,
                    "is_working": true,
                    "name": "Nyugati ter",
                    "rect": null,
                    "text_id": 34,
                    "uid": 34
                },
                {
                    "coord": null,
                    "is_working": true,
                    "name": "Lehel ter",
                    "rect": null,
                    "text_id": 35,
                    "uid": 35
                },
                {
                    "coord": null,
                    "is_working": true,
                    "name": "Dozsa Gyorgy ut",
                    "rect": null,
                    "text_id": 36,
                    "uid": 36
                },
                {
                    "coord": null,
                    "is_working": true,
                    "name": "Arpad hid",
                    "rect": null,
                    "text_id": 37,
                    "uid": 37
                },
                {
                    "coord": null,
                    "is_working": true,
                    "name": "Forgach utca",
                    "rect": null,
                    "text_id": 38,
                    "uid": 38
                },
                {
                    "coord": null,
                    "is_working": true,
                    "name": "Gyongyosi utca",
                    "rect": null,
                    "text_id": 39,
                    "uid": 39
                },
                {
                    "coord": null,
                    "is_working": true,
                    "name": "Ujpest Varoskapu",
                    "rect": null,
                    "text_id": 40,
                    "uid": 40
                },
                {
                    "coord": null,
                    "is_working": false,
                    "name": "Ujpest-kozpont",
                    "rect": null,
                    "text_id": 41,
                    "uid": 41
                }
            ],
            "text_id": 42
        }
    ],
    "lines_width": 9,
    "name": "m2",
    "name_text_id": 22,
    "stations_diameter": 16.0,
    "transfers": [
        [
            9,
            17,
            [
                181,
                230
            ],
            [
                200,
                240
            ]
        ],
        [
            9,
            32,
            [
                181,
                230
            ],
            [
                181,
                250
            ]
        ],
        [
            17,
            32,
            [
                200,
                240
            ],
            [
                181,
                250
            ]
        ]
    ],
    "transports": [
        "metro"
    ],
    "type_name": "Метро",
    "type_text_id": 45,
    "upper_case": true,
    "width": 350,
    "word_wrap": true
}