{
    "0": "Frankfurt Sud",
    "1": "Schweizer Platz",
    "2": "Willy-Brandt-Platz",
    "3": "Hauptwache",
    "4": "Eschenheimer Tor",
    "5": "Gruneburgweg",
    "6": "Holzhausenstrasse",
    "7": "Miquel/Adickesallee",
    "8": "Dornbusch",
    "9": "Fritz-Tarnow-Strasse",
    "10": "Hugelstrasse",
    "11": "Lindenbaum",
    "12": "Weisser Stein",
    "13": "Heddernheim",
    "14": "Zeilweg",
    "15": "Heddernheimer Landstrasse",
    "16": "Nordwestzentrum",
    "17": "Romerstadt",
    "18": "Niddapark",
    "19": "Ginnheim",
    "20": "U1",
    "21": "Sandelmuhle",
    "22": "Riedwiese/Mertonviertel",
    "23": "Kalbach",
    "24": "Bonames Mitte",
    "25": "Nieder-Eschbach",
    "26": "Ober-Eschbach",
    "27": "Bad Homburg-Gonzenheim",
    "28": "U2",
    "29": "Wiesenau",
    "30": "Niederursel",
    "31": "Weisskirchen Ost",
    "32": "Bommersheim",
    "33": "Oberursel",
    "34": "Oberursel Stadtmitte",
    "35": "Portstrasse",
    "36": "Lahnstrasse",
    "37": "Glocknerwiese",
    "38": "Kupferhammer",
    "39": "Rosengartchen",
    "40": "Waldlust",
    "41": "Oberursel-Hohemark",
    "42": "U3",
    "43": "Bockenheimer Warte",
    "44": "Festhalle/Messe",
    "45": "Frankfurt Hauptbahnhof",
    "46": "Dom/Romer",
    "47": "Konstablerwache",
    "48": "Merianplatz",
    "49": "Hohenstrasse",
    "50": "Bornheim Mitte",
    "51": "Bornheim Seckbacher Landstrasse",
    "52": "U4",
    "53": "Musterschule",
    "54": "Glauburgstrasse",
    "55": "Deutsche Nationalbibliothek",
    "56": "Hauptfriedhof",
    "57": "Versorgungsamt",
    "58": "Eckenheimer Landstrasse/Marbachweg",
    "59": "Marbachweg/Sozialzentrum",
    "60": "Giessener Strasse",
    "61": "Theobald-Ziegler-Strasse",
    "62": "Ronneburgstrasse",
    "63": "Sigmund-Freud-Strasse",
    "64": "Preungesheim",
    "65": "U5",
    "66": "Praunheim Heerstrasse",
    "67": "Friedhof Westhausen",
    "68": "Stephan-Heise-Strasse",
    "69": "Hausener Weg",
    "70": "Fischstein",
    "71": "Industriehof/Neue Borse",
    "72": "Kirchplatz",
    "73": "Leipziger Strasse",
    "74": "Westend",
    "75": "Alte Oper",
    "76": "Zoo",
    "77": "Frankfurt Ost",
    "78": "U6",
    "79": "Hausen",
    "80": "Grosse Nelkenstrasse",
    "81": "Habsburgerallee",
    "82": "Parlamentsplatz",
    "83": "Eissporthalle/Festplatz",
    "84": "Johanna-Tesch-Platz",
    "85": "Schafflestrasse",
    "86": "Gwinnerstrasse",
    "87": "Kruppstrasse",
    "88": "Hessen-Center",
    "89": "Enkheim",
    "90": "U7",
    "91": "Metro",
    "92": "ROOT",
    "93": "Shema ot 14.08.2007g.\nAvtor: Varlamov Dmitrij (www.chpeks.com)",
    "94": "Imported from http://pmetro.su"
}