{
    "city_id": 3054643,
    "comments_text_id": 47,
    "default_locale": "ru",
    "delays": [
        {
            "ranges": [
                "08:00-20:00"
            ],
            "type": "day",
            "weekdays": null
        },
        {
            "ranges": [
                "20:00-24:00",
                "00:00-05:00"
            ],
            "type": "night",
            "weekdays": null
        }
    ],
    "description_text_id": 46,
    "file": "Budapest.zip",
    "latitude": 47.49835,
    "locales": [
        "ru",
        "en"
    ],
    "longitude": 19.04045,
    "map_id": "Budapest.zip",
    "schemes": [
        {
            "default_transports": [
                "metro"
            ],
            "file": "schemes/metro.json",
            "name": "metro",
            "name_text_id": 43,
            "root": true,
            "transports": [
                "metro"
            ],
            "type_name": "ROOT",
            "type_text_id": 44
        },
        {
            "default_transports": [
                "metro"
            ],
            "file": "schemes/m1.json",
            "name": "m1",
            "name_text_id": 11,
            "root": false,
            "transports": [
                "metro"
            ],
            "type_name": "Метро",
            "type_text_id": 45
        },
        {
            "default_transports": [
                "metro"
            ],
            "file": "schemes/m2.json",
            "name": "m2",
            "name_text_id": 22,
            "root": false,
            "transports": [
                "metro"
            ],
            "type_name": "Метро",
            "type_text_id": 45
        },
        {
            "default_transports": [
                "metro"
            ],
            "file": "schemes/m3.json",
            "name": "m3",
            "name_text_id": 42,
            "root": false,
            "transports": [
                "metro"
            ],
            "type_name": "Метро",
            "type_text_id": 45
        }
    ],
    "timestamp": 1426464000.0,
    "transport_types": [
        "Метро"
    ],
    "transports": [
        {
            "file": "transports/metro.json",
            "name": "metro",
            "type": "Метро"
        }
    ]
}