{
    "lines": [
        {
            "delays": [],
            "name": "22nd Street - Hoboken Terminal",
            "scheme": null,
            "segments": [
                [
                    0,
                    1,
                    120
                ],
                [
                    1,
                    0,
                    120
                ],
                [
                    1,
                    2,
                    120
                ],
                [
                    2,
                    1,
                    120
                ],
                [
                    2,
                    3,
                    120
                ],
                [
                    3,
                    2,
                    120
                ],
                [
                    3,
                    4,
                    120
                ],
                [
                    4,
                    3,
                    120
                ],
                [
                    4,
                    5,
                    120
                ],
                [
                    5,
                    4,
                    120
                ],
                [
                    5,
                    6,
                    120
                ],
                [
                    6,
                    5,
                    120
                ],
                [
                    6,
                    7,
                    120
                ],
                [
                    7,
                    6,
                    120
                ],
                [
                    7,
                    8,
                    120
                ],
                [
                    8,
                    7,
                    120
                ],
                [
                    8,
                    9,
                    120
                ],
                [
                    9,
                    8,
                    120
                ],
                [
                    9,
                    10,
                    120
                ],
                [
                    10,
                    9,
                    120
                ],
                [
                    10,
                    11,
                    120
                ],
                [
                    11,
                    10,
                    120
                ],
                [
                    11,
                    12,
                    120
                ],
                [
                    12,
                    11,
                    120
                ],
                [
                    12,
                    13,
                    120
                ],
                [
                    13,
                    12,
                    120
                ]
            ],
            "stations": [
                [
                    0,
                    "22nd Street",
                    0
                ],
                [
                    1,
                    "34th Street",
                    1
                ],
                [
                    2,
                    "45th Street",
                    2
                ],
                [
                    3,
                    "Danforth Avenue",
                    3
                ],
                [
                    4,
                    "Richard Street",
                    4
                ],
                [
                    5,
                    "Liberty State Park",
                    5
                ],
                [
                    6,
                    "Jersey Avenue",
                    6
                ],
                [
                    7,
                    "Marin Boulevard",
                    7
                ],
                [
                    8,
                    "Essex Street",
                    8
                ],
                [
                    9,
                    "Exchange Place",
                    9
                ],
                [
                    10,
                    "Harborside Financial Center",
                    10
                ],
                [
                    11,
                    "Harsimus Cove",
                    11
                ],
                [
                    12,
                    "Pavonia/Newport",
                    12
                ],
                [
                    13,
                    "Hoboken Terminal",
                    13
                ]
            ],
            "text_id": 14
        },
        {
            "delays": [],
            "name": "West Side Avenue - Tonnelle Avenue",
            "scheme": null,
            "segments": [
                [
                    14,
                    15,
                    120
                ],
                [
                    15,
                    14,
                    120
                ],
                [
                    15,
                    16,
                    120
                ],
                [
                    16,
                    15,
                    120
                ],
                [
                    16,
                    17,
                    120
                ],
                [
                    17,
                    16,
                    120
                ],
                [
                    17,
                    18,
                    120
                ],
                [
                    18,
                    17,
                    120
                ],
                [
                    18,
                    19,
                    120
                ],
                [
                    19,
                    18,
                    120
                ],
                [
                    19,
                    20,
                    120
                ],
                [
                    20,
                    19,
                    120
                ],
                [
                    20,
                    21,
                    120
                ],
                [
                    21,
                    20,
                    120
                ],
                [
                    21,
                    22,
                    120
                ],
                [
                    22,
                    21,
                    120
                ],
                [
                    22,
                    23,
                    120
                ],
                [
                    23,
                    22,
                    120
                ],
                [
                    23,
                    24,
                    120
                ],
                [
                    24,
                    23,
                    120
                ],
                [
                    24,
                    25,
                    120
                ],
                [
                    25,
                    24,
                    120
                ],
                [
                    25,
                    26,
                    120
                ],
                [
                    26,
                    25,
                    120
                ],
                [
                    26,
                    27,
                    120
                ],
                [
                    27,
                    26,
                    120
                ],
                [
                    27,
                    28,
                    120
                ],
                [
                    28,
                    27,
                    120
                ],
                [
                    28,
                    29,
                    120
                ],
                [
                    29,
                    28,
                    120
                ],
                [
                    29,
                    30,
                    120
                ],
                [
                    30,
                    29,
                    120
                ]
            ],
            "stations": [
                [
                    14,
                    "West Side Avenue",
                    15
                ],
                [
                    15,
                    "Martin Luther King Drive",
                    16
                ],
                [
                    16,
                    "Garfield Avenue",
                    17
                ],
                [
                    17,
                    "Liberty State Park",
                    5
                ],
                [
                    18,
                    "Jersey Avenue",
                    6
                ],
                [
                    19,
                    "Marin Boulevard",
                    7
                ],
                [
                    20,
                    "Essex Street",
                    8
                ],
                [
                    21,
                    "Exchange Place",
                    9
                ],
                [
                    22,
                    "Harborside Financial Center",
                    10
                ],
                [
                    23,
                    "Harsimus Cove",
                    11
                ],
                [
                    24,
                    "Pavonia/Newport",
                    12
                ],
                [
                    25,
                    "2nd Street",
                    18
                ],
                [
                    26,
                    "9th Street",
                    19
                ],
                [
                    27,
                    "Lincoln Harbor",
                    20
                ],
                [
                    28,
                    "Port Imperial",
                    21
                ],
                [
                    29,
                    "Bergenline Avenue",
                    22
                ],
                [
                    30,
                    "Tonnelle Avenue",
                    23
                ]
            ],
            "text_id": 24
        },
        {
            "delays": [],
            "name": "Hoboken Terminal - Tonnelle Avenue",
            "scheme": null,
            "segments": [
                [
                    31,
                    32,
                    120
                ],
                [
                    32,
                    31,
                    120
                ],
                [
                    32,
                    33,
                    120
                ],
                [
                    33,
                    32,
                    120
                ],
                [
                    33,
                    34,
                    120
                ],
                [
                    34,
                    33,
                    120
                ],
                [
                    34,
                    35,
                    120
                ],
                [
                    35,
                    34,
                    120
                ],
                [
                    35,
                    36,
                    120
                ],
                [
                    36,
                    35,
                    120
                ],
                [
                    36,
                    37,
                    120
                ],
                [
                    37,
                    36,
                    120
                ]
            ],
            "stations": [
                [
                    31,
                    "Hoboken Terminal",
                    13
                ],
                [
                    32,
                    "2nd Street",
                    18
                ],
                [
                    33,
                    "9th Street",
                    19
                ],
                [
                    34,
                    "Lincoln Harbor",
                    20
                ],
                [
                    35,
                    "Port Imperial",
                    21
                ],
                [
                    36,
                    "Bergenline Avenue",
                    22
                ],
                [
                    37,
                    "Tonnelle Avenue",
                    23
                ]
            ],
            "text_id": 25
        }
    ],
    "name": "metro",
    "transfers": [
        [
            17,
            5,
            120,
            true
        ],
        [
            25,
            32,
            120,
            true
        ],
        [
            26,
            33,
            120,
            true
        ],
        [
            27,
            34,
            120,
            true
        ],
        [
            28,
            35,
            120,
            true
        ],
        [
            29,
            36,
            120,
            true
        ],
        [
            30,
            37,
            120,
            true
        ],
        [
            18,
            6,
            120,
            true
        ],
        [
            19,
            7,
            120,
            true
        ],
        [
            20,
            8,
            120,
            true
        ],
        [
            21,
            9,
            120,
            true
        ],
        [
            22,
            10,
            120,
            true
        ],
        [
            23,
            11,
            120,
            true
        ],
        [
            24,
            12,
            120,
            true
        ],
        [
            13,
            31,
            120,
            true
        ]
    ],
    "type_name": "Трамвай"
}