{
    "0": "Chinor",
    "1": "Kipchok",
    "2": "Afrosiyob",
    "3": "Sirg'ali",
    "4": "Toshkent Xalqa Yo'li",
    "5": "Choshtepa",
    "6": "Olmazor",
    "7": "Chilonzor",
    "8": "Mirzo Ulug'bek",
    "9": "Novza",
    "10": "Milliy Bog'",
    "11": "Bunyodkor",
    "12": "Paxtakor",
    "13": "Mustaqillik Maydoni",
    "14": "Amir Temur Xiyoboni",
    "15": "Hamid Olimjon",
    "16": "Pushkin",
    "17": "Buyuk Ipak Yo'li",
    "18": "Beruniy",
    "19": "Tinchlik",
    "20": "Chorsu",
    "21": "G'afur G'ulom",
    "22": "Alisher Navoiy",
    "23": "O'zbekiston",
    "24": "Kosmonavtlar",
    "25": "Oybek",
    "26": "Toshkent",
    "27": "Mashinasozlar",
    "28": "Do'stlik",
    "29": "Ming O'rik",
    "30": "Yunus Rajabiy",
    "31": "Abdulla Qodiriy",
    "32": "Minor",
    "33": "Bodomzor",
    "34": "Shahriston",
    "35": "Yunus-Obod",
    "36": "Turkiston",
    "37": "Yunusobod",
    "38": "Do'stlik-2",
    "39": "Ohongaron",
    "40": "Tuzel",
    "41": "Iltifot",
    "42": "Rohat",
    "43": "Yangiobod",
    "44": "Qo'yliq",
    "45": "Mustaqilligining",
    "46": "Метро",
    "47": "ROOT",
    "48": "Метро",
    "49": "Схема от 18.01.2021г.\nИнформация о времени проезда:\n- ждем Вашей помощи...\nКарта взята с сайта http://www.metropoliten.uz/. Ссылку прислал Евгений Шустров.\nИнформация по cтанциям - с сайтов http://www2.naytov.com/~tourorient/tashkentmetro.html и http://www.metrotashkent.narod.ru.",
    "50": "Imported from http://pmetro.su"
}