{
    "default_transports": [
        "metro"
    ],
    "height": 537,
    "images": [
        "res/schemes/central.svg"
    ],
    "is_vector": true,
    "lines": [
        {
            "labels_bg_color": "-1",
            "labels_color": "000000",
            "line_color": "FF3108",
            "line_width": 9,
            "name": "Central",
            "segments": [
                [
                    135,
                    136,
                    [
                        [
                            132,
                            254
                        ],
                        [
                            32,
                            254
                        ]
                    ],
                    true
                ],
                [
                    136,
                    137,
                    [
                        [
                            167,
                            254
                        ],
                        [
                            132,
                            254
                        ]
                    ],
                    true
                ],
                [
                    137,
                    138,
                    [
                        [
                            210,
                            254
                        ],
                        [
                            167,
                            254
                        ]
                    ],
                    true
                ],
                [
                    138,
                    139,
                    [
                        [
                            281,
                            254
                        ],
                        [
                            210,
                            254
                        ]
                    ],
                    true
                ],
                [
                    139,
                    140,
                    [
                        [
                            321,
                            254
                        ],
                        [
                            281,
                            254
                        ]
                    ],
                    true
                ],
                [
                    140,
                    141,
                    [
                        [
                            410,
                            254
                        ],
                        [
                            321,
                            254
                        ]
                    ],
                    true
                ],
                [
                    141,
                    144,
                    [
                        [
                            529.0,
                            300.0
                        ],
                        [
                            526.31,
                            300.08
                        ],
                        [
                            523.75,
                            300.06
                        ],
                        [
                            521.32,
                            299.95
                        ],
                        [
                            519.0,
                            299.75
                        ],
                        [
                            516.79,
                            299.45
                        ],
                        [
                            514.7,
                            299.06
                        ],
                        [
                            512.76,
                            298.57
                        ],
                        [
                            511.0,
                            298.0
                        ],
                        [
                            509.51,
                            297.34
                        ],
                        [
                            508.17,
                            296.6
                        ],
                        [
                            506.93,
                            295.75
                        ],
                        [
                            505.75,
                            294.81
                        ],
                        [
                            504.62,
                            293.79
                        ],
                        [
                            503.48,
                            292.66
                        ],
                        [
                            502.31,
                            291.41
                        ],
                        [
                            501.0,
                            290.0
                        ],
                        [
                            499.41,
                            288.35
                        ],
                        [
                            497.68,
                            286.56
                        ],
                        [
                            495.89,
                            284.68
                        ],
                        [
                            494.06,
                            282.75
                        ],
                        [
                            492.25,
                            280.79
                        ],
                        [
                            490.45,
                            278.82
                        ],
                        [
                            488.68,
                            276.88
                        ],
                        [
                            487.0,
                            275.0
                        ],
                        [
                            485.49,
                            273.28
                        ],
                        [
                            484.08,
                            271.64
                        ],
                        [
                            482.71,
                            270.07
                        ],
                        [
                            481.38,
                            268.56
                        ],
                        [
                            480.04,
                            267.09
                        ],
                        [
                            478.7,
                            265.67
                        ],
                        [
                            477.36,
                            264.31
                        ],
                        [
                            476.0,
                            263.0
                        ],
                        [
                            474.59,
                            261.73
                        ],
                        [
                            473.14,
                            260.52
                        ],
                        [
                            471.68,
                            259.38
                        ],
                        [
                            470.19,
                            258.31
                        ],
                        [
                            468.63,
                            257.32
                        ],
                        [
                            467.06,
                            256.43
                        ],
                        [
                            465.49,
                            255.64
                        ],
                        [
                            464.0,
                            255.0
                        ],
                        [
                            462.75,
                            254.58
                        ],
                        [
                            461.54,
                            254.29
                        ],
                        [
                            460.22,
                            254.11
                        ],
                        [
                            458.75,
                            254.0
                        ],
                        [
                            457.07,
                            253.95
                        ],
                        [
                            455.09,
                            253.95
                        ],
                        [
                            452.79,
                            253.97
                        ],
                        [
                            450.0,
                            254.0
                        ],
                        [
                            446.53,
                            253.97
                        ],
                        [
                            442.53,
                            253.93
                        ],
                        [
                            438.1,
                            253.9
                        ],
                        [
                            433.25,
                            253.88
                        ],
                        [
                            428.04,
                            253.88
                        ],
                        [
                            422.44,
                            253.91
                        ],
                        [
                            416.42,
                            253.95
                        ],
                        [
                            410.0,
                            254.0
                        ]
                    ],
                    true
                ],
                [
                    142,
                    143,
                    [
                        [
                            457,
                            346
                        ],
                        [
                            393,
                            346
                        ]
                    ],
                    true
                ],
                [
                    143,
                    144,
                    [
                        [
                            529.0,
                            300.0
                        ],
                        [
                            526.15,
                            299.98
                        ],
                        [
                            523.47,
                            300.03
                        ],
                        [
                            520.97,
                            300.16
                        ],
                        [
                            518.62,
                            300.38
                        ],
                        [
                            516.41,
                            300.68
                        ],
                        [
                            514.38,
                            301.06
                        ],
                        [
                            512.54,
                            301.51
                        ],
                        [
                            511.0,
                            302.0
                        ],
                        [
                            509.91,
                            302.47
                        ],
                        [
                            509.06,
                            303.0
                        ],
                        [
                            508.31,
                            303.63
                        ],
                        [
                            507.62,
                            304.38
                        ],
                        [
                            506.96,
                            305.22
                        ],
                        [
                            506.2,
                            306.23
                        ],
                        [
                            505.29,
                            307.46
                        ],
                        [
                            504.0,
                            309.0
                        ],
                        [
                            501.99,
                            311.08
                        ],
                        [
                            499.61,
                            313.45
                        ],
                        [
                            497.05,
                            315.98
                        ],
                        [
                            494.38,
                            318.62
                        ],
                        [
                            491.68,
                            321.29
                        ],
                        [
                            489.02,
                            323.95
                        ],
                        [
                            486.4,
                            326.55
                        ],
                        [
                            484.0,
                            329.0
                        ],
                        [
                            482.03,
                            331.13
                        ],
                        [
                            480.3,
                            333.05
                        ],
                        [
                            478.67,
                            334.84
                        ],
                        [
                            477.12,
                            336.5
                        ],
                        [
                            475.59,
                            338.07
                        ],
                        [
                            474.06,
                            339.52
                        ],
                        [
                            472.55,
                            340.83
                        ],
                        [
                            471.0,
                            342.0
                        ],
                        [
                            469.34,
                            343.0
                        ],
                        [
                            467.62,
                            343.85
                        ],
                        [
                            465.88,
                            344.56
                        ],
                        [
                            464.12,
                            345.12
                        ],
                        [
                            462.37,
                            345.55
                        ],
                        [
                            460.59,
                            345.84
                        ],
                        [
                            458.8,
                            345.99
                        ],
                        [
                            457.0,
                            346.0
                        ]
                    ],
                    true
                ],
                [
                    144,
                    145,
                    [
                        [
                            559,
                            300
                        ],
                        [
                            529,
                            300
                        ]
                    ],
                    true
                ],
                [
                    145,
                    146,
                    [
                        [
                            589,
                            300
                        ],
                        [
                            559,
                            300
                        ]
                    ],
                    true
                ],
                [
                    146,
                    147,
                    [
                        [
                            622,
                            300
                        ],
                        [
                            589,
                            300
                        ]
                    ],
                    true
                ],
                [
                    147,
                    148,
                    [
                        [
                            652,
                            300
                        ],
                        [
                            622,
                            300
                        ]
                    ],
                    true
                ],
                [
                    148,
                    149,
                    [
                        [
                            720,
                            300
                        ],
                        [
                            652,
                            300
                        ]
                    ],
                    true
                ],
                [
                    149,
                    150,
                    [
                        [
                            796,
                            300
                        ],
                        [
                            720,
                            300
                        ]
                    ],
                    true
                ],
                [
                    150,
                    151,
                    [
                        [
                            832,
                            300
                        ],
                        [
                            796,
                            300
                        ]
                    ],
                    true
                ],
                [
                    151,
                    152,
                    [
                        [
                            867,
                            300
                        ],
                        [
                            832,
                            300
                        ]
                    ],
                    true
                ],
                [
                    152,
                    153,
                    [
                        [
                            931,
                            300
                        ],
                        [
                            867,
                            300
                        ]
                    ],
                    true
                ],
                [
                    153,
                    154,
                    [
                        [
                            1012,
                            300
                        ],
                        [
                            931,
                            300
                        ]
                    ],
                    true
                ],
                [
                    154,
                    155,
                    [
                        [
                            1091,
                            300
                        ],
                        [
                            1012,
                            300
                        ]
                    ],
                    true
                ],
                [
                    155,
                    156,
                    [
                        [
                            1170,
                            300
                        ],
                        [
                            1091,
                            300
                        ]
                    ],
                    true
                ],
                [
                    156,
                    157,
                    [
                        [
                            1236,
                            300
                        ],
                        [
                            1170,
                            300
                        ]
                    ],
                    true
                ],
                [
                    157,
                    158,
                    [
                        [
                            1266,
                            300
                        ],
                        [
                            1236,
                            300
                        ]
                    ],
                    true
                ],
                [
                    158,
                    159,
                    [
                        [
                            1338,
                            300
                        ],
                        [
                            1266,
                            300
                        ]
                    ],
                    true
                ],
                [
                    159,
                    160,
                    [
                        [
                            1417,
                            300
                        ],
                        [
                            1338,
                            300
                        ]
                    ],
                    true
                ],
                [
                    160,
                    161,
                    [
                        [
                            1487,
                            300
                        ],
                        [
                            1417,
                            300
                        ]
                    ],
                    true
                ],
                [
                    161,
                    162,
                    [
                        [
                            1553,
                            300
                        ],
                        [
                            1487,
                            300
                        ]
                    ],
                    true
                ],
                [
                    162,
                    163,
                    [
                        [
                            1638,
                            300
                        ],
                        [
                            1553,
                            300
                        ]
                    ],
                    true
                ],
                [
                    163,
                    164,
                    [
                        [
                            1700,
                            300
                        ],
                        [
                            1638,
                            300
                        ]
                    ],
                    true
                ],
                [
                    164,
                    165,
                    [
                        [
                            1738,
                            300
                        ],
                        [
                            1700,
                            300
                        ]
                    ],
                    true
                ],
                [
                    165,
                    166,
                    [
                        [
                            1846.0,
                            224.0
                        ],
                        [
                            1840.95,
                            229.17
                        ],
                        [
                            1836.06,
                            234.19
                        ],
                        [
                            1831.33,
                            239.05
                        ],
                        [
                            1826.75,
                            243.75
                        ],
                        [
                            1822.34,
                            248.28
                        ],
                        [
                            1818.08,
                            252.66
                        ],
                        [
                            1813.97,
                            256.89
                        ],
                        [
                            1810.0,
                            261.0
                        ],
                        [
                            1806.14,
                            265.03
                        ],
                        [
                            1802.42,
                            268.93
                        ],
                        [
                            1798.88,
                            272.65
                        ],
                        [
                            1795.5,
                            276.19
                        ],
                        [
                            1792.28,
                            279.53
                        ],
                        [
                            1789.27,
                            282.63
                        ],
                        [
                            1786.48,
                            285.48
                        ],
                        [
                            1784.0,
                            288.0
                        ],
                        [
                            1781.96,
                            290.07
                        ],
                        [
                            1780.2,
                            291.8
                        ],
                        [
                            1778.62,
                            293.29
                        ],
                        [
                            1777.19,
                            294.56
                        ],
                        [
                            1775.83,
                            295.66
                        ],
                        [
                            1774.54,
                            296.59
                        ],
                        [
                            1773.28,
                            297.36
                        ],
                        [
                            1772.0,
                            298.0
                        ],
                        [
                            1770.61,
                            298.55
                        ],
                        [
                            1769.15,
                            299.0
                        ],
                        [
                            1767.63,
                            299.36
                        ],
                        [
                            1766.06,
                            299.62
                        ],
                        [
                            1764.45,
                            299.79
                        ],
                        [
                            1762.75,
                            299.9
                        ],
                        [
                            1760.95,
                            299.96
                        ],
                        [
                            1759.0,
                            300.0
                        ],
                        [
                            1756.84,
                            300.08
                        ],
                        [
                            1754.53,
                            300.16
                        ],
                        [
                            1752.08,
                            300.22
                        ],
                        [
                            1749.5,
                            300.25
                        ],
                        [
                            1746.81,
                            300.24
                        ],
                        [
                            1744.0,
                            300.19
                        ],
                        [
                            1741.06,
                            300.11
                        ],
                        [
                            1738.0,
                            300.0
                        ]
                    ],
                    true
                ],
                [
                    165,
                    174,
                    [
                        [
                            1846.0,
                            372.0
                        ],
                        [
                            1841.19,
                            367.31
                        ],
                        [
                            1836.5,
                            362.75
                        ],
                        [
                            1831.94,
                            358.31
                        ],
                        [
                            1827.5,
                            354.0
                        ],
                        [
                            1823.2,
                            349.83
                        ],
                        [
                            1819.03,
                            345.78
                        ],
                        [
                            1814.97,
                            341.85
                        ],
                        [
                            1811.0,
                            338.0
                        ],
                        [
                            1807.07,
                            334.18
                        ],
                        [
                            1803.25,
                            330.47
                        ],
                        [
                            1799.58,
                            326.9
                        ],
                        [
                            1796.06,
                            323.5
                        ],
                        [
                            1792.69,
                            320.27
                        ],
                        [
                            1789.53,
                            317.25
                        ],
                        [
                            1786.6,
                            314.47
                        ],
                        [
                            1784.0,
                            312.0
                        ],
                        [
                            1781.91,
                            309.97
                        ],
                        [
                            1780.13,
                            308.25
                        ],
                        [
                            1778.55,
                            306.77
                        ],
                        [
                            1777.12,
                            305.5
                        ],
                        [
                            1775.78,
                            304.39
                        ],
                        [
                            1774.5,
                            303.45
                        ],
                        [
                            1773.27,
                            302.66
                        ],
                        [
                            1772.0,
                            302.0
                        ],
                        [
                            1770.61,
                            301.44
                        ],
                        [
                            1769.15,
                            300.99
                        ],
                        [
                            1767.64,
                            300.64
                        ],
                        [
                            1766.06,
                            300.38
                        ],
                        [
                            1764.45,
                            300.21
                        ],
                        [
                            1762.75,
                            300.1
                        ],
                        [
                            1760.95,
                            300.04
                        ],
                        [
                            1759.0,
                            300.0
                        ],
                        [
                            1756.84,
                            299.92
                        ],
                        [
                            1754.53,
                            299.84
                        ],
                        [
                            1752.08,
                            299.78
                        ],
                        [
                            1749.5,
                            299.75
                        ],
                        [
                            1746.81,
                            299.76
                        ],
                        [
                            1744.0,
                            299.81
                        ],
                        [
                            1741.06,
                            299.89
                        ],
                        [
                            1738.0,
                            300.0
                        ]
                    ],
                    true
                ],
                [
                    166,
                    167,
                    [
                        [
                            1907.0,
                            212.0
                        ],
                        [
                            1904.52,
                            211.95
                        ],
                        [
                            1902.06,
                            211.91
                        ],
                        [
                            1899.64,
                            211.88
                        ],
                        [
                            1897.25,
                            211.88
                        ],
                        [
                            1894.89,
                            211.89
                        ],
                        [
                            1892.56,
                            211.91
                        ],
                        [
                            1890.27,
                            211.95
                        ],
                        [
                            1888.0,
                            212.0
                        ],
                        [
                            1885.77,
                            212.04
                        ],
                        [
                            1883.56,
                            212.09
                        ],
                        [
                            1881.39,
                            212.16
                        ],
                        [
                            1879.25,
                            212.25
                        ],
                        [
                            1877.15,
                            212.38
                        ],
                        [
                            1875.07,
                            212.54
                        ],
                        [
                            1873.03,
                            212.74
                        ],
                        [
                            1871.0,
                            213.0
                        ],
                        [
                            1868.97,
                            213.33
                        ],
                        [
                            1866.96,
                            213.71
                        ],
                        [
                            1864.99,
                            214.14
                        ],
                        [
                            1863.06,
                            214.62
                        ],
                        [
                            1861.19,
                            215.15
                        ],
                        [
                            1859.39,
                            215.72
                        ],
                        [
                            1857.65,
                            216.34
                        ],
                        [
                            1856.0,
                            217.0
                        ],
                        [
                            1854.46,
                            217.71
                        ],
                        [
                            1853.02,
                            218.47
                        ],
                        [
                            1851.66,
                            219.27
                        ],
                        [
                            1850.38,
                            220.12
                        ],
                        [
                            1849.16,
                            221.02
                        ],
                        [
                            1848.03,
                            221.97
                        ],
                        [
                            1846.98,
                            222.96
                        ],
                        [
                            1846.0,
                            224.0
                        ]
                    ],
                    true
                ],
                [
                    167,
                    168,
                    [
                        [
                            1983,
                            212
                        ],
                        [
                            1907,
                            212
                        ]
                    ],
                    true
                ],
                [
                    168,
                    169,
                    [
                        [
                            2111,
                            212
                        ],
                        [
                            1983,
                            212
                        ]
                    ],
                    true
                ],
                [
                    169,
                    170,
                    [
                        [
                            2200,
                            212
                        ],
                        [
                            2111,
                            212
                        ]
                    ],
                    true
                ],
                [
                    170,
                    171,
                    [
                        [
                            2246,
                            212
                        ],
                        [
                            2200,
                            212
                        ]
                    ],
                    true
                ],
                [
                    171,
                    172,
                    [
                        [
                            2297,
                            212
                        ],
                        [
                            2246,
                            212
                        ]
                    ],
                    true
                ],
                [
                    172,
                    173,
                    [
                        [
                            2353,
                            212
                        ],
                        [
                            2297,
                            212
                        ]
                    ],
                    true
                ],
                [
                    174,
                    175,
                    [
                        [
                            1904.0,
                            387.0
                        ],
                        [
                            1902.05,
                            387.05
                        ],
                        [
                            1900.09,
                            387.09
                        ],
                        [
                            1898.12,
                            387.12
                        ],
                        [
                            1896.12,
                            387.12
                        ],
                        [
                            1894.13,
                            387.11
                        ],
                        [
                            1892.11,
                            387.09
                        ],
                        [
                            1890.08,
                            387.05
                        ],
                        [
                            1888.0,
                            387.0
                        ],
                        [
                            1885.85,
                            386.96
                        ],
                        [
                            1883.67,
                            386.91
                        ],
                        [
                            1881.49,
                            386.85
                        ],
                        [
                            1879.31,
                            386.75
                        ],
                        [
                            1877.16,
                            386.62
                        ],
                        [
                            1875.04,
                            386.45
                        ],
                        [
                            1872.97,
                            386.24
                        ],
                        [
                            1871.0,
                            386.0
                        ],
                        [
                            1869.18,
                            385.72
                        ],
                        [
                            1867.46,
                            385.39
                        ],
                        [
                            1865.8,
                            385.01
                        ],
                        [
                            1864.19,
                            384.56
                        ],
                        [
                            1862.61,
                            384.05
                        ],
                        [
                            1861.05,
                            383.46
                        ],
                        [
                            1859.52,
                            382.78
                        ],
                        [
                            1858.0,
                            382.0
                        ],
                        [
                            1856.46,
                            381.09
                        ],
                        [
                            1854.92,
                            380.07
                        ],
                        [
                            1853.39,
                            378.96
                        ],
                        [
                            1851.88,
                            377.75
                        ],
                        [
                            1850.38,
                            376.45
                        ],
                        [
                            1848.91,
                            375.06
                        ],
                        [
                            1847.45,
                            373.58
                        ],
                        [
                            1846.0,
                            372.0
                        ]
                    ],
                    true
                ],
                [
                    175,
                    176,
                    [
                        [
                            1942,
                            387
                        ],
                        [
                            1904,
                            387
                        ]
                    ],
                    true
                ],
                [
                    176,
                    177,
                    [
                        [
                            1990,
                            387
                        ],
                        [
                            1942,
                            387
                        ]
                    ],
                    true
                ],
                [
                    177,
                    178,
                    [
                        [
                            2064,
                            387
                        ],
                        [
                            1990,
                            387
                        ]
                    ],
                    true
                ],
                [
                    178,
                    179,
                    [
                        [
                            2095.0,
                            365.0
                        ],
                        [
                            2094.7,
                            366.95
                        ],
                        [
                            2094.31,
                            368.81
                        ],
                        [
                            2093.83,
                            370.58
                        ],
                        [
                            2093.25,
                            372.25
                        ],
                        [
                            2092.58,
                            373.83
                        ],
                        [
                            2091.82,
                            375.32
                        ],
                        [
                            2090.96,
                            376.71
                        ],
                        [
                            2090.0,
                            378.0
                        ],
                        [
                            2088.92,
                            379.19
                        ],
                        [
                            2087.74,
                            380.28
                        ],
                        [
                            2086.48,
                            381.28
                        ],
                        [
                            2085.12,
                            382.19
                        ],
                        [
                            2083.7,
                            383.01
                        ],
                        [
                            2082.2,
                            383.75
                        ],
                        [
                            2080.63,
                            384.41
                        ],
                        [
                            2079.0,
                            385.0
                        ],
                        [
                            2077.33,
                            385.52
                        ],
                        [
                            2075.62,
                            385.96
                        ],
                        [
                            2073.84,
                            386.33
                        ],
                        [
                            2072.0,
                            386.62
                        ],
                        [
                            2070.09,
                            386.84
                        ],
                        [
                            2068.12,
                            386.97
                        ],
                        [
                            2066.09,
                            387.02
                        ],
                        [
                            2064.0,
                            387.0
                        ]
                    ],
                    true
                ],
                [
                    179,
                    180,
                    [
                        [
                            2095,
                            336
                        ],
                        [
                            2095,
                            365
                        ]
                    ],
                    true
                ],
                [
                    180,
                    181,
                    [
                        [
                            2095,
                            310
                        ],
                        [
                            2095,
                            336
                        ]
                    ],
                    true
                ],
                [
                    181,
                    182,
                    [
                        [
                            2095,
                            284
                        ],
                        [
                            2095,
                            310
                        ]
                    ],
                    true
                ],
                [
                    182,
                    183,
                    [
                        [
                            2095,
                            258
                        ],
                        [
                            2095,
                            284
                        ]
                    ],
                    true
                ],
                [
                    183,
                    184,
                    [
                        [
                            1983.0,
                            236.0
                        ],
                        [
                            1988.91,
                            236.0
                        ],
                        [
                            1994.62,
                            236.0
                        ],
                        [
                            2000.16,
                            236.0
                        ],
                        [
                            2005.5,
                            236.0
                        ],
                        [
                            2010.65,
                            236.0
                        ],
                        [
                            2015.61,
                            236.0
                        ],
                        [
                            2020.39,
                            236.0
                        ],
                        [
                            2025.0,
                            236.0
                        ],
                        [
                            2029.47,
                            236.0
                        ],
                        [
                            2033.77,
                            236.0
                        ],
                        [
                            2037.86,
                            236.0
                        ],
                        [
                            2041.75,
                            236.0
                        ],
                        [
                            2045.45,
                            236.01
                        ],
                        [
                            2048.91,
                            236.01
                        ],
                        [
                            2052.12,
                            236.01
                        ],
                        [
                            2055.0,
                            236.0
                        ],
                        [
                            2057.42,
                            235.95
                        ],
                        [
                            2059.52,
                            235.89
                        ],
                        [
                            2061.42,
                            235.85
                        ],
                        [
                            2063.12,
                            235.81
                        ],
                        [
                            2064.7,
                            235.8
                        ],
                        [
                            2066.18,
                            235.82
                        ],
                        [
                            2067.58,
                            235.88
                        ],
                        [
                            2069.0,
                            236.0
                        ],
                        [
                            2070.55,
                            236.2
                        ],
                        [
                            2072.13,
                            236.46
                        ],
                        [
                            2073.7,
                            236.77
                        ],
                        [
                            2075.25,
                            237.12
                        ],
                        [
                            2076.73,
                            237.53
                        ],
                        [
                            2078.17,
                            237.98
                        ],
                        [
                            2079.59,
                            238.48
                        ],
                        [
                            2081.0,
                            239.0
                        ],
                        [
                            2082.42,
                            239.52
                        ],
                        [
                            2083.83,
                            240.08
                        ],
                        [
                            2085.19,
                            240.69
                        ],
                        [
                            2086.5,
                            241.38
                        ],
                        [
                            2087.75,
                            242.13
                        ],
                        [
                            2088.92,
                            242.98
                        ],
                        [
                            2090.01,
                            243.93
                        ],
                        [
                            2091.0,
                            245.0
                        ],
                        [
                            2091.85,
                            246.22
                        ],
                        [
                            2092.58,
                            247.58
                        ],
                        [
                            2093.21,
                            249.05
                        ],
                        [
                            2093.75,
                            250.62
                        ],
                        [
                            2094.2,
                            252.31
                        ],
                        [
                            2094.56,
                            254.09
                        ],
                        [
                            2094.83,
                            255.99
                        ],
                        [
                            2095.0,
                            258.0
                        ]
                    ],
                    true
                ]
            ],
            "stations": [
                {
                    "coord": [
                        32,
                        254
                    ],
                    "is_working": true,
                    "name": "West Ruislip",
                    "rect": [
                        15,
                        216,
                        44,
                        28
                    ],
                    "text_id": 132,
                    "uid": 135
                },
                {
                    "coord": [
                        132,
                        254
                    ],
                    "is_working": true,
                    "name": "Ruislip Gardens",
                    "rect": [
                        101,
                        264,
                        56,
                        28
                    ],
                    "text_id": 133,
                    "uid": 136
                },
                {
                    "coord": [
                        167,
                        254
                    ],
                    "is_working": true,
                    "name": "South Ruislip",
                    "rect": [
                        150,
                        217,
                        44,
                        28
                    ],
                    "text_id": 134,
                    "uid": 137
                },
                {
                    "coord": [
                        210,
                        254
                    ],
                    "is_working": true,
                    "name": "Nortolt",
                    "rect": [
                        185,
                        263,
                        52,
                        15
                    ],
                    "text_id": 135,
                    "uid": 138
                },
                {
                    "coord": [
                        281,
                        254
                    ],
                    "is_working": true,
                    "name": "Greenford",
                    "rect": [
                        249,
                        229,
                        70,
                        15
                    ],
                    "text_id": 136,
                    "uid": 139
                },
                {
                    "coord": [
                        321,
                        254
                    ],
                    "is_working": true,
                    "name": "Perivale",
                    "rect": [
                        298,
                        264,
                        55,
                        15
                    ],
                    "text_id": 137,
                    "uid": 140
                },
                {
                    "coord": [
                        410,
                        254
                    ],
                    "is_working": true,
                    "name": "Hanger Lane",
                    "rect": [
                        383,
                        217,
                        51,
                        28
                    ],
                    "text_id": 138,
                    "uid": 141
                },
                {
                    "coord": [
                        393,
                        346
                    ],
                    "is_working": true,
                    "name": "Ealing Broadway",
                    "rect": [
                        355,
                        308,
                        67,
                        28
                    ],
                    "text_id": 139,
                    "uid": 142
                },
                {
                    "coord": [
                        457,
                        346
                    ],
                    "is_working": true,
                    "name": "West Acton",
                    "rect": [
                        438,
                        356,
                        40,
                        28
                    ],
                    "text_id": 140,
                    "uid": 143
                },
                {
                    "coord": [
                        529,
                        300
                    ],
                    "is_working": true,
                    "name": "North Acton",
                    "rect": [
                        509,
                        311,
                        42,
                        28
                    ],
                    "text_id": 141,
                    "uid": 144
                },
                {
                    "coord": [
                        559,
                        300
                    ],
                    "is_working": true,
                    "name": "East Acton",
                    "rect": [
                        537,
                        261,
                        40,
                        28
                    ],
                    "text_id": 142,
                    "uid": 145
                },
                {
                    "coord": [
                        589,
                        300
                    ],
                    "is_working": true,
                    "name": "White City",
                    "rect": [
                        569,
                        309,
                        38,
                        28
                    ],
                    "text_id": 143,
                    "uid": 146
                },
                {
                    "coord": [
                        622,
                        300
                    ],
                    "is_working": true,
                    "name": "Shepherd's Bush",
                    "rect": [
                        585,
                        262,
                        73,
                        28
                    ],
                    "text_id": 144,
                    "uid": 147
                },
                {
                    "coord": [
                        652,
                        300
                    ],
                    "is_working": true,
                    "name": "Holland Park",
                    "rect": [
                        626,
                        309,
                        56,
                        28
                    ],
                    "text_id": 145,
                    "uid": 148
                },
                {
                    "coord": [
                        720,
                        300
                    ],
                    "is_working": true,
                    "name": "Notting Hill Gate",
                    "rect": [
                        692,
                        264,
                        57,
                        28
                    ],
                    "text_id": 146,
                    "uid": 149
                },
                {
                    "coord": [
                        796,
                        300
                    ],
                    "is_working": true,
                    "name": "Queensway",
                    "rect": [
                        756,
                        308,
                        72,
                        15
                    ],
                    "text_id": 147,
                    "uid": 150
                },
                {
                    "coord": [
                        832,
                        300
                    ],
                    "is_working": true,
                    "name": "Lancaster Gate",
                    "rect": [
                        798,
                        264,
                        70,
                        28
                    ],
                    "text_id": 148,
                    "uid": 151
                },
                {
                    "coord": [
                        867,
                        300
                    ],
                    "is_working": true,
                    "name": "Marble Arch",
                    "rect": [
                        844,
                        309,
                        50,
                        28
                    ],
                    "text_id": 149,
                    "uid": 152
                },
                {
                    "coord": [
                        931,
                        300
                    ],
                    "is_working": true,
                    "name": "Bond Street",
                    "rect": [
                        911,
                        263,
                        43,
                        28
                    ],
                    "text_id": 150,
                    "uid": 153
                },
                {
                    "coord": [
                        1012,
                        300
                    ],
                    "is_working": true,
                    "name": "Oxford Circus",
                    "rect": [
                        988,
                        263,
                        49,
                        28
                    ],
                    "text_id": 18,
                    "uid": 154
                },
                {
                    "coord": [
                        1091,
                        300
                    ],
                    "is_working": true,
                    "name": "Tottenham Court Road",
                    "rect": [
                        1055,
                        264,
                        75,
                        28
                    ],
                    "text_id": 151,
                    "uid": 155
                },
                {
                    "coord": [
                        1170,
                        300
                    ],
                    "is_working": true,
                    "name": "Holborn",
                    "rect": [
                        1142,
                        277,
                        56,
                        15
                    ],
                    "text_id": 40,
                    "uid": 156
                },
                {
                    "coord": [
                        1236,
                        300
                    ],
                    "is_working": true,
                    "name": "Chancery Lane",
                    "rect": [
                        1205,
                        262,
                        66,
                        28
                    ],
                    "text_id": 152,
                    "uid": 157
                },
                {
                    "coord": [
                        1266,
                        300
                    ],
                    "is_working": true,
                    "name": "St.Paul's",
                    "rect": [
                        1240,
                        311,
                        56,
                        15
                    ],
                    "text_id": 153,
                    "uid": 158
                },
                {
                    "coord": [
                        1338,
                        300
                    ],
                    "is_working": true,
                    "name": "Bank",
                    "rect": [
                        1323,
                        276,
                        34,
                        15
                    ],
                    "text_id": 91,
                    "uid": 159
                },
                {
                    "coord": [
                        1417,
                        300
                    ],
                    "is_working": true,
                    "name": "Liverpool Street",
                    "rect": [
                        1386,
                        263,
                        64,
                        28
                    ],
                    "text_id": 154,
                    "uid": 160
                },
                {
                    "coord": [
                        1487,
                        300
                    ],
                    "is_working": true,
                    "name": "Bethnal Green",
                    "rect": [
                        1460,
                        309,
                        55,
                        28
                    ],
                    "text_id": 155,
                    "uid": 161
                },
                {
                    "coord": [
                        1553,
                        300
                    ],
                    "is_working": true,
                    "name": "Mile End",
                    "rect": [
                        1538,
                        263,
                        30,
                        28
                    ],
                    "text_id": 156,
                    "uid": 162
                },
                {
                    "coord": [
                        1638,
                        300
                    ],
                    "is_working": true,
                    "name": "Stratford",
                    "rect": [
                        1608,
                        276,
                        67,
                        15
                    ],
                    "text_id": 114,
                    "uid": 163
                },
                {
                    "coord": [
                        1700,
                        300
                    ],
                    "is_working": true,
                    "name": "Leyton",
                    "rect": [
                        1676,
                        311,
                        44,
                        15
                    ],
                    "text_id": 157,
                    "uid": 164
                },
                {
                    "coord": [
                        1738,
                        300
                    ],
                    "is_working": true,
                    "name": "Leytonstone",
                    "rect": [
                        1694,
                        273,
                        80,
                        15
                    ],
                    "text_id": 158,
                    "uid": 165
                },
                {
                    "coord": [
                        1846,
                        224
                    ],
                    "is_working": true,
                    "name": "Snaresbrook",
                    "rect": [
                        1753,
                        205,
                        87,
                        15
                    ],
                    "text_id": 159,
                    "uid": 166
                },
                {
                    "coord": [
                        1907,
                        212
                    ],
                    "is_working": true,
                    "name": "South Woodford",
                    "rect": [
                        1866,
                        175,
                        66,
                        28
                    ],
                    "text_id": 160,
                    "uid": 167
                },
                {
                    "coord": [
                        1983,
                        212
                    ],
                    "is_working": true,
                    "name": "Woodford I",
                    "rect": [
                        1949,
                        185,
                        66,
                        15
                    ],
                    "text_id": 161,
                    "uid": 168
                },
                {
                    "coord": [
                        2111,
                        212
                    ],
                    "is_working": true,
                    "name": "Buckhurst Hill",
                    "rect": [
                        2074,
                        176,
                        73,
                        28
                    ],
                    "text_id": 162,
                    "uid": 169
                },
                {
                    "coord": [
                        2200,
                        212
                    ],
                    "is_working": true,
                    "name": "Loughton",
                    "rect": [
                        2170,
                        223,
                        62,
                        15
                    ],
                    "text_id": 163,
                    "uid": 170
                },
                {
                    "coord": [
                        2246,
                        212
                    ],
                    "is_working": true,
                    "name": "Debden",
                    "rect": [
                        2222,
                        188,
                        48,
                        15
                    ],
                    "text_id": 164,
                    "uid": 171
                },
                {
                    "coord": [
                        2297,
                        212
                    ],
                    "is_working": true,
                    "name": "Theydon Bois",
                    "rect": [
                        2268,
                        220,
                        56,
                        28
                    ],
                    "text_id": 165,
                    "uid": 172
                },
                {
                    "coord": [
                        2353,
                        212
                    ],
                    "is_working": true,
                    "name": "Epping",
                    "rect": [
                        2332,
                        189,
                        42,
                        15
                    ],
                    "text_id": 166,
                    "uid": 173
                },
                {
                    "coord": [
                        1846,
                        372
                    ],
                    "is_working": true,
                    "name": "Wanstead",
                    "rect": [
                        1766,
                        377,
                        64,
                        15
                    ],
                    "text_id": 167,
                    "uid": 174
                },
                {
                    "coord": [
                        1904,
                        387
                    ],
                    "is_working": true,
                    "name": "Redbridge",
                    "rect": [
                        1869,
                        362,
                        67,
                        15
                    ],
                    "text_id": 168,
                    "uid": 175
                },
                {
                    "coord": [
                        1942,
                        387
                    ],
                    "is_working": true,
                    "name": "Gants Hill",
                    "rect": [
                        1913,
                        395,
                        41,
                        28
                    ],
                    "text_id": 169,
                    "uid": 176
                },
                {
                    "coord": [
                        1990,
                        387
                    ],
                    "is_working": true,
                    "name": "Newbury Park",
                    "rect": [
                        1957,
                        349,
                        60,
                        28
                    ],
                    "text_id": 170,
                    "uid": 177
                },
                {
                    "coord": [
                        2064,
                        387
                    ],
                    "is_working": true,
                    "name": "Barkingside",
                    "rect": [
                        2026,
                        397,
                        78,
                        15
                    ],
                    "text_id": 171,
                    "uid": 178
                },
                {
                    "coord": [
                        2095,
                        365
                    ],
                    "is_working": true,
                    "name": "Fairlop",
                    "rect": [
                        2105,
                        358,
                        48,
                        15
                    ],
                    "text_id": 172,
                    "uid": 179
                },
                {
                    "coord": [
                        2095,
                        336
                    ],
                    "is_working": true,
                    "name": "Hainault",
                    "rect": [
                        2029,
                        330,
                        57,
                        15
                    ],
                    "text_id": 173,
                    "uid": 180
                },
                {
                    "coord": [
                        2095,
                        310
                    ],
                    "is_working": true,
                    "name": "Grange Hill",
                    "rect": [
                        2104,
                        297,
                        51,
                        28
                    ],
                    "text_id": 174,
                    "uid": 181
                },
                {
                    "coord": [
                        2095,
                        284
                    ],
                    "is_working": true,
                    "name": "Chigwell",
                    "rect": [
                        2029,
                        276,
                        58,
                        15
                    ],
                    "text_id": 175,
                    "uid": 182
                },
                {
                    "coord": [
                        2095,
                        258
                    ],
                    "is_working": true,
                    "name": "Roding Valley",
                    "rect": [
                        2103,
                        245,
                        47,
                        28
                    ],
                    "text_id": 176,
                    "uid": 183
                },
                {
                    "coord": [
                        1983,
                        236
                    ],
                    "is_working": true,
                    "name": "Woodford II",
                    "rect": [
                        1949,
                        185,
                        66,
                        15
                    ],
                    "text_id": 161,
                    "uid": 184
                }
            ],
            "text_id": 177
        }
    ],
    "lines_width": 9,
    "name": "central",
    "name_text_id": 177,
    "stations_diameter": 15.0,
    "transfers": [
        [
            168,
            184,
            [
                1983,
                212
            ],
            [
                1983,
                236
            ]
        ]
    ],
    "transports": [
        "metro"
    ],
    "type_name": "Метро",
    "type_text_id": 321,
    "upper_case": true,
    "width": 2503,
    "word_wrap": true
}