{
    "default_transports": [
        "metro"
    ],
    "height": 677,
    "images": [
        "res/schemes/circle.svg"
    ],
    "is_vector": true,
    "lines": [
        {
            "labels_bg_color": "-1",
            "labels_color": "000000",
            "line_color": "FCCC04",
            "line_width": 9,
            "name": "Circle",
            "segments": [
                [
                    185,
                    186,
                    [
                        [
                            891,
                            261
                        ],
                        [
                            780,
                            261
                        ]
                    ],
                    true
                ],
                [
                    185,
                    211,
                    [
                        [
                            684,
                            261
                        ],
                        [
                            780,
                            261
                        ]
                    ],
                    true
                ],
                [
                    186,
                    187,
                    [
                        [
                            999,
                            261
                        ],
                        [
                            891,
                            261
                        ]
                    ],
                    true
                ],
                [
                    187,
                    188,
                    [
                        [
                            1104,
                            261
                        ],
                        [
                            999,
                            261
                        ]
                    ],
                    true
                ],
                [
                    188,
                    189,
                    [
                        [
                            1218,
                            261
                        ],
                        [
                            1104,
                            261
                        ]
                    ],
                    true
                ],
                [
                    189,
                    190,
                    [
                        [
                            1331,
                            261
                        ],
                        [
                            1218,
                            261
                        ]
                    ],
                    true
                ],
                [
                    190,
                    191,
                    [
                        [
                            1430,
                            261
                        ],
                        [
                            1331,
                            261
                        ]
                    ],
                    true
                ],
                [
                    191,
                    192,
                    [
                        [
                            1581.0,
                            294.0
                        ],
                        [
                            1581.06,
                            291.73
                        ],
                        [
                            1581.0,
                            289.53
                        ],
                        [
                            1580.81,
                            287.41
                        ],
                        [
                            1580.5,
                            285.38
                        ],
                        [
                            1580.07,
                            283.42
                        ],
                        [
                            1579.51,
                            281.54
                        ],
                        [
                            1578.82,
                            279.73
                        ],
                        [
                            1578.0,
                            278.0
                        ],
                        [
                            1577.03,
                            276.34
                        ],
                        [
                            1575.93,
                            274.75
                        ],
                        [
                            1574.71,
                            273.24
                        ],
                        [
                            1573.38,
                            271.81
                        ],
                        [
                            1571.94,
                            270.47
                        ],
                        [
                            1570.39,
                            269.21
                        ],
                        [
                            1568.75,
                            268.05
                        ],
                        [
                            1567.0,
                            267.0
                        ],
                        [
                            1565.15,
                            266.07
                        ],
                        [
                            1563.2,
                            265.25
                        ],
                        [
                            1561.19,
                            264.52
                        ],
                        [
                            1559.06,
                            263.88
                        ],
                        [
                            1556.71,
                            263.3
                        ],
                        [
                            1554.34,
                            262.79
                        ],
                        [
                            1552.0,
                            262.36
                        ],
                        [
                            1550.0,
                            262.0
                        ],
                        [
                            1548.89,
                            261.71
                        ],
                        [
                            1547.98,
                            261.49
                        ],
                        [
                            1546.79,
                            261.31
                        ],
                        [
                            1545.19,
                            261.19
                        ],
                        [
                            1542.93,
                            261.1
                        ],
                        [
                            1539.79,
                            261.05
                        ],
                        [
                            1535.63,
                            261.02
                        ],
                        [
                            1530.0,
                            261.0
                        ],
                        [
                            1522.21,
                            260.96
                        ],
                        [
                            1512.8,
                            260.92
                        ],
                        [
                            1502.04,
                            260.89
                        ],
                        [
                            1490.0,
                            260.88
                        ],
                        [
                            1476.86,
                            260.88
                        ],
                        [
                            1462.5,
                            260.91
                        ],
                        [
                            1446.88,
                            260.95
                        ],
                        [
                            1430.0,
                            261.0
                        ]
                    ],
                    true
                ],
                [
                    192,
                    193,
                    [
                        [
                            1581,
                            446
                        ],
                        [
                            1581,
                            294
                        ]
                    ],
                    true
                ],
                [
                    193,
                    194,
                    [
                        [
                            1545.0,
                            527.0
                        ],
                        [
                            1547.34,
                            527.2
                        ],
                        [
                            1549.62,
                            527.31
                        ],
                        [
                            1551.84,
                            527.33
                        ],
                        [
                            1554.0,
                            527.25
                        ],
                        [
                            1556.08,
                            527.08
                        ],
                        [
                            1558.11,
                            526.81
                        ],
                        [
                            1560.08,
                            526.45
                        ],
                        [
                            1562.0,
                            526.0
                        ],
                        [
                            1563.91,
                            525.45
                        ],
                        [
                            1565.77,
                            524.81
                        ],
                        [
                            1567.55,
                            524.08
                        ],
                        [
                            1569.25,
                            523.25
                        ],
                        [
                            1570.87,
                            522.33
                        ],
                        [
                            1572.38,
                            521.31
                        ],
                        [
                            1573.77,
                            520.2
                        ],
                        [
                            1575.0,
                            519.0
                        ],
                        [
                            1576.02,
                            517.7
                        ],
                        [
                            1576.88,
                            516.31
                        ],
                        [
                            1577.62,
                            514.83
                        ],
                        [
                            1578.25,
                            513.25
                        ],
                        [
                            1578.8,
                            511.54
                        ],
                        [
                            1579.28,
                            509.75
                        ],
                        [
                            1579.67,
                            507.88
                        ],
                        [
                            1580.0,
                            506.0
                        ],
                        [
                            1580.28,
                            504.21
                        ],
                        [
                            1580.5,
                            502.38
                        ],
                        [
                            1580.68,
                            500.4
                        ],
                        [
                            1580.81,
                            498.25
                        ],
                        [
                            1580.9,
                            495.88
                        ],
                        [
                            1580.95,
                            493.25
                        ],
                        [
                            1580.98,
                            490.32
                        ],
                        [
                            1581.0,
                            487.0
                        ],
                        [
                            1581.04,
                            483.15
                        ],
                        [
                            1581.08,
                            478.88
                        ],
                        [
                            1581.11,
                            474.24
                        ],
                        [
                            1581.12,
                            469.25
                        ],
                        [
                            1581.12,
                            463.95
                        ],
                        [
                            1581.09,
                            458.31
                        ],
                        [
                            1581.05,
                            452.33
                        ],
                        [
                            1581.0,
                            446.0
                        ]
                    ],
                    true
                ],
                [
                    194,
                    195,
                    [
                        [
                            1456,
                            527
                        ],
                        [
                            1545,
                            527
                        ]
                    ],
                    true
                ],
                [
                    195,
                    196,
                    [
                        [
                            1361,
                            527
                        ],
                        [
                            1456,
                            527
                        ]
                    ],
                    true
                ],
                [
                    196,
                    197,
                    [
                        [
                            1314,
                            527
                        ],
                        [
                            1361,
                            527
                        ]
                    ],
                    true
                ],
                [
                    197,
                    198,
                    [
                        [
                            1235,
                            527
                        ],
                        [
                            1314,
                            527
                        ]
                    ],
                    true
                ],
                [
                    198,
                    199,
                    [
                        [
                            1160,
                            527
                        ],
                        [
                            1235,
                            527
                        ]
                    ],
                    true
                ],
                [
                    199,
                    200,
                    [
                        [
                            1085,
                            527
                        ],
                        [
                            1160,
                            527
                        ]
                    ],
                    true
                ],
                [
                    200,
                    201,
                    [
                        [
                            985,
                            527
                        ],
                        [
                            1085,
                            527
                        ]
                    ],
                    true
                ],
                [
                    201,
                    202,
                    [
                        [
                            903,
                            527
                        ],
                        [
                            985,
                            527
                        ]
                    ],
                    true
                ],
                [
                    202,
                    203,
                    [
                        [
                            821,
                            527
                        ],
                        [
                            903,
                            527
                        ]
                    ],
                    true
                ],
                [
                    203,
                    204,
                    [
                        [
                            755,
                            527
                        ],
                        [
                            821,
                            527
                        ]
                    ],
                    true
                ],
                [
                    204,
                    205,
                    [
                        [
                            672,
                            527
                        ],
                        [
                            755,
                            527
                        ]
                    ],
                    true
                ],
                [
                    205,
                    206,
                    [
                        [
                            582,
                            527
                        ],
                        [
                            672,
                            527
                        ]
                    ],
                    true
                ],
                [
                    206,
                    207,
                    [
                        [
                            522.0,
                            450.0
                        ],
                        [
                            521.89,
                            452.59
                        ],
                        [
                            521.81,
                            455.22
                        ],
                        [
                            521.76,
                            457.9
                        ],
                        [
                            521.75,
                            460.62
                        ],
                        [
                            521.78,
                            463.38
                        ],
                        [
                            521.84,
                            466.19
                        ],
                        [
                            521.93,
                            469.06
                        ],
                        [
                            522.0,
                            472.0
                        ],
                        [
                            522.01,
                            475.07
                        ],
                        [
                            522.03,
                            478.21
                        ],
                        [
                            522.11,
                            481.38
                        ],
                        [
                            522.25,
                            484.56
                        ],
                        [
                            522.49,
                            487.72
                        ],
                        [
                            522.85,
                            490.84
                        ],
                        [
                            523.34,
                            493.94
                        ],
                        [
                            524.0,
                            497.0
                        ],
                        [
                            524.9,
                            500.02
                        ],
                        [
                            526.0,
                            502.97
                        ],
                        [
                            527.26,
                            505.82
                        ],
                        [
                            528.69,
                            508.56
                        ],
                        [
                            530.24,
                            511.2
                        ],
                        [
                            531.96,
                            513.68
                        ],
                        [
                            533.87,
                            515.97
                        ],
                        [
                            536.0,
                            518.0
                        ],
                        [
                            538.45,
                            519.65
                        ],
                        [
                            541.1,
                            521.04
                        ],
                        [
                            543.9,
                            522.24
                        ],
                        [
                            546.81,
                            523.25
                        ],
                        [
                            549.81,
                            524.13
                        ],
                        [
                            552.86,
                            524.87
                        ],
                        [
                            555.95,
                            525.48
                        ],
                        [
                            559.0,
                            526.0
                        ],
                        [
                            561.92,
                            526.48
                        ],
                        [
                            564.79,
                            526.88
                        ],
                        [
                            567.65,
                            527.18
                        ],
                        [
                            570.5,
                            527.38
                        ],
                        [
                            573.37,
                            527.45
                        ],
                        [
                            576.25,
                            527.41
                        ],
                        [
                            579.12,
                            527.26
                        ],
                        [
                            582.0,
                            527.0
                        ]
                    ],
                    true
                ],
                [
                    207,
                    208,
                    [
                        [
                            522,
                            395
                        ],
                        [
                            522,
                            450
                        ]
                    ],
                    true
                ],
                [
                    208,
                    209,
                    [
                        [
                            522,
                            349
                        ],
                        [
                            522,
                            395
                        ]
                    ],
                    true
                ],
                [
                    209,
                    210,
                    [
                        [
                            522,
                            302
                        ],
                        [
                            522,
                            349
                        ]
                    ],
                    true
                ],
                [
                    210,
                    211,
                    [
                        [
                            684.0,
                            261.0
                        ],
                        [
                            665.12,
                            260.95
                        ],
                        [
                            647.59,
                            260.91
                        ],
                        [
                            631.45,
                            260.88
                        ],
                        [
                            616.62,
                            260.88
                        ],
                        [
                            603.01,
                            260.9
                        ],
                        [
                            590.8,
                            260.93
                        ],
                        [
                            580.03,
                            260.97
                        ],
                        [
                            571.0,
                            261.0
                        ],
                        [
                            564.22,
                            260.97
                        ],
                        [
                            559.02,
                            260.95
                        ],
                        [
                            554.95,
                            260.95
                        ],
                        [
                            551.88,
                            261.0
                        ],
                        [
                            549.56,
                            261.11
                        ],
                        [
                            547.79,
                            261.3
                        ],
                        [
                            546.41,
                            261.59
                        ],
                        [
                            545.0,
                            262.0
                        ],
                        [
                            542.91,
                            262.59
                        ],
                        [
                            540.62,
                            263.32
                        ],
                        [
                            538.41,
                            264.17
                        ],
                        [
                            536.31,
                            265.12
                        ],
                        [
                            534.51,
                            266.17
                        ],
                        [
                            532.89,
                            267.32
                        ],
                        [
                            531.38,
                            268.6
                        ],
                        [
                            530.0,
                            270.0
                        ],
                        [
                            528.73,
                            271.57
                        ],
                        [
                            527.58,
                            273.27
                        ],
                        [
                            526.55,
                            275.06
                        ],
                        [
                            525.62,
                            276.94
                        ],
                        [
                            524.82,
                            278.88
                        ],
                        [
                            524.12,
                            280.89
                        ],
                        [
                            523.51,
                            282.94
                        ],
                        [
                            523.0,
                            285.0
                        ],
                        [
                            522.56,
                            287.04
                        ],
                        [
                            522.2,
                            289.08
                        ],
                        [
                            521.93,
                            291.15
                        ],
                        [
                            521.75,
                            293.25
                        ],
                        [
                            521.67,
                            295.39
                        ],
                        [
                            521.69,
                            297.56
                        ],
                        [
                            521.8,
                            299.77
                        ],
                        [
                            522.0,
                            302.0
                        ]
                    ],
                    true
                ]
            ],
            "stations": [
                {
                    "coord": [
                        780,
                        261
                    ],
                    "is_working": true,
                    "name": "Baker Street",
                    "rect": [
                        759,
                        206,
                        43,
                        28
                    ],
                    "text_id": 16,
                    "uid": 185
                },
                {
                    "coord": [
                        891,
                        261
                    ],
                    "is_working": true,
                    "name": "Great Portland Street",
                    "rect": [
                        838,
                        209,
                        105,
                        28
                    ],
                    "text_id": 178,
                    "uid": 186
                },
                {
                    "coord": [
                        999,
                        261
                    ],
                    "is_working": true,
                    "name": "Euston Square",
                    "rect": [
                        975,
                        206,
                        48,
                        28
                    ],
                    "text_id": 179,
                    "uid": 187
                },
                {
                    "coord": [
                        1104,
                        261
                    ],
                    "is_working": true,
                    "name": "King's Cross St.Pancras",
                    "rect": [
                        1056,
                        206,
                        113,
                        28
                    ],
                    "text_id": 38,
                    "uid": 188
                },
                {
                    "coord": [
                        1218,
                        261
                    ],
                    "is_working": true,
                    "name": "Farringdon",
                    "rect": [
                        1184,
                        222,
                        75,
                        15
                    ],
                    "text_id": 180,
                    "uid": 189
                },
                {
                    "coord": [
                        1331,
                        261
                    ],
                    "is_working": true,
                    "name": "Barbican",
                    "rect": [
                        1301,
                        222,
                        61,
                        15
                    ],
                    "text_id": 181,
                    "uid": 190
                },
                {
                    "coord": [
                        1430,
                        261
                    ],
                    "is_working": true,
                    "name": "Moorgate",
                    "rect": [
                        1400,
                        218,
                        64,
                        15
                    ],
                    "text_id": 182,
                    "uid": 191
                },
                {
                    "coord": [
                        1581,
                        294
                    ],
                    "is_working": true,
                    "name": "Liverpool Street",
                    "rect": [
                        1502,
                        283,
                        64,
                        28
                    ],
                    "text_id": 154,
                    "uid": 192
                },
                {
                    "coord": [
                        1581,
                        446
                    ],
                    "is_working": true,
                    "name": "Aldgate",
                    "rect": [
                        1516,
                        438,
                        53,
                        15
                    ],
                    "text_id": 183,
                    "uid": 193
                },
                {
                    "coord": [
                        1545,
                        527
                    ],
                    "is_working": true,
                    "name": "Tower Hill",
                    "rect": [
                        1515,
                        491,
                        43,
                        28
                    ],
                    "text_id": 184,
                    "uid": 194
                },
                {
                    "coord": [
                        1456,
                        527
                    ],
                    "is_working": true,
                    "name": "Monument",
                    "rect": [
                        1426,
                        502,
                        65,
                        15
                    ],
                    "text_id": 185,
                    "uid": 195
                },
                {
                    "coord": [
                        1361,
                        527
                    ],
                    "is_working": true,
                    "name": "Cannon Street",
                    "rect": [
                        1337,
                        491,
                        52,
                        28
                    ],
                    "text_id": 186,
                    "uid": 196
                },
                {
                    "coord": [
                        1314,
                        527
                    ],
                    "is_working": true,
                    "name": "Mansion House",
                    "rect": [
                        1284,
                        536,
                        55,
                        28
                    ],
                    "text_id": 187,
                    "uid": 197
                },
                {
                    "coord": [
                        1235,
                        527
                    ],
                    "is_working": true,
                    "name": "Blackfriars",
                    "rect": [
                        1201,
                        483,
                        80,
                        15
                    ],
                    "text_id": 188,
                    "uid": 198
                },
                {
                    "coord": [
                        1160,
                        527
                    ],
                    "is_working": true,
                    "name": "Temple",
                    "rect": [
                        1133,
                        536,
                        44,
                        15
                    ],
                    "text_id": 189,
                    "uid": 199
                },
                {
                    "coord": [
                        1085,
                        527
                    ],
                    "is_working": true,
                    "name": "Embankment",
                    "rect": [
                        1041,
                        483,
                        80,
                        15
                    ],
                    "text_id": 21,
                    "uid": 200
                },
                {
                    "coord": [
                        985,
                        527
                    ],
                    "is_working": true,
                    "name": "Westminster",
                    "rect": [
                        938,
                        482,
                        80,
                        15
                    ],
                    "text_id": 190,
                    "uid": 201
                },
                {
                    "coord": [
                        903,
                        527
                    ],
                    "is_working": true,
                    "name": "St.James's Park",
                    "rect": [
                        865,
                        536,
                        66,
                        28
                    ],
                    "text_id": 191,
                    "uid": 202
                },
                {
                    "coord": [
                        821,
                        527
                    ],
                    "is_working": true,
                    "name": "Victoria",
                    "rect": [
                        797,
                        483,
                        53,
                        15
                    ],
                    "text_id": 86,
                    "uid": 203
                },
                {
                    "coord": [
                        755,
                        527
                    ],
                    "is_working": true,
                    "name": "Sloane Square",
                    "rect": [
                        729,
                        483,
                        48,
                        28
                    ],
                    "text_id": 192,
                    "uid": 204
                },
                {
                    "coord": [
                        672,
                        527
                    ],
                    "is_working": true,
                    "name": "South Kensington",
                    "rect": [
                        641,
                        490,
                        73,
                        28
                    ],
                    "text_id": 46,
                    "uid": 205
                },
                {
                    "coord": [
                        582,
                        527
                    ],
                    "is_working": true,
                    "name": "Gloucester Road",
                    "rect": [
                        541,
                        490,
                        77,
                        28
                    ],
                    "text_id": 47,
                    "uid": 206
                },
                {
                    "coord": [
                        522,
                        450
                    ],
                    "is_working": true,
                    "name": "High Street Kensington",
                    "rect": [
                        394,
                        434,
                        117,
                        28
                    ],
                    "text_id": 193,
                    "uid": 207
                },
                {
                    "coord": [
                        522,
                        395
                    ],
                    "is_working": true,
                    "name": "Notting Hill Gate",
                    "rect": [
                        454,
                        382,
                        57,
                        28
                    ],
                    "text_id": 146,
                    "uid": 208
                },
                {
                    "coord": [
                        522,
                        349
                    ],
                    "is_working": true,
                    "name": "Bayswater",
                    "rect": [
                        440,
                        340,
                        71,
                        15
                    ],
                    "text_id": 194,
                    "uid": 209
                },
                {
                    "coord": [
                        522,
                        302
                    ],
                    "is_working": true,
                    "name": "Paddington",
                    "rect": [
                        437,
                        298,
                        74,
                        15
                    ],
                    "text_id": 13,
                    "uid": 210
                },
                {
                    "coord": [
                        684,
                        261
                    ],
                    "is_working": true,
                    "name": "Edgware Road",
                    "rect": [
                        651,
                        210,
                        60,
                        28
                    ],
                    "text_id": 14,
                    "uid": 211
                }
            ],
            "text_id": 195
        },
        {
            "labels_bg_color": "-1",
            "labels_color": "000000",
            "line_color": "F76B9C",
            "line_width": 9,
            "name": "Hammersmith & City",
            "segments": [
                [
                    282,
                    283,
                    [
                        [
                            110,
                            246
                        ],
                        [
                            52,
                            246
                        ]
                    ],
                    true
                ],
                [
                    283,
                    284,
                    [
                        [
                            161,
                            246
                        ],
                        [
                            110,
                            246
                        ]
                    ],
                    true
                ],
                [
                    284,
                    285,
                    [
                        [
                            196,
                            246
                        ],
                        [
                            161,
                            246
                        ]
                    ],
                    true
                ],
                [
                    285,
                    286,
                    [
                        [
                            232,
                            246
                        ],
                        [
                            196,
                            246
                        ]
                    ],
                    true
                ],
                [
                    286,
                    287,
                    [
                        [
                            276,
                            246
                        ],
                        [
                            232,
                            246
                        ]
                    ],
                    true
                ],
                [
                    287,
                    288,
                    [
                        [
                            318,
                            246
                        ],
                        [
                            276,
                            246
                        ]
                    ],
                    true
                ],
                [
                    288,
                    289,
                    [
                        [
                            358,
                            246
                        ],
                        [
                            318,
                            246
                        ]
                    ],
                    true
                ],
                [
                    289,
                    290,
                    [
                        [
                            442,
                            246
                        ],
                        [
                            358,
                            246
                        ]
                    ],
                    true
                ],
                [
                    290,
                    291,
                    [
                        [
                            684,
                            246
                        ],
                        [
                            442,
                            246
                        ]
                    ],
                    true
                ],
                [
                    291,
                    292,
                    [
                        [
                            780,
                            246
                        ],
                        [
                            684,
                            246
                        ]
                    ],
                    true
                ],
                [
                    292,
                    293,
                    [
                        [
                            891,
                            246
                        ],
                        [
                            780,
                            246
                        ]
                    ],
                    true
                ],
                [
                    293,
                    294,
                    [
                        [
                            999,
                            246
                        ],
                        [
                            891,
                            246
                        ]
                    ],
                    true
                ],
                [
                    294,
                    295,
                    [
                        [
                            1104,
                            246
                        ],
                        [
                            999,
                            246
                        ]
                    ],
                    true
                ],
                [
                    295,
                    296,
                    [
                        [
                            1218,
                            246
                        ],
                        [
                            1104,
                            246
                        ]
                    ],
                    true
                ],
                [
                    296,
                    297,
                    [
                        [
                            1331,
                            246
                        ],
                        [
                            1218,
                            246
                        ]
                    ],
                    true
                ],
                [
                    297,
                    298,
                    [
                        [
                            1430,
                            246
                        ],
                        [
                            1331,
                            246
                        ]
                    ],
                    true
                ],
                [
                    298,
                    299,
                    [
                        [
                            1596.0,
                            294.0
                        ],
                        [
                            1596.12,
                            291.45
                        ],
                        [
                            1596.09,
                            288.91
                        ],
                        [
                            1595.93,
                            286.38
                        ],
                        [
                            1595.62,
                            283.88
                        ],
                        [
                            1595.18,
                            281.41
                        ],
                        [
                            1594.59,
                            278.95
                        ],
                        [
                            1593.87,
                            276.49
                        ],
                        [
                            1593.0,
                            274.0
                        ],
                        [
                            1591.99,
                            271.39
                        ],
                        [
                            1590.84,
                            268.77
                        ],
                        [
                            1589.55,
                            266.2
                        ],
                        [
                            1588.12,
                            263.69
                        ],
                        [
                            1586.56,
                            261.27
                        ],
                        [
                            1584.85,
                            258.98
                        ],
                        [
                            1583.0,
                            256.87
                        ],
                        [
                            1581.0,
                            255.0
                        ],
                        [
                            1578.83,
                            253.53
                        ],
                        [
                            1576.52,
                            252.33
                        ],
                        [
                            1574.09,
                            251.3
                        ],
                        [
                            1571.5,
                            250.44
                        ],
                        [
                            1568.65,
                            249.68
                        ],
                        [
                            1565.71,
                            249.02
                        ],
                        [
                            1562.75,
                            248.48
                        ],
                        [
                            1560.0,
                            248.0
                        ],
                        [
                            1557.95,
                            247.56
                        ],
                        [
                            1556.0,
                            247.16
                        ],
                        [
                            1553.75,
                            246.83
                        ],
                        [
                            1551.06,
                            246.56
                        ],
                        [
                            1547.74,
                            246.36
                        ],
                        [
                            1543.58,
                            246.21
                        ],
                        [
                            1538.47,
                            246.09
                        ],
                        [
                            1532.0,
                            246.0
                        ],
                        [
                            1523.59,
                            245.9
                        ],
                        [
                            1513.7,
                            245.82
                        ],
                        [
                            1502.57,
                            245.77
                        ],
                        [
                            1490.25,
                            245.75
                        ],
                        [
                            1476.91,
                            245.76
                        ],
                        [
                            1462.44,
                            245.81
                        ],
                        [
                            1446.8,
                            245.89
                        ],
                        [
                            1430.0,
                            246.0
                        ]
                    ],
                    true
                ],
                [
                    299,
                    300,
                    [
                        [
                            1649.0,
                            445.0
                        ],
                        [
                            1646.28,
                            445.11
                        ],
                        [
                            1643.62,
                            445.19
                        ],
                        [
                            1641.03,
                            445.24
                        ],
                        [
                            1638.5,
                            445.25
                        ],
                        [
                            1636.03,
                            445.22
                        ],
                        [
                            1633.62,
                            445.17
                        ],
                        [
                            1631.28,
                            445.09
                        ],
                        [
                            1629.0,
                            445.0
                        ],
                        [
                            1626.78,
                            444.94
                        ],
                        [
                            1624.62,
                            444.86
                        ],
                        [
                            1622.53,
                            444.74
                        ],
                        [
                            1620.5,
                            444.56
                        ],
                        [
                            1618.54,
                            444.31
                        ],
                        [
                            1616.64,
                            443.98
                        ],
                        [
                            1614.8,
                            443.55
                        ],
                        [
                            1613.0,
                            443.0
                        ],
                        [
                            1611.22,
                            442.28
                        ],
                        [
                            1609.48,
                            441.43
                        ],
                        [
                            1607.83,
                            440.46
                        ],
                        [
                            1606.25,
                            439.38
                        ],
                        [
                            1604.76,
                            438.19
                        ],
                        [
                            1603.37,
                            436.91
                        ],
                        [
                            1602.1,
                            435.51
                        ],
                        [
                            1601.0,
                            434.0
                        ],
                        [
                            1600.13,
                            432.38
                        ],
                        [
                            1599.41,
                            430.66
                        ],
                        [
                            1598.81,
                            428.84
                        ],
                        [
                            1598.31,
                            426.88
                        ],
                        [
                            1597.89,
                            424.66
                        ],
                        [
                            1597.54,
                            422.38
                        ],
                        [
                            1597.25,
                            420.07
                        ],
                        [
                            1597.0,
                            418.0
                        ],
                        [
                            1596.77,
                            416.65
                        ],
                        [
                            1596.56,
                            415.4
                        ],
                        [
                            1596.39,
                            413.84
                        ],
                        [
                            1596.25,
                            411.81
                        ],
                        [
                            1596.15,
                            409.13
                        ],
                        [
                            1596.09,
                            405.57
                        ],
                        [
                            1596.04,
                            401.0
                        ],
                        [
                            1596.0,
                            395.0
                        ],
                        [
                            1595.95,
                            386.95
                        ],
                        [
                            1595.91,
                            377.34
                        ],
                        [
                            1595.89,
                            366.42
                        ],
                        [
                            1595.88,
                            354.25
                        ],
                        [
                            1595.88,
                            341.0
                        ],
                        [
                            1595.91,
                            326.56
                        ],
                        [
                            1595.95,
                            310.89
                        ],
                        [
                            1596.0,
                            294.0
                        ]
                    ],
                    true
                ],
                [
                    300,
                    301,
                    [
                        [
                            1751,
                            445
                        ],
                        [
                            1649,
                            445
                        ]
                    ],
                    true
                ],
                [
                    301,
                    302,
                    [
                        [
                            1833,
                            445
                        ],
                        [
                            1751,
                            445
                        ]
                    ],
                    true
                ],
                [
                    302,
                    303,
                    [
                        [
                            1900,
                            445
                        ],
                        [
                            1833,
                            445
                        ]
                    ],
                    true
                ],
                [
                    303,
                    304,
                    [
                        [
                            1986,
                            445
                        ],
                        [
                            1900,
                            445
                        ]
                    ],
                    true
                ],
                [
                    304,
                    305,
                    [
                        [
                            2091,
                            445
                        ],
                        [
                            1986,
                            445
                        ]
                    ],
                    true
                ],
                [
                    305,
                    306,
                    [
                        [
                            2196,
                            445
                        ],
                        [
                            2091,
                            445
                        ]
                    ],
                    true
                ],
                [
                    306,
                    307,
                    [
                        [
                            2271,
                            445
                        ],
                        [
                            2196,
                            445
                        ]
                    ],
                    true
                ],
                [
                    307,
                    308,
                    [
                        [
                            2303,
                            445
                        ],
                        [
                            2271,
                            445
                        ]
                    ],
                    true
                ],
                [
                    308,
                    309,
                    [
                        [
                            2337,
                            445
                        ],
                        [
                            2303,
                            445
                        ]
                    ],
                    true
                ],
                [
                    309,
                    310,
                    [
                        [
                            2405,
                            445
                        ],
                        [
                            2337,
                            445
                        ]
                    ],
                    true
                ]
            ],
            "stations": [
                {
                    "coord": [
                        52,
                        246
                    ],
                    "is_working": true,
                    "name": "Hammersmith",
                    "rect": [
                        8,
                        256,
                        84,
                        15
                    ],
                    "text_id": 50,
                    "uid": 282
                },
                {
                    "coord": [
                        110,
                        246
                    ],
                    "is_working": true,
                    "name": "Goldhawk Road",
                    "rect": [
                        83,
                        208,
                        68,
                        28
                    ],
                    "text_id": 239,
                    "uid": 283
                },
                {
                    "coord": [
                        161,
                        246
                    ],
                    "is_working": true,
                    "name": "Shepherd's Bush",
                    "rect": [
                        113,
                        255,
                        73,
                        28
                    ],
                    "text_id": 144,
                    "uid": 284
                },
                {
                    "coord": [
                        196,
                        246
                    ],
                    "is_working": true,
                    "name": "Wood Lane",
                    "rect": [
                        177,
                        209,
                        38,
                        28
                    ],
                    "text_id": 240,
                    "uid": 285
                },
                {
                    "coord": [
                        232,
                        246
                    ],
                    "is_working": true,
                    "name": "Latimer Road",
                    "rect": [
                        204,
                        256,
                        51,
                        28
                    ],
                    "text_id": 241,
                    "uid": 286
                },
                {
                    "coord": [
                        276,
                        246
                    ],
                    "is_working": true,
                    "name": "Ladbroke Grove",
                    "rect": [
                        242,
                        209,
                        65,
                        28
                    ],
                    "text_id": 242,
                    "uid": 287
                },
                {
                    "coord": [
                        318,
                        246
                    ],
                    "is_working": true,
                    "name": "Westbourne Park",
                    "rect": [
                        274,
                        256,
                        81,
                        28
                    ],
                    "text_id": 243,
                    "uid": 288
                },
                {
                    "coord": [
                        358,
                        246
                    ],
                    "is_working": true,
                    "name": "Royal Oak",
                    "rect": [
                        336,
                        208,
                        41,
                        28
                    ],
                    "text_id": 244,
                    "uid": 289
                },
                {
                    "coord": [
                        442,
                        246
                    ],
                    "is_working": true,
                    "name": "Paddington",
                    "rect": [
                        404,
                        222,
                        74,
                        15
                    ],
                    "text_id": 13,
                    "uid": 290
                },
                {
                    "coord": [
                        684,
                        246
                    ],
                    "is_working": true,
                    "name": "Edgware Road",
                    "rect": [
                        651,
                        210,
                        60,
                        28
                    ],
                    "text_id": 14,
                    "uid": 291
                },
                {
                    "coord": [
                        780,
                        246
                    ],
                    "is_working": true,
                    "name": "Baker Street",
                    "rect": [
                        759,
                        206,
                        43,
                        28
                    ],
                    "text_id": 16,
                    "uid": 292
                },
                {
                    "coord": [
                        891,
                        246
                    ],
                    "is_working": true,
                    "name": "Great Portland Street",
                    "rect": [
                        838,
                        209,
                        105,
                        28
                    ],
                    "text_id": 178,
                    "uid": 293
                },
                {
                    "coord": [
                        999,
                        246
                    ],
                    "is_working": true,
                    "name": "Euston Square",
                    "rect": [
                        975,
                        206,
                        48,
                        28
                    ],
                    "text_id": 179,
                    "uid": 294
                },
                {
                    "coord": [
                        1104,
                        246
                    ],
                    "is_working": true,
                    "name": "King's Cross St.Pancras",
                    "rect": [
                        1056,
                        206,
                        113,
                        28
                    ],
                    "text_id": 38,
                    "uid": 295
                },
                {
                    "coord": [
                        1218,
                        246
                    ],
                    "is_working": true,
                    "name": "Farringdon",
                    "rect": [
                        1184,
                        222,
                        75,
                        15
                    ],
                    "text_id": 180,
                    "uid": 296
                },
                {
                    "coord": [
                        1331,
                        246
                    ],
                    "is_working": true,
                    "name": "Barbican",
                    "rect": [
                        1301,
                        222,
                        61,
                        15
                    ],
                    "text_id": 181,
                    "uid": 297
                },
                {
                    "coord": [
                        1430,
                        246
                    ],
                    "is_working": true,
                    "name": "Moorgate",
                    "rect": [
                        1400,
                        218,
                        64,
                        15
                    ],
                    "text_id": 182,
                    "uid": 298
                },
                {
                    "coord": [
                        1596,
                        294
                    ],
                    "is_working": true,
                    "name": "Liverpool Street",
                    "rect": [
                        1502,
                        283,
                        64,
                        28
                    ],
                    "text_id": 154,
                    "uid": 299
                },
                {
                    "coord": [
                        1649,
                        445
                    ],
                    "is_working": true,
                    "name": "Aldgate East",
                    "rect": [
                        1614,
                        409,
                        55,
                        28
                    ],
                    "text_id": 213,
                    "uid": 300
                },
                {
                    "coord": [
                        1751,
                        445
                    ],
                    "is_working": true,
                    "name": "Whitechapel",
                    "rect": [
                        1707,
                        421,
                        80,
                        15
                    ],
                    "text_id": 212,
                    "uid": 301
                },
                {
                    "coord": [
                        1833,
                        445
                    ],
                    "is_working": true,
                    "name": "Stepney Green",
                    "rect": [
                        1803,
                        408,
                        53,
                        28
                    ],
                    "text_id": 211,
                    "uid": 302
                },
                {
                    "coord": [
                        1900,
                        445
                    ],
                    "is_working": true,
                    "name": "Mile End",
                    "rect": [
                        1884,
                        409,
                        30,
                        28
                    ],
                    "text_id": 156,
                    "uid": 303
                },
                {
                    "coord": [
                        1986,
                        445
                    ],
                    "is_working": true,
                    "name": "Bow Road",
                    "rect": [
                        1968,
                        408,
                        34,
                        28
                    ],
                    "text_id": 210,
                    "uid": 304
                },
                {
                    "coord": [
                        2091,
                        445
                    ],
                    "is_working": true,
                    "name": "Bromley-by-Bow",
                    "rect": [
                        2047,
                        455,
                        102,
                        15
                    ],
                    "text_id": 209,
                    "uid": 305
                },
                {
                    "coord": [
                        2196,
                        445
                    ],
                    "is_working": true,
                    "name": "West Ham",
                    "rect": [
                        2179,
                        409,
                        34,
                        28
                    ],
                    "text_id": 208,
                    "uid": 306
                },
                {
                    "coord": [
                        2271,
                        445
                    ],
                    "is_working": true,
                    "name": "Plaistow",
                    "rect": [
                        2240,
                        455,
                        57,
                        15
                    ],
                    "text_id": 207,
                    "uid": 307
                },
                {
                    "coord": [
                        2303,
                        445
                    ],
                    "is_working": true,
                    "name": "Upton Park",
                    "rect": [
                        2283,
                        409,
                        41,
                        28
                    ],
                    "text_id": 206,
                    "uid": 308
                },
                {
                    "coord": [
                        2337,
                        445
                    ],
                    "is_working": true,
                    "name": "East Ham",
                    "rect": [
                        2319,
                        455,
                        32,
                        28
                    ],
                    "text_id": 205,
                    "uid": 309
                },
                {
                    "coord": [
                        2405,
                        445
                    ],
                    "is_working": true,
                    "name": "Barking",
                    "rect": [
                        2384,
                        420,
                        53,
                        15
                    ],
                    "text_id": 204,
                    "uid": 310
                }
            ],
            "text_id": 245
        }
    ],
    "lines_width": 9,
    "name": "circle",
    "name_text_id": 245,
    "stations_diameter": 15.0,
    "transfers": [
        [
            185,
            292,
            [
                780,
                261
            ],
            [
                780,
                246
            ]
        ],
        [
            187,
            294,
            [
                999,
                261
            ],
            [
                999,
                246
            ]
        ],
        [
            188,
            295,
            [
                1104,
                261
            ],
            [
                1104,
                246
            ]
        ],
        [
            191,
            298,
            [
                1430,
                261
            ],
            [
                1430,
                246
            ]
        ],
        [
            192,
            299,
            [
                1581,
                294
            ],
            [
                1596,
                294
            ]
        ]
    ],
    "transports": [
        "metro"
    ],
    "type_name": "Метро",
    "type_text_id": 321,
    "upper_case": true,
    "width": 2555,
    "word_wrap": true
}