{
    "default_transports": [
        "metro"
    ],
    "height": 597,
    "images": [
        "res/schemes/district.svg"
    ],
    "is_vector": true,
    "lines": [
        {
            "labels_bg_color": "-1",
            "labels_color": "007B39",
            "line_color": "007B39",
            "line_width": 9,
            "name": "District",
            "segments": [
                [
                    212,
                    213,
                    [
                        [
                            2905,
                            400
                        ],
                        [
                            2950,
                            400
                        ]
                    ],
                    true
                ],
                [
                    213,
                    214,
                    [
                        [
                            2860,
                            400
                        ],
                        [
                            2905,
                            400
                        ]
                    ],
                    true
                ],
                [
                    214,
                    215,
                    [
                        [
                            2827,
                            400
                        ],
                        [
                            2860,
                            400
                        ]
                    ],
                    true
                ],
                [
                    215,
                    216,
                    [
                        [
                            2767,
                            400
                        ],
                        [
                            2827,
                            400
                        ]
                    ],
                    true
                ],
                [
                    216,
                    217,
                    [
                        [
                            2733,
                            400
                        ],
                        [
                            2767,
                            400
                        ]
                    ],
                    true
                ],
                [
                    217,
                    218,
                    [
                        [
                            2694,
                            400
                        ],
                        [
                            2733,
                            400
                        ]
                    ],
                    true
                ],
                [
                    218,
                    219,
                    [
                        [
                            2628,
                            400
                        ],
                        [
                            2694,
                            400
                        ]
                    ],
                    true
                ],
                [
                    219,
                    220,
                    [
                        [
                            2590,
                            400
                        ],
                        [
                            2628,
                            400
                        ]
                    ],
                    true
                ],
                [
                    220,
                    221,
                    [
                        [
                            2548,
                            400
                        ],
                        [
                            2590,
                            400
                        ]
                    ],
                    true
                ],
                [
                    221,
                    222,
                    [
                        [
                            2511,
                            400
                        ],
                        [
                            2548,
                            400
                        ]
                    ],
                    true
                ],
                [
                    222,
                    223,
                    [
                        [
                            2475,
                            400
                        ],
                        [
                            2511,
                            400
                        ]
                    ],
                    true
                ],
                [
                    223,
                    224,
                    [
                        [
                            2409,
                            400
                        ],
                        [
                            2475,
                            400
                        ]
                    ],
                    true
                ],
                [
                    224,
                    225,
                    [
                        [
                            2348,
                            400
                        ],
                        [
                            2409,
                            400
                        ]
                    ],
                    true
                ],
                [
                    225,
                    226,
                    [
                        [
                            2271,
                            400
                        ],
                        [
                            2348,
                            400
                        ]
                    ],
                    true
                ],
                [
                    226,
                    227,
                    [
                        [
                            2187,
                            400
                        ],
                        [
                            2271,
                            400
                        ]
                    ],
                    true
                ],
                [
                    227,
                    228,
                    [
                        [
                            2117,
                            400
                        ],
                        [
                            2187,
                            400
                        ]
                    ],
                    true
                ],
                [
                    228,
                    229,
                    [
                        [
                            2048,
                            400
                        ],
                        [
                            2117,
                            400
                        ]
                    ],
                    true
                ],
                [
                    229,
                    230,
                    [
                        [
                            1952,
                            400
                        ],
                        [
                            2048,
                            400
                        ]
                    ],
                    true
                ],
                [
                    230,
                    231,
                    [
                        [
                            1873,
                            400
                        ],
                        [
                            1952,
                            400
                        ]
                    ],
                    true
                ],
                [
                    231,
                    232,
                    [
                        [
                            1794,
                            400
                        ],
                        [
                            1873,
                            400
                        ]
                    ],
                    true
                ],
                [
                    232,
                    233,
                    [
                        [
                            1720,
                            400
                        ],
                        [
                            1794,
                            400
                        ]
                    ],
                    true
                ],
                [
                    233,
                    234,
                    [
                        [
                            1682,
                            400
                        ],
                        [
                            1720,
                            400
                        ]
                    ],
                    true
                ],
                [
                    234,
                    235,
                    [
                        [
                            1613,
                            400
                        ],
                        [
                            1682,
                            400
                        ]
                    ],
                    true
                ],
                [
                    235,
                    236,
                    [
                        [
                            1543,
                            400
                        ],
                        [
                            1613,
                            400
                        ]
                    ],
                    true
                ],
                [
                    236,
                    237,
                    [
                        [
                            1476,
                            400
                        ],
                        [
                            1543,
                            400
                        ]
                    ],
                    true
                ],
                [
                    237,
                    238,
                    [
                        [
                            1385,
                            400
                        ],
                        [
                            1476,
                            400
                        ]
                    ],
                    true
                ],
                [
                    238,
                    239,
                    [
                        [
                            1309,
                            400
                        ],
                        [
                            1385,
                            400
                        ]
                    ],
                    true
                ],
                [
                    239,
                    240,
                    [
                        [
                            1236,
                            400
                        ],
                        [
                            1309,
                            400
                        ]
                    ],
                    true
                ],
                [
                    240,
                    241,
                    [
                        [
                            1171,
                            400
                        ],
                        [
                            1236,
                            400
                        ]
                    ],
                    true
                ],
                [
                    241,
                    242,
                    [
                        [
                            1107,
                            400
                        ],
                        [
                            1171,
                            400
                        ]
                    ],
                    true
                ],
                [
                    242,
                    243,
                    [
                        [
                            1027,
                            400
                        ],
                        [
                            1107,
                            400
                        ]
                    ],
                    true
                ],
                [
                    243,
                    244,
                    [
                        [
                            927,
                            400
                        ],
                        [
                            1027,
                            400
                        ]
                    ],
                    true
                ],
                [
                    244,
                    245,
                    [
                        [
                            822.0,
                            348.0
                        ],
                        [
                            824.16,
                            348.1
                        ],
                        [
                            826.28,
                            348.28
                        ],
                        [
                            828.35,
                            348.54
                        ],
                        [
                            830.38,
                            348.88
                        ],
                        [
                            832.36,
                            349.3
                        ],
                        [
                            834.3,
                            349.79
                        ],
                        [
                            836.19,
                            350.36
                        ],
                        [
                            838.0,
                            351.0
                        ],
                        [
                            839.69,
                            351.68
                        ],
                        [
                            841.32,
                            352.43
                        ],
                        [
                            842.92,
                            353.26
                        ],
                        [
                            844.5,
                            354.19
                        ],
                        [
                            846.07,
                            355.19
                        ],
                        [
                            847.66,
                            356.32
                        ],
                        [
                            849.29,
                            357.57
                        ],
                        [
                            851.0,
                            359.0
                        ],
                        [
                            852.89,
                            360.71
                        ],
                        [
                            854.87,
                            362.59
                        ],
                        [
                            856.89,
                            364.57
                        ],
                        [
                            858.94,
                            366.62
                        ],
                        [
                            860.98,
                            368.72
                        ],
                        [
                            863.01,
                            370.82
                        ],
                        [
                            865.02,
                            372.94
                        ],
                        [
                            867.0,
                            375.0
                        ],
                        [
                            868.9,
                            376.95
                        ],
                        [
                            870.74,
                            378.83
                        ],
                        [
                            872.55,
                            380.66
                        ],
                        [
                            874.31,
                            382.44
                        ],
                        [
                            876.06,
                            384.18
                        ],
                        [
                            877.76,
                            385.86
                        ],
                        [
                            879.42,
                            387.47
                        ],
                        [
                            881.0,
                            389.0
                        ],
                        [
                            882.48,
                            390.44
                        ],
                        [
                            883.89,
                            391.8
                        ],
                        [
                            885.27,
                            393.07
                        ],
                        [
                            886.62,
                            394.25
                        ],
                        [
                            887.98,
                            395.35
                        ],
                        [
                            889.34,
                            396.36
                        ],
                        [
                            890.68,
                            397.25
                        ],
                        [
                            892.0,
                            398.0
                        ],
                        [
                            893.27,
                            398.56
                        ],
                        [
                            894.54,
                            398.99
                        ],
                        [
                            895.86,
                            399.32
                        ],
                        [
                            897.25,
                            399.56
                        ],
                        [
                            898.72,
                            399.74
                        ],
                        [
                            900.32,
                            399.86
                        ],
                        [
                            902.06,
                            399.94
                        ],
                        [
                            904.0,
                            400.0
                        ],
                        [
                            906.23,
                            400.09
                        ],
                        [
                            908.68,
                            400.17
                        ],
                        [
                            911.31,
                            400.22
                        ],
                        [
                            914.12,
                            400.25
                        ],
                        [
                            917.09,
                            400.24
                        ],
                        [
                            920.22,
                            400.19
                        ],
                        [
                            923.52,
                            400.11
                        ],
                        [
                            927.0,
                            400.0
                        ]
                    ],
                    true
                ],
                [
                    244,
                    258,
                    [
                        [
                            809.0,
                            447.0
                        ],
                        [
                            811.11,
                            447.11
                        ],
                        [
                            813.19,
                            447.19
                        ],
                        [
                            815.23,
                            447.23
                        ],
                        [
                            817.25,
                            447.25
                        ],
                        [
                            819.24,
                            447.23
                        ],
                        [
                            821.19,
                            447.18
                        ],
                        [
                            823.11,
                            447.1
                        ],
                        [
                            825.0,
                            447.0
                        ],
                        [
                            826.84,
                            446.89
                        ],
                        [
                            828.65,
                            446.76
                        ],
                        [
                            830.43,
                            446.59
                        ],
                        [
                            832.19,
                            446.38
                        ],
                        [
                            833.93,
                            446.11
                        ],
                        [
                            835.64,
                            445.79
                        ],
                        [
                            837.33,
                            445.41
                        ],
                        [
                            839.0,
                            445.0
                        ],
                        [
                            840.63,
                            444.56
                        ],
                        [
                            842.23,
                            444.06
                        ],
                        [
                            843.84,
                            443.48
                        ],
                        [
                            845.44,
                            442.81
                        ],
                        [
                            847.04,
                            442.07
                        ],
                        [
                            848.66,
                            441.21
                        ],
                        [
                            850.3,
                            440.21
                        ],
                        [
                            852.0,
                            439.0
                        ],
                        [
                            853.8,
                            437.48
                        ],
                        [
                            855.66,
                            435.76
                        ],
                        [
                            857.54,
                            433.93
                        ],
                        [
                            859.44,
                            432.0
                        ],
                        [
                            861.33,
                            430.03
                        ],
                        [
                            863.23,
                            428.03
                        ],
                        [
                            865.12,
                            426.0
                        ],
                        [
                            867.0,
                            424.0
                        ],
                        [
                            868.85,
                            422.07
                        ],
                        [
                            870.68,
                            420.19
                        ],
                        [
                            872.48,
                            418.35
                        ],
                        [
                            874.25,
                            416.56
                        ],
                        [
                            876.01,
                            414.81
                        ],
                        [
                            877.73,
                            413.11
                        ],
                        [
                            879.4,
                            411.5
                        ],
                        [
                            881.0,
                            410.0
                        ],
                        [
                            882.48,
                            408.65
                        ],
                        [
                            883.9,
                            407.42
                        ],
                        [
                            885.27,
                            406.29
                        ],
                        [
                            886.62,
                            405.25
                        ],
                        [
                            887.98,
                            404.29
                        ],
                        [
                            889.34,
                            403.42
                        ],
                        [
                            890.68,
                            402.65
                        ],
                        [
                            892.0,
                            402.0
                        ],
                        [
                            893.27,
                            401.49
                        ],
                        [
                            894.54,
                            401.08
                        ],
                        [
                            895.86,
                            400.75
                        ],
                        [
                            897.25,
                            400.5
                        ],
                        [
                            898.72,
                            400.31
                        ],
                        [
                            900.32,
                            400.17
                        ],
                        [
                            902.06,
                            400.08
                        ],
                        [
                            904.0,
                            400.0
                        ],
                        [
                            906.23,
                            399.91
                        ],
                        [
                            908.68,
                            399.83
                        ],
                        [
                            911.31,
                            399.77
                        ],
                        [
                            914.12,
                            399.75
                        ],
                        [
                            917.09,
                            399.76
                        ],
                        [
                            920.22,
                            399.81
                        ],
                        [
                            923.52,
                            399.89
                        ],
                        [
                            927.0,
                            400.0
                        ]
                    ],
                    true
                ],
                [
                    245,
                    246,
                    [
                        [
                            739,
                            348
                        ],
                        [
                            822,
                            348
                        ]
                    ],
                    true
                ],
                [
                    246,
                    247,
                    [
                        [
                            656,
                            348
                        ],
                        [
                            739,
                            348
                        ]
                    ],
                    true
                ],
                [
                    247,
                    248,
                    [
                        [
                            577,
                            348
                        ],
                        [
                            656,
                            348
                        ]
                    ],
                    true
                ],
                [
                    248,
                    249,
                    [
                        [
                            536,
                            348
                        ],
                        [
                            577,
                            348
                        ]
                    ],
                    true
                ],
                [
                    249,
                    250,
                    [
                        [
                            492,
                            348
                        ],
                        [
                            536,
                            348
                        ]
                    ],
                    true
                ],
                [
                    250,
                    251,
                    [
                        [
                            388,
                            348
                        ],
                        [
                            492,
                            348
                        ]
                    ],
                    true
                ],
                [
                    250,
                    255,
                    [
                        [
                            224.0,
                            447.0
                        ],
                        [
                            236.89,
                            447.16
                        ],
                        [
                            248.81,
                            447.28
                        ],
                        [
                            259.75,
                            447.35
                        ],
                        [
                            269.75,
                            447.38
                        ],
                        [
                            278.9,
                            447.35
                        ],
                        [
                            287.04,
                            447.27
                        ],
                        [
                            294.15,
                            447.16
                        ],
                        [
                            300.0,
                            447.0
                        ],
                        [
                            304.19,
                            446.82
                        ],
                        [
                            307.24,
                            446.6
                        ],
                        [
                            309.48,
                            446.34
                        ],
                        [
                            311.06,
                            446.0
                        ],
                        [
                            312.19,
                            445.55
                        ],
                        [
                            312.97,
                            445.05
                        ],
                        [
                            313.49,
                            444.51
                        ],
                        [
                            314.0,
                            444.0
                        ],
                        [
                            314.81,
                            443.69
                        ],
                        [
                            315.78,
                            443.36
                        ],
                        [
                            316.87,
                            442.87
                        ],
                        [
                            318.06,
                            442.19
                        ],
                        [
                            319.28,
                            441.29
                        ],
                        [
                            320.74,
                            440.04
                        ],
                        [
                            322.57,
                            438.36
                        ],
                        [
                            325.0,
                            436.0
                        ],
                        [
                            328.45,
                            432.55
                        ],
                        [
                            332.51,
                            428.43
                        ],
                        [
                            336.95,
                            423.88
                        ],
                        [
                            341.69,
                            419.0
                        ],
                        [
                            346.53,
                            413.99
                        ],
                        [
                            351.53,
                            408.8
                        ],
                        [
                            356.69,
                            403.46
                        ],
                        [
                            362.0,
                            398.0
                        ],
                        [
                            367.48,
                            392.44
                        ],
                        [
                            373.0,
                            386.88
                        ],
                        [
                            378.43,
                            381.44
                        ],
                        [
                            383.75,
                            376.12
                        ],
                        [
                            388.95,
                            370.94
                        ],
                        [
                            393.84,
                            366.09
                        ],
                        [
                            398.29,
                            361.68
                        ],
                        [
                            402.0,
                            358.0
                        ],
                        [
                            404.45,
                            355.52
                        ],
                        [
                            406.16,
                            353.78
                        ],
                        [
                            407.43,
                            352.51
                        ],
                        [
                            408.38,
                            351.62
                        ],
                        [
                            409.27,
                            350.96
                        ],
                        [
                            410.02,
                            350.51
                        ],
                        [
                            410.6,
                            350.24
                        ],
                        [
                            411.0,
                            350.0
                        ],
                        [
                            411.09,
                            349.6
                        ],
                        [
                            411.17,
                            349.18
                        ],
                        [
                            411.49,
                            348.81
                        ],
                        [
                            412.12,
                            348.5
                        ],
                        [
                            413.19,
                            348.3
                        ],
                        [
                            414.89,
                            348.17
                        ],
                        [
                            417.38,
                            348.08
                        ],
                        [
                            421.0,
                            348.0
                        ],
                        [
                            426.28,
                            347.91
                        ],
                        [
                            432.8,
                            347.83
                        ],
                        [
                            440.34,
                            347.77
                        ],
                        [
                            448.88,
                            347.75
                        ],
                        [
                            458.24,
                            347.76
                        ],
                        [
                            468.53,
                            347.81
                        ],
                        [
                            479.79,
                            347.89
                        ],
                        [
                            492.0,
                            348.0
                        ]
                    ],
                    true
                ],
                [
                    251,
                    252,
                    [
                        [
                            323,
                            348
                        ],
                        [
                            388,
                            348
                        ]
                    ],
                    true
                ],
                [
                    252,
                    253,
                    [
                        [
                            246,
                            348
                        ],
                        [
                            323,
                            348
                        ]
                    ],
                    true
                ],
                [
                    253,
                    254,
                    [
                        [
                            168,
                            348
                        ],
                        [
                            246,
                            348
                        ]
                    ],
                    true
                ],
                [
                    255,
                    256,
                    [
                        [
                            122,
                            447
                        ],
                        [
                            224,
                            447
                        ]
                    ],
                    true
                ],
                [
                    256,
                    257,
                    [
                        [
                            41,
                            447
                        ],
                        [
                            122,
                            447
                        ]
                    ],
                    true
                ],
                [
                    258,
                    259,
                    [
                        [
                            723,
                            447
                        ],
                        [
                            809,
                            447
                        ]
                    ],
                    true
                ],
                [
                    259,
                    260,
                    [
                        [
                            657,
                            447
                        ],
                        [
                            723,
                            447
                        ]
                    ],
                    true
                ],
                [
                    260,
                    261,
                    [
                        [
                            581,
                            447
                        ],
                        [
                            657,
                            447
                        ]
                    ],
                    true
                ],
                [
                    261,
                    262,
                    [
                        [
                            492,
                            447
                        ],
                        [
                            581,
                            447
                        ]
                    ],
                    true
                ],
                [
                    262,
                    263,
                    [
                        [
                            446,
                            447
                        ],
                        [
                            492,
                            447
                        ]
                    ],
                    true
                ],
                [
                    263,
                    264,
                    [
                        [
                            404,
                            447
                        ],
                        [
                            446,
                            447
                        ]
                    ],
                    true
                ],
                [
                    264,
                    265,
                    [
                        [
                            345,
                            447
                        ],
                        [
                            404,
                            447
                        ]
                    ],
                    true
                ],
                [
                    266,
                    267,
                    [
                        [
                            1341,
                            277
                        ],
                        [
                            1424,
                            277
                        ]
                    ],
                    true
                ],
                [
                    267,
                    268,
                    [
                        [
                            1262,
                            277
                        ],
                        [
                            1341,
                            277
                        ]
                    ],
                    true
                ],
                [
                    268,
                    269,
                    [
                        [
                            1187,
                            277
                        ],
                        [
                            1262,
                            277
                        ]
                    ],
                    true
                ],
                [
                    269,
                    270,
                    [
                        [
                            1108,
                            277
                        ],
                        [
                            1187,
                            277
                        ]
                    ],
                    true
                ],
                [
                    270,
                    271,
                    [
                        [
                            927.0,
                            378.0
                        ],
                        [
                            930.09,
                            378.01
                        ],
                        [
                            933.12,
                            377.91
                        ],
                        [
                            936.09,
                            377.7
                        ],
                        [
                            939.0,
                            377.38
                        ],
                        [
                            941.89,
                            376.9
                        ],
                        [
                            944.71,
                            376.33
                        ],
                        [
                            947.44,
                            375.67
                        ],
                        [
                            950.0,
                            375.0
                        ],
                        [
                            952.26,
                            374.44
                        ],
                        [
                            954.39,
                            373.82
                        ],
                        [
                            956.52,
                            373.04
                        ],
                        [
                            958.69,
                            372.06
                        ],
                        [
                            960.93,
                            370.87
                        ],
                        [
                            963.35,
                            369.35
                        ],
                        [
                            965.98,
                            367.46
                        ],
                        [
                            969.0,
                            365.0
                        ],
                        [
                            972.67,
                            361.67
                        ],
                        [
                            976.75,
                            357.77
                        ],
                        [
                            981.09,
                            353.5
                        ],
                        [
                            985.62,
                            348.94
                        ],
                        [
                            990.23,
                            344.24
                        ],
                        [
                            994.97,
                            339.35
                        ],
                        [
                            999.88,
                            334.27
                        ],
                        [
                            1005.0,
                            329.0
                        ],
                        [
                            1010.47,
                            323.46
                        ],
                        [
                            1016.06,
                            317.84
                        ],
                        [
                            1021.6,
                            312.27
                        ],
                        [
                            1027.06,
                            306.81
                        ],
                        [
                            1032.41,
                            301.47
                        ],
                        [
                            1037.46,
                            296.45
                        ],
                        [
                            1042.09,
                            291.86
                        ],
                        [
                            1046.0,
                            288.0
                        ],
                        [
                            1048.65,
                            285.37
                        ],
                        [
                            1050.57,
                            283.48
                        ],
                        [
                            1052.07,
                            282.08
                        ],
                        [
                            1053.25,
                            281.06
                        ],
                        [
                            1054.32,
                            280.27
                        ],
                        [
                            1055.28,
                            279.7
                        ],
                        [
                            1056.13,
                            279.32
                        ],
                        [
                            1057.0,
                            279.0
                        ],
                        [
                            1058.0,
                            278.56
                        ],
                        [
                            1059.13,
                            278.12
                        ],
                        [
                            1060.39,
                            277.74
                        ],
                        [
                            1061.81,
                            277.44
                        ],
                        [
                            1063.38,
                            277.25
                        ],
                        [
                            1065.21,
                            277.14
                        ],
                        [
                            1067.38,
                            277.06
                        ],
                        [
                            1070.0,
                            277.0
                        ],
                        [
                            1073.28,
                            276.91
                        ],
                        [
                            1077.07,
                            276.83
                        ],
                        [
                            1081.27,
                            276.78
                        ],
                        [
                            1085.88,
                            276.75
                        ],
                        [
                            1090.83,
                            276.76
                        ],
                        [
                            1096.16,
                            276.81
                        ],
                        [
                            1101.88,
                            276.89
                        ],
                        [
                            1108.0,
                            277.0
                        ]
                    ],
                    true
                ],
                [
                    271,
                    272,
                    [
                        [
                            771.0,
                            277.0
                        ],
                        [
                            774.26,
                            276.76
                        ],
                        [
                            777.41,
                            276.66
                        ],
                        [
                            780.44,
                            276.69
                        ],
                        [
                            783.38,
                            276.88
                        ],
                        [
                            786.26,
                            277.23
                        ],
                        [
                            789.02,
                            277.73
                        ],
                        [
                            791.64,
                            278.34
                        ],
                        [
                            794.0,
                            279.0
                        ],
                        [
                            795.92,
                            279.59
                        ],
                        [
                            797.64,
                            280.27
                        ],
                        [
                            799.34,
                            281.16
                        ],
                        [
                            801.06,
                            282.25
                        ],
                        [
                            802.85,
                            283.56
                        ],
                        [
                            804.85,
                            285.23
                        ],
                        [
                            807.15,
                            287.3
                        ],
                        [
                            810.0,
                            290.0
                        ],
                        [
                            813.85,
                            293.71
                        ],
                        [
                            818.27,
                            298.02
                        ],
                        [
                            822.99,
                            302.69
                        ],
                        [
                            827.94,
                            307.62
                        ],
                        [
                            832.94,
                            312.67
                        ],
                        [
                            837.98,
                            317.79
                        ],
                        [
                            843.05,
                            322.95
                        ],
                        [
                            848.0,
                            328.0
                        ],
                        [
                            852.66,
                            332.76
                        ],
                        [
                            857.14,
                            337.34
                        ],
                        [
                            861.48,
                            341.75
                        ],
                        [
                            865.69,
                            346.0
                        ],
                        [
                            869.85,
                            350.14
                        ],
                        [
                            873.83,
                            354.07
                        ],
                        [
                            877.59,
                            357.72
                        ],
                        [
                            881.0,
                            361.0
                        ],
                        [
                            883.83,
                            363.72
                        ],
                        [
                            886.32,
                            366.05
                        ],
                        [
                            888.66,
                            368.1
                        ],
                        [
                            890.88,
                            369.88
                        ],
                        [
                            893.06,
                            371.45
                        ],
                        [
                            895.27,
                            372.81
                        ],
                        [
                            897.54,
                            373.98
                        ],
                        [
                            900.0,
                            375.0
                        ],
                        [
                            902.84,
                            375.94
                        ],
                        [
                            905.91,
                            376.75
                        ],
                        [
                            909.14,
                            377.4
                        ],
                        [
                            912.5,
                            377.88
                        ],
                        [
                            915.94,
                            378.17
                        ],
                        [
                            919.5,
                            378.28
                        ],
                        [
                            923.19,
                            378.23
                        ],
                        [
                            927.0,
                            378.0
                        ]
                    ],
                    true
                ]
            ],
            "stations": [
                {
                    "coord": [
                        2950,
                        400
                    ],
                    "is_working": true,
                    "name": "Upminster",
                    "rect": [
                        2919,
                        375,
                        65,
                        15
                    ],
                    "text_id": 196,
                    "uid": 212
                },
                {
                    "coord": [
                        2905,
                        400
                    ],
                    "is_working": true,
                    "name": "Upminster Bridge",
                    "rect": [
                        2871,
                        410,
                        67,
                        28
                    ],
                    "text_id": 197,
                    "uid": 213
                },
                {
                    "coord": [
                        2860,
                        400
                    ],
                    "is_working": true,
                    "name": "Hornchurch",
                    "rect": [
                        2823,
                        374,
                        82,
                        15
                    ],
                    "text_id": 198,
                    "uid": 214
                },
                {
                    "coord": [
                        2827,
                        400
                    ],
                    "is_working": true,
                    "name": "Elm Park",
                    "rect": [
                        2812,
                        410,
                        33,
                        28
                    ],
                    "text_id": 199,
                    "uid": 215
                },
                {
                    "coord": [
                        2767,
                        400
                    ],
                    "is_working": true,
                    "name": "Dagenham East",
                    "rect": [
                        2732,
                        361,
                        68,
                        28
                    ],
                    "text_id": 200,
                    "uid": 216
                },
                {
                    "coord": [
                        2733,
                        400
                    ],
                    "is_working": true,
                    "name": "Dagenham Heathway",
                    "rect": [
                        2699,
                        411,
                        68,
                        28
                    ],
                    "text_id": 201,
                    "uid": 217
                },
                {
                    "coord": [
                        2694,
                        400
                    ],
                    "is_working": true,
                    "name": "Becontree",
                    "rect": [
                        2657,
                        374,
                        69,
                        15
                    ],
                    "text_id": 202,
                    "uid": 218
                },
                {
                    "coord": [
                        2628,
                        400
                    ],
                    "is_working": true,
                    "name": "Upney",
                    "rect": [
                        2606,
                        410,
                        39,
                        15
                    ],
                    "text_id": 203,
                    "uid": 219
                },
                {
                    "coord": [
                        2590,
                        400
                    ],
                    "is_working": true,
                    "name": "Barking",
                    "rect": [
                        2568,
                        373,
                        53,
                        15
                    ],
                    "text_id": 204,
                    "uid": 220
                },
                {
                    "coord": [
                        2548,
                        400
                    ],
                    "is_working": true,
                    "name": "East Ham",
                    "rect": [
                        2532,
                        410,
                        32,
                        28
                    ],
                    "text_id": 205,
                    "uid": 221
                },
                {
                    "coord": [
                        2511,
                        400
                    ],
                    "is_working": true,
                    "name": "Upton Park",
                    "rect": [
                        2490,
                        360,
                        41,
                        28
                    ],
                    "text_id": 206,
                    "uid": 222
                },
                {
                    "coord": [
                        2475,
                        400
                    ],
                    "is_working": true,
                    "name": "Plaistow",
                    "rect": [
                        2448,
                        411,
                        57,
                        15
                    ],
                    "text_id": 207,
                    "uid": 223
                },
                {
                    "coord": [
                        2409,
                        400
                    ],
                    "is_working": true,
                    "name": "West Ham",
                    "rect": [
                        2392,
                        361,
                        34,
                        28
                    ],
                    "text_id": 208,
                    "uid": 224
                },
                {
                    "coord": [
                        2348,
                        400
                    ],
                    "is_working": true,
                    "name": "Bromley-by-Bow",
                    "rect": [
                        2300,
                        413,
                        102,
                        15
                    ],
                    "text_id": 209,
                    "uid": 225
                },
                {
                    "coord": [
                        2271,
                        400
                    ],
                    "is_working": true,
                    "name": "Bow Road",
                    "rect": [
                        2256,
                        362,
                        34,
                        28
                    ],
                    "text_id": 210,
                    "uid": 226
                },
                {
                    "coord": [
                        2187,
                        400
                    ],
                    "is_working": true,
                    "name": "Mile End",
                    "rect": [
                        2174,
                        361,
                        30,
                        28
                    ],
                    "text_id": 156,
                    "uid": 227
                },
                {
                    "coord": [
                        2117,
                        400
                    ],
                    "is_working": true,
                    "name": "Stepney Green",
                    "rect": [
                        2092,
                        409,
                        53,
                        28
                    ],
                    "text_id": 211,
                    "uid": 228
                },
                {
                    "coord": [
                        2048,
                        400
                    ],
                    "is_working": true,
                    "name": "Whitechapel",
                    "rect": [
                        2006,
                        372,
                        80,
                        15
                    ],
                    "text_id": 212,
                    "uid": 229
                },
                {
                    "coord": [
                        1952,
                        400
                    ],
                    "is_working": true,
                    "name": "Aldgate East",
                    "rect": [
                        1925,
                        360,
                        55,
                        28
                    ],
                    "text_id": 213,
                    "uid": 230
                },
                {
                    "coord": [
                        1873,
                        400
                    ],
                    "is_working": true,
                    "name": "Tower Hill",
                    "rect": [
                        1845,
                        360,
                        43,
                        28
                    ],
                    "text_id": 184,
                    "uid": 231
                },
                {
                    "coord": [
                        1794,
                        400
                    ],
                    "is_working": true,
                    "name": "Monument",
                    "rect": [
                        1757,
                        372,
                        65,
                        15
                    ],
                    "text_id": 185,
                    "uid": 232
                },
                {
                    "coord": [
                        1720,
                        400
                    ],
                    "is_working": true,
                    "name": "Cannon Street",
                    "rect": [
                        1691,
                        360,
                        52,
                        28
                    ],
                    "text_id": 186,
                    "uid": 233
                },
                {
                    "coord": [
                        1682,
                        400
                    ],
                    "is_working": true,
                    "name": "Mansion House",
                    "rect": [
                        1656,
                        412,
                        55,
                        28
                    ],
                    "text_id": 187,
                    "uid": 234
                },
                {
                    "coord": [
                        1613,
                        400
                    ],
                    "is_working": true,
                    "name": "Blackfriars",
                    "rect": [
                        1580,
                        374,
                        80,
                        15
                    ],
                    "text_id": 188,
                    "uid": 235
                },
                {
                    "coord": [
                        1543,
                        400
                    ],
                    "is_working": true,
                    "name": "Temple",
                    "rect": [
                        1517,
                        409,
                        44,
                        15
                    ],
                    "text_id": 189,
                    "uid": 236
                },
                {
                    "coord": [
                        1476,
                        400
                    ],
                    "is_working": true,
                    "name": "Embankment",
                    "rect": [
                        1434,
                        371,
                        80,
                        15
                    ],
                    "text_id": 21,
                    "uid": 237
                },
                {
                    "coord": [
                        1385,
                        400
                    ],
                    "is_working": true,
                    "name": "Westminster",
                    "rect": [
                        1339,
                        371,
                        80,
                        15
                    ],
                    "text_id": 190,
                    "uid": 238
                },
                {
                    "coord": [
                        1309,
                        400
                    ],
                    "is_working": true,
                    "name": "St.James's Park",
                    "rect": [
                        1274,
                        408,
                        66,
                        28
                    ],
                    "text_id": 191,
                    "uid": 239
                },
                {
                    "coord": [
                        1236,
                        400
                    ],
                    "is_working": true,
                    "name": "Victoria",
                    "rect": [
                        1212,
                        372,
                        53,
                        15
                    ],
                    "text_id": 86,
                    "uid": 240
                },
                {
                    "coord": [
                        1171,
                        400
                    ],
                    "is_working": true,
                    "name": "Sloane Square",
                    "rect": [
                        1150,
                        410,
                        48,
                        28
                    ],
                    "text_id": 192,
                    "uid": 241
                },
                {
                    "coord": [
                        1107,
                        400
                    ],
                    "is_working": true,
                    "name": "South Kensington",
                    "rect": [
                        1074,
                        364,
                        73,
                        28
                    ],
                    "text_id": 46,
                    "uid": 242
                },
                {
                    "coord": [
                        1027,
                        400
                    ],
                    "is_working": true,
                    "name": "Gloucester Road",
                    "rect": [
                        986,
                        363,
                        77,
                        28
                    ],
                    "text_id": 47,
                    "uid": 243
                },
                {
                    "coord": [
                        927,
                        400
                    ],
                    "is_working": true,
                    "name": "Earl's Court II",
                    "rect": [
                        906,
                        337,
                        42,
                        28
                    ],
                    "text_id": 48,
                    "uid": 244
                },
                {
                    "coord": [
                        822,
                        348
                    ],
                    "is_working": true,
                    "name": "West Kensington",
                    "rect": [
                        761,
                        359,
                        73,
                        28
                    ],
                    "text_id": 214,
                    "uid": 245
                },
                {
                    "coord": [
                        739,
                        348
                    ],
                    "is_working": true,
                    "name": "Barons Court",
                    "rect": [
                        715,
                        310,
                        51,
                        28
                    ],
                    "text_id": 49,
                    "uid": 246
                },
                {
                    "coord": [
                        656,
                        348
                    ],
                    "is_working": true,
                    "name": "Hammersmith",
                    "rect": [
                        612,
                        320,
                        84,
                        15
                    ],
                    "text_id": 50,
                    "uid": 247
                },
                {
                    "coord": [
                        577,
                        348
                    ],
                    "is_working": true,
                    "name": "Ravenscourt Park",
                    "rect": [
                        536,
                        358,
                        87,
                        28
                    ],
                    "text_id": 215,
                    "uid": 248
                },
                {
                    "coord": [
                        536,
                        348
                    ],
                    "is_working": true,
                    "name": "Stamford Brook",
                    "rect": [
                        505,
                        307,
                        64,
                        28
                    ],
                    "text_id": 216,
                    "uid": 249
                },
                {
                    "coord": [
                        492,
                        348
                    ],
                    "is_working": true,
                    "name": "Turnham Green",
                    "rect": [
                        463,
                        356,
                        59,
                        28
                    ],
                    "text_id": 51,
                    "uid": 250
                },
                {
                    "coord": [
                        388,
                        348
                    ],
                    "is_working": true,
                    "name": "Chiswich Park",
                    "rect": [
                        359,
                        311,
                        59,
                        28
                    ],
                    "text_id": 217,
                    "uid": 251
                },
                {
                    "coord": [
                        323,
                        348
                    ],
                    "is_working": true,
                    "name": "Acton Town",
                    "rect": [
                        300,
                        311,
                        42,
                        28
                    ],
                    "text_id": 52,
                    "uid": 252
                },
                {
                    "coord": [
                        246,
                        348
                    ],
                    "is_working": true,
                    "name": "Ealing Common",
                    "rect": [
                        224,
                        311,
                        52,
                        28
                    ],
                    "text_id": 53,
                    "uid": 253
                },
                {
                    "coord": [
                        168,
                        348
                    ],
                    "is_working": true,
                    "name": "Ealing Broadway",
                    "rect": [
                        135,
                        309,
                        67,
                        28
                    ],
                    "text_id": 139,
                    "uid": 254
                },
                {
                    "coord": [
                        224,
                        447
                    ],
                    "is_working": true,
                    "name": "Gunnersbury",
                    "rect": [
                        187,
                        422,
                        87,
                        15
                    ],
                    "text_id": 218,
                    "uid": 255
                },
                {
                    "coord": [
                        122,
                        447
                    ],
                    "is_working": true,
                    "name": "Kew Gardens",
                    "rect": [
                        95,
                        409,
                        56,
                        28
                    ],
                    "text_id": 219,
                    "uid": 256
                },
                {
                    "coord": [
                        41,
                        447
                    ],
                    "is_working": true,
                    "name": "Richmond",
                    "rect": [
                        11,
                        457,
                        62,
                        15
                    ],
                    "text_id": 220,
                    "uid": 257
                },
                {
                    "coord": [
                        809,
                        447
                    ],
                    "is_working": true,
                    "name": "West Brompton",
                    "rect": [
                        763,
                        457,
                        64,
                        28
                    ],
                    "text_id": 221,
                    "uid": 258
                },
                {
                    "coord": [
                        723,
                        447
                    ],
                    "is_working": true,
                    "name": "Fulham Broadway",
                    "rect": [
                        689,
                        409,
                        67,
                        28
                    ],
                    "text_id": 222,
                    "uid": 259
                },
                {
                    "coord": [
                        657,
                        447
                    ],
                    "is_working": true,
                    "name": "Parsons Green",
                    "rect": [
                        629,
                        457,
                        57,
                        28
                    ],
                    "text_id": 223,
                    "uid": 260
                },
                {
                    "coord": [
                        581,
                        447
                    ],
                    "is_working": true,
                    "name": "Putney Bridge",
                    "rect": [
                        557,
                        411,
                        47,
                        28
                    ],
                    "text_id": 224,
                    "uid": 261
                },
                {
                    "coord": [
                        492,
                        447
                    ],
                    "is_working": true,
                    "name": "East Putney",
                    "rect": [
                        468,
                        409,
                        45,
                        28
                    ],
                    "text_id": 225,
                    "uid": 262
                },
                {
                    "coord": [
                        446,
                        447
                    ],
                    "is_working": true,
                    "name": "Southfields",
                    "rect": [
                        410,
                        457,
                        76,
                        15
                    ],
                    "text_id": 226,
                    "uid": 263
                },
                {
                    "coord": [
                        404,
                        447
                    ],
                    "is_working": true,
                    "name": "Wimbledon Park",
                    "rect": [
                        365,
                        409,
                        71,
                        28
                    ],
                    "text_id": 227,
                    "uid": 264
                },
                {
                    "coord": [
                        345,
                        447
                    ],
                    "is_working": true,
                    "name": "Wimbledon",
                    "rect": [
                        315,
                        457,
                        69,
                        15
                    ],
                    "text_id": 228,
                    "uid": 265
                },
                {
                    "coord": [
                        1424,
                        277
                    ],
                    "is_working": true,
                    "name": "Edgware Road",
                    "rect": [
                        1400,
                        240,
                        60,
                        28
                    ],
                    "text_id": 14,
                    "uid": 266
                },
                {
                    "coord": [
                        1341,
                        277
                    ],
                    "is_working": true,
                    "name": "Paddington",
                    "rect": [
                        1305,
                        247,
                        74,
                        15
                    ],
                    "text_id": 13,
                    "uid": 267
                },
                {
                    "coord": [
                        1262,
                        277
                    ],
                    "is_working": true,
                    "name": "Bayswater",
                    "rect": [
                        1226,
                        251,
                        71,
                        15
                    ],
                    "text_id": 194,
                    "uid": 268
                },
                {
                    "coord": [
                        1187,
                        277
                    ],
                    "is_working": true,
                    "name": "Notting Hill Gate",
                    "rect": [
                        1157,
                        235,
                        57,
                        28
                    ],
                    "text_id": 146,
                    "uid": 269
                },
                {
                    "coord": [
                        1108,
                        277
                    ],
                    "is_working": true,
                    "name": "High Street Kensington",
                    "rect": [
                        1019,
                        240,
                        117,
                        28
                    ],
                    "text_id": 193,
                    "uid": 270
                },
                {
                    "coord": [
                        927,
                        378
                    ],
                    "is_working": true,
                    "name": "Earl's Court I",
                    "rect": [
                        906,
                        337,
                        42,
                        28
                    ],
                    "text_id": 48,
                    "uid": 271
                },
                {
                    "coord": [
                        771,
                        277
                    ],
                    "is_working": true,
                    "name": "Kensington Olympia",
                    "rect": [
                        735,
                        239,
                        75,
                        28
                    ],
                    "text_id": 229,
                    "uid": 272
                }
            ],
            "text_id": 230
        }
    ],
    "lines_width": 9,
    "name": "district",
    "name_text_id": 230,
    "stations_diameter": 15.0,
    "transfers": [
        [
            244,
            271,
            [
                927,
                400
            ],
            [
                927,
                378
            ]
        ]
    ],
    "transports": [
        "metro"
    ],
    "type_name": "Метро",
    "type_text_id": 321,
    "upper_case": true,
    "width": 3100,
    "word_wrap": true
}