{
    "0": "Maigaoqiao",
    "1": "Hongshan Zoo",
    "2": "Nanjing Railway Station",
    "3": "Xinmofan Road",
    "4": "Xuanwumen",
    "5": "Gulou",
    "6": "Zhujiang Road",
    "7": "Xinjiekou",
    "8": "Zhangfuyuan",
    "9": "Sanshan Street",
    "10": "Zhonghuamen",
    "11": "Andemen",
    "12": "Tianlongsi",
    "13": "Ruanjiandadao",
    "14": "Huashenmiao",
    "15": "Nanjing South Railway Station",
    "16": "Shuanglongdadao",
    "17": "Hedingqiao",
    "18": "Shengtailu",
    "19": "Baijiahu",
    "20": "Xiaolongwan",
    "21": "Zhushanlu",
    "22": "Tianyindadao",
    "23": "Longmiandadao",
    "24": "Nmu-jiett",
    "25": "Njci",
    "26": "Cpu",
    "27": "1",
    "28": "Youfangqiao",
    "29": "Yurundajie",
    "30": "Yuantong",
    "31": "Olympic Stadium East",
    "32": "Xinglongdajie",
    "33": "Jiqingmendajie",
    "34": "Yunjinlu",
    "35": "Mochouhu",
    "36": "Hanzhongmen",
    "37": "Shanghailu",
    "38": "Daxinggong",
    "39": "Xi'Anmen",
    "40": "Minggugong",
    "41": "Muxuyuan",
    "42": "Xiamafang",
    "43": "Xiaolingwei",
    "44": "Zhonglingjie",
    "45": "Maqun",
    "46": "Jinmalu",
    "47": "Xianhemen",
    "48": "Xuezelu",
    "49": "Xianlinzhongxin",
    "50": "Yangshangongyuan",
    "51": "NJU Xianlin Campus",
    "52": "Jingtianlu",
    "53": "2",
    "54": "Linchang",
    "55": "Xinghuolu",
    "56": "Southeast University Chengxian College",
    "57": "Taifenglu",
    "58": "Tianruncheng",
    "59": "Liuzhoudonglu",
    "60": "Shangyuanmen",
    "61": "Wutangguangchang",
    "62": "Xiaoshi",
    "63": "Xinzhuang/NFU",
    "64": "Jimingsi",
    "65": "Fuqiao",
    "66": "Changfujie",
    "67": "Fuzimiao",
    "68": "Wudingmen",
    "69": "Yuhuamen",
    "70": "Kazimen",
    "71": "Daminglu",
    "72": "Mingchengdadao",
    "73": "Hongyundaodao",
    "74": "Shengtaixilu",
    "75": "Tianyuanxilu",
    "76": "Jiulonghu",
    "77": "Chengxindadao",
    "78": "Southeast University Jiulonghu Campus",
    "79": "Mozhoudonglu",
    "80": "3",
    "81": "Xiaohang",
    "82": "Zhongsheng",
    "83": "Olympic Stadium",
    "84": "Mengdudajie",
    "85": "Lyuboyuan",
    "86": "Jiangxinzhou",
    "87": "Linjiang",
    "88": "Pukouwanhuicheng",
    "89": "Nanjing University of Technology",
    "90": "Longhualu",
    "91": "Wendelu",
    "92": "Yushanlu",
    "93": "10",
    "94": "Метро",
    "95": "ROOT",
    "96": "Схема от 29.04.2015г.\nАвтор: Варламов Дмитрий (www.chpeks.com)",
    "97": "Imported from http://pmetro.su"
}