{
    "0": "Bensberg",
    "1": "Im Hoppenkamp",
    "2": "Kolner Str.",
    "3": "Neuenweg",
    "4": "Frankenforst",
    "5": "Kippekausen",
    "6": "Refrath",
    "7": "Lustheide",
    "8": "Bruck Mauspfad",
    "9": "Flehbachstr.",
    "10": "Merheim",
    "11": "Kalker Friedhof",
    "12": "Hohenberg Frankfurter Str.",
    "13": "Fuldaer Str.",
    "14": "Kalk Kapelle",
    "15": "Kalk Post",
    "16": "Deutz-Kalker Bad",
    "17": "Bf Deutz/Messe",
    "18": "Deutzer Freiheit",
    "19": "Heumarkt",
    "20": "Neumarkt",
    "21": "Rudolfplatz",
    "22": "Moltkestr.",
    "23": "Universitatsstr.",
    "24": "Melaten",
    "25": "Aachener Str./Gurtel",
    "26": "Maarweg",
    "27": "Clarenbachstift",
    "28": "Eupener Str.",
    "29": "Alter Militarring",
    "30": "Rheinenergie-Stadion",
    "31": "Junkersdorf",
    "32": "Mohnweg",
    "33": "Bahnstr.",
    "34": "Weiden Zentrum",
    "35": "Weiden Schulstr.",
    "36": "K-Weiden West",
    "37": "1",
    "38": "Bad Godesberg Stadthalle",
    "39": "Bad Godesberg Bf",
    "40": "Plittersdorfer Str.",
    "41": "Wurzerstr.",
    "42": "Hochkreuz/Deutsches Museum Bonn",
    "43": "Max-Lobner-Str./Friesdorf",
    "44": "Deutsche Telekom/Platz der Vereinten Nationen",
    "45": "Deutsche Telekom/Ollenhauerstr.",
    "46": "Heussallee/Museumsmeile",
    "47": "Museum Koenig",
    "48": "Bundesrechnungshof/Auswartiges Amt",
    "49": "Juridicum",
    "50": "Universitat/Markt",
    "51": "Bonn Hbf",
    "52": "BN West",
    "53": "Propsthof Nord",
    "54": "Tannenbusch Sud",
    "55": "Tannenbusch Mitte",
    "56": "Buschdorf",
    "57": "Hersel",
    "58": "Uedorf",
    "59": "Widdig",
    "60": "Urfeld",
    "61": "Wesseling Sud",
    "62": "Wesseling",
    "63": "Wesseling Nord",
    "64": "Godorf",
    "65": "Surth",
    "66": "Michaelshoven",
    "67": "Siegstr.",
    "68": "Rodenkirchen",
    "69": "Heinrich-Lubke-Ufer",
    "70": "Bayenthalgurtel",
    "71": "Schonhauser Str.",
    "72": "Ubierring",
    "73": "Chlodwigplatz",
    "74": "Ulrepforte",
    "75": "Eifelstr.",
    "76": "Barbarossaplatz",
    "77": "Poststr.",
    "78": "Appellhofplatz",
    "79": "Dom/Hbf",
    "80": "Breslauer Platz/Hbf",
    "81": "Ebertplatz",
    "82": "Reichenspergerplatz",
    "83": "Kinderkrankenhaus",
    "84": "Amsterdamer Str./Gurtel",
    "85": "Nesselrodestr.",
    "86": "Niehl Sebastianstr.",
    "87": "16",
    "88": "Bruhler Str.",
    "89": "Robert-Kirchhoff-Str.",
    "90": "Dransdorf",
    "91": "Alfter",
    "92": "Roisdorf West",
    "93": "Bornheim Rathaus",
    "94": "Bornheim",
    "95": "Dersdorf",
    "96": "Waldorf",
    "97": "Merten",
    "98": "Walberberg",
    "99": "Bruhl-Schwadorf",
    "100": "Bruhl-Badorf",
    "101": "Bruhl Sud",
    "102": "Bruhl Mitte",
    "103": "Bruhl Nord",
    "104": "Bruhl-Vochem",
    "105": "Fischenich",
    "106": "Hurth-Hermulheim",
    "107": "Kiebitzweg",
    "108": "Efferen",
    "109": "Klettenbergpark",
    "110": "Sulzgurtel",
    "111": "Sulzburgstr.",
    "112": "Arnulfstr.",
    "113": "Weisshausstr.",
    "114": "Eifelwall",
    "115": "Zoo/Flora",
    "116": "Boltensternstr.",
    "117": "Slabystr.",
    "118": "Mulheim Wiener Platz",
    "119": "K-Mulheim",
    "120": "Buchheim Herler Str.",
    "121": "Wichheimer Str.",
    "122": "Holweide Vischeringstr.",
    "123": "Maria-Himmelfahrt-Str.",
    "124": "Neufelder Str.",
    "125": "Dellbruck Mauspfad",
    "126": "Dellbruck Hauptstr.",
    "127": "Thielenbruch",
    "128": "18",
    "129": "Dottendorf Quirinusplatz",
    "130": "Hindenburgplatz",
    "131": "Bergstr.",
    "132": "Putzstr.",
    "133": "Eduard-Otto-Str.",
    "134": "Haus der Jugend",
    "135": "Rittershausstr.",
    "136": "Weberstr.",
    "137": "Konigstr.",
    "138": "Poppelsdorfer Allee",
    "139": "Th.-Mann-Str.",
    "140": "Stadthaus",
    "141": "Wilhelmsplatz",
    "142": "Rosental",
    "143": "Rheinische Kliniken",
    "144": "Finanzministerium",
    "145": "Innenministerium",
    "146": "Am Bonner Berg",
    "147": "An der Josefshohe",
    "148": "Pariser Str.",
    "149": "Auerberg Kopenhagener Str.",
    "150": "61",
    "151": "B.-v.-Suttner-Pl./Beethovenhaus",
    "152": "Konrad-Adenauer-Platz",
    "153": "Beuel Rathaus",
    "154": "Obere Wilhelmstr.",
    "155": "Beuel Bf",
    "156": "Limperich Nord",
    "157": "Limperich",
    "158": "Kudinghoven",
    "159": "Schiessbergweg",
    "160": "Ramersdorf",
    "161": "Oberkassel Nord",
    "162": "Oberkassel Mitte",
    "163": "Oberkassel Sud/Romlinghoven",
    "164": "62",
    "165": "63",
    "166": "65",
    "167": "Bad Honnef",
    "168": "Am Spitzenbach",
    "169": "Rhondorf",
    "170": "Konigsw. Denkmal",
    "171": "Konigsw. Fahre/Sea Life Aquarium",
    "172": "Konigswinter Clemens-August-Str.",
    "173": "Longenburg",
    "174": "Oberdollendorf",
    "175": "Oberdollendorf Nord",
    "176": "Rheinaue",
    "177": "Robert-Schuman-Platz",
    "178": "Adelheidisstr.",
    "179": "Vilich",
    "180": "Vilich-Muldorf",
    "181": "Hangelar West",
    "182": "Hangelar Mitte",
    "183": "Hangelar Ost",
    "184": "Sankt Augustin Ort",
    "185": "Sankt Augustin Kloster",
    "186": "Sankt Augustin Markt",
    "187": "Sankt Augustin-Mulldorf",
    "188": "Siegburg",
    "189": "66",
    "190": "67",
    "191": "68",
    "192": "Mengenich Ollenhauerring",
    "193": "Schaffrathsgasse",
    "194": "Bocklemund",
    "195": "Westfriedhof",
    "196": "Wolffsohnstr.",
    "197": "Akazienweg",
    "198": "Aussere Kanalstr.",
    "199": "Leyendeckerstr.",
    "200": "K-Ehrenfeld",
    "201": "Kornerstr.",
    "202": "Piusstr.",
    "203": "Hans-Bockler-Platz/Bf West",
    "204": "Friesenplatz",
    "205": "Severinstr.",
    "206": "Suevenstr.",
    "207": "Bf Deutz/Kolnarena",
    "208": "Koelnmesse",
    "209": "Stegerwaldsiedlung",
    "210": "Waldecker Str.",
    "211": "Buchheim Frankfurter Str.",
    "212": "3",
    "213": "Grunstr.",
    "214": "Keupstr.",
    "215": "Von-Sparr-Str.",
    "216": "Mulheim Berliner Str.",
    "217": "Im Weidenbruch",
    "218": "Am Emberg",
    "219": "Leuchterstr.",
    "220": "Odenthaler Str.",
    "221": "Schlebusch",
    "222": "4",
    "223": "Ossendorf",
    "224": "Rektor-Klein-Str.",
    "225": "Margaretastr.",
    "226": "Iltisstr.",
    "227": "Takuplatz",
    "228": "Lenauplatz",
    "229": "Nussbaumerstr.",
    "230": "Subbelrather Str./Gurtel",
    "231": "Liebigstr.",
    "232": "Gutenbergstr.",
    "233": "5",
    "234": "Zundorf",
    "235": "Rosenhugel",
    "236": "Porz Markt",
    "237": "Porz Steinstr.",
    "238": "Ensen Kloster",
    "239": "Ensen Gilgaustr.",
    "240": "Westhoven Berliner Str.",
    "241": "Westhoven Kolner Str.",
    "242": "Baumschulenweg",
    "243": "Poll Salmstr.",
    "244": "Raiffeisenstr.",
    "245": "Poller Kirchweg",
    "246": "Drehbrucke",
    "247": "Severinsbrucke",
    "248": "Wullnerstr.",
    "249": "Durener Str./Gurtel",
    "250": "Brahmsstr.",
    "251": "Stuttgenhof",
    "252": "Marsdorf",
    "253": "Haus Vorst",
    "254": "Frechen Bahnhof",
    "255": "Frechen Kirche",
    "256": "Frechen Rathaus",
    "257": "Muhlengasse",
    "258": "Frechen-Benzelrath",
    "259": "7",
    "260": "Konigsforst",
    "261": "Rottgensweg",
    "262": "Rath-Heumar",
    "263": "Porzer Str.",
    "264": "Steinweg",
    "265": "Autobahn",
    "266": "Ostheim",
    "267": "Vingst",
    "268": "Mauritiuskirche",
    "269": "Zulpicher Platz",
    "270": "Dasselstr./Bf Sud",
    "271": "Universitat",
    "272": "Weyertal",
    "273": "Lindenburg",
    "274": "Zulpicher Str./Gurtel",
    "275": "Mommsenstr.",
    "276": "Sulz Hermeskeiler Platz",
    "277": "9",
    "278": "Zollstock Sudfriedhof",
    "279": "Zollstockgurtel",
    "280": "Gottesweg",
    "281": "Herthastr.",
    "282": "Pohligstr.",
    "283": "Eifelplatz",
    "284": "Christophstr./Mediapark",
    "285": "K Hansaring",
    "286": "Lohsestr.",
    "287": "Florastr.",
    "288": "Neusser Str./Gurtel",
    "289": "Mollwitzstr.",
    "290": "Scheibenstr.",
    "291": "Wilhelm-Sollmann-Str.",
    "292": "Niehl",
    "293": "Geestemunder Str.",
    "294": "Fordwerke Sud",
    "295": "Fordwerke Mitte",
    "296": "Fordwerke Nord",
    "297": "Merkenich Mitte",
    "298": "Merkenich",
    "299": "12",
    "300": "Berrenrather Str./Gurtel",
    "301": "Euskirchener Str.",
    "302": "Gleueler Str./Gurtel",
    "303": "Durener Str./ Gurtel",
    "304": "Oskar-Jager-Str./Gurtel",
    "305": "Weinsbergstr./Gurtel",
    "306": "Venloer Str./Gurtel",
    "307": "Escher Str.",
    "308": "K Geldernstr./Parkgurtel",
    "309": "13",
    "310": "Altonaer Platz",
    "311": "Herforder Str.",
    "312": "Meerfeldstr.",
    "313": "Longericher Str.",
    "314": "Heimersdorf",
    "315": "Chorweiler",
    "316": "Longerich Friedhof",
    "317": "15",
    "318": "Train",
    "319": "ROOT",
    "320": "Versija karty ot 01.10.2007g.\nAvtor: Varlamov Dmitrij (www.chpeks.com)",
    "321": "Imported from http://pmetro.su"
}