{
    "default_transports": [
        "metro"
    ],
    "height": 1040,
    "images": [
        "res/schemes/2 linea.svg"
    ],
    "is_vector": true,
    "lines": [
        {
            "labels_bg_color": "-1",
            "labels_color": "000000",
            "line_color": "DD0000",
            "line_width": 9,
            "name": "L1",
            "segments": [],
            "stations": [
                {
                    "coord": null,
                    "is_working": true,
                    "name": "San Pablo",
                    "rect": null,
                    "text_id": 0,
                    "uid": 0
                },
                {
                    "coord": null,
                    "is_working": true,
                    "name": "Neptuno",
                    "rect": null,
                    "text_id": 1,
                    "uid": 1
                },
                {
                    "coord": null,
                    "is_working": true,
                    "name": "Pajaritos",
                    "rect": null,
                    "text_id": 2,
                    "uid": 2
                },
                {
                    "coord": null,
                    "is_working": true,
                    "name": "Las Rejas",
                    "rect": null,
                    "text_id": 3,
                    "uid": 3
                },
                {
                    "coord": null,
                    "is_working": true,
                    "name": "Ecuador",
                    "rect": null,
                    "text_id": 4,
                    "uid": 4
                },
                {
                    "coord": null,
                    "is_working": true,
                    "name": "San Alberto Hurtado",
                    "rect": null,
                    "text_id": 5,
                    "uid": 5
                },
                {
                    "coord": null,
                    "is_working": true,
                    "name": "U. de Santiago",
                    "rect": null,
                    "text_id": 6,
                    "uid": 6
                },
                {
                    "coord": null,
                    "is_working": true,
                    "name": "Estacion Central",
                    "rect": null,
                    "text_id": 7,
                    "uid": 7
                },
                {
                    "coord": null,
                    "is_working": true,
                    "name": "Union Latino - Americana",
                    "rect": null,
                    "text_id": 8,
                    "uid": 8
                },
                {
                    "coord": null,
                    "is_working": true,
                    "name": "Republica",
                    "rect": null,
                    "text_id": 9,
                    "uid": 9
                },
                {
                    "coord": [
                        160,
                        410
                    ],
                    "is_working": true,
                    "name": "Los Heroes",
                    "rect": [
                        65,
                        405,
                        80,
                        13
                    ],
                    "text_id": 10,
                    "uid": 10
                },
                {
                    "coord": null,
                    "is_working": true,
                    "name": "La Moneda",
                    "rect": null,
                    "text_id": 11,
                    "uid": 11
                },
                {
                    "coord": null,
                    "is_working": true,
                    "name": "U. de Chile",
                    "rect": null,
                    "text_id": 12,
                    "uid": 12
                },
                {
                    "coord": null,
                    "is_working": true,
                    "name": "Santa Lucia",
                    "rect": null,
                    "text_id": 13,
                    "uid": 13
                },
                {
                    "coord": null,
                    "is_working": true,
                    "name": "U. Catolica",
                    "rect": null,
                    "text_id": 14,
                    "uid": 14
                },
                {
                    "coord": null,
                    "is_working": true,
                    "name": "Baquedano",
                    "rect": null,
                    "text_id": 15,
                    "uid": 15
                },
                {
                    "coord": null,
                    "is_working": true,
                    "name": "Salvador",
                    "rect": null,
                    "text_id": 16,
                    "uid": 16
                },
                {
                    "coord": null,
                    "is_working": true,
                    "name": "Manuel Montt",
                    "rect": null,
                    "text_id": 17,
                    "uid": 17
                },
                {
                    "coord": null,
                    "is_working": true,
                    "name": "Pedro de Valdivia",
                    "rect": null,
                    "text_id": 18,
                    "uid": 18
                },
                {
                    "coord": null,
                    "is_working": true,
                    "name": "Los Leones",
                    "rect": null,
                    "text_id": 19,
                    "uid": 19
                },
                {
                    "coord": null,
                    "is_working": true,
                    "name": "Tobalaba",
                    "rect": null,
                    "text_id": 20,
                    "uid": 20
                },
                {
                    "coord": null,
                    "is_working": true,
                    "name": "El Golf",
                    "rect": null,
                    "text_id": 21,
                    "uid": 21
                },
                {
                    "coord": null,
                    "is_working": true,
                    "name": "Alcantara",
                    "rect": null,
                    "text_id": 22,
                    "uid": 22
                },
                {
                    "coord": null,
                    "is_working": true,
                    "name": "Escuela Militar",
                    "rect": null,
                    "text_id": 23,
                    "uid": 23
                },
                {
                    "coord": null,
                    "is_working": true,
                    "name": "Manquehue",
                    "rect": null,
                    "text_id": 24,
                    "uid": 24
                },
                {
                    "coord": null,
                    "is_working": true,
                    "name": "Hernando de Magallanes",
                    "rect": null,
                    "text_id": 25,
                    "uid": 25
                },
                {
                    "coord": null,
                    "is_working": true,
                    "name": "Los Dominicos",
                    "rect": null,
                    "text_id": 26,
                    "uid": 26
                }
            ],
            "text_id": 27
        },
        {
            "labels_bg_color": "-1",
            "labels_color": "000000",
            "line_color": "FFCC00",
            "line_width": 9,
            "name": "L2",
            "segments": [
                [
                    27,
                    28,
                    [
                        [
                            180,
                            850
                        ],
                        [
                            180,
                            890
                        ]
                    ],
                    true
                ],
                [
                    28,
                    29,
                    [
                        [
                            180,
                            810
                        ],
                        [
                            180,
                            850
                        ]
                    ],
                    true
                ],
                [
                    29,
                    30,
                    [
                        [
                            180,
                            770
                        ],
                        [
                            180,
                            810
                        ]
                    ],
                    true
                ],
                [
                    30,
                    31,
                    [
                        [
                            180,
                            730
                        ],
                        [
                            180,
                            770
                        ]
                    ],
                    true
                ],
                [
                    31,
                    32,
                    [
                        [
                            180,
                            690
                        ],
                        [
                            180,
                            730
                        ]
                    ],
                    true
                ],
                [
                    32,
                    33,
                    [
                        [
                            180,
                            650
                        ],
                        [
                            180,
                            690
                        ]
                    ],
                    true
                ],
                [
                    33,
                    34,
                    [
                        [
                            180,
                            610
                        ],
                        [
                            180,
                            650
                        ]
                    ],
                    true
                ],
                [
                    34,
                    35,
                    [
                        [
                            180,
                            570
                        ],
                        [
                            180,
                            610
                        ]
                    ],
                    true
                ],
                [
                    35,
                    36,
                    [
                        [
                            180,
                            530
                        ],
                        [
                            180,
                            570
                        ]
                    ],
                    true
                ],
                [
                    36,
                    37,
                    [
                        [
                            180,
                            490
                        ],
                        [
                            180,
                            530
                        ]
                    ],
                    true
                ],
                [
                    37,
                    38,
                    [
                        [
                            180,
                            450
                        ],
                        [
                            180,
                            490
                        ]
                    ],
                    true
                ],
                [
                    38,
                    39,
                    [
                        [
                            180,
                            410
                        ],
                        [
                            180,
                            450
                        ]
                    ],
                    true
                ],
                [
                    39,
                    40,
                    [
                        [
                            180,
                            370
                        ],
                        [
                            180,
                            410
                        ]
                    ],
                    true
                ],
                [
                    40,
                    41,
                    [
                        [
                            180,
                            330
                        ],
                        [
                            180,
                            370
                        ]
                    ],
                    true
                ],
                [
                    41,
                    42,
                    [
                        [
                            180,
                            290
                        ],
                        [
                            180,
                            330
                        ]
                    ],
                    true
                ],
                [
                    42,
                    43,
                    [
                        [
                            180,
                            250
                        ],
                        [
                            180,
                            290
                        ]
                    ],
                    true
                ],
                [
                    43,
                    44,
                    [
                        [
                            180,
                            210
                        ],
                        [
                            180,
                            250
                        ]
                    ],
                    true
                ],
                [
                    44,
                    45,
                    [
                        [
                            180,
                            170
                        ],
                        [
                            180,
                            210
                        ]
                    ],
                    true
                ],
                [
                    45,
                    46,
                    [
                        [
                            180,
                            130
                        ],
                        [
                            180,
                            170
                        ]
                    ],
                    true
                ],
                [
                    46,
                    47,
                    [
                        [
                            180,
                            90
                        ],
                        [
                            180,
                            130
                        ]
                    ],
                    true
                ],
                [
                    47,
                    48,
                    [
                        [
                            180,
                            50
                        ],
                        [
                            180,
                            90
                        ]
                    ],
                    true
                ]
            ],
            "stations": [
                {
                    "coord": [
                        180,
                        890
                    ],
                    "is_working": true,
                    "name": "La Cisterna",
                    "rect": [
                        195,
                        885,
                        83,
                        12
                    ],
                    "text_id": 28,
                    "uid": 27
                },
                {
                    "coord": [
                        180,
                        850
                    ],
                    "is_working": true,
                    "name": "El Parron",
                    "rect": [
                        195,
                        845,
                        70,
                        10
                    ],
                    "text_id": 29,
                    "uid": 28
                },
                {
                    "coord": [
                        180,
                        810
                    ],
                    "is_working": true,
                    "name": "Lo Ovalle",
                    "rect": [
                        195,
                        805,
                        70,
                        10
                    ],
                    "text_id": 30,
                    "uid": 29
                },
                {
                    "coord": [
                        180,
                        770
                    ],
                    "is_working": true,
                    "name": "Cuidad del Nino",
                    "rect": [
                        195,
                        765,
                        100,
                        10
                    ],
                    "text_id": 31,
                    "uid": 30
                },
                {
                    "coord": [
                        180,
                        730
                    ],
                    "is_working": true,
                    "name": "Departamental",
                    "rect": [
                        195,
                        725,
                        100,
                        10
                    ],
                    "text_id": 32,
                    "uid": 31
                },
                {
                    "coord": [
                        180,
                        690
                    ],
                    "is_working": true,
                    "name": "Lo Vial",
                    "rect": [
                        195,
                        685,
                        50,
                        10
                    ],
                    "text_id": 33,
                    "uid": 32
                },
                {
                    "coord": [
                        180,
                        650
                    ],
                    "is_working": true,
                    "name": "San Miguel",
                    "rect": [
                        195,
                        645,
                        70,
                        10
                    ],
                    "text_id": 34,
                    "uid": 33
                },
                {
                    "coord": [
                        180,
                        610
                    ],
                    "is_working": true,
                    "name": "El Llano",
                    "rect": [
                        195,
                        605,
                        70,
                        10
                    ],
                    "text_id": 35,
                    "uid": 34
                },
                {
                    "coord": [
                        180,
                        570
                    ],
                    "is_working": true,
                    "name": "Franklin",
                    "rect": [
                        195,
                        565,
                        70,
                        10
                    ],
                    "text_id": 36,
                    "uid": 35
                },
                {
                    "coord": [
                        180,
                        530
                    ],
                    "is_working": true,
                    "name": "Rondizzoni Famae",
                    "rect": [
                        195,
                        525,
                        100,
                        10
                    ],
                    "text_id": 37,
                    "uid": 36
                },
                {
                    "coord": [
                        180,
                        490
                    ],
                    "is_working": true,
                    "name": "Parque O'Higgins",
                    "rect": [
                        195,
                        485,
                        100,
                        10
                    ],
                    "text_id": 38,
                    "uid": 37
                },
                {
                    "coord": [
                        180,
                        450
                    ],
                    "is_working": true,
                    "name": "Toesca",
                    "rect": [
                        195,
                        445,
                        70,
                        10
                    ],
                    "text_id": 39,
                    "uid": 38
                },
                {
                    "coord": [
                        180,
                        410
                    ],
                    "is_working": true,
                    "name": "Los Heroes",
                    "rect": [
                        195,
                        405,
                        80,
                        13
                    ],
                    "text_id": 10,
                    "uid": 39
                },
                {
                    "coord": [
                        180,
                        370
                    ],
                    "is_working": true,
                    "name": "Santa Ana",
                    "rect": [
                        195,
                        365,
                        71,
                        12
                    ],
                    "text_id": 40,
                    "uid": 40
                },
                {
                    "coord": [
                        180,
                        330
                    ],
                    "is_working": true,
                    "name": "Cal y Canto",
                    "rect": [
                        195,
                        325,
                        98,
                        10
                    ],
                    "text_id": 41,
                    "uid": 41
                },
                {
                    "coord": [
                        180,
                        290
                    ],
                    "is_working": true,
                    "name": "Patronato",
                    "rect": [
                        195,
                        285,
                        51,
                        10
                    ],
                    "text_id": 42,
                    "uid": 42
                },
                {
                    "coord": [
                        180,
                        250
                    ],
                    "is_working": true,
                    "name": "Cerro Blanco",
                    "rect": [
                        195,
                        245,
                        90,
                        10
                    ],
                    "text_id": 43,
                    "uid": 43
                },
                {
                    "coord": [
                        180,
                        210
                    ],
                    "is_working": true,
                    "name": "Cementerios",
                    "rect": [
                        195,
                        205,
                        70,
                        10
                    ],
                    "text_id": 44,
                    "uid": 44
                },
                {
                    "coord": [
                        180,
                        170
                    ],
                    "is_working": true,
                    "name": "Einstein",
                    "rect": [
                        195,
                        165,
                        60,
                        10
                    ],
                    "text_id": 45,
                    "uid": 45
                },
                {
                    "coord": [
                        180,
                        130
                    ],
                    "is_working": true,
                    "name": "Dorsal",
                    "rect": [
                        195,
                        125,
                        75,
                        10
                    ],
                    "text_id": 46,
                    "uid": 46
                },
                {
                    "coord": [
                        180,
                        90
                    ],
                    "is_working": true,
                    "name": "Zapadores",
                    "rect": [
                        195,
                        85,
                        80,
                        10
                    ],
                    "text_id": 47,
                    "uid": 47
                },
                {
                    "coord": [
                        180,
                        50
                    ],
                    "is_working": true,
                    "name": "Vespucio Norte",
                    "rect": [
                        195,
                        45,
                        101,
                        12
                    ],
                    "text_id": 48,
                    "uid": 48
                }
            ],
            "text_id": 49
        },
        {
            "labels_bg_color": "-1",
            "labels_color": "000000",
            "line_color": "019160",
            "line_width": 9,
            "name": "L5",
            "segments": [],
            "stations": [
                {
                    "coord": null,
                    "is_working": true,
                    "name": "Plaza de Maipu",
                    "rect": null,
                    "text_id": 50,
                    "uid": 49
                },
                {
                    "coord": null,
                    "is_working": true,
                    "name": "Santiago Bueras",
                    "rect": null,
                    "text_id": 51,
                    "uid": 50
                },
                {
                    "coord": [
                        160,
                        370
                    ],
                    "is_working": true,
                    "name": "Del Sol",
                    "rect": [
                        75,
                        365,
                        71,
                        12
                    ],
                    "text_id": 52,
                    "uid": 51
                },
                {
                    "coord": null,
                    "is_working": true,
                    "name": "Monte Tabor",
                    "rect": null,
                    "text_id": 53,
                    "uid": 52
                },
                {
                    "coord": null,
                    "is_working": true,
                    "name": "Las Parcelas",
                    "rect": null,
                    "text_id": 54,
                    "uid": 53
                },
                {
                    "coord": null,
                    "is_working": true,
                    "name": "Laguna Sur",
                    "rect": null,
                    "text_id": 55,
                    "uid": 54
                },
                {
                    "coord": null,
                    "is_working": true,
                    "name": "Barrancas",
                    "rect": null,
                    "text_id": 56,
                    "uid": 55
                },
                {
                    "coord": null,
                    "is_working": true,
                    "name": "Pudahuel",
                    "rect": null,
                    "text_id": 57,
                    "uid": 56
                },
                {
                    "coord": null,
                    "is_working": true,
                    "name": "San Pablo",
                    "rect": null,
                    "text_id": 0,
                    "uid": 57
                },
                {
                    "coord": null,
                    "is_working": true,
                    "name": "Lo Prado",
                    "rect": null,
                    "text_id": 58,
                    "uid": 58
                },
                {
                    "coord": null,
                    "is_working": true,
                    "name": "Blanqueado",
                    "rect": null,
                    "text_id": 59,
                    "uid": 59
                },
                {
                    "coord": null,
                    "is_working": true,
                    "name": "Gruta de Lourdes",
                    "rect": null,
                    "text_id": 60,
                    "uid": 60
                },
                {
                    "coord": null,
                    "is_working": true,
                    "name": "Quinta Normal",
                    "rect": null,
                    "text_id": 61,
                    "uid": 61
                },
                {
                    "coord": null,
                    "is_working": true,
                    "name": "Cumming",
                    "rect": null,
                    "text_id": 62,
                    "uid": 62
                },
                {
                    "coord": null,
                    "is_working": true,
                    "name": "Santa Ana",
                    "rect": null,
                    "text_id": 40,
                    "uid": 63
                },
                {
                    "coord": null,
                    "is_working": true,
                    "name": "Plaza de Armas",
                    "rect": null,
                    "text_id": 63,
                    "uid": 64
                },
                {
                    "coord": null,
                    "is_working": true,
                    "name": "Bellas Artes",
                    "rect": null,
                    "text_id": 64,
                    "uid": 65
                },
                {
                    "coord": null,
                    "is_working": true,
                    "name": "Baquedano",
                    "rect": null,
                    "text_id": 15,
                    "uid": 66
                },
                {
                    "coord": null,
                    "is_working": true,
                    "name": "P. Bustamante",
                    "rect": null,
                    "text_id": 65,
                    "uid": 67
                },
                {
                    "coord": null,
                    "is_working": true,
                    "name": "Sta Isabel",
                    "rect": null,
                    "text_id": 66,
                    "uid": 68
                },
                {
                    "coord": null,
                    "is_working": true,
                    "name": "Irarrazaval",
                    "rect": null,
                    "text_id": 67,
                    "uid": 69
                },
                {
                    "coord": null,
                    "is_working": true,
                    "name": "Nuble",
                    "rect": null,
                    "text_id": 68,
                    "uid": 70
                },
                {
                    "coord": null,
                    "is_working": true,
                    "name": "R. de Araya",
                    "rect": null,
                    "text_id": 69,
                    "uid": 71
                },
                {
                    "coord": null,
                    "is_working": true,
                    "name": "C. Valdovinos",
                    "rect": null,
                    "text_id": 70,
                    "uid": 72
                },
                {
                    "coord": null,
                    "is_working": true,
                    "name": "C. Agricola",
                    "rect": null,
                    "text_id": 71,
                    "uid": 73
                },
                {
                    "coord": null,
                    "is_working": true,
                    "name": "San Joaquin",
                    "rect": null,
                    "text_id": 72,
                    "uid": 74
                },
                {
                    "coord": null,
                    "is_working": true,
                    "name": "Pedrero",
                    "rect": null,
                    "text_id": 73,
                    "uid": 75
                },
                {
                    "coord": null,
                    "is_working": true,
                    "name": "Mirador",
                    "rect": null,
                    "text_id": 74,
                    "uid": 76
                },
                {
                    "coord": null,
                    "is_working": true,
                    "name": "Bellavista de la Florida",
                    "rect": null,
                    "text_id": 75,
                    "uid": 77
                },
                {
                    "coord": null,
                    "is_working": true,
                    "name": "Vicente Valdes",
                    "rect": null,
                    "text_id": 76,
                    "uid": 78
                }
            ],
            "text_id": 77
        },
        {
            "labels_bg_color": "-1",
            "labels_color": "000000",
            "line_color": "1884BD",
            "line_width": 9,
            "name": "L4A",
            "segments": [],
            "stations": [
                {
                    "coord": null,
                    "is_working": true,
                    "name": "Vicuna Mackenna",
                    "rect": null,
                    "text_id": 89,
                    "uid": 101
                },
                {
                    "coord": null,
                    "is_working": true,
                    "name": "Santa Julia",
                    "rect": null,
                    "text_id": 99,
                    "uid": 102
                },
                {
                    "coord": null,
                    "is_working": true,
                    "name": "La Granja",
                    "rect": null,
                    "text_id": 100,
                    "uid": 103
                },
                {
                    "coord": null,
                    "is_working": true,
                    "name": "Santa Rosa",
                    "rect": null,
                    "text_id": 101,
                    "uid": 104
                },
                {
                    "coord": null,
                    "is_working": true,
                    "name": "San Ramon",
                    "rect": null,
                    "text_id": 102,
                    "uid": 105
                },
                {
                    "coord": [
                        163,
                        890
                    ],
                    "is_working": true,
                    "name": "La Cisterna",
                    "rect": [
                        75,
                        885,
                        75,
                        12
                    ],
                    "text_id": 28,
                    "uid": 106
                }
            ],
            "text_id": 103
        }
    ],
    "lines_width": 9,
    "name": "2 linea",
    "name_text_id": 49,
    "stations_diameter": 16.0,
    "transfers": [
        [
            10,
            39,
            [
                160,
                410
            ],
            [
                180,
                410
            ]
        ],
        [
            15,
            66,
            null,
            null
        ],
        [
            40,
            63,
            [
                180,
                370
            ],
            null
        ],
        [
            57,
            0,
            null,
            null
        ],
        [
            27,
            106,
            [
                180,
                890
            ],
            [
                163,
                890
            ]
        ]
    ],
    "transports": [
        "metro"
    ],
    "type_name": "Метро",
    "type_text_id": 106,
    "upper_case": true,
    "width": 330,
    "word_wrap": true
}