{
    "lines": [
        {
            "delays": [
                180,
                360
            ],
            "name": "Linea 1",
            "scheme": null,
            "segments": [
                [
                    0,
                    1,
                    120
                ],
                [
                    1,
                    0,
                    120
                ],
                [
                    1,
                    2,
                    120
                ],
                [
                    2,
                    1,
                    120
                ],
                [
                    2,
                    3,
                    120
                ],
                [
                    3,
                    2,
                    120
                ],
                [
                    3,
                    4,
                    120
                ],
                [
                    4,
                    3,
                    120
                ],
                [
                    4,
                    5,
                    120
                ],
                [
                    5,
                    4,
                    120
                ],
                [
                    5,
                    6,
                    120
                ],
                [
                    6,
                    5,
                    120
                ],
                [
                    6,
                    7,
                    120
                ],
                [
                    7,
                    6,
                    120
                ],
                [
                    7,
                    8,
                    120
                ],
                [
                    8,
                    7,
                    120
                ],
                [
                    8,
                    9,
                    120
                ],
                [
                    9,
                    8,
                    120
                ],
                [
                    9,
                    10,
                    120
                ],
                [
                    10,
                    9,
                    120
                ],
                [
                    10,
                    11,
                    120
                ],
                [
                    11,
                    10,
                    120
                ],
                [
                    11,
                    12,
                    120
                ],
                [
                    12,
                    11,
                    120
                ],
                [
                    12,
                    13,
                    120
                ],
                [
                    13,
                    12,
                    120
                ],
                [
                    13,
                    14,
                    120
                ],
                [
                    14,
                    13,
                    120
                ],
                [
                    14,
                    15,
                    120
                ],
                [
                    15,
                    14,
                    120
                ],
                [
                    15,
                    16,
                    120
                ],
                [
                    16,
                    15,
                    120
                ],
                [
                    16,
                    17,
                    120
                ],
                [
                    17,
                    16,
                    120
                ],
                [
                    17,
                    18,
                    120
                ],
                [
                    18,
                    17,
                    120
                ],
                [
                    18,
                    19,
                    120
                ],
                [
                    19,
                    18,
                    120
                ],
                [
                    19,
                    20,
                    120
                ],
                [
                    20,
                    19,
                    120
                ],
                [
                    20,
                    21,
                    120
                ],
                [
                    21,
                    20,
                    120
                ],
                [
                    21,
                    22,
                    120
                ],
                [
                    22,
                    21,
                    120
                ]
            ],
            "stations": [
                [
                    0,
                    "Tucurivi",
                    0
                ],
                [
                    1,
                    "Parada Inglesa",
                    1
                ],
                [
                    2,
                    "Jardim Sao Paulo",
                    2
                ],
                [
                    3,
                    "Santana",
                    3
                ],
                [
                    4,
                    "Carandiru",
                    4
                ],
                [
                    5,
                    "Tiete",
                    5
                ],
                [
                    6,
                    "Armenia",
                    6
                ],
                [
                    7,
                    "Tiradentes",
                    7
                ],
                [
                    8,
                    "Luz",
                    8
                ],
                [
                    9,
                    "Sao Bento",
                    9
                ],
                [
                    10,
                    "Se",
                    10
                ],
                [
                    11,
                    "Liberdade",
                    11
                ],
                [
                    12,
                    "Sao Joaquim",
                    12
                ],
                [
                    13,
                    "Vergueiro",
                    13
                ],
                [
                    14,
                    "Paraiso",
                    14
                ],
                [
                    15,
                    "Ana Rosa",
                    15
                ],
                [
                    16,
                    "Vila Mariana",
                    16
                ],
                [
                    17,
                    "Santa Cruz",
                    17
                ],
                [
                    18,
                    "Praca da Arvore",
                    18
                ],
                [
                    19,
                    "Saude",
                    19
                ],
                [
                    20,
                    "Sao Judas",
                    20
                ],
                [
                    21,
                    "Conceicao",
                    21
                ],
                [
                    22,
                    "Jabaquara",
                    22
                ]
            ],
            "text_id": 23
        },
        {
            "delays": [
                180,
                360
            ],
            "name": "Linea 2",
            "scheme": null,
            "segments": [
                [
                    23,
                    24,
                    120
                ],
                [
                    24,
                    23,
                    120
                ],
                [
                    24,
                    25,
                    120
                ],
                [
                    25,
                    24,
                    120
                ],
                [
                    25,
                    26,
                    120
                ],
                [
                    26,
                    25,
                    120
                ],
                [
                    26,
                    27,
                    120
                ],
                [
                    27,
                    26,
                    120
                ],
                [
                    27,
                    28,
                    120
                ],
                [
                    28,
                    27,
                    120
                ],
                [
                    28,
                    29,
                    120
                ],
                [
                    29,
                    28,
                    120
                ],
                [
                    29,
                    30,
                    120
                ],
                [
                    30,
                    29,
                    120
                ],
                [
                    30,
                    31,
                    120
                ],
                [
                    31,
                    30,
                    120
                ],
                [
                    31,
                    32,
                    120
                ],
                [
                    32,
                    31,
                    120
                ],
                [
                    32,
                    33,
                    120
                ],
                [
                    33,
                    32,
                    120
                ],
                [
                    33,
                    34,
                    120
                ],
                [
                    34,
                    33,
                    120
                ],
                [
                    34,
                    35,
                    120
                ],
                [
                    35,
                    34,
                    120
                ],
                [
                    35,
                    36,
                    120
                ],
                [
                    36,
                    35,
                    120
                ]
            ],
            "stations": [
                [
                    23,
                    "Vila Madalena",
                    24
                ],
                [
                    24,
                    "Sumare",
                    25
                ],
                [
                    25,
                    "Clinicas",
                    26
                ],
                [
                    26,
                    "Consolacao",
                    27
                ],
                [
                    27,
                    "Trianon-Masp",
                    28
                ],
                [
                    28,
                    "Brigadeiro",
                    29
                ],
                [
                    29,
                    "Paraiso",
                    14
                ],
                [
                    30,
                    "Ana Rosa",
                    15
                ],
                [
                    31,
                    "Chacara Klabin",
                    30
                ],
                [
                    32,
                    "Imigrantes",
                    31
                ],
                [
                    33,
                    "Alto do Ipiranga",
                    32
                ],
                [
                    34,
                    "Sacoma",
                    33
                ],
                [
                    35,
                    "Tamanduatei",
                    34
                ],
                [
                    36,
                    "Vila Prudente",
                    35
                ]
            ],
            "text_id": 36
        },
        {
            "delays": [
                180,
                360
            ],
            "name": "Linea 3",
            "scheme": null,
            "segments": [
                [
                    37,
                    38,
                    120
                ],
                [
                    38,
                    37,
                    120
                ],
                [
                    38,
                    39,
                    120
                ],
                [
                    39,
                    38,
                    120
                ],
                [
                    39,
                    40,
                    120
                ],
                [
                    40,
                    39,
                    120
                ],
                [
                    40,
                    41,
                    120
                ],
                [
                    41,
                    40,
                    120
                ],
                [
                    41,
                    42,
                    120
                ],
                [
                    42,
                    41,
                    120
                ],
                [
                    42,
                    43,
                    120
                ],
                [
                    43,
                    42,
                    120
                ],
                [
                    43,
                    44,
                    120
                ],
                [
                    44,
                    43,
                    120
                ],
                [
                    44,
                    45,
                    120
                ],
                [
                    45,
                    44,
                    120
                ],
                [
                    45,
                    46,
                    120
                ],
                [
                    46,
                    45,
                    120
                ],
                [
                    46,
                    47,
                    120
                ],
                [
                    47,
                    46,
                    120
                ],
                [
                    47,
                    48,
                    120
                ],
                [
                    48,
                    47,
                    120
                ],
                [
                    48,
                    49,
                    120
                ],
                [
                    49,
                    48,
                    120
                ],
                [
                    49,
                    50,
                    120
                ],
                [
                    50,
                    49,
                    120
                ],
                [
                    50,
                    51,
                    120
                ],
                [
                    51,
                    50,
                    120
                ],
                [
                    51,
                    52,
                    120
                ],
                [
                    52,
                    51,
                    120
                ],
                [
                    52,
                    53,
                    120
                ],
                [
                    53,
                    52,
                    120
                ],
                [
                    53,
                    54,
                    120
                ],
                [
                    54,
                    53,
                    120
                ]
            ],
            "stations": [
                [
                    37,
                    "Barra Funda",
                    37
                ],
                [
                    38,
                    "Marechal Deodoro",
                    38
                ],
                [
                    39,
                    "Santa Cecilia",
                    39
                ],
                [
                    40,
                    "Republica",
                    40
                ],
                [
                    41,
                    "Anhangabau",
                    41
                ],
                [
                    42,
                    "Se",
                    10
                ],
                [
                    43,
                    "Pedro II",
                    42
                ],
                [
                    44,
                    "Bras",
                    43
                ],
                [
                    45,
                    "Bresser",
                    44
                ],
                [
                    46,
                    "Belem",
                    45
                ],
                [
                    47,
                    "Tatuape",
                    46
                ],
                [
                    48,
                    "Carrao",
                    47
                ],
                [
                    49,
                    "Penha",
                    48
                ],
                [
                    50,
                    "Vila Matilde",
                    49
                ],
                [
                    51,
                    "Guilhermina-Esperanca",
                    50
                ],
                [
                    52,
                    "Patriarca",
                    51
                ],
                [
                    53,
                    "Artur Alvim",
                    52
                ],
                [
                    54,
                    "Corinthians-Itaquera",
                    53
                ]
            ],
            "text_id": 54
        },
        {
            "delays": [
                180,
                360
            ],
            "name": "Linea 4",
            "scheme": null,
            "segments": [
                [
                    55,
                    56,
                    120
                ],
                [
                    56,
                    55,
                    120
                ],
                [
                    56,
                    57,
                    120
                ],
                [
                    57,
                    56,
                    120
                ],
                [
                    57,
                    58,
                    120
                ],
                [
                    58,
                    57,
                    120
                ],
                [
                    58,
                    59,
                    120
                ],
                [
                    59,
                    58,
                    120
                ],
                [
                    59,
                    60,
                    120
                ],
                [
                    60,
                    59,
                    120
                ],
                [
                    60,
                    61,
                    120
                ],
                [
                    61,
                    60,
                    120
                ],
                [
                    61,
                    62,
                    120
                ],
                [
                    62,
                    61,
                    120
                ]
            ],
            "stations": [
                [
                    55,
                    "Vila Sonia",
                    55
                ],
                [
                    56,
                    "Sao Paulo-Morumbi",
                    56
                ],
                [
                    57,
                    "Butanta",
                    57
                ],
                [
                    58,
                    "Pinherios",
                    58
                ],
                [
                    59,
                    "Faria Lima",
                    59
                ],
                [
                    60,
                    "Paulista",
                    60
                ],
                [
                    61,
                    "Republica",
                    40
                ],
                [
                    62,
                    "Luz",
                    8
                ]
            ],
            "text_id": 61
        },
        {
            "delays": [
                180,
                360
            ],
            "name": "Linea 5",
            "scheme": null,
            "segments": [
                [
                    63,
                    64,
                    120
                ],
                [
                    64,
                    63,
                    120
                ],
                [
                    64,
                    65,
                    120
                ],
                [
                    65,
                    64,
                    120
                ],
                [
                    65,
                    66,
                    120
                ],
                [
                    66,
                    65,
                    120
                ],
                [
                    66,
                    67,
                    120
                ],
                [
                    67,
                    66,
                    120
                ],
                [
                    67,
                    68,
                    120
                ],
                [
                    68,
                    67,
                    120
                ],
                [
                    68,
                    69,
                    120
                ],
                [
                    69,
                    68,
                    120
                ],
                [
                    69,
                    70,
                    0
                ],
                [
                    70,
                    69,
                    0
                ],
                [
                    70,
                    71,
                    0
                ],
                [
                    71,
                    70,
                    0
                ],
                [
                    71,
                    72,
                    0
                ],
                [
                    72,
                    71,
                    0
                ],
                [
                    72,
                    73,
                    0
                ],
                [
                    73,
                    72,
                    0
                ],
                [
                    73,
                    74,
                    0
                ],
                [
                    74,
                    73,
                    0
                ],
                [
                    74,
                    75,
                    0
                ],
                [
                    75,
                    74,
                    0
                ],
                [
                    75,
                    76,
                    0
                ],
                [
                    76,
                    75,
                    0
                ],
                [
                    76,
                    77,
                    0
                ],
                [
                    77,
                    76,
                    0
                ],
                [
                    77,
                    78,
                    0
                ],
                [
                    78,
                    77,
                    0
                ],
                [
                    78,
                    79,
                    0
                ],
                [
                    79,
                    78,
                    0
                ]
            ],
            "stations": [
                [
                    63,
                    "Capao Redondo",
                    62
                ],
                [
                    64,
                    "Campo Limpo",
                    63
                ],
                [
                    65,
                    "Vila das Belezas",
                    64
                ],
                [
                    66,
                    "Giovanni Gronchi",
                    65
                ],
                [
                    67,
                    "Santo Amaro",
                    66
                ],
                [
                    68,
                    "Largo 13",
                    67
                ],
                [
                    69,
                    "Adolfo Pinheiro",
                    68
                ],
                [
                    70,
                    "Alto da Boa Vista",
                    69
                ],
                [
                    71,
                    "Borba Gato",
                    70
                ],
                [
                    72,
                    "Brooklin",
                    71
                ],
                [
                    73,
                    "Campo Belo",
                    72
                ],
                [
                    74,
                    "Eucaliptos",
                    73
                ],
                [
                    75,
                    "Moema",
                    74
                ],
                [
                    76,
                    "AACD-Servidor",
                    75
                ],
                [
                    77,
                    "Hospital San Paulo",
                    76
                ],
                [
                    78,
                    "Santa Cruz",
                    17
                ],
                [
                    79,
                    "Chacara Klabin",
                    30
                ]
            ],
            "text_id": 77
        }
    ],
    "name": "metro",
    "transfers": [
        [
            42,
            10,
            300,
            true
        ],
        [
            14,
            29,
            300,
            true
        ],
        [
            15,
            30,
            300,
            true
        ],
        [
            79,
            31,
            120,
            true
        ],
        [
            17,
            78,
            120,
            true
        ],
        [
            60,
            26,
            120,
            true
        ],
        [
            61,
            40,
            120,
            true
        ],
        [
            62,
            8,
            120,
            true
        ]
    ],
    "type_name": "Метро"
}