{
    "default_transports": [
        "trains"
    ],
    "height": 535,
    "images": [
        "res/schemes/belorusskayazhd.svg"
    ],
    "is_vector": true,
    "lines": [
        {
            "labels_bg_color": "-1",
            "labels_color": "000000",
            "line_color": "046434",
            "line_width": 6,
            "name": "Замоскворецкая",
            "segments": [],
            "stations": [
                {
                    "coord": null,
                    "is_working": true,
                    "name": "Ховрино",
                    "rect": null,
                    "text_id": 217,
                    "uid": 267
                },
                {
                    "coord": null,
                    "is_working": true,
                    "name": "Беломорская",
                    "rect": null,
                    "text_id": 244,
                    "uid": 268
                },
                {
                    "coord": null,
                    "is_working": true,
                    "name": "Речной вокзал",
                    "rect": null,
                    "text_id": 245,
                    "uid": 269
                },
                {
                    "coord": null,
                    "is_working": true,
                    "name": "Водный стадион",
                    "rect": null,
                    "text_id": 246,
                    "uid": 270
                },
                {
                    "coord": null,
                    "is_working": true,
                    "name": "Войковская",
                    "rect": null,
                    "text_id": 247,
                    "uid": 271
                },
                {
                    "coord": null,
                    "is_working": true,
                    "name": "Сокол",
                    "rect": null,
                    "text_id": 248,
                    "uid": 272
                },
                {
                    "coord": null,
                    "is_working": true,
                    "name": "Аэропорт",
                    "rect": null,
                    "text_id": 249,
                    "uid": 273
                },
                {
                    "coord": null,
                    "is_working": true,
                    "name": "Динамо",
                    "rect": null,
                    "text_id": 250,
                    "uid": 274
                },
                {
                    "coord": [
                        1140,
                        98
                    ],
                    "is_working": true,
                    "name": "Белорусская",
                    "rect": [
                        1132,
                        17,
                        15,
                        70
                    ],
                    "text_id": 165,
                    "uid": 275
                },
                {
                    "coord": null,
                    "is_working": true,
                    "name": "Маяковская",
                    "rect": null,
                    "text_id": 251,
                    "uid": 276
                },
                {
                    "coord": null,
                    "is_working": true,
                    "name": "Тверская",
                    "rect": null,
                    "text_id": 252,
                    "uid": 277
                },
                {
                    "coord": null,
                    "is_working": true,
                    "name": "Театральная",
                    "rect": null,
                    "text_id": 253,
                    "uid": 278
                },
                {
                    "coord": null,
                    "is_working": true,
                    "name": "Новокузнецкая",
                    "rect": null,
                    "text_id": 254,
                    "uid": 279
                },
                {
                    "coord": null,
                    "is_working": true,
                    "name": "Павелецкая",
                    "rect": null,
                    "text_id": 255,
                    "uid": 280
                },
                {
                    "coord": null,
                    "is_working": true,
                    "name": "Автозаводская",
                    "rect": null,
                    "text_id": 131,
                    "uid": 281
                },
                {
                    "coord": null,
                    "is_working": true,
                    "name": "Технопарк",
                    "rect": null,
                    "text_id": 256,
                    "uid": 282
                },
                {
                    "coord": null,
                    "is_working": true,
                    "name": "Коломенская",
                    "rect": null,
                    "text_id": 257,
                    "uid": 283
                },
                {
                    "coord": null,
                    "is_working": true,
                    "name": "Каширская",
                    "rect": null,
                    "text_id": 96,
                    "uid": 284
                },
                {
                    "coord": null,
                    "is_working": true,
                    "name": "Кантемировская",
                    "rect": null,
                    "text_id": 258,
                    "uid": 285
                },
                {
                    "coord": null,
                    "is_working": true,
                    "name": "Царицыно",
                    "rect": null,
                    "text_id": 197,
                    "uid": 286
                },
                {
                    "coord": null,
                    "is_working": true,
                    "name": "Орехово",
                    "rect": null,
                    "text_id": 259,
                    "uid": 287
                },
                {
                    "coord": null,
                    "is_working": true,
                    "name": "Домодедовская",
                    "rect": null,
                    "text_id": 260,
                    "uid": 288
                },
                {
                    "coord": null,
                    "is_working": true,
                    "name": "Красногвардейская",
                    "rect": null,
                    "text_id": 261,
                    "uid": 289
                },
                {
                    "coord": null,
                    "is_working": true,
                    "name": "Алма-Атинская",
                    "rect": null,
                    "text_id": 262,
                    "uid": 290
                }
            ],
            "text_id": 263
        },
        {
            "labels_bg_color": "-1",
            "labels_color": "000000",
            "line_color": "34349C",
            "line_width": 6,
            "name": "Арбатско-Покровская",
            "segments": [],
            "stations": [
                {
                    "coord": null,
                    "is_working": true,
                    "name": "Щелковская",
                    "rect": null,
                    "text_id": 295,
                    "uid": 330
                },
                {
                    "coord": null,
                    "is_working": true,
                    "name": "Первомайская",
                    "rect": null,
                    "text_id": 296,
                    "uid": 331
                },
                {
                    "coord": null,
                    "is_working": true,
                    "name": "Измайловская",
                    "rect": null,
                    "text_id": 297,
                    "uid": 332
                },
                {
                    "coord": null,
                    "is_working": true,
                    "name": "Партизанская",
                    "rect": null,
                    "text_id": 298,
                    "uid": 333
                },
                {
                    "coord": null,
                    "is_working": true,
                    "name": "Семеновская",
                    "rect": null,
                    "text_id": 299,
                    "uid": 334
                },
                {
                    "coord": null,
                    "is_working": true,
                    "name": "Электрозаводская",
                    "rect": null,
                    "text_id": 103,
                    "uid": 335
                },
                {
                    "coord": null,
                    "is_working": true,
                    "name": "Бауманская",
                    "rect": null,
                    "text_id": 300,
                    "uid": 336
                },
                {
                    "coord": null,
                    "is_working": true,
                    "name": "Курская",
                    "rect": null,
                    "text_id": 190,
                    "uid": 337
                },
                {
                    "coord": null,
                    "is_working": true,
                    "name": "Площадь Революции",
                    "rect": null,
                    "text_id": 301,
                    "uid": 338
                },
                {
                    "coord": null,
                    "is_working": true,
                    "name": "Арбатская",
                    "rect": null,
                    "text_id": 302,
                    "uid": 339
                },
                {
                    "coord": null,
                    "is_working": true,
                    "name": "Смоленская",
                    "rect": null,
                    "text_id": 303,
                    "uid": 340
                },
                {
                    "coord": null,
                    "is_working": true,
                    "name": "Киевская",
                    "rect": null,
                    "text_id": 304,
                    "uid": 341
                },
                {
                    "coord": null,
                    "is_working": true,
                    "name": "Парк Победы",
                    "rect": null,
                    "text_id": 305,
                    "uid": 342
                },
                {
                    "coord": null,
                    "is_working": true,
                    "name": "Славянский бульвар",
                    "rect": null,
                    "text_id": 169,
                    "uid": 343
                },
                {
                    "coord": [
                        1039,
                        112
                    ],
                    "is_working": true,
                    "name": "Кунцевская",
                    "rect": [
                        1031,
                        23,
                        15,
                        61
                    ],
                    "text_id": 87,
                    "uid": 344
                },
                {
                    "coord": null,
                    "is_working": true,
                    "name": "Молодёжная",
                    "rect": null,
                    "text_id": 306,
                    "uid": 345
                },
                {
                    "coord": null,
                    "is_working": true,
                    "name": "Крылатское",
                    "rect": null,
                    "text_id": 307,
                    "uid": 346
                },
                {
                    "coord": null,
                    "is_working": true,
                    "name": "Строгино",
                    "rect": null,
                    "text_id": 308,
                    "uid": 347
                },
                {
                    "coord": null,
                    "is_working": true,
                    "name": "Мякинино",
                    "rect": null,
                    "text_id": 309,
                    "uid": 348
                },
                {
                    "coord": null,
                    "is_working": true,
                    "name": "Волоколамская",
                    "rect": null,
                    "text_id": 183,
                    "uid": 349
                },
                {
                    "coord": null,
                    "is_working": true,
                    "name": "Митино",
                    "rect": null,
                    "text_id": 310,
                    "uid": 350
                },
                {
                    "coord": null,
                    "is_working": true,
                    "name": "Пятницкое шоссе",
                    "rect": null,
                    "text_id": 311,
                    "uid": 351
                }
            ],
            "text_id": 312
        },
        {
            "labels_bg_color": "-1",
            "labels_color": "000000",
            "line_color": "1C54BC",
            "line_width": 6,
            "name": "Филевская",
            "segments": [],
            "stations": [
                {
                    "coord": [
                        1039,
                        97
                    ],
                    "is_working": true,
                    "name": "Кунцевская",
                    "rect": [
                        1031,
                        23,
                        15,
                        61
                    ],
                    "text_id": 87,
                    "uid": 352
                },
                {
                    "coord": null,
                    "is_working": true,
                    "name": "Пионерская",
                    "rect": null,
                    "text_id": 313,
                    "uid": 353
                },
                {
                    "coord": null,
                    "is_working": true,
                    "name": "Филевский парк",
                    "rect": null,
                    "text_id": 314,
                    "uid": 354
                },
                {
                    "coord": null,
                    "is_working": true,
                    "name": "Багратионовская",
                    "rect": null,
                    "text_id": 315,
                    "uid": 355
                },
                {
                    "coord": [
                        1059,
                        107
                    ],
                    "is_working": true,
                    "name": "Фили",
                    "rect": [
                        1051,
                        67,
                        15,
                        30
                    ],
                    "text_id": 168,
                    "uid": 356
                },
                {
                    "coord": null,
                    "is_working": true,
                    "name": "Кутузовская",
                    "rect": null,
                    "text_id": 137,
                    "uid": 357
                },
                {
                    "coord": null,
                    "is_working": true,
                    "name": "Студенческая",
                    "rect": null,
                    "text_id": 316,
                    "uid": 358
                },
                {
                    "coord": null,
                    "is_working": true,
                    "name": "Киевская",
                    "rect": null,
                    "text_id": 304,
                    "uid": 359
                },
                {
                    "coord": null,
                    "is_working": true,
                    "name": "Смоленская",
                    "rect": null,
                    "text_id": 303,
                    "uid": 360
                },
                {
                    "coord": null,
                    "is_working": true,
                    "name": "Арбатская",
                    "rect": null,
                    "text_id": 302,
                    "uid": 361
                },
                {
                    "coord": null,
                    "is_working": true,
                    "name": "Александровский сад",
                    "rect": null,
                    "text_id": 317,
                    "uid": 362
                },
                {
                    "coord": null,
                    "is_working": true,
                    "name": "Выставочная",
                    "rect": null,
                    "text_id": 318,
                    "uid": 363
                },
                {
                    "coord": [
                        1078,
                        133
                    ],
                    "is_working": true,
                    "name": "Международная",
                    "rect": [
                        1069,
                        145,
                        15,
                        86
                    ],
                    "text_id": 319,
                    "uid": 364
                }
            ],
            "text_id": 320
        },
        {
            "labels_bg_color": "-1",
            "labels_color": "000000",
            "line_color": "543C04",
            "line_width": 6,
            "name": "Кольцевая",
            "segments": [],
            "stations": [
                {
                    "coord": null,
                    "is_working": true,
                    "name": "Парк культуры",
                    "rect": null,
                    "text_id": 12,
                    "uid": 365
                },
                {
                    "coord": null,
                    "is_working": true,
                    "name": "Октябрьская",
                    "rect": null,
                    "text_id": 321,
                    "uid": 366
                },
                {
                    "coord": null,
                    "is_working": true,
                    "name": "Добрынинская",
                    "rect": null,
                    "text_id": 322,
                    "uid": 367
                },
                {
                    "coord": null,
                    "is_working": true,
                    "name": "Павелецкая",
                    "rect": null,
                    "text_id": 255,
                    "uid": 368
                },
                {
                    "coord": null,
                    "is_working": true,
                    "name": "Таганская",
                    "rect": null,
                    "text_id": 323,
                    "uid": 369
                },
                {
                    "coord": null,
                    "is_working": true,
                    "name": "Курская",
                    "rect": null,
                    "text_id": 190,
                    "uid": 370
                },
                {
                    "coord": null,
                    "is_working": true,
                    "name": "Комсомольская",
                    "rect": null,
                    "text_id": 5,
                    "uid": 371
                },
                {
                    "coord": null,
                    "is_working": true,
                    "name": "Проспект Мира",
                    "rect": null,
                    "text_id": 324,
                    "uid": 372
                },
                {
                    "coord": null,
                    "is_working": true,
                    "name": "Новослободская",
                    "rect": null,
                    "text_id": 325,
                    "uid": 373
                },
                {
                    "coord": [
                        1140,
                        119
                    ],
                    "is_working": true,
                    "name": "Белорусская",
                    "rect": [
                        1134,
                        130,
                        15,
                        70
                    ],
                    "text_id": 165,
                    "uid": 374
                },
                {
                    "coord": null,
                    "is_working": true,
                    "name": "Краснопресненская",
                    "rect": null,
                    "text_id": 326,
                    "uid": 375
                },
                {
                    "coord": null,
                    "is_working": true,
                    "name": "Киевская",
                    "rect": null,
                    "text_id": 304,
                    "uid": 376
                }
            ],
            "text_id": 327
        },
        {
            "labels_bg_color": "-1",
            "labels_color": "000000",
            "line_color": "AC24AC",
            "line_width": 6,
            "name": "Таганско-Краснопресненская",
            "segments": [],
            "stations": [
                {
                    "coord": null,
                    "is_working": true,
                    "name": "Планерная",
                    "rect": null,
                    "text_id": 349,
                    "uid": 401
                },
                {
                    "coord": null,
                    "is_working": true,
                    "name": "Сходненская",
                    "rect": null,
                    "text_id": 350,
                    "uid": 402
                },
                {
                    "coord": null,
                    "is_working": true,
                    "name": "Тушинская",
                    "rect": null,
                    "text_id": 185,
                    "uid": 403
                },
                {
                    "coord": null,
                    "is_working": true,
                    "name": "Спартак",
                    "rect": null,
                    "text_id": 351,
                    "uid": 404
                },
                {
                    "coord": null,
                    "is_working": true,
                    "name": "Щукинская",
                    "rect": null,
                    "text_id": 186,
                    "uid": 405
                },
                {
                    "coord": null,
                    "is_working": true,
                    "name": "Октябрьское поле",
                    "rect": null,
                    "text_id": 352,
                    "uid": 406
                },
                {
                    "coord": null,
                    "is_working": true,
                    "name": "Полежаевская",
                    "rect": null,
                    "text_id": 353,
                    "uid": 407
                },
                {
                    "coord": [
                        1104,
                        101
                    ],
                    "is_working": true,
                    "name": "Беговая",
                    "rect": [
                        1100,
                        45,
                        15,
                        44
                    ],
                    "text_id": 166,
                    "uid": 408
                },
                {
                    "coord": null,
                    "is_working": true,
                    "name": "Улица 1905 года",
                    "rect": null,
                    "text_id": 354,
                    "uid": 409
                },
                {
                    "coord": null,
                    "is_working": true,
                    "name": "Баррикадная",
                    "rect": null,
                    "text_id": 355,
                    "uid": 410
                },
                {
                    "coord": null,
                    "is_working": true,
                    "name": "Пушкинская",
                    "rect": null,
                    "text_id": 356,
                    "uid": 411
                },
                {
                    "coord": null,
                    "is_working": true,
                    "name": "Кузнецкий мост",
                    "rect": null,
                    "text_id": 357,
                    "uid": 412
                },
                {
                    "coord": null,
                    "is_working": true,
                    "name": "Китай-город",
                    "rect": null,
                    "text_id": 335,
                    "uid": 413
                },
                {
                    "coord": null,
                    "is_working": true,
                    "name": "Таганская",
                    "rect": null,
                    "text_id": 323,
                    "uid": 414
                },
                {
                    "coord": null,
                    "is_working": true,
                    "name": "Пролетарская",
                    "rect": null,
                    "text_id": 358,
                    "uid": 415
                },
                {
                    "coord": null,
                    "is_working": true,
                    "name": "Волгоградский проспект",
                    "rect": null,
                    "text_id": 359,
                    "uid": 416
                },
                {
                    "coord": null,
                    "is_working": true,
                    "name": "Текстильщики",
                    "rect": null,
                    "text_id": 99,
                    "uid": 417
                },
                {
                    "coord": null,
                    "is_working": true,
                    "name": "Кузьминки",
                    "rect": null,
                    "text_id": 360,
                    "uid": 418
                },
                {
                    "coord": null,
                    "is_working": true,
                    "name": "Рязанский проспект",
                    "rect": null,
                    "text_id": 361,
                    "uid": 419
                },
                {
                    "coord": null,
                    "is_working": true,
                    "name": "Выхино",
                    "rect": null,
                    "text_id": 227,
                    "uid": 420
                },
                {
                    "coord": null,
                    "is_working": true,
                    "name": "Лермонтовский проспект",
                    "rect": null,
                    "text_id": 362,
                    "uid": 421
                },
                {
                    "coord": null,
                    "is_working": true,
                    "name": "Жулебино",
                    "rect": null,
                    "text_id": 363,
                    "uid": 422
                },
                {
                    "coord": null,
                    "is_working": true,
                    "name": "Котельники",
                    "rect": null,
                    "text_id": 364,
                    "uid": 423
                }
            ],
            "text_id": 365
        },
        {
            "labels_bg_color": "-1",
            "labels_color": "000000",
            "line_color": "DE7272",
            "line_width": 6,
            "name": "МЦК",
            "segments": [],
            "stations": [
                {
                    "coord": null,
                    "is_working": true,
                    "name": "Окружная",
                    "rect": null,
                    "text_id": 58,
                    "uid": 121
                },
                {
                    "coord": null,
                    "is_working": true,
                    "name": "Владыкино",
                    "rect": null,
                    "text_id": 30,
                    "uid": 122
                },
                {
                    "coord": null,
                    "is_working": true,
                    "name": "Ботанический сад",
                    "rect": null,
                    "text_id": 121,
                    "uid": 123
                },
                {
                    "coord": null,
                    "is_working": true,
                    "name": "Ростокино",
                    "rect": null,
                    "text_id": 122,
                    "uid": 124
                },
                {
                    "coord": null,
                    "is_working": true,
                    "name": "Белокаменная",
                    "rect": null,
                    "text_id": 123,
                    "uid": 125
                },
                {
                    "coord": null,
                    "is_working": true,
                    "name": "Бульвар Рокоссовского",
                    "rect": null,
                    "text_id": 0,
                    "uid": 126
                },
                {
                    "coord": null,
                    "is_working": true,
                    "name": "Локомотив",
                    "rect": null,
                    "text_id": 124,
                    "uid": 127
                },
                {
                    "coord": null,
                    "is_working": true,
                    "name": "Измайлово",
                    "rect": null,
                    "text_id": 125,
                    "uid": 128
                },
                {
                    "coord": null,
                    "is_working": true,
                    "name": "Соколиная Гора",
                    "rect": null,
                    "text_id": 126,
                    "uid": 129
                },
                {
                    "coord": null,
                    "is_working": true,
                    "name": "Шоссе Энтузиастов",
                    "rect": null,
                    "text_id": 127,
                    "uid": 130
                },
                {
                    "coord": null,
                    "is_working": true,
                    "name": "Андроновка",
                    "rect": null,
                    "text_id": 128,
                    "uid": 131
                },
                {
                    "coord": null,
                    "is_working": true,
                    "name": "Нижегородская",
                    "rect": null,
                    "text_id": 100,
                    "uid": 132
                },
                {
                    "coord": null,
                    "is_working": true,
                    "name": "Новохохловская",
                    "rect": null,
                    "text_id": 129,
                    "uid": 133
                },
                {
                    "coord": null,
                    "is_working": true,
                    "name": "Угрешская",
                    "rect": null,
                    "text_id": 130,
                    "uid": 134
                },
                {
                    "coord": null,
                    "is_working": true,
                    "name": "Дубровка",
                    "rect": null,
                    "text_id": 68,
                    "uid": 135
                },
                {
                    "coord": null,
                    "is_working": true,
                    "name": "Автозаводская",
                    "rect": null,
                    "text_id": 131,
                    "uid": 136
                },
                {
                    "coord": null,
                    "is_working": true,
                    "name": "ЗИЛ",
                    "rect": null,
                    "text_id": 132,
                    "uid": 137
                },
                {
                    "coord": null,
                    "is_working": true,
                    "name": "Верхние Котлы",
                    "rect": null,
                    "text_id": 133,
                    "uid": 138
                },
                {
                    "coord": null,
                    "is_working": true,
                    "name": "Крымская",
                    "rect": null,
                    "text_id": 134,
                    "uid": 139
                },
                {
                    "coord": null,
                    "is_working": true,
                    "name": "Площадь Гагарина",
                    "rect": null,
                    "text_id": 135,
                    "uid": 140
                },
                {
                    "coord": null,
                    "is_working": true,
                    "name": "Лужники",
                    "rect": null,
                    "text_id": 136,
                    "uid": 141
                },
                {
                    "coord": null,
                    "is_working": true,
                    "name": "Кутузовская",
                    "rect": null,
                    "text_id": 137,
                    "uid": 142
                },
                {
                    "coord": [
                        1089,
                        130
                    ],
                    "is_working": true,
                    "name": "Деловой центр",
                    "rect": [
                        1085,
                        142,
                        15,
                        78
                    ],
                    "text_id": 83,
                    "uid": 143
                },
                {
                    "coord": [
                        1076,
                        105
                    ],
                    "is_working": true,
                    "name": "Шелепиха",
                    "rect": [
                        1068,
                        40,
                        15,
                        55
                    ],
                    "text_id": 82,
                    "uid": 144
                },
                {
                    "coord": null,
                    "is_working": true,
                    "name": "Хорошёво",
                    "rect": null,
                    "text_id": 138,
                    "uid": 145
                },
                {
                    "coord": null,
                    "is_working": true,
                    "name": "Зорге",
                    "rect": null,
                    "text_id": 139,
                    "uid": 146
                },
                {
                    "coord": null,
                    "is_working": true,
                    "name": "Панфиловская",
                    "rect": null,
                    "text_id": 140,
                    "uid": 147
                },
                {
                    "coord": null,
                    "is_working": true,
                    "name": "Стрешнево",
                    "rect": null,
                    "text_id": 141,
                    "uid": 148
                },
                {
                    "coord": null,
                    "is_working": true,
                    "name": "Балтийская",
                    "rect": null,
                    "text_id": 142,
                    "uid": 149
                },
                {
                    "coord": null,
                    "is_working": true,
                    "name": "Коптево",
                    "rect": null,
                    "text_id": 143,
                    "uid": 150
                },
                {
                    "coord": null,
                    "is_working": true,
                    "name": "Лихоборы",
                    "rect": null,
                    "text_id": 144,
                    "uid": 151
                }
            ],
            "text_id": 145
        },
        {
            "labels_bg_color": "-1",
            "labels_color": "000000",
            "line_color": "24E019",
            "line_width": 6,
            "name": "Белорусская",
            "segments": [
                [
                    1078,
                    1079,
                    [
                        [
                            1104,
                            114
                        ],
                        [
                            1120,
                            110
                        ]
                    ],
                    true
                ],
                [
                    1079,
                    1080,
                    [
                        [
                            1080,
                            120
                        ],
                        [
                            1104,
                            114
                        ]
                    ],
                    true
                ],
                [
                    1080,
                    1081,
                    [
                        [
                            1060,
                            125
                        ],
                        [
                            1080,
                            120
                        ]
                    ],
                    true
                ],
                [
                    1081,
                    1082,
                    [
                        [
                            1040,
                            130
                        ],
                        [
                            1060,
                            125
                        ]
                    ],
                    true
                ],
                [
                    1082,
                    1083,
                    [
                        [
                            1020,
                            135
                        ],
                        [
                            1040,
                            130
                        ]
                    ],
                    true
                ],
                [
                    1083,
                    1084,
                    [
                        [
                            1000,
                            140
                        ],
                        [
                            1020,
                            135
                        ]
                    ],
                    true
                ],
                [
                    1083,
                    1134,
                    [
                        [
                            1000,
                            125
                        ],
                        [
                            1020,
                            135
                        ]
                    ],
                    true
                ],
                [
                    1084,
                    1085,
                    [
                        [
                            980,
                            145
                        ],
                        [
                            1000,
                            140
                        ]
                    ],
                    true
                ],
                [
                    1085,
                    1086,
                    [
                        [
                            960,
                            150
                        ],
                        [
                            980,
                            145
                        ]
                    ],
                    true
                ],
                [
                    1086,
                    1087,
                    [
                        [
                            940,
                            155
                        ],
                        [
                            960,
                            150
                        ]
                    ],
                    true
                ],
                [
                    1087,
                    1088,
                    [
                        [
                            920,
                            160
                        ],
                        [
                            940,
                            155
                        ]
                    ],
                    true
                ],
                [
                    1088,
                    1089,
                    [
                        [
                            900,
                            165
                        ],
                        [
                            920,
                            160
                        ]
                    ],
                    true
                ],
                [
                    1089,
                    1090,
                    [
                        [
                            880,
                            170
                        ],
                        [
                            900,
                            165
                        ]
                    ],
                    true
                ],
                [
                    1090,
                    1091,
                    [
                        [
                            860,
                            175
                        ],
                        [
                            880,
                            170
                        ]
                    ],
                    true
                ],
                [
                    1091,
                    1092,
                    [
                        [
                            840,
                            180
                        ],
                        [
                            860,
                            175
                        ]
                    ],
                    true
                ],
                [
                    1092,
                    1093,
                    [
                        [
                            820,
                            185
                        ],
                        [
                            840,
                            180
                        ]
                    ],
                    true
                ],
                [
                    1093,
                    1094,
                    [
                        [
                            800,
                            190
                        ],
                        [
                            820,
                            185
                        ]
                    ],
                    true
                ],
                [
                    1094,
                    1095,
                    [
                        [
                            780,
                            195
                        ],
                        [
                            800,
                            190
                        ]
                    ],
                    true
                ],
                [
                    1095,
                    1096,
                    [
                        [
                            760,
                            200
                        ],
                        [
                            780,
                            195
                        ]
                    ],
                    true
                ],
                [
                    1096,
                    1097,
                    [
                        [
                            740,
                            205
                        ],
                        [
                            760,
                            200
                        ]
                    ],
                    true
                ],
                [
                    1096,
                    1140,
                    [
                        [
                            760,
                            175
                        ],
                        [
                            760,
                            200
                        ]
                    ],
                    true
                ],
                [
                    1097,
                    1098,
                    [
                        [
                            720,
                            210
                        ],
                        [
                            740,
                            205
                        ]
                    ],
                    true
                ],
                [
                    1098,
                    1099,
                    [
                        [
                            700,
                            215
                        ],
                        [
                            720,
                            210
                        ]
                    ],
                    true
                ],
                [
                    1099,
                    1100,
                    [
                        [
                            680,
                            220
                        ],
                        [
                            700,
                            215
                        ]
                    ],
                    true
                ],
                [
                    1100,
                    1101,
                    [
                        [
                            660,
                            225
                        ],
                        [
                            680,
                            220
                        ]
                    ],
                    true
                ],
                [
                    1101,
                    1102,
                    [
                        [
                            640,
                            230
                        ],
                        [
                            660,
                            225
                        ]
                    ],
                    true
                ],
                [
                    1102,
                    1103,
                    [
                        [
                            620,
                            235
                        ],
                        [
                            640,
                            230
                        ]
                    ],
                    true
                ],
                [
                    1103,
                    1104,
                    [
                        [
                            600,
                            240
                        ],
                        [
                            620,
                            235
                        ]
                    ],
                    true
                ],
                [
                    1104,
                    1105,
                    [
                        [
                            580,
                            245
                        ],
                        [
                            600,
                            240
                        ]
                    ],
                    true
                ],
                [
                    1105,
                    1106,
                    [
                        [
                            560,
                            250
                        ],
                        [
                            580,
                            245
                        ]
                    ],
                    true
                ],
                [
                    1106,
                    1107,
                    [
                        [
                            540,
                            255
                        ],
                        [
                            560,
                            250
                        ]
                    ],
                    true
                ],
                [
                    1107,
                    1108,
                    [
                        [
                            520,
                            260
                        ],
                        [
                            540,
                            255
                        ]
                    ],
                    true
                ],
                [
                    1108,
                    1109,
                    [
                        [
                            500,
                            265
                        ],
                        [
                            520,
                            260
                        ]
                    ],
                    true
                ],
                [
                    1109,
                    1110,
                    [
                        [
                            480,
                            270
                        ],
                        [
                            500,
                            265
                        ]
                    ],
                    true
                ],
                [
                    1110,
                    1111,
                    [
                        [
                            460,
                            275
                        ],
                        [
                            480,
                            270
                        ]
                    ],
                    true
                ],
                [
                    1111,
                    1112,
                    [
                        [
                            440,
                            280
                        ],
                        [
                            460,
                            275
                        ]
                    ],
                    true
                ],
                [
                    1112,
                    1113,
                    [
                        [
                            420,
                            285
                        ],
                        [
                            440,
                            280
                        ]
                    ],
                    true
                ],
                [
                    1113,
                    1114,
                    [
                        [
                            400,
                            290
                        ],
                        [
                            420,
                            285
                        ]
                    ],
                    true
                ],
                [
                    1114,
                    1115,
                    [
                        [
                            380,
                            295
                        ],
                        [
                            400,
                            290
                        ]
                    ],
                    true
                ],
                [
                    1115,
                    1116,
                    [
                        [
                            360,
                            300
                        ],
                        [
                            380,
                            295
                        ]
                    ],
                    true
                ],
                [
                    1116,
                    1117,
                    [
                        [
                            340,
                            305
                        ],
                        [
                            360,
                            300
                        ]
                    ],
                    true
                ],
                [
                    1117,
                    1118,
                    [
                        [
                            320,
                            310
                        ],
                        [
                            340,
                            305
                        ]
                    ],
                    true
                ],
                [
                    1118,
                    1119,
                    [
                        [
                            300,
                            315
                        ],
                        [
                            320,
                            310
                        ]
                    ],
                    true
                ],
                [
                    1119,
                    1120,
                    [
                        [
                            280,
                            320
                        ],
                        [
                            300,
                            315
                        ]
                    ],
                    true
                ],
                [
                    1120,
                    1121,
                    [
                        [
                            260,
                            325
                        ],
                        [
                            280,
                            320
                        ]
                    ],
                    true
                ],
                [
                    1121,
                    1122,
                    [
                        [
                            240,
                            330
                        ],
                        [
                            260,
                            325
                        ]
                    ],
                    true
                ],
                [
                    1122,
                    1123,
                    [
                        [
                            220,
                            335
                        ],
                        [
                            240,
                            330
                        ]
                    ],
                    true
                ],
                [
                    1123,
                    1124,
                    [
                        [
                            200,
                            340
                        ],
                        [
                            220,
                            335
                        ]
                    ],
                    true
                ],
                [
                    1124,
                    1125,
                    [
                        [
                            180,
                            345
                        ],
                        [
                            200,
                            340
                        ]
                    ],
                    true
                ],
                [
                    1125,
                    1126,
                    [
                        [
                            160,
                            350
                        ],
                        [
                            180,
                            345
                        ]
                    ],
                    true
                ],
                [
                    1126,
                    1127,
                    [
                        [
                            140,
                            355
                        ],
                        [
                            160,
                            350
                        ]
                    ],
                    true
                ],
                [
                    1127,
                    1128,
                    [
                        [
                            120,
                            360
                        ],
                        [
                            140,
                            355
                        ]
                    ],
                    true
                ],
                [
                    1128,
                    1129,
                    [
                        [
                            100,
                            365
                        ],
                        [
                            120,
                            360
                        ]
                    ],
                    true
                ],
                [
                    1129,
                    1130,
                    [
                        [
                            80,
                            370
                        ],
                        [
                            100,
                            365
                        ]
                    ],
                    true
                ],
                [
                    1130,
                    1131,
                    [
                        [
                            60,
                            375
                        ],
                        [
                            80,
                            370
                        ]
                    ],
                    true
                ],
                [
                    1131,
                    1132,
                    [
                        [
                            40,
                            380
                        ],
                        [
                            60,
                            375
                        ]
                    ],
                    true
                ],
                [
                    1132,
                    1133,
                    [
                        [
                            20,
                            385
                        ],
                        [
                            40,
                            380
                        ]
                    ],
                    true
                ],
                [
                    1134,
                    1135,
                    [
                        [
                            980,
                            115
                        ],
                        [
                            1000,
                            125
                        ]
                    ],
                    true
                ],
                [
                    1135,
                    1136,
                    [
                        [
                            960,
                            115
                        ],
                        [
                            980,
                            115
                        ]
                    ],
                    true
                ],
                [
                    1136,
                    1137,
                    [
                        [
                            940,
                            115
                        ],
                        [
                            960,
                            115
                        ]
                    ],
                    true
                ],
                [
                    1137,
                    1138,
                    [
                        [
                            920,
                            115
                        ],
                        [
                            940,
                            115
                        ]
                    ],
                    true
                ],
                [
                    1138,
                    1139,
                    [
                        [
                            900,
                            115
                        ],
                        [
                            920,
                            115
                        ]
                    ],
                    true
                ],
                [
                    1140,
                    1141,
                    [
                        [
                            760,
                            150
                        ],
                        [
                            760,
                            175
                        ]
                    ],
                    true
                ],
                [
                    1141,
                    1142,
                    [
                        [
                            740,
                            140
                        ],
                        [
                            760,
                            150
                        ]
                    ],
                    true
                ],
                [
                    1142,
                    1143,
                    [
                        [
                            720,
                            130
                        ],
                        [
                            740,
                            140
                        ]
                    ],
                    true
                ]
            ],
            "stations": [
                {
                    "coord": [
                        1120,
                        110
                    ],
                    "is_working": true,
                    "name": "Москва Смоленская",
                    "rect": [
                        1115,
                        118,
                        15,
                        107
                    ],
                    "text_id": 383,
                    "uid": 1078
                },
                {
                    "coord": [
                        1104,
                        114
                    ],
                    "is_working": true,
                    "name": "Беговая",
                    "rect": [
                        1101,
                        123,
                        15,
                        44
                    ],
                    "text_id": 166,
                    "uid": 1079
                },
                {
                    "coord": [
                        1080,
                        120
                    ],
                    "is_working": true,
                    "name": "Тестовская",
                    "rect": [
                        1083,
                        38,
                        15,
                        60
                    ],
                    "text_id": 167,
                    "uid": 1080
                },
                {
                    "coord": [
                        1060,
                        125
                    ],
                    "is_working": true,
                    "name": "Фили",
                    "rect": [
                        1053,
                        135,
                        15,
                        30
                    ],
                    "text_id": 168,
                    "uid": 1081
                },
                {
                    "coord": [
                        1040,
                        130
                    ],
                    "is_working": true,
                    "name": "Кунцево",
                    "rect": [
                        1033,
                        140,
                        15,
                        44
                    ],
                    "text_id": 903,
                    "uid": 1082
                },
                {
                    "coord": [
                        1020,
                        135
                    ],
                    "is_working": true,
                    "name": "Рабочий Поселок",
                    "rect": [
                        1013,
                        145,
                        15,
                        92
                    ],
                    "text_id": 904,
                    "uid": 1083
                },
                {
                    "coord": [
                        1000,
                        140
                    ],
                    "is_working": true,
                    "name": "Сетунь",
                    "rect": [
                        993,
                        150,
                        15,
                        39
                    ],
                    "text_id": 171,
                    "uid": 1084
                },
                {
                    "coord": [
                        980,
                        145
                    ],
                    "is_working": true,
                    "name": "Немчиновка",
                    "rect": [
                        973,
                        155,
                        15,
                        65
                    ],
                    "text_id": 172,
                    "uid": 1085
                },
                {
                    "coord": [
                        960,
                        150
                    ],
                    "is_working": true,
                    "name": "Трехгорка",
                    "rect": [
                        953,
                        160,
                        15,
                        53
                    ],
                    "text_id": 905,
                    "uid": 1086
                },
                {
                    "coord": [
                        940,
                        155
                    ],
                    "is_working": true,
                    "name": "Баковка",
                    "rect": [
                        933,
                        165,
                        15,
                        44
                    ],
                    "text_id": 174,
                    "uid": 1087
                },
                {
                    "coord": [
                        920,
                        160
                    ],
                    "is_working": true,
                    "name": "Одинцово",
                    "rect": [
                        913,
                        170,
                        15,
                        53
                    ],
                    "text_id": 175,
                    "uid": 1088
                },
                {
                    "coord": [
                        900,
                        165
                    ],
                    "is_working": true,
                    "name": "Отрадное",
                    "rect": [
                        893,
                        175,
                        15,
                        52
                    ],
                    "text_id": 29,
                    "uid": 1089
                },
                {
                    "coord": [
                        880,
                        170
                    ],
                    "is_working": true,
                    "name": "Пионерская",
                    "rect": [
                        873,
                        180,
                        15,
                        63
                    ],
                    "text_id": 313,
                    "uid": 1090
                },
                {
                    "coord": [
                        860,
                        175
                    ],
                    "is_working": true,
                    "name": "Перхушково",
                    "rect": [
                        853,
                        185,
                        15,
                        66
                    ],
                    "text_id": 906,
                    "uid": 1091
                },
                {
                    "coord": [
                        840,
                        180
                    ],
                    "is_working": true,
                    "name": "Здравница",
                    "rect": [
                        833,
                        190,
                        15,
                        58
                    ],
                    "text_id": 907,
                    "uid": 1092
                },
                {
                    "coord": [
                        820,
                        185
                    ],
                    "is_working": true,
                    "name": "Жаворонки",
                    "rect": [
                        813,
                        195,
                        15,
                        58
                    ],
                    "text_id": 908,
                    "uid": 1093
                },
                {
                    "coord": [
                        800,
                        190
                    ],
                    "is_working": true,
                    "name": "Дачное",
                    "rect": [
                        793,
                        200,
                        15,
                        39
                    ],
                    "text_id": 909,
                    "uid": 1094
                },
                {
                    "coord": [
                        780,
                        195
                    ],
                    "is_working": true,
                    "name": "Малые Вяземы",
                    "rect": [
                        773,
                        205,
                        15,
                        84
                    ],
                    "text_id": 910,
                    "uid": 1095
                },
                {
                    "coord": [
                        760,
                        200
                    ],
                    "is_working": true,
                    "name": "Голицыно",
                    "rect": [
                        753,
                        210,
                        15,
                        54
                    ],
                    "text_id": 911,
                    "uid": 1096
                },
                {
                    "coord": [
                        740,
                        205
                    ],
                    "is_working": true,
                    "name": "Сушкинская",
                    "rect": [
                        733,
                        215,
                        15,
                        65
                    ],
                    "text_id": 912,
                    "uid": 1097
                },
                {
                    "coord": [
                        720,
                        210
                    ],
                    "is_working": true,
                    "name": "Петелино",
                    "rect": [
                        713,
                        220,
                        15,
                        52
                    ],
                    "text_id": 913,
                    "uid": 1098
                },
                {
                    "coord": [
                        700,
                        215
                    ],
                    "is_working": true,
                    "name": "Часцовская",
                    "rect": [
                        693,
                        225,
                        15,
                        62
                    ],
                    "text_id": 914,
                    "uid": 1099
                },
                {
                    "coord": [
                        680,
                        220
                    ],
                    "is_working": true,
                    "name": "Портновская",
                    "rect": [
                        673,
                        230,
                        15,
                        68
                    ],
                    "text_id": 915,
                    "uid": 1100
                },
                {
                    "coord": [
                        660,
                        225
                    ],
                    "is_working": true,
                    "name": "Кубинка",
                    "rect": [
                        653,
                        235,
                        15,
                        43
                    ],
                    "text_id": 916,
                    "uid": 1101
                },
                {
                    "coord": [
                        640,
                        230
                    ],
                    "is_working": true,
                    "name": "Чапаевка",
                    "rect": [
                        633,
                        240,
                        15,
                        50
                    ],
                    "text_id": 917,
                    "uid": 1102
                },
                {
                    "coord": [
                        620,
                        235
                    ],
                    "is_working": true,
                    "name": "Полушкино",
                    "rect": [
                        613,
                        245,
                        15,
                        61
                    ],
                    "text_id": 918,
                    "uid": 1103
                },
                {
                    "coord": [
                        600,
                        240
                    ],
                    "is_working": true,
                    "name": "Санаторная",
                    "rect": [
                        593,
                        250,
                        15,
                        63
                    ],
                    "text_id": 919,
                    "uid": 1104
                },
                {
                    "coord": [
                        580,
                        245
                    ],
                    "is_working": true,
                    "name": "Тучково",
                    "rect": [
                        573,
                        255,
                        15,
                        43
                    ],
                    "text_id": 920,
                    "uid": 1105
                },
                {
                    "coord": [
                        560,
                        250
                    ],
                    "is_working": true,
                    "name": "Театральная",
                    "rect": [
                        553,
                        260,
                        15,
                        68
                    ],
                    "text_id": 253,
                    "uid": 1106
                },
                {
                    "coord": [
                        540,
                        255
                    ],
                    "is_working": true,
                    "name": "Садовая",
                    "rect": [
                        533,
                        265,
                        15,
                        47
                    ],
                    "text_id": 827,
                    "uid": 1107
                },
                {
                    "coord": [
                        520,
                        260
                    ],
                    "is_working": true,
                    "name": "Дорохово",
                    "rect": [
                        513,
                        270,
                        15,
                        51
                    ],
                    "text_id": 921,
                    "uid": 1108
                },
                {
                    "coord": [
                        500,
                        265
                    ],
                    "is_working": true,
                    "name": "Партизанская",
                    "rect": [
                        493,
                        275,
                        15,
                        73
                    ],
                    "text_id": 298,
                    "uid": 1109
                },
                {
                    "coord": [
                        480,
                        270
                    ],
                    "is_working": true,
                    "name": "Шаликово",
                    "rect": [
                        473,
                        280,
                        15,
                        54
                    ],
                    "text_id": 922,
                    "uid": 1110
                },
                {
                    "coord": [
                        460,
                        275
                    ],
                    "is_working": true,
                    "name": "Кукаринская",
                    "rect": [
                        453,
                        285,
                        15,
                        66
                    ],
                    "text_id": 923,
                    "uid": 1111
                },
                {
                    "coord": [
                        440,
                        280
                    ],
                    "is_working": true,
                    "name": "Пл. 109 км",
                    "rect": [
                        433,
                        290,
                        15,
                        57
                    ],
                    "text_id": 924,
                    "uid": 1112
                },
                {
                    "coord": [
                        420,
                        285
                    ],
                    "is_working": true,
                    "name": "Можайск",
                    "rect": [
                        413,
                        295,
                        15,
                        47
                    ],
                    "text_id": 925,
                    "uid": 1113
                },
                {
                    "coord": [
                        400,
                        290
                    ],
                    "is_working": true,
                    "name": "Бородино",
                    "rect": [
                        393,
                        300,
                        15,
                        53
                    ],
                    "text_id": 926,
                    "uid": 1114
                },
                {
                    "coord": [
                        380,
                        295
                    ],
                    "is_working": true,
                    "name": "Колочь",
                    "rect": [
                        373,
                        305,
                        15,
                        39
                    ],
                    "text_id": 927,
                    "uid": 1115
                },
                {
                    "coord": [
                        360,
                        300
                    ],
                    "is_working": true,
                    "name": "Уваровка",
                    "rect": [
                        353,
                        310,
                        15,
                        49
                    ],
                    "text_id": 928,
                    "uid": 1116
                },
                {
                    "coord": [
                        340,
                        305
                    ],
                    "is_working": true,
                    "name": "Пл. 144 км",
                    "rect": [
                        333,
                        315,
                        15,
                        57
                    ],
                    "text_id": 929,
                    "uid": 1117
                },
                {
                    "coord": [
                        320,
                        310
                    ],
                    "is_working": true,
                    "name": "Пл. 147 км",
                    "rect": [
                        313,
                        320,
                        15,
                        57
                    ],
                    "text_id": 611,
                    "uid": 1118
                },
                {
                    "coord": [
                        300,
                        315
                    ],
                    "is_working": true,
                    "name": "Дровнино",
                    "rect": [
                        293,
                        325,
                        15,
                        51
                    ],
                    "text_id": 930,
                    "uid": 1119
                },
                {
                    "coord": [
                        280,
                        320
                    ],
                    "is_working": true,
                    "name": "Батюшково",
                    "rect": [
                        273,
                        330,
                        15,
                        62
                    ],
                    "text_id": 931,
                    "uid": 1120
                },
                {
                    "coord": [
                        260,
                        325
                    ],
                    "is_working": true,
                    "name": "Колесники",
                    "rect": [
                        253,
                        335,
                        15,
                        56
                    ],
                    "text_id": 932,
                    "uid": 1121
                },
                {
                    "coord": [
                        240,
                        330
                    ],
                    "is_working": true,
                    "name": "Гагарин",
                    "rect": [
                        233,
                        340,
                        15,
                        42
                    ],
                    "text_id": 933,
                    "uid": 1122
                },
                {
                    "coord": [
                        220,
                        335
                    ],
                    "is_working": true,
                    "name": "Василисино",
                    "rect": [
                        213,
                        345,
                        15,
                        65
                    ],
                    "text_id": 934,
                    "uid": 1123
                },
                {
                    "coord": [
                        200,
                        340
                    ],
                    "is_working": true,
                    "name": "Серго-Ивановская",
                    "rect": [
                        193,
                        350,
                        15,
                        96
                    ],
                    "text_id": 935,
                    "uid": 1124
                },
                {
                    "coord": [
                        180,
                        345
                    ],
                    "is_working": true,
                    "name": "Пл. 205 км",
                    "rect": [
                        173,
                        355,
                        15,
                        57
                    ],
                    "text_id": 936,
                    "uid": 1125
                },
                {
                    "coord": [
                        160,
                        350
                    ],
                    "is_working": true,
                    "name": "Туманово",
                    "rect": [
                        153,
                        360,
                        15,
                        52
                    ],
                    "text_id": 937,
                    "uid": 1126
                },
                {
                    "coord": [
                        140,
                        355
                    ],
                    "is_working": true,
                    "name": "Пл. 215 км",
                    "rect": [
                        133,
                        365,
                        15,
                        57
                    ],
                    "text_id": 938,
                    "uid": 1127
                },
                {
                    "coord": [
                        120,
                        360
                    ],
                    "is_working": true,
                    "name": "Пл. 218 км",
                    "rect": [
                        113,
                        370,
                        15,
                        57
                    ],
                    "text_id": 939,
                    "uid": 1128
                },
                {
                    "coord": [
                        100,
                        365
                    ],
                    "is_working": true,
                    "name": "Мещерская",
                    "rect": [
                        93,
                        375,
                        15,
                        61
                    ],
                    "text_id": 275,
                    "uid": 1129
                },
                {
                    "coord": [
                        80,
                        370
                    ],
                    "is_working": true,
                    "name": "Подъелки",
                    "rect": [
                        73,
                        380,
                        15,
                        55
                    ],
                    "text_id": 940,
                    "uid": 1130
                },
                {
                    "coord": [
                        60,
                        375
                    ],
                    "is_working": true,
                    "name": "Комягино",
                    "rect": [
                        53,
                        385,
                        15,
                        50
                    ],
                    "text_id": 941,
                    "uid": 1131
                },
                {
                    "coord": [
                        40,
                        380
                    ],
                    "is_working": true,
                    "name": "Зубаревка",
                    "rect": [
                        33,
                        390,
                        15,
                        56
                    ],
                    "text_id": 942,
                    "uid": 1132
                },
                {
                    "coord": [
                        20,
                        385
                    ],
                    "is_working": true,
                    "name": "Вязьма",
                    "rect": [
                        13,
                        395,
                        15,
                        41
                    ],
                    "text_id": 943,
                    "uid": 1133
                },
                {
                    "coord": [
                        1000,
                        125
                    ],
                    "is_working": true,
                    "name": "Кунцево-2",
                    "rect": [
                        997,
                        61,
                        15,
                        53
                    ],
                    "text_id": 944,
                    "uid": 1134
                },
                {
                    "coord": [
                        980,
                        115
                    ],
                    "is_working": true,
                    "name": "Ромашково",
                    "rect": [
                        974,
                        45,
                        15,
                        61
                    ],
                    "text_id": 945,
                    "uid": 1135
                },
                {
                    "coord": [
                        960,
                        115
                    ],
                    "is_working": true,
                    "name": "Раздоры",
                    "rect": [
                        952,
                        58,
                        15,
                        48
                    ],
                    "text_id": 946,
                    "uid": 1136
                },
                {
                    "coord": [
                        940,
                        115
                    ],
                    "is_working": true,
                    "name": "Барвиха",
                    "rect": [
                        933,
                        60,
                        15,
                        46
                    ],
                    "text_id": 947,
                    "uid": 1137
                },
                {
                    "coord": [
                        920,
                        115
                    ],
                    "is_working": true,
                    "name": "Ильинское",
                    "rect": [
                        911,
                        48,
                        15,
                        58
                    ],
                    "text_id": 948,
                    "uid": 1138
                },
                {
                    "coord": [
                        900,
                        115
                    ],
                    "is_working": true,
                    "name": "Усово",
                    "rect": [
                        894,
                        73,
                        15,
                        32
                    ],
                    "text_id": 949,
                    "uid": 1139
                },
                {
                    "coord": [
                        760,
                        175
                    ],
                    "is_working": true,
                    "name": "Захарово",
                    "rect": [
                        771,
                        162,
                        51,
                        15
                    ],
                    "text_id": 462,
                    "uid": 1140
                },
                {
                    "coord": [
                        760,
                        150
                    ],
                    "is_working": true,
                    "name": "Хлюпино",
                    "rect": [
                        771,
                        141,
                        49,
                        15
                    ],
                    "text_id": 950,
                    "uid": 1141
                },
                {
                    "coord": [
                        740,
                        140
                    ],
                    "is_working": true,
                    "name": "Скоротово",
                    "rect": [
                        750,
                        123,
                        56,
                        15
                    ],
                    "text_id": 951,
                    "uid": 1142
                },
                {
                    "coord": [
                        720,
                        130
                    ],
                    "is_working": true,
                    "name": "Звенигород",
                    "rect": [
                        723,
                        104,
                        62,
                        15
                    ],
                    "text_id": 952,
                    "uid": 1143
                }
            ],
            "text_id": 165
        }
    ],
    "lines_width": 6,
    "name": "belorusskayazhd",
    "name_text_id": 165,
    "stations_diameter": 12.0,
    "transfers": [
        [
            339,
            362,
            null,
            null
        ],
        [
            275,
            374,
            [
                1140,
                98
            ],
            [
                1140,
                119
            ]
        ],
        [
            359,
            376,
            null,
            null
        ],
        [
            376,
            341,
            null,
            null
        ],
        [
            341,
            359,
            null,
            null
        ],
        [
            410,
            375,
            null,
            null
        ],
        [
            344,
            352,
            [
                1039,
                112
            ],
            [
                1039,
                97
            ]
        ],
        [
            337,
            370,
            null,
            null
        ],
        [
            142,
            357,
            null,
            null
        ],
        [
            143,
            364,
            [
                1089,
                130
            ],
            [
                1078,
                133
            ]
        ],
        [
            149,
            271,
            null,
            null
        ],
        [
            406,
            147,
            null,
            null
        ],
        [
            333,
            128,
            null,
            null
        ],
        [
            281,
            136,
            null,
            null
        ],
        [
            278,
            338,
            null,
            null
        ],
        [
            280,
            368,
            null,
            null
        ],
        [
            411,
            277,
            null,
            null
        ],
        [
            369,
            414,
            null,
            null
        ],
        [
            1082,
            344,
            [
                1040,
                130
            ],
            [
                1039,
                112
            ]
        ],
        [
            1082,
            352,
            [
                1040,
                130
            ],
            [
                1039,
                97
            ]
        ],
        [
            144,
            1080,
            [
                1076,
                105
            ],
            [
                1080,
                120
            ]
        ],
        [
            356,
            1081,
            [
                1059,
                107
            ],
            [
                1060,
                125
            ]
        ]
    ],
    "transports": [
        "metro",
        "trains",
        "trams",
        "tramsriver"
    ],
    "type_name": "Электричка",
    "type_text_id": 1539,
    "upper_case": false,
    "width": 1290,
    "word_wrap": false
}