{
    "default_transports": [
        "metro"
    ],
    "height": 1320,
    "images": [
        "res/schemes/kalininskosolntsevskayaline.svg"
    ],
    "is_vector": true,
    "lines": [
        {
            "labels_bg_color": "-1",
            "labels_color": "000000",
            "line_color": "046434",
            "line_width": 9,
            "name": "Замоскворецкая",
            "segments": [],
            "stations": [
                {
                    "coord": null,
                    "is_working": true,
                    "name": "Ховрино",
                    "rect": null,
                    "text_id": 204,
                    "uid": 218
                },
                {
                    "coord": null,
                    "is_working": true,
                    "name": "Беломорская",
                    "rect": null,
                    "text_id": 205,
                    "uid": 219
                },
                {
                    "coord": null,
                    "is_working": true,
                    "name": "Речной вокзал",
                    "rect": null,
                    "text_id": 206,
                    "uid": 220
                },
                {
                    "coord": null,
                    "is_working": true,
                    "name": "Водный стадион",
                    "rect": null,
                    "text_id": 207,
                    "uid": 221
                },
                {
                    "coord": null,
                    "is_working": true,
                    "name": "Войковская",
                    "rect": null,
                    "text_id": 208,
                    "uid": 222
                },
                {
                    "coord": null,
                    "is_working": true,
                    "name": "Сокол",
                    "rect": null,
                    "text_id": 209,
                    "uid": 223
                },
                {
                    "coord": null,
                    "is_working": true,
                    "name": "Аэропорт",
                    "rect": null,
                    "text_id": 210,
                    "uid": 224
                },
                {
                    "coord": null,
                    "is_working": true,
                    "name": "Динамо",
                    "rect": null,
                    "text_id": 211,
                    "uid": 225
                },
                {
                    "coord": null,
                    "is_working": true,
                    "name": "Белорусская",
                    "rect": null,
                    "text_id": 158,
                    "uid": 226
                },
                {
                    "coord": null,
                    "is_working": true,
                    "name": "Маяковская",
                    "rect": null,
                    "text_id": 212,
                    "uid": 227
                },
                {
                    "coord": null,
                    "is_working": true,
                    "name": "Тверская",
                    "rect": null,
                    "text_id": 213,
                    "uid": 228
                },
                {
                    "coord": null,
                    "is_working": true,
                    "name": "Театральная",
                    "rect": null,
                    "text_id": 214,
                    "uid": 229
                },
                {
                    "coord": [
                        241,
                        400
                    ],
                    "is_working": true,
                    "name": "Новокузнецкая",
                    "rect": [
                        125,
                        390,
                        100,
                        20
                    ],
                    "text_id": 215,
                    "uid": 230
                },
                {
                    "coord": null,
                    "is_working": true,
                    "name": "Павелецкая",
                    "rect": null,
                    "text_id": 216,
                    "uid": 231
                },
                {
                    "coord": null,
                    "is_working": true,
                    "name": "Автозаводская",
                    "rect": null,
                    "text_id": 120,
                    "uid": 232
                },
                {
                    "coord": null,
                    "is_working": true,
                    "name": "Технопарк",
                    "rect": null,
                    "text_id": 217,
                    "uid": 233
                },
                {
                    "coord": null,
                    "is_working": true,
                    "name": "Коломенская",
                    "rect": null,
                    "text_id": 218,
                    "uid": 234
                },
                {
                    "coord": null,
                    "is_working": true,
                    "name": "Каширская",
                    "rect": null,
                    "text_id": 76,
                    "uid": 235
                },
                {
                    "coord": null,
                    "is_working": true,
                    "name": "Кантемировская",
                    "rect": null,
                    "text_id": 219,
                    "uid": 236
                },
                {
                    "coord": null,
                    "is_working": true,
                    "name": "Царицыно",
                    "rect": null,
                    "text_id": 193,
                    "uid": 237
                },
                {
                    "coord": null,
                    "is_working": true,
                    "name": "Орехово",
                    "rect": null,
                    "text_id": 220,
                    "uid": 238
                },
                {
                    "coord": null,
                    "is_working": true,
                    "name": "Домодедовская",
                    "rect": null,
                    "text_id": 221,
                    "uid": 239
                },
                {
                    "coord": null,
                    "is_working": true,
                    "name": "Красногвардейская",
                    "rect": null,
                    "text_id": 222,
                    "uid": 240
                },
                {
                    "coord": null,
                    "is_working": true,
                    "name": "Алма-Атинская",
                    "rect": null,
                    "text_id": 223,
                    "uid": 241
                }
            ],
            "text_id": 224
        },
        {
            "labels_bg_color": "-1",
            "labels_color": "000000",
            "line_color": "34349C",
            "line_width": 9,
            "name": "Арбатско-Покровская",
            "segments": [],
            "stations": [
                {
                    "coord": null,
                    "is_working": true,
                    "name": "Щелковская",
                    "rect": null,
                    "text_id": 225,
                    "uid": 242
                },
                {
                    "coord": null,
                    "is_working": true,
                    "name": "Первомайская",
                    "rect": null,
                    "text_id": 226,
                    "uid": 243
                },
                {
                    "coord": null,
                    "is_working": true,
                    "name": "Измайловская",
                    "rect": null,
                    "text_id": 227,
                    "uid": 244
                },
                {
                    "coord": null,
                    "is_working": true,
                    "name": "Партизанская",
                    "rect": null,
                    "text_id": 228,
                    "uid": 245
                },
                {
                    "coord": null,
                    "is_working": true,
                    "name": "Семеновская",
                    "rect": null,
                    "text_id": 229,
                    "uid": 246
                },
                {
                    "coord": null,
                    "is_working": true,
                    "name": "Электрозаводская",
                    "rect": null,
                    "text_id": 144,
                    "uid": 247
                },
                {
                    "coord": null,
                    "is_working": true,
                    "name": "Бауманская",
                    "rect": null,
                    "text_id": 230,
                    "uid": 248
                },
                {
                    "coord": null,
                    "is_working": true,
                    "name": "Курская",
                    "rect": null,
                    "text_id": 185,
                    "uid": 249
                },
                {
                    "coord": null,
                    "is_working": true,
                    "name": "Площадь Революции",
                    "rect": null,
                    "text_id": 231,
                    "uid": 250
                },
                {
                    "coord": null,
                    "is_working": true,
                    "name": "Арбатская",
                    "rect": null,
                    "text_id": 232,
                    "uid": 251
                },
                {
                    "coord": null,
                    "is_working": true,
                    "name": "Смоленская",
                    "rect": null,
                    "text_id": 233,
                    "uid": 252
                },
                {
                    "coord": null,
                    "is_working": true,
                    "name": "Киевская",
                    "rect": null,
                    "text_id": 234,
                    "uid": 253
                },
                {
                    "coord": [
                        241,
                        770
                    ],
                    "is_working": true,
                    "name": "Парк Победы",
                    "rect": [
                        125,
                        760,
                        100,
                        20
                    ],
                    "text_id": 235,
                    "uid": 254
                },
                {
                    "coord": null,
                    "is_working": true,
                    "name": "Славянский бульвар",
                    "rect": null,
                    "text_id": 162,
                    "uid": 255
                },
                {
                    "coord": null,
                    "is_working": true,
                    "name": "Кунцевская",
                    "rect": null,
                    "text_id": 87,
                    "uid": 256
                },
                {
                    "coord": null,
                    "is_working": true,
                    "name": "Молодёжная",
                    "rect": null,
                    "text_id": 236,
                    "uid": 257
                },
                {
                    "coord": null,
                    "is_working": true,
                    "name": "Крылатское",
                    "rect": null,
                    "text_id": 237,
                    "uid": 258
                },
                {
                    "coord": null,
                    "is_working": true,
                    "name": "Строгино",
                    "rect": null,
                    "text_id": 238,
                    "uid": 259
                },
                {
                    "coord": null,
                    "is_working": true,
                    "name": "Мякинино",
                    "rect": null,
                    "text_id": 239,
                    "uid": 260
                },
                {
                    "coord": null,
                    "is_working": true,
                    "name": "Волоколамская",
                    "rect": null,
                    "text_id": 176,
                    "uid": 261
                },
                {
                    "coord": null,
                    "is_working": true,
                    "name": "Митино",
                    "rect": null,
                    "text_id": 240,
                    "uid": 262
                },
                {
                    "coord": null,
                    "is_working": true,
                    "name": "Пятницкое шоссе",
                    "rect": null,
                    "text_id": 241,
                    "uid": 263
                }
            ],
            "text_id": 242
        },
        {
            "labels_bg_color": "-1",
            "labels_color": "000000",
            "line_color": "1C54BC",
            "line_width": 9,
            "name": "Филевская",
            "segments": [],
            "stations": [
                {
                    "coord": null,
                    "is_working": true,
                    "name": "Кунцевская",
                    "rect": null,
                    "text_id": 87,
                    "uid": 264
                },
                {
                    "coord": null,
                    "is_working": true,
                    "name": "Пионерская",
                    "rect": null,
                    "text_id": 243,
                    "uid": 265
                },
                {
                    "coord": null,
                    "is_working": true,
                    "name": "Филевский парк",
                    "rect": null,
                    "text_id": 244,
                    "uid": 266
                },
                {
                    "coord": null,
                    "is_working": true,
                    "name": "Багратионовская",
                    "rect": null,
                    "text_id": 245,
                    "uid": 267
                },
                {
                    "coord": null,
                    "is_working": true,
                    "name": "Фили",
                    "rect": null,
                    "text_id": 161,
                    "uid": 268
                },
                {
                    "coord": null,
                    "is_working": true,
                    "name": "Кутузовская",
                    "rect": null,
                    "text_id": 126,
                    "uid": 269
                },
                {
                    "coord": null,
                    "is_working": true,
                    "name": "Студенческая",
                    "rect": null,
                    "text_id": 246,
                    "uid": 270
                },
                {
                    "coord": null,
                    "is_working": true,
                    "name": "Киевская",
                    "rect": null,
                    "text_id": 234,
                    "uid": 271
                },
                {
                    "coord": null,
                    "is_working": true,
                    "name": "Смоленская",
                    "rect": null,
                    "text_id": 233,
                    "uid": 272
                },
                {
                    "coord": null,
                    "is_working": true,
                    "name": "Арбатская",
                    "rect": null,
                    "text_id": 232,
                    "uid": 273
                },
                {
                    "coord": null,
                    "is_working": true,
                    "name": "Александровский сад",
                    "rect": null,
                    "text_id": 247,
                    "uid": 274
                },
                {
                    "coord": [
                        241,
                        708
                    ],
                    "is_working": true,
                    "name": "Выставочная",
                    "rect": [
                        125,
                        697,
                        100,
                        20
                    ],
                    "text_id": 248,
                    "uid": 275
                },
                {
                    "coord": null,
                    "is_working": true,
                    "name": "Международная",
                    "rect": null,
                    "text_id": 249,
                    "uid": 276
                }
            ],
            "text_id": 250
        },
        {
            "labels_bg_color": "-1",
            "labels_color": "000000",
            "line_color": "543C04",
            "line_width": 9,
            "name": "Кольцевая",
            "segments": [],
            "stations": [
                {
                    "coord": null,
                    "is_working": true,
                    "name": "Парк культуры",
                    "rect": null,
                    "text_id": 12,
                    "uid": 277
                },
                {
                    "coord": null,
                    "is_working": true,
                    "name": "Октябрьская",
                    "rect": null,
                    "text_id": 251,
                    "uid": 278
                },
                {
                    "coord": null,
                    "is_working": true,
                    "name": "Добрынинская",
                    "rect": null,
                    "text_id": 252,
                    "uid": 279
                },
                {
                    "coord": null,
                    "is_working": true,
                    "name": "Павелецкая",
                    "rect": null,
                    "text_id": 216,
                    "uid": 280
                },
                {
                    "coord": [
                        241,
                        316
                    ],
                    "is_working": true,
                    "name": "Таганская",
                    "rect": [
                        125,
                        306,
                        100,
                        20
                    ],
                    "text_id": 253,
                    "uid": 281
                },
                {
                    "coord": null,
                    "is_working": true,
                    "name": "Курская",
                    "rect": null,
                    "text_id": 185,
                    "uid": 282
                },
                {
                    "coord": null,
                    "is_working": true,
                    "name": "Комсомольская",
                    "rect": null,
                    "text_id": 5,
                    "uid": 283
                },
                {
                    "coord": null,
                    "is_working": true,
                    "name": "Проспект Мира",
                    "rect": null,
                    "text_id": 254,
                    "uid": 284
                },
                {
                    "coord": null,
                    "is_working": true,
                    "name": "Новослободская",
                    "rect": null,
                    "text_id": 255,
                    "uid": 285
                },
                {
                    "coord": null,
                    "is_working": true,
                    "name": "Белорусская",
                    "rect": null,
                    "text_id": 158,
                    "uid": 286
                },
                {
                    "coord": null,
                    "is_working": true,
                    "name": "Краснопресненская",
                    "rect": null,
                    "text_id": 256,
                    "uid": 287
                },
                {
                    "coord": null,
                    "is_working": true,
                    "name": "Киевская",
                    "rect": null,
                    "text_id": 234,
                    "uid": 288
                }
            ],
            "text_id": 257
        },
        {
            "labels_bg_color": "-1",
            "labels_color": "000000",
            "line_color": "FC9C54",
            "line_width": 9,
            "name": "Калужско-Рижская",
            "segments": [],
            "stations": [
                {
                    "coord": null,
                    "is_working": true,
                    "name": "Медведково",
                    "rect": null,
                    "text_id": 258,
                    "uid": 289
                },
                {
                    "coord": null,
                    "is_working": true,
                    "name": "Бабушкинская",
                    "rect": null,
                    "text_id": 259,
                    "uid": 290
                },
                {
                    "coord": null,
                    "is_working": true,
                    "name": "Свиблово",
                    "rect": null,
                    "text_id": 260,
                    "uid": 291
                },
                {
                    "coord": null,
                    "is_working": true,
                    "name": "Ботанический сад",
                    "rect": null,
                    "text_id": 109,
                    "uid": 292
                },
                {
                    "coord": null,
                    "is_working": true,
                    "name": "ВДНХ",
                    "rect": null,
                    "text_id": 261,
                    "uid": 293
                },
                {
                    "coord": null,
                    "is_working": true,
                    "name": "Алексеевская",
                    "rect": null,
                    "text_id": 262,
                    "uid": 294
                },
                {
                    "coord": null,
                    "is_working": true,
                    "name": "Рижская",
                    "rect": null,
                    "text_id": 183,
                    "uid": 295
                },
                {
                    "coord": null,
                    "is_working": true,
                    "name": "Проспект Мира",
                    "rect": null,
                    "text_id": 254,
                    "uid": 296
                },
                {
                    "coord": null,
                    "is_working": true,
                    "name": "Сухаревская",
                    "rect": null,
                    "text_id": 263,
                    "uid": 297
                },
                {
                    "coord": null,
                    "is_working": true,
                    "name": "Тургеневская",
                    "rect": null,
                    "text_id": 264,
                    "uid": 298
                },
                {
                    "coord": null,
                    "is_working": true,
                    "name": "Китай-город",
                    "rect": null,
                    "text_id": 265,
                    "uid": 299
                },
                {
                    "coord": [
                        241,
                        374
                    ],
                    "is_working": true,
                    "name": "Третьяковская",
                    "rect": [
                        125,
                        365,
                        100,
                        20
                    ],
                    "text_id": 266,
                    "uid": 300
                },
                {
                    "coord": null,
                    "is_working": true,
                    "name": "Октябрьская",
                    "rect": null,
                    "text_id": 251,
                    "uid": 301
                },
                {
                    "coord": null,
                    "is_working": true,
                    "name": "Шаболовская",
                    "rect": null,
                    "text_id": 267,
                    "uid": 302
                },
                {
                    "coord": null,
                    "is_working": true,
                    "name": "Ленинский проспект",
                    "rect": null,
                    "text_id": 268,
                    "uid": 303
                },
                {
                    "coord": null,
                    "is_working": true,
                    "name": "Академическая",
                    "rect": null,
                    "text_id": 269,
                    "uid": 304
                },
                {
                    "coord": null,
                    "is_working": true,
                    "name": "Профсоюзная",
                    "rect": null,
                    "text_id": 270,
                    "uid": 305
                },
                {
                    "coord": null,
                    "is_working": true,
                    "name": "Новые Черемушки",
                    "rect": null,
                    "text_id": 271,
                    "uid": 306
                },
                {
                    "coord": null,
                    "is_working": true,
                    "name": "Калужская",
                    "rect": null,
                    "text_id": 272,
                    "uid": 307
                },
                {
                    "coord": null,
                    "is_working": true,
                    "name": "Беляево",
                    "rect": null,
                    "text_id": 273,
                    "uid": 308
                },
                {
                    "coord": null,
                    "is_working": true,
                    "name": "Коньково",
                    "rect": null,
                    "text_id": 274,
                    "uid": 309
                },
                {
                    "coord": null,
                    "is_working": true,
                    "name": "Теплый Стан",
                    "rect": null,
                    "text_id": 275,
                    "uid": 310
                },
                {
                    "coord": null,
                    "is_working": true,
                    "name": "Ясенево",
                    "rect": null,
                    "text_id": 276,
                    "uid": 311
                },
                {
                    "coord": null,
                    "is_working": true,
                    "name": "Новоясеневская",
                    "rect": null,
                    "text_id": 277,
                    "uid": 312
                }
            ],
            "text_id": 278
        },
        {
            "labels_bg_color": "-1",
            "labels_color": "000000",
            "line_color": "AC24AC",
            "line_width": 9,
            "name": "Таганско-Краснопресненская",
            "segments": [],
            "stations": [
                {
                    "coord": null,
                    "is_working": true,
                    "name": "Планерная",
                    "rect": null,
                    "text_id": 279,
                    "uid": 313
                },
                {
                    "coord": null,
                    "is_working": true,
                    "name": "Сходненская",
                    "rect": null,
                    "text_id": 280,
                    "uid": 314
                },
                {
                    "coord": null,
                    "is_working": true,
                    "name": "Тушинская",
                    "rect": null,
                    "text_id": 178,
                    "uid": 315
                },
                {
                    "coord": null,
                    "is_working": true,
                    "name": "Спартак",
                    "rect": null,
                    "text_id": 281,
                    "uid": 316
                },
                {
                    "coord": null,
                    "is_working": true,
                    "name": "Щукинская",
                    "rect": null,
                    "text_id": 179,
                    "uid": 317
                },
                {
                    "coord": null,
                    "is_working": true,
                    "name": "Октябрьское поле",
                    "rect": null,
                    "text_id": 282,
                    "uid": 318
                },
                {
                    "coord": null,
                    "is_working": true,
                    "name": "Полежаевская",
                    "rect": null,
                    "text_id": 283,
                    "uid": 319
                },
                {
                    "coord": null,
                    "is_working": true,
                    "name": "Беговая",
                    "rect": null,
                    "text_id": 159,
                    "uid": 320
                },
                {
                    "coord": null,
                    "is_working": true,
                    "name": "Улица 1905 года",
                    "rect": null,
                    "text_id": 284,
                    "uid": 321
                },
                {
                    "coord": null,
                    "is_working": true,
                    "name": "Баррикадная",
                    "rect": null,
                    "text_id": 285,
                    "uid": 322
                },
                {
                    "coord": null,
                    "is_working": true,
                    "name": "Пушкинская",
                    "rect": null,
                    "text_id": 286,
                    "uid": 323
                },
                {
                    "coord": null,
                    "is_working": true,
                    "name": "Кузнецкий мост",
                    "rect": null,
                    "text_id": 287,
                    "uid": 324
                },
                {
                    "coord": null,
                    "is_working": true,
                    "name": "Китай-город",
                    "rect": null,
                    "text_id": 265,
                    "uid": 325
                },
                {
                    "coord": [
                        241,
                        343
                    ],
                    "is_working": true,
                    "name": "Таганская",
                    "rect": [
                        125,
                        333,
                        100,
                        20
                    ],
                    "text_id": 253,
                    "uid": 326
                },
                {
                    "coord": null,
                    "is_working": true,
                    "name": "Пролетарская",
                    "rect": null,
                    "text_id": 288,
                    "uid": 327
                },
                {
                    "coord": null,
                    "is_working": true,
                    "name": "Волгоградский проспект",
                    "rect": null,
                    "text_id": 289,
                    "uid": 328
                },
                {
                    "coord": null,
                    "is_working": true,
                    "name": "Текстильщики",
                    "rect": null,
                    "text_id": 188,
                    "uid": 329
                },
                {
                    "coord": null,
                    "is_working": true,
                    "name": "Кузьминки",
                    "rect": null,
                    "text_id": 290,
                    "uid": 330
                },
                {
                    "coord": null,
                    "is_working": true,
                    "name": "Рязанский проспект",
                    "rect": null,
                    "text_id": 291,
                    "uid": 331
                },
                {
                    "coord": null,
                    "is_working": true,
                    "name": "Выхино",
                    "rect": null,
                    "text_id": 292,
                    "uid": 332
                },
                {
                    "coord": null,
                    "is_working": true,
                    "name": "Лермонтовский проспект",
                    "rect": null,
                    "text_id": 293,
                    "uid": 333
                },
                {
                    "coord": null,
                    "is_working": true,
                    "name": "Жулебино",
                    "rect": null,
                    "text_id": 294,
                    "uid": 334
                },
                {
                    "coord": null,
                    "is_working": true,
                    "name": "Котельники",
                    "rect": null,
                    "text_id": 295,
                    "uid": 335
                }
            ],
            "text_id": 296
        },
        {
            "labels_bg_color": "-1",
            "labels_color": "000000",
            "line_color": "FCCC04",
            "line_width": 9,
            "name": "Калининско-Солнцевская",
            "segments": [
                [
                    336,
                    337,
                    [
                        [
                            263,
                            116
                        ],
                        [
                            263,
                            76
                        ]
                    ],
                    true
                ],
                [
                    337,
                    338,
                    [
                        [
                            263,
                            156
                        ],
                        [
                            263,
                            116
                        ]
                    ],
                    true
                ],
                [
                    338,
                    339,
                    [
                        [
                            263,
                            193
                        ],
                        [
                            263,
                            156
                        ]
                    ],
                    true
                ],
                [
                    339,
                    340,
                    [
                        [
                            263,
                            236
                        ],
                        [
                            263,
                            193
                        ]
                    ],
                    true
                ],
                [
                    340,
                    341,
                    [
                        [
                            263,
                            281
                        ],
                        [
                            263,
                            236
                        ]
                    ],
                    true
                ],
                [
                    341,
                    342,
                    [
                        [
                            263,
                            329
                        ],
                        [
                            263,
                            281
                        ]
                    ],
                    true
                ],
                [
                    342,
                    343,
                    [
                        [
                            263,
                            386
                        ],
                        [
                            263,
                            329
                        ]
                    ],
                    true
                ]
            ],
            "stations": [
                {
                    "coord": [
                        263,
                        76
                    ],
                    "is_working": true,
                    "name": "Новокосино",
                    "rect": [
                        280,
                        66,
                        100,
                        20
                    ],
                    "text_id": 297,
                    "uid": 336
                },
                {
                    "coord": [
                        263,
                        116
                    ],
                    "is_working": true,
                    "name": "Новогиреево",
                    "rect": [
                        280,
                        106,
                        100,
                        20
                    ],
                    "text_id": 298,
                    "uid": 337
                },
                {
                    "coord": [
                        263,
                        156
                    ],
                    "is_working": true,
                    "name": "Перово",
                    "rect": [
                        280,
                        147,
                        100,
                        20
                    ],
                    "text_id": 299,
                    "uid": 338
                },
                {
                    "coord": [
                        263,
                        193
                    ],
                    "is_working": true,
                    "name": "Шоссе Энтузиастов",
                    "rect": [
                        280,
                        182,
                        100,
                        20
                    ],
                    "text_id": 115,
                    "uid": 339
                },
                {
                    "coord": [
                        263,
                        236
                    ],
                    "is_working": true,
                    "name": "Авиамоторная",
                    "rect": [
                        280,
                        226,
                        100,
                        20
                    ],
                    "text_id": 142,
                    "uid": 340
                },
                {
                    "coord": [
                        263,
                        281
                    ],
                    "is_working": true,
                    "name": "Площадь Ильича",
                    "rect": [
                        280,
                        271,
                        100,
                        20
                    ],
                    "text_id": 300,
                    "uid": 341
                },
                {
                    "coord": [
                        263,
                        329
                    ],
                    "is_working": true,
                    "name": "Марксистская",
                    "rect": [
                        280,
                        319,
                        100,
                        20
                    ],
                    "text_id": 301,
                    "uid": 342
                },
                {
                    "coord": [
                        263,
                        386
                    ],
                    "is_working": true,
                    "name": "Третьяковская",
                    "rect": [
                        280,
                        376,
                        100,
                        20
                    ],
                    "text_id": 266,
                    "uid": 343
                }
            ],
            "text_id": 302
        },
        {
            "labels_bg_color": "-1",
            "labels_color": "000000",
            "line_color": "FCCC04",
            "line_width": 9,
            "name": "Солнцевская",
            "segments": [
                [
                    344,
                    345,
                    [
                        [
                            263,
                            770
                        ],
                        [
                            263,
                            720
                        ]
                    ],
                    true
                ],
                [
                    345,
                    346,
                    [
                        [
                            263,
                            810
                        ],
                        [
                            263,
                            770
                        ]
                    ],
                    true
                ],
                [
                    346,
                    347,
                    [
                        [
                            263,
                            850
                        ],
                        [
                            263,
                            810
                        ]
                    ],
                    true
                ],
                [
                    347,
                    348,
                    [
                        [
                            263,
                            890
                        ],
                        [
                            263,
                            850
                        ]
                    ],
                    true
                ],
                [
                    348,
                    349,
                    [
                        [
                            263,
                            930
                        ],
                        [
                            263,
                            890
                        ]
                    ],
                    true
                ],
                [
                    349,
                    350,
                    [
                        [
                            263,
                            970
                        ],
                        [
                            263,
                            930
                        ]
                    ],
                    true
                ],
                [
                    350,
                    351,
                    [
                        [
                            263,
                            1010
                        ],
                        [
                            263,
                            970
                        ]
                    ],
                    true
                ],
                [
                    351,
                    352,
                    [
                        [
                            263,
                            1050
                        ],
                        [
                            263,
                            1010
                        ]
                    ],
                    true
                ],
                [
                    352,
                    353,
                    [
                        [
                            263,
                            1090
                        ],
                        [
                            263,
                            1050
                        ]
                    ],
                    true
                ],
                [
                    353,
                    354,
                    [
                        [
                            263,
                            1130
                        ],
                        [
                            263,
                            1090
                        ]
                    ],
                    true
                ],
                [
                    354,
                    355,
                    [
                        [
                            263,
                            1170
                        ],
                        [
                            263,
                            1130
                        ]
                    ],
                    true
                ]
            ],
            "stations": [
                {
                    "coord": [
                        263,
                        720
                    ],
                    "is_working": true,
                    "name": "Деловой центр",
                    "rect": [
                        280,
                        710,
                        100,
                        20
                    ],
                    "text_id": 83,
                    "uid": 344
                },
                {
                    "coord": [
                        263,
                        770
                    ],
                    "is_working": true,
                    "name": "Парк Победы",
                    "rect": [
                        280,
                        760,
                        100,
                        20
                    ],
                    "text_id": 235,
                    "uid": 345
                },
                {
                    "coord": [
                        263,
                        810
                    ],
                    "is_working": true,
                    "name": "Минская",
                    "rect": [
                        280,
                        800,
                        100,
                        20
                    ],
                    "text_id": 303,
                    "uid": 346
                },
                {
                    "coord": [
                        263,
                        850
                    ],
                    "is_working": true,
                    "name": "Ломоносовский проспект",
                    "rect": [
                        280,
                        837,
                        100,
                        20
                    ],
                    "text_id": 304,
                    "uid": 347
                },
                {
                    "coord": [
                        263,
                        890
                    ],
                    "is_working": true,
                    "name": "Раменки",
                    "rect": [
                        280,
                        880,
                        100,
                        20
                    ],
                    "text_id": 305,
                    "uid": 348
                },
                {
                    "coord": [
                        263,
                        930
                    ],
                    "is_working": true,
                    "name": "Мичуринский проспект",
                    "rect": [
                        280,
                        917,
                        100,
                        20
                    ],
                    "text_id": 90,
                    "uid": 349
                },
                {
                    "coord": [
                        263,
                        970
                    ],
                    "is_working": true,
                    "name": "Озёрная",
                    "rect": [
                        280,
                        961,
                        100,
                        20
                    ],
                    "text_id": 306,
                    "uid": 350
                },
                {
                    "coord": [
                        263,
                        1010
                    ],
                    "is_working": true,
                    "name": "Говорово",
                    "rect": [
                        280,
                        1000,
                        100,
                        20
                    ],
                    "text_id": 307,
                    "uid": 351
                },
                {
                    "coord": [
                        263,
                        1050
                    ],
                    "is_working": true,
                    "name": "Солнцево",
                    "rect": [
                        280,
                        1041,
                        100,
                        20
                    ],
                    "text_id": 308,
                    "uid": 352
                },
                {
                    "coord": [
                        263,
                        1090
                    ],
                    "is_working": true,
                    "name": "Боровское шоссе",
                    "rect": [
                        280,
                        1077,
                        100,
                        20
                    ],
                    "text_id": 309,
                    "uid": 353
                },
                {
                    "coord": [
                        263,
                        1130
                    ],
                    "is_working": true,
                    "name": "Новопеределкино",
                    "rect": [
                        280,
                        1120,
                        100,
                        20
                    ],
                    "text_id": 310,
                    "uid": 354
                },
                {
                    "coord": [
                        263,
                        1170
                    ],
                    "is_working": true,
                    "name": "Рассказовка",
                    "rect": [
                        280,
                        1158,
                        100,
                        20
                    ],
                    "text_id": 311,
                    "uid": 355
                }
            ],
            "text_id": 312
        },
        {
            "labels_bg_color": "-1",
            "labels_color": "000000",
            "line_color": "84BC54",
            "line_width": 9,
            "name": "Люблинско-Дмитровская",
            "segments": [],
            "stations": [
                {
                    "coord": null,
                    "is_working": true,
                    "name": "Селигерская",
                    "rect": null,
                    "text_id": 53,
                    "uid": 51
                },
                {
                    "coord": null,
                    "is_working": true,
                    "name": "Верхние Лихоборы",
                    "rect": null,
                    "text_id": 54,
                    "uid": 52
                },
                {
                    "coord": null,
                    "is_working": true,
                    "name": "Окружная",
                    "rect": null,
                    "text_id": 55,
                    "uid": 53
                },
                {
                    "coord": null,
                    "is_working": true,
                    "name": "Петровско-Разумовская",
                    "rect": null,
                    "text_id": 31,
                    "uid": 54
                },
                {
                    "coord": null,
                    "is_working": true,
                    "name": "Фонвизинская",
                    "rect": null,
                    "text_id": 56,
                    "uid": 55
                },
                {
                    "coord": null,
                    "is_working": true,
                    "name": "Бутырская",
                    "rect": null,
                    "text_id": 57,
                    "uid": 56
                },
                {
                    "coord": null,
                    "is_working": true,
                    "name": "Марьина роща",
                    "rect": null,
                    "text_id": 58,
                    "uid": 57
                },
                {
                    "coord": null,
                    "is_working": true,
                    "name": "Достоевская",
                    "rect": null,
                    "text_id": 59,
                    "uid": 58
                },
                {
                    "coord": null,
                    "is_working": true,
                    "name": "Трубная",
                    "rect": null,
                    "text_id": 60,
                    "uid": 59
                },
                {
                    "coord": null,
                    "is_working": true,
                    "name": "Сретенский бульвар",
                    "rect": null,
                    "text_id": 61,
                    "uid": 60
                },
                {
                    "coord": null,
                    "is_working": true,
                    "name": "Чкаловская",
                    "rect": null,
                    "text_id": 62,
                    "uid": 61
                },
                {
                    "coord": [
                        241,
                        281
                    ],
                    "is_working": true,
                    "name": "Римская",
                    "rect": [
                        125,
                        272,
                        100,
                        20
                    ],
                    "text_id": 63,
                    "uid": 62
                },
                {
                    "coord": null,
                    "is_working": true,
                    "name": "Крестьянская застава",
                    "rect": null,
                    "text_id": 64,
                    "uid": 63
                },
                {
                    "coord": null,
                    "is_working": true,
                    "name": "Дубровка",
                    "rect": null,
                    "text_id": 65,
                    "uid": 64
                },
                {
                    "coord": null,
                    "is_working": true,
                    "name": "Кожуховская",
                    "rect": null,
                    "text_id": 66,
                    "uid": 65
                },
                {
                    "coord": null,
                    "is_working": true,
                    "name": "Печатники",
                    "rect": null,
                    "text_id": 67,
                    "uid": 66
                },
                {
                    "coord": null,
                    "is_working": true,
                    "name": "Волжская",
                    "rect": null,
                    "text_id": 68,
                    "uid": 67
                },
                {
                    "coord": null,
                    "is_working": true,
                    "name": "Люблино",
                    "rect": null,
                    "text_id": 69,
                    "uid": 68
                },
                {
                    "coord": null,
                    "is_working": true,
                    "name": "Братиславская",
                    "rect": null,
                    "text_id": 70,
                    "uid": 69
                },
                {
                    "coord": null,
                    "is_working": true,
                    "name": "Марьино",
                    "rect": null,
                    "text_id": 71,
                    "uid": 70
                },
                {
                    "coord": null,
                    "is_working": true,
                    "name": "Борисово",
                    "rect": null,
                    "text_id": 72,
                    "uid": 71
                },
                {
                    "coord": null,
                    "is_working": true,
                    "name": "Шипиловская",
                    "rect": null,
                    "text_id": 73,
                    "uid": 72
                },
                {
                    "coord": null,
                    "is_working": true,
                    "name": "Зябликово",
                    "rect": null,
                    "text_id": 74,
                    "uid": 73
                }
            ],
            "text_id": 75
        },
        {
            "labels_bg_color": "-1",
            "labels_color": "000000",
            "line_color": "DE7272",
            "line_width": 9,
            "name": "МЦК",
            "segments": [],
            "stations": [
                {
                    "coord": null,
                    "is_working": true,
                    "name": "Окружная",
                    "rect": null,
                    "text_id": 55,
                    "uid": 110
                },
                {
                    "coord": null,
                    "is_working": true,
                    "name": "Владыкино",
                    "rect": null,
                    "text_id": 30,
                    "uid": 111
                },
                {
                    "coord": null,
                    "is_working": true,
                    "name": "Ботанический сад",
                    "rect": null,
                    "text_id": 109,
                    "uid": 112
                },
                {
                    "coord": null,
                    "is_working": true,
                    "name": "Ростокино",
                    "rect": null,
                    "text_id": 110,
                    "uid": 113
                },
                {
                    "coord": null,
                    "is_working": true,
                    "name": "Белокаменная",
                    "rect": null,
                    "text_id": 111,
                    "uid": 114
                },
                {
                    "coord": null,
                    "is_working": true,
                    "name": "Бульвар Рокоссовского",
                    "rect": null,
                    "text_id": 0,
                    "uid": 115
                },
                {
                    "coord": null,
                    "is_working": true,
                    "name": "Локомотив",
                    "rect": null,
                    "text_id": 112,
                    "uid": 116
                },
                {
                    "coord": null,
                    "is_working": true,
                    "name": "Измайлово",
                    "rect": null,
                    "text_id": 113,
                    "uid": 117
                },
                {
                    "coord": null,
                    "is_working": true,
                    "name": "Соколиная Гора",
                    "rect": null,
                    "text_id": 114,
                    "uid": 118
                },
                {
                    "coord": [
                        241,
                        193
                    ],
                    "is_working": true,
                    "name": "Шоссе Энтузиастов",
                    "rect": [
                        125,
                        182,
                        100,
                        20
                    ],
                    "text_id": 115,
                    "uid": 119
                },
                {
                    "coord": null,
                    "is_working": true,
                    "name": "Андроновка",
                    "rect": null,
                    "text_id": 116,
                    "uid": 120
                },
                {
                    "coord": null,
                    "is_working": true,
                    "name": "Нижегородская",
                    "rect": null,
                    "text_id": 117,
                    "uid": 121
                },
                {
                    "coord": null,
                    "is_working": true,
                    "name": "Новохохловская",
                    "rect": null,
                    "text_id": 118,
                    "uid": 122
                },
                {
                    "coord": null,
                    "is_working": true,
                    "name": "Угрешская",
                    "rect": null,
                    "text_id": 119,
                    "uid": 123
                },
                {
                    "coord": null,
                    "is_working": true,
                    "name": "Дубровка",
                    "rect": null,
                    "text_id": 65,
                    "uid": 124
                },
                {
                    "coord": null,
                    "is_working": true,
                    "name": "Автозаводская",
                    "rect": null,
                    "text_id": 120,
                    "uid": 125
                },
                {
                    "coord": null,
                    "is_working": true,
                    "name": "ЗИЛ",
                    "rect": null,
                    "text_id": 121,
                    "uid": 126
                },
                {
                    "coord": null,
                    "is_working": true,
                    "name": "Верхние Котлы",
                    "rect": null,
                    "text_id": 122,
                    "uid": 127
                },
                {
                    "coord": null,
                    "is_working": true,
                    "name": "Крымская",
                    "rect": null,
                    "text_id": 123,
                    "uid": 128
                },
                {
                    "coord": null,
                    "is_working": true,
                    "name": "Площадь Гагарина",
                    "rect": null,
                    "text_id": 124,
                    "uid": 129
                },
                {
                    "coord": null,
                    "is_working": true,
                    "name": "Лужники",
                    "rect": null,
                    "text_id": 125,
                    "uid": 130
                },
                {
                    "coord": null,
                    "is_working": true,
                    "name": "Кутузовская",
                    "rect": null,
                    "text_id": 126,
                    "uid": 131
                },
                {
                    "coord": null,
                    "is_working": true,
                    "name": "Деловой центр",
                    "rect": null,
                    "text_id": 83,
                    "uid": 132
                },
                {
                    "coord": null,
                    "is_working": true,
                    "name": "Шелепиха",
                    "rect": null,
                    "text_id": 82,
                    "uid": 133
                },
                {
                    "coord": null,
                    "is_working": true,
                    "name": "Хорошёво",
                    "rect": null,
                    "text_id": 127,
                    "uid": 134
                },
                {
                    "coord": null,
                    "is_working": true,
                    "name": "Зорге",
                    "rect": null,
                    "text_id": 128,
                    "uid": 135
                },
                {
                    "coord": null,
                    "is_working": true,
                    "name": "Панфиловская",
                    "rect": null,
                    "text_id": 129,
                    "uid": 136
                },
                {
                    "coord": null,
                    "is_working": true,
                    "name": "Стрешнево",
                    "rect": null,
                    "text_id": 130,
                    "uid": 137
                },
                {
                    "coord": null,
                    "is_working": true,
                    "name": "Балтийская",
                    "rect": null,
                    "text_id": 131,
                    "uid": 138
                },
                {
                    "coord": null,
                    "is_working": true,
                    "name": "Коптево",
                    "rect": null,
                    "text_id": 132,
                    "uid": 139
                },
                {
                    "coord": null,
                    "is_working": true,
                    "name": "Лихоборы",
                    "rect": null,
                    "text_id": 133,
                    "uid": 140
                }
            ],
            "text_id": 134
        },
        {
            "labels_bg_color": "-1",
            "labels_color": "000000",
            "line_color": "DE64A1",
            "line_width": 9,
            "name": "Некрасовская",
            "segments": [],
            "stations": [
                {
                    "coord": null,
                    "is_working": true,
                    "name": "Некрасовка",
                    "rect": null,
                    "text_id": 135,
                    "uid": 141
                },
                {
                    "coord": null,
                    "is_working": true,
                    "name": "Лухмановская",
                    "rect": null,
                    "text_id": 136,
                    "uid": 142
                },
                {
                    "coord": null,
                    "is_working": true,
                    "name": "Улица Дмитриевского",
                    "rect": null,
                    "text_id": 137,
                    "uid": 143
                },
                {
                    "coord": null,
                    "is_working": true,
                    "name": "Косино",
                    "rect": null,
                    "text_id": 138,
                    "uid": 144
                },
                {
                    "coord": null,
                    "is_working": true,
                    "name": "Юго-Восточная",
                    "rect": null,
                    "text_id": 139,
                    "uid": 145
                },
                {
                    "coord": null,
                    "is_working": true,
                    "name": "Окская",
                    "rect": null,
                    "text_id": 140,
                    "uid": 146
                },
                {
                    "coord": null,
                    "is_working": true,
                    "name": "Стахановская",
                    "rect": null,
                    "text_id": 141,
                    "uid": 147
                },
                {
                    "coord": null,
                    "is_working": true,
                    "name": "Нижегородская",
                    "rect": null,
                    "text_id": 117,
                    "uid": 148
                },
                {
                    "coord": [
                        241,
                        236
                    ],
                    "is_working": true,
                    "name": "Авиамоторная",
                    "rect": [
                        125,
                        227,
                        100,
                        20
                    ],
                    "text_id": 142,
                    "uid": 149
                },
                {
                    "coord": null,
                    "is_working": true,
                    "name": "Лефортово",
                    "rect": null,
                    "text_id": 143,
                    "uid": 150
                },
                {
                    "coord": null,
                    "is_working": true,
                    "name": "Электрозаводская",
                    "rect": null,
                    "text_id": 144,
                    "uid": 151
                }
            ],
            "text_id": 145
        },
        {
            "labels_bg_color": "-1",
            "labels_color": "000000",
            "line_color": "30D5C8",
            "line_width": 9,
            "name": "БКЛ",
            "segments": [],
            "stations": [
                {
                    "coord": null,
                    "is_working": true,
                    "name": "Савеловская",
                    "rect": null,
                    "text_id": 34,
                    "uid": 77
                },
                {
                    "coord": null,
                    "is_working": true,
                    "name": "Петровский парк",
                    "rect": null,
                    "text_id": 79,
                    "uid": 78
                },
                {
                    "coord": null,
                    "is_working": true,
                    "name": "ЦСКА",
                    "rect": null,
                    "text_id": 80,
                    "uid": 79
                },
                {
                    "coord": null,
                    "is_working": true,
                    "name": "Хорошёвская",
                    "rect": null,
                    "text_id": 81,
                    "uid": 80
                },
                {
                    "coord": null,
                    "is_working": true,
                    "name": "Шелепиха",
                    "rect": null,
                    "text_id": 82,
                    "uid": 81
                },
                {
                    "coord": [
                        241,
                        732
                    ],
                    "is_working": true,
                    "name": "Деловой центр",
                    "rect": [
                        125,
                        723,
                        100,
                        20
                    ],
                    "text_id": 83,
                    "uid": 82
                },
                {
                    "coord": null,
                    "is_working": true,
                    "name": "Народное ополчение",
                    "rect": null,
                    "text_id": 84,
                    "uid": 83
                },
                {
                    "coord": null,
                    "is_working": true,
                    "name": "Мнёвники",
                    "rect": null,
                    "text_id": 85,
                    "uid": 84
                },
                {
                    "coord": null,
                    "is_working": true,
                    "name": "Терехово",
                    "rect": null,
                    "text_id": 86,
                    "uid": 85
                },
                {
                    "coord": null,
                    "is_working": true,
                    "name": "Кунцевская",
                    "rect": null,
                    "text_id": 87,
                    "uid": 86
                },
                {
                    "coord": null,
                    "is_working": true,
                    "name": "Давыдково",
                    "rect": null,
                    "text_id": 88,
                    "uid": 87
                },
                {
                    "coord": null,
                    "is_working": true,
                    "name": "Аминьевская",
                    "rect": null,
                    "text_id": 89,
                    "uid": 88
                },
                {
                    "coord": null,
                    "is_working": true,
                    "name": "Мичуринский проспект",
                    "rect": null,
                    "text_id": 90,
                    "uid": 89
                },
                {
                    "coord": null,
                    "is_working": true,
                    "name": "Проспект Вернадского",
                    "rect": null,
                    "text_id": 17,
                    "uid": 90
                },
                {
                    "coord": null,
                    "is_working": true,
                    "name": "Новаторская",
                    "rect": null,
                    "text_id": 91,
                    "uid": 91
                },
                {
                    "coord": null,
                    "is_working": true,
                    "name": "Воронцовская",
                    "rect": null,
                    "text_id": 92,
                    "uid": 92
                },
                {
                    "coord": null,
                    "is_working": true,
                    "name": "Зюзино",
                    "rect": null,
                    "text_id": 93,
                    "uid": 93
                },
                {
                    "coord": null,
                    "is_working": true,
                    "name": "Каховская",
                    "rect": null,
                    "text_id": 78,
                    "uid": 94
                },
                {
                    "coord": null,
                    "is_working": false,
                    "name": "Варшавская",
                    "rect": null,
                    "text_id": 77,
                    "uid": 95
                },
                {
                    "coord": null,
                    "is_working": false,
                    "name": "Каширская",
                    "rect": null,
                    "text_id": 76,
                    "uid": 96
                }
            ],
            "text_id": 94
        }
    ],
    "lines_width": 9,
    "name": "kalininskosolntsevskayaline",
    "name_text_id": 312,
    "stations_diameter": 16.0,
    "transfers": [
        [
            148,
            121,
            null,
            null
        ],
        [
            149,
            340,
            [
                241,
                236
            ],
            [
                263,
                236
            ]
        ],
        [
            151,
            247,
            null,
            null
        ],
        [
            86,
            256,
            null,
            null
        ],
        [
            86,
            264,
            null,
            null
        ],
        [
            89,
            349,
            null,
            [
                263,
                930
            ]
        ],
        [
            96,
            235,
            null,
            null
        ],
        [
            92,
            307,
            null,
            null
        ],
        [
            251,
            274,
            null,
            null
        ],
        [
            78,
            225,
            null,
            null
        ],
        [
            80,
            319,
            null,
            null
        ],
        [
            81,
            133,
            null,
            null
        ],
        [
            82,
            275,
            [
                241,
                732
            ],
            [
                241,
                708
            ]
        ],
        [
            226,
            286,
            null,
            null
        ],
        [
            73,
            240,
            null,
            null
        ],
        [
            235,
            96,
            null,
            null
        ],
        [
            271,
            288,
            null,
            null
        ],
        [
            288,
            253,
            null,
            null
        ],
        [
            253,
            271,
            null,
            null
        ],
        [
            325,
            299,
            null,
            null
        ],
        [
            322,
            287,
            null,
            null
        ],
        [
            256,
            264,
            null,
            null
        ],
        [
            249,
            282,
            null,
            null
        ],
        [
            282,
            61,
            null,
            null
        ],
        [
            249,
            61,
            null,
            null
        ],
        [
            131,
            269,
            null,
            null
        ],
        [
            132,
            276,
            null,
            null
        ],
        [
            138,
            222,
            null,
            null
        ],
        [
            318,
            136,
            null,
            null
        ],
        [
            292,
            112,
            null,
            null
        ],
        [
            245,
            117,
            null,
            null
        ],
        [
            339,
            119,
            [
                263,
                193
            ],
            [
                241,
                193
            ]
        ],
        [
            64,
            124,
            null,
            null
        ],
        [
            232,
            125,
            null,
            null
        ],
        [
            129,
            303,
            null,
            null
        ],
        [
            144,
            333,
            null,
            null
        ],
        [
            301,
            278,
            null,
            null
        ],
        [
            229,
            250,
            null,
            null
        ],
        [
            231,
            280,
            null,
            null
        ],
        [
            345,
            254,
            [
                263,
                770
            ],
            [
                241,
                770
            ]
        ],
        [
            341,
            62,
            [
                263,
                281
            ],
            [
                241,
                281
            ]
        ],
        [
            63,
            327,
            null,
            null
        ],
        [
            296,
            284,
            null,
            null
        ],
        [
            323,
            228,
            null,
            null
        ],
        [
            344,
            82,
            [
                263,
                720
            ],
            [
                241,
                732
            ]
        ],
        [
            344,
            275,
            [
                263,
                720
            ],
            [
                241,
                708
            ]
        ],
        [
            342,
            281,
            [
                263,
                329
            ],
            [
                241,
                316
            ]
        ],
        [
            281,
            326,
            [
                241,
                316
            ],
            [
                241,
                343
            ]
        ],
        [
            342,
            326,
            [
                263,
                329
            ],
            [
                241,
                343
            ]
        ],
        [
            343,
            300,
            [
                263,
                386
            ],
            [
                241,
                374
            ]
        ],
        [
            300,
            230,
            [
                241,
                374
            ],
            [
                241,
                400
            ]
        ],
        [
            343,
            230,
            [
                263,
                386
            ],
            [
                241,
                400
            ]
        ],
        [
            298,
            60,
            null,
            null
        ]
    ],
    "transports": [
        "metro",
        "trains",
        "trams",
        "tramsriver"
    ],
    "type_name": "Метро",
    "type_text_id": 1515,
    "upper_case": true,
    "width": 413,
    "word_wrap": true
}