{
    "default_transports": [
        "metro"
    ],
    "height": 840,
    "images": [
        "res/schemes/kaluzhskorizhskayaline.svg"
    ],
    "is_vector": true,
    "lines": [
        {
            "labels_bg_color": "-1",
            "labels_color": "000000",
            "line_color": "E41c0c",
            "line_width": 9,
            "name": "Сокольническая",
            "segments": [],
            "stations": [
                {
                    "coord": null,
                    "is_working": true,
                    "name": "Бульвар Рокоссовского",
                    "rect": null,
                    "text_id": 0,
                    "uid": 0
                },
                {
                    "coord": null,
                    "is_working": true,
                    "name": "Черкизовская",
                    "rect": null,
                    "text_id": 1,
                    "uid": 1
                },
                {
                    "coord": null,
                    "is_working": true,
                    "name": "Преображенская площадь",
                    "rect": null,
                    "text_id": 2,
                    "uid": 2
                },
                {
                    "coord": null,
                    "is_working": true,
                    "name": "Сокольники",
                    "rect": null,
                    "text_id": 3,
                    "uid": 3
                },
                {
                    "coord": null,
                    "is_working": true,
                    "name": "Красносельская",
                    "rect": null,
                    "text_id": 4,
                    "uid": 4
                },
                {
                    "coord": null,
                    "is_working": true,
                    "name": "Комсомольская",
                    "rect": null,
                    "text_id": 5,
                    "uid": 5
                },
                {
                    "coord": null,
                    "is_working": true,
                    "name": "Красные ворота",
                    "rect": null,
                    "text_id": 6,
                    "uid": 6
                },
                {
                    "coord": [
                        179,
                        289
                    ],
                    "is_working": true,
                    "name": "Чистые пруды",
                    "rect": [
                        64,
                        276,
                        100,
                        26
                    ],
                    "text_id": 7,
                    "uid": 7
                },
                {
                    "coord": null,
                    "is_working": true,
                    "name": "Лубянка",
                    "rect": null,
                    "text_id": 8,
                    "uid": 8
                },
                {
                    "coord": null,
                    "is_working": true,
                    "name": "Охотный ряд",
                    "rect": null,
                    "text_id": 9,
                    "uid": 9
                },
                {
                    "coord": null,
                    "is_working": true,
                    "name": "Библиотека имени Ленина",
                    "rect": null,
                    "text_id": 10,
                    "uid": 10
                },
                {
                    "coord": null,
                    "is_working": true,
                    "name": "Кропоткинская",
                    "rect": null,
                    "text_id": 11,
                    "uid": 11
                },
                {
                    "coord": null,
                    "is_working": true,
                    "name": "Парк культуры",
                    "rect": null,
                    "text_id": 12,
                    "uid": 12
                },
                {
                    "coord": null,
                    "is_working": true,
                    "name": "Фрунзенская",
                    "rect": null,
                    "text_id": 13,
                    "uid": 13
                },
                {
                    "coord": null,
                    "is_working": true,
                    "name": "Спортивная",
                    "rect": null,
                    "text_id": 14,
                    "uid": 14
                },
                {
                    "coord": null,
                    "is_working": true,
                    "name": "Воробьевы горы",
                    "rect": null,
                    "text_id": 15,
                    "uid": 15
                },
                {
                    "coord": null,
                    "is_working": true,
                    "name": "Университет",
                    "rect": null,
                    "text_id": 16,
                    "uid": 16
                },
                {
                    "coord": null,
                    "is_working": true,
                    "name": "Проспект Вернадского",
                    "rect": null,
                    "text_id": 17,
                    "uid": 17
                },
                {
                    "coord": null,
                    "is_working": true,
                    "name": "Юго-Западная",
                    "rect": null,
                    "text_id": 18,
                    "uid": 18
                },
                {
                    "coord": null,
                    "is_working": true,
                    "name": "Тропарёво",
                    "rect": null,
                    "text_id": 19,
                    "uid": 19
                },
                {
                    "coord": null,
                    "is_working": true,
                    "name": "Румянцево",
                    "rect": null,
                    "text_id": 20,
                    "uid": 20
                },
                {
                    "coord": null,
                    "is_working": true,
                    "name": "Саларьево",
                    "rect": null,
                    "text_id": 21,
                    "uid": 21
                },
                {
                    "coord": null,
                    "is_working": true,
                    "name": "Филатов луг",
                    "rect": null,
                    "text_id": 22,
                    "uid": 22
                },
                {
                    "coord": null,
                    "is_working": true,
                    "name": "Прокшино",
                    "rect": null,
                    "text_id": 23,
                    "uid": 23
                },
                {
                    "coord": null,
                    "is_working": true,
                    "name": "Ольховая",
                    "rect": null,
                    "text_id": 24,
                    "uid": 24
                },
                {
                    "coord": null,
                    "is_working": true,
                    "name": "Коммунарка",
                    "rect": null,
                    "text_id": 25,
                    "uid": 25
                }
            ],
            "text_id": 26
        },
        {
            "labels_bg_color": "-1",
            "labels_color": "000000",
            "line_color": "046434",
            "line_width": 9,
            "name": "Замоскворецкая",
            "segments": [],
            "stations": [
                {
                    "coord": null,
                    "is_working": true,
                    "name": "Ховрино",
                    "rect": null,
                    "text_id": 206,
                    "uid": 223
                },
                {
                    "coord": null,
                    "is_working": true,
                    "name": "Беломорская",
                    "rect": null,
                    "text_id": 207,
                    "uid": 224
                },
                {
                    "coord": null,
                    "is_working": true,
                    "name": "Речной вокзал",
                    "rect": null,
                    "text_id": 208,
                    "uid": 225
                },
                {
                    "coord": null,
                    "is_working": true,
                    "name": "Водный стадион",
                    "rect": null,
                    "text_id": 209,
                    "uid": 226
                },
                {
                    "coord": null,
                    "is_working": true,
                    "name": "Войковская",
                    "rect": null,
                    "text_id": 210,
                    "uid": 227
                },
                {
                    "coord": null,
                    "is_working": true,
                    "name": "Сокол",
                    "rect": null,
                    "text_id": 211,
                    "uid": 228
                },
                {
                    "coord": null,
                    "is_working": true,
                    "name": "Аэропорт",
                    "rect": null,
                    "text_id": 212,
                    "uid": 229
                },
                {
                    "coord": null,
                    "is_working": true,
                    "name": "Динамо",
                    "rect": null,
                    "text_id": 213,
                    "uid": 230
                },
                {
                    "coord": null,
                    "is_working": true,
                    "name": "Белорусская",
                    "rect": null,
                    "text_id": 163,
                    "uid": 231
                },
                {
                    "coord": null,
                    "is_working": true,
                    "name": "Маяковская",
                    "rect": null,
                    "text_id": 214,
                    "uid": 232
                },
                {
                    "coord": null,
                    "is_working": true,
                    "name": "Тверская",
                    "rect": null,
                    "text_id": 215,
                    "uid": 233
                },
                {
                    "coord": null,
                    "is_working": true,
                    "name": "Театральная",
                    "rect": null,
                    "text_id": 216,
                    "uid": 234
                },
                {
                    "coord": [
                        179,
                        363
                    ],
                    "is_working": true,
                    "name": "Новокузнецкая",
                    "rect": [
                        64,
                        351,
                        100,
                        20
                    ],
                    "text_id": 217,
                    "uid": 235
                },
                {
                    "coord": null,
                    "is_working": true,
                    "name": "Павелецкая",
                    "rect": null,
                    "text_id": 218,
                    "uid": 236
                },
                {
                    "coord": null,
                    "is_working": true,
                    "name": "Автозаводская",
                    "rect": null,
                    "text_id": 128,
                    "uid": 237
                },
                {
                    "coord": null,
                    "is_working": true,
                    "name": "Технопарк",
                    "rect": null,
                    "text_id": 219,
                    "uid": 238
                },
                {
                    "coord": null,
                    "is_working": true,
                    "name": "Коломенская",
                    "rect": null,
                    "text_id": 220,
                    "uid": 239
                },
                {
                    "coord": null,
                    "is_working": true,
                    "name": "Каширская",
                    "rect": null,
                    "text_id": 93,
                    "uid": 240
                },
                {
                    "coord": null,
                    "is_working": true,
                    "name": "Кантемировская",
                    "rect": null,
                    "text_id": 221,
                    "uid": 241
                },
                {
                    "coord": null,
                    "is_working": true,
                    "name": "Царицыно",
                    "rect": null,
                    "text_id": 195,
                    "uid": 242
                },
                {
                    "coord": null,
                    "is_working": true,
                    "name": "Орехово",
                    "rect": null,
                    "text_id": 222,
                    "uid": 243
                },
                {
                    "coord": null,
                    "is_working": true,
                    "name": "Домодедовская",
                    "rect": null,
                    "text_id": 223,
                    "uid": 244
                },
                {
                    "coord": null,
                    "is_working": true,
                    "name": "Красногвардейская",
                    "rect": null,
                    "text_id": 224,
                    "uid": 245
                },
                {
                    "coord": null,
                    "is_working": true,
                    "name": "Алма-Атинская",
                    "rect": null,
                    "text_id": 225,
                    "uid": 246
                }
            ],
            "text_id": 226
        },
        {
            "labels_bg_color": "-1",
            "labels_color": "000000",
            "line_color": "543C04",
            "line_width": 9,
            "name": "Кольцевая",
            "segments": [],
            "stations": [
                {
                    "coord": null,
                    "is_working": true,
                    "name": "Парк культуры",
                    "rect": null,
                    "text_id": 12,
                    "uid": 282
                },
                {
                    "coord": [
                        179,
                        392
                    ],
                    "is_working": true,
                    "name": "Октябрьская",
                    "rect": [
                        64,
                        382,
                        100,
                        20
                    ],
                    "text_id": 253,
                    "uid": 283
                },
                {
                    "coord": null,
                    "is_working": true,
                    "name": "Добрынинская",
                    "rect": null,
                    "text_id": 254,
                    "uid": 284
                },
                {
                    "coord": null,
                    "is_working": true,
                    "name": "Павелецкая",
                    "rect": null,
                    "text_id": 218,
                    "uid": 285
                },
                {
                    "coord": null,
                    "is_working": true,
                    "name": "Таганская",
                    "rect": null,
                    "text_id": 255,
                    "uid": 286
                },
                {
                    "coord": null,
                    "is_working": true,
                    "name": "Курская",
                    "rect": null,
                    "text_id": 188,
                    "uid": 287
                },
                {
                    "coord": null,
                    "is_working": true,
                    "name": "Комсомольская",
                    "rect": null,
                    "text_id": 5,
                    "uid": 288
                },
                {
                    "coord": [
                        179,
                        226
                    ],
                    "is_working": true,
                    "name": "Проспект Мира",
                    "rect": [
                        64,
                        214,
                        100,
                        29
                    ],
                    "text_id": 256,
                    "uid": 289
                },
                {
                    "coord": null,
                    "is_working": true,
                    "name": "Новослободская",
                    "rect": null,
                    "text_id": 257,
                    "uid": 290
                },
                {
                    "coord": null,
                    "is_working": true,
                    "name": "Белорусская",
                    "rect": null,
                    "text_id": 163,
                    "uid": 291
                },
                {
                    "coord": null,
                    "is_working": true,
                    "name": "Краснопресненская",
                    "rect": null,
                    "text_id": 258,
                    "uid": 292
                },
                {
                    "coord": null,
                    "is_working": true,
                    "name": "Киевская",
                    "rect": null,
                    "text_id": 236,
                    "uid": 293
                }
            ],
            "text_id": 259
        },
        {
            "labels_bg_color": "-1",
            "labels_color": "000000",
            "line_color": "FC9C54",
            "line_width": 9,
            "name": "Калужско-Рижская",
            "segments": [
                [
                    294,
                    295,
                    [
                        [
                            200,
                            79
                        ],
                        [
                            200,
                            55
                        ]
                    ],
                    true
                ],
                [
                    295,
                    296,
                    [
                        [
                            200,
                            105
                        ],
                        [
                            200,
                            79
                        ]
                    ],
                    true
                ],
                [
                    296,
                    297,
                    [
                        [
                            200,
                            131
                        ],
                        [
                            200,
                            105
                        ]
                    ],
                    true
                ],
                [
                    297,
                    298,
                    [
                        [
                            200,
                            156
                        ],
                        [
                            200,
                            131
                        ]
                    ],
                    true
                ],
                [
                    298,
                    299,
                    [
                        [
                            200,
                            179
                        ],
                        [
                            200,
                            156
                        ]
                    ],
                    true
                ],
                [
                    299,
                    300,
                    [
                        [
                            200,
                            201
                        ],
                        [
                            200,
                            179
                        ]
                    ],
                    true
                ],
                [
                    300,
                    301,
                    [
                        [
                            200,
                            226
                        ],
                        [
                            200,
                            201
                        ]
                    ],
                    true
                ],
                [
                    301,
                    302,
                    [
                        [
                            200,
                            251
                        ],
                        [
                            200,
                            226
                        ]
                    ],
                    true
                ],
                [
                    302,
                    303,
                    [
                        [
                            200,
                            276
                        ],
                        [
                            200,
                            251
                        ]
                    ],
                    true
                ],
                [
                    303,
                    304,
                    [
                        [
                            200,
                            313
                        ],
                        [
                            200,
                            276
                        ]
                    ],
                    true
                ],
                [
                    304,
                    305,
                    [
                        [
                            200,
                            351
                        ],
                        [
                            200,
                            313
                        ]
                    ],
                    true
                ],
                [
                    305,
                    306,
                    [
                        [
                            200,
                            392
                        ],
                        [
                            200,
                            351
                        ]
                    ],
                    true
                ],
                [
                    306,
                    307,
                    [
                        [
                            200,
                            426
                        ],
                        [
                            200,
                            392
                        ]
                    ],
                    true
                ],
                [
                    307,
                    308,
                    [
                        [
                            200,
                            456
                        ],
                        [
                            200,
                            426
                        ]
                    ],
                    true
                ],
                [
                    308,
                    309,
                    [
                        [
                            200,
                            482
                        ],
                        [
                            200,
                            456
                        ]
                    ],
                    true
                ],
                [
                    309,
                    310,
                    [
                        [
                            200,
                            508
                        ],
                        [
                            200,
                            482
                        ]
                    ],
                    true
                ],
                [
                    310,
                    311,
                    [
                        [
                            200,
                            536
                        ],
                        [
                            200,
                            508
                        ]
                    ],
                    true
                ],
                [
                    311,
                    312,
                    [
                        [
                            200,
                            567
                        ],
                        [
                            200,
                            536
                        ]
                    ],
                    true
                ],
                [
                    312,
                    313,
                    [
                        [
                            200,
                            592
                        ],
                        [
                            200,
                            567
                        ]
                    ],
                    true
                ],
                [
                    313,
                    314,
                    [
                        [
                            200,
                            617
                        ],
                        [
                            200,
                            592
                        ]
                    ],
                    true
                ],
                [
                    314,
                    315,
                    [
                        [
                            200,
                            640
                        ],
                        [
                            200,
                            617
                        ]
                    ],
                    true
                ],
                [
                    315,
                    316,
                    [
                        [
                            200,
                            664
                        ],
                        [
                            200,
                            640
                        ]
                    ],
                    true
                ],
                [
                    316,
                    317,
                    [
                        [
                            200,
                            690
                        ],
                        [
                            200,
                            664
                        ]
                    ],
                    true
                ]
            ],
            "stations": [
                {
                    "coord": [
                        200,
                        55
                    ],
                    "is_working": true,
                    "name": "Медведково",
                    "rect": [
                        215,
                        43,
                        100,
                        20
                    ],
                    "text_id": 260,
                    "uid": 294
                },
                {
                    "coord": [
                        200,
                        79
                    ],
                    "is_working": true,
                    "name": "Бабушкинская",
                    "rect": [
                        215,
                        69,
                        100,
                        20
                    ],
                    "text_id": 261,
                    "uid": 295
                },
                {
                    "coord": [
                        200,
                        105
                    ],
                    "is_working": true,
                    "name": "Свиблово",
                    "rect": [
                        215,
                        95,
                        100,
                        20
                    ],
                    "text_id": 262,
                    "uid": 296
                },
                {
                    "coord": [
                        200,
                        131
                    ],
                    "is_working": true,
                    "name": "Ботанический сад",
                    "rect": [
                        215,
                        120,
                        100,
                        25
                    ],
                    "text_id": 118,
                    "uid": 297
                },
                {
                    "coord": [
                        200,
                        156
                    ],
                    "is_working": true,
                    "name": "ВДНХ",
                    "rect": [
                        215,
                        146,
                        100,
                        20
                    ],
                    "text_id": 263,
                    "uid": 298
                },
                {
                    "coord": [
                        200,
                        179
                    ],
                    "is_working": true,
                    "name": "Алексеевская",
                    "rect": [
                        215,
                        170,
                        100,
                        20
                    ],
                    "text_id": 264,
                    "uid": 299
                },
                {
                    "coord": [
                        200,
                        201
                    ],
                    "is_working": true,
                    "name": "Рижская",
                    "rect": [
                        215,
                        192,
                        100,
                        20
                    ],
                    "text_id": 101,
                    "uid": 300
                },
                {
                    "coord": [
                        200,
                        226
                    ],
                    "is_working": true,
                    "name": "Проспект Мира",
                    "rect": [
                        215,
                        214,
                        100,
                        26
                    ],
                    "text_id": 256,
                    "uid": 301
                },
                {
                    "coord": [
                        200,
                        251
                    ],
                    "is_working": true,
                    "name": "Сухаревская",
                    "rect": [
                        215,
                        242,
                        100,
                        20
                    ],
                    "text_id": 265,
                    "uid": 302
                },
                {
                    "coord": [
                        200,
                        276
                    ],
                    "is_working": true,
                    "name": "Тургеневская",
                    "rect": [
                        215,
                        266,
                        100,
                        20
                    ],
                    "text_id": 266,
                    "uid": 303
                },
                {
                    "coord": [
                        200,
                        313
                    ],
                    "is_working": true,
                    "name": "Китай-город",
                    "rect": [
                        215,
                        305,
                        100,
                        20
                    ],
                    "text_id": 267,
                    "uid": 304
                },
                {
                    "coord": [
                        200,
                        351
                    ],
                    "is_working": true,
                    "name": "Третьяковская",
                    "rect": [
                        215,
                        341,
                        100,
                        20
                    ],
                    "text_id": 268,
                    "uid": 305
                },
                {
                    "coord": [
                        200,
                        392
                    ],
                    "is_working": true,
                    "name": "Октябрьская",
                    "rect": [
                        215,
                        382,
                        100,
                        20
                    ],
                    "text_id": 253,
                    "uid": 306
                },
                {
                    "coord": [
                        200,
                        426
                    ],
                    "is_working": true,
                    "name": "Шаболовская",
                    "rect": [
                        215,
                        417,
                        100,
                        20
                    ],
                    "text_id": 269,
                    "uid": 307
                },
                {
                    "coord": [
                        200,
                        456
                    ],
                    "is_working": true,
                    "name": "Ленинский проспект",
                    "rect": [
                        215,
                        445,
                        100,
                        26
                    ],
                    "text_id": 270,
                    "uid": 308
                },
                {
                    "coord": [
                        200,
                        482
                    ],
                    "is_working": true,
                    "name": "Академическая",
                    "rect": [
                        215,
                        473,
                        100,
                        20
                    ],
                    "text_id": 271,
                    "uid": 309
                },
                {
                    "coord": [
                        200,
                        508
                    ],
                    "is_working": true,
                    "name": "Профсоюзная",
                    "rect": [
                        215,
                        499,
                        100,
                        20
                    ],
                    "text_id": 272,
                    "uid": 310
                },
                {
                    "coord": [
                        200,
                        536
                    ],
                    "is_working": true,
                    "name": "Новые Черемушки",
                    "rect": [
                        215,
                        525,
                        100,
                        27
                    ],
                    "text_id": 273,
                    "uid": 311
                },
                {
                    "coord": [
                        200,
                        567
                    ],
                    "is_working": true,
                    "name": "Калужская",
                    "rect": [
                        215,
                        557,
                        100,
                        20
                    ],
                    "text_id": 274,
                    "uid": 312
                },
                {
                    "coord": [
                        200,
                        592
                    ],
                    "is_working": true,
                    "name": "Беляево",
                    "rect": [
                        215,
                        583,
                        100,
                        20
                    ],
                    "text_id": 275,
                    "uid": 313
                },
                {
                    "coord": [
                        200,
                        617
                    ],
                    "is_working": true,
                    "name": "Коньково",
                    "rect": [
                        215,
                        606,
                        100,
                        20
                    ],
                    "text_id": 276,
                    "uid": 314
                },
                {
                    "coord": [
                        200,
                        640
                    ],
                    "is_working": true,
                    "name": "Теплый Стан",
                    "rect": [
                        215,
                        628,
                        100,
                        25
                    ],
                    "text_id": 277,
                    "uid": 315
                },
                {
                    "coord": [
                        200,
                        664
                    ],
                    "is_working": true,
                    "name": "Ясенево",
                    "rect": [
                        215,
                        655,
                        100,
                        20
                    ],
                    "text_id": 278,
                    "uid": 316
                },
                {
                    "coord": [
                        200,
                        690
                    ],
                    "is_working": true,
                    "name": "Новоясеневская",
                    "rect": [
                        215,
                        680,
                        100,
                        25
                    ],
                    "text_id": 279,
                    "uid": 317
                }
            ],
            "text_id": 280
        },
        {
            "labels_bg_color": "-1",
            "labels_color": "000000",
            "line_color": "AC24AC",
            "line_width": 9,
            "name": "Таганско-Краснопресненская",
            "segments": [],
            "stations": [
                {
                    "coord": null,
                    "is_working": true,
                    "name": "Планерная",
                    "rect": null,
                    "text_id": 281,
                    "uid": 318
                },
                {
                    "coord": null,
                    "is_working": true,
                    "name": "Сходненская",
                    "rect": null,
                    "text_id": 282,
                    "uid": 319
                },
                {
                    "coord": null,
                    "is_working": true,
                    "name": "Тушинская",
                    "rect": null,
                    "text_id": 183,
                    "uid": 320
                },
                {
                    "coord": null,
                    "is_working": true,
                    "name": "Спартак",
                    "rect": null,
                    "text_id": 283,
                    "uid": 321
                },
                {
                    "coord": null,
                    "is_working": true,
                    "name": "Щукинская",
                    "rect": null,
                    "text_id": 184,
                    "uid": 322
                },
                {
                    "coord": null,
                    "is_working": true,
                    "name": "Октябрьское поле",
                    "rect": null,
                    "text_id": 284,
                    "uid": 323
                },
                {
                    "coord": null,
                    "is_working": true,
                    "name": "Полежаевская",
                    "rect": null,
                    "text_id": 285,
                    "uid": 324
                },
                {
                    "coord": null,
                    "is_working": true,
                    "name": "Беговая",
                    "rect": null,
                    "text_id": 164,
                    "uid": 325
                },
                {
                    "coord": null,
                    "is_working": true,
                    "name": "Улица 1905 года",
                    "rect": null,
                    "text_id": 286,
                    "uid": 326
                },
                {
                    "coord": null,
                    "is_working": true,
                    "name": "Баррикадная",
                    "rect": null,
                    "text_id": 287,
                    "uid": 327
                },
                {
                    "coord": null,
                    "is_working": true,
                    "name": "Пушкинская",
                    "rect": null,
                    "text_id": 288,
                    "uid": 328
                },
                {
                    "coord": null,
                    "is_working": true,
                    "name": "Кузнецкий мост",
                    "rect": null,
                    "text_id": 289,
                    "uid": 329
                },
                {
                    "coord": [
                        179,
                        313
                    ],
                    "is_working": true,
                    "name": "Китай-город",
                    "rect": [
                        64,
                        303,
                        100,
                        20
                    ],
                    "text_id": 267,
                    "uid": 330
                },
                {
                    "coord": null,
                    "is_working": true,
                    "name": "Таганская",
                    "rect": null,
                    "text_id": 255,
                    "uid": 331
                },
                {
                    "coord": null,
                    "is_working": true,
                    "name": "Пролетарская",
                    "rect": null,
                    "text_id": 290,
                    "uid": 332
                },
                {
                    "coord": null,
                    "is_working": true,
                    "name": "Волгоградский проспект",
                    "rect": null,
                    "text_id": 291,
                    "uid": 333
                },
                {
                    "coord": null,
                    "is_working": true,
                    "name": "Текстильщики",
                    "rect": null,
                    "text_id": 96,
                    "uid": 334
                },
                {
                    "coord": null,
                    "is_working": true,
                    "name": "Кузьминки",
                    "rect": null,
                    "text_id": 292,
                    "uid": 335
                },
                {
                    "coord": null,
                    "is_working": true,
                    "name": "Рязанский проспект",
                    "rect": null,
                    "text_id": 293,
                    "uid": 336
                },
                {
                    "coord": null,
                    "is_working": true,
                    "name": "Выхино",
                    "rect": null,
                    "text_id": 294,
                    "uid": 337
                },
                {
                    "coord": null,
                    "is_working": true,
                    "name": "Лермонтовский проспект",
                    "rect": null,
                    "text_id": 295,
                    "uid": 338
                },
                {
                    "coord": null,
                    "is_working": true,
                    "name": "Жулебино",
                    "rect": null,
                    "text_id": 296,
                    "uid": 339
                },
                {
                    "coord": null,
                    "is_working": true,
                    "name": "Котельники",
                    "rect": null,
                    "text_id": 297,
                    "uid": 340
                }
            ],
            "text_id": 298
        },
        {
            "labels_bg_color": "-1",
            "labels_color": "000000",
            "line_color": "FCCC04",
            "line_width": 9,
            "name": "Калининско-Солнцевская",
            "segments": [],
            "stations": [
                {
                    "coord": null,
                    "is_working": true,
                    "name": "Новокосино",
                    "rect": null,
                    "text_id": 299,
                    "uid": 341
                },
                {
                    "coord": null,
                    "is_working": true,
                    "name": "Новогиреево",
                    "rect": null,
                    "text_id": 300,
                    "uid": 342
                },
                {
                    "coord": null,
                    "is_working": true,
                    "name": "Перово",
                    "rect": null,
                    "text_id": 301,
                    "uid": 343
                },
                {
                    "coord": null,
                    "is_working": true,
                    "name": "Шоссе Энтузиастов",
                    "rect": null,
                    "text_id": 124,
                    "uid": 344
                },
                {
                    "coord": null,
                    "is_working": true,
                    "name": "Авиамоторная",
                    "rect": null,
                    "text_id": 98,
                    "uid": 345
                },
                {
                    "coord": null,
                    "is_working": true,
                    "name": "Площадь Ильича",
                    "rect": null,
                    "text_id": 302,
                    "uid": 346
                },
                {
                    "coord": null,
                    "is_working": true,
                    "name": "Марксистская",
                    "rect": null,
                    "text_id": 303,
                    "uid": 347
                },
                {
                    "coord": [
                        179,
                        338
                    ],
                    "is_working": true,
                    "name": "Третьяковская",
                    "rect": [
                        64,
                        328,
                        100,
                        20
                    ],
                    "text_id": 268,
                    "uid": 348
                }
            ],
            "text_id": 304
        },
        {
            "labels_bg_color": "-1",
            "labels_color": "000000",
            "line_color": "84BC54",
            "line_width": 9,
            "name": "Люблинско-Дмитровская",
            "segments": [],
            "stations": [
                {
                    "coord": null,
                    "is_working": true,
                    "name": "Селигерская",
                    "rect": null,
                    "text_id": 53,
                    "uid": 51
                },
                {
                    "coord": null,
                    "is_working": true,
                    "name": "Верхние Лихоборы",
                    "rect": null,
                    "text_id": 54,
                    "uid": 52
                },
                {
                    "coord": null,
                    "is_working": true,
                    "name": "Окружная",
                    "rect": null,
                    "text_id": 55,
                    "uid": 53
                },
                {
                    "coord": null,
                    "is_working": true,
                    "name": "Петровско-Разумовская",
                    "rect": null,
                    "text_id": 31,
                    "uid": 54
                },
                {
                    "coord": null,
                    "is_working": true,
                    "name": "Фонвизинская",
                    "rect": null,
                    "text_id": 56,
                    "uid": 55
                },
                {
                    "coord": null,
                    "is_working": true,
                    "name": "Бутырская",
                    "rect": null,
                    "text_id": 57,
                    "uid": 56
                },
                {
                    "coord": null,
                    "is_working": true,
                    "name": "Марьина роща",
                    "rect": null,
                    "text_id": 58,
                    "uid": 57
                },
                {
                    "coord": null,
                    "is_working": true,
                    "name": "Достоевская",
                    "rect": null,
                    "text_id": 59,
                    "uid": 58
                },
                {
                    "coord": null,
                    "is_working": true,
                    "name": "Трубная",
                    "rect": null,
                    "text_id": 60,
                    "uid": 59
                },
                {
                    "coord": [
                        179,
                        265
                    ],
                    "is_working": true,
                    "name": "Сретенский бульвар",
                    "rect": [
                        64,
                        249,
                        100,
                        27
                    ],
                    "text_id": 61,
                    "uid": 60
                },
                {
                    "coord": null,
                    "is_working": true,
                    "name": "Чкаловская",
                    "rect": null,
                    "text_id": 62,
                    "uid": 61
                },
                {
                    "coord": null,
                    "is_working": true,
                    "name": "Римская",
                    "rect": null,
                    "text_id": 63,
                    "uid": 62
                },
                {
                    "coord": null,
                    "is_working": true,
                    "name": "Крестьянская застава",
                    "rect": null,
                    "text_id": 64,
                    "uid": 63
                },
                {
                    "coord": null,
                    "is_working": true,
                    "name": "Дубровка",
                    "rect": null,
                    "text_id": 65,
                    "uid": 64
                },
                {
                    "coord": null,
                    "is_working": true,
                    "name": "Кожуховская",
                    "rect": null,
                    "text_id": 66,
                    "uid": 65
                },
                {
                    "coord": null,
                    "is_working": true,
                    "name": "Печатники",
                    "rect": null,
                    "text_id": 67,
                    "uid": 66
                },
                {
                    "coord": null,
                    "is_working": true,
                    "name": "Волжская",
                    "rect": null,
                    "text_id": 68,
                    "uid": 67
                },
                {
                    "coord": null,
                    "is_working": true,
                    "name": "Люблино",
                    "rect": null,
                    "text_id": 69,
                    "uid": 68
                },
                {
                    "coord": null,
                    "is_working": true,
                    "name": "Братиславская",
                    "rect": null,
                    "text_id": 70,
                    "uid": 69
                },
                {
                    "coord": null,
                    "is_working": true,
                    "name": "Марьино",
                    "rect": null,
                    "text_id": 71,
                    "uid": 70
                },
                {
                    "coord": null,
                    "is_working": true,
                    "name": "Борисово",
                    "rect": null,
                    "text_id": 72,
                    "uid": 71
                },
                {
                    "coord": null,
                    "is_working": true,
                    "name": "Шипиловская",
                    "rect": null,
                    "text_id": 73,
                    "uid": 72
                },
                {
                    "coord": null,
                    "is_working": true,
                    "name": "Зябликово",
                    "rect": null,
                    "text_id": 74,
                    "uid": 73
                }
            ],
            "text_id": 75
        },
        {
            "labels_bg_color": "-1",
            "labels_color": "000000",
            "line_color": "8CBCFC",
            "line_width": 9,
            "name": "Бутовская",
            "segments": [],
            "stations": [
                {
                    "coord": [
                        181,
                        690
                    ],
                    "is_working": true,
                    "name": "Битцевский парк",
                    "rect": [
                        83,
                        680,
                        81,
                        27
                    ],
                    "text_id": 104,
                    "uid": 105
                },
                {
                    "coord": null,
                    "is_working": true,
                    "name": "Лесопарковая",
                    "rect": null,
                    "text_id": 105,
                    "uid": 106
                },
                {
                    "coord": null,
                    "is_working": true,
                    "name": "Улица Старокачаловская",
                    "rect": null,
                    "text_id": 106,
                    "uid": 107
                },
                {
                    "coord": null,
                    "is_working": true,
                    "name": "Улица Скобелевская",
                    "rect": null,
                    "text_id": 107,
                    "uid": 108
                },
                {
                    "coord": null,
                    "is_working": true,
                    "name": "Бульвар Адмирала Ушакова",
                    "rect": null,
                    "text_id": 108,
                    "uid": 109
                },
                {
                    "coord": null,
                    "is_working": true,
                    "name": "Улица Горчакова",
                    "rect": null,
                    "text_id": 109,
                    "uid": 110
                },
                {
                    "coord": null,
                    "is_working": true,
                    "name": "Бунинская аллея",
                    "rect": null,
                    "text_id": 110,
                    "uid": 111
                }
            ],
            "text_id": 111
        },
        {
            "labels_bg_color": "-1",
            "labels_color": "000000",
            "line_color": "84ACBC",
            "line_width": 9,
            "name": "Монорельс",
            "segments": [],
            "stations": [
                {
                    "coord": null,
                    "is_working": true,
                    "name": "Тимирязевская",
                    "rect": null,
                    "text_id": 32,
                    "uid": 112
                },
                {
                    "coord": null,
                    "is_working": true,
                    "name": "Улица Милашенкова",
                    "rect": null,
                    "text_id": 112,
                    "uid": 113
                },
                {
                    "coord": null,
                    "is_working": true,
                    "name": "Телецентр",
                    "rect": null,
                    "text_id": 113,
                    "uid": 114
                },
                {
                    "coord": null,
                    "is_working": true,
                    "name": "Улица академика Королева",
                    "rect": null,
                    "text_id": 114,
                    "uid": 115
                },
                {
                    "coord": [
                        179,
                        156
                    ],
                    "is_working": true,
                    "name": "Выставочный центр",
                    "rect": [
                        64,
                        146,
                        100,
                        25
                    ],
                    "text_id": 115,
                    "uid": 116
                },
                {
                    "coord": null,
                    "is_working": true,
                    "name": "Улица Сергея Эйзенштейна",
                    "rect": null,
                    "text_id": 116,
                    "uid": 117
                }
            ],
            "text_id": 117
        },
        {
            "labels_bg_color": "-1",
            "labels_color": "000000",
            "line_color": "DE7272",
            "line_width": 9,
            "name": "МЦК",
            "segments": [],
            "stations": [
                {
                    "coord": null,
                    "is_working": true,
                    "name": "Окружная",
                    "rect": null,
                    "text_id": 55,
                    "uid": 118
                },
                {
                    "coord": null,
                    "is_working": true,
                    "name": "Владыкино",
                    "rect": null,
                    "text_id": 30,
                    "uid": 119
                },
                {
                    "coord": [
                        179,
                        131
                    ],
                    "is_working": true,
                    "name": "Ботанический сад",
                    "rect": [
                        64,
                        120,
                        100,
                        20
                    ],
                    "text_id": 118,
                    "uid": 120
                },
                {
                    "coord": null,
                    "is_working": true,
                    "name": "Ростокино",
                    "rect": null,
                    "text_id": 119,
                    "uid": 121
                },
                {
                    "coord": null,
                    "is_working": true,
                    "name": "Белокаменная",
                    "rect": null,
                    "text_id": 120,
                    "uid": 122
                },
                {
                    "coord": null,
                    "is_working": true,
                    "name": "Бульвар Рокоссовского",
                    "rect": null,
                    "text_id": 0,
                    "uid": 123
                },
                {
                    "coord": null,
                    "is_working": true,
                    "name": "Локомотив",
                    "rect": null,
                    "text_id": 121,
                    "uid": 124
                },
                {
                    "coord": null,
                    "is_working": true,
                    "name": "Измайлово",
                    "rect": null,
                    "text_id": 122,
                    "uid": 125
                },
                {
                    "coord": null,
                    "is_working": true,
                    "name": "Соколиная Гора",
                    "rect": null,
                    "text_id": 123,
                    "uid": 126
                },
                {
                    "coord": null,
                    "is_working": true,
                    "name": "Шоссе Энтузиастов",
                    "rect": null,
                    "text_id": 124,
                    "uid": 127
                },
                {
                    "coord": null,
                    "is_working": true,
                    "name": "Андроновка",
                    "rect": null,
                    "text_id": 125,
                    "uid": 128
                },
                {
                    "coord": null,
                    "is_working": true,
                    "name": "Нижегородская",
                    "rect": null,
                    "text_id": 97,
                    "uid": 129
                },
                {
                    "coord": null,
                    "is_working": true,
                    "name": "Новохохловская",
                    "rect": null,
                    "text_id": 126,
                    "uid": 130
                },
                {
                    "coord": null,
                    "is_working": true,
                    "name": "Угрешская",
                    "rect": null,
                    "text_id": 127,
                    "uid": 131
                },
                {
                    "coord": null,
                    "is_working": true,
                    "name": "Дубровка",
                    "rect": null,
                    "text_id": 65,
                    "uid": 132
                },
                {
                    "coord": null,
                    "is_working": true,
                    "name": "Автозаводская",
                    "rect": null,
                    "text_id": 128,
                    "uid": 133
                },
                {
                    "coord": null,
                    "is_working": true,
                    "name": "ЗИЛ",
                    "rect": null,
                    "text_id": 129,
                    "uid": 134
                },
                {
                    "coord": null,
                    "is_working": true,
                    "name": "Верхние Котлы",
                    "rect": null,
                    "text_id": 130,
                    "uid": 135
                },
                {
                    "coord": null,
                    "is_working": true,
                    "name": "Крымская",
                    "rect": null,
                    "text_id": 131,
                    "uid": 136
                },
                {
                    "coord": [
                        179,
                        456
                    ],
                    "is_working": true,
                    "name": "Площадь Гагарина",
                    "rect": [
                        64,
                        445,
                        100,
                        20
                    ],
                    "text_id": 132,
                    "uid": 137
                },
                {
                    "coord": null,
                    "is_working": true,
                    "name": "Лужники",
                    "rect": null,
                    "text_id": 133,
                    "uid": 138
                },
                {
                    "coord": null,
                    "is_working": true,
                    "name": "Кутузовская",
                    "rect": null,
                    "text_id": 134,
                    "uid": 139
                },
                {
                    "coord": null,
                    "is_working": true,
                    "name": "Деловой центр",
                    "rect": null,
                    "text_id": 80,
                    "uid": 140
                },
                {
                    "coord": null,
                    "is_working": true,
                    "name": "Шелепиха",
                    "rect": null,
                    "text_id": 79,
                    "uid": 141
                },
                {
                    "coord": null,
                    "is_working": true,
                    "name": "Хорошёво",
                    "rect": null,
                    "text_id": 135,
                    "uid": 142
                },
                {
                    "coord": null,
                    "is_working": true,
                    "name": "Зорге",
                    "rect": null,
                    "text_id": 136,
                    "uid": 143
                },
                {
                    "coord": null,
                    "is_working": true,
                    "name": "Панфиловская",
                    "rect": null,
                    "text_id": 137,
                    "uid": 144
                },
                {
                    "coord": null,
                    "is_working": true,
                    "name": "Стрешнево",
                    "rect": null,
                    "text_id": 138,
                    "uid": 145
                },
                {
                    "coord": null,
                    "is_working": true,
                    "name": "Балтийская",
                    "rect": null,
                    "text_id": 139,
                    "uid": 146
                },
                {
                    "coord": null,
                    "is_working": true,
                    "name": "Коптево",
                    "rect": null,
                    "text_id": 140,
                    "uid": 147
                },
                {
                    "coord": null,
                    "is_working": true,
                    "name": "Лихоборы",
                    "rect": null,
                    "text_id": 141,
                    "uid": 148
                }
            ],
            "text_id": 142
        }
    ],
    "lines_width": 9,
    "name": "kaluzhskorizhskayaline",
    "name_text_id": 280,
    "stations_diameter": 16.0,
    "transfers": [
        [
            231,
            291,
            null,
            null
        ],
        [
            105,
            317,
            [
                181,
                690
            ],
            [
                200,
                690
            ]
        ],
        [
            73,
            245,
            null,
            null
        ],
        [
            330,
            304,
            [
                179,
                313
            ],
            [
                200,
                313
            ]
        ],
        [
            5,
            288,
            null,
            null
        ],
        [
            327,
            292,
            null,
            null
        ],
        [
            329,
            8,
            null,
            null
        ],
        [
            287,
            61,
            null,
            null
        ],
        [
            146,
            227,
            null,
            null
        ],
        [
            0,
            123,
            null,
            null
        ],
        [
            323,
            144,
            null,
            null
        ],
        [
            297,
            120,
            [
                200,
                131
            ],
            [
                179,
                131
            ]
        ],
        [
            1,
            124,
            null,
            null
        ],
        [
            344,
            127,
            null,
            null
        ],
        [
            64,
            132,
            null,
            null
        ],
        [
            237,
            133,
            null,
            null
        ],
        [
            137,
            308,
            [
                179,
                456
            ],
            [
                200,
                456
            ]
        ],
        [
            138,
            14,
            null,
            null
        ],
        [
            306,
            283,
            [
                200,
                392
            ],
            [
                179,
                392
            ]
        ],
        [
            9,
            234,
            null,
            null
        ],
        [
            236,
            285,
            null,
            null
        ],
        [
            12,
            282,
            null,
            null
        ],
        [
            346,
            62,
            null,
            null
        ],
        [
            63,
            332,
            null,
            null
        ],
        [
            301,
            289,
            [
                200,
                226
            ],
            [
                179,
                226
            ]
        ],
        [
            328,
            233,
            null,
            null
        ],
        [
            347,
            286,
            null,
            null
        ],
        [
            286,
            331,
            null,
            null
        ],
        [
            347,
            331,
            null,
            null
        ],
        [
            348,
            305,
            [
                179,
                338
            ],
            [
                200,
                351
            ]
        ],
        [
            305,
            235,
            [
                200,
                351
            ],
            [
                179,
                363
            ]
        ],
        [
            348,
            235,
            [
                179,
                338
            ],
            [
                179,
                363
            ]
        ],
        [
            303,
            7,
            [
                200,
                276
            ],
            [
                179,
                289
            ]
        ],
        [
            303,
            60,
            [
                200,
                276
            ],
            [
                179,
                265
            ]
        ],
        [
            7,
            60,
            [
                179,
                289
            ],
            [
                179,
                265
            ]
        ]
    ],
    "transports": [
        "metro",
        "trains",
        "trams",
        "tramsriver"
    ],
    "type_name": "Метро",
    "type_text_id": 1517,
    "upper_case": true,
    "width": 350,
    "word_wrap": true
}