{
    "default_transports": [
        "trains"
    ],
    "height": 920,
    "images": [
        "res/schemes/lening-bologoezhd.svg"
    ],
    "is_vector": true,
    "lines": [
        {
            "labels_bg_color": "-1",
            "labels_color": "000000",
            "line_color": "FBCD24",
            "line_width": 6,
            "name": "Ленинградская",
            "segments": [
                [
                    824,
                    825,
                    [
                        [
                            750,
                            750
                        ],
                        [
                            770,
                            770
                        ]
                    ],
                    true
                ],
                [
                    825,
                    826,
                    [
                        [
                            730,
                            730
                        ],
                        [
                            750,
                            750
                        ]
                    ],
                    true
                ],
                [
                    826,
                    827,
                    [
                        [
                            710,
                            710
                        ],
                        [
                            730,
                            730
                        ]
                    ],
                    true
                ],
                [
                    827,
                    828,
                    [
                        [
                            690,
                            690
                        ],
                        [
                            710,
                            710
                        ]
                    ],
                    true
                ],
                [
                    828,
                    829,
                    [
                        [
                            670,
                            670
                        ],
                        [
                            690,
                            690
                        ]
                    ],
                    true
                ],
                [
                    829,
                    830,
                    [
                        [
                            650,
                            650
                        ],
                        [
                            670,
                            670
                        ]
                    ],
                    true
                ],
                [
                    830,
                    831,
                    [
                        [
                            630,
                            630
                        ],
                        [
                            650,
                            650
                        ]
                    ],
                    true
                ],
                [
                    831,
                    832,
                    [
                        [
                            610,
                            610
                        ],
                        [
                            630,
                            630
                        ]
                    ],
                    true
                ],
                [
                    832,
                    833,
                    [
                        [
                            590,
                            590
                        ],
                        [
                            610,
                            610
                        ]
                    ],
                    true
                ],
                [
                    833,
                    834,
                    [
                        [
                            570,
                            570
                        ],
                        [
                            590,
                            590
                        ]
                    ],
                    true
                ],
                [
                    834,
                    835,
                    [
                        [
                            550,
                            550
                        ],
                        [
                            570,
                            570
                        ]
                    ],
                    true
                ],
                [
                    835,
                    836,
                    [
                        [
                            530,
                            530
                        ],
                        [
                            550,
                            550
                        ]
                    ],
                    true
                ],
                [
                    836,
                    837,
                    [
                        [
                            510,
                            510
                        ],
                        [
                            530,
                            530
                        ]
                    ],
                    true
                ],
                [
                    837,
                    838,
                    [
                        [
                            490,
                            490
                        ],
                        [
                            510,
                            510
                        ]
                    ],
                    true
                ],
                [
                    838,
                    839,
                    [
                        [
                            470,
                            470
                        ],
                        [
                            490,
                            490
                        ]
                    ],
                    true
                ],
                [
                    839,
                    840,
                    [
                        [
                            450,
                            450
                        ],
                        [
                            470,
                            470
                        ]
                    ],
                    true
                ],
                [
                    840,
                    841,
                    [
                        [
                            430,
                            430
                        ],
                        [
                            450,
                            450
                        ]
                    ],
                    true
                ],
                [
                    841,
                    842,
                    [
                        [
                            410,
                            410
                        ],
                        [
                            430,
                            430
                        ]
                    ],
                    true
                ],
                [
                    842,
                    843,
                    [
                        [
                            390,
                            390
                        ],
                        [
                            410,
                            410
                        ]
                    ],
                    true
                ],
                [
                    843,
                    844,
                    [
                        [
                            370,
                            370
                        ],
                        [
                            390,
                            390
                        ]
                    ],
                    true
                ],
                [
                    844,
                    845,
                    [
                        [
                            350,
                            350
                        ],
                        [
                            370,
                            370
                        ]
                    ],
                    true
                ],
                [
                    845,
                    846,
                    [
                        [
                            330,
                            330
                        ],
                        [
                            350,
                            350
                        ]
                    ],
                    true
                ],
                [
                    846,
                    847,
                    [
                        [
                            310,
                            310
                        ],
                        [
                            330,
                            330
                        ]
                    ],
                    true
                ],
                [
                    847,
                    848,
                    [
                        [
                            290,
                            290
                        ],
                        [
                            310,
                            310
                        ]
                    ],
                    true
                ],
                [
                    848,
                    849,
                    [
                        [
                            270,
                            270
                        ],
                        [
                            290,
                            290
                        ]
                    ],
                    true
                ],
                [
                    849,
                    850,
                    [
                        [
                            250,
                            250
                        ],
                        [
                            270,
                            270
                        ]
                    ],
                    true
                ],
                [
                    850,
                    851,
                    [
                        [
                            230,
                            230
                        ],
                        [
                            250,
                            250
                        ]
                    ],
                    true
                ],
                [
                    851,
                    852,
                    [
                        [
                            210,
                            210
                        ],
                        [
                            230,
                            230
                        ]
                    ],
                    true
                ],
                [
                    852,
                    853,
                    [
                        [
                            190,
                            190
                        ],
                        [
                            210,
                            210
                        ]
                    ],
                    true
                ],
                [
                    853,
                    854,
                    [
                        [
                            170,
                            170
                        ],
                        [
                            190,
                            190
                        ]
                    ],
                    true
                ],
                [
                    854,
                    855,
                    [
                        [
                            150,
                            150
                        ],
                        [
                            170,
                            170
                        ]
                    ],
                    true
                ],
                [
                    855,
                    856,
                    [
                        [
                            130,
                            130
                        ],
                        [
                            150,
                            150
                        ]
                    ],
                    true
                ],
                [
                    856,
                    857,
                    [
                        [
                            110,
                            110
                        ],
                        [
                            130,
                            130
                        ]
                    ],
                    true
                ],
                [
                    857,
                    858,
                    [
                        [
                            90,
                            90
                        ],
                        [
                            110,
                            110
                        ]
                    ],
                    true
                ],
                [
                    858,
                    859,
                    [
                        [
                            70,
                            70
                        ],
                        [
                            90,
                            90
                        ]
                    ],
                    true
                ],
                [
                    859,
                    860,
                    [
                        [
                            50,
                            50
                        ],
                        [
                            70,
                            70
                        ]
                    ],
                    true
                ],
                [
                    860,
                    861,
                    [
                        [
                            30,
                            30
                        ],
                        [
                            50,
                            50
                        ]
                    ],
                    true
                ]
            ],
            "stations": [
                {
                    "coord": null,
                    "is_working": true,
                    "name": "Москва Ленинградская",
                    "rect": null,
                    "text_id": 664,
                    "uid": 786
                },
                {
                    "coord": null,
                    "is_working": true,
                    "name": "Рижская",
                    "rect": null,
                    "text_id": 103,
                    "uid": 787
                },
                {
                    "coord": null,
                    "is_working": true,
                    "name": "Останкино",
                    "rect": null,
                    "text_id": 255,
                    "uid": 788
                },
                {
                    "coord": null,
                    "is_working": true,
                    "name": "Петровско-Разумовское",
                    "rect": null,
                    "text_id": 665,
                    "uid": 789
                },
                {
                    "coord": null,
                    "is_working": true,
                    "name": "НАТИ",
                    "rect": null,
                    "text_id": 666,
                    "uid": 790
                },
                {
                    "coord": null,
                    "is_working": true,
                    "name": "Моссельмаш",
                    "rect": null,
                    "text_id": 253,
                    "uid": 791
                },
                {
                    "coord": null,
                    "is_working": true,
                    "name": "Ховрино",
                    "rect": null,
                    "text_id": 222,
                    "uid": 792
                },
                {
                    "coord": null,
                    "is_working": true,
                    "name": "Левобережная",
                    "rect": null,
                    "text_id": 251,
                    "uid": 793
                },
                {
                    "coord": null,
                    "is_working": true,
                    "name": "Химки",
                    "rect": null,
                    "text_id": 250,
                    "uid": 794
                },
                {
                    "coord": null,
                    "is_working": true,
                    "name": "Планерная",
                    "rect": null,
                    "text_id": 361,
                    "uid": 795
                },
                {
                    "coord": null,
                    "is_working": true,
                    "name": "Ново-Подрезково",
                    "rect": null,
                    "text_id": 667,
                    "uid": 796
                },
                {
                    "coord": null,
                    "is_working": true,
                    "name": "Подрезково",
                    "rect": null,
                    "text_id": 247,
                    "uid": 797
                },
                {
                    "coord": null,
                    "is_working": true,
                    "name": "Сходня",
                    "rect": null,
                    "text_id": 246,
                    "uid": 798
                },
                {
                    "coord": null,
                    "is_working": true,
                    "name": "Фирсановка",
                    "rect": null,
                    "text_id": 668,
                    "uid": 799
                },
                {
                    "coord": null,
                    "is_working": true,
                    "name": "Малино",
                    "rect": null,
                    "text_id": 244,
                    "uid": 800
                },
                {
                    "coord": null,
                    "is_working": true,
                    "name": "Крюково",
                    "rect": null,
                    "text_id": 669,
                    "uid": 801
                },
                {
                    "coord": null,
                    "is_working": true,
                    "name": "Алабушево",
                    "rect": null,
                    "text_id": 670,
                    "uid": 802
                },
                {
                    "coord": null,
                    "is_working": true,
                    "name": "Радищево",
                    "rect": null,
                    "text_id": 671,
                    "uid": 803
                },
                {
                    "coord": null,
                    "is_working": true,
                    "name": "Поваровка",
                    "rect": null,
                    "text_id": 672,
                    "uid": 804
                },
                {
                    "coord": null,
                    "is_working": true,
                    "name": "Поварово-1",
                    "rect": null,
                    "text_id": 673,
                    "uid": 805
                },
                {
                    "coord": null,
                    "is_working": true,
                    "name": "Берёзки Дачные",
                    "rect": null,
                    "text_id": 674,
                    "uid": 806
                },
                {
                    "coord": null,
                    "is_working": true,
                    "name": "Подсолнечная",
                    "rect": null,
                    "text_id": 675,
                    "uid": 807
                },
                {
                    "coord": null,
                    "is_working": true,
                    "name": "Сенеж",
                    "rect": null,
                    "text_id": 676,
                    "uid": 808
                },
                {
                    "coord": null,
                    "is_working": true,
                    "name": "Головково",
                    "rect": null,
                    "text_id": 677,
                    "uid": 809
                },
                {
                    "coord": null,
                    "is_working": true,
                    "name": "Покровка",
                    "rect": null,
                    "text_id": 678,
                    "uid": 810
                },
                {
                    "coord": null,
                    "is_working": true,
                    "name": "Фроловское",
                    "rect": null,
                    "text_id": 679,
                    "uid": 811
                },
                {
                    "coord": null,
                    "is_working": true,
                    "name": "Стреглово",
                    "rect": null,
                    "text_id": 680,
                    "uid": 812
                },
                {
                    "coord": null,
                    "is_working": true,
                    "name": "Клин",
                    "rect": null,
                    "text_id": 681,
                    "uid": 813
                },
                {
                    "coord": null,
                    "is_working": true,
                    "name": "Ямуга",
                    "rect": null,
                    "text_id": 682,
                    "uid": 814
                },
                {
                    "coord": null,
                    "is_working": true,
                    "name": "Решетниково",
                    "rect": null,
                    "text_id": 683,
                    "uid": 815
                },
                {
                    "coord": null,
                    "is_working": true,
                    "name": "Черничная",
                    "rect": null,
                    "text_id": 684,
                    "uid": 816
                },
                {
                    "coord": null,
                    "is_working": true,
                    "name": "Завидово",
                    "rect": null,
                    "text_id": 685,
                    "uid": 817
                },
                {
                    "coord": null,
                    "is_working": true,
                    "name": "Московское Море",
                    "rect": null,
                    "text_id": 686,
                    "uid": 818
                },
                {
                    "coord": null,
                    "is_working": true,
                    "name": "Редкино",
                    "rect": null,
                    "text_id": 687,
                    "uid": 819
                },
                {
                    "coord": null,
                    "is_working": true,
                    "name": "Межево",
                    "rect": null,
                    "text_id": 688,
                    "uid": 820
                },
                {
                    "coord": null,
                    "is_working": true,
                    "name": "Кузьминка",
                    "rect": null,
                    "text_id": 689,
                    "uid": 821
                },
                {
                    "coord": null,
                    "is_working": true,
                    "name": "Чуприяновка",
                    "rect": null,
                    "text_id": 690,
                    "uid": 822
                },
                {
                    "coord": null,
                    "is_working": true,
                    "name": "Лазурная",
                    "rect": null,
                    "text_id": 691,
                    "uid": 823
                },
                {
                    "coord": [
                        770,
                        770
                    ],
                    "is_working": true,
                    "name": "Тверь",
                    "rect": [
                        780,
                        754,
                        100,
                        15
                    ],
                    "text_id": 692,
                    "uid": 824
                },
                {
                    "coord": [
                        750,
                        750
                    ],
                    "is_working": true,
                    "name": "Пролетарская",
                    "rect": [
                        762,
                        737,
                        100,
                        15
                    ],
                    "text_id": 370,
                    "uid": 825
                },
                {
                    "coord": [
                        730,
                        730
                    ],
                    "is_working": true,
                    "name": "Дорошиха",
                    "rect": [
                        741,
                        718,
                        100,
                        15
                    ],
                    "text_id": 693,
                    "uid": 826
                },
                {
                    "coord": [
                        710,
                        710
                    ],
                    "is_working": true,
                    "name": "Брянцево",
                    "rect": [
                        722,
                        699,
                        100,
                        15
                    ],
                    "text_id": 694,
                    "uid": 827
                },
                {
                    "coord": [
                        690,
                        690
                    ],
                    "is_working": true,
                    "name": "Санаторий",
                    "rect": [
                        702,
                        679,
                        100,
                        15
                    ],
                    "text_id": 695,
                    "uid": 828
                },
                {
                    "coord": [
                        670,
                        670
                    ],
                    "is_working": true,
                    "name": "Тверца",
                    "rect": [
                        683,
                        659,
                        100,
                        15
                    ],
                    "text_id": 696,
                    "uid": 829
                },
                {
                    "coord": [
                        650,
                        650
                    ],
                    "is_working": true,
                    "name": "Кулицкая",
                    "rect": [
                        663,
                        640,
                        100,
                        15
                    ],
                    "text_id": 697,
                    "uid": 830
                },
                {
                    "coord": [
                        630,
                        630
                    ],
                    "is_working": true,
                    "name": "Кулицкий Мох",
                    "rect": [
                        643,
                        620,
                        100,
                        15
                    ],
                    "text_id": 698,
                    "uid": 831
                },
                {
                    "coord": [
                        610,
                        610
                    ],
                    "is_working": true,
                    "name": "Трубино",
                    "rect": [
                        623,
                        600,
                        100,
                        15
                    ],
                    "text_id": 699,
                    "uid": 832
                },
                {
                    "coord": [
                        590,
                        590
                    ],
                    "is_working": true,
                    "name": "Крючково",
                    "rect": [
                        602,
                        580,
                        100,
                        15
                    ],
                    "text_id": 700,
                    "uid": 833
                },
                {
                    "coord": [
                        570,
                        570
                    ],
                    "is_working": true,
                    "name": "Поршинец",
                    "rect": [
                        582,
                        559,
                        100,
                        15
                    ],
                    "text_id": 701,
                    "uid": 834
                },
                {
                    "coord": [
                        550,
                        550
                    ],
                    "is_working": true,
                    "name": "Лихославль",
                    "rect": [
                        562,
                        539,
                        100,
                        15
                    ],
                    "text_id": 702,
                    "uid": 835
                },
                {
                    "coord": [
                        530,
                        530
                    ],
                    "is_working": true,
                    "name": "Лихосл.Парк Шлюз",
                    "rect": [
                        540,
                        518,
                        120,
                        15
                    ],
                    "text_id": 703,
                    "uid": 836
                },
                {
                    "coord": [
                        510,
                        510
                    ],
                    "is_working": true,
                    "name": "Локотцы",
                    "rect": [
                        520,
                        498,
                        100,
                        15
                    ],
                    "text_id": 704,
                    "uid": 837
                },
                {
                    "coord": [
                        490,
                        490
                    ],
                    "is_working": true,
                    "name": "Барановка",
                    "rect": [
                        501,
                        479,
                        100,
                        15
                    ],
                    "text_id": 705,
                    "uid": 838
                },
                {
                    "coord": [
                        470,
                        470
                    ],
                    "is_working": true,
                    "name": "Муташелиха",
                    "rect": [
                        484,
                        460,
                        100,
                        15
                    ],
                    "text_id": 706,
                    "uid": 839
                },
                {
                    "coord": [
                        450,
                        450
                    ],
                    "is_working": true,
                    "name": "Калашниково",
                    "rect": [
                        462,
                        440,
                        100,
                        15
                    ],
                    "text_id": 707,
                    "uid": 840
                },
                {
                    "coord": [
                        430,
                        430
                    ],
                    "is_working": true,
                    "name": "Бухаловский переезд",
                    "rect": [
                        443,
                        420,
                        150,
                        15
                    ],
                    "text_id": 708,
                    "uid": 841
                },
                {
                    "coord": [
                        410,
                        410
                    ],
                    "is_working": true,
                    "name": "Левошинка",
                    "rect": [
                        423,
                        399,
                        100,
                        15
                    ],
                    "text_id": 709,
                    "uid": 842
                },
                {
                    "coord": [
                        390,
                        390
                    ],
                    "is_working": true,
                    "name": "Спирово",
                    "rect": [
                        402,
                        378,
                        100,
                        15
                    ],
                    "text_id": 710,
                    "uid": 843
                },
                {
                    "coord": [
                        370,
                        370
                    ],
                    "is_working": true,
                    "name": "Любинка",
                    "rect": [
                        382,
                        359,
                        100,
                        15
                    ],
                    "text_id": 711,
                    "uid": 844
                },
                {
                    "coord": [
                        350,
                        350
                    ],
                    "is_working": true,
                    "name": "Индустрия",
                    "rect": [
                        363,
                        339,
                        100,
                        15
                    ],
                    "text_id": 712,
                    "uid": 845
                },
                {
                    "coord": [
                        330,
                        330
                    ],
                    "is_working": true,
                    "name": "Осеченка",
                    "rect": [
                        342,
                        319,
                        100,
                        15
                    ],
                    "text_id": 713,
                    "uid": 846
                },
                {
                    "coord": [
                        310,
                        310
                    ],
                    "is_working": true,
                    "name": "Терелесовская",
                    "rect": [
                        323,
                        298,
                        100,
                        15
                    ],
                    "text_id": 714,
                    "uid": 847
                },
                {
                    "coord": [
                        290,
                        290
                    ],
                    "is_working": true,
                    "name": "Елизаровка",
                    "rect": [
                        302,
                        279,
                        100,
                        15
                    ],
                    "text_id": 715,
                    "uid": 848
                },
                {
                    "coord": [
                        270,
                        270
                    ],
                    "is_working": true,
                    "name": "Вышний Волочек",
                    "rect": [
                        283,
                        260,
                        100,
                        15
                    ],
                    "text_id": 716,
                    "uid": 849
                },
                {
                    "coord": [
                        250,
                        250
                    ],
                    "is_working": true,
                    "name": "Цна",
                    "rect": [
                        263,
                        240,
                        100,
                        15
                    ],
                    "text_id": 717,
                    "uid": 850
                },
                {
                    "coord": [
                        230,
                        230
                    ],
                    "is_working": true,
                    "name": "Леонтьево",
                    "rect": [
                        242,
                        219,
                        100,
                        15
                    ],
                    "text_id": 718,
                    "uid": 851
                },
                {
                    "coord": [
                        210,
                        210
                    ],
                    "is_working": true,
                    "name": "Почвино",
                    "rect": [
                        226,
                        199,
                        100,
                        15
                    ],
                    "text_id": 719,
                    "uid": 852
                },
                {
                    "coord": [
                        190,
                        190
                    ],
                    "is_working": true,
                    "name": "Академическая",
                    "rect": [
                        201,
                        181,
                        100,
                        15
                    ],
                    "text_id": 155,
                    "uid": 853
                },
                {
                    "coord": [
                        170,
                        170
                    ],
                    "is_working": true,
                    "name": "Соболево",
                    "rect": [
                        183,
                        161,
                        100,
                        15
                    ],
                    "text_id": 720,
                    "uid": 854
                },
                {
                    "coord": [
                        150,
                        150
                    ],
                    "is_working": true,
                    "name": "Костромцовск",
                    "rect": [
                        161,
                        141,
                        100,
                        15
                    ],
                    "text_id": 721,
                    "uid": 855
                },
                {
                    "coord": [
                        130,
                        130
                    ],
                    "is_working": true,
                    "name": "Бочановка",
                    "rect": [
                        141,
                        119,
                        100,
                        15
                    ],
                    "text_id": 722,
                    "uid": 856
                },
                {
                    "coord": [
                        110,
                        110
                    ],
                    "is_working": true,
                    "name": "Пеперсоновка 331 км",
                    "rect": [
                        122,
                        99,
                        150,
                        15
                    ],
                    "text_id": 723,
                    "uid": 857
                },
                {
                    "coord": [
                        90,
                        90
                    ],
                    "is_working": true,
                    "name": "Бушевец",
                    "rect": [
                        103,
                        79,
                        100,
                        15
                    ],
                    "text_id": 724,
                    "uid": 858
                },
                {
                    "coord": [
                        70,
                        70
                    ],
                    "is_working": true,
                    "name": "Виноградовская 322 км",
                    "rect": [
                        83,
                        59,
                        150,
                        15
                    ],
                    "text_id": 725,
                    "uid": 859
                },
                {
                    "coord": [
                        50,
                        50
                    ],
                    "is_working": true,
                    "name": "Веерное Депо",
                    "rect": [
                        62,
                        38,
                        100,
                        15
                    ],
                    "text_id": 726,
                    "uid": 860
                },
                {
                    "coord": [
                        30,
                        30
                    ],
                    "is_working": true,
                    "name": "Бологое",
                    "rect": [
                        42,
                        18,
                        100,
                        15
                    ],
                    "text_id": 727,
                    "uid": 861
                },
                {
                    "coord": null,
                    "is_working": true,
                    "name": "Путепроводная",
                    "rect": null,
                    "text_id": 728,
                    "uid": 862
                },
                {
                    "coord": null,
                    "is_working": true,
                    "name": "Конаковский Мох",
                    "rect": null,
                    "text_id": 729,
                    "uid": 863
                },
                {
                    "coord": null,
                    "is_working": true,
                    "name": "Донховка",
                    "rect": null,
                    "text_id": 730,
                    "uid": 864
                },
                {
                    "coord": null,
                    "is_working": true,
                    "name": "Конаково ГРЭС",
                    "rect": null,
                    "text_id": 731,
                    "uid": 865
                }
            ],
            "text_id": 732
        }
    ],
    "lines_width": 6,
    "name": "lening-bologoezhd",
    "name_text_id": 1549,
    "stations_diameter": 12.0,
    "transfers": [],
    "transports": [
        "metro",
        "trains",
        "trams",
        "tramsriver"
    ],
    "type_name": "OTHER",
    "type_text_id": 1550,
    "upper_case": false,
    "width": 920,
    "word_wrap": false
}