{
    "default_transports": [
        "metro"
    ],
    "height": 881,
    "images": [
        "res/schemes/lublinskayaline.svg"
    ],
    "is_vector": true,
    "lines": [
        {
            "labels_bg_color": "-1",
            "labels_color": "000000",
            "line_color": "E41c0c",
            "line_width": 9,
            "name": "Сокольническая",
            "segments": [],
            "stations": [
                {
                    "coord": null,
                    "is_working": true,
                    "name": "Бульвар Рокоссовского",
                    "rect": null,
                    "text_id": 0,
                    "uid": 0
                },
                {
                    "coord": null,
                    "is_working": true,
                    "name": "Черкизовская",
                    "rect": null,
                    "text_id": 1,
                    "uid": 1
                },
                {
                    "coord": null,
                    "is_working": true,
                    "name": "Преображенская площадь",
                    "rect": null,
                    "text_id": 2,
                    "uid": 2
                },
                {
                    "coord": null,
                    "is_working": true,
                    "name": "Сокольники",
                    "rect": null,
                    "text_id": 3,
                    "uid": 3
                },
                {
                    "coord": null,
                    "is_working": true,
                    "name": "Красносельская",
                    "rect": null,
                    "text_id": 4,
                    "uid": 4
                },
                {
                    "coord": null,
                    "is_working": true,
                    "name": "Комсомольская",
                    "rect": null,
                    "text_id": 5,
                    "uid": 5
                },
                {
                    "coord": null,
                    "is_working": true,
                    "name": "Красные ворота",
                    "rect": null,
                    "text_id": 6,
                    "uid": 6
                },
                {
                    "coord": [
                        178,
                        326
                    ],
                    "is_working": true,
                    "name": "Чистые пруды",
                    "rect": [
                        63,
                        312,
                        100,
                        20
                    ],
                    "text_id": 7,
                    "uid": 7
                },
                {
                    "coord": null,
                    "is_working": true,
                    "name": "Лубянка",
                    "rect": null,
                    "text_id": 8,
                    "uid": 8
                },
                {
                    "coord": null,
                    "is_working": true,
                    "name": "Охотный ряд",
                    "rect": null,
                    "text_id": 9,
                    "uid": 9
                },
                {
                    "coord": null,
                    "is_working": true,
                    "name": "Библиотека имени Ленина",
                    "rect": null,
                    "text_id": 10,
                    "uid": 10
                },
                {
                    "coord": null,
                    "is_working": true,
                    "name": "Кропоткинская",
                    "rect": null,
                    "text_id": 11,
                    "uid": 11
                },
                {
                    "coord": null,
                    "is_working": true,
                    "name": "Парк культуры",
                    "rect": null,
                    "text_id": 12,
                    "uid": 12
                },
                {
                    "coord": null,
                    "is_working": true,
                    "name": "Фрунзенская",
                    "rect": null,
                    "text_id": 13,
                    "uid": 13
                },
                {
                    "coord": null,
                    "is_working": true,
                    "name": "Спортивная",
                    "rect": null,
                    "text_id": 14,
                    "uid": 14
                },
                {
                    "coord": null,
                    "is_working": true,
                    "name": "Воробьевы горы",
                    "rect": null,
                    "text_id": 15,
                    "uid": 15
                },
                {
                    "coord": null,
                    "is_working": true,
                    "name": "Университет",
                    "rect": null,
                    "text_id": 16,
                    "uid": 16
                },
                {
                    "coord": null,
                    "is_working": true,
                    "name": "Проспект Вернадского",
                    "rect": null,
                    "text_id": 17,
                    "uid": 17
                },
                {
                    "coord": null,
                    "is_working": true,
                    "name": "Юго-Западная",
                    "rect": null,
                    "text_id": 18,
                    "uid": 18
                },
                {
                    "coord": null,
                    "is_working": true,
                    "name": "Тропарёво",
                    "rect": null,
                    "text_id": 19,
                    "uid": 19
                },
                {
                    "coord": null,
                    "is_working": true,
                    "name": "Румянцево",
                    "rect": null,
                    "text_id": 20,
                    "uid": 20
                },
                {
                    "coord": null,
                    "is_working": true,
                    "name": "Саларьево",
                    "rect": null,
                    "text_id": 21,
                    "uid": 21
                },
                {
                    "coord": null,
                    "is_working": true,
                    "name": "Филатов луг",
                    "rect": null,
                    "text_id": 22,
                    "uid": 22
                },
                {
                    "coord": null,
                    "is_working": true,
                    "name": "Прокшино",
                    "rect": null,
                    "text_id": 23,
                    "uid": 23
                },
                {
                    "coord": null,
                    "is_working": true,
                    "name": "Ольховая",
                    "rect": null,
                    "text_id": 24,
                    "uid": 24
                },
                {
                    "coord": null,
                    "is_working": true,
                    "name": "Коммунарка",
                    "rect": null,
                    "text_id": 25,
                    "uid": 25
                }
            ],
            "text_id": 26
        },
        {
            "labels_bg_color": "-1",
            "labels_color": "000000",
            "line_color": "34349C",
            "line_width": 9,
            "name": "Арбатско-Покровская",
            "segments": [],
            "stations": [
                {
                    "coord": null,
                    "is_working": true,
                    "name": "Щелковская",
                    "rect": null,
                    "text_id": 227,
                    "uid": 250
                },
                {
                    "coord": null,
                    "is_working": true,
                    "name": "Первомайская",
                    "rect": null,
                    "text_id": 228,
                    "uid": 251
                },
                {
                    "coord": null,
                    "is_working": true,
                    "name": "Измайловская",
                    "rect": null,
                    "text_id": 229,
                    "uid": 252
                },
                {
                    "coord": null,
                    "is_working": true,
                    "name": "Партизанская",
                    "rect": null,
                    "text_id": 230,
                    "uid": 253
                },
                {
                    "coord": null,
                    "is_working": true,
                    "name": "Семеновская",
                    "rect": null,
                    "text_id": 231,
                    "uid": 254
                },
                {
                    "coord": null,
                    "is_working": true,
                    "name": "Электрозаводская",
                    "rect": null,
                    "text_id": 100,
                    "uid": 255
                },
                {
                    "coord": null,
                    "is_working": true,
                    "name": "Бауманская",
                    "rect": null,
                    "text_id": 232,
                    "uid": 256
                },
                {
                    "coord": [
                        178,
                        376
                    ],
                    "is_working": true,
                    "name": "Курская",
                    "rect": [
                        63,
                        367,
                        100,
                        20
                    ],
                    "text_id": 188,
                    "uid": 257
                },
                {
                    "coord": null,
                    "is_working": true,
                    "name": "Площадь Революции",
                    "rect": null,
                    "text_id": 233,
                    "uid": 258
                },
                {
                    "coord": null,
                    "is_working": true,
                    "name": "Арбатская",
                    "rect": null,
                    "text_id": 234,
                    "uid": 259
                },
                {
                    "coord": null,
                    "is_working": true,
                    "name": "Смоленская",
                    "rect": null,
                    "text_id": 235,
                    "uid": 260
                },
                {
                    "coord": null,
                    "is_working": true,
                    "name": "Киевская",
                    "rect": null,
                    "text_id": 236,
                    "uid": 261
                },
                {
                    "coord": null,
                    "is_working": true,
                    "name": "Парк Победы",
                    "rect": null,
                    "text_id": 237,
                    "uid": 262
                },
                {
                    "coord": null,
                    "is_working": true,
                    "name": "Славянский бульвар",
                    "rect": null,
                    "text_id": 167,
                    "uid": 263
                },
                {
                    "coord": null,
                    "is_working": true,
                    "name": "Кунцевская",
                    "rect": null,
                    "text_id": 87,
                    "uid": 264
                },
                {
                    "coord": null,
                    "is_working": true,
                    "name": "Молодёжная",
                    "rect": null,
                    "text_id": 238,
                    "uid": 265
                },
                {
                    "coord": null,
                    "is_working": true,
                    "name": "Крылатское",
                    "rect": null,
                    "text_id": 239,
                    "uid": 266
                },
                {
                    "coord": null,
                    "is_working": true,
                    "name": "Строгино",
                    "rect": null,
                    "text_id": 240,
                    "uid": 267
                },
                {
                    "coord": null,
                    "is_working": true,
                    "name": "Мякинино",
                    "rect": null,
                    "text_id": 241,
                    "uid": 268
                },
                {
                    "coord": null,
                    "is_working": true,
                    "name": "Волоколамская",
                    "rect": null,
                    "text_id": 181,
                    "uid": 269
                },
                {
                    "coord": null,
                    "is_working": true,
                    "name": "Митино",
                    "rect": null,
                    "text_id": 242,
                    "uid": 270
                },
                {
                    "coord": null,
                    "is_working": true,
                    "name": "Пятницкое шоссе",
                    "rect": null,
                    "text_id": 243,
                    "uid": 271
                }
            ],
            "text_id": 244
        },
        {
            "labels_bg_color": "-1",
            "labels_color": "000000",
            "line_color": "046434",
            "line_width": 9,
            "name": "Замоскворецкая",
            "segments": [],
            "stations": [
                {
                    "coord": null,
                    "is_working": true,
                    "name": "Ховрино",
                    "rect": null,
                    "text_id": 206,
                    "uid": 226
                },
                {
                    "coord": null,
                    "is_working": true,
                    "name": "Беломорская",
                    "rect": null,
                    "text_id": 207,
                    "uid": 227
                },
                {
                    "coord": null,
                    "is_working": true,
                    "name": "Речной вокзал",
                    "rect": null,
                    "text_id": 208,
                    "uid": 228
                },
                {
                    "coord": null,
                    "is_working": true,
                    "name": "Водный стадион",
                    "rect": null,
                    "text_id": 209,
                    "uid": 229
                },
                {
                    "coord": null,
                    "is_working": true,
                    "name": "Войковская",
                    "rect": null,
                    "text_id": 210,
                    "uid": 230
                },
                {
                    "coord": null,
                    "is_working": true,
                    "name": "Сокол",
                    "rect": null,
                    "text_id": 211,
                    "uid": 231
                },
                {
                    "coord": null,
                    "is_working": true,
                    "name": "Аэропорт",
                    "rect": null,
                    "text_id": 212,
                    "uid": 232
                },
                {
                    "coord": null,
                    "is_working": true,
                    "name": "Динамо",
                    "rect": null,
                    "text_id": 213,
                    "uid": 233
                },
                {
                    "coord": null,
                    "is_working": true,
                    "name": "Белорусская",
                    "rect": null,
                    "text_id": 163,
                    "uid": 234
                },
                {
                    "coord": null,
                    "is_working": true,
                    "name": "Маяковская",
                    "rect": null,
                    "text_id": 214,
                    "uid": 235
                },
                {
                    "coord": null,
                    "is_working": true,
                    "name": "Тверская",
                    "rect": null,
                    "text_id": 215,
                    "uid": 236
                },
                {
                    "coord": null,
                    "is_working": true,
                    "name": "Театральная",
                    "rect": null,
                    "text_id": 216,
                    "uid": 237
                },
                {
                    "coord": null,
                    "is_working": true,
                    "name": "Новокузнецкая",
                    "rect": null,
                    "text_id": 217,
                    "uid": 238
                },
                {
                    "coord": null,
                    "is_working": true,
                    "name": "Павелецкая",
                    "rect": null,
                    "text_id": 218,
                    "uid": 239
                },
                {
                    "coord": null,
                    "is_working": true,
                    "name": "Автозаводская",
                    "rect": null,
                    "text_id": 128,
                    "uid": 240
                },
                {
                    "coord": null,
                    "is_working": true,
                    "name": "Технопарк",
                    "rect": null,
                    "text_id": 219,
                    "uid": 241
                },
                {
                    "coord": null,
                    "is_working": true,
                    "name": "Коломенская",
                    "rect": null,
                    "text_id": 220,
                    "uid": 242
                },
                {
                    "coord": null,
                    "is_working": true,
                    "name": "Каширская",
                    "rect": null,
                    "text_id": 76,
                    "uid": 243
                },
                {
                    "coord": null,
                    "is_working": true,
                    "name": "Кантемировская",
                    "rect": null,
                    "text_id": 221,
                    "uid": 244
                },
                {
                    "coord": null,
                    "is_working": true,
                    "name": "Царицыно",
                    "rect": null,
                    "text_id": 195,
                    "uid": 245
                },
                {
                    "coord": null,
                    "is_working": true,
                    "name": "Орехово",
                    "rect": null,
                    "text_id": 222,
                    "uid": 246
                },
                {
                    "coord": null,
                    "is_working": true,
                    "name": "Домодедовская",
                    "rect": null,
                    "text_id": 223,
                    "uid": 247
                },
                {
                    "coord": [
                        178,
                        731
                    ],
                    "is_working": true,
                    "name": "Красногвардейская",
                    "rect": [
                        63,
                        722,
                        100,
                        20
                    ],
                    "text_id": 224,
                    "uid": 248
                },
                {
                    "coord": null,
                    "is_working": true,
                    "name": "Алма-Атинская",
                    "rect": null,
                    "text_id": 225,
                    "uid": 249
                }
            ],
            "text_id": 226
        },
        {
            "labels_bg_color": "-1",
            "labels_color": "000000",
            "line_color": "543C04",
            "line_width": 9,
            "name": "Кольцевая",
            "segments": [],
            "stations": [
                {
                    "coord": null,
                    "is_working": true,
                    "name": "Парк культуры",
                    "rect": null,
                    "text_id": 12,
                    "uid": 285
                },
                {
                    "coord": null,
                    "is_working": true,
                    "name": "Октябрьская",
                    "rect": null,
                    "text_id": 253,
                    "uid": 286
                },
                {
                    "coord": null,
                    "is_working": true,
                    "name": "Добрынинская",
                    "rect": null,
                    "text_id": 254,
                    "uid": 287
                },
                {
                    "coord": null,
                    "is_working": true,
                    "name": "Павелецкая",
                    "rect": null,
                    "text_id": 218,
                    "uid": 288
                },
                {
                    "coord": null,
                    "is_working": true,
                    "name": "Таганская",
                    "rect": null,
                    "text_id": 255,
                    "uid": 289
                },
                {
                    "coord": [
                        178,
                        350
                    ],
                    "is_working": true,
                    "name": "Курская",
                    "rect": [
                        63,
                        340,
                        100,
                        20
                    ],
                    "text_id": 188,
                    "uid": 290
                },
                {
                    "coord": null,
                    "is_working": true,
                    "name": "Комсомольская",
                    "rect": null,
                    "text_id": 5,
                    "uid": 291
                },
                {
                    "coord": null,
                    "is_working": true,
                    "name": "Проспект Мира",
                    "rect": null,
                    "text_id": 256,
                    "uid": 292
                },
                {
                    "coord": null,
                    "is_working": true,
                    "name": "Новослободская",
                    "rect": null,
                    "text_id": 257,
                    "uid": 293
                },
                {
                    "coord": null,
                    "is_working": true,
                    "name": "Белорусская",
                    "rect": null,
                    "text_id": 163,
                    "uid": 294
                },
                {
                    "coord": null,
                    "is_working": true,
                    "name": "Краснопресненская",
                    "rect": null,
                    "text_id": 258,
                    "uid": 295
                },
                {
                    "coord": null,
                    "is_working": true,
                    "name": "Киевская",
                    "rect": null,
                    "text_id": 236,
                    "uid": 296
                }
            ],
            "text_id": 259
        },
        {
            "labels_bg_color": "-1",
            "labels_color": "000000",
            "line_color": "FC9C54",
            "line_width": 9,
            "name": "Калужско-Рижская",
            "segments": [],
            "stations": [
                {
                    "coord": null,
                    "is_working": true,
                    "name": "Медведково",
                    "rect": null,
                    "text_id": 260,
                    "uid": 297
                },
                {
                    "coord": null,
                    "is_working": true,
                    "name": "Бабушкинская",
                    "rect": null,
                    "text_id": 261,
                    "uid": 298
                },
                {
                    "coord": null,
                    "is_working": true,
                    "name": "Свиблово",
                    "rect": null,
                    "text_id": 262,
                    "uid": 299
                },
                {
                    "coord": null,
                    "is_working": true,
                    "name": "Ботанический сад",
                    "rect": null,
                    "text_id": 118,
                    "uid": 300
                },
                {
                    "coord": null,
                    "is_working": true,
                    "name": "ВДНХ",
                    "rect": null,
                    "text_id": 263,
                    "uid": 301
                },
                {
                    "coord": null,
                    "is_working": true,
                    "name": "Алексеевская",
                    "rect": null,
                    "text_id": 264,
                    "uid": 302
                },
                {
                    "coord": null,
                    "is_working": true,
                    "name": "Рижская",
                    "rect": null,
                    "text_id": 101,
                    "uid": 303
                },
                {
                    "coord": null,
                    "is_working": true,
                    "name": "Проспект Мира",
                    "rect": null,
                    "text_id": 256,
                    "uid": 304
                },
                {
                    "coord": null,
                    "is_working": true,
                    "name": "Сухаревская",
                    "rect": null,
                    "text_id": 265,
                    "uid": 305
                },
                {
                    "coord": [
                        178,
                        300
                    ],
                    "is_working": true,
                    "name": "Тургеневская",
                    "rect": [
                        63,
                        290,
                        100,
                        20
                    ],
                    "text_id": 266,
                    "uid": 306
                },
                {
                    "coord": null,
                    "is_working": true,
                    "name": "Китай-город",
                    "rect": null,
                    "text_id": 267,
                    "uid": 307
                },
                {
                    "coord": null,
                    "is_working": true,
                    "name": "Третьяковская",
                    "rect": null,
                    "text_id": 268,
                    "uid": 308
                },
                {
                    "coord": null,
                    "is_working": true,
                    "name": "Октябрьская",
                    "rect": null,
                    "text_id": 253,
                    "uid": 309
                },
                {
                    "coord": null,
                    "is_working": true,
                    "name": "Шаболовская",
                    "rect": null,
                    "text_id": 269,
                    "uid": 310
                },
                {
                    "coord": null,
                    "is_working": true,
                    "name": "Ленинский проспект",
                    "rect": null,
                    "text_id": 270,
                    "uid": 311
                },
                {
                    "coord": null,
                    "is_working": true,
                    "name": "Академическая",
                    "rect": null,
                    "text_id": 271,
                    "uid": 312
                },
                {
                    "coord": null,
                    "is_working": true,
                    "name": "Профсоюзная",
                    "rect": null,
                    "text_id": 272,
                    "uid": 313
                },
                {
                    "coord": null,
                    "is_working": true,
                    "name": "Новые Черемушки",
                    "rect": null,
                    "text_id": 273,
                    "uid": 314
                },
                {
                    "coord": null,
                    "is_working": true,
                    "name": "Калужская",
                    "rect": null,
                    "text_id": 274,
                    "uid": 315
                },
                {
                    "coord": null,
                    "is_working": true,
                    "name": "Беляево",
                    "rect": null,
                    "text_id": 275,
                    "uid": 316
                },
                {
                    "coord": null,
                    "is_working": true,
                    "name": "Коньково",
                    "rect": null,
                    "text_id": 276,
                    "uid": 317
                },
                {
                    "coord": null,
                    "is_working": true,
                    "name": "Теплый Стан",
                    "rect": null,
                    "text_id": 277,
                    "uid": 318
                },
                {
                    "coord": null,
                    "is_working": true,
                    "name": "Ясенево",
                    "rect": null,
                    "text_id": 278,
                    "uid": 319
                },
                {
                    "coord": null,
                    "is_working": true,
                    "name": "Новоясеневская",
                    "rect": null,
                    "text_id": 279,
                    "uid": 320
                }
            ],
            "text_id": 280
        },
        {
            "labels_bg_color": "-1",
            "labels_color": "000000",
            "line_color": "AC24AC",
            "line_width": 9,
            "name": "Таганско-Краснопресненская",
            "segments": [],
            "stations": [
                {
                    "coord": null,
                    "is_working": true,
                    "name": "Планерная",
                    "rect": null,
                    "text_id": 281,
                    "uid": 321
                },
                {
                    "coord": null,
                    "is_working": true,
                    "name": "Сходненская",
                    "rect": null,
                    "text_id": 282,
                    "uid": 322
                },
                {
                    "coord": null,
                    "is_working": true,
                    "name": "Тушинская",
                    "rect": null,
                    "text_id": 183,
                    "uid": 323
                },
                {
                    "coord": null,
                    "is_working": true,
                    "name": "Спартак",
                    "rect": null,
                    "text_id": 283,
                    "uid": 324
                },
                {
                    "coord": null,
                    "is_working": true,
                    "name": "Щукинская",
                    "rect": null,
                    "text_id": 184,
                    "uid": 325
                },
                {
                    "coord": null,
                    "is_working": true,
                    "name": "Октябрьское поле",
                    "rect": null,
                    "text_id": 284,
                    "uid": 326
                },
                {
                    "coord": null,
                    "is_working": true,
                    "name": "Полежаевская",
                    "rect": null,
                    "text_id": 285,
                    "uid": 327
                },
                {
                    "coord": null,
                    "is_working": true,
                    "name": "Беговая",
                    "rect": null,
                    "text_id": 164,
                    "uid": 328
                },
                {
                    "coord": null,
                    "is_working": true,
                    "name": "Улица 1905 года",
                    "rect": null,
                    "text_id": 286,
                    "uid": 329
                },
                {
                    "coord": null,
                    "is_working": true,
                    "name": "Баррикадная",
                    "rect": null,
                    "text_id": 287,
                    "uid": 330
                },
                {
                    "coord": null,
                    "is_working": true,
                    "name": "Пушкинская",
                    "rect": null,
                    "text_id": 288,
                    "uid": 331
                },
                {
                    "coord": null,
                    "is_working": true,
                    "name": "Кузнецкий мост",
                    "rect": null,
                    "text_id": 289,
                    "uid": 332
                },
                {
                    "coord": null,
                    "is_working": true,
                    "name": "Китай-город",
                    "rect": null,
                    "text_id": 267,
                    "uid": 333
                },
                {
                    "coord": null,
                    "is_working": true,
                    "name": "Таганская",
                    "rect": null,
                    "text_id": 255,
                    "uid": 334
                },
                {
                    "coord": [
                        178,
                        430
                    ],
                    "is_working": true,
                    "name": "Пролетарская",
                    "rect": [
                        63,
                        420,
                        100,
                        20
                    ],
                    "text_id": 290,
                    "uid": 335
                },
                {
                    "coord": null,
                    "is_working": true,
                    "name": "Волгоградский проспект",
                    "rect": null,
                    "text_id": 291,
                    "uid": 336
                },
                {
                    "coord": null,
                    "is_working": true,
                    "name": "Текстильщики",
                    "rect": null,
                    "text_id": 96,
                    "uid": 337
                },
                {
                    "coord": null,
                    "is_working": true,
                    "name": "Кузьминки",
                    "rect": null,
                    "text_id": 292,
                    "uid": 338
                },
                {
                    "coord": null,
                    "is_working": true,
                    "name": "Рязанский проспект",
                    "rect": null,
                    "text_id": 293,
                    "uid": 339
                },
                {
                    "coord": null,
                    "is_working": true,
                    "name": "Выхино",
                    "rect": null,
                    "text_id": 294,
                    "uid": 340
                },
                {
                    "coord": null,
                    "is_working": true,
                    "name": "Лермонтовский проспект",
                    "rect": null,
                    "text_id": 295,
                    "uid": 341
                },
                {
                    "coord": null,
                    "is_working": true,
                    "name": "Жулебино",
                    "rect": null,
                    "text_id": 296,
                    "uid": 342
                },
                {
                    "coord": null,
                    "is_working": true,
                    "name": "Котельники",
                    "rect": null,
                    "text_id": 297,
                    "uid": 343
                }
            ],
            "text_id": 298
        },
        {
            "labels_bg_color": "-1",
            "labels_color": "000000",
            "line_color": "FCCC04",
            "line_width": 9,
            "name": "Калининско-Солнцевская",
            "segments": [],
            "stations": [
                {
                    "coord": null,
                    "is_working": true,
                    "name": "Новокосино",
                    "rect": null,
                    "text_id": 299,
                    "uid": 344
                },
                {
                    "coord": null,
                    "is_working": true,
                    "name": "Новогиреево",
                    "rect": null,
                    "text_id": 300,
                    "uid": 345
                },
                {
                    "coord": null,
                    "is_working": true,
                    "name": "Перово",
                    "rect": null,
                    "text_id": 301,
                    "uid": 346
                },
                {
                    "coord": null,
                    "is_working": true,
                    "name": "Шоссе Энтузиастов",
                    "rect": null,
                    "text_id": 124,
                    "uid": 347
                },
                {
                    "coord": null,
                    "is_working": true,
                    "name": "Авиамоторная",
                    "rect": null,
                    "text_id": 98,
                    "uid": 348
                },
                {
                    "coord": [
                        178,
                        400
                    ],
                    "is_working": true,
                    "name": "Площадь Ильича",
                    "rect": [
                        63,
                        387,
                        100,
                        20
                    ],
                    "text_id": 302,
                    "uid": 349
                },
                {
                    "coord": null,
                    "is_working": true,
                    "name": "Марксистская",
                    "rect": null,
                    "text_id": 303,
                    "uid": 350
                },
                {
                    "coord": null,
                    "is_working": true,
                    "name": "Третьяковская",
                    "rect": null,
                    "text_id": 268,
                    "uid": 351
                }
            ],
            "text_id": 304
        },
        {
            "labels_bg_color": "-1",
            "labels_color": "000000",
            "line_color": "9CA4A4",
            "line_width": 9,
            "name": "Серпуховско-Тимирязевская",
            "segments": [],
            "stations": [
                {
                    "coord": null,
                    "is_working": true,
                    "name": "Алтуфьево",
                    "rect": null,
                    "text_id": 27,
                    "uid": 26
                },
                {
                    "coord": null,
                    "is_working": true,
                    "name": "Бибирево",
                    "rect": null,
                    "text_id": 28,
                    "uid": 27
                },
                {
                    "coord": null,
                    "is_working": true,
                    "name": "Отрадное",
                    "rect": null,
                    "text_id": 29,
                    "uid": 28
                },
                {
                    "coord": null,
                    "is_working": true,
                    "name": "Владыкино",
                    "rect": null,
                    "text_id": 30,
                    "uid": 29
                },
                {
                    "coord": [
                        178,
                        126
                    ],
                    "is_working": true,
                    "name": "Петровско-Разумовская",
                    "rect": [
                        63,
                        124,
                        100,
                        20
                    ],
                    "text_id": 31,
                    "uid": 30
                },
                {
                    "coord": null,
                    "is_working": true,
                    "name": "Тимирязевская",
                    "rect": null,
                    "text_id": 32,
                    "uid": 31
                },
                {
                    "coord": null,
                    "is_working": true,
                    "name": "Дмитровская",
                    "rect": null,
                    "text_id": 33,
                    "uid": 32
                },
                {
                    "coord": null,
                    "is_working": true,
                    "name": "Савеловская",
                    "rect": null,
                    "text_id": 34,
                    "uid": 33
                },
                {
                    "coord": null,
                    "is_working": true,
                    "name": "Менделеевская",
                    "rect": null,
                    "text_id": 35,
                    "uid": 34
                },
                {
                    "coord": [
                        178,
                        276
                    ],
                    "is_working": true,
                    "name": "Цветной бульвар",
                    "rect": [
                        63,
                        262,
                        100,
                        20
                    ],
                    "text_id": 36,
                    "uid": 35
                },
                {
                    "coord": null,
                    "is_working": true,
                    "name": "Чеховская",
                    "rect": null,
                    "text_id": 37,
                    "uid": 36
                },
                {
                    "coord": null,
                    "is_working": true,
                    "name": "Боровицкая",
                    "rect": null,
                    "text_id": 38,
                    "uid": 37
                },
                {
                    "coord": null,
                    "is_working": true,
                    "name": "Полянка",
                    "rect": null,
                    "text_id": 39,
                    "uid": 38
                },
                {
                    "coord": null,
                    "is_working": true,
                    "name": "Серпуховская",
                    "rect": null,
                    "text_id": 40,
                    "uid": 39
                },
                {
                    "coord": null,
                    "is_working": true,
                    "name": "Тульская",
                    "rect": null,
                    "text_id": 41,
                    "uid": 40
                },
                {
                    "coord": null,
                    "is_working": true,
                    "name": "Нагатинская",
                    "rect": null,
                    "text_id": 42,
                    "uid": 41
                },
                {
                    "coord": null,
                    "is_working": true,
                    "name": "Нагорная",
                    "rect": null,
                    "text_id": 43,
                    "uid": 42
                },
                {
                    "coord": null,
                    "is_working": true,
                    "name": "Нахимовский проспект",
                    "rect": null,
                    "text_id": 44,
                    "uid": 43
                },
                {
                    "coord": null,
                    "is_working": true,
                    "name": "Севастопольская",
                    "rect": null,
                    "text_id": 45,
                    "uid": 44
                },
                {
                    "coord": null,
                    "is_working": true,
                    "name": "Чертановская",
                    "rect": null,
                    "text_id": 46,
                    "uid": 45
                },
                {
                    "coord": null,
                    "is_working": true,
                    "name": "Южная",
                    "rect": null,
                    "text_id": 47,
                    "uid": 46
                },
                {
                    "coord": null,
                    "is_working": true,
                    "name": "Пражская",
                    "rect": null,
                    "text_id": 48,
                    "uid": 47
                },
                {
                    "coord": null,
                    "is_working": true,
                    "name": "Улица Академика Янгеля",
                    "rect": null,
                    "text_id": 49,
                    "uid": 48
                },
                {
                    "coord": null,
                    "is_working": true,
                    "name": "Аннино",
                    "rect": null,
                    "text_id": 50,
                    "uid": 49
                },
                {
                    "coord": null,
                    "is_working": true,
                    "name": "Бульвар Дмитрия Донского",
                    "rect": null,
                    "text_id": 51,
                    "uid": 50
                }
            ],
            "text_id": 52
        },
        {
            "labels_bg_color": "-1",
            "labels_color": "000000",
            "line_color": "84BC54",
            "line_width": 9,
            "name": "Люблинско-Дмитровская",
            "segments": [
                [
                    51,
                    52,
                    [
                        [
                            200,
                            66
                        ],
                        [
                            200,
                            36
                        ]
                    ],
                    true
                ],
                [
                    52,
                    53,
                    [
                        [
                            200,
                            96
                        ],
                        [
                            200,
                            66
                        ]
                    ],
                    true
                ],
                [
                    53,
                    54,
                    [
                        [
                            200,
                            126
                        ],
                        [
                            200,
                            96
                        ]
                    ],
                    true
                ],
                [
                    54,
                    55,
                    [
                        [
                            200,
                            156
                        ],
                        [
                            200,
                            126
                        ]
                    ],
                    true
                ],
                [
                    55,
                    56,
                    [
                        [
                            200,
                            186
                        ],
                        [
                            200,
                            156
                        ]
                    ],
                    true
                ],
                [
                    56,
                    57,
                    [
                        [
                            200,
                            216
                        ],
                        [
                            200,
                            186
                        ]
                    ],
                    true
                ],
                [
                    57,
                    58,
                    [
                        [
                            200,
                            246
                        ],
                        [
                            200,
                            216
                        ]
                    ],
                    true
                ],
                [
                    58,
                    59,
                    [
                        [
                            200,
                            276
                        ],
                        [
                            200,
                            246
                        ]
                    ],
                    true
                ],
                [
                    59,
                    60,
                    [
                        [
                            200,
                            315
                        ],
                        [
                            200,
                            276
                        ]
                    ],
                    true
                ],
                [
                    60,
                    61,
                    [
                        [
                            200,
                            363
                        ],
                        [
                            200,
                            315
                        ]
                    ],
                    true
                ],
                [
                    61,
                    62,
                    [
                        [
                            200,
                            400
                        ],
                        [
                            200,
                            363
                        ]
                    ],
                    true
                ],
                [
                    62,
                    63,
                    [
                        [
                            200,
                            430
                        ],
                        [
                            200,
                            400
                        ]
                    ],
                    true
                ],
                [
                    63,
                    64,
                    [
                        [
                            200,
                            460
                        ],
                        [
                            200,
                            430
                        ]
                    ],
                    true
                ],
                [
                    64,
                    65,
                    [
                        [
                            200,
                            490
                        ],
                        [
                            200,
                            460
                        ]
                    ],
                    true
                ],
                [
                    65,
                    66,
                    [
                        [
                            200,
                            520
                        ],
                        [
                            200,
                            490
                        ]
                    ],
                    true
                ],
                [
                    66,
                    67,
                    [
                        [
                            200,
                            552
                        ],
                        [
                            200,
                            520
                        ]
                    ],
                    true
                ],
                [
                    67,
                    68,
                    [
                        [
                            200,
                            583
                        ],
                        [
                            200,
                            552
                        ]
                    ],
                    true
                ],
                [
                    68,
                    69,
                    [
                        [
                            200,
                            613
                        ],
                        [
                            200,
                            583
                        ]
                    ],
                    true
                ],
                [
                    69,
                    70,
                    [
                        [
                            200,
                            642
                        ],
                        [
                            200,
                            613
                        ]
                    ],
                    true
                ],
                [
                    70,
                    71,
                    [
                        [
                            200,
                            672
                        ],
                        [
                            200,
                            642
                        ]
                    ],
                    true
                ],
                [
                    71,
                    72,
                    [
                        [
                            200,
                            702
                        ],
                        [
                            200,
                            672
                        ]
                    ],
                    true
                ],
                [
                    72,
                    73,
                    [
                        [
                            200,
                            731
                        ],
                        [
                            200,
                            702
                        ]
                    ],
                    true
                ]
            ],
            "stations": [
                {
                    "coord": [
                        200,
                        36
                    ],
                    "is_working": true,
                    "name": "Селигерская",
                    "rect": [
                        215,
                        28,
                        100,
                        20
                    ],
                    "text_id": 53,
                    "uid": 51
                },
                {
                    "coord": [
                        200,
                        66
                    ],
                    "is_working": true,
                    "name": "Верхние Лихоборы",
                    "rect": [
                        215,
                        55,
                        100,
                        20
                    ],
                    "text_id": 54,
                    "uid": 52
                },
                {
                    "coord": [
                        200,
                        96
                    ],
                    "is_working": true,
                    "name": "Окружная",
                    "rect": [
                        215,
                        85,
                        100,
                        20
                    ],
                    "text_id": 55,
                    "uid": 53
                },
                {
                    "coord": [
                        200,
                        126
                    ],
                    "is_working": true,
                    "name": "Петровско-Разумовская",
                    "rect": [
                        215,
                        117,
                        100,
                        20
                    ],
                    "text_id": 31,
                    "uid": 54
                },
                {
                    "coord": [
                        200,
                        156
                    ],
                    "is_working": true,
                    "name": "Фонвизинская",
                    "rect": [
                        215,
                        146,
                        100,
                        20
                    ],
                    "text_id": 56,
                    "uid": 55
                },
                {
                    "coord": [
                        200,
                        186
                    ],
                    "is_working": true,
                    "name": "Бутырская",
                    "rect": [
                        215,
                        176,
                        100,
                        20
                    ],
                    "text_id": 57,
                    "uid": 56
                },
                {
                    "coord": [
                        200,
                        216
                    ],
                    "is_working": true,
                    "name": "Марьина роща",
                    "rect": [
                        215,
                        203,
                        100,
                        20
                    ],
                    "text_id": 58,
                    "uid": 57
                },
                {
                    "coord": [
                        200,
                        246
                    ],
                    "is_working": true,
                    "name": "Достоевская",
                    "rect": [
                        215,
                        236,
                        100,
                        20
                    ],
                    "text_id": 59,
                    "uid": 58
                },
                {
                    "coord": [
                        200,
                        276
                    ],
                    "is_working": true,
                    "name": "Трубная",
                    "rect": [
                        215,
                        266,
                        100,
                        20
                    ],
                    "text_id": 60,
                    "uid": 59
                },
                {
                    "coord": [
                        200,
                        315
                    ],
                    "is_working": true,
                    "name": "Сретенский бульвар",
                    "rect": [
                        215,
                        303,
                        100,
                        20
                    ],
                    "text_id": 61,
                    "uid": 60
                },
                {
                    "coord": [
                        200,
                        363
                    ],
                    "is_working": true,
                    "name": "Чкаловская",
                    "rect": [
                        215,
                        353,
                        100,
                        20
                    ],
                    "text_id": 62,
                    "uid": 61
                },
                {
                    "coord": [
                        200,
                        400
                    ],
                    "is_working": true,
                    "name": "Римская",
                    "rect": [
                        215,
                        385,
                        100,
                        20
                    ],
                    "text_id": 63,
                    "uid": 62
                },
                {
                    "coord": [
                        200,
                        430
                    ],
                    "is_working": true,
                    "name": "Крестьянская застава",
                    "rect": [
                        215,
                        413,
                        100,
                        20
                    ],
                    "text_id": 64,
                    "uid": 63
                },
                {
                    "coord": [
                        200,
                        460
                    ],
                    "is_working": true,
                    "name": "Дубровка",
                    "rect": [
                        215,
                        445,
                        100,
                        20
                    ],
                    "text_id": 65,
                    "uid": 64
                },
                {
                    "coord": [
                        200,
                        490
                    ],
                    "is_working": true,
                    "name": "Кожуховская",
                    "rect": [
                        215,
                        479,
                        100,
                        20
                    ],
                    "text_id": 66,
                    "uid": 65
                },
                {
                    "coord": [
                        200,
                        520
                    ],
                    "is_working": true,
                    "name": "Печатники",
                    "rect": [
                        215,
                        510,
                        100,
                        20
                    ],
                    "text_id": 67,
                    "uid": 66
                },
                {
                    "coord": [
                        200,
                        552
                    ],
                    "is_working": true,
                    "name": "Волжская",
                    "rect": [
                        215,
                        542,
                        100,
                        20
                    ],
                    "text_id": 68,
                    "uid": 67
                },
                {
                    "coord": [
                        200,
                        583
                    ],
                    "is_working": true,
                    "name": "Люблино",
                    "rect": [
                        215,
                        573,
                        100,
                        20
                    ],
                    "text_id": 69,
                    "uid": 68
                },
                {
                    "coord": [
                        200,
                        613
                    ],
                    "is_working": true,
                    "name": "Братиславская",
                    "rect": [
                        215,
                        603,
                        100,
                        20
                    ],
                    "text_id": 70,
                    "uid": 69
                },
                {
                    "coord": [
                        200,
                        642
                    ],
                    "is_working": true,
                    "name": "Марьино",
                    "rect": [
                        215,
                        631,
                        100,
                        20
                    ],
                    "text_id": 71,
                    "uid": 70
                },
                {
                    "coord": [
                        200,
                        672
                    ],
                    "is_working": true,
                    "name": "Борисово",
                    "rect": [
                        215,
                        661,
                        100,
                        20
                    ],
                    "text_id": 72,
                    "uid": 71
                },
                {
                    "coord": [
                        200,
                        702
                    ],
                    "is_working": true,
                    "name": "Шипиловская",
                    "rect": [
                        215,
                        691,
                        100,
                        20
                    ],
                    "text_id": 73,
                    "uid": 72
                },
                {
                    "coord": [
                        200,
                        731
                    ],
                    "is_working": true,
                    "name": "Зябликово",
                    "rect": [
                        215,
                        721,
                        100,
                        20
                    ],
                    "text_id": 74,
                    "uid": 73
                }
            ],
            "text_id": 75
        },
        {
            "labels_bg_color": "-1",
            "labels_color": "000000",
            "line_color": "DE7272",
            "line_width": 9,
            "name": "МЦК",
            "segments": [],
            "stations": [
                {
                    "coord": null,
                    "is_working": true,
                    "name": "Окружная",
                    "rect": null,
                    "text_id": 55,
                    "uid": 121
                },
                {
                    "coord": null,
                    "is_working": true,
                    "name": "Владыкино",
                    "rect": null,
                    "text_id": 30,
                    "uid": 122
                },
                {
                    "coord": null,
                    "is_working": true,
                    "name": "Ботанический сад",
                    "rect": null,
                    "text_id": 118,
                    "uid": 123
                },
                {
                    "coord": null,
                    "is_working": true,
                    "name": "Ростокино",
                    "rect": null,
                    "text_id": 119,
                    "uid": 124
                },
                {
                    "coord": null,
                    "is_working": true,
                    "name": "Белокаменная",
                    "rect": null,
                    "text_id": 120,
                    "uid": 125
                },
                {
                    "coord": null,
                    "is_working": true,
                    "name": "Бульвар Рокоссовского",
                    "rect": null,
                    "text_id": 0,
                    "uid": 126
                },
                {
                    "coord": null,
                    "is_working": true,
                    "name": "Локомотив",
                    "rect": null,
                    "text_id": 121,
                    "uid": 127
                },
                {
                    "coord": null,
                    "is_working": true,
                    "name": "Измайлово",
                    "rect": null,
                    "text_id": 122,
                    "uid": 128
                },
                {
                    "coord": null,
                    "is_working": true,
                    "name": "Соколиная Гора",
                    "rect": null,
                    "text_id": 123,
                    "uid": 129
                },
                {
                    "coord": null,
                    "is_working": true,
                    "name": "Шоссе Энтузиастов",
                    "rect": null,
                    "text_id": 124,
                    "uid": 130
                },
                {
                    "coord": null,
                    "is_working": true,
                    "name": "Андроновка",
                    "rect": null,
                    "text_id": 125,
                    "uid": 131
                },
                {
                    "coord": null,
                    "is_working": true,
                    "name": "Нижегородская",
                    "rect": null,
                    "text_id": 97,
                    "uid": 132
                },
                {
                    "coord": null,
                    "is_working": true,
                    "name": "Новохохловская",
                    "rect": null,
                    "text_id": 126,
                    "uid": 133
                },
                {
                    "coord": null,
                    "is_working": true,
                    "name": "Угрешская",
                    "rect": null,
                    "text_id": 127,
                    "uid": 134
                },
                {
                    "coord": [
                        178,
                        460
                    ],
                    "is_working": true,
                    "name": "Дубровка",
                    "rect": [
                        63,
                        450,
                        100,
                        20
                    ],
                    "text_id": 65,
                    "uid": 135
                },
                {
                    "coord": null,
                    "is_working": true,
                    "name": "Автозаводская",
                    "rect": null,
                    "text_id": 128,
                    "uid": 136
                },
                {
                    "coord": null,
                    "is_working": true,
                    "name": "ЗИЛ",
                    "rect": null,
                    "text_id": 129,
                    "uid": 137
                },
                {
                    "coord": null,
                    "is_working": true,
                    "name": "Верхние Котлы",
                    "rect": null,
                    "text_id": 130,
                    "uid": 138
                },
                {
                    "coord": null,
                    "is_working": true,
                    "name": "Крымская",
                    "rect": null,
                    "text_id": 131,
                    "uid": 139
                },
                {
                    "coord": null,
                    "is_working": true,
                    "name": "Площадь Гагарина",
                    "rect": null,
                    "text_id": 132,
                    "uid": 140
                },
                {
                    "coord": null,
                    "is_working": true,
                    "name": "Лужники",
                    "rect": null,
                    "text_id": 133,
                    "uid": 141
                },
                {
                    "coord": null,
                    "is_working": true,
                    "name": "Кутузовская",
                    "rect": null,
                    "text_id": 134,
                    "uid": 142
                },
                {
                    "coord": null,
                    "is_working": true,
                    "name": "Деловой центр",
                    "rect": null,
                    "text_id": 83,
                    "uid": 143
                },
                {
                    "coord": null,
                    "is_working": true,
                    "name": "Шелепиха",
                    "rect": null,
                    "text_id": 82,
                    "uid": 144
                },
                {
                    "coord": null,
                    "is_working": true,
                    "name": "Хорошёво",
                    "rect": null,
                    "text_id": 135,
                    "uid": 145
                },
                {
                    "coord": null,
                    "is_working": true,
                    "name": "Зорге",
                    "rect": null,
                    "text_id": 136,
                    "uid": 146
                },
                {
                    "coord": null,
                    "is_working": true,
                    "name": "Панфиловская",
                    "rect": null,
                    "text_id": 137,
                    "uid": 147
                },
                {
                    "coord": null,
                    "is_working": true,
                    "name": "Стрешнево",
                    "rect": null,
                    "text_id": 138,
                    "uid": 148
                },
                {
                    "coord": null,
                    "is_working": true,
                    "name": "Балтийская",
                    "rect": null,
                    "text_id": 139,
                    "uid": 149
                },
                {
                    "coord": null,
                    "is_working": true,
                    "name": "Коптево",
                    "rect": null,
                    "text_id": 140,
                    "uid": 150
                },
                {
                    "coord": null,
                    "is_working": true,
                    "name": "Лихоборы",
                    "rect": null,
                    "text_id": 141,
                    "uid": 151
                }
            ],
            "text_id": 142
        }
    ],
    "lines_width": 9,
    "name": "lublinskayaline",
    "name_text_id": 75,
    "stations_diameter": 16.0,
    "transfers": [
        [
            10,
            37,
            null,
            null
        ],
        [
            37,
            259,
            null,
            null
        ],
        [
            259,
            10,
            null,
            null
        ],
        [
            234,
            294,
            null,
            null
        ],
        [
            39,
            287,
            null,
            null
        ],
        [
            73,
            248,
            [
                200,
                731
            ],
            [
                178,
                731
            ]
        ],
        [
            296,
            261,
            null,
            null
        ],
        [
            333,
            307,
            null,
            null
        ],
        [
            5,
            291,
            null,
            null
        ],
        [
            330,
            295,
            null,
            null
        ],
        [
            332,
            8,
            null,
            null
        ],
        [
            257,
            290,
            [
                178,
                376
            ],
            [
                178,
                350
            ]
        ],
        [
            290,
            61,
            [
                178,
                350
            ],
            [
                200,
                363
            ]
        ],
        [
            257,
            61,
            [
                178,
                376
            ],
            [
                200,
                363
            ]
        ],
        [
            29,
            122,
            null,
            null
        ],
        [
            149,
            230,
            null,
            null
        ],
        [
            0,
            126,
            null,
            null
        ],
        [
            326,
            147,
            null,
            null
        ],
        [
            41,
            138,
            null,
            null
        ],
        [
            300,
            123,
            null,
            null
        ],
        [
            1,
            127,
            null,
            null
        ],
        [
            253,
            128,
            null,
            null
        ],
        [
            347,
            130,
            null,
            null
        ],
        [
            64,
            135,
            [
                200,
                460
            ],
            [
                178,
                460
            ]
        ],
        [
            240,
            136,
            null,
            null
        ],
        [
            140,
            311,
            null,
            null
        ],
        [
            141,
            14,
            null,
            null
        ],
        [
            34,
            293,
            null,
            null
        ],
        [
            309,
            286,
            null,
            null
        ],
        [
            9,
            237,
            null,
            null
        ],
        [
            237,
            258,
            null,
            null
        ],
        [
            239,
            288,
            null,
            null
        ],
        [
            12,
            285,
            null,
            null
        ],
        [
            54,
            30,
            [
                200,
                126
            ],
            [
                178,
                126
            ]
        ],
        [
            349,
            62,
            [
                178,
                400
            ],
            [
                200,
                400
            ]
        ],
        [
            63,
            335,
            [
                200,
                430
            ],
            [
                178,
                430
            ]
        ],
        [
            304,
            292,
            null,
            null
        ],
        [
            331,
            36,
            null,
            null
        ],
        [
            36,
            236,
            null,
            null
        ],
        [
            331,
            236,
            null,
            null
        ],
        [
            350,
            289,
            null,
            null
        ],
        [
            289,
            334,
            null,
            null
        ],
        [
            350,
            334,
            null,
            null
        ],
        [
            351,
            308,
            null,
            null
        ],
        [
            308,
            238,
            null,
            null
        ],
        [
            351,
            238,
            null,
            null
        ],
        [
            306,
            7,
            [
                178,
                300
            ],
            [
                178,
                326
            ]
        ],
        [
            306,
            60,
            [
                178,
                300
            ],
            [
                200,
                315
            ]
        ],
        [
            7,
            60,
            [
                178,
                326
            ],
            [
                200,
                315
            ]
        ],
        [
            35,
            59,
            [
                178,
                276
            ],
            [
                200,
                276
            ]
        ]
    ],
    "transports": [
        "metro",
        "trains",
        "trams",
        "tramsriver"
    ],
    "type_name": "Метро",
    "type_text_id": 1517,
    "upper_case": true,
    "width": 350,
    "word_wrap": true
}