{
    "default_transports": [
        "metro"
    ],
    "height": 413,
    "images": [
        "res/schemes/monorelsline.svg"
    ],
    "is_vector": true,
    "lines": [
        {
            "labels_bg_color": "-1",
            "labels_color": "000000",
            "line_color": "FC9C54",
            "line_width": 9,
            "name": "Калужско-Рижская",
            "segments": [],
            "stations": [
                {
                    "coord": null,
                    "is_working": true,
                    "name": "Медведково",
                    "rect": null,
                    "text_id": 295,
                    "uid": 335
                },
                {
                    "coord": null,
                    "is_working": true,
                    "name": "Бабушкинская",
                    "rect": null,
                    "text_id": 296,
                    "uid": 336
                },
                {
                    "coord": null,
                    "is_working": true,
                    "name": "Свиблово",
                    "rect": null,
                    "text_id": 297,
                    "uid": 337
                },
                {
                    "coord": null,
                    "is_working": true,
                    "name": "Ботанический сад",
                    "rect": null,
                    "text_id": 118,
                    "uid": 338
                },
                {
                    "coord": [
                        296,
                        263
                    ],
                    "is_working": true,
                    "name": "ВДНХ",
                    "rect": [
                        307,
                        256,
                        32,
                        15
                    ],
                    "text_id": 298,
                    "uid": 339
                },
                {
                    "coord": null,
                    "is_working": true,
                    "name": "Алексеевская",
                    "rect": null,
                    "text_id": 299,
                    "uid": 340
                },
                {
                    "coord": null,
                    "is_working": true,
                    "name": "Рижская",
                    "rect": null,
                    "text_id": 101,
                    "uid": 341
                },
                {
                    "coord": null,
                    "is_working": true,
                    "name": "Проспект Мира",
                    "rect": null,
                    "text_id": 291,
                    "uid": 342
                },
                {
                    "coord": null,
                    "is_working": true,
                    "name": "Сухаревская",
                    "rect": null,
                    "text_id": 300,
                    "uid": 343
                },
                {
                    "coord": null,
                    "is_working": true,
                    "name": "Тургеневская",
                    "rect": null,
                    "text_id": 301,
                    "uid": 344
                },
                {
                    "coord": null,
                    "is_working": true,
                    "name": "Китай-город",
                    "rect": null,
                    "text_id": 302,
                    "uid": 345
                },
                {
                    "coord": null,
                    "is_working": true,
                    "name": "Третьяковская",
                    "rect": null,
                    "text_id": 303,
                    "uid": 346
                },
                {
                    "coord": null,
                    "is_working": true,
                    "name": "Октябрьская",
                    "rect": null,
                    "text_id": 288,
                    "uid": 347
                },
                {
                    "coord": null,
                    "is_working": true,
                    "name": "Шаболовская",
                    "rect": null,
                    "text_id": 304,
                    "uid": 348
                },
                {
                    "coord": null,
                    "is_working": true,
                    "name": "Ленинский проспект",
                    "rect": null,
                    "text_id": 305,
                    "uid": 349
                },
                {
                    "coord": null,
                    "is_working": true,
                    "name": "Академическая",
                    "rect": null,
                    "text_id": 306,
                    "uid": 350
                },
                {
                    "coord": null,
                    "is_working": true,
                    "name": "Профсоюзная",
                    "rect": null,
                    "text_id": 307,
                    "uid": 351
                },
                {
                    "coord": null,
                    "is_working": true,
                    "name": "Новые Черемушки",
                    "rect": null,
                    "text_id": 308,
                    "uid": 352
                },
                {
                    "coord": null,
                    "is_working": true,
                    "name": "Калужская",
                    "rect": null,
                    "text_id": 309,
                    "uid": 353
                },
                {
                    "coord": null,
                    "is_working": true,
                    "name": "Беляево",
                    "rect": null,
                    "text_id": 310,
                    "uid": 354
                },
                {
                    "coord": null,
                    "is_working": true,
                    "name": "Коньково",
                    "rect": null,
                    "text_id": 311,
                    "uid": 355
                },
                {
                    "coord": null,
                    "is_working": true,
                    "name": "Теплый Стан",
                    "rect": null,
                    "text_id": 312,
                    "uid": 356
                },
                {
                    "coord": null,
                    "is_working": true,
                    "name": "Ясенево",
                    "rect": null,
                    "text_id": 313,
                    "uid": 357
                },
                {
                    "coord": null,
                    "is_working": true,
                    "name": "Новоясеневская",
                    "rect": null,
                    "text_id": 314,
                    "uid": 358
                }
            ],
            "text_id": 315
        },
        {
            "labels_bg_color": "-1",
            "labels_color": "000000",
            "line_color": "9CA4A4",
            "line_width": 9,
            "name": "Серпуховско-Тимирязевская",
            "segments": [],
            "stations": [
                {
                    "coord": null,
                    "is_working": true,
                    "name": "Алтуфьево",
                    "rect": null,
                    "text_id": 27,
                    "uid": 26
                },
                {
                    "coord": null,
                    "is_working": true,
                    "name": "Бибирево",
                    "rect": null,
                    "text_id": 28,
                    "uid": 27
                },
                {
                    "coord": null,
                    "is_working": true,
                    "name": "Отрадное",
                    "rect": null,
                    "text_id": 29,
                    "uid": 28
                },
                {
                    "coord": null,
                    "is_working": true,
                    "name": "Владыкино",
                    "rect": null,
                    "text_id": 30,
                    "uid": 29
                },
                {
                    "coord": null,
                    "is_working": true,
                    "name": "Петровско-Разумовская",
                    "rect": null,
                    "text_id": 31,
                    "uid": 30
                },
                {
                    "coord": [
                        58,
                        240
                    ],
                    "is_working": true,
                    "name": "Тимирязевская",
                    "rect": [
                        50,
                        127,
                        15,
                        100
                    ],
                    "text_id": 32,
                    "uid": 31
                },
                {
                    "coord": null,
                    "is_working": true,
                    "name": "Дмитровская",
                    "rect": null,
                    "text_id": 33,
                    "uid": 32
                },
                {
                    "coord": null,
                    "is_working": true,
                    "name": "Савеловская",
                    "rect": null,
                    "text_id": 34,
                    "uid": 33
                },
                {
                    "coord": null,
                    "is_working": true,
                    "name": "Менделеевская",
                    "rect": null,
                    "text_id": 35,
                    "uid": 34
                },
                {
                    "coord": null,
                    "is_working": true,
                    "name": "Цветной бульвар",
                    "rect": null,
                    "text_id": 36,
                    "uid": 35
                },
                {
                    "coord": null,
                    "is_working": true,
                    "name": "Чеховская",
                    "rect": null,
                    "text_id": 37,
                    "uid": 36
                },
                {
                    "coord": null,
                    "is_working": true,
                    "name": "Боровицкая",
                    "rect": null,
                    "text_id": 38,
                    "uid": 37
                },
                {
                    "coord": null,
                    "is_working": true,
                    "name": "Полянка",
                    "rect": null,
                    "text_id": 39,
                    "uid": 38
                },
                {
                    "coord": null,
                    "is_working": true,
                    "name": "Серпуховская",
                    "rect": null,
                    "text_id": 40,
                    "uid": 39
                },
                {
                    "coord": null,
                    "is_working": true,
                    "name": "Тульская",
                    "rect": null,
                    "text_id": 41,
                    "uid": 40
                },
                {
                    "coord": null,
                    "is_working": true,
                    "name": "Нагатинская",
                    "rect": null,
                    "text_id": 42,
                    "uid": 41
                },
                {
                    "coord": null,
                    "is_working": true,
                    "name": "Нагорная",
                    "rect": null,
                    "text_id": 43,
                    "uid": 42
                },
                {
                    "coord": null,
                    "is_working": true,
                    "name": "Нахимовский проспект",
                    "rect": null,
                    "text_id": 44,
                    "uid": 43
                },
                {
                    "coord": null,
                    "is_working": true,
                    "name": "Севастопольская",
                    "rect": null,
                    "text_id": 45,
                    "uid": 44
                },
                {
                    "coord": null,
                    "is_working": true,
                    "name": "Чертановская",
                    "rect": null,
                    "text_id": 46,
                    "uid": 45
                },
                {
                    "coord": null,
                    "is_working": true,
                    "name": "Южная",
                    "rect": null,
                    "text_id": 47,
                    "uid": 46
                },
                {
                    "coord": null,
                    "is_working": true,
                    "name": "Пражская",
                    "rect": null,
                    "text_id": 48,
                    "uid": 47
                },
                {
                    "coord": null,
                    "is_working": true,
                    "name": "Улица Академика Янгеля",
                    "rect": null,
                    "text_id": 49,
                    "uid": 48
                },
                {
                    "coord": null,
                    "is_working": true,
                    "name": "Аннино",
                    "rect": null,
                    "text_id": 50,
                    "uid": 49
                },
                {
                    "coord": null,
                    "is_working": true,
                    "name": "Бульвар Дмитрия Донского",
                    "rect": null,
                    "text_id": 51,
                    "uid": 50
                }
            ],
            "text_id": 52
        },
        {
            "labels_bg_color": "-1",
            "labels_color": "000000",
            "line_color": "84ACBC",
            "line_width": 9,
            "name": "Монорельс",
            "segments": [
                [
                    112,
                    113,
                    [
                        [
                            147,
                            240
                        ],
                        [
                            96,
                            240
                        ]
                    ],
                    true
                ],
                [
                    113,
                    114,
                    [
                        [
                            196,
                            240
                        ],
                        [
                            147,
                            240
                        ]
                    ],
                    true
                ],
                [
                    114,
                    115,
                    [
                        [
                            246,
                            240
                        ],
                        [
                            196,
                            240
                        ]
                    ],
                    true
                ],
                [
                    115,
                    116,
                    [
                        [
                            296,
                            240
                        ],
                        [
                            246,
                            240
                        ]
                    ],
                    true
                ],
                [
                    116,
                    117,
                    [
                        [
                            346,
                            240
                        ],
                        [
                            296,
                            240
                        ]
                    ],
                    true
                ]
            ],
            "stations": [
                {
                    "coord": [
                        96,
                        240
                    ],
                    "is_working": true,
                    "name": "Тимирязевская",
                    "rect": [
                        88,
                        127,
                        15,
                        100
                    ],
                    "text_id": 32,
                    "uid": 112
                },
                {
                    "coord": [
                        147,
                        240
                    ],
                    "is_working": true,
                    "name": "Улица Милашенкова",
                    "rect": [
                        140,
                        98,
                        15,
                        129
                    ],
                    "text_id": 112,
                    "uid": 113
                },
                {
                    "coord": [
                        196,
                        240
                    ],
                    "is_working": true,
                    "name": "Телецентр",
                    "rect": [
                        189,
                        162,
                        15,
                        65
                    ],
                    "text_id": 113,
                    "uid": 114
                },
                {
                    "coord": [
                        246,
                        240
                    ],
                    "is_working": true,
                    "name": "Улица академика Королева",
                    "rect": [
                        238,
                        56,
                        15,
                        171
                    ],
                    "text_id": 114,
                    "uid": 115
                },
                {
                    "coord": [
                        296,
                        240
                    ],
                    "is_working": true,
                    "name": "Выставочный центр",
                    "rect": [
                        288,
                        97,
                        15,
                        130
                    ],
                    "text_id": 115,
                    "uid": 116
                },
                {
                    "coord": [
                        346,
                        240
                    ],
                    "is_working": true,
                    "name": "Улица Сергея Эйзенштейна",
                    "rect": [
                        338,
                        55,
                        15,
                        172
                    ],
                    "text_id": 116,
                    "uid": 117
                }
            ],
            "text_id": 117
        },
        {
            "labels_bg_color": "-1",
            "labels_color": "000000",
            "line_color": "F6A800",
            "line_width": 9,
            "name": "МЦД1",
            "segments": [],
            "stations": [
                {
                    "coord": null,
                    "is_working": true,
                    "name": "Лобня",
                    "rect": null,
                    "text_id": 151,
                    "uid": 157
                },
                {
                    "coord": null,
                    "is_working": true,
                    "name": "Шереметьевская",
                    "rect": null,
                    "text_id": 152,
                    "uid": 158
                },
                {
                    "coord": null,
                    "is_working": true,
                    "name": "Хлебниково",
                    "rect": null,
                    "text_id": 153,
                    "uid": 159
                },
                {
                    "coord": null,
                    "is_working": true,
                    "name": "Водники",
                    "rect": null,
                    "text_id": 154,
                    "uid": 160
                },
                {
                    "coord": null,
                    "is_working": true,
                    "name": "Долгопрудная",
                    "rect": null,
                    "text_id": 155,
                    "uid": 161
                },
                {
                    "coord": null,
                    "is_working": true,
                    "name": "Новодачная",
                    "rect": null,
                    "text_id": 156,
                    "uid": 162
                },
                {
                    "coord": null,
                    "is_working": true,
                    "name": "Марк",
                    "rect": null,
                    "text_id": 157,
                    "uid": 163
                },
                {
                    "coord": null,
                    "is_working": true,
                    "name": "Лианозово",
                    "rect": null,
                    "text_id": 158,
                    "uid": 164
                },
                {
                    "coord": null,
                    "is_working": false,
                    "name": "Илимская",
                    "rect": null,
                    "text_id": 159,
                    "uid": 165
                },
                {
                    "coord": null,
                    "is_working": true,
                    "name": "Бескудниково",
                    "rect": null,
                    "text_id": 160,
                    "uid": 166
                },
                {
                    "coord": null,
                    "is_working": true,
                    "name": "Дегунино",
                    "rect": null,
                    "text_id": 161,
                    "uid": 167
                },
                {
                    "coord": null,
                    "is_working": true,
                    "name": "Окружная",
                    "rect": null,
                    "text_id": 55,
                    "uid": 168
                },
                {
                    "coord": null,
                    "is_working": false,
                    "name": "Петровско-Разумовская",
                    "rect": null,
                    "text_id": 31,
                    "uid": 169
                },
                {
                    "coord": [
                        77,
                        240
                    ],
                    "is_working": true,
                    "name": "Тимирязевская",
                    "rect": [
                        69,
                        127,
                        15,
                        100
                    ],
                    "text_id": 32,
                    "uid": 170
                },
                {
                    "coord": null,
                    "is_working": false,
                    "name": "Дмитровская",
                    "rect": null,
                    "text_id": 33,
                    "uid": 171
                },
                {
                    "coord": null,
                    "is_working": true,
                    "name": "Савёловская",
                    "rect": null,
                    "text_id": 162,
                    "uid": 172
                },
                {
                    "coord": null,
                    "is_working": true,
                    "name": "Белорусская",
                    "rect": null,
                    "text_id": 163,
                    "uid": 173
                },
                {
                    "coord": null,
                    "is_working": true,
                    "name": "Беговая",
                    "rect": null,
                    "text_id": 164,
                    "uid": 174
                },
                {
                    "coord": null,
                    "is_working": true,
                    "name": "Тестовская",
                    "rect": null,
                    "text_id": 165,
                    "uid": 175
                },
                {
                    "coord": null,
                    "is_working": true,
                    "name": "Фили",
                    "rect": null,
                    "text_id": 166,
                    "uid": 176
                },
                {
                    "coord": null,
                    "is_working": true,
                    "name": "Славянский бульвар",
                    "rect": null,
                    "text_id": 167,
                    "uid": 177
                },
                {
                    "coord": null,
                    "is_working": true,
                    "name": "Кунцевская",
                    "rect": null,
                    "text_id": 84,
                    "uid": 178
                },
                {
                    "coord": null,
                    "is_working": true,
                    "name": "Рабочий Посёлок",
                    "rect": null,
                    "text_id": 168,
                    "uid": 179
                },
                {
                    "coord": null,
                    "is_working": true,
                    "name": "Сетунь",
                    "rect": null,
                    "text_id": 169,
                    "uid": 180
                },
                {
                    "coord": null,
                    "is_working": true,
                    "name": "Немчиновка",
                    "rect": null,
                    "text_id": 170,
                    "uid": 181
                },
                {
                    "coord": null,
                    "is_working": true,
                    "name": "Сколково",
                    "rect": null,
                    "text_id": 171,
                    "uid": 182
                },
                {
                    "coord": null,
                    "is_working": true,
                    "name": "Баковка",
                    "rect": null,
                    "text_id": 172,
                    "uid": 183
                },
                {
                    "coord": null,
                    "is_working": true,
                    "name": "Одинцово",
                    "rect": null,
                    "text_id": 173,
                    "uid": 184
                }
            ],
            "text_id": 174
        }
    ],
    "lines_width": 9,
    "name": "monorelsline",
    "name_text_id": 117,
    "stations_diameter": 16.0,
    "transfers": [
        [
            169,
            30,
            null,
            null
        ],
        [
            170,
            31,
            [
                77,
                240
            ],
            [
                58,
                240
            ]
        ],
        [
            170,
            112,
            [
                77,
                240
            ],
            [
                96,
                240
            ]
        ],
        [
            171,
            32,
            null,
            null
        ],
        [
            172,
            33,
            null,
            null
        ]
    ],
    "transports": [
        "metro",
        "trains",
        "trams",
        "tramsriver"
    ],
    "type_name": "Метро",
    "type_text_id": 1529,
    "upper_case": true,
    "width": 496,
    "word_wrap": true
}