{
    "default_transports": [
        "metro"
    ],
    "height": 480,
    "images": [
        "res/schemes/nekrasovskayaline.svg"
    ],
    "is_vector": true,
    "lines": [
        {
            "labels_bg_color": "-1",
            "labels_color": "000000",
            "line_color": "AC24AC",
            "line_width": 15,
            "name": "Таганско-Краснопресненская",
            "segments": [],
            "stations": [
                {
                    "coord": null,
                    "is_working": true,
                    "name": "Планерная",
                    "rect": null,
                    "text_id": 357,
                    "uid": 413
                },
                {
                    "coord": null,
                    "is_working": true,
                    "name": "Сходненская",
                    "rect": null,
                    "text_id": 358,
                    "uid": 414
                },
                {
                    "coord": null,
                    "is_working": true,
                    "name": "Тушинская",
                    "rect": null,
                    "text_id": 193,
                    "uid": 415
                },
                {
                    "coord": null,
                    "is_working": true,
                    "name": "Спартак",
                    "rect": null,
                    "text_id": 359,
                    "uid": 416
                },
                {
                    "coord": null,
                    "is_working": true,
                    "name": "Щукинская",
                    "rect": null,
                    "text_id": 194,
                    "uid": 417
                },
                {
                    "coord": null,
                    "is_working": true,
                    "name": "Октябрьское поле",
                    "rect": null,
                    "text_id": 360,
                    "uid": 418
                },
                {
                    "coord": null,
                    "is_working": true,
                    "name": "Полежаевская",
                    "rect": null,
                    "text_id": 361,
                    "uid": 419
                },
                {
                    "coord": null,
                    "is_working": true,
                    "name": "Беговая",
                    "rect": null,
                    "text_id": 174,
                    "uid": 420
                },
                {
                    "coord": null,
                    "is_working": true,
                    "name": "Улица 1905 года",
                    "rect": null,
                    "text_id": 362,
                    "uid": 421
                },
                {
                    "coord": null,
                    "is_working": true,
                    "name": "Баррикадная",
                    "rect": null,
                    "text_id": 363,
                    "uid": 422
                },
                {
                    "coord": null,
                    "is_working": true,
                    "name": "Пушкинская",
                    "rect": null,
                    "text_id": 364,
                    "uid": 423
                },
                {
                    "coord": null,
                    "is_working": true,
                    "name": "Кузнецкий мост",
                    "rect": null,
                    "text_id": 365,
                    "uid": 424
                },
                {
                    "coord": null,
                    "is_working": true,
                    "name": "Китай-город",
                    "rect": null,
                    "text_id": 344,
                    "uid": 425
                },
                {
                    "coord": null,
                    "is_working": true,
                    "name": "Таганская",
                    "rect": null,
                    "text_id": 332,
                    "uid": 426
                },
                {
                    "coord": null,
                    "is_working": true,
                    "name": "Пролетарская",
                    "rect": null,
                    "text_id": 366,
                    "uid": 427
                },
                {
                    "coord": null,
                    "is_working": true,
                    "name": "Волгоградский проспект",
                    "rect": null,
                    "text_id": 367,
                    "uid": 428
                },
                {
                    "coord": null,
                    "is_working": true,
                    "name": "Текстильщики",
                    "rect": null,
                    "text_id": 98,
                    "uid": 429
                },
                {
                    "coord": null,
                    "is_working": true,
                    "name": "Кузьминки",
                    "rect": null,
                    "text_id": 368,
                    "uid": 430
                },
                {
                    "coord": [
                        156,
                        130
                    ],
                    "is_working": true,
                    "name": "Рязанский проспект",
                    "rect": [
                        66,
                        116,
                        72,
                        28
                    ],
                    "text_id": 369,
                    "uid": 431
                },
                {
                    "coord": null,
                    "is_working": true,
                    "name": "Выхино",
                    "rect": null,
                    "text_id": 235,
                    "uid": 432
                },
                {
                    "coord": [
                        156,
                        210
                    ],
                    "is_working": true,
                    "name": "Лермонтовский проспект",
                    "rect": [
                        36,
                        197,
                        102,
                        28
                    ],
                    "text_id": 370,
                    "uid": 433
                },
                {
                    "coord": null,
                    "is_working": true,
                    "name": "Жулебино",
                    "rect": null,
                    "text_id": 371,
                    "uid": 434
                },
                {
                    "coord": null,
                    "is_working": true,
                    "name": "Котельники",
                    "rect": null,
                    "text_id": 372,
                    "uid": 435
                }
            ],
            "text_id": 373
        },
        {
            "labels_bg_color": "-1",
            "labels_color": "000000",
            "line_color": "DE7272",
            "line_width": 15,
            "name": "МЦК",
            "segments": [],
            "stations": [
                {
                    "coord": null,
                    "is_working": true,
                    "name": "Окружная",
                    "rect": null,
                    "text_id": 59,
                    "uid": 114
                },
                {
                    "coord": null,
                    "is_working": true,
                    "name": "Владыкино",
                    "rect": null,
                    "text_id": 31,
                    "uid": 115
                },
                {
                    "coord": null,
                    "is_working": true,
                    "name": "Ботанический сад",
                    "rect": null,
                    "text_id": 114,
                    "uid": 116
                },
                {
                    "coord": null,
                    "is_working": true,
                    "name": "Ростокино",
                    "rect": null,
                    "text_id": 115,
                    "uid": 117
                },
                {
                    "coord": null,
                    "is_working": true,
                    "name": "Белокаменная",
                    "rect": null,
                    "text_id": 116,
                    "uid": 118
                },
                {
                    "coord": null,
                    "is_working": true,
                    "name": "Бульвар Рокоссовского",
                    "rect": null,
                    "text_id": 0,
                    "uid": 119
                },
                {
                    "coord": null,
                    "is_working": true,
                    "name": "Локомотив",
                    "rect": null,
                    "text_id": 117,
                    "uid": 120
                },
                {
                    "coord": null,
                    "is_working": true,
                    "name": "Измайлово",
                    "rect": null,
                    "text_id": 118,
                    "uid": 121
                },
                {
                    "coord": null,
                    "is_working": true,
                    "name": "Соколиная Гора",
                    "rect": null,
                    "text_id": 119,
                    "uid": 122
                },
                {
                    "coord": null,
                    "is_working": true,
                    "name": "Шоссе Энтузиастов",
                    "rect": null,
                    "text_id": 120,
                    "uid": 123
                },
                {
                    "coord": null,
                    "is_working": true,
                    "name": "Андроновка",
                    "rect": null,
                    "text_id": 121,
                    "uid": 124
                },
                {
                    "coord": [
                        156,
                        50
                    ],
                    "is_working": true,
                    "name": "Нижегородская",
                    "rect": [
                        38,
                        41,
                        100,
                        15
                    ],
                    "text_id": 99,
                    "uid": 125
                },
                {
                    "coord": null,
                    "is_working": true,
                    "name": "Новохохловская",
                    "rect": null,
                    "text_id": 122,
                    "uid": 126
                },
                {
                    "coord": null,
                    "is_working": true,
                    "name": "Угрешская",
                    "rect": null,
                    "text_id": 123,
                    "uid": 127
                },
                {
                    "coord": null,
                    "is_working": true,
                    "name": "Дубровка",
                    "rect": null,
                    "text_id": 69,
                    "uid": 128
                },
                {
                    "coord": null,
                    "is_working": true,
                    "name": "Автозаводская",
                    "rect": null,
                    "text_id": 124,
                    "uid": 129
                },
                {
                    "coord": null,
                    "is_working": true,
                    "name": "ЗИЛ",
                    "rect": null,
                    "text_id": 125,
                    "uid": 130
                },
                {
                    "coord": null,
                    "is_working": true,
                    "name": "Верхние Котлы",
                    "rect": null,
                    "text_id": 126,
                    "uid": 131
                },
                {
                    "coord": null,
                    "is_working": true,
                    "name": "Крымская",
                    "rect": null,
                    "text_id": 127,
                    "uid": 132
                },
                {
                    "coord": null,
                    "is_working": true,
                    "name": "Площадь Гагарина",
                    "rect": null,
                    "text_id": 128,
                    "uid": 133
                },
                {
                    "coord": null,
                    "is_working": true,
                    "name": "Лужники",
                    "rect": null,
                    "text_id": 129,
                    "uid": 134
                },
                {
                    "coord": null,
                    "is_working": true,
                    "name": "Кутузовская",
                    "rect": null,
                    "text_id": 130,
                    "uid": 135
                },
                {
                    "coord": null,
                    "is_working": true,
                    "name": "Москва-Сити",
                    "rect": null,
                    "text_id": 131,
                    "uid": 136
                },
                {
                    "coord": null,
                    "is_working": true,
                    "name": "Шелепиха",
                    "rect": null,
                    "text_id": 132,
                    "uid": 137
                },
                {
                    "coord": null,
                    "is_working": true,
                    "name": "Хорошёво",
                    "rect": null,
                    "text_id": 133,
                    "uid": 138
                },
                {
                    "coord": null,
                    "is_working": true,
                    "name": "Зорге",
                    "rect": null,
                    "text_id": 134,
                    "uid": 139
                },
                {
                    "coord": null,
                    "is_working": true,
                    "name": "Панфиловская",
                    "rect": null,
                    "text_id": 135,
                    "uid": 140
                },
                {
                    "coord": null,
                    "is_working": true,
                    "name": "Стрешнево",
                    "rect": null,
                    "text_id": 136,
                    "uid": 141
                },
                {
                    "coord": null,
                    "is_working": true,
                    "name": "Балтийская",
                    "rect": null,
                    "text_id": 137,
                    "uid": 142
                },
                {
                    "coord": null,
                    "is_working": true,
                    "name": "Коптево",
                    "rect": null,
                    "text_id": 138,
                    "uid": 143
                },
                {
                    "coord": null,
                    "is_working": true,
                    "name": "Лихоборы",
                    "rect": null,
                    "text_id": 139,
                    "uid": 144
                }
            ],
            "text_id": 140
        },
        {
            "labels_bg_color": "-1",
            "labels_color": "000000",
            "line_color": "DE64A1",
            "line_width": 15,
            "name": "Некрасовская",
            "segments": [
                [
                    145,
                    146,
                    [
                        [
                            180,
                            290
                        ],
                        [
                            180,
                            330
                        ]
                    ],
                    true
                ],
                [
                    146,
                    147,
                    [
                        [
                            180,
                            250
                        ],
                        [
                            180,
                            290
                        ]
                    ],
                    true
                ],
                [
                    147,
                    148,
                    [
                        [
                            180,
                            210
                        ],
                        [
                            180,
                            250
                        ]
                    ],
                    true
                ],
                [
                    148,
                    149,
                    [
                        [
                            180,
                            170
                        ],
                        [
                            180,
                            210
                        ]
                    ],
                    true
                ],
                [
                    149,
                    150,
                    [
                        [
                            180,
                            130
                        ],
                        [
                            180,
                            170
                        ]
                    ],
                    true
                ],
                [
                    150,
                    151,
                    [
                        [
                            180,
                            90
                        ],
                        [
                            180,
                            130
                        ]
                    ],
                    true
                ],
                [
                    151,
                    152,
                    [
                        [
                            180,
                            50
                        ],
                        [
                            180,
                            90
                        ]
                    ],
                    true
                ]
            ],
            "stations": [
                {
                    "coord": [
                        180,
                        330
                    ],
                    "is_working": true,
                    "name": "Некрасовка",
                    "rect": [
                        200,
                        323,
                        76,
                        15
                    ],
                    "text_id": 141,
                    "uid": 145
                },
                {
                    "coord": [
                        180,
                        290
                    ],
                    "is_working": true,
                    "name": "Лухмановская",
                    "rect": [
                        200,
                        283,
                        93,
                        15
                    ],
                    "text_id": 142,
                    "uid": 146
                },
                {
                    "coord": [
                        180,
                        250
                    ],
                    "is_working": true,
                    "name": "Улица Дмитриевского",
                    "rect": [
                        200,
                        237,
                        98,
                        28
                    ],
                    "text_id": 143,
                    "uid": 147
                },
                {
                    "coord": [
                        180,
                        210
                    ],
                    "is_working": true,
                    "name": "Косино",
                    "rect": [
                        200,
                        202,
                        48,
                        15
                    ],
                    "text_id": 144,
                    "uid": 148
                },
                {
                    "coord": [
                        180,
                        170
                    ],
                    "is_working": true,
                    "name": "Юго-Восточная",
                    "rect": [
                        200,
                        163,
                        99,
                        15
                    ],
                    "text_id": 145,
                    "uid": 149
                },
                {
                    "coord": [
                        180,
                        130
                    ],
                    "is_working": true,
                    "name": "Окская",
                    "rect": [
                        200,
                        124,
                        46,
                        15
                    ],
                    "text_id": 146,
                    "uid": 150
                },
                {
                    "coord": [
                        180,
                        90
                    ],
                    "is_working": true,
                    "name": "Стахановская",
                    "rect": [
                        200,
                        84,
                        93,
                        15
                    ],
                    "text_id": 147,
                    "uid": 151
                },
                {
                    "coord": [
                        180,
                        50
                    ],
                    "is_working": true,
                    "name": "Нижегородская",
                    "rect": [
                        200,
                        43,
                        100,
                        15
                    ],
                    "text_id": 99,
                    "uid": 152
                }
            ],
            "text_id": 148
        }
    ],
    "lines_width": 15,
    "name": "nekrasovskayaline",
    "name_text_id": 148,
    "stations_diameter": 20.0,
    "transfers": [
        [
            152,
            125,
            [
                180,
                50
            ],
            [
                156,
                50
            ]
        ],
        [
            418,
            140,
            null,
            null
        ],
        [
            148,
            433,
            [
                180,
                210
            ],
            [
                156,
                210
            ]
        ]
    ],
    "transports": [
        "metro",
        "trains"
    ],
    "type_name": "Метро",
    "type_text_id": 1542,
    "upper_case": true,
    "width": 330,
    "word_wrap": true
}