{
    "default_transports": [
        "metro"
    ],
    "height": 480,
    "images": [
        "res/schemes/nekrasovskayaline.svg"
    ],
    "is_vector": true,
    "lines": [
        {
            "labels_bg_color": "-1",
            "labels_color": "000000",
            "line_color": "AC24AC",
            "line_width": 15,
            "name": "Таганско-Краснопресненская",
            "segments": [],
            "stations": [
                {
                    "coord": null,
                    "is_working": true,
                    "name": "Планерная",
                    "rect": null,
                    "text_id": 349,
                    "uid": 401
                },
                {
                    "coord": null,
                    "is_working": true,
                    "name": "Сходненская",
                    "rect": null,
                    "text_id": 350,
                    "uid": 402
                },
                {
                    "coord": null,
                    "is_working": true,
                    "name": "Тушинская",
                    "rect": null,
                    "text_id": 185,
                    "uid": 403
                },
                {
                    "coord": null,
                    "is_working": true,
                    "name": "Спартак",
                    "rect": null,
                    "text_id": 351,
                    "uid": 404
                },
                {
                    "coord": null,
                    "is_working": true,
                    "name": "Щукинская",
                    "rect": null,
                    "text_id": 186,
                    "uid": 405
                },
                {
                    "coord": null,
                    "is_working": true,
                    "name": "Октябрьское поле",
                    "rect": null,
                    "text_id": 352,
                    "uid": 406
                },
                {
                    "coord": null,
                    "is_working": true,
                    "name": "Полежаевская",
                    "rect": null,
                    "text_id": 353,
                    "uid": 407
                },
                {
                    "coord": null,
                    "is_working": true,
                    "name": "Беговая",
                    "rect": null,
                    "text_id": 166,
                    "uid": 408
                },
                {
                    "coord": null,
                    "is_working": true,
                    "name": "Улица 1905 года",
                    "rect": null,
                    "text_id": 354,
                    "uid": 409
                },
                {
                    "coord": null,
                    "is_working": true,
                    "name": "Баррикадная",
                    "rect": null,
                    "text_id": 355,
                    "uid": 410
                },
                {
                    "coord": null,
                    "is_working": true,
                    "name": "Пушкинская",
                    "rect": null,
                    "text_id": 356,
                    "uid": 411
                },
                {
                    "coord": null,
                    "is_working": true,
                    "name": "Кузнецкий мост",
                    "rect": null,
                    "text_id": 357,
                    "uid": 412
                },
                {
                    "coord": null,
                    "is_working": true,
                    "name": "Китай-город",
                    "rect": null,
                    "text_id": 335,
                    "uid": 413
                },
                {
                    "coord": null,
                    "is_working": true,
                    "name": "Таганская",
                    "rect": null,
                    "text_id": 323,
                    "uid": 414
                },
                {
                    "coord": null,
                    "is_working": true,
                    "name": "Пролетарская",
                    "rect": null,
                    "text_id": 358,
                    "uid": 415
                },
                {
                    "coord": null,
                    "is_working": true,
                    "name": "Волгоградский проспект",
                    "rect": null,
                    "text_id": 359,
                    "uid": 416
                },
                {
                    "coord": null,
                    "is_working": true,
                    "name": "Текстильщики",
                    "rect": null,
                    "text_id": 99,
                    "uid": 417
                },
                {
                    "coord": null,
                    "is_working": true,
                    "name": "Кузьминки",
                    "rect": null,
                    "text_id": 360,
                    "uid": 418
                },
                {
                    "coord": [
                        156,
                        130
                    ],
                    "is_working": true,
                    "name": "Рязанский проспект",
                    "rect": [
                        66,
                        116,
                        72,
                        28
                    ],
                    "text_id": 361,
                    "uid": 419
                },
                {
                    "coord": null,
                    "is_working": true,
                    "name": "Выхино",
                    "rect": null,
                    "text_id": 227,
                    "uid": 420
                },
                {
                    "coord": [
                        156,
                        210
                    ],
                    "is_working": true,
                    "name": "Лермонтовский проспект",
                    "rect": [
                        36,
                        197,
                        102,
                        28
                    ],
                    "text_id": 362,
                    "uid": 421
                },
                {
                    "coord": null,
                    "is_working": true,
                    "name": "Жулебино",
                    "rect": null,
                    "text_id": 363,
                    "uid": 422
                },
                {
                    "coord": null,
                    "is_working": true,
                    "name": "Котельники",
                    "rect": null,
                    "text_id": 364,
                    "uid": 423
                }
            ],
            "text_id": 365
        },
        {
            "labels_bg_color": "-1",
            "labels_color": "000000",
            "line_color": "DE7272",
            "line_width": 15,
            "name": "МЦК",
            "segments": [],
            "stations": [
                {
                    "coord": null,
                    "is_working": true,
                    "name": "Окружная",
                    "rect": null,
                    "text_id": 58,
                    "uid": 121
                },
                {
                    "coord": null,
                    "is_working": true,
                    "name": "Владыкино",
                    "rect": null,
                    "text_id": 30,
                    "uid": 122
                },
                {
                    "coord": null,
                    "is_working": true,
                    "name": "Ботанический сад",
                    "rect": null,
                    "text_id": 121,
                    "uid": 123
                },
                {
                    "coord": null,
                    "is_working": true,
                    "name": "Ростокино",
                    "rect": null,
                    "text_id": 122,
                    "uid": 124
                },
                {
                    "coord": null,
                    "is_working": true,
                    "name": "Белокаменная",
                    "rect": null,
                    "text_id": 123,
                    "uid": 125
                },
                {
                    "coord": null,
                    "is_working": true,
                    "name": "Бульвар Рокоссовского",
                    "rect": null,
                    "text_id": 0,
                    "uid": 126
                },
                {
                    "coord": null,
                    "is_working": true,
                    "name": "Локомотив",
                    "rect": null,
                    "text_id": 124,
                    "uid": 127
                },
                {
                    "coord": null,
                    "is_working": true,
                    "name": "Измайлово",
                    "rect": null,
                    "text_id": 125,
                    "uid": 128
                },
                {
                    "coord": null,
                    "is_working": true,
                    "name": "Соколиная Гора",
                    "rect": null,
                    "text_id": 126,
                    "uid": 129
                },
                {
                    "coord": null,
                    "is_working": true,
                    "name": "Шоссе Энтузиастов",
                    "rect": null,
                    "text_id": 127,
                    "uid": 130
                },
                {
                    "coord": null,
                    "is_working": true,
                    "name": "Андроновка",
                    "rect": null,
                    "text_id": 128,
                    "uid": 131
                },
                {
                    "coord": [
                        156,
                        50
                    ],
                    "is_working": true,
                    "name": "Нижегородская",
                    "rect": [
                        38,
                        41,
                        100,
                        15
                    ],
                    "text_id": 100,
                    "uid": 132
                },
                {
                    "coord": null,
                    "is_working": true,
                    "name": "Новохохловская",
                    "rect": null,
                    "text_id": 129,
                    "uid": 133
                },
                {
                    "coord": null,
                    "is_working": true,
                    "name": "Угрешская",
                    "rect": null,
                    "text_id": 130,
                    "uid": 134
                },
                {
                    "coord": null,
                    "is_working": true,
                    "name": "Дубровка",
                    "rect": null,
                    "text_id": 68,
                    "uid": 135
                },
                {
                    "coord": null,
                    "is_working": true,
                    "name": "Автозаводская",
                    "rect": null,
                    "text_id": 131,
                    "uid": 136
                },
                {
                    "coord": null,
                    "is_working": true,
                    "name": "ЗИЛ",
                    "rect": null,
                    "text_id": 132,
                    "uid": 137
                },
                {
                    "coord": null,
                    "is_working": true,
                    "name": "Верхние Котлы",
                    "rect": null,
                    "text_id": 133,
                    "uid": 138
                },
                {
                    "coord": null,
                    "is_working": true,
                    "name": "Крымская",
                    "rect": null,
                    "text_id": 134,
                    "uid": 139
                },
                {
                    "coord": null,
                    "is_working": true,
                    "name": "Площадь Гагарина",
                    "rect": null,
                    "text_id": 135,
                    "uid": 140
                },
                {
                    "coord": null,
                    "is_working": true,
                    "name": "Лужники",
                    "rect": null,
                    "text_id": 136,
                    "uid": 141
                },
                {
                    "coord": null,
                    "is_working": true,
                    "name": "Кутузовская",
                    "rect": null,
                    "text_id": 137,
                    "uid": 142
                },
                {
                    "coord": null,
                    "is_working": true,
                    "name": "Деловой центр",
                    "rect": null,
                    "text_id": 83,
                    "uid": 143
                },
                {
                    "coord": null,
                    "is_working": true,
                    "name": "Шелепиха",
                    "rect": null,
                    "text_id": 82,
                    "uid": 144
                },
                {
                    "coord": null,
                    "is_working": true,
                    "name": "Хорошёво",
                    "rect": null,
                    "text_id": 138,
                    "uid": 145
                },
                {
                    "coord": null,
                    "is_working": true,
                    "name": "Зорге",
                    "rect": null,
                    "text_id": 139,
                    "uid": 146
                },
                {
                    "coord": null,
                    "is_working": true,
                    "name": "Панфиловская",
                    "rect": null,
                    "text_id": 140,
                    "uid": 147
                },
                {
                    "coord": null,
                    "is_working": true,
                    "name": "Стрешнево",
                    "rect": null,
                    "text_id": 141,
                    "uid": 148
                },
                {
                    "coord": null,
                    "is_working": true,
                    "name": "Балтийская",
                    "rect": null,
                    "text_id": 142,
                    "uid": 149
                },
                {
                    "coord": null,
                    "is_working": true,
                    "name": "Коптево",
                    "rect": null,
                    "text_id": 143,
                    "uid": 150
                },
                {
                    "coord": null,
                    "is_working": true,
                    "name": "Лихоборы",
                    "rect": null,
                    "text_id": 144,
                    "uid": 151
                }
            ],
            "text_id": 145
        },
        {
            "labels_bg_color": "-1",
            "labels_color": "000000",
            "line_color": "DE64A1",
            "line_width": 15,
            "name": "Некрасовская",
            "segments": [
                [
                    152,
                    153,
                    [
                        [
                            180,
                            290
                        ],
                        [
                            180,
                            330
                        ]
                    ],
                    true
                ],
                [
                    153,
                    154,
                    [
                        [
                            180,
                            250
                        ],
                        [
                            180,
                            290
                        ]
                    ],
                    true
                ],
                [
                    154,
                    155,
                    [
                        [
                            180,
                            210
                        ],
                        [
                            180,
                            250
                        ]
                    ],
                    true
                ],
                [
                    155,
                    156,
                    [
                        [
                            180,
                            170
                        ],
                        [
                            180,
                            210
                        ]
                    ],
                    true
                ],
                [
                    156,
                    157,
                    [
                        [
                            180,
                            130
                        ],
                        [
                            180,
                            170
                        ]
                    ],
                    true
                ],
                [
                    157,
                    158,
                    [
                        [
                            180,
                            90
                        ],
                        [
                            180,
                            130
                        ]
                    ],
                    true
                ],
                [
                    158,
                    159,
                    [
                        [
                            180,
                            50
                        ],
                        [
                            180,
                            90
                        ]
                    ],
                    true
                ]
            ],
            "stations": [
                {
                    "coord": [
                        180,
                        330
                    ],
                    "is_working": true,
                    "name": "Некрасовка",
                    "rect": [
                        200,
                        323,
                        76,
                        15
                    ],
                    "text_id": 146,
                    "uid": 152
                },
                {
                    "coord": [
                        180,
                        290
                    ],
                    "is_working": true,
                    "name": "Лухмановская",
                    "rect": [
                        200,
                        283,
                        93,
                        15
                    ],
                    "text_id": 147,
                    "uid": 153
                },
                {
                    "coord": [
                        180,
                        250
                    ],
                    "is_working": true,
                    "name": "Улица Дмитриевского",
                    "rect": [
                        200,
                        237,
                        98,
                        28
                    ],
                    "text_id": 148,
                    "uid": 154
                },
                {
                    "coord": [
                        180,
                        210
                    ],
                    "is_working": true,
                    "name": "Косино",
                    "rect": [
                        200,
                        202,
                        48,
                        15
                    ],
                    "text_id": 149,
                    "uid": 155
                },
                {
                    "coord": [
                        180,
                        170
                    ],
                    "is_working": true,
                    "name": "Юго-Восточная",
                    "rect": [
                        200,
                        163,
                        99,
                        15
                    ],
                    "text_id": 150,
                    "uid": 156
                },
                {
                    "coord": [
                        180,
                        130
                    ],
                    "is_working": true,
                    "name": "Окская",
                    "rect": [
                        200,
                        124,
                        46,
                        15
                    ],
                    "text_id": 151,
                    "uid": 157
                },
                {
                    "coord": [
                        180,
                        90
                    ],
                    "is_working": true,
                    "name": "Стахановская",
                    "rect": [
                        200,
                        84,
                        93,
                        15
                    ],
                    "text_id": 152,
                    "uid": 158
                },
                {
                    "coord": [
                        180,
                        50
                    ],
                    "is_working": true,
                    "name": "Нижегородская",
                    "rect": [
                        200,
                        43,
                        100,
                        15
                    ],
                    "text_id": 100,
                    "uid": 159
                }
            ],
            "text_id": 153
        }
    ],
    "lines_width": 15,
    "name": "nekrasovskayaline",
    "name_text_id": 153,
    "stations_diameter": 20.0,
    "transfers": [
        [
            159,
            132,
            [
                180,
                50
            ],
            [
                156,
                50
            ]
        ],
        [
            406,
            147,
            null,
            null
        ],
        [
            155,
            421,
            [
                180,
                210
            ],
            [
                156,
                210
            ]
        ]
    ],
    "transports": [
        "metro",
        "trains"
    ],
    "type_name": "Метро",
    "type_text_id": 1539,
    "upper_case": true,
    "width": 330,
    "word_wrap": true
}