{
    "default_transports": [
        "trains"
    ],
    "height": 1277,
    "images": [
        "res/schemes/paveleckayazhd.svg"
    ],
    "is_vector": true,
    "lines": [
        {
            "labels_bg_color": "-1",
            "labels_color": "000000",
            "line_color": "2BC40C",
            "line_width": 6,
            "name": "Павелецкая",
            "segments": [
                [
                    955,
                    956,
                    [
                        [
                            120,
                            47
                        ],
                        [
                            115,
                            27
                        ]
                    ],
                    true
                ],
                [
                    956,
                    957,
                    [
                        [
                            125,
                            67
                        ],
                        [
                            120,
                            47
                        ]
                    ],
                    true
                ],
                [
                    957,
                    958,
                    [
                        [
                            130,
                            87
                        ],
                        [
                            125,
                            67
                        ]
                    ],
                    true
                ],
                [
                    958,
                    959,
                    [
                        [
                            135,
                            107
                        ],
                        [
                            130,
                            87
                        ]
                    ],
                    true
                ],
                [
                    959,
                    960,
                    [
                        [
                            140,
                            127
                        ],
                        [
                            135,
                            107
                        ]
                    ],
                    true
                ],
                [
                    960,
                    961,
                    [
                        [
                            145,
                            147
                        ],
                        [
                            140,
                            127
                        ]
                    ],
                    true
                ],
                [
                    961,
                    962,
                    [
                        [
                            150,
                            167
                        ],
                        [
                            145,
                            147
                        ]
                    ],
                    true
                ],
                [
                    962,
                    963,
                    [
                        [
                            155,
                            187
                        ],
                        [
                            150,
                            167
                        ]
                    ],
                    true
                ],
                [
                    963,
                    964,
                    [
                        [
                            160,
                            207
                        ],
                        [
                            155,
                            187
                        ]
                    ],
                    true
                ],
                [
                    964,
                    965,
                    [
                        [
                            165,
                            227
                        ],
                        [
                            160,
                            207
                        ]
                    ],
                    true
                ],
                [
                    965,
                    966,
                    [
                        [
                            170,
                            247
                        ],
                        [
                            165,
                            227
                        ]
                    ],
                    true
                ],
                [
                    966,
                    967,
                    [
                        [
                            175,
                            267
                        ],
                        [
                            170,
                            247
                        ]
                    ],
                    true
                ],
                [
                    967,
                    968,
                    [
                        [
                            180,
                            287
                        ],
                        [
                            175,
                            267
                        ]
                    ],
                    true
                ],
                [
                    967,
                    1011,
                    [
                        [
                            257,
                            267
                        ],
                        [
                            175,
                            267
                        ]
                    ],
                    true
                ],
                [
                    968,
                    969,
                    [
                        [
                            185,
                            307
                        ],
                        [
                            180,
                            287
                        ]
                    ],
                    true
                ],
                [
                    969,
                    970,
                    [
                        [
                            190,
                            327
                        ],
                        [
                            185,
                            307
                        ]
                    ],
                    true
                ],
                [
                    970,
                    971,
                    [
                        [
                            195,
                            347
                        ],
                        [
                            190,
                            327
                        ]
                    ],
                    true
                ],
                [
                    971,
                    972,
                    [
                        [
                            200,
                            367
                        ],
                        [
                            195,
                            347
                        ]
                    ],
                    true
                ],
                [
                    972,
                    973,
                    [
                        [
                            205,
                            387
                        ],
                        [
                            200,
                            367
                        ]
                    ],
                    true
                ],
                [
                    973,
                    974,
                    [
                        [
                            210,
                            407
                        ],
                        [
                            205,
                            387
                        ]
                    ],
                    true
                ],
                [
                    974,
                    975,
                    [
                        [
                            215,
                            427
                        ],
                        [
                            210,
                            407
                        ]
                    ],
                    true
                ],
                [
                    975,
                    976,
                    [
                        [
                            220,
                            447
                        ],
                        [
                            215,
                            427
                        ]
                    ],
                    true
                ],
                [
                    976,
                    977,
                    [
                        [
                            225,
                            467
                        ],
                        [
                            220,
                            447
                        ]
                    ],
                    true
                ],
                [
                    977,
                    978,
                    [
                        [
                            230,
                            487
                        ],
                        [
                            225,
                            467
                        ]
                    ],
                    true
                ],
                [
                    978,
                    979,
                    [
                        [
                            235,
                            507
                        ],
                        [
                            230,
                            487
                        ]
                    ],
                    true
                ],
                [
                    979,
                    980,
                    [
                        [
                            240,
                            527
                        ],
                        [
                            235,
                            507
                        ]
                    ],
                    true
                ],
                [
                    980,
                    981,
                    [
                        [
                            245,
                            547
                        ],
                        [
                            240,
                            527
                        ]
                    ],
                    true
                ],
                [
                    981,
                    982,
                    [
                        [
                            250,
                            567
                        ],
                        [
                            245,
                            547
                        ]
                    ],
                    true
                ],
                [
                    982,
                    983,
                    [
                        [
                            255,
                            587
                        ],
                        [
                            250,
                            567
                        ]
                    ],
                    true
                ],
                [
                    983,
                    984,
                    [
                        [
                            260,
                            607
                        ],
                        [
                            255,
                            587
                        ]
                    ],
                    true
                ],
                [
                    984,
                    985,
                    [
                        [
                            265,
                            627
                        ],
                        [
                            260,
                            607
                        ]
                    ],
                    true
                ],
                [
                    985,
                    986,
                    [
                        [
                            269,
                            647
                        ],
                        [
                            265,
                            627
                        ]
                    ],
                    true
                ],
                [
                    985,
                    1014,
                    [
                        [
                            240,
                            627
                        ],
                        [
                            265,
                            627
                        ]
                    ],
                    true
                ],
                [
                    986,
                    987,
                    [
                        [
                            275,
                            667
                        ],
                        [
                            269,
                            647
                        ]
                    ],
                    true
                ],
                [
                    987,
                    988,
                    [
                        [
                            280,
                            687
                        ],
                        [
                            275,
                            667
                        ]
                    ],
                    true
                ],
                [
                    988,
                    989,
                    [
                        [
                            285,
                            707
                        ],
                        [
                            280,
                            687
                        ]
                    ],
                    true
                ],
                [
                    989,
                    990,
                    [
                        [
                            290,
                            727
                        ],
                        [
                            285,
                            707
                        ]
                    ],
                    true
                ],
                [
                    990,
                    991,
                    [
                        [
                            295,
                            747
                        ],
                        [
                            290,
                            727
                        ]
                    ],
                    true
                ],
                [
                    991,
                    992,
                    [
                        [
                            300,
                            767
                        ],
                        [
                            295,
                            747
                        ]
                    ],
                    true
                ],
                [
                    992,
                    993,
                    [
                        [
                            305,
                            787
                        ],
                        [
                            300,
                            767
                        ]
                    ],
                    true
                ],
                [
                    993,
                    994,
                    [
                        [
                            310,
                            807
                        ],
                        [
                            305,
                            787
                        ]
                    ],
                    true
                ],
                [
                    994,
                    995,
                    [
                        [
                            315,
                            827
                        ],
                        [
                            310,
                            807
                        ]
                    ],
                    true
                ],
                [
                    995,
                    996,
                    [
                        [
                            320,
                            847
                        ],
                        [
                            315,
                            827
                        ]
                    ],
                    true
                ],
                [
                    996,
                    997,
                    [
                        [
                            325,
                            867
                        ],
                        [
                            320,
                            847
                        ]
                    ],
                    true
                ],
                [
                    997,
                    998,
                    [
                        [
                            330,
                            887
                        ],
                        [
                            325,
                            867
                        ]
                    ],
                    true
                ],
                [
                    998,
                    999,
                    [
                        [
                            335,
                            907
                        ],
                        [
                            330,
                            887
                        ]
                    ],
                    true
                ],
                [
                    999,
                    1000,
                    [
                        [
                            340,
                            927
                        ],
                        [
                            335,
                            907
                        ]
                    ],
                    true
                ],
                [
                    1000,
                    1001,
                    [
                        [
                            345,
                            947
                        ],
                        [
                            340,
                            927
                        ]
                    ],
                    true
                ],
                [
                    1001,
                    1002,
                    [
                        [
                            350,
                            967
                        ],
                        [
                            345,
                            947
                        ]
                    ],
                    true
                ],
                [
                    1002,
                    1003,
                    [
                        [
                            355,
                            987
                        ],
                        [
                            350,
                            967
                        ]
                    ],
                    true
                ],
                [
                    1003,
                    1004,
                    [
                        [
                            360,
                            1007
                        ],
                        [
                            355,
                            987
                        ]
                    ],
                    true
                ],
                [
                    1004,
                    1005,
                    [
                        [
                            365,
                            1027
                        ],
                        [
                            360,
                            1007
                        ]
                    ],
                    true
                ],
                [
                    1005,
                    1006,
                    [
                        [
                            370,
                            1047
                        ],
                        [
                            365,
                            1027
                        ]
                    ],
                    true
                ],
                [
                    1006,
                    1007,
                    [
                        [
                            375,
                            1067
                        ],
                        [
                            370,
                            1047
                        ]
                    ],
                    true
                ],
                [
                    1007,
                    1008,
                    [
                        [
                            380,
                            1087
                        ],
                        [
                            375,
                            1067
                        ]
                    ],
                    true
                ],
                [
                    1008,
                    1009,
                    [
                        [
                            385,
                            1107
                        ],
                        [
                            380,
                            1087
                        ]
                    ],
                    true
                ],
                [
                    1009,
                    1010,
                    [
                        [
                            390,
                            1127
                        ],
                        [
                            385,
                            1107
                        ]
                    ],
                    true
                ],
                [
                    1011,
                    1012,
                    [
                        [
                            345,
                            267
                        ],
                        [
                            257,
                            267
                        ]
                    ],
                    true
                ],
                [
                    1012,
                    1013,
                    [
                        [
                            354,
                            299
                        ],
                        [
                            345,
                            267
                        ]
                    ],
                    true
                ],
                [
                    1014,
                    1015,
                    [
                        [
                            240,
                            647
                        ],
                        [
                            240,
                            627
                        ]
                    ],
                    true
                ],
                [
                    1015,
                    1016,
                    [
                        [
                            240,
                            667
                        ],
                        [
                            240,
                            647
                        ]
                    ],
                    true
                ],
                [
                    1016,
                    1017,
                    [
                        [
                            240,
                            687
                        ],
                        [
                            240,
                            667
                        ]
                    ],
                    true
                ],
                [
                    1017,
                    1018,
                    [
                        [
                            240,
                            707
                        ],
                        [
                            240,
                            687
                        ]
                    ],
                    true
                ],
                [
                    1018,
                    1019,
                    [
                        [
                            240,
                            727
                        ],
                        [
                            240,
                            707
                        ]
                    ],
                    true
                ],
                [
                    1019,
                    1020,
                    [
                        [
                            240,
                            747
                        ],
                        [
                            240,
                            727
                        ]
                    ],
                    true
                ],
                [
                    1020,
                    1021,
                    [
                        [
                            240,
                            767
                        ],
                        [
                            240,
                            747
                        ]
                    ],
                    true
                ],
                [
                    1021,
                    1022,
                    [
                        [
                            240,
                            787
                        ],
                        [
                            240,
                            767
                        ]
                    ],
                    true
                ],
                [
                    1022,
                    1023,
                    [
                        [
                            240,
                            807
                        ],
                        [
                            240,
                            787
                        ]
                    ],
                    true
                ],
                [
                    1023,
                    1024,
                    [
                        [
                            240,
                            827
                        ],
                        [
                            240,
                            807
                        ]
                    ],
                    true
                ],
                [
                    1024,
                    1025,
                    [
                        [
                            240,
                            847
                        ],
                        [
                            240,
                            827
                        ]
                    ],
                    true
                ],
                [
                    1025,
                    1026,
                    [
                        [
                            240,
                            867
                        ],
                        [
                            240,
                            847
                        ]
                    ],
                    true
                ],
                [
                    1026,
                    1027,
                    [
                        [
                            240,
                            887
                        ],
                        [
                            240,
                            867
                        ]
                    ],
                    true
                ],
                [
                    1027,
                    1028,
                    [
                        [
                            240,
                            907
                        ],
                        [
                            240,
                            887
                        ]
                    ],
                    true
                ],
                [
                    1028,
                    1029,
                    [
                        [
                            240,
                            927
                        ],
                        [
                            240,
                            907
                        ]
                    ],
                    true
                ],
                [
                    1029,
                    1030,
                    [
                        [
                            240,
                            947
                        ],
                        [
                            240,
                            927
                        ]
                    ],
                    true
                ],
                [
                    1030,
                    1031,
                    [
                        [
                            240,
                            967
                        ],
                        [
                            240,
                            947
                        ]
                    ],
                    true
                ],
                [
                    1031,
                    1032,
                    [
                        [
                            240,
                            987
                        ],
                        [
                            240,
                            967
                        ]
                    ],
                    true
                ],
                [
                    1032,
                    1033,
                    [
                        [
                            240,
                            1007
                        ],
                        [
                            240,
                            987
                        ]
                    ],
                    true
                ]
            ],
            "stations": [
                {
                    "coord": [
                        115,
                        27
                    ],
                    "is_working": true,
                    "name": "Москва Павелецкая",
                    "rect": [
                        125,
                        21,
                        105,
                        15
                    ],
                    "text_id": 817,
                    "uid": 955
                },
                {
                    "coord": [
                        120,
                        47
                    ],
                    "is_working": true,
                    "name": "Москва Тов.",
                    "rect": [
                        131,
                        41,
                        64,
                        15
                    ],
                    "text_id": 355,
                    "uid": 956
                },
                {
                    "coord": [
                        125,
                        67
                    ],
                    "is_working": true,
                    "name": "ЗИЛ",
                    "rect": [
                        135,
                        60,
                        24,
                        15
                    ],
                    "text_id": 129,
                    "uid": 957
                },
                {
                    "coord": [
                        130,
                        87
                    ],
                    "is_working": true,
                    "name": "Нижние Котлы",
                    "rect": [
                        43,
                        81,
                        77,
                        15
                    ],
                    "text_id": 818,
                    "uid": 958
                },
                {
                    "coord": [
                        135,
                        107
                    ],
                    "is_working": true,
                    "name": "Коломенское",
                    "rect": [
                        145,
                        101,
                        70,
                        15
                    ],
                    "text_id": 819,
                    "uid": 959
                },
                {
                    "coord": [
                        140,
                        127
                    ],
                    "is_working": true,
                    "name": "Чертаново",
                    "rect": [
                        150,
                        120,
                        56,
                        15
                    ],
                    "text_id": 820,
                    "uid": 960
                },
                {
                    "coord": [
                        145,
                        147
                    ],
                    "is_working": true,
                    "name": "Бирюлево Тов.",
                    "rect": [
                        155,
                        140,
                        80,
                        15
                    ],
                    "text_id": 821,
                    "uid": 961
                },
                {
                    "coord": [
                        150,
                        167
                    ],
                    "is_working": true,
                    "name": "Бирюлево Пасс.",
                    "rect": [
                        160,
                        160,
                        88,
                        15
                    ],
                    "text_id": 822,
                    "uid": 962
                },
                {
                    "coord": [
                        155,
                        187
                    ],
                    "is_working": true,
                    "name": "Булатниково",
                    "rect": [
                        165,
                        180,
                        69,
                        15
                    ],
                    "text_id": 823,
                    "uid": 963
                },
                {
                    "coord": [
                        160,
                        207
                    ],
                    "is_working": true,
                    "name": "Расторгуево",
                    "rect": [
                        170,
                        200,
                        66,
                        15
                    ],
                    "text_id": 824,
                    "uid": 964
                },
                {
                    "coord": [
                        165,
                        227
                    ],
                    "is_working": true,
                    "name": "Калинина",
                    "rect": [
                        175,
                        220,
                        51,
                        15
                    ],
                    "text_id": 825,
                    "uid": 965
                },
                {
                    "coord": [
                        170,
                        247
                    ],
                    "is_working": true,
                    "name": "Ленинская",
                    "rect": [
                        180,
                        240,
                        56,
                        15
                    ],
                    "text_id": 826,
                    "uid": 966
                },
                {
                    "coord": [
                        175,
                        267
                    ],
                    "is_working": true,
                    "name": "Домодедово",
                    "rect": [
                        96,
                        262,
                        67,
                        15
                    ],
                    "text_id": 827,
                    "uid": 967
                },
                {
                    "coord": [
                        180,
                        287
                    ],
                    "is_working": true,
                    "name": "Взлетная",
                    "rect": [
                        190,
                        280,
                        51,
                        15
                    ],
                    "text_id": 828,
                    "uid": 968
                },
                {
                    "coord": [
                        185,
                        307
                    ],
                    "is_working": true,
                    "name": "Востряково",
                    "rect": [
                        195,
                        300,
                        62,
                        15
                    ],
                    "text_id": 829,
                    "uid": 969
                },
                {
                    "coord": [
                        190,
                        327
                    ],
                    "is_working": true,
                    "name": "Белые Столбы",
                    "rect": [
                        200,
                        320,
                        82,
                        15
                    ],
                    "text_id": 830,
                    "uid": 970
                },
                {
                    "coord": [
                        195,
                        347
                    ],
                    "is_working": true,
                    "name": "52 км",
                    "rect": [
                        205,
                        340,
                        30,
                        15
                    ],
                    "text_id": 831,
                    "uid": 971
                },
                {
                    "coord": [
                        200,
                        367
                    ],
                    "is_working": true,
                    "name": "Барыбино",
                    "rect": [
                        210,
                        360,
                        55,
                        15
                    ],
                    "text_id": 832,
                    "uid": 972
                },
                {
                    "coord": [
                        205,
                        387
                    ],
                    "is_working": true,
                    "name": "Вельяминово",
                    "rect": [
                        215,
                        380,
                        73,
                        15
                    ],
                    "text_id": 833,
                    "uid": 973
                },
                {
                    "coord": [
                        210,
                        407
                    ],
                    "is_working": true,
                    "name": "Привалово",
                    "rect": [
                        220,
                        400,
                        59,
                        15
                    ],
                    "text_id": 834,
                    "uid": 974
                },
                {
                    "coord": [
                        215,
                        427
                    ],
                    "is_working": true,
                    "name": "Михнево",
                    "rect": [
                        225,
                        420,
                        47,
                        15
                    ],
                    "text_id": 835,
                    "uid": 975
                },
                {
                    "coord": [
                        220,
                        447
                    ],
                    "is_working": true,
                    "name": "Шугарово",
                    "rect": [
                        230,
                        440,
                        52,
                        15
                    ],
                    "text_id": 836,
                    "uid": 976
                },
                {
                    "coord": [
                        225,
                        467
                    ],
                    "is_working": true,
                    "name": "85 км",
                    "rect": [
                        235,
                        460,
                        30,
                        15
                    ],
                    "text_id": 837,
                    "uid": 977
                },
                {
                    "coord": [
                        230,
                        487
                    ],
                    "is_working": true,
                    "name": "Жилево",
                    "rect": [
                        240,
                        480,
                        42,
                        15
                    ],
                    "text_id": 838,
                    "uid": 978
                },
                {
                    "coord": [
                        235,
                        507
                    ],
                    "is_working": true,
                    "name": "Ситенка",
                    "rect": [
                        245,
                        500,
                        44,
                        15
                    ],
                    "text_id": 839,
                    "uid": 979
                },
                {
                    "coord": [
                        240,
                        527
                    ],
                    "is_working": true,
                    "name": "Ступино",
                    "rect": [
                        250,
                        520,
                        45,
                        15
                    ],
                    "text_id": 840,
                    "uid": 980
                },
                {
                    "coord": [
                        245,
                        547
                    ],
                    "is_working": true,
                    "name": "Акри",
                    "rect": [
                        255,
                        540,
                        27,
                        15
                    ],
                    "text_id": 841,
                    "uid": 981
                },
                {
                    "coord": [
                        250,
                        567
                    ],
                    "is_working": true,
                    "name": "Белопесоцкий",
                    "rect": [
                        260,
                        560,
                        76,
                        15
                    ],
                    "text_id": 842,
                    "uid": 982
                },
                {
                    "coord": [
                        255,
                        587
                    ],
                    "is_working": true,
                    "name": "Кашира",
                    "rect": [
                        265,
                        580,
                        41,
                        15
                    ],
                    "text_id": 843,
                    "uid": 983
                },
                {
                    "coord": [
                        260,
                        607
                    ],
                    "is_working": true,
                    "name": "Тесна",
                    "rect": [
                        270,
                        600,
                        32,
                        15
                    ],
                    "text_id": 844,
                    "uid": 984
                },
                {
                    "coord": [
                        265,
                        627
                    ],
                    "is_working": true,
                    "name": "Ожерелье",
                    "rect": [
                        275,
                        620,
                        54,
                        15
                    ],
                    "text_id": 845,
                    "uid": 985
                },
                {
                    "coord": [
                        269,
                        647
                    ],
                    "is_working": true,
                    "name": "121 км",
                    "rect": [
                        280,
                        640,
                        36,
                        15
                    ],
                    "text_id": 846,
                    "uid": 986
                },
                {
                    "coord": [
                        275,
                        667
                    ],
                    "is_working": true,
                    "name": "Пурлово",
                    "rect": [
                        285,
                        660,
                        47,
                        15
                    ],
                    "text_id": 847,
                    "uid": 987
                },
                {
                    "coord": [
                        280,
                        687
                    ],
                    "is_working": true,
                    "name": "Топканово",
                    "rect": [
                        290,
                        680,
                        55,
                        15
                    ],
                    "text_id": 848,
                    "uid": 988
                },
                {
                    "coord": [
                        285,
                        707
                    ],
                    "is_working": true,
                    "name": "137 км",
                    "rect": [
                        295,
                        700,
                        36,
                        15
                    ],
                    "text_id": 849,
                    "uid": 989
                },
                {
                    "coord": [
                        290,
                        727
                    ],
                    "is_working": true,
                    "name": "Богатищево",
                    "rect": [
                        300,
                        720,
                        64,
                        15
                    ],
                    "text_id": 850,
                    "uid": 990
                },
                {
                    "coord": [
                        295,
                        747
                    ],
                    "is_working": true,
                    "name": "146 км",
                    "rect": [
                        305,
                        740,
                        36,
                        15
                    ],
                    "text_id": 851,
                    "uid": 991
                },
                {
                    "coord": [
                        300,
                        767
                    ],
                    "is_working": true,
                    "name": "Коровино",
                    "rect": [
                        310,
                        760,
                        50,
                        15
                    ],
                    "text_id": 852,
                    "uid": 992
                },
                {
                    "coord": [
                        305,
                        787
                    ],
                    "is_working": true,
                    "name": "152 км",
                    "rect": [
                        315,
                        780,
                        36,
                        15
                    ],
                    "text_id": 853,
                    "uid": 993
                },
                {
                    "coord": [
                        310,
                        807
                    ],
                    "is_working": true,
                    "name": "Узуново",
                    "rect": [
                        320,
                        800,
                        43,
                        15
                    ],
                    "text_id": 854,
                    "uid": 994
                },
                {
                    "coord": [
                        315,
                        827
                    ],
                    "is_working": true,
                    "name": "162 км",
                    "rect": [
                        325,
                        820,
                        36,
                        15
                    ],
                    "text_id": 855,
                    "uid": 995
                },
                {
                    "coord": [
                        320,
                        847
                    ],
                    "is_working": true,
                    "name": "Дудино",
                    "rect": [
                        330,
                        840,
                        40,
                        15
                    ],
                    "text_id": 856,
                    "uid": 996
                },
                {
                    "coord": [
                        325,
                        867
                    ],
                    "is_working": true,
                    "name": "Серебряные Пруды",
                    "rect": [
                        335,
                        860,
                        106,
                        15
                    ],
                    "text_id": 857,
                    "uid": 997
                },
                {
                    "coord": [
                        330,
                        887
                    ],
                    "is_working": true,
                    "name": "Кораблевка",
                    "rect": [
                        340,
                        880,
                        62,
                        15
                    ],
                    "text_id": 858,
                    "uid": 998
                },
                {
                    "coord": [
                        335,
                        907
                    ],
                    "is_working": true,
                    "name": "Треполье",
                    "rect": [
                        345,
                        900,
                        51,
                        15
                    ],
                    "text_id": 859,
                    "uid": 999
                },
                {
                    "coord": [
                        340,
                        927
                    ],
                    "is_working": true,
                    "name": "Виленки",
                    "rect": [
                        350,
                        920,
                        46,
                        15
                    ],
                    "text_id": 860,
                    "uid": 1000
                },
                {
                    "coord": [
                        345,
                        947
                    ],
                    "is_working": true,
                    "name": "Донцы",
                    "rect": [
                        355,
                        940,
                        36,
                        15
                    ],
                    "text_id": 861,
                    "uid": 1001
                },
                {
                    "coord": [
                        350,
                        967
                    ],
                    "is_working": true,
                    "name": "Михайлов",
                    "rect": [
                        360,
                        960,
                        54,
                        15
                    ],
                    "text_id": 862,
                    "uid": 1002
                },
                {
                    "coord": [
                        355,
                        987
                    ],
                    "is_working": true,
                    "name": "Бояринцево",
                    "rect": [
                        365,
                        980,
                        64,
                        15
                    ],
                    "text_id": 863,
                    "uid": 1003
                },
                {
                    "coord": [
                        360,
                        1007
                    ],
                    "is_working": true,
                    "name": "Голдино",
                    "rect": [
                        370,
                        1000,
                        46,
                        15
                    ],
                    "text_id": 864,
                    "uid": 1004
                },
                {
                    "coord": [
                        365,
                        1027
                    ],
                    "is_working": true,
                    "name": "Лужковская",
                    "rect": [
                        375,
                        1020,
                        62,
                        15
                    ],
                    "text_id": 865,
                    "uid": 1005
                },
                {
                    "coord": [
                        370,
                        1047
                    ],
                    "is_working": true,
                    "name": "Валшутка",
                    "rect": [
                        380,
                        1040,
                        54,
                        15
                    ],
                    "text_id": 866,
                    "uid": 1006
                },
                {
                    "coord": [
                        375,
                        1067
                    ],
                    "is_working": true,
                    "name": "Катино",
                    "rect": [
                        385,
                        1060,
                        37,
                        15
                    ],
                    "text_id": 867,
                    "uid": 1007
                },
                {
                    "coord": [
                        380,
                        1087
                    ],
                    "is_working": true,
                    "name": "Мшанка",
                    "rect": [
                        390,
                        1080,
                        43,
                        15
                    ],
                    "text_id": 868,
                    "uid": 1008
                },
                {
                    "coord": [
                        385,
                        1107
                    ],
                    "is_working": true,
                    "name": "Кремлево",
                    "rect": [
                        395,
                        1100,
                        53,
                        15
                    ],
                    "text_id": 869,
                    "uid": 1009
                },
                {
                    "coord": [
                        390,
                        1127
                    ],
                    "is_working": true,
                    "name": "Павелец-1",
                    "rect": [
                        400,
                        1120,
                        56,
                        15
                    ],
                    "text_id": 870,
                    "uid": 1010
                },
                {
                    "coord": [
                        257,
                        267
                    ],
                    "is_working": true,
                    "name": "Авиационная",
                    "rect": [
                        260,
                        275,
                        70,
                        15
                    ],
                    "text_id": 871,
                    "uid": 1011
                },
                {
                    "coord": [
                        345,
                        267
                    ],
                    "is_working": true,
                    "name": "Космос",
                    "rect": [
                        321,
                        243,
                        40,
                        15
                    ],
                    "text_id": 872,
                    "uid": 1012
                },
                {
                    "coord": [
                        354,
                        299
                    ],
                    "is_working": true,
                    "name": "Аэропорт",
                    "rect": [
                        361,
                        307,
                        51,
                        15
                    ],
                    "text_id": 247,
                    "uid": 1013
                },
                {
                    "coord": [
                        240,
                        627
                    ],
                    "is_working": true,
                    "name": "123 км",
                    "rect": [
                        193,
                        619,
                        36,
                        15
                    ],
                    "text_id": 873,
                    "uid": 1014
                },
                {
                    "coord": [
                        240,
                        647
                    ],
                    "is_working": true,
                    "name": "126 км",
                    "rect": [
                        193,
                        640,
                        36,
                        15
                    ],
                    "text_id": 874,
                    "uid": 1015
                },
                {
                    "coord": [
                        240,
                        667
                    ],
                    "is_working": true,
                    "name": "Пчеловодная",
                    "rect": [
                        157,
                        660,
                        72,
                        15
                    ],
                    "text_id": 875,
                    "uid": 1016
                },
                {
                    "coord": [
                        240,
                        687
                    ],
                    "is_working": true,
                    "name": "137 км:X:1",
                    "rect": [
                        193,
                        680,
                        36,
                        15
                    ],
                    "text_id": 849,
                    "uid": 1017
                },
                {
                    "coord": [
                        240,
                        707
                    ],
                    "is_working": true,
                    "name": "142 км",
                    "rect": [
                        193,
                        699,
                        36,
                        15
                    ],
                    "text_id": 472,
                    "uid": 1018
                },
                {
                    "coord": [
                        240,
                        727
                    ],
                    "is_working": true,
                    "name": "Мордвес",
                    "rect": [
                        181,
                        720,
                        48,
                        15
                    ],
                    "text_id": 876,
                    "uid": 1019
                },
                {
                    "coord": [
                        240,
                        747
                    ],
                    "is_working": true,
                    "name": "156 км",
                    "rect": [
                        193,
                        739,
                        36,
                        15
                    ],
                    "text_id": 877,
                    "uid": 1020
                },
                {
                    "coord": [
                        240,
                        767
                    ],
                    "is_working": true,
                    "name": "Настасьино",
                    "rect": [
                        166,
                        759,
                        63,
                        15
                    ],
                    "text_id": 878,
                    "uid": 1021
                },
                {
                    "coord": [
                        240,
                        787
                    ],
                    "is_working": true,
                    "name": "163 км",
                    "rect": [
                        193,
                        780,
                        36,
                        15
                    ],
                    "text_id": 879,
                    "uid": 1022
                },
                {
                    "coord": [
                        240,
                        807
                    ],
                    "is_working": true,
                    "name": "166 км",
                    "rect": [
                        193,
                        799,
                        36,
                        15
                    ],
                    "text_id": 880,
                    "uid": 1023
                },
                {
                    "coord": [
                        240,
                        827
                    ],
                    "is_working": true,
                    "name": "168 км",
                    "rect": [
                        193,
                        819,
                        36,
                        15
                    ],
                    "text_id": 881,
                    "uid": 1024
                },
                {
                    "coord": [
                        240,
                        847
                    ],
                    "is_working": true,
                    "name": "Венев",
                    "rect": [
                        195,
                        840,
                        34,
                        15
                    ],
                    "text_id": 882,
                    "uid": 1025
                },
                {
                    "coord": [
                        240,
                        867
                    ],
                    "is_working": true,
                    "name": "180 км",
                    "rect": [
                        193,
                        859,
                        36,
                        15
                    ],
                    "text_id": 883,
                    "uid": 1026
                },
                {
                    "coord": [
                        240,
                        887
                    ],
                    "is_working": true,
                    "name": "Ольховка",
                    "rect": [
                        177,
                        880,
                        52,
                        15
                    ],
                    "text_id": 884,
                    "uid": 1027
                },
                {
                    "coord": [
                        240,
                        907
                    ],
                    "is_working": true,
                    "name": "193 км",
                    "rect": [
                        194,
                        900,
                        36,
                        15
                    ],
                    "text_id": 885,
                    "uid": 1028
                },
                {
                    "coord": [
                        240,
                        927
                    ],
                    "is_working": true,
                    "name": "Грицово",
                    "rect": [
                        186,
                        920,
                        44,
                        15
                    ],
                    "text_id": 886,
                    "uid": 1029
                },
                {
                    "coord": [
                        240,
                        947
                    ],
                    "is_working": true,
                    "name": "Маклец",
                    "rect": [
                        188,
                        940,
                        41,
                        15
                    ],
                    "text_id": 887,
                    "uid": 1030
                },
                {
                    "coord": [
                        240,
                        967
                    ],
                    "is_working": true,
                    "name": "Узловая-2",
                    "rect": [
                        176,
                        960,
                        53,
                        15
                    ],
                    "text_id": 888,
                    "uid": 1031
                },
                {
                    "coord": [
                        240,
                        987
                    ],
                    "is_working": true,
                    "name": "О.П. Депо",
                    "rect": [
                        177,
                        979,
                        52,
                        15
                    ],
                    "text_id": 889,
                    "uid": 1032
                },
                {
                    "coord": [
                        240,
                        1007
                    ],
                    "is_working": true,
                    "name": "Узловая-1",
                    "rect": [
                        176,
                        1000,
                        53,
                        15
                    ],
                    "text_id": 890,
                    "uid": 1033
                }
            ],
            "text_id": 253
        },
        {
            "labels_bg_color": "-1",
            "labels_color": "000000",
            "line_color": "046434",
            "line_width": 6,
            "name": "Замоскворецкая",
            "segments": [],
            "stations": [
                {
                    "coord": null,
                    "is_working": true,
                    "name": "Ховрино",
                    "rect": null,
                    "text_id": 215,
                    "uid": 264
                },
                {
                    "coord": null,
                    "is_working": true,
                    "name": "Беломорская",
                    "rect": null,
                    "text_id": 242,
                    "uid": 265
                },
                {
                    "coord": null,
                    "is_working": true,
                    "name": "Речной вокзал",
                    "rect": null,
                    "text_id": 243,
                    "uid": 266
                },
                {
                    "coord": null,
                    "is_working": true,
                    "name": "Водный стадион",
                    "rect": null,
                    "text_id": 244,
                    "uid": 267
                },
                {
                    "coord": null,
                    "is_working": true,
                    "name": "Войковская",
                    "rect": null,
                    "text_id": 245,
                    "uid": 268
                },
                {
                    "coord": null,
                    "is_working": true,
                    "name": "Сокол",
                    "rect": null,
                    "text_id": 246,
                    "uid": 269
                },
                {
                    "coord": null,
                    "is_working": true,
                    "name": "Аэропорт",
                    "rect": null,
                    "text_id": 247,
                    "uid": 270
                },
                {
                    "coord": null,
                    "is_working": true,
                    "name": "Динамо",
                    "rect": null,
                    "text_id": 248,
                    "uid": 271
                },
                {
                    "coord": null,
                    "is_working": true,
                    "name": "Белорусская",
                    "rect": null,
                    "text_id": 163,
                    "uid": 272
                },
                {
                    "coord": null,
                    "is_working": true,
                    "name": "Маяковская",
                    "rect": null,
                    "text_id": 249,
                    "uid": 273
                },
                {
                    "coord": null,
                    "is_working": true,
                    "name": "Тверская",
                    "rect": null,
                    "text_id": 250,
                    "uid": 274
                },
                {
                    "coord": null,
                    "is_working": true,
                    "name": "Театральная",
                    "rect": null,
                    "text_id": 251,
                    "uid": 275
                },
                {
                    "coord": null,
                    "is_working": true,
                    "name": "Новокузнецкая",
                    "rect": null,
                    "text_id": 252,
                    "uid": 276
                },
                {
                    "coord": [
                        92,
                        26
                    ],
                    "is_working": true,
                    "name": "Павелецкая",
                    "rect": [
                        15,
                        21,
                        64,
                        15
                    ],
                    "text_id": 253,
                    "uid": 277
                },
                {
                    "coord": null,
                    "is_working": true,
                    "name": "Автозаводская",
                    "rect": null,
                    "text_id": 128,
                    "uid": 278
                },
                {
                    "coord": null,
                    "is_working": true,
                    "name": "Технопарк",
                    "rect": null,
                    "text_id": 254,
                    "uid": 279
                },
                {
                    "coord": null,
                    "is_working": true,
                    "name": "Коломенская",
                    "rect": null,
                    "text_id": 255,
                    "uid": 280
                },
                {
                    "coord": null,
                    "is_working": true,
                    "name": "Каширская",
                    "rect": null,
                    "text_id": 93,
                    "uid": 281
                },
                {
                    "coord": null,
                    "is_working": true,
                    "name": "Кантемировская",
                    "rect": null,
                    "text_id": 256,
                    "uid": 282
                },
                {
                    "coord": null,
                    "is_working": true,
                    "name": "Царицыно",
                    "rect": null,
                    "text_id": 195,
                    "uid": 283
                },
                {
                    "coord": null,
                    "is_working": true,
                    "name": "Орехово",
                    "rect": null,
                    "text_id": 257,
                    "uid": 284
                },
                {
                    "coord": null,
                    "is_working": true,
                    "name": "Домодедовская",
                    "rect": null,
                    "text_id": 258,
                    "uid": 285
                },
                {
                    "coord": null,
                    "is_working": true,
                    "name": "Красногвардейская",
                    "rect": null,
                    "text_id": 259,
                    "uid": 286
                },
                {
                    "coord": null,
                    "is_working": true,
                    "name": "Алма-Атинская",
                    "rect": null,
                    "text_id": 260,
                    "uid": 287
                }
            ],
            "text_id": 261
        },
        {
            "labels_bg_color": "-1",
            "labels_color": "000000",
            "line_color": "543C04",
            "line_width": 6,
            "name": "Кольцевая",
            "segments": [],
            "stations": [
                {
                    "coord": null,
                    "is_working": true,
                    "name": "Парк культуры",
                    "rect": null,
                    "text_id": 12,
                    "uid": 323
                },
                {
                    "coord": null,
                    "is_working": true,
                    "name": "Октябрьская",
                    "rect": null,
                    "text_id": 288,
                    "uid": 324
                },
                {
                    "coord": null,
                    "is_working": true,
                    "name": "Добрынинская",
                    "rect": null,
                    "text_id": 289,
                    "uid": 325
                },
                {
                    "coord": [
                        92,
                        11
                    ],
                    "is_working": true,
                    "name": "Павелецкая",
                    "rect": [
                        15,
                        1,
                        64,
                        15
                    ],
                    "text_id": 253,
                    "uid": 326
                },
                {
                    "coord": null,
                    "is_working": true,
                    "name": "Таганская",
                    "rect": null,
                    "text_id": 290,
                    "uid": 327
                },
                {
                    "coord": null,
                    "is_working": true,
                    "name": "Курская",
                    "rect": null,
                    "text_id": 188,
                    "uid": 328
                },
                {
                    "coord": null,
                    "is_working": true,
                    "name": "Комсомольская",
                    "rect": null,
                    "text_id": 5,
                    "uid": 329
                },
                {
                    "coord": null,
                    "is_working": true,
                    "name": "Проспект Мира",
                    "rect": null,
                    "text_id": 291,
                    "uid": 330
                },
                {
                    "coord": null,
                    "is_working": true,
                    "name": "Новослободская",
                    "rect": null,
                    "text_id": 292,
                    "uid": 331
                },
                {
                    "coord": null,
                    "is_working": true,
                    "name": "Белорусская",
                    "rect": null,
                    "text_id": 163,
                    "uid": 332
                },
                {
                    "coord": null,
                    "is_working": true,
                    "name": "Краснопресненская",
                    "rect": null,
                    "text_id": 293,
                    "uid": 333
                },
                {
                    "coord": null,
                    "is_working": true,
                    "name": "Киевская",
                    "rect": null,
                    "text_id": 271,
                    "uid": 334
                }
            ],
            "text_id": 294
        },
        {
            "labels_bg_color": "-1",
            "labels_color": "000000",
            "line_color": "9CA4A4",
            "line_width": 6,
            "name": "Серпуховско-Тимирязевская",
            "segments": [],
            "stations": [
                {
                    "coord": null,
                    "is_working": true,
                    "name": "Алтуфьево",
                    "rect": null,
                    "text_id": 27,
                    "uid": 26
                },
                {
                    "coord": null,
                    "is_working": true,
                    "name": "Бибирево",
                    "rect": null,
                    "text_id": 28,
                    "uid": 27
                },
                {
                    "coord": null,
                    "is_working": true,
                    "name": "Отрадное",
                    "rect": null,
                    "text_id": 29,
                    "uid": 28
                },
                {
                    "coord": null,
                    "is_working": true,
                    "name": "Владыкино",
                    "rect": null,
                    "text_id": 30,
                    "uid": 29
                },
                {
                    "coord": null,
                    "is_working": true,
                    "name": "Петровско-Разумовская",
                    "rect": null,
                    "text_id": 31,
                    "uid": 30
                },
                {
                    "coord": null,
                    "is_working": true,
                    "name": "Тимирязевская",
                    "rect": null,
                    "text_id": 32,
                    "uid": 31
                },
                {
                    "coord": null,
                    "is_working": true,
                    "name": "Дмитровская",
                    "rect": null,
                    "text_id": 33,
                    "uid": 32
                },
                {
                    "coord": null,
                    "is_working": true,
                    "name": "Савеловская",
                    "rect": null,
                    "text_id": 34,
                    "uid": 33
                },
                {
                    "coord": null,
                    "is_working": true,
                    "name": "Менделеевская",
                    "rect": null,
                    "text_id": 35,
                    "uid": 34
                },
                {
                    "coord": null,
                    "is_working": true,
                    "name": "Цветной бульвар",
                    "rect": null,
                    "text_id": 36,
                    "uid": 35
                },
                {
                    "coord": null,
                    "is_working": true,
                    "name": "Чеховская",
                    "rect": null,
                    "text_id": 37,
                    "uid": 36
                },
                {
                    "coord": null,
                    "is_working": true,
                    "name": "Боровицкая",
                    "rect": null,
                    "text_id": 38,
                    "uid": 37
                },
                {
                    "coord": null,
                    "is_working": true,
                    "name": "Полянка",
                    "rect": null,
                    "text_id": 39,
                    "uid": 38
                },
                {
                    "coord": null,
                    "is_working": true,
                    "name": "Серпуховская",
                    "rect": null,
                    "text_id": 40,
                    "uid": 39
                },
                {
                    "coord": [
                        110,
                        67
                    ],
                    "is_working": true,
                    "name": "Тульская",
                    "rect": [
                        50,
                        60,
                        50,
                        15
                    ],
                    "text_id": 41,
                    "uid": 40
                },
                {
                    "coord": [
                        145,
                        87
                    ],
                    "is_working": true,
                    "name": "Нагатинская",
                    "rect": [
                        156,
                        81,
                        66,
                        15
                    ],
                    "text_id": 42,
                    "uid": 41
                },
                {
                    "coord": null,
                    "is_working": true,
                    "name": "Нагорная",
                    "rect": null,
                    "text_id": 43,
                    "uid": 42
                },
                {
                    "coord": null,
                    "is_working": true,
                    "name": "Нахимовский проспект",
                    "rect": null,
                    "text_id": 44,
                    "uid": 43
                },
                {
                    "coord": null,
                    "is_working": true,
                    "name": "Севастопольская",
                    "rect": null,
                    "text_id": 45,
                    "uid": 44
                },
                {
                    "coord": null,
                    "is_working": true,
                    "name": "Чертановская",
                    "rect": null,
                    "text_id": 46,
                    "uid": 45
                },
                {
                    "coord": null,
                    "is_working": true,
                    "name": "Южная",
                    "rect": null,
                    "text_id": 47,
                    "uid": 46
                },
                {
                    "coord": null,
                    "is_working": true,
                    "name": "Пражская",
                    "rect": null,
                    "text_id": 48,
                    "uid": 47
                },
                {
                    "coord": null,
                    "is_working": true,
                    "name": "Улица Академика Янгеля",
                    "rect": null,
                    "text_id": 49,
                    "uid": 48
                },
                {
                    "coord": null,
                    "is_working": true,
                    "name": "Аннино",
                    "rect": null,
                    "text_id": 50,
                    "uid": 49
                },
                {
                    "coord": null,
                    "is_working": true,
                    "name": "Бульвар Дмитрия Донского",
                    "rect": null,
                    "text_id": 51,
                    "uid": 50
                }
            ],
            "text_id": 52
        },
        {
            "labels_bg_color": "-1",
            "labels_color": "000000",
            "line_color": "30D5C8",
            "line_width": 6,
            "name": "БКЛ",
            "segments": [],
            "stations": [
                {
                    "coord": null,
                    "is_working": true,
                    "name": "Савеловская",
                    "rect": null,
                    "text_id": 34,
                    "uid": 74
                },
                {
                    "coord": [
                        120,
                        107
                    ],
                    "is_working": true,
                    "name": "Петровский парк",
                    "rect": [
                        44,
                        102,
                        66,
                        15
                    ],
                    "text_id": 76,
                    "uid": 75
                },
                {
                    "coord": null,
                    "is_working": true,
                    "name": "ЦСКА",
                    "rect": null,
                    "text_id": 77,
                    "uid": 76
                },
                {
                    "coord": null,
                    "is_working": true,
                    "name": "Хорошёвская",
                    "rect": null,
                    "text_id": 78,
                    "uid": 77
                },
                {
                    "coord": null,
                    "is_working": true,
                    "name": "Шелепиха",
                    "rect": null,
                    "text_id": 79,
                    "uid": 78
                },
                {
                    "coord": null,
                    "is_working": true,
                    "name": "Деловой центр",
                    "rect": null,
                    "text_id": 80,
                    "uid": 79
                },
                {
                    "coord": null,
                    "is_working": true,
                    "name": "Народное ополчение",
                    "rect": null,
                    "text_id": 81,
                    "uid": 80
                },
                {
                    "coord": null,
                    "is_working": true,
                    "name": "Мнёвники",
                    "rect": null,
                    "text_id": 82,
                    "uid": 81
                },
                {
                    "coord": null,
                    "is_working": true,
                    "name": "Терехово",
                    "rect": null,
                    "text_id": 83,
                    "uid": 82
                },
                {
                    "coord": null,
                    "is_working": true,
                    "name": "Кунцевская",
                    "rect": null,
                    "text_id": 84,
                    "uid": 83
                },
                {
                    "coord": null,
                    "is_working": true,
                    "name": "Давыдково",
                    "rect": null,
                    "text_id": 85,
                    "uid": 84
                },
                {
                    "coord": null,
                    "is_working": true,
                    "name": "Аминьевская",
                    "rect": null,
                    "text_id": 86,
                    "uid": 85
                },
                {
                    "coord": null,
                    "is_working": true,
                    "name": "Мичуринский проспект",
                    "rect": null,
                    "text_id": 87,
                    "uid": 86
                },
                {
                    "coord": null,
                    "is_working": true,
                    "name": "Проспект Вернадского",
                    "rect": null,
                    "text_id": 17,
                    "uid": 87
                },
                {
                    "coord": null,
                    "is_working": true,
                    "name": "Новаторская",
                    "rect": null,
                    "text_id": 88,
                    "uid": 88
                },
                {
                    "coord": null,
                    "is_working": true,
                    "name": "Воронцовская",
                    "rect": null,
                    "text_id": 89,
                    "uid": 89
                },
                {
                    "coord": null,
                    "is_working": true,
                    "name": "Зюзино",
                    "rect": null,
                    "text_id": 90,
                    "uid": 90
                },
                {
                    "coord": null,
                    "is_working": true,
                    "name": "Каховская",
                    "rect": null,
                    "text_id": 91,
                    "uid": 91
                },
                {
                    "coord": null,
                    "is_working": true,
                    "name": "Варшавская",
                    "rect": null,
                    "text_id": 92,
                    "uid": 92
                },
                {
                    "coord": null,
                    "is_working": true,
                    "name": "Каширская",
                    "rect": null,
                    "text_id": 93,
                    "uid": 93
                },
                {
                    "coord": null,
                    "is_working": true,
                    "name": "Кленовый бульвар",
                    "rect": null,
                    "text_id": 94,
                    "uid": 94
                },
                {
                    "coord": null,
                    "is_working": true,
                    "name": "Нагатинский Затон",
                    "rect": null,
                    "text_id": 95,
                    "uid": 95
                },
                {
                    "coord": null,
                    "is_working": true,
                    "name": "Печатники",
                    "rect": null,
                    "text_id": 67,
                    "uid": 96
                },
                {
                    "coord": null,
                    "is_working": true,
                    "name": "Текстильщики",
                    "rect": null,
                    "text_id": 96,
                    "uid": 97
                },
                {
                    "coord": null,
                    "is_working": true,
                    "name": "Нижегородская",
                    "rect": null,
                    "text_id": 97,
                    "uid": 98
                },
                {
                    "coord": null,
                    "is_working": true,
                    "name": "Авиамоторная",
                    "rect": null,
                    "text_id": 98,
                    "uid": 99
                },
                {
                    "coord": null,
                    "is_working": true,
                    "name": "Лефортово",
                    "rect": null,
                    "text_id": 99,
                    "uid": 100
                },
                {
                    "coord": null,
                    "is_working": true,
                    "name": "Электрозаводская",
                    "rect": null,
                    "text_id": 100,
                    "uid": 101
                },
                {
                    "coord": null,
                    "is_working": true,
                    "name": "Сокольники",
                    "rect": null,
                    "text_id": 3,
                    "uid": 102
                },
                {
                    "coord": null,
                    "is_working": true,
                    "name": "Рижская",
                    "rect": null,
                    "text_id": 101,
                    "uid": 103
                },
                {
                    "coord": null,
                    "is_working": true,
                    "name": "Марьина Роща",
                    "rect": null,
                    "text_id": 102,
                    "uid": 104
                }
            ],
            "text_id": 103
        }
    ],
    "lines_width": 6,
    "name": "paveleckayazhd",
    "name_text_id": 253,
    "stations_diameter": 12.0,
    "transfers": [
        [
            91,
            44,
            null,
            null
        ],
        [
            75,
            271,
            [
                120,
                107
            ],
            null
        ],
        [
            272,
            332,
            null,
            null
        ],
        [
            39,
            325,
            null,
            null
        ],
        [
            93,
            281,
            null,
            null
        ],
        [
            34,
            331,
            null,
            null
        ],
        [
            277,
            326,
            [
                92,
                26
            ],
            [
                92,
                11
            ]
        ],
        [
            36,
            274,
            null,
            null
        ],
        [
            74,
            33,
            null,
            null
        ]
    ],
    "transports": [
        "metro",
        "trains",
        "trams",
        "tramsriver"
    ],
    "type_name": "Электричка",
    "type_text_id": 1528,
    "upper_case": false,
    "width": 540,
    "word_wrap": false
}