{
    "default_transports": [
        "trains"
    ],
    "height": 1277,
    "images": [
        "res/schemes/paveleckayazhd.svg"
    ],
    "is_vector": true,
    "lines": [
        {
            "labels_bg_color": "-1",
            "labels_color": "000000",
            "line_color": "2BC40C",
            "line_width": 6,
            "name": "Павелецкая",
            "segments": [
                [
                    1016,
                    1017,
                    [
                        [
                            120,
                            47
                        ],
                        [
                            115,
                            27
                        ]
                    ],
                    true
                ],
                [
                    1017,
                    1018,
                    [
                        [
                            125,
                            67
                        ],
                        [
                            120,
                            47
                        ]
                    ],
                    true
                ],
                [
                    1018,
                    1019,
                    [
                        [
                            130,
                            87
                        ],
                        [
                            125,
                            67
                        ]
                    ],
                    true
                ],
                [
                    1019,
                    1020,
                    [
                        [
                            135,
                            107
                        ],
                        [
                            130,
                            87
                        ]
                    ],
                    true
                ],
                [
                    1020,
                    1021,
                    [
                        [
                            140,
                            127
                        ],
                        [
                            135,
                            107
                        ]
                    ],
                    true
                ],
                [
                    1021,
                    1022,
                    [
                        [
                            145,
                            147
                        ],
                        [
                            140,
                            127
                        ]
                    ],
                    true
                ],
                [
                    1022,
                    1023,
                    [
                        [
                            150,
                            167
                        ],
                        [
                            145,
                            147
                        ]
                    ],
                    true
                ],
                [
                    1023,
                    1024,
                    [
                        [
                            155,
                            187
                        ],
                        [
                            150,
                            167
                        ]
                    ],
                    true
                ],
                [
                    1024,
                    1025,
                    [
                        [
                            160,
                            207
                        ],
                        [
                            155,
                            187
                        ]
                    ],
                    true
                ],
                [
                    1025,
                    1026,
                    [
                        [
                            165,
                            227
                        ],
                        [
                            160,
                            207
                        ]
                    ],
                    true
                ],
                [
                    1026,
                    1027,
                    [
                        [
                            170,
                            247
                        ],
                        [
                            165,
                            227
                        ]
                    ],
                    true
                ],
                [
                    1027,
                    1028,
                    [
                        [
                            175,
                            267
                        ],
                        [
                            170,
                            247
                        ]
                    ],
                    true
                ],
                [
                    1028,
                    1029,
                    [
                        [
                            180,
                            287
                        ],
                        [
                            175,
                            267
                        ]
                    ],
                    true
                ],
                [
                    1028,
                    1072,
                    [
                        [
                            257,
                            267
                        ],
                        [
                            175,
                            267
                        ]
                    ],
                    true
                ],
                [
                    1029,
                    1030,
                    [
                        [
                            185,
                            307
                        ],
                        [
                            180,
                            287
                        ]
                    ],
                    true
                ],
                [
                    1030,
                    1031,
                    [
                        [
                            190,
                            327
                        ],
                        [
                            185,
                            307
                        ]
                    ],
                    true
                ],
                [
                    1031,
                    1032,
                    [
                        [
                            195,
                            347
                        ],
                        [
                            190,
                            327
                        ]
                    ],
                    true
                ],
                [
                    1032,
                    1033,
                    [
                        [
                            200,
                            367
                        ],
                        [
                            195,
                            347
                        ]
                    ],
                    true
                ],
                [
                    1033,
                    1034,
                    [
                        [
                            205,
                            387
                        ],
                        [
                            200,
                            367
                        ]
                    ],
                    true
                ],
                [
                    1034,
                    1035,
                    [
                        [
                            210,
                            407
                        ],
                        [
                            205,
                            387
                        ]
                    ],
                    true
                ],
                [
                    1035,
                    1036,
                    [
                        [
                            215,
                            427
                        ],
                        [
                            210,
                            407
                        ]
                    ],
                    true
                ],
                [
                    1036,
                    1037,
                    [
                        [
                            220,
                            447
                        ],
                        [
                            215,
                            427
                        ]
                    ],
                    true
                ],
                [
                    1037,
                    1038,
                    [
                        [
                            225,
                            467
                        ],
                        [
                            220,
                            447
                        ]
                    ],
                    true
                ],
                [
                    1038,
                    1039,
                    [
                        [
                            230,
                            487
                        ],
                        [
                            225,
                            467
                        ]
                    ],
                    true
                ],
                [
                    1039,
                    1040,
                    [
                        [
                            235,
                            507
                        ],
                        [
                            230,
                            487
                        ]
                    ],
                    true
                ],
                [
                    1040,
                    1041,
                    [
                        [
                            240,
                            527
                        ],
                        [
                            235,
                            507
                        ]
                    ],
                    true
                ],
                [
                    1041,
                    1042,
                    [
                        [
                            245,
                            547
                        ],
                        [
                            240,
                            527
                        ]
                    ],
                    true
                ],
                [
                    1042,
                    1043,
                    [
                        [
                            250,
                            567
                        ],
                        [
                            245,
                            547
                        ]
                    ],
                    true
                ],
                [
                    1043,
                    1044,
                    [
                        [
                            255,
                            587
                        ],
                        [
                            250,
                            567
                        ]
                    ],
                    true
                ],
                [
                    1044,
                    1045,
                    [
                        [
                            260,
                            607
                        ],
                        [
                            255,
                            587
                        ]
                    ],
                    true
                ],
                [
                    1045,
                    1046,
                    [
                        [
                            265,
                            627
                        ],
                        [
                            260,
                            607
                        ]
                    ],
                    true
                ],
                [
                    1046,
                    1047,
                    [
                        [
                            269,
                            647
                        ],
                        [
                            265,
                            627
                        ]
                    ],
                    true
                ],
                [
                    1046,
                    1075,
                    [
                        [
                            240,
                            627
                        ],
                        [
                            265,
                            627
                        ]
                    ],
                    true
                ],
                [
                    1047,
                    1048,
                    [
                        [
                            275,
                            667
                        ],
                        [
                            269,
                            647
                        ]
                    ],
                    true
                ],
                [
                    1048,
                    1049,
                    [
                        [
                            280,
                            687
                        ],
                        [
                            275,
                            667
                        ]
                    ],
                    true
                ],
                [
                    1049,
                    1050,
                    [
                        [
                            285,
                            707
                        ],
                        [
                            280,
                            687
                        ]
                    ],
                    true
                ],
                [
                    1050,
                    1051,
                    [
                        [
                            290,
                            727
                        ],
                        [
                            285,
                            707
                        ]
                    ],
                    true
                ],
                [
                    1051,
                    1052,
                    [
                        [
                            295,
                            747
                        ],
                        [
                            290,
                            727
                        ]
                    ],
                    true
                ],
                [
                    1052,
                    1053,
                    [
                        [
                            300,
                            767
                        ],
                        [
                            295,
                            747
                        ]
                    ],
                    true
                ],
                [
                    1053,
                    1054,
                    [
                        [
                            305,
                            787
                        ],
                        [
                            300,
                            767
                        ]
                    ],
                    true
                ],
                [
                    1054,
                    1055,
                    [
                        [
                            310,
                            807
                        ],
                        [
                            305,
                            787
                        ]
                    ],
                    true
                ],
                [
                    1055,
                    1056,
                    [
                        [
                            315,
                            827
                        ],
                        [
                            310,
                            807
                        ]
                    ],
                    true
                ],
                [
                    1056,
                    1057,
                    [
                        [
                            320,
                            847
                        ],
                        [
                            315,
                            827
                        ]
                    ],
                    true
                ],
                [
                    1057,
                    1058,
                    [
                        [
                            325,
                            867
                        ],
                        [
                            320,
                            847
                        ]
                    ],
                    true
                ],
                [
                    1058,
                    1059,
                    [
                        [
                            330,
                            887
                        ],
                        [
                            325,
                            867
                        ]
                    ],
                    true
                ],
                [
                    1059,
                    1060,
                    [
                        [
                            335,
                            907
                        ],
                        [
                            330,
                            887
                        ]
                    ],
                    true
                ],
                [
                    1060,
                    1061,
                    [
                        [
                            340,
                            927
                        ],
                        [
                            335,
                            907
                        ]
                    ],
                    true
                ],
                [
                    1061,
                    1062,
                    [
                        [
                            345,
                            947
                        ],
                        [
                            340,
                            927
                        ]
                    ],
                    true
                ],
                [
                    1062,
                    1063,
                    [
                        [
                            350,
                            967
                        ],
                        [
                            345,
                            947
                        ]
                    ],
                    true
                ],
                [
                    1063,
                    1064,
                    [
                        [
                            355,
                            987
                        ],
                        [
                            350,
                            967
                        ]
                    ],
                    true
                ],
                [
                    1064,
                    1065,
                    [
                        [
                            360,
                            1007
                        ],
                        [
                            355,
                            987
                        ]
                    ],
                    true
                ],
                [
                    1065,
                    1066,
                    [
                        [
                            365,
                            1027
                        ],
                        [
                            360,
                            1007
                        ]
                    ],
                    true
                ],
                [
                    1066,
                    1067,
                    [
                        [
                            370,
                            1047
                        ],
                        [
                            365,
                            1027
                        ]
                    ],
                    true
                ],
                [
                    1067,
                    1068,
                    [
                        [
                            375,
                            1067
                        ],
                        [
                            370,
                            1047
                        ]
                    ],
                    true
                ],
                [
                    1068,
                    1069,
                    [
                        [
                            380,
                            1087
                        ],
                        [
                            375,
                            1067
                        ]
                    ],
                    true
                ],
                [
                    1069,
                    1070,
                    [
                        [
                            385,
                            1107
                        ],
                        [
                            380,
                            1087
                        ]
                    ],
                    true
                ],
                [
                    1070,
                    1071,
                    [
                        [
                            390,
                            1127
                        ],
                        [
                            385,
                            1107
                        ]
                    ],
                    true
                ],
                [
                    1072,
                    1073,
                    [
                        [
                            345,
                            267
                        ],
                        [
                            257,
                            267
                        ]
                    ],
                    true
                ],
                [
                    1073,
                    1074,
                    [
                        [
                            354,
                            299
                        ],
                        [
                            345,
                            267
                        ]
                    ],
                    true
                ],
                [
                    1075,
                    1076,
                    [
                        [
                            240,
                            647
                        ],
                        [
                            240,
                            627
                        ]
                    ],
                    true
                ],
                [
                    1076,
                    1077,
                    [
                        [
                            240,
                            667
                        ],
                        [
                            240,
                            647
                        ]
                    ],
                    true
                ],
                [
                    1077,
                    1078,
                    [
                        [
                            240,
                            687
                        ],
                        [
                            240,
                            667
                        ]
                    ],
                    true
                ],
                [
                    1078,
                    1079,
                    [
                        [
                            240,
                            707
                        ],
                        [
                            240,
                            687
                        ]
                    ],
                    true
                ],
                [
                    1079,
                    1080,
                    [
                        [
                            240,
                            727
                        ],
                        [
                            240,
                            707
                        ]
                    ],
                    true
                ],
                [
                    1080,
                    1081,
                    [
                        [
                            240,
                            747
                        ],
                        [
                            240,
                            727
                        ]
                    ],
                    true
                ],
                [
                    1081,
                    1082,
                    [
                        [
                            240,
                            767
                        ],
                        [
                            240,
                            747
                        ]
                    ],
                    true
                ],
                [
                    1082,
                    1083,
                    [
                        [
                            240,
                            787
                        ],
                        [
                            240,
                            767
                        ]
                    ],
                    true
                ],
                [
                    1083,
                    1084,
                    [
                        [
                            240,
                            807
                        ],
                        [
                            240,
                            787
                        ]
                    ],
                    true
                ],
                [
                    1084,
                    1085,
                    [
                        [
                            240,
                            827
                        ],
                        [
                            240,
                            807
                        ]
                    ],
                    true
                ],
                [
                    1085,
                    1086,
                    [
                        [
                            240,
                            847
                        ],
                        [
                            240,
                            827
                        ]
                    ],
                    true
                ],
                [
                    1086,
                    1087,
                    [
                        [
                            240,
                            867
                        ],
                        [
                            240,
                            847
                        ]
                    ],
                    true
                ],
                [
                    1087,
                    1088,
                    [
                        [
                            240,
                            887
                        ],
                        [
                            240,
                            867
                        ]
                    ],
                    true
                ],
                [
                    1088,
                    1089,
                    [
                        [
                            240,
                            907
                        ],
                        [
                            240,
                            887
                        ]
                    ],
                    true
                ],
                [
                    1089,
                    1090,
                    [
                        [
                            240,
                            927
                        ],
                        [
                            240,
                            907
                        ]
                    ],
                    true
                ],
                [
                    1090,
                    1091,
                    [
                        [
                            240,
                            947
                        ],
                        [
                            240,
                            927
                        ]
                    ],
                    true
                ],
                [
                    1091,
                    1092,
                    [
                        [
                            240,
                            967
                        ],
                        [
                            240,
                            947
                        ]
                    ],
                    true
                ],
                [
                    1092,
                    1093,
                    [
                        [
                            240,
                            987
                        ],
                        [
                            240,
                            967
                        ]
                    ],
                    true
                ],
                [
                    1093,
                    1094,
                    [
                        [
                            240,
                            1007
                        ],
                        [
                            240,
                            987
                        ]
                    ],
                    true
                ]
            ],
            "stations": [
                {
                    "coord": [
                        115,
                        27
                    ],
                    "is_working": true,
                    "name": "Москва Павелецкая",
                    "rect": [
                        125,
                        21,
                        105,
                        15
                    ],
                    "text_id": 841,
                    "uid": 1016
                },
                {
                    "coord": [
                        120,
                        47
                    ],
                    "is_working": true,
                    "name": "Москва Тов.",
                    "rect": [
                        131,
                        41,
                        64,
                        15
                    ],
                    "text_id": 398,
                    "uid": 1017
                },
                {
                    "coord": [
                        125,
                        67
                    ],
                    "is_working": true,
                    "name": "ЗИЛ",
                    "rect": [
                        135,
                        60,
                        24,
                        15
                    ],
                    "text_id": 132,
                    "uid": 1018
                },
                {
                    "coord": [
                        130,
                        87
                    ],
                    "is_working": true,
                    "name": "Нижние Котлы",
                    "rect": [
                        43,
                        81,
                        77,
                        15
                    ],
                    "text_id": 842,
                    "uid": 1019
                },
                {
                    "coord": [
                        135,
                        107
                    ],
                    "is_working": true,
                    "name": "Варшавская",
                    "rect": [
                        145,
                        101,
                        70,
                        15
                    ],
                    "text_id": 95,
                    "uid": 1020
                },
                {
                    "coord": [
                        140,
                        127
                    ],
                    "is_working": true,
                    "name": "Чертаново",
                    "rect": [
                        150,
                        120,
                        56,
                        15
                    ],
                    "text_id": 843,
                    "uid": 1021
                },
                {
                    "coord": [
                        145,
                        147
                    ],
                    "is_working": true,
                    "name": "Бирюлево Тов.",
                    "rect": [
                        155,
                        140,
                        80,
                        15
                    ],
                    "text_id": 844,
                    "uid": 1022
                },
                {
                    "coord": [
                        150,
                        167
                    ],
                    "is_working": true,
                    "name": "Бирюлево Пасс.",
                    "rect": [
                        160,
                        160,
                        88,
                        15
                    ],
                    "text_id": 845,
                    "uid": 1023
                },
                {
                    "coord": [
                        155,
                        187
                    ],
                    "is_working": true,
                    "name": "Булатниково",
                    "rect": [
                        165,
                        180,
                        69,
                        15
                    ],
                    "text_id": 846,
                    "uid": 1024
                },
                {
                    "coord": [
                        160,
                        207
                    ],
                    "is_working": true,
                    "name": "Расторгуево",
                    "rect": [
                        170,
                        200,
                        66,
                        15
                    ],
                    "text_id": 847,
                    "uid": 1025
                },
                {
                    "coord": [
                        165,
                        227
                    ],
                    "is_working": true,
                    "name": "Калинина",
                    "rect": [
                        175,
                        220,
                        51,
                        15
                    ],
                    "text_id": 848,
                    "uid": 1026
                },
                {
                    "coord": [
                        170,
                        247
                    ],
                    "is_working": true,
                    "name": "Ленинская",
                    "rect": [
                        180,
                        240,
                        56,
                        15
                    ],
                    "text_id": 849,
                    "uid": 1027
                },
                {
                    "coord": [
                        175,
                        267
                    ],
                    "is_working": true,
                    "name": "Домодедово",
                    "rect": [
                        96,
                        262,
                        67,
                        15
                    ],
                    "text_id": 850,
                    "uid": 1028
                },
                {
                    "coord": [
                        180,
                        287
                    ],
                    "is_working": true,
                    "name": "Взлетная",
                    "rect": [
                        190,
                        280,
                        51,
                        15
                    ],
                    "text_id": 851,
                    "uid": 1029
                },
                {
                    "coord": [
                        185,
                        307
                    ],
                    "is_working": true,
                    "name": "Востряково",
                    "rect": [
                        195,
                        300,
                        62,
                        15
                    ],
                    "text_id": 852,
                    "uid": 1030
                },
                {
                    "coord": [
                        190,
                        327
                    ],
                    "is_working": true,
                    "name": "Белые Столбы",
                    "rect": [
                        200,
                        320,
                        82,
                        15
                    ],
                    "text_id": 853,
                    "uid": 1031
                },
                {
                    "coord": [
                        195,
                        347
                    ],
                    "is_working": true,
                    "name": "52 км",
                    "rect": [
                        205,
                        340,
                        30,
                        15
                    ],
                    "text_id": 854,
                    "uid": 1032
                },
                {
                    "coord": [
                        200,
                        367
                    ],
                    "is_working": true,
                    "name": "Барыбино",
                    "rect": [
                        210,
                        360,
                        55,
                        15
                    ],
                    "text_id": 855,
                    "uid": 1033
                },
                {
                    "coord": [
                        205,
                        387
                    ],
                    "is_working": true,
                    "name": "Вельяминово",
                    "rect": [
                        215,
                        380,
                        73,
                        15
                    ],
                    "text_id": 856,
                    "uid": 1034
                },
                {
                    "coord": [
                        210,
                        407
                    ],
                    "is_working": true,
                    "name": "Привалово",
                    "rect": [
                        220,
                        400,
                        59,
                        15
                    ],
                    "text_id": 857,
                    "uid": 1035
                },
                {
                    "coord": [
                        215,
                        427
                    ],
                    "is_working": true,
                    "name": "Михнево",
                    "rect": [
                        225,
                        420,
                        47,
                        15
                    ],
                    "text_id": 858,
                    "uid": 1036
                },
                {
                    "coord": [
                        220,
                        447
                    ],
                    "is_working": true,
                    "name": "Шугарово",
                    "rect": [
                        230,
                        440,
                        52,
                        15
                    ],
                    "text_id": 859,
                    "uid": 1037
                },
                {
                    "coord": [
                        225,
                        467
                    ],
                    "is_working": true,
                    "name": "85 км",
                    "rect": [
                        235,
                        460,
                        30,
                        15
                    ],
                    "text_id": 860,
                    "uid": 1038
                },
                {
                    "coord": [
                        230,
                        487
                    ],
                    "is_working": true,
                    "name": "Жилево",
                    "rect": [
                        240,
                        480,
                        42,
                        15
                    ],
                    "text_id": 861,
                    "uid": 1039
                },
                {
                    "coord": [
                        235,
                        507
                    ],
                    "is_working": true,
                    "name": "Ситенка",
                    "rect": [
                        245,
                        500,
                        44,
                        15
                    ],
                    "text_id": 862,
                    "uid": 1040
                },
                {
                    "coord": [
                        240,
                        527
                    ],
                    "is_working": true,
                    "name": "Ступино",
                    "rect": [
                        250,
                        520,
                        45,
                        15
                    ],
                    "text_id": 863,
                    "uid": 1041
                },
                {
                    "coord": [
                        245,
                        547
                    ],
                    "is_working": true,
                    "name": "Акри",
                    "rect": [
                        255,
                        540,
                        27,
                        15
                    ],
                    "text_id": 864,
                    "uid": 1042
                },
                {
                    "coord": [
                        250,
                        567
                    ],
                    "is_working": true,
                    "name": "Белопесоцкий",
                    "rect": [
                        260,
                        560,
                        76,
                        15
                    ],
                    "text_id": 865,
                    "uid": 1043
                },
                {
                    "coord": [
                        255,
                        587
                    ],
                    "is_working": true,
                    "name": "Кашира",
                    "rect": [
                        265,
                        580,
                        41,
                        15
                    ],
                    "text_id": 866,
                    "uid": 1044
                },
                {
                    "coord": [
                        260,
                        607
                    ],
                    "is_working": true,
                    "name": "Тесна",
                    "rect": [
                        270,
                        600,
                        32,
                        15
                    ],
                    "text_id": 867,
                    "uid": 1045
                },
                {
                    "coord": [
                        265,
                        627
                    ],
                    "is_working": true,
                    "name": "Ожерелье",
                    "rect": [
                        275,
                        620,
                        54,
                        15
                    ],
                    "text_id": 868,
                    "uid": 1046
                },
                {
                    "coord": [
                        269,
                        647
                    ],
                    "is_working": true,
                    "name": "121 км",
                    "rect": [
                        280,
                        640,
                        36,
                        15
                    ],
                    "text_id": 869,
                    "uid": 1047
                },
                {
                    "coord": [
                        275,
                        667
                    ],
                    "is_working": true,
                    "name": "Пурлово",
                    "rect": [
                        285,
                        660,
                        47,
                        15
                    ],
                    "text_id": 870,
                    "uid": 1048
                },
                {
                    "coord": [
                        280,
                        687
                    ],
                    "is_working": true,
                    "name": "Топканово",
                    "rect": [
                        290,
                        680,
                        55,
                        15
                    ],
                    "text_id": 871,
                    "uid": 1049
                },
                {
                    "coord": [
                        285,
                        707
                    ],
                    "is_working": true,
                    "name": "137 км",
                    "rect": [
                        295,
                        700,
                        36,
                        15
                    ],
                    "text_id": 872,
                    "uid": 1050
                },
                {
                    "coord": [
                        290,
                        727
                    ],
                    "is_working": true,
                    "name": "Богатищево",
                    "rect": [
                        300,
                        720,
                        64,
                        15
                    ],
                    "text_id": 873,
                    "uid": 1051
                },
                {
                    "coord": [
                        295,
                        747
                    ],
                    "is_working": true,
                    "name": "146 км",
                    "rect": [
                        305,
                        740,
                        36,
                        15
                    ],
                    "text_id": 874,
                    "uid": 1052
                },
                {
                    "coord": [
                        300,
                        767
                    ],
                    "is_working": true,
                    "name": "Коровино",
                    "rect": [
                        310,
                        760,
                        50,
                        15
                    ],
                    "text_id": 875,
                    "uid": 1053
                },
                {
                    "coord": [
                        305,
                        787
                    ],
                    "is_working": true,
                    "name": "152 км",
                    "rect": [
                        315,
                        780,
                        36,
                        15
                    ],
                    "text_id": 876,
                    "uid": 1054
                },
                {
                    "coord": [
                        310,
                        807
                    ],
                    "is_working": true,
                    "name": "Узуново",
                    "rect": [
                        320,
                        800,
                        43,
                        15
                    ],
                    "text_id": 877,
                    "uid": 1055
                },
                {
                    "coord": [
                        315,
                        827
                    ],
                    "is_working": true,
                    "name": "162 км",
                    "rect": [
                        325,
                        820,
                        36,
                        15
                    ],
                    "text_id": 878,
                    "uid": 1056
                },
                {
                    "coord": [
                        320,
                        847
                    ],
                    "is_working": true,
                    "name": "Дудино",
                    "rect": [
                        330,
                        840,
                        40,
                        15
                    ],
                    "text_id": 879,
                    "uid": 1057
                },
                {
                    "coord": [
                        325,
                        867
                    ],
                    "is_working": true,
                    "name": "Серебряные Пруды",
                    "rect": [
                        335,
                        860,
                        106,
                        15
                    ],
                    "text_id": 880,
                    "uid": 1058
                },
                {
                    "coord": [
                        330,
                        887
                    ],
                    "is_working": true,
                    "name": "Кораблевка",
                    "rect": [
                        340,
                        880,
                        62,
                        15
                    ],
                    "text_id": 881,
                    "uid": 1059
                },
                {
                    "coord": [
                        335,
                        907
                    ],
                    "is_working": true,
                    "name": "Треполье",
                    "rect": [
                        345,
                        900,
                        51,
                        15
                    ],
                    "text_id": 882,
                    "uid": 1060
                },
                {
                    "coord": [
                        340,
                        927
                    ],
                    "is_working": true,
                    "name": "Виленки",
                    "rect": [
                        350,
                        920,
                        46,
                        15
                    ],
                    "text_id": 883,
                    "uid": 1061
                },
                {
                    "coord": [
                        345,
                        947
                    ],
                    "is_working": true,
                    "name": "Донцы",
                    "rect": [
                        355,
                        940,
                        36,
                        15
                    ],
                    "text_id": 884,
                    "uid": 1062
                },
                {
                    "coord": [
                        350,
                        967
                    ],
                    "is_working": true,
                    "name": "Михайлов",
                    "rect": [
                        360,
                        960,
                        54,
                        15
                    ],
                    "text_id": 885,
                    "uid": 1063
                },
                {
                    "coord": [
                        355,
                        987
                    ],
                    "is_working": true,
                    "name": "Бояринцево",
                    "rect": [
                        365,
                        980,
                        64,
                        15
                    ],
                    "text_id": 886,
                    "uid": 1064
                },
                {
                    "coord": [
                        360,
                        1007
                    ],
                    "is_working": true,
                    "name": "Голдино",
                    "rect": [
                        370,
                        1000,
                        46,
                        15
                    ],
                    "text_id": 887,
                    "uid": 1065
                },
                {
                    "coord": [
                        365,
                        1027
                    ],
                    "is_working": true,
                    "name": "Лужковская",
                    "rect": [
                        375,
                        1020,
                        62,
                        15
                    ],
                    "text_id": 888,
                    "uid": 1066
                },
                {
                    "coord": [
                        370,
                        1047
                    ],
                    "is_working": true,
                    "name": "Валшутка",
                    "rect": [
                        380,
                        1040,
                        54,
                        15
                    ],
                    "text_id": 889,
                    "uid": 1067
                },
                {
                    "coord": [
                        375,
                        1067
                    ],
                    "is_working": true,
                    "name": "Катино",
                    "rect": [
                        385,
                        1060,
                        37,
                        15
                    ],
                    "text_id": 890,
                    "uid": 1068
                },
                {
                    "coord": [
                        380,
                        1087
                    ],
                    "is_working": true,
                    "name": "Мшанка",
                    "rect": [
                        390,
                        1080,
                        43,
                        15
                    ],
                    "text_id": 891,
                    "uid": 1069
                },
                {
                    "coord": [
                        385,
                        1107
                    ],
                    "is_working": true,
                    "name": "Кремлево",
                    "rect": [
                        395,
                        1100,
                        53,
                        15
                    ],
                    "text_id": 892,
                    "uid": 1070
                },
                {
                    "coord": [
                        390,
                        1127
                    ],
                    "is_working": true,
                    "name": "Павелец-1",
                    "rect": [
                        400,
                        1120,
                        56,
                        15
                    ],
                    "text_id": 893,
                    "uid": 1071
                },
                {
                    "coord": [
                        257,
                        267
                    ],
                    "is_working": true,
                    "name": "Авиационная",
                    "rect": [
                        260,
                        275,
                        70,
                        15
                    ],
                    "text_id": 894,
                    "uid": 1072
                },
                {
                    "coord": [
                        345,
                        267
                    ],
                    "is_working": true,
                    "name": "Космос",
                    "rect": [
                        321,
                        243,
                        40,
                        15
                    ],
                    "text_id": 895,
                    "uid": 1073
                },
                {
                    "coord": [
                        354,
                        299
                    ],
                    "is_working": true,
                    "name": "Аэропорт",
                    "rect": [
                        361,
                        307,
                        51,
                        15
                    ],
                    "text_id": 229,
                    "uid": 1074
                },
                {
                    "coord": [
                        240,
                        627
                    ],
                    "is_working": true,
                    "name": "123 км",
                    "rect": [
                        193,
                        619,
                        36,
                        15
                    ],
                    "text_id": 896,
                    "uid": 1075
                },
                {
                    "coord": [
                        240,
                        647
                    ],
                    "is_working": true,
                    "name": "126 км",
                    "rect": [
                        193,
                        640,
                        36,
                        15
                    ],
                    "text_id": 897,
                    "uid": 1076
                },
                {
                    "coord": [
                        240,
                        667
                    ],
                    "is_working": true,
                    "name": "Пчеловодная",
                    "rect": [
                        157,
                        660,
                        72,
                        15
                    ],
                    "text_id": 898,
                    "uid": 1077
                },
                {
                    "coord": [
                        240,
                        687
                    ],
                    "is_working": true,
                    "name": "137 км:X:1",
                    "rect": [
                        193,
                        680,
                        36,
                        15
                    ],
                    "text_id": 872,
                    "uid": 1078
                },
                {
                    "coord": [
                        240,
                        707
                    ],
                    "is_working": true,
                    "name": "142 км",
                    "rect": [
                        193,
                        699,
                        36,
                        15
                    ],
                    "text_id": 508,
                    "uid": 1079
                },
                {
                    "coord": [
                        240,
                        727
                    ],
                    "is_working": true,
                    "name": "Мордвес",
                    "rect": [
                        181,
                        720,
                        48,
                        15
                    ],
                    "text_id": 899,
                    "uid": 1080
                },
                {
                    "coord": [
                        240,
                        747
                    ],
                    "is_working": true,
                    "name": "156 км",
                    "rect": [
                        193,
                        739,
                        36,
                        15
                    ],
                    "text_id": 900,
                    "uid": 1081
                },
                {
                    "coord": [
                        240,
                        767
                    ],
                    "is_working": true,
                    "name": "Настасьино",
                    "rect": [
                        166,
                        759,
                        63,
                        15
                    ],
                    "text_id": 901,
                    "uid": 1082
                },
                {
                    "coord": [
                        240,
                        787
                    ],
                    "is_working": true,
                    "name": "163 км",
                    "rect": [
                        193,
                        780,
                        36,
                        15
                    ],
                    "text_id": 902,
                    "uid": 1083
                },
                {
                    "coord": [
                        240,
                        807
                    ],
                    "is_working": true,
                    "name": "166 км",
                    "rect": [
                        193,
                        799,
                        36,
                        15
                    ],
                    "text_id": 903,
                    "uid": 1084
                },
                {
                    "coord": [
                        240,
                        827
                    ],
                    "is_working": true,
                    "name": "168 км",
                    "rect": [
                        193,
                        819,
                        36,
                        15
                    ],
                    "text_id": 904,
                    "uid": 1085
                },
                {
                    "coord": [
                        240,
                        847
                    ],
                    "is_working": true,
                    "name": "Венев",
                    "rect": [
                        195,
                        840,
                        34,
                        15
                    ],
                    "text_id": 905,
                    "uid": 1086
                },
                {
                    "coord": [
                        240,
                        867
                    ],
                    "is_working": true,
                    "name": "180 км",
                    "rect": [
                        193,
                        859,
                        36,
                        15
                    ],
                    "text_id": 906,
                    "uid": 1087
                },
                {
                    "coord": [
                        240,
                        887
                    ],
                    "is_working": true,
                    "name": "Ольховка",
                    "rect": [
                        177,
                        880,
                        52,
                        15
                    ],
                    "text_id": 907,
                    "uid": 1088
                },
                {
                    "coord": [
                        240,
                        907
                    ],
                    "is_working": true,
                    "name": "193 км",
                    "rect": [
                        194,
                        900,
                        36,
                        15
                    ],
                    "text_id": 908,
                    "uid": 1089
                },
                {
                    "coord": [
                        240,
                        927
                    ],
                    "is_working": true,
                    "name": "Грицово",
                    "rect": [
                        186,
                        920,
                        44,
                        15
                    ],
                    "text_id": 909,
                    "uid": 1090
                },
                {
                    "coord": [
                        240,
                        947
                    ],
                    "is_working": true,
                    "name": "Маклец",
                    "rect": [
                        188,
                        940,
                        41,
                        15
                    ],
                    "text_id": 910,
                    "uid": 1091
                },
                {
                    "coord": [
                        240,
                        967
                    ],
                    "is_working": true,
                    "name": "Узловая-2",
                    "rect": [
                        176,
                        960,
                        53,
                        15
                    ],
                    "text_id": 911,
                    "uid": 1092
                },
                {
                    "coord": [
                        240,
                        987
                    ],
                    "is_working": true,
                    "name": "О.П. Депо",
                    "rect": [
                        177,
                        979,
                        52,
                        15
                    ],
                    "text_id": 912,
                    "uid": 1093
                },
                {
                    "coord": [
                        240,
                        1007
                    ],
                    "is_working": true,
                    "name": "Узловая-1",
                    "rect": [
                        176,
                        1000,
                        53,
                        15
                    ],
                    "text_id": 913,
                    "uid": 1094
                }
            ],
            "text_id": 235
        },
        {
            "labels_bg_color": "-1",
            "labels_color": "000000",
            "line_color": "046434",
            "line_width": 6,
            "name": "Замоскворецкая",
            "segments": [],
            "stations": [
                {
                    "coord": null,
                    "is_working": true,
                    "name": "Ховрино",
                    "rect": null,
                    "text_id": 223,
                    "uid": 243
                },
                {
                    "coord": null,
                    "is_working": true,
                    "name": "Беломорская",
                    "rect": null,
                    "text_id": 224,
                    "uid": 244
                },
                {
                    "coord": null,
                    "is_working": true,
                    "name": "Речной вокзал",
                    "rect": null,
                    "text_id": 225,
                    "uid": 245
                },
                {
                    "coord": null,
                    "is_working": true,
                    "name": "Водный стадион",
                    "rect": null,
                    "text_id": 226,
                    "uid": 246
                },
                {
                    "coord": null,
                    "is_working": true,
                    "name": "Войковская",
                    "rect": null,
                    "text_id": 227,
                    "uid": 247
                },
                {
                    "coord": null,
                    "is_working": true,
                    "name": "Сокол",
                    "rect": null,
                    "text_id": 228,
                    "uid": 248
                },
                {
                    "coord": null,
                    "is_working": true,
                    "name": "Аэропорт",
                    "rect": null,
                    "text_id": 229,
                    "uid": 249
                },
                {
                    "coord": null,
                    "is_working": true,
                    "name": "Динамо",
                    "rect": null,
                    "text_id": 230,
                    "uid": 250
                },
                {
                    "coord": null,
                    "is_working": true,
                    "name": "Белорусская",
                    "rect": null,
                    "text_id": 180,
                    "uid": 251
                },
                {
                    "coord": null,
                    "is_working": true,
                    "name": "Маяковская",
                    "rect": null,
                    "text_id": 231,
                    "uid": 252
                },
                {
                    "coord": null,
                    "is_working": true,
                    "name": "Тверская",
                    "rect": null,
                    "text_id": 232,
                    "uid": 253
                },
                {
                    "coord": null,
                    "is_working": true,
                    "name": "Театральная",
                    "rect": null,
                    "text_id": 233,
                    "uid": 254
                },
                {
                    "coord": null,
                    "is_working": true,
                    "name": "Новокузнецкая",
                    "rect": null,
                    "text_id": 234,
                    "uid": 255
                },
                {
                    "coord": [
                        92,
                        26
                    ],
                    "is_working": true,
                    "name": "Павелецкая",
                    "rect": [
                        15,
                        21,
                        64,
                        15
                    ],
                    "text_id": 235,
                    "uid": 256
                },
                {
                    "coord": null,
                    "is_working": true,
                    "name": "Автозаводская",
                    "rect": null,
                    "text_id": 131,
                    "uid": 257
                },
                {
                    "coord": null,
                    "is_working": true,
                    "name": "Технопарк",
                    "rect": null,
                    "text_id": 236,
                    "uid": 258
                },
                {
                    "coord": null,
                    "is_working": true,
                    "name": "Коломенская",
                    "rect": null,
                    "text_id": 237,
                    "uid": 259
                },
                {
                    "coord": null,
                    "is_working": true,
                    "name": "Каширская",
                    "rect": null,
                    "text_id": 96,
                    "uid": 260
                },
                {
                    "coord": null,
                    "is_working": true,
                    "name": "Кантемировская",
                    "rect": null,
                    "text_id": 238,
                    "uid": 261
                },
                {
                    "coord": null,
                    "is_working": true,
                    "name": "Царицыно",
                    "rect": null,
                    "text_id": 212,
                    "uid": 262
                },
                {
                    "coord": null,
                    "is_working": true,
                    "name": "Орехово",
                    "rect": null,
                    "text_id": 239,
                    "uid": 263
                },
                {
                    "coord": null,
                    "is_working": true,
                    "name": "Домодедовская",
                    "rect": null,
                    "text_id": 240,
                    "uid": 264
                },
                {
                    "coord": null,
                    "is_working": true,
                    "name": "Красногвардейская",
                    "rect": null,
                    "text_id": 241,
                    "uid": 265
                },
                {
                    "coord": null,
                    "is_working": true,
                    "name": "Алма-Атинская",
                    "rect": null,
                    "text_id": 242,
                    "uid": 266
                }
            ],
            "text_id": 243
        },
        {
            "labels_bg_color": "-1",
            "labels_color": "000000",
            "line_color": "543C04",
            "line_width": 6,
            "name": "Кольцевая",
            "segments": [],
            "stations": [
                {
                    "coord": null,
                    "is_working": true,
                    "name": "Парк культуры",
                    "rect": null,
                    "text_id": 12,
                    "uid": 382
                },
                {
                    "coord": null,
                    "is_working": true,
                    "name": "Октябрьская",
                    "rect": null,
                    "text_id": 334,
                    "uid": 383
                },
                {
                    "coord": null,
                    "is_working": true,
                    "name": "Добрынинская",
                    "rect": null,
                    "text_id": 335,
                    "uid": 384
                },
                {
                    "coord": [
                        92,
                        11
                    ],
                    "is_working": true,
                    "name": "Павелецкая",
                    "rect": [
                        15,
                        1,
                        64,
                        15
                    ],
                    "text_id": 235,
                    "uid": 385
                },
                {
                    "coord": null,
                    "is_working": true,
                    "name": "Таганская",
                    "rect": null,
                    "text_id": 336,
                    "uid": 386
                },
                {
                    "coord": null,
                    "is_working": true,
                    "name": "Курская",
                    "rect": null,
                    "text_id": 205,
                    "uid": 387
                },
                {
                    "coord": null,
                    "is_working": true,
                    "name": "Комсомольская",
                    "rect": null,
                    "text_id": 5,
                    "uid": 388
                },
                {
                    "coord": null,
                    "is_working": true,
                    "name": "Проспект Мира",
                    "rect": null,
                    "text_id": 337,
                    "uid": 389
                },
                {
                    "coord": null,
                    "is_working": true,
                    "name": "Новослободская",
                    "rect": null,
                    "text_id": 338,
                    "uid": 390
                },
                {
                    "coord": null,
                    "is_working": true,
                    "name": "Белорусская",
                    "rect": null,
                    "text_id": 180,
                    "uid": 391
                },
                {
                    "coord": null,
                    "is_working": true,
                    "name": "Краснопресненская",
                    "rect": null,
                    "text_id": 339,
                    "uid": 392
                },
                {
                    "coord": null,
                    "is_working": true,
                    "name": "Киевская",
                    "rect": null,
                    "text_id": 319,
                    "uid": 393
                }
            ],
            "text_id": 340
        },
        {
            "labels_bg_color": "-1",
            "labels_color": "000000",
            "line_color": "9CA4A4",
            "line_width": 6,
            "name": "Серпуховско-Тимирязевская",
            "segments": [],
            "stations": [
                {
                    "coord": null,
                    "is_working": true,
                    "name": "Алтуфьево",
                    "rect": null,
                    "text_id": 27,
                    "uid": 26
                },
                {
                    "coord": null,
                    "is_working": true,
                    "name": "Бибирево",
                    "rect": null,
                    "text_id": 28,
                    "uid": 27
                },
                {
                    "coord": null,
                    "is_working": true,
                    "name": "Отрадное",
                    "rect": null,
                    "text_id": 29,
                    "uid": 28
                },
                {
                    "coord": null,
                    "is_working": true,
                    "name": "Владыкино",
                    "rect": null,
                    "text_id": 30,
                    "uid": 29
                },
                {
                    "coord": null,
                    "is_working": true,
                    "name": "Петровско-Разумовская",
                    "rect": null,
                    "text_id": 31,
                    "uid": 30
                },
                {
                    "coord": null,
                    "is_working": true,
                    "name": "Тимирязевская",
                    "rect": null,
                    "text_id": 32,
                    "uid": 31
                },
                {
                    "coord": null,
                    "is_working": true,
                    "name": "Дмитровская",
                    "rect": null,
                    "text_id": 33,
                    "uid": 32
                },
                {
                    "coord": null,
                    "is_working": true,
                    "name": "Савеловская",
                    "rect": null,
                    "text_id": 34,
                    "uid": 33
                },
                {
                    "coord": null,
                    "is_working": true,
                    "name": "Менделеевская",
                    "rect": null,
                    "text_id": 35,
                    "uid": 34
                },
                {
                    "coord": null,
                    "is_working": true,
                    "name": "Цветной бульвар",
                    "rect": null,
                    "text_id": 36,
                    "uid": 35
                },
                {
                    "coord": null,
                    "is_working": true,
                    "name": "Чеховская",
                    "rect": null,
                    "text_id": 37,
                    "uid": 36
                },
                {
                    "coord": null,
                    "is_working": true,
                    "name": "Боровицкая",
                    "rect": null,
                    "text_id": 38,
                    "uid": 37
                },
                {
                    "coord": null,
                    "is_working": true,
                    "name": "Полянка",
                    "rect": null,
                    "text_id": 39,
                    "uid": 38
                },
                {
                    "coord": null,
                    "is_working": true,
                    "name": "Серпуховская",
                    "rect": null,
                    "text_id": 40,
                    "uid": 39
                },
                {
                    "coord": [
                        110,
                        67
                    ],
                    "is_working": true,
                    "name": "Тульская",
                    "rect": [
                        50,
                        60,
                        50,
                        15
                    ],
                    "text_id": 41,
                    "uid": 40
                },
                {
                    "coord": [
                        145,
                        87
                    ],
                    "is_working": true,
                    "name": "Нагатинская",
                    "rect": [
                        156,
                        81,
                        66,
                        15
                    ],
                    "text_id": 42,
                    "uid": 41
                },
                {
                    "coord": null,
                    "is_working": true,
                    "name": "Нагорная",
                    "rect": null,
                    "text_id": 43,
                    "uid": 42
                },
                {
                    "coord": null,
                    "is_working": true,
                    "name": "Нахимовский проспект",
                    "rect": null,
                    "text_id": 44,
                    "uid": 43
                },
                {
                    "coord": null,
                    "is_working": true,
                    "name": "Севастопольская",
                    "rect": null,
                    "text_id": 45,
                    "uid": 44
                },
                {
                    "coord": null,
                    "is_working": true,
                    "name": "Чертановская",
                    "rect": null,
                    "text_id": 46,
                    "uid": 45
                },
                {
                    "coord": null,
                    "is_working": true,
                    "name": "Южная",
                    "rect": null,
                    "text_id": 47,
                    "uid": 46
                },
                {
                    "coord": null,
                    "is_working": true,
                    "name": "Пражская",
                    "rect": null,
                    "text_id": 48,
                    "uid": 47
                },
                {
                    "coord": null,
                    "is_working": true,
                    "name": "Улица Академика Янгеля",
                    "rect": null,
                    "text_id": 49,
                    "uid": 48
                },
                {
                    "coord": null,
                    "is_working": true,
                    "name": "Аннино",
                    "rect": null,
                    "text_id": 50,
                    "uid": 49
                },
                {
                    "coord": null,
                    "is_working": true,
                    "name": "Бульвар Дмитрия Донского",
                    "rect": null,
                    "text_id": 51,
                    "uid": 50
                }
            ],
            "text_id": 52
        },
        {
            "labels_bg_color": "-1",
            "labels_color": "000000",
            "line_color": "30D5C8",
            "line_width": 6,
            "name": "БКЛ",
            "segments": [],
            "stations": [
                {
                    "coord": null,
                    "is_working": true,
                    "name": "Савеловская",
                    "rect": null,
                    "text_id": 34,
                    "uid": 77
                },
                {
                    "coord": [
                        120,
                        107
                    ],
                    "is_working": true,
                    "name": "Петровский парк",
                    "rect": [
                        44,
                        102,
                        66,
                        15
                    ],
                    "text_id": 79,
                    "uid": 78
                },
                {
                    "coord": null,
                    "is_working": true,
                    "name": "ЦСКА",
                    "rect": null,
                    "text_id": 80,
                    "uid": 79
                },
                {
                    "coord": null,
                    "is_working": true,
                    "name": "Хорошёвская",
                    "rect": null,
                    "text_id": 81,
                    "uid": 80
                },
                {
                    "coord": null,
                    "is_working": true,
                    "name": "Шелепиха",
                    "rect": null,
                    "text_id": 82,
                    "uid": 81
                },
                {
                    "coord": null,
                    "is_working": true,
                    "name": "Деловой центр",
                    "rect": null,
                    "text_id": 83,
                    "uid": 82
                },
                {
                    "coord": null,
                    "is_working": true,
                    "name": "Народное ополчение",
                    "rect": null,
                    "text_id": 84,
                    "uid": 83
                },
                {
                    "coord": null,
                    "is_working": true,
                    "name": "Мнёвники",
                    "rect": null,
                    "text_id": 85,
                    "uid": 84
                },
                {
                    "coord": null,
                    "is_working": true,
                    "name": "Терехово",
                    "rect": null,
                    "text_id": 86,
                    "uid": 85
                },
                {
                    "coord": null,
                    "is_working": true,
                    "name": "Кунцевская",
                    "rect": null,
                    "text_id": 87,
                    "uid": 86
                },
                {
                    "coord": null,
                    "is_working": true,
                    "name": "Давыдково",
                    "rect": null,
                    "text_id": 88,
                    "uid": 87
                },
                {
                    "coord": null,
                    "is_working": true,
                    "name": "Аминьевская",
                    "rect": null,
                    "text_id": 89,
                    "uid": 88
                },
                {
                    "coord": null,
                    "is_working": true,
                    "name": "Мичуринский проспект",
                    "rect": null,
                    "text_id": 90,
                    "uid": 89
                },
                {
                    "coord": null,
                    "is_working": true,
                    "name": "Проспект Вернадского",
                    "rect": null,
                    "text_id": 17,
                    "uid": 90
                },
                {
                    "coord": null,
                    "is_working": true,
                    "name": "Новаторская",
                    "rect": null,
                    "text_id": 91,
                    "uid": 91
                },
                {
                    "coord": null,
                    "is_working": true,
                    "name": "Воронцовская",
                    "rect": null,
                    "text_id": 92,
                    "uid": 92
                },
                {
                    "coord": null,
                    "is_working": true,
                    "name": "Зюзино",
                    "rect": null,
                    "text_id": 93,
                    "uid": 93
                },
                {
                    "coord": null,
                    "is_working": true,
                    "name": "Каховская",
                    "rect": null,
                    "text_id": 94,
                    "uid": 94
                },
                {
                    "coord": null,
                    "is_working": true,
                    "name": "Варшавская",
                    "rect": null,
                    "text_id": 95,
                    "uid": 95
                },
                {
                    "coord": null,
                    "is_working": true,
                    "name": "Каширская",
                    "rect": null,
                    "text_id": 96,
                    "uid": 96
                },
                {
                    "coord": null,
                    "is_working": true,
                    "name": "Кленовый бульвар",
                    "rect": null,
                    "text_id": 97,
                    "uid": 97
                },
                {
                    "coord": null,
                    "is_working": true,
                    "name": "Нагатинский Затон",
                    "rect": null,
                    "text_id": 98,
                    "uid": 98
                },
                {
                    "coord": null,
                    "is_working": true,
                    "name": "Печатники",
                    "rect": null,
                    "text_id": 70,
                    "uid": 99
                },
                {
                    "coord": null,
                    "is_working": true,
                    "name": "Текстильщики",
                    "rect": null,
                    "text_id": 99,
                    "uid": 100
                },
                {
                    "coord": null,
                    "is_working": true,
                    "name": "Нижегородская",
                    "rect": null,
                    "text_id": 100,
                    "uid": 101
                },
                {
                    "coord": null,
                    "is_working": true,
                    "name": "Авиамоторная",
                    "rect": null,
                    "text_id": 101,
                    "uid": 102
                },
                {
                    "coord": null,
                    "is_working": true,
                    "name": "Лефортово",
                    "rect": null,
                    "text_id": 102,
                    "uid": 103
                },
                {
                    "coord": null,
                    "is_working": true,
                    "name": "Электрозаводская",
                    "rect": null,
                    "text_id": 103,
                    "uid": 104
                },
                {
                    "coord": null,
                    "is_working": true,
                    "name": "Сокольники",
                    "rect": null,
                    "text_id": 3,
                    "uid": 105
                },
                {
                    "coord": null,
                    "is_working": true,
                    "name": "Рижская",
                    "rect": null,
                    "text_id": 104,
                    "uid": 106
                },
                {
                    "coord": null,
                    "is_working": true,
                    "name": "Марьина Роща",
                    "rect": null,
                    "text_id": 105,
                    "uid": 107
                }
            ],
            "text_id": 106
        }
    ],
    "lines_width": 6,
    "name": "paveleckayazhd",
    "name_text_id": 235,
    "stations_diameter": 12.0,
    "transfers": [
        [
            94,
            44,
            null,
            null
        ],
        [
            78,
            250,
            [
                120,
                107
            ],
            null
        ],
        [
            251,
            391,
            null,
            null
        ],
        [
            39,
            384,
            null,
            null
        ],
        [
            96,
            260,
            null,
            null
        ],
        [
            34,
            390,
            null,
            null
        ],
        [
            256,
            385,
            [
                92,
                26
            ],
            [
                92,
                11
            ]
        ],
        [
            36,
            253,
            null,
            null
        ],
        [
            77,
            33,
            null,
            null
        ]
    ],
    "transports": [
        "metro",
        "trains",
        "trams",
        "tramsriver"
    ],
    "type_name": "Электричка",
    "type_text_id": 1549,
    "upper_case": false,
    "width": 540,
    "word_wrap": false
}