{
    "default_transports": [
        "metro"
    ],
    "height": 1210,
    "images": [
        "res/schemes/sokolnicheskayaline.svg"
    ],
    "is_vector": true,
    "lines": [
        {
            "labels_bg_color": "-1",
            "labels_color": "000000",
            "line_color": "E41c0c",
            "line_width": 9,
            "name": "Сокольническая",
            "segments": [
                [
                    0,
                    1,
                    [
                        [
                            200,
                            100
                        ],
                        [
                            200,
                            60
                        ]
                    ],
                    true
                ],
                [
                    1,
                    2,
                    [
                        [
                            200,
                            140
                        ],
                        [
                            200,
                            100
                        ]
                    ],
                    true
                ],
                [
                    2,
                    3,
                    [
                        [
                            200,
                            180
                        ],
                        [
                            200,
                            140
                        ]
                    ],
                    true
                ],
                [
                    3,
                    4,
                    [
                        [
                            200,
                            220
                        ],
                        [
                            200,
                            180
                        ]
                    ],
                    true
                ],
                [
                    4,
                    5,
                    [
                        [
                            200,
                            260
                        ],
                        [
                            200,
                            220
                        ]
                    ],
                    true
                ],
                [
                    5,
                    6,
                    [
                        [
                            200,
                            300
                        ],
                        [
                            200,
                            260
                        ]
                    ],
                    true
                ],
                [
                    6,
                    7,
                    [
                        [
                            200,
                            340
                        ],
                        [
                            200,
                            300
                        ]
                    ],
                    true
                ],
                [
                    7,
                    8,
                    [
                        [
                            200,
                            380
                        ],
                        [
                            200,
                            340
                        ]
                    ],
                    true
                ],
                [
                    8,
                    9,
                    [
                        [
                            200,
                            414
                        ],
                        [
                            200,
                            380
                        ]
                    ],
                    true
                ],
                [
                    9,
                    10,
                    [
                        [
                            200,
                            460
                        ],
                        [
                            200,
                            414
                        ]
                    ],
                    true
                ],
                [
                    10,
                    11,
                    [
                        [
                            200,
                            504
                        ],
                        [
                            200,
                            460
                        ]
                    ],
                    true
                ],
                [
                    11,
                    12,
                    [
                        [
                            200,
                            540
                        ],
                        [
                            200,
                            504
                        ]
                    ],
                    true
                ],
                [
                    12,
                    13,
                    [
                        [
                            200,
                            580
                        ],
                        [
                            200,
                            540
                        ]
                    ],
                    true
                ],
                [
                    13,
                    14,
                    [
                        [
                            200,
                            620
                        ],
                        [
                            200,
                            580
                        ]
                    ],
                    true
                ],
                [
                    14,
                    15,
                    [
                        [
                            200,
                            660
                        ],
                        [
                            200,
                            620
                        ]
                    ],
                    true
                ],
                [
                    15,
                    16,
                    [
                        [
                            200,
                            700
                        ],
                        [
                            200,
                            660
                        ]
                    ],
                    true
                ],
                [
                    16,
                    17,
                    [
                        [
                            200,
                            740
                        ],
                        [
                            200,
                            700
                        ]
                    ],
                    true
                ],
                [
                    17,
                    18,
                    [
                        [
                            200,
                            780
                        ],
                        [
                            200,
                            740
                        ]
                    ],
                    true
                ],
                [
                    18,
                    19,
                    [
                        [
                            200,
                            820
                        ],
                        [
                            200,
                            780
                        ]
                    ],
                    true
                ],
                [
                    19,
                    20,
                    [
                        [
                            200,
                            860
                        ],
                        [
                            200,
                            820
                        ]
                    ],
                    true
                ],
                [
                    20,
                    21,
                    [
                        [
                            200,
                            900
                        ],
                        [
                            200,
                            860
                        ]
                    ],
                    true
                ],
                [
                    21,
                    22,
                    [
                        [
                            200,
                            940
                        ],
                        [
                            200,
                            900
                        ]
                    ],
                    true
                ],
                [
                    22,
                    23,
                    [
                        [
                            200,
                            980
                        ],
                        [
                            200,
                            940
                        ]
                    ],
                    true
                ],
                [
                    23,
                    24,
                    [
                        [
                            200,
                            1020
                        ],
                        [
                            200,
                            980
                        ]
                    ],
                    true
                ],
                [
                    24,
                    25,
                    [
                        [
                            200,
                            1060
                        ],
                        [
                            200,
                            1020
                        ]
                    ],
                    true
                ]
            ],
            "stations": [
                {
                    "coord": [
                        200,
                        60
                    ],
                    "is_working": true,
                    "name": "Бульвар Рокоссовского",
                    "rect": [
                        215,
                        48,
                        100,
                        27
                    ],
                    "text_id": 0,
                    "uid": 0
                },
                {
                    "coord": [
                        200,
                        100
                    ],
                    "is_working": true,
                    "name": "Черкизовская",
                    "rect": [
                        215,
                        90,
                        100,
                        20
                    ],
                    "text_id": 1,
                    "uid": 1
                },
                {
                    "coord": [
                        200,
                        140
                    ],
                    "is_working": true,
                    "name": "Преображенская площадь",
                    "rect": [
                        215,
                        128,
                        98,
                        27
                    ],
                    "text_id": 2,
                    "uid": 2
                },
                {
                    "coord": [
                        200,
                        180
                    ],
                    "is_working": true,
                    "name": "Сокольники",
                    "rect": [
                        215,
                        170,
                        100,
                        20
                    ],
                    "text_id": 3,
                    "uid": 3
                },
                {
                    "coord": [
                        200,
                        220
                    ],
                    "is_working": true,
                    "name": "Красносельская",
                    "rect": [
                        215,
                        210,
                        100,
                        20
                    ],
                    "text_id": 4,
                    "uid": 4
                },
                {
                    "coord": [
                        200,
                        260
                    ],
                    "is_working": true,
                    "name": "Комсомольская",
                    "rect": [
                        215,
                        250,
                        100,
                        20
                    ],
                    "text_id": 5,
                    "uid": 5
                },
                {
                    "coord": [
                        200,
                        300
                    ],
                    "is_working": true,
                    "name": "Красные ворота",
                    "rect": [
                        215,
                        290,
                        98,
                        27
                    ],
                    "text_id": 6,
                    "uid": 6
                },
                {
                    "coord": [
                        200,
                        340
                    ],
                    "is_working": true,
                    "name": "Чистые пруды",
                    "rect": [
                        215,
                        330,
                        96,
                        28
                    ],
                    "text_id": 7,
                    "uid": 7
                },
                {
                    "coord": [
                        200,
                        380
                    ],
                    "is_working": true,
                    "name": "Лубянка",
                    "rect": [
                        215,
                        370,
                        100,
                        20
                    ],
                    "text_id": 8,
                    "uid": 8
                },
                {
                    "coord": [
                        200,
                        414
                    ],
                    "is_working": true,
                    "name": "Охотный ряд",
                    "rect": [
                        215,
                        403,
                        100,
                        20
                    ],
                    "text_id": 9,
                    "uid": 9
                },
                {
                    "coord": [
                        200,
                        460
                    ],
                    "is_working": true,
                    "name": "Библиотека имени Ленина",
                    "rect": [
                        215,
                        447,
                        99,
                        28
                    ],
                    "text_id": 10,
                    "uid": 10
                },
                {
                    "coord": [
                        200,
                        504
                    ],
                    "is_working": true,
                    "name": "Кропоткинская",
                    "rect": [
                        215,
                        490,
                        100,
                        20
                    ],
                    "text_id": 11,
                    "uid": 11
                },
                {
                    "coord": [
                        200,
                        540
                    ],
                    "is_working": true,
                    "name": "Парк культуры",
                    "rect": [
                        215,
                        528,
                        100,
                        26
                    ],
                    "text_id": 12,
                    "uid": 12
                },
                {
                    "coord": [
                        200,
                        580
                    ],
                    "is_working": true,
                    "name": "Фрунзенская",
                    "rect": [
                        215,
                        570,
                        100,
                        20
                    ],
                    "text_id": 13,
                    "uid": 13
                },
                {
                    "coord": [
                        200,
                        620
                    ],
                    "is_working": true,
                    "name": "Спортивная",
                    "rect": [
                        215,
                        610,
                        100,
                        20
                    ],
                    "text_id": 14,
                    "uid": 14
                },
                {
                    "coord": [
                        200,
                        660
                    ],
                    "is_working": true,
                    "name": "Воробьевы горы",
                    "rect": [
                        215,
                        648,
                        100,
                        27
                    ],
                    "text_id": 15,
                    "uid": 15
                },
                {
                    "coord": [
                        200,
                        700
                    ],
                    "is_working": true,
                    "name": "Университет",
                    "rect": [
                        215,
                        690,
                        100,
                        20
                    ],
                    "text_id": 16,
                    "uid": 16
                },
                {
                    "coord": [
                        200,
                        740
                    ],
                    "is_working": true,
                    "name": "Проспект Вернадского",
                    "rect": [
                        215,
                        728,
                        100,
                        26
                    ],
                    "text_id": 17,
                    "uid": 17
                },
                {
                    "coord": [
                        200,
                        780
                    ],
                    "is_working": true,
                    "name": "Юго-Западная",
                    "rect": [
                        215,
                        770,
                        100,
                        20
                    ],
                    "text_id": 18,
                    "uid": 18
                },
                {
                    "coord": [
                        200,
                        820
                    ],
                    "is_working": true,
                    "name": "Тропарёво",
                    "rect": [
                        215,
                        810,
                        100,
                        20
                    ],
                    "text_id": 19,
                    "uid": 19
                },
                {
                    "coord": [
                        200,
                        860
                    ],
                    "is_working": true,
                    "name": "Румянцево",
                    "rect": [
                        215,
                        850,
                        100,
                        20
                    ],
                    "text_id": 20,
                    "uid": 20
                },
                {
                    "coord": [
                        200,
                        900
                    ],
                    "is_working": true,
                    "name": "Саларьево",
                    "rect": [
                        215,
                        890,
                        100,
                        20
                    ],
                    "text_id": 21,
                    "uid": 21
                },
                {
                    "coord": [
                        200,
                        940
                    ],
                    "is_working": true,
                    "name": "Филатов луг",
                    "rect": [
                        215,
                        930,
                        100,
                        20
                    ],
                    "text_id": 22,
                    "uid": 22
                },
                {
                    "coord": [
                        200,
                        980
                    ],
                    "is_working": true,
                    "name": "Прокшино",
                    "rect": [
                        215,
                        970,
                        100,
                        20
                    ],
                    "text_id": 23,
                    "uid": 23
                },
                {
                    "coord": [
                        200,
                        1020
                    ],
                    "is_working": true,
                    "name": "Ольховая",
                    "rect": [
                        215,
                        1010,
                        100,
                        20
                    ],
                    "text_id": 24,
                    "uid": 24
                },
                {
                    "coord": [
                        200,
                        1060
                    ],
                    "is_working": true,
                    "name": "Коммунарка",
                    "rect": [
                        215,
                        1050,
                        100,
                        20
                    ],
                    "text_id": 25,
                    "uid": 25
                }
            ],
            "text_id": 26
        },
        {
            "labels_bg_color": "-1",
            "labels_color": "000000",
            "line_color": "046434",
            "line_width": 9,
            "name": "Замоскворецкая",
            "segments": [],
            "stations": [
                {
                    "coord": null,
                    "is_working": true,
                    "name": "Ховрино",
                    "rect": null,
                    "text_id": 204,
                    "uid": 218
                },
                {
                    "coord": null,
                    "is_working": true,
                    "name": "Беломорская",
                    "rect": null,
                    "text_id": 205,
                    "uid": 219
                },
                {
                    "coord": null,
                    "is_working": true,
                    "name": "Речной вокзал",
                    "rect": null,
                    "text_id": 206,
                    "uid": 220
                },
                {
                    "coord": null,
                    "is_working": true,
                    "name": "Водный стадион",
                    "rect": null,
                    "text_id": 207,
                    "uid": 221
                },
                {
                    "coord": null,
                    "is_working": true,
                    "name": "Войковская",
                    "rect": null,
                    "text_id": 208,
                    "uid": 222
                },
                {
                    "coord": null,
                    "is_working": true,
                    "name": "Сокол",
                    "rect": null,
                    "text_id": 209,
                    "uid": 223
                },
                {
                    "coord": null,
                    "is_working": true,
                    "name": "Аэропорт",
                    "rect": null,
                    "text_id": 210,
                    "uid": 224
                },
                {
                    "coord": null,
                    "is_working": true,
                    "name": "Динамо",
                    "rect": null,
                    "text_id": 211,
                    "uid": 225
                },
                {
                    "coord": null,
                    "is_working": true,
                    "name": "Белорусская",
                    "rect": null,
                    "text_id": 158,
                    "uid": 226
                },
                {
                    "coord": null,
                    "is_working": true,
                    "name": "Маяковская",
                    "rect": null,
                    "text_id": 212,
                    "uid": 227
                },
                {
                    "coord": null,
                    "is_working": true,
                    "name": "Тверская",
                    "rect": null,
                    "text_id": 213,
                    "uid": 228
                },
                {
                    "coord": [
                        181,
                        414
                    ],
                    "is_working": true,
                    "name": "Театральная",
                    "rect": [
                        96,
                        400,
                        72,
                        20
                    ],
                    "text_id": 214,
                    "uid": 229
                },
                {
                    "coord": null,
                    "is_working": true,
                    "name": "Новокузнецкая",
                    "rect": null,
                    "text_id": 215,
                    "uid": 230
                },
                {
                    "coord": null,
                    "is_working": true,
                    "name": "Павелецкая",
                    "rect": null,
                    "text_id": 216,
                    "uid": 231
                },
                {
                    "coord": null,
                    "is_working": true,
                    "name": "Автозаводская",
                    "rect": null,
                    "text_id": 120,
                    "uid": 232
                },
                {
                    "coord": null,
                    "is_working": true,
                    "name": "Технопарк",
                    "rect": null,
                    "text_id": 217,
                    "uid": 233
                },
                {
                    "coord": null,
                    "is_working": true,
                    "name": "Коломенская",
                    "rect": null,
                    "text_id": 218,
                    "uid": 234
                },
                {
                    "coord": null,
                    "is_working": true,
                    "name": "Каширская",
                    "rect": null,
                    "text_id": 76,
                    "uid": 235
                },
                {
                    "coord": null,
                    "is_working": true,
                    "name": "Кантемировская",
                    "rect": null,
                    "text_id": 219,
                    "uid": 236
                },
                {
                    "coord": null,
                    "is_working": true,
                    "name": "Царицыно",
                    "rect": null,
                    "text_id": 193,
                    "uid": 237
                },
                {
                    "coord": null,
                    "is_working": true,
                    "name": "Орехово",
                    "rect": null,
                    "text_id": 220,
                    "uid": 238
                },
                {
                    "coord": null,
                    "is_working": true,
                    "name": "Домодедовская",
                    "rect": null,
                    "text_id": 221,
                    "uid": 239
                },
                {
                    "coord": null,
                    "is_working": true,
                    "name": "Красногвардейская",
                    "rect": null,
                    "text_id": 222,
                    "uid": 240
                },
                {
                    "coord": null,
                    "is_working": true,
                    "name": "Алма-Атинская",
                    "rect": null,
                    "text_id": 223,
                    "uid": 241
                }
            ],
            "text_id": 224
        },
        {
            "labels_bg_color": "-1",
            "labels_color": "000000",
            "line_color": "34349C",
            "line_width": 9,
            "name": "Арбатско-Покровская",
            "segments": [],
            "stations": [
                {
                    "coord": null,
                    "is_working": true,
                    "name": "Щелковская",
                    "rect": null,
                    "text_id": 225,
                    "uid": 242
                },
                {
                    "coord": null,
                    "is_working": true,
                    "name": "Первомайская",
                    "rect": null,
                    "text_id": 226,
                    "uid": 243
                },
                {
                    "coord": null,
                    "is_working": true,
                    "name": "Измайловская",
                    "rect": null,
                    "text_id": 227,
                    "uid": 244
                },
                {
                    "coord": null,
                    "is_working": true,
                    "name": "Партизанская",
                    "rect": null,
                    "text_id": 228,
                    "uid": 245
                },
                {
                    "coord": null,
                    "is_working": true,
                    "name": "Семеновская",
                    "rect": null,
                    "text_id": 229,
                    "uid": 246
                },
                {
                    "coord": null,
                    "is_working": true,
                    "name": "Электрозаводская",
                    "rect": null,
                    "text_id": 144,
                    "uid": 247
                },
                {
                    "coord": null,
                    "is_working": true,
                    "name": "Бауманская",
                    "rect": null,
                    "text_id": 230,
                    "uid": 248
                },
                {
                    "coord": null,
                    "is_working": true,
                    "name": "Курская",
                    "rect": null,
                    "text_id": 185,
                    "uid": 249
                },
                {
                    "coord": null,
                    "is_working": true,
                    "name": "Площадь Революции",
                    "rect": null,
                    "text_id": 231,
                    "uid": 250
                },
                {
                    "coord": [
                        164,
                        460
                    ],
                    "is_working": true,
                    "name": "Арбатская",
                    "rect": [
                        51,
                        452,
                        100,
                        20
                    ],
                    "text_id": 232,
                    "uid": 251
                },
                {
                    "coord": null,
                    "is_working": true,
                    "name": "Смоленская",
                    "rect": null,
                    "text_id": 233,
                    "uid": 252
                },
                {
                    "coord": null,
                    "is_working": true,
                    "name": "Киевская",
                    "rect": null,
                    "text_id": 234,
                    "uid": 253
                },
                {
                    "coord": null,
                    "is_working": true,
                    "name": "Парк Победы",
                    "rect": null,
                    "text_id": 235,
                    "uid": 254
                },
                {
                    "coord": null,
                    "is_working": true,
                    "name": "Славянский бульвар",
                    "rect": null,
                    "text_id": 162,
                    "uid": 255
                },
                {
                    "coord": null,
                    "is_working": true,
                    "name": "Кунцевская",
                    "rect": null,
                    "text_id": 87,
                    "uid": 256
                },
                {
                    "coord": null,
                    "is_working": true,
                    "name": "Молодёжная",
                    "rect": null,
                    "text_id": 236,
                    "uid": 257
                },
                {
                    "coord": null,
                    "is_working": true,
                    "name": "Крылатское",
                    "rect": null,
                    "text_id": 237,
                    "uid": 258
                },
                {
                    "coord": null,
                    "is_working": true,
                    "name": "Строгино",
                    "rect": null,
                    "text_id": 238,
                    "uid": 259
                },
                {
                    "coord": null,
                    "is_working": true,
                    "name": "Мякинино",
                    "rect": null,
                    "text_id": 239,
                    "uid": 260
                },
                {
                    "coord": null,
                    "is_working": true,
                    "name": "Волоколамская",
                    "rect": null,
                    "text_id": 176,
                    "uid": 261
                },
                {
                    "coord": null,
                    "is_working": true,
                    "name": "Митино",
                    "rect": null,
                    "text_id": 240,
                    "uid": 262
                },
                {
                    "coord": null,
                    "is_working": true,
                    "name": "Пятницкое шоссе",
                    "rect": null,
                    "text_id": 241,
                    "uid": 263
                }
            ],
            "text_id": 242
        },
        {
            "labels_bg_color": "-1",
            "labels_color": "000000",
            "line_color": "1C54BC",
            "line_width": 9,
            "name": "Филевская",
            "segments": [],
            "stations": [
                {
                    "coord": null,
                    "is_working": true,
                    "name": "Кунцевская",
                    "rect": null,
                    "text_id": 87,
                    "uid": 264
                },
                {
                    "coord": null,
                    "is_working": true,
                    "name": "Пионерская",
                    "rect": null,
                    "text_id": 243,
                    "uid": 265
                },
                {
                    "coord": null,
                    "is_working": true,
                    "name": "Филевский парк",
                    "rect": null,
                    "text_id": 244,
                    "uid": 266
                },
                {
                    "coord": null,
                    "is_working": true,
                    "name": "Багратионовская",
                    "rect": null,
                    "text_id": 245,
                    "uid": 267
                },
                {
                    "coord": null,
                    "is_working": true,
                    "name": "Фили",
                    "rect": null,
                    "text_id": 161,
                    "uid": 268
                },
                {
                    "coord": null,
                    "is_working": true,
                    "name": "Кутузовская",
                    "rect": null,
                    "text_id": 126,
                    "uid": 269
                },
                {
                    "coord": null,
                    "is_working": true,
                    "name": "Студенческая",
                    "rect": null,
                    "text_id": 246,
                    "uid": 270
                },
                {
                    "coord": null,
                    "is_working": true,
                    "name": "Киевская",
                    "rect": null,
                    "text_id": 234,
                    "uid": 271
                },
                {
                    "coord": null,
                    "is_working": true,
                    "name": "Смоленская",
                    "rect": null,
                    "text_id": 233,
                    "uid": 272
                },
                {
                    "coord": null,
                    "is_working": true,
                    "name": "Арбатская",
                    "rect": null,
                    "text_id": 232,
                    "uid": 273
                },
                {
                    "coord": [
                        182,
                        442
                    ],
                    "is_working": true,
                    "name": "Александровский сад",
                    "rect": [
                        68,
                        422,
                        100,
                        20
                    ],
                    "text_id": 247,
                    "uid": 274
                },
                {
                    "coord": null,
                    "is_working": true,
                    "name": "Выставочная",
                    "rect": null,
                    "text_id": 248,
                    "uid": 275
                },
                {
                    "coord": null,
                    "is_working": true,
                    "name": "Международная",
                    "rect": null,
                    "text_id": 249,
                    "uid": 276
                }
            ],
            "text_id": 250
        },
        {
            "labels_bg_color": "-1",
            "labels_color": "000000",
            "line_color": "543C04",
            "line_width": 9,
            "name": "Кольцевая",
            "segments": [],
            "stations": [
                {
                    "coord": [
                        181,
                        540
                    ],
                    "is_working": true,
                    "name": "Парк культуры",
                    "rect": [
                        68,
                        528,
                        100,
                        27
                    ],
                    "text_id": 12,
                    "uid": 277
                },
                {
                    "coord": null,
                    "is_working": true,
                    "name": "Октябрьская",
                    "rect": null,
                    "text_id": 251,
                    "uid": 278
                },
                {
                    "coord": null,
                    "is_working": true,
                    "name": "Добрынинская",
                    "rect": null,
                    "text_id": 252,
                    "uid": 279
                },
                {
                    "coord": null,
                    "is_working": true,
                    "name": "Павелецкая",
                    "rect": null,
                    "text_id": 216,
                    "uid": 280
                },
                {
                    "coord": null,
                    "is_working": true,
                    "name": "Таганская",
                    "rect": null,
                    "text_id": 253,
                    "uid": 281
                },
                {
                    "coord": null,
                    "is_working": true,
                    "name": "Курская",
                    "rect": null,
                    "text_id": 185,
                    "uid": 282
                },
                {
                    "coord": [
                        181,
                        260
                    ],
                    "is_working": true,
                    "name": "Комсомольская",
                    "rect": [
                        68,
                        250,
                        100,
                        20
                    ],
                    "text_id": 5,
                    "uid": 283
                },
                {
                    "coord": null,
                    "is_working": true,
                    "name": "Проспект Мира",
                    "rect": null,
                    "text_id": 254,
                    "uid": 284
                },
                {
                    "coord": null,
                    "is_working": true,
                    "name": "Новослободская",
                    "rect": null,
                    "text_id": 255,
                    "uid": 285
                },
                {
                    "coord": null,
                    "is_working": true,
                    "name": "Белорусская",
                    "rect": null,
                    "text_id": 158,
                    "uid": 286
                },
                {
                    "coord": null,
                    "is_working": true,
                    "name": "Краснопресненская",
                    "rect": null,
                    "text_id": 256,
                    "uid": 287
                },
                {
                    "coord": null,
                    "is_working": true,
                    "name": "Киевская",
                    "rect": null,
                    "text_id": 234,
                    "uid": 288
                }
            ],
            "text_id": 257
        },
        {
            "labels_bg_color": "-1",
            "labels_color": "000000",
            "line_color": "FC9C54",
            "line_width": 9,
            "name": "Калужско-Рижская",
            "segments": [],
            "stations": [
                {
                    "coord": null,
                    "is_working": true,
                    "name": "Медведково",
                    "rect": null,
                    "text_id": 258,
                    "uid": 289
                },
                {
                    "coord": null,
                    "is_working": true,
                    "name": "Бабушкинская",
                    "rect": null,
                    "text_id": 259,
                    "uid": 290
                },
                {
                    "coord": null,
                    "is_working": true,
                    "name": "Свиблово",
                    "rect": null,
                    "text_id": 260,
                    "uid": 291
                },
                {
                    "coord": null,
                    "is_working": true,
                    "name": "Ботанический сад",
                    "rect": null,
                    "text_id": 109,
                    "uid": 292
                },
                {
                    "coord": null,
                    "is_working": true,
                    "name": "ВДНХ",
                    "rect": null,
                    "text_id": 261,
                    "uid": 293
                },
                {
                    "coord": null,
                    "is_working": true,
                    "name": "Алексеевская",
                    "rect": null,
                    "text_id": 262,
                    "uid": 294
                },
                {
                    "coord": null,
                    "is_working": true,
                    "name": "Рижская",
                    "rect": null,
                    "text_id": 183,
                    "uid": 295
                },
                {
                    "coord": null,
                    "is_working": true,
                    "name": "Проспект Мира",
                    "rect": null,
                    "text_id": 254,
                    "uid": 296
                },
                {
                    "coord": null,
                    "is_working": true,
                    "name": "Сухаревская",
                    "rect": null,
                    "text_id": 263,
                    "uid": 297
                },
                {
                    "coord": [
                        181,
                        350
                    ],
                    "is_working": true,
                    "name": "Тургеневская",
                    "rect": [
                        68,
                        345,
                        100,
                        20
                    ],
                    "text_id": 264,
                    "uid": 298
                },
                {
                    "coord": null,
                    "is_working": true,
                    "name": "Китай-город",
                    "rect": null,
                    "text_id": 265,
                    "uid": 299
                },
                {
                    "coord": null,
                    "is_working": true,
                    "name": "Третьяковская",
                    "rect": null,
                    "text_id": 266,
                    "uid": 300
                },
                {
                    "coord": null,
                    "is_working": true,
                    "name": "Октябрьская",
                    "rect": null,
                    "text_id": 251,
                    "uid": 301
                },
                {
                    "coord": null,
                    "is_working": true,
                    "name": "Шаболовская",
                    "rect": null,
                    "text_id": 267,
                    "uid": 302
                },
                {
                    "coord": null,
                    "is_working": true,
                    "name": "Ленинский проспект",
                    "rect": null,
                    "text_id": 268,
                    "uid": 303
                },
                {
                    "coord": null,
                    "is_working": true,
                    "name": "Академическая",
                    "rect": null,
                    "text_id": 269,
                    "uid": 304
                },
                {
                    "coord": null,
                    "is_working": true,
                    "name": "Профсоюзная",
                    "rect": null,
                    "text_id": 270,
                    "uid": 305
                },
                {
                    "coord": null,
                    "is_working": true,
                    "name": "Новые Черемушки",
                    "rect": null,
                    "text_id": 271,
                    "uid": 306
                },
                {
                    "coord": null,
                    "is_working": true,
                    "name": "Калужская",
                    "rect": null,
                    "text_id": 272,
                    "uid": 307
                },
                {
                    "coord": null,
                    "is_working": true,
                    "name": "Беляево",
                    "rect": null,
                    "text_id": 273,
                    "uid": 308
                },
                {
                    "coord": null,
                    "is_working": true,
                    "name": "Коньково",
                    "rect": null,
                    "text_id": 274,
                    "uid": 309
                },
                {
                    "coord": null,
                    "is_working": true,
                    "name": "Теплый Стан",
                    "rect": null,
                    "text_id": 275,
                    "uid": 310
                },
                {
                    "coord": null,
                    "is_working": true,
                    "name": "Ясенево",
                    "rect": null,
                    "text_id": 276,
                    "uid": 311
                },
                {
                    "coord": null,
                    "is_working": true,
                    "name": "Новоясеневская",
                    "rect": null,
                    "text_id": 277,
                    "uid": 312
                }
            ],
            "text_id": 278
        },
        {
            "labels_bg_color": "-1",
            "labels_color": "000000",
            "line_color": "AC24AC",
            "line_width": 9,
            "name": "Таганско-Краснопресненская",
            "segments": [],
            "stations": [
                {
                    "coord": null,
                    "is_working": true,
                    "name": "Планерная",
                    "rect": null,
                    "text_id": 279,
                    "uid": 313
                },
                {
                    "coord": null,
                    "is_working": true,
                    "name": "Сходненская",
                    "rect": null,
                    "text_id": 280,
                    "uid": 314
                },
                {
                    "coord": null,
                    "is_working": true,
                    "name": "Тушинская",
                    "rect": null,
                    "text_id": 178,
                    "uid": 315
                },
                {
                    "coord": null,
                    "is_working": true,
                    "name": "Спартак",
                    "rect": null,
                    "text_id": 281,
                    "uid": 316
                },
                {
                    "coord": null,
                    "is_working": true,
                    "name": "Щукинская",
                    "rect": null,
                    "text_id": 179,
                    "uid": 317
                },
                {
                    "coord": null,
                    "is_working": true,
                    "name": "Октябрьское поле",
                    "rect": null,
                    "text_id": 282,
                    "uid": 318
                },
                {
                    "coord": null,
                    "is_working": true,
                    "name": "Полежаевская",
                    "rect": null,
                    "text_id": 283,
                    "uid": 319
                },
                {
                    "coord": null,
                    "is_working": true,
                    "name": "Беговая",
                    "rect": null,
                    "text_id": 159,
                    "uid": 320
                },
                {
                    "coord": null,
                    "is_working": true,
                    "name": "Улица 1905 года",
                    "rect": null,
                    "text_id": 284,
                    "uid": 321
                },
                {
                    "coord": null,
                    "is_working": true,
                    "name": "Баррикадная",
                    "rect": null,
                    "text_id": 285,
                    "uid": 322
                },
                {
                    "coord": null,
                    "is_working": true,
                    "name": "Пушкинская",
                    "rect": null,
                    "text_id": 286,
                    "uid": 323
                },
                {
                    "coord": [
                        181,
                        380
                    ],
                    "is_working": true,
                    "name": "Кузнецкий мост",
                    "rect": [
                        69,
                        368,
                        99,
                        29
                    ],
                    "text_id": 287,
                    "uid": 324
                },
                {
                    "coord": null,
                    "is_working": true,
                    "name": "Китай-город",
                    "rect": null,
                    "text_id": 265,
                    "uid": 325
                },
                {
                    "coord": null,
                    "is_working": true,
                    "name": "Таганская",
                    "rect": null,
                    "text_id": 253,
                    "uid": 326
                },
                {
                    "coord": null,
                    "is_working": true,
                    "name": "Пролетарская",
                    "rect": null,
                    "text_id": 288,
                    "uid": 327
                },
                {
                    "coord": null,
                    "is_working": true,
                    "name": "Волгоградский проспект",
                    "rect": null,
                    "text_id": 289,
                    "uid": 328
                },
                {
                    "coord": null,
                    "is_working": true,
                    "name": "Текстильщики",
                    "rect": null,
                    "text_id": 188,
                    "uid": 329
                },
                {
                    "coord": null,
                    "is_working": true,
                    "name": "Кузьминки",
                    "rect": null,
                    "text_id": 290,
                    "uid": 330
                },
                {
                    "coord": null,
                    "is_working": true,
                    "name": "Рязанский проспект",
                    "rect": null,
                    "text_id": 291,
                    "uid": 331
                },
                {
                    "coord": null,
                    "is_working": true,
                    "name": "Выхино",
                    "rect": null,
                    "text_id": 292,
                    "uid": 332
                },
                {
                    "coord": null,
                    "is_working": true,
                    "name": "Лермонтовский проспект",
                    "rect": null,
                    "text_id": 293,
                    "uid": 333
                },
                {
                    "coord": null,
                    "is_working": true,
                    "name": "Жулебино",
                    "rect": null,
                    "text_id": 294,
                    "uid": 334
                },
                {
                    "coord": null,
                    "is_working": true,
                    "name": "Котельники",
                    "rect": null,
                    "text_id": 295,
                    "uid": 335
                }
            ],
            "text_id": 296
        },
        {
            "labels_bg_color": "-1",
            "labels_color": "000000",
            "line_color": "9CA4A4",
            "line_width": 9,
            "name": "Серпуховско-Тимирязевская",
            "segments": [],
            "stations": [
                {
                    "coord": null,
                    "is_working": true,
                    "name": "Алтуфьево",
                    "rect": null,
                    "text_id": 27,
                    "uid": 26
                },
                {
                    "coord": null,
                    "is_working": true,
                    "name": "Бибирево",
                    "rect": null,
                    "text_id": 28,
                    "uid": 27
                },
                {
                    "coord": null,
                    "is_working": true,
                    "name": "Отрадное",
                    "rect": null,
                    "text_id": 29,
                    "uid": 28
                },
                {
                    "coord": null,
                    "is_working": true,
                    "name": "Владыкино",
                    "rect": null,
                    "text_id": 30,
                    "uid": 29
                },
                {
                    "coord": null,
                    "is_working": true,
                    "name": "Петровско-Разумовская",
                    "rect": null,
                    "text_id": 31,
                    "uid": 30
                },
                {
                    "coord": null,
                    "is_working": true,
                    "name": "Тимирязевская",
                    "rect": null,
                    "text_id": 32,
                    "uid": 31
                },
                {
                    "coord": null,
                    "is_working": true,
                    "name": "Дмитровская",
                    "rect": null,
                    "text_id": 33,
                    "uid": 32
                },
                {
                    "coord": null,
                    "is_working": true,
                    "name": "Савеловская",
                    "rect": null,
                    "text_id": 34,
                    "uid": 33
                },
                {
                    "coord": null,
                    "is_working": true,
                    "name": "Менделеевская",
                    "rect": null,
                    "text_id": 35,
                    "uid": 34
                },
                {
                    "coord": null,
                    "is_working": true,
                    "name": "Цветной бульвар",
                    "rect": null,
                    "text_id": 36,
                    "uid": 35
                },
                {
                    "coord": null,
                    "is_working": true,
                    "name": "Чеховская",
                    "rect": null,
                    "text_id": 37,
                    "uid": 36
                },
                {
                    "coord": [
                        182,
                        478
                    ],
                    "is_working": true,
                    "name": "Боровицкая",
                    "rect": [
                        68,
                        476,
                        100,
                        20
                    ],
                    "text_id": 38,
                    "uid": 37
                },
                {
                    "coord": null,
                    "is_working": true,
                    "name": "Полянка",
                    "rect": null,
                    "text_id": 39,
                    "uid": 38
                },
                {
                    "coord": null,
                    "is_working": true,
                    "name": "Серпуховская",
                    "rect": null,
                    "text_id": 40,
                    "uid": 39
                },
                {
                    "coord": null,
                    "is_working": true,
                    "name": "Тульская",
                    "rect": null,
                    "text_id": 41,
                    "uid": 40
                },
                {
                    "coord": null,
                    "is_working": true,
                    "name": "Нагатинская",
                    "rect": null,
                    "text_id": 42,
                    "uid": 41
                },
                {
                    "coord": null,
                    "is_working": true,
                    "name": "Нагорная",
                    "rect": null,
                    "text_id": 43,
                    "uid": 42
                },
                {
                    "coord": null,
                    "is_working": true,
                    "name": "Нахимовский проспект",
                    "rect": null,
                    "text_id": 44,
                    "uid": 43
                },
                {
                    "coord": null,
                    "is_working": true,
                    "name": "Севастопольская",
                    "rect": null,
                    "text_id": 45,
                    "uid": 44
                },
                {
                    "coord": null,
                    "is_working": true,
                    "name": "Чертановская",
                    "rect": null,
                    "text_id": 46,
                    "uid": 45
                },
                {
                    "coord": null,
                    "is_working": true,
                    "name": "Южная",
                    "rect": null,
                    "text_id": 47,
                    "uid": 46
                },
                {
                    "coord": null,
                    "is_working": true,
                    "name": "Пражская",
                    "rect": null,
                    "text_id": 48,
                    "uid": 47
                },
                {
                    "coord": null,
                    "is_working": true,
                    "name": "Улица Академика Янгеля",
                    "rect": null,
                    "text_id": 49,
                    "uid": 48
                },
                {
                    "coord": null,
                    "is_working": true,
                    "name": "Аннино",
                    "rect": null,
                    "text_id": 50,
                    "uid": 49
                },
                {
                    "coord": null,
                    "is_working": true,
                    "name": "Бульвар Дмитрия Донского",
                    "rect": null,
                    "text_id": 51,
                    "uid": 50
                }
            ],
            "text_id": 52
        },
        {
            "labels_bg_color": "-1",
            "labels_color": "000000",
            "line_color": "84BC54",
            "line_width": 9,
            "name": "Люблинско-Дмитровская",
            "segments": [],
            "stations": [
                {
                    "coord": null,
                    "is_working": true,
                    "name": "Селигерская",
                    "rect": null,
                    "text_id": 53,
                    "uid": 51
                },
                {
                    "coord": null,
                    "is_working": true,
                    "name": "Верхние Лихоборы",
                    "rect": null,
                    "text_id": 54,
                    "uid": 52
                },
                {
                    "coord": null,
                    "is_working": true,
                    "name": "Окружная",
                    "rect": null,
                    "text_id": 55,
                    "uid": 53
                },
                {
                    "coord": null,
                    "is_working": true,
                    "name": "Петровско-Разумовская",
                    "rect": null,
                    "text_id": 31,
                    "uid": 54
                },
                {
                    "coord": null,
                    "is_working": true,
                    "name": "Фонвизинская",
                    "rect": null,
                    "text_id": 56,
                    "uid": 55
                },
                {
                    "coord": null,
                    "is_working": true,
                    "name": "Бутырская",
                    "rect": null,
                    "text_id": 57,
                    "uid": 56
                },
                {
                    "coord": null,
                    "is_working": true,
                    "name": "Марьина роща",
                    "rect": null,
                    "text_id": 58,
                    "uid": 57
                },
                {
                    "coord": null,
                    "is_working": true,
                    "name": "Достоевская",
                    "rect": null,
                    "text_id": 59,
                    "uid": 58
                },
                {
                    "coord": null,
                    "is_working": true,
                    "name": "Трубная",
                    "rect": null,
                    "text_id": 60,
                    "uid": 59
                },
                {
                    "coord": [
                        181,
                        329
                    ],
                    "is_working": true,
                    "name": "Сретенский бульвар",
                    "rect": [
                        69,
                        314,
                        99,
                        27
                    ],
                    "text_id": 61,
                    "uid": 60
                },
                {
                    "coord": null,
                    "is_working": true,
                    "name": "Чкаловская",
                    "rect": null,
                    "text_id": 62,
                    "uid": 61
                },
                {
                    "coord": null,
                    "is_working": true,
                    "name": "Римская",
                    "rect": null,
                    "text_id": 63,
                    "uid": 62
                },
                {
                    "coord": null,
                    "is_working": true,
                    "name": "Крестьянская застава",
                    "rect": null,
                    "text_id": 64,
                    "uid": 63
                },
                {
                    "coord": null,
                    "is_working": true,
                    "name": "Дубровка",
                    "rect": null,
                    "text_id": 65,
                    "uid": 64
                },
                {
                    "coord": null,
                    "is_working": true,
                    "name": "Кожуховская",
                    "rect": null,
                    "text_id": 66,
                    "uid": 65
                },
                {
                    "coord": null,
                    "is_working": true,
                    "name": "Печатники",
                    "rect": null,
                    "text_id": 67,
                    "uid": 66
                },
                {
                    "coord": null,
                    "is_working": true,
                    "name": "Волжская",
                    "rect": null,
                    "text_id": 68,
                    "uid": 67
                },
                {
                    "coord": null,
                    "is_working": true,
                    "name": "Люблино",
                    "rect": null,
                    "text_id": 69,
                    "uid": 68
                },
                {
                    "coord": null,
                    "is_working": true,
                    "name": "Братиславская",
                    "rect": null,
                    "text_id": 70,
                    "uid": 69
                },
                {
                    "coord": null,
                    "is_working": true,
                    "name": "Марьино",
                    "rect": null,
                    "text_id": 71,
                    "uid": 70
                },
                {
                    "coord": null,
                    "is_working": true,
                    "name": "Борисово",
                    "rect": null,
                    "text_id": 72,
                    "uid": 71
                },
                {
                    "coord": null,
                    "is_working": true,
                    "name": "Шипиловская",
                    "rect": null,
                    "text_id": 73,
                    "uid": 72
                },
                {
                    "coord": null,
                    "is_working": true,
                    "name": "Зябликово",
                    "rect": null,
                    "text_id": 74,
                    "uid": 73
                }
            ],
            "text_id": 75
        },
        {
            "labels_bg_color": "-1",
            "labels_color": "000000",
            "line_color": "DE7272",
            "line_width": 9,
            "name": "МЦК",
            "segments": [],
            "stations": [
                {
                    "coord": null,
                    "is_working": true,
                    "name": "Окружная",
                    "rect": null,
                    "text_id": 55,
                    "uid": 110
                },
                {
                    "coord": null,
                    "is_working": true,
                    "name": "Владыкино",
                    "rect": null,
                    "text_id": 30,
                    "uid": 111
                },
                {
                    "coord": null,
                    "is_working": true,
                    "name": "Ботанический сад",
                    "rect": null,
                    "text_id": 109,
                    "uid": 112
                },
                {
                    "coord": null,
                    "is_working": true,
                    "name": "Ростокино",
                    "rect": null,
                    "text_id": 110,
                    "uid": 113
                },
                {
                    "coord": null,
                    "is_working": true,
                    "name": "Белокаменная",
                    "rect": null,
                    "text_id": 111,
                    "uid": 114
                },
                {
                    "coord": [
                        181,
                        60
                    ],
                    "is_working": true,
                    "name": "Бульвар Рокоссовского",
                    "rect": [
                        68,
                        48,
                        100,
                        20
                    ],
                    "text_id": 0,
                    "uid": 115
                },
                {
                    "coord": [
                        181,
                        100
                    ],
                    "is_working": true,
                    "name": "Локомотив",
                    "rect": [
                        68,
                        90,
                        100,
                        20
                    ],
                    "text_id": 112,
                    "uid": 116
                },
                {
                    "coord": null,
                    "is_working": true,
                    "name": "Измайлово",
                    "rect": null,
                    "text_id": 113,
                    "uid": 117
                },
                {
                    "coord": null,
                    "is_working": true,
                    "name": "Соколиная Гора",
                    "rect": null,
                    "text_id": 114,
                    "uid": 118
                },
                {
                    "coord": null,
                    "is_working": true,
                    "name": "Шоссе Энтузиастов",
                    "rect": null,
                    "text_id": 115,
                    "uid": 119
                },
                {
                    "coord": null,
                    "is_working": true,
                    "name": "Андроновка",
                    "rect": null,
                    "text_id": 116,
                    "uid": 120
                },
                {
                    "coord": null,
                    "is_working": true,
                    "name": "Нижегородская",
                    "rect": null,
                    "text_id": 117,
                    "uid": 121
                },
                {
                    "coord": null,
                    "is_working": true,
                    "name": "Новохохловская",
                    "rect": null,
                    "text_id": 118,
                    "uid": 122
                },
                {
                    "coord": null,
                    "is_working": true,
                    "name": "Угрешская",
                    "rect": null,
                    "text_id": 119,
                    "uid": 123
                },
                {
                    "coord": null,
                    "is_working": true,
                    "name": "Дубровка",
                    "rect": null,
                    "text_id": 65,
                    "uid": 124
                },
                {
                    "coord": null,
                    "is_working": true,
                    "name": "Автозаводская",
                    "rect": null,
                    "text_id": 120,
                    "uid": 125
                },
                {
                    "coord": null,
                    "is_working": true,
                    "name": "ЗИЛ",
                    "rect": null,
                    "text_id": 121,
                    "uid": 126
                },
                {
                    "coord": null,
                    "is_working": true,
                    "name": "Верхние Котлы",
                    "rect": null,
                    "text_id": 122,
                    "uid": 127
                },
                {
                    "coord": null,
                    "is_working": true,
                    "name": "Крымская",
                    "rect": null,
                    "text_id": 123,
                    "uid": 128
                },
                {
                    "coord": null,
                    "is_working": true,
                    "name": "Площадь Гагарина",
                    "rect": null,
                    "text_id": 124,
                    "uid": 129
                },
                {
                    "coord": [
                        181,
                        620
                    ],
                    "is_working": true,
                    "name": "Лужники",
                    "rect": [
                        68,
                        610,
                        100,
                        20
                    ],
                    "text_id": 125,
                    "uid": 130
                },
                {
                    "coord": null,
                    "is_working": true,
                    "name": "Кутузовская",
                    "rect": null,
                    "text_id": 126,
                    "uid": 131
                },
                {
                    "coord": null,
                    "is_working": true,
                    "name": "Деловой центр",
                    "rect": null,
                    "text_id": 83,
                    "uid": 132
                },
                {
                    "coord": null,
                    "is_working": true,
                    "name": "Шелепиха",
                    "rect": null,
                    "text_id": 82,
                    "uid": 133
                },
                {
                    "coord": null,
                    "is_working": true,
                    "name": "Хорошёво",
                    "rect": null,
                    "text_id": 127,
                    "uid": 134
                },
                {
                    "coord": null,
                    "is_working": true,
                    "name": "Зорге",
                    "rect": null,
                    "text_id": 128,
                    "uid": 135
                },
                {
                    "coord": null,
                    "is_working": true,
                    "name": "Панфиловская",
                    "rect": null,
                    "text_id": 129,
                    "uid": 136
                },
                {
                    "coord": null,
                    "is_working": true,
                    "name": "Стрешнево",
                    "rect": null,
                    "text_id": 130,
                    "uid": 137
                },
                {
                    "coord": null,
                    "is_working": true,
                    "name": "Балтийская",
                    "rect": null,
                    "text_id": 131,
                    "uid": 138
                },
                {
                    "coord": null,
                    "is_working": true,
                    "name": "Коптево",
                    "rect": null,
                    "text_id": 132,
                    "uid": 139
                },
                {
                    "coord": null,
                    "is_working": true,
                    "name": "Лихоборы",
                    "rect": null,
                    "text_id": 133,
                    "uid": 140
                }
            ],
            "text_id": 134
        }
    ],
    "lines_width": 9,
    "name": "sokolnicheskayaline",
    "name_text_id": 26,
    "stations_diameter": 16.0,
    "transfers": [
        [
            10,
            37,
            [
                200,
                460
            ],
            [
                182,
                478
            ]
        ],
        [
            10,
            274,
            [
                200,
                460
            ],
            [
                182,
                442
            ]
        ],
        [
            37,
            251,
            [
                182,
                478
            ],
            [
                164,
                460
            ]
        ],
        [
            251,
            274,
            [
                164,
                460
            ],
            [
                182,
                442
            ]
        ],
        [
            251,
            10,
            [
                164,
                460
            ],
            [
                200,
                460
            ]
        ],
        [
            226,
            286,
            null,
            null
        ],
        [
            39,
            279,
            null,
            null
        ],
        [
            73,
            240,
            null,
            null
        ],
        [
            271,
            288,
            null,
            null
        ],
        [
            288,
            253,
            null,
            null
        ],
        [
            253,
            271,
            null,
            null
        ],
        [
            325,
            299,
            null,
            null
        ],
        [
            5,
            283,
            [
                200,
                260
            ],
            [
                181,
                260
            ]
        ],
        [
            322,
            287,
            null,
            null
        ],
        [
            324,
            8,
            [
                181,
                380
            ],
            [
                200,
                380
            ]
        ],
        [
            256,
            264,
            null,
            null
        ],
        [
            249,
            282,
            null,
            null
        ],
        [
            282,
            61,
            null,
            null
        ],
        [
            249,
            61,
            null,
            null
        ],
        [
            29,
            111,
            null,
            null
        ],
        [
            131,
            269,
            null,
            null
        ],
        [
            132,
            276,
            null,
            null
        ],
        [
            138,
            222,
            null,
            null
        ],
        [
            0,
            115,
            [
                200,
                60
            ],
            [
                181,
                60
            ]
        ],
        [
            318,
            136,
            null,
            null
        ],
        [
            41,
            127,
            null,
            null
        ],
        [
            292,
            112,
            null,
            null
        ],
        [
            1,
            116,
            [
                200,
                100
            ],
            [
                181,
                100
            ]
        ],
        [
            245,
            117,
            null,
            null
        ],
        [
            64,
            124,
            null,
            null
        ],
        [
            232,
            125,
            null,
            null
        ],
        [
            129,
            303,
            null,
            null
        ],
        [
            130,
            14,
            [
                181,
                620
            ],
            [
                200,
                620
            ]
        ],
        [
            34,
            285,
            null,
            null
        ],
        [
            301,
            278,
            null,
            null
        ],
        [
            9,
            229,
            [
                200,
                414
            ],
            [
                181,
                414
            ]
        ],
        [
            229,
            250,
            [
                181,
                414
            ],
            null
        ],
        [
            231,
            280,
            null,
            null
        ],
        [
            12,
            277,
            [
                200,
                540
            ],
            [
                181,
                540
            ]
        ],
        [
            54,
            30,
            null,
            null
        ],
        [
            63,
            327,
            null,
            null
        ],
        [
            296,
            284,
            null,
            null
        ],
        [
            323,
            36,
            null,
            null
        ],
        [
            36,
            228,
            null,
            null
        ],
        [
            323,
            228,
            null,
            null
        ],
        [
            281,
            326,
            null,
            null
        ],
        [
            300,
            230,
            null,
            null
        ],
        [
            298,
            7,
            [
                181,
                350
            ],
            [
                200,
                340
            ]
        ],
        [
            298,
            60,
            [
                181,
                350
            ],
            [
                181,
                329
            ]
        ],
        [
            7,
            60,
            [
                200,
                340
            ],
            [
                181,
                329
            ]
        ],
        [
            35,
            59,
            null,
            null
        ]
    ],
    "transports": [
        "metro",
        "trains",
        "trams",
        "tramsriver"
    ],
    "type_name": "Метро",
    "type_text_id": 1517,
    "upper_case": true,
    "width": 350,
    "word_wrap": true
}