{
    "default_transports": [
        "metro"
    ],
    "height": 823,
    "images": [
        "res/schemes/taganskokrasnopresnenskayaline.svg"
    ],
    "is_vector": true,
    "lines": [
        {
            "labels_bg_color": "-1",
            "labels_color": "000000",
            "line_color": "E41c0c",
            "line_width": 9,
            "name": "Сокольническая",
            "segments": [],
            "stations": [
                {
                    "coord": null,
                    "is_working": true,
                    "name": "Бульвар Рокоссовского",
                    "rect": null,
                    "text_id": 0,
                    "uid": 0
                },
                {
                    "coord": null,
                    "is_working": true,
                    "name": "Черкизовская",
                    "rect": null,
                    "text_id": 1,
                    "uid": 1
                },
                {
                    "coord": null,
                    "is_working": true,
                    "name": "Преображенская площадь",
                    "rect": null,
                    "text_id": 2,
                    "uid": 2
                },
                {
                    "coord": null,
                    "is_working": true,
                    "name": "Сокольники",
                    "rect": null,
                    "text_id": 3,
                    "uid": 3
                },
                {
                    "coord": null,
                    "is_working": true,
                    "name": "Красносельская",
                    "rect": null,
                    "text_id": 4,
                    "uid": 4
                },
                {
                    "coord": null,
                    "is_working": true,
                    "name": "Комсомольская",
                    "rect": null,
                    "text_id": 5,
                    "uid": 5
                },
                {
                    "coord": null,
                    "is_working": true,
                    "name": "Красные ворота",
                    "rect": null,
                    "text_id": 6,
                    "uid": 6
                },
                {
                    "coord": null,
                    "is_working": true,
                    "name": "Чистые пруды",
                    "rect": null,
                    "text_id": 7,
                    "uid": 7
                },
                {
                    "coord": [
                        233,
                        337
                    ],
                    "is_working": true,
                    "name": "Лубянка",
                    "rect": [
                        118,
                        327,
                        100,
                        20
                    ],
                    "text_id": 8,
                    "uid": 8
                },
                {
                    "coord": null,
                    "is_working": true,
                    "name": "Охотный ряд",
                    "rect": null,
                    "text_id": 9,
                    "uid": 9
                },
                {
                    "coord": null,
                    "is_working": true,
                    "name": "Библиотека имени Ленина",
                    "rect": null,
                    "text_id": 10,
                    "uid": 10
                },
                {
                    "coord": null,
                    "is_working": true,
                    "name": "Кропоткинская",
                    "rect": null,
                    "text_id": 11,
                    "uid": 11
                },
                {
                    "coord": null,
                    "is_working": true,
                    "name": "Парк культуры",
                    "rect": null,
                    "text_id": 12,
                    "uid": 12
                },
                {
                    "coord": null,
                    "is_working": true,
                    "name": "Фрунзенская",
                    "rect": null,
                    "text_id": 13,
                    "uid": 13
                },
                {
                    "coord": null,
                    "is_working": true,
                    "name": "Спортивная",
                    "rect": null,
                    "text_id": 14,
                    "uid": 14
                },
                {
                    "coord": null,
                    "is_working": true,
                    "name": "Воробьевы горы",
                    "rect": null,
                    "text_id": 15,
                    "uid": 15
                },
                {
                    "coord": null,
                    "is_working": true,
                    "name": "Университет",
                    "rect": null,
                    "text_id": 16,
                    "uid": 16
                },
                {
                    "coord": null,
                    "is_working": true,
                    "name": "Проспект Вернадского",
                    "rect": null,
                    "text_id": 17,
                    "uid": 17
                },
                {
                    "coord": null,
                    "is_working": true,
                    "name": "Юго-Западная",
                    "rect": null,
                    "text_id": 18,
                    "uid": 18
                },
                {
                    "coord": null,
                    "is_working": true,
                    "name": "Тропарёво",
                    "rect": null,
                    "text_id": 19,
                    "uid": 19
                },
                {
                    "coord": null,
                    "is_working": true,
                    "name": "Румянцево",
                    "rect": null,
                    "text_id": 20,
                    "uid": 20
                },
                {
                    "coord": null,
                    "is_working": true,
                    "name": "Саларьево",
                    "rect": null,
                    "text_id": 21,
                    "uid": 21
                },
                {
                    "coord": null,
                    "is_working": true,
                    "name": "Филатов луг",
                    "rect": null,
                    "text_id": 22,
                    "uid": 22
                },
                {
                    "coord": null,
                    "is_working": true,
                    "name": "Прокшино",
                    "rect": null,
                    "text_id": 23,
                    "uid": 23
                },
                {
                    "coord": null,
                    "is_working": true,
                    "name": "Ольховая",
                    "rect": null,
                    "text_id": 24,
                    "uid": 24
                },
                {
                    "coord": null,
                    "is_working": true,
                    "name": "Коммунарка",
                    "rect": null,
                    "text_id": 25,
                    "uid": 25
                }
            ],
            "text_id": 26
        },
        {
            "labels_bg_color": "-1",
            "labels_color": "000000",
            "line_color": "046434",
            "line_width": 9,
            "name": "Замоскворецкая",
            "segments": [],
            "stations": [
                {
                    "coord": null,
                    "is_working": true,
                    "name": "Ховрино",
                    "rect": null,
                    "text_id": 204,
                    "uid": 218
                },
                {
                    "coord": null,
                    "is_working": true,
                    "name": "Беломорская",
                    "rect": null,
                    "text_id": 205,
                    "uid": 219
                },
                {
                    "coord": null,
                    "is_working": true,
                    "name": "Речной вокзал",
                    "rect": null,
                    "text_id": 206,
                    "uid": 220
                },
                {
                    "coord": null,
                    "is_working": true,
                    "name": "Водный стадион",
                    "rect": null,
                    "text_id": 207,
                    "uid": 221
                },
                {
                    "coord": null,
                    "is_working": true,
                    "name": "Войковская",
                    "rect": null,
                    "text_id": 208,
                    "uid": 222
                },
                {
                    "coord": null,
                    "is_working": true,
                    "name": "Сокол",
                    "rect": null,
                    "text_id": 209,
                    "uid": 223
                },
                {
                    "coord": null,
                    "is_working": true,
                    "name": "Аэропорт",
                    "rect": null,
                    "text_id": 210,
                    "uid": 224
                },
                {
                    "coord": null,
                    "is_working": true,
                    "name": "Динамо",
                    "rect": null,
                    "text_id": 211,
                    "uid": 225
                },
                {
                    "coord": null,
                    "is_working": true,
                    "name": "Белорусская",
                    "rect": null,
                    "text_id": 158,
                    "uid": 226
                },
                {
                    "coord": null,
                    "is_working": true,
                    "name": "Маяковская",
                    "rect": null,
                    "text_id": 212,
                    "uid": 227
                },
                {
                    "coord": [
                        233,
                        310
                    ],
                    "is_working": true,
                    "name": "Тверская",
                    "rect": [
                        118,
                        297,
                        100,
                        20
                    ],
                    "text_id": 213,
                    "uid": 228
                },
                {
                    "coord": null,
                    "is_working": true,
                    "name": "Театральная",
                    "rect": null,
                    "text_id": 214,
                    "uid": 229
                },
                {
                    "coord": null,
                    "is_working": true,
                    "name": "Новокузнецкая",
                    "rect": null,
                    "text_id": 215,
                    "uid": 230
                },
                {
                    "coord": null,
                    "is_working": true,
                    "name": "Павелецкая",
                    "rect": null,
                    "text_id": 216,
                    "uid": 231
                },
                {
                    "coord": null,
                    "is_working": true,
                    "name": "Автозаводская",
                    "rect": null,
                    "text_id": 120,
                    "uid": 232
                },
                {
                    "coord": null,
                    "is_working": true,
                    "name": "Технопарк",
                    "rect": null,
                    "text_id": 217,
                    "uid": 233
                },
                {
                    "coord": null,
                    "is_working": true,
                    "name": "Коломенская",
                    "rect": null,
                    "text_id": 218,
                    "uid": 234
                },
                {
                    "coord": null,
                    "is_working": true,
                    "name": "Каширская",
                    "rect": null,
                    "text_id": 76,
                    "uid": 235
                },
                {
                    "coord": null,
                    "is_working": true,
                    "name": "Кантемировская",
                    "rect": null,
                    "text_id": 219,
                    "uid": 236
                },
                {
                    "coord": null,
                    "is_working": true,
                    "name": "Царицыно",
                    "rect": null,
                    "text_id": 193,
                    "uid": 237
                },
                {
                    "coord": null,
                    "is_working": true,
                    "name": "Орехово",
                    "rect": null,
                    "text_id": 220,
                    "uid": 238
                },
                {
                    "coord": null,
                    "is_working": true,
                    "name": "Домодедовская",
                    "rect": null,
                    "text_id": 221,
                    "uid": 239
                },
                {
                    "coord": null,
                    "is_working": true,
                    "name": "Красногвардейская",
                    "rect": null,
                    "text_id": 222,
                    "uid": 240
                },
                {
                    "coord": null,
                    "is_working": true,
                    "name": "Алма-Атинская",
                    "rect": null,
                    "text_id": 223,
                    "uid": 241
                }
            ],
            "text_id": 224
        },
        {
            "labels_bg_color": "-1",
            "labels_color": "000000",
            "line_color": "543C04",
            "line_width": 9,
            "name": "Кольцевая",
            "segments": [],
            "stations": [
                {
                    "coord": null,
                    "is_working": true,
                    "name": "Парк культуры",
                    "rect": null,
                    "text_id": 12,
                    "uid": 277
                },
                {
                    "coord": null,
                    "is_working": true,
                    "name": "Октябрьская",
                    "rect": null,
                    "text_id": 251,
                    "uid": 278
                },
                {
                    "coord": null,
                    "is_working": true,
                    "name": "Добрынинская",
                    "rect": null,
                    "text_id": 252,
                    "uid": 279
                },
                {
                    "coord": null,
                    "is_working": true,
                    "name": "Павелецкая",
                    "rect": null,
                    "text_id": 216,
                    "uid": 280
                },
                {
                    "coord": [
                        233,
                        420
                    ],
                    "is_working": true,
                    "name": "Таганская",
                    "rect": [
                        118,
                        409,
                        100,
                        20
                    ],
                    "text_id": 253,
                    "uid": 281
                },
                {
                    "coord": null,
                    "is_working": true,
                    "name": "Курская",
                    "rect": null,
                    "text_id": 185,
                    "uid": 282
                },
                {
                    "coord": null,
                    "is_working": true,
                    "name": "Комсомольская",
                    "rect": null,
                    "text_id": 5,
                    "uid": 283
                },
                {
                    "coord": null,
                    "is_working": true,
                    "name": "Проспект Мира",
                    "rect": null,
                    "text_id": 254,
                    "uid": 284
                },
                {
                    "coord": null,
                    "is_working": true,
                    "name": "Новослободская",
                    "rect": null,
                    "text_id": 255,
                    "uid": 285
                },
                {
                    "coord": null,
                    "is_working": true,
                    "name": "Белорусская",
                    "rect": null,
                    "text_id": 158,
                    "uid": 286
                },
                {
                    "coord": [
                        233,
                        261
                    ],
                    "is_working": true,
                    "name": "Краснопресненская",
                    "rect": [
                        118,
                        251,
                        100,
                        20
                    ],
                    "text_id": 256,
                    "uid": 287
                },
                {
                    "coord": null,
                    "is_working": true,
                    "name": "Киевская",
                    "rect": null,
                    "text_id": 234,
                    "uid": 288
                }
            ],
            "text_id": 257
        },
        {
            "labels_bg_color": "-1",
            "labels_color": "000000",
            "line_color": "FC9C54",
            "line_width": 9,
            "name": "Калужско-Рижская",
            "segments": [],
            "stations": [
                {
                    "coord": null,
                    "is_working": true,
                    "name": "Медведково",
                    "rect": null,
                    "text_id": 258,
                    "uid": 289
                },
                {
                    "coord": null,
                    "is_working": true,
                    "name": "Бабушкинская",
                    "rect": null,
                    "text_id": 259,
                    "uid": 290
                },
                {
                    "coord": null,
                    "is_working": true,
                    "name": "Свиблово",
                    "rect": null,
                    "text_id": 260,
                    "uid": 291
                },
                {
                    "coord": null,
                    "is_working": true,
                    "name": "Ботанический сад",
                    "rect": null,
                    "text_id": 109,
                    "uid": 292
                },
                {
                    "coord": null,
                    "is_working": true,
                    "name": "ВДНХ",
                    "rect": null,
                    "text_id": 261,
                    "uid": 293
                },
                {
                    "coord": null,
                    "is_working": true,
                    "name": "Алексеевская",
                    "rect": null,
                    "text_id": 262,
                    "uid": 294
                },
                {
                    "coord": null,
                    "is_working": true,
                    "name": "Рижская",
                    "rect": null,
                    "text_id": 183,
                    "uid": 295
                },
                {
                    "coord": null,
                    "is_working": true,
                    "name": "Проспект Мира",
                    "rect": null,
                    "text_id": 254,
                    "uid": 296
                },
                {
                    "coord": null,
                    "is_working": true,
                    "name": "Сухаревская",
                    "rect": null,
                    "text_id": 263,
                    "uid": 297
                },
                {
                    "coord": null,
                    "is_working": true,
                    "name": "Тургеневская",
                    "rect": null,
                    "text_id": 264,
                    "uid": 298
                },
                {
                    "coord": [
                        233,
                        368
                    ],
                    "is_working": true,
                    "name": "Китай-город",
                    "rect": [
                        118,
                        357,
                        100,
                        20
                    ],
                    "text_id": 265,
                    "uid": 299
                },
                {
                    "coord": null,
                    "is_working": true,
                    "name": "Третьяковская",
                    "rect": null,
                    "text_id": 266,
                    "uid": 300
                },
                {
                    "coord": null,
                    "is_working": true,
                    "name": "Октябрьская",
                    "rect": null,
                    "text_id": 251,
                    "uid": 301
                },
                {
                    "coord": null,
                    "is_working": true,
                    "name": "Шаболовская",
                    "rect": null,
                    "text_id": 267,
                    "uid": 302
                },
                {
                    "coord": null,
                    "is_working": true,
                    "name": "Ленинский проспект",
                    "rect": null,
                    "text_id": 268,
                    "uid": 303
                },
                {
                    "coord": null,
                    "is_working": true,
                    "name": "Академическая",
                    "rect": null,
                    "text_id": 269,
                    "uid": 304
                },
                {
                    "coord": null,
                    "is_working": true,
                    "name": "Профсоюзная",
                    "rect": null,
                    "text_id": 270,
                    "uid": 305
                },
                {
                    "coord": null,
                    "is_working": true,
                    "name": "Новые Черемушки",
                    "rect": null,
                    "text_id": 271,
                    "uid": 306
                },
                {
                    "coord": null,
                    "is_working": true,
                    "name": "Калужская",
                    "rect": null,
                    "text_id": 272,
                    "uid": 307
                },
                {
                    "coord": null,
                    "is_working": true,
                    "name": "Беляево",
                    "rect": null,
                    "text_id": 273,
                    "uid": 308
                },
                {
                    "coord": null,
                    "is_working": true,
                    "name": "Коньково",
                    "rect": null,
                    "text_id": 274,
                    "uid": 309
                },
                {
                    "coord": null,
                    "is_working": true,
                    "name": "Теплый Стан",
                    "rect": null,
                    "text_id": 275,
                    "uid": 310
                },
                {
                    "coord": null,
                    "is_working": true,
                    "name": "Ясенево",
                    "rect": null,
                    "text_id": 276,
                    "uid": 311
                },
                {
                    "coord": null,
                    "is_working": true,
                    "name": "Новоясеневская",
                    "rect": null,
                    "text_id": 277,
                    "uid": 312
                }
            ],
            "text_id": 278
        },
        {
            "labels_bg_color": "-1",
            "labels_color": "000000",
            "line_color": "AC24AC",
            "line_width": 9,
            "name": "Таганско-Краснопресненская",
            "segments": [
                [
                    313,
                    314,
                    [
                        [
                            256,
                            70
                        ],
                        [
                            256,
                            48
                        ]
                    ],
                    true
                ],
                [
                    314,
                    315,
                    [
                        [
                            256,
                            93
                        ],
                        [
                            256,
                            70
                        ]
                    ],
                    true
                ],
                [
                    315,
                    316,
                    [
                        [
                            256,
                            115
                        ],
                        [
                            256,
                            93
                        ]
                    ],
                    true
                ],
                [
                    316,
                    317,
                    [
                        [
                            256,
                            137
                        ],
                        [
                            256,
                            115
                        ]
                    ],
                    true
                ],
                [
                    317,
                    318,
                    [
                        [
                            256,
                            159
                        ],
                        [
                            256,
                            137
                        ]
                    ],
                    true
                ],
                [
                    318,
                    319,
                    [
                        [
                            256,
                            195
                        ],
                        [
                            256,
                            159
                        ]
                    ],
                    true
                ],
                [
                    319,
                    320,
                    [
                        [
                            256,
                            217
                        ],
                        [
                            256,
                            195
                        ]
                    ],
                    true
                ],
                [
                    320,
                    321,
                    [
                        [
                            256,
                            240
                        ],
                        [
                            256,
                            217
                        ]
                    ],
                    true
                ],
                [
                    321,
                    322,
                    [
                        [
                            256,
                            261
                        ],
                        [
                            256,
                            240
                        ]
                    ],
                    true
                ],
                [
                    322,
                    323,
                    [
                        [
                            256,
                            299
                        ],
                        [
                            256,
                            261
                        ]
                    ],
                    true
                ],
                [
                    323,
                    324,
                    [
                        [
                            256,
                            337
                        ],
                        [
                            256,
                            299
                        ]
                    ],
                    true
                ],
                [
                    324,
                    325,
                    [
                        [
                            256,
                            368
                        ],
                        [
                            256,
                            337
                        ]
                    ],
                    true
                ],
                [
                    325,
                    326,
                    [
                        [
                            256,
                            408
                        ],
                        [
                            256,
                            368
                        ]
                    ],
                    true
                ],
                [
                    326,
                    327,
                    [
                        [
                            256,
                            445
                        ],
                        [
                            256,
                            408
                        ]
                    ],
                    true
                ],
                [
                    327,
                    328,
                    [
                        [
                            256,
                            474
                        ],
                        [
                            256,
                            445
                        ]
                    ],
                    true
                ],
                [
                    328,
                    329,
                    [
                        [
                            256,
                            500
                        ],
                        [
                            256,
                            474
                        ]
                    ],
                    true
                ],
                [
                    329,
                    330,
                    [
                        [
                            256,
                            526
                        ],
                        [
                            256,
                            500
                        ]
                    ],
                    true
                ],
                [
                    330,
                    331,
                    [
                        [
                            256,
                            554
                        ],
                        [
                            256,
                            526
                        ]
                    ],
                    true
                ],
                [
                    331,
                    332,
                    [
                        [
                            256,
                            585
                        ],
                        [
                            256,
                            554
                        ]
                    ],
                    true
                ],
                [
                    332,
                    333,
                    [
                        [
                            256,
                            614
                        ],
                        [
                            256,
                            585
                        ]
                    ],
                    true
                ],
                [
                    333,
                    334,
                    [
                        [
                            256,
                            643
                        ],
                        [
                            256,
                            614
                        ]
                    ],
                    true
                ],
                [
                    334,
                    335,
                    [
                        [
                            256,
                            673
                        ],
                        [
                            256,
                            643
                        ]
                    ],
                    true
                ]
            ],
            "stations": [
                {
                    "coord": [
                        256,
                        48
                    ],
                    "is_working": true,
                    "name": "Планерная",
                    "rect": [
                        271,
                        38,
                        100,
                        20
                    ],
                    "text_id": 279,
                    "uid": 313
                },
                {
                    "coord": [
                        256,
                        70
                    ],
                    "is_working": true,
                    "name": "Сходненская",
                    "rect": [
                        271,
                        60,
                        100,
                        20
                    ],
                    "text_id": 280,
                    "uid": 314
                },
                {
                    "coord": [
                        256,
                        93
                    ],
                    "is_working": true,
                    "name": "Тушинская",
                    "rect": [
                        271,
                        83,
                        100,
                        20
                    ],
                    "text_id": 178,
                    "uid": 315
                },
                {
                    "coord": [
                        256,
                        115
                    ],
                    "is_working": true,
                    "name": "Спартак",
                    "rect": [
                        271,
                        105,
                        100,
                        20
                    ],
                    "text_id": 281,
                    "uid": 316
                },
                {
                    "coord": [
                        256,
                        137
                    ],
                    "is_working": true,
                    "name": "Щукинская",
                    "rect": [
                        271,
                        127,
                        100,
                        20
                    ],
                    "text_id": 179,
                    "uid": 317
                },
                {
                    "coord": [
                        256,
                        159
                    ],
                    "is_working": true,
                    "name": "Октябрьское поле",
                    "rect": [
                        271,
                        148,
                        100,
                        20
                    ],
                    "text_id": 282,
                    "uid": 318
                },
                {
                    "coord": [
                        256,
                        195
                    ],
                    "is_working": true,
                    "name": "Полежаевская",
                    "rect": [
                        271,
                        185,
                        100,
                        20
                    ],
                    "text_id": 283,
                    "uid": 319
                },
                {
                    "coord": [
                        256,
                        217
                    ],
                    "is_working": true,
                    "name": "Беговая",
                    "rect": [
                        271,
                        208,
                        100,
                        20
                    ],
                    "text_id": 159,
                    "uid": 320
                },
                {
                    "coord": [
                        256,
                        240
                    ],
                    "is_working": true,
                    "name": "Улица 1905 года",
                    "rect": [
                        271,
                        227,
                        100,
                        20
                    ],
                    "text_id": 284,
                    "uid": 321
                },
                {
                    "coord": [
                        256,
                        261
                    ],
                    "is_working": true,
                    "name": "Баррикадная",
                    "rect": [
                        271,
                        254,
                        100,
                        20
                    ],
                    "text_id": 285,
                    "uid": 322
                },
                {
                    "coord": [
                        256,
                        299
                    ],
                    "is_working": true,
                    "name": "Пушкинская",
                    "rect": [
                        271,
                        289,
                        100,
                        20
                    ],
                    "text_id": 286,
                    "uid": 323
                },
                {
                    "coord": [
                        256,
                        337
                    ],
                    "is_working": true,
                    "name": "Кузнецкий мост",
                    "rect": [
                        271,
                        327,
                        100,
                        20
                    ],
                    "text_id": 287,
                    "uid": 324
                },
                {
                    "coord": [
                        256,
                        368
                    ],
                    "is_working": true,
                    "name": "Китай-город",
                    "rect": [
                        271,
                        361,
                        100,
                        20
                    ],
                    "text_id": 265,
                    "uid": 325
                },
                {
                    "coord": [
                        256,
                        408
                    ],
                    "is_working": true,
                    "name": "Таганская",
                    "rect": [
                        271,
                        399,
                        100,
                        20
                    ],
                    "text_id": 253,
                    "uid": 326
                },
                {
                    "coord": [
                        256,
                        445
                    ],
                    "is_working": true,
                    "name": "Пролетарская",
                    "rect": [
                        271,
                        435,
                        100,
                        20
                    ],
                    "text_id": 288,
                    "uid": 327
                },
                {
                    "coord": [
                        256,
                        474
                    ],
                    "is_working": true,
                    "name": "Волгоградский проспект",
                    "rect": [
                        271,
                        463,
                        100,
                        20
                    ],
                    "text_id": 289,
                    "uid": 328
                },
                {
                    "coord": [
                        256,
                        500
                    ],
                    "is_working": true,
                    "name": "Текстильщики",
                    "rect": [
                        271,
                        491,
                        100,
                        20
                    ],
                    "text_id": 188,
                    "uid": 329
                },
                {
                    "coord": [
                        256,
                        526
                    ],
                    "is_working": true,
                    "name": "Кузьминки",
                    "rect": [
                        271,
                        517,
                        100,
                        20
                    ],
                    "text_id": 290,
                    "uid": 330
                },
                {
                    "coord": [
                        256,
                        554
                    ],
                    "is_working": true,
                    "name": "Рязанский проспект",
                    "rect": [
                        271,
                        545,
                        100,
                        20
                    ],
                    "text_id": 291,
                    "uid": 331
                },
                {
                    "coord": [
                        256,
                        585
                    ],
                    "is_working": true,
                    "name": "Выхино",
                    "rect": [
                        271,
                        574,
                        100,
                        20
                    ],
                    "text_id": 292,
                    "uid": 332
                },
                {
                    "coord": [
                        256,
                        614
                    ],
                    "is_working": true,
                    "name": "Лермонтовский проспект",
                    "rect": [
                        271,
                        603,
                        100,
                        20
                    ],
                    "text_id": 293,
                    "uid": 333
                },
                {
                    "coord": [
                        256,
                        643
                    ],
                    "is_working": true,
                    "name": "Жулебино",
                    "rect": [
                        271,
                        633,
                        100,
                        20
                    ],
                    "text_id": 294,
                    "uid": 334
                },
                {
                    "coord": [
                        256,
                        673
                    ],
                    "is_working": true,
                    "name": "Котельники",
                    "rect": [
                        271,
                        663,
                        100,
                        20
                    ],
                    "text_id": 295,
                    "uid": 335
                }
            ],
            "text_id": 296
        },
        {
            "labels_bg_color": "-1",
            "labels_color": "000000",
            "line_color": "FCCC04",
            "line_width": 9,
            "name": "Калининско-Солнцевская",
            "segments": [],
            "stations": [
                {
                    "coord": null,
                    "is_working": true,
                    "name": "Новокосино",
                    "rect": null,
                    "text_id": 297,
                    "uid": 336
                },
                {
                    "coord": null,
                    "is_working": true,
                    "name": "Новогиреево",
                    "rect": null,
                    "text_id": 298,
                    "uid": 337
                },
                {
                    "coord": null,
                    "is_working": true,
                    "name": "Перово",
                    "rect": null,
                    "text_id": 299,
                    "uid": 338
                },
                {
                    "coord": null,
                    "is_working": true,
                    "name": "Шоссе Энтузиастов",
                    "rect": null,
                    "text_id": 115,
                    "uid": 339
                },
                {
                    "coord": null,
                    "is_working": true,
                    "name": "Авиамоторная",
                    "rect": null,
                    "text_id": 142,
                    "uid": 340
                },
                {
                    "coord": null,
                    "is_working": true,
                    "name": "Площадь Ильича",
                    "rect": null,
                    "text_id": 300,
                    "uid": 341
                },
                {
                    "coord": [
                        233,
                        394
                    ],
                    "is_working": true,
                    "name": "Марксистская",
                    "rect": [
                        118,
                        382,
                        100,
                        20
                    ],
                    "text_id": 301,
                    "uid": 342
                },
                {
                    "coord": null,
                    "is_working": true,
                    "name": "Третьяковская",
                    "rect": null,
                    "text_id": 266,
                    "uid": 343
                }
            ],
            "text_id": 302
        },
        {
            "labels_bg_color": "-1",
            "labels_color": "000000",
            "line_color": "9CA4A4",
            "line_width": 9,
            "name": "Серпуховско-Тимирязевская",
            "segments": [],
            "stations": [
                {
                    "coord": null,
                    "is_working": true,
                    "name": "Алтуфьево",
                    "rect": null,
                    "text_id": 27,
                    "uid": 26
                },
                {
                    "coord": null,
                    "is_working": true,
                    "name": "Бибирево",
                    "rect": null,
                    "text_id": 28,
                    "uid": 27
                },
                {
                    "coord": null,
                    "is_working": true,
                    "name": "Отрадное",
                    "rect": null,
                    "text_id": 29,
                    "uid": 28
                },
                {
                    "coord": null,
                    "is_working": true,
                    "name": "Владыкино",
                    "rect": null,
                    "text_id": 30,
                    "uid": 29
                },
                {
                    "coord": null,
                    "is_working": true,
                    "name": "Петровско-Разумовская",
                    "rect": null,
                    "text_id": 31,
                    "uid": 30
                },
                {
                    "coord": null,
                    "is_working": true,
                    "name": "Тимирязевская",
                    "rect": null,
                    "text_id": 32,
                    "uid": 31
                },
                {
                    "coord": null,
                    "is_working": true,
                    "name": "Дмитровская",
                    "rect": null,
                    "text_id": 33,
                    "uid": 32
                },
                {
                    "coord": null,
                    "is_working": true,
                    "name": "Савеловская",
                    "rect": null,
                    "text_id": 34,
                    "uid": 33
                },
                {
                    "coord": null,
                    "is_working": true,
                    "name": "Менделеевская",
                    "rect": null,
                    "text_id": 35,
                    "uid": 34
                },
                {
                    "coord": null,
                    "is_working": true,
                    "name": "Цветной бульвар",
                    "rect": null,
                    "text_id": 36,
                    "uid": 35
                },
                {
                    "coord": [
                        233,
                        287
                    ],
                    "is_working": true,
                    "name": "Чеховская",
                    "rect": [
                        118,
                        274,
                        100,
                        20
                    ],
                    "text_id": 37,
                    "uid": 36
                },
                {
                    "coord": null,
                    "is_working": true,
                    "name": "Боровицкая",
                    "rect": null,
                    "text_id": 38,
                    "uid": 37
                },
                {
                    "coord": null,
                    "is_working": true,
                    "name": "Полянка",
                    "rect": null,
                    "text_id": 39,
                    "uid": 38
                },
                {
                    "coord": null,
                    "is_working": true,
                    "name": "Серпуховская",
                    "rect": null,
                    "text_id": 40,
                    "uid": 39
                },
                {
                    "coord": null,
                    "is_working": true,
                    "name": "Тульская",
                    "rect": null,
                    "text_id": 41,
                    "uid": 40
                },
                {
                    "coord": null,
                    "is_working": true,
                    "name": "Нагатинская",
                    "rect": null,
                    "text_id": 42,
                    "uid": 41
                },
                {
                    "coord": null,
                    "is_working": true,
                    "name": "Нагорная",
                    "rect": null,
                    "text_id": 43,
                    "uid": 42
                },
                {
                    "coord": null,
                    "is_working": true,
                    "name": "Нахимовский проспект",
                    "rect": null,
                    "text_id": 44,
                    "uid": 43
                },
                {
                    "coord": null,
                    "is_working": true,
                    "name": "Севастопольская",
                    "rect": null,
                    "text_id": 45,
                    "uid": 44
                },
                {
                    "coord": null,
                    "is_working": true,
                    "name": "Чертановская",
                    "rect": null,
                    "text_id": 46,
                    "uid": 45
                },
                {
                    "coord": null,
                    "is_working": true,
                    "name": "Южная",
                    "rect": null,
                    "text_id": 47,
                    "uid": 46
                },
                {
                    "coord": null,
                    "is_working": true,
                    "name": "Пражская",
                    "rect": null,
                    "text_id": 48,
                    "uid": 47
                },
                {
                    "coord": null,
                    "is_working": true,
                    "name": "Улица Академика Янгеля",
                    "rect": null,
                    "text_id": 49,
                    "uid": 48
                },
                {
                    "coord": null,
                    "is_working": true,
                    "name": "Аннино",
                    "rect": null,
                    "text_id": 50,
                    "uid": 49
                },
                {
                    "coord": null,
                    "is_working": true,
                    "name": "Бульвар Дмитрия Донского",
                    "rect": null,
                    "text_id": 51,
                    "uid": 50
                }
            ],
            "text_id": 52
        },
        {
            "labels_bg_color": "-1",
            "labels_color": "000000",
            "line_color": "84BC54",
            "line_width": 9,
            "name": "Люблинско-Дмитровская",
            "segments": [],
            "stations": [
                {
                    "coord": null,
                    "is_working": true,
                    "name": "Селигерская",
                    "rect": null,
                    "text_id": 53,
                    "uid": 51
                },
                {
                    "coord": null,
                    "is_working": true,
                    "name": "Верхние Лихоборы",
                    "rect": null,
                    "text_id": 54,
                    "uid": 52
                },
                {
                    "coord": null,
                    "is_working": true,
                    "name": "Окружная",
                    "rect": null,
                    "text_id": 55,
                    "uid": 53
                },
                {
                    "coord": null,
                    "is_working": true,
                    "name": "Петровско-Разумовская",
                    "rect": null,
                    "text_id": 31,
                    "uid": 54
                },
                {
                    "coord": null,
                    "is_working": true,
                    "name": "Фонвизинская",
                    "rect": null,
                    "text_id": 56,
                    "uid": 55
                },
                {
                    "coord": null,
                    "is_working": true,
                    "name": "Бутырская",
                    "rect": null,
                    "text_id": 57,
                    "uid": 56
                },
                {
                    "coord": null,
                    "is_working": true,
                    "name": "Марьина роща",
                    "rect": null,
                    "text_id": 58,
                    "uid": 57
                },
                {
                    "coord": null,
                    "is_working": true,
                    "name": "Достоевская",
                    "rect": null,
                    "text_id": 59,
                    "uid": 58
                },
                {
                    "coord": null,
                    "is_working": true,
                    "name": "Трубная",
                    "rect": null,
                    "text_id": 60,
                    "uid": 59
                },
                {
                    "coord": null,
                    "is_working": true,
                    "name": "Сретенский бульвар",
                    "rect": null,
                    "text_id": 61,
                    "uid": 60
                },
                {
                    "coord": null,
                    "is_working": true,
                    "name": "Чкаловская",
                    "rect": null,
                    "text_id": 62,
                    "uid": 61
                },
                {
                    "coord": null,
                    "is_working": true,
                    "name": "Римская",
                    "rect": null,
                    "text_id": 63,
                    "uid": 62
                },
                {
                    "coord": [
                        233,
                        445
                    ],
                    "is_working": true,
                    "name": "Крестьянская застава",
                    "rect": [
                        118,
                        435,
                        100,
                        20
                    ],
                    "text_id": 64,
                    "uid": 63
                },
                {
                    "coord": null,
                    "is_working": true,
                    "name": "Дубровка",
                    "rect": null,
                    "text_id": 65,
                    "uid": 64
                },
                {
                    "coord": null,
                    "is_working": true,
                    "name": "Кожуховская",
                    "rect": null,
                    "text_id": 66,
                    "uid": 65
                },
                {
                    "coord": null,
                    "is_working": true,
                    "name": "Печатники",
                    "rect": null,
                    "text_id": 67,
                    "uid": 66
                },
                {
                    "coord": null,
                    "is_working": true,
                    "name": "Волжская",
                    "rect": null,
                    "text_id": 68,
                    "uid": 67
                },
                {
                    "coord": null,
                    "is_working": true,
                    "name": "Люблино",
                    "rect": null,
                    "text_id": 69,
                    "uid": 68
                },
                {
                    "coord": null,
                    "is_working": true,
                    "name": "Братиславская",
                    "rect": null,
                    "text_id": 70,
                    "uid": 69
                },
                {
                    "coord": null,
                    "is_working": true,
                    "name": "Марьино",
                    "rect": null,
                    "text_id": 71,
                    "uid": 70
                },
                {
                    "coord": null,
                    "is_working": true,
                    "name": "Борисово",
                    "rect": null,
                    "text_id": 72,
                    "uid": 71
                },
                {
                    "coord": null,
                    "is_working": true,
                    "name": "Шипиловская",
                    "rect": null,
                    "text_id": 73,
                    "uid": 72
                },
                {
                    "coord": null,
                    "is_working": true,
                    "name": "Зябликово",
                    "rect": null,
                    "text_id": 74,
                    "uid": 73
                }
            ],
            "text_id": 75
        },
        {
            "labels_bg_color": "-1",
            "labels_color": "000000",
            "line_color": "DE7272",
            "line_width": 9,
            "name": "МЦК",
            "segments": [],
            "stations": [
                {
                    "coord": null,
                    "is_working": true,
                    "name": "Окружная",
                    "rect": null,
                    "text_id": 55,
                    "uid": 110
                },
                {
                    "coord": null,
                    "is_working": true,
                    "name": "Владыкино",
                    "rect": null,
                    "text_id": 30,
                    "uid": 111
                },
                {
                    "coord": null,
                    "is_working": true,
                    "name": "Ботанический сад",
                    "rect": null,
                    "text_id": 109,
                    "uid": 112
                },
                {
                    "coord": null,
                    "is_working": true,
                    "name": "Ростокино",
                    "rect": null,
                    "text_id": 110,
                    "uid": 113
                },
                {
                    "coord": null,
                    "is_working": true,
                    "name": "Белокаменная",
                    "rect": null,
                    "text_id": 111,
                    "uid": 114
                },
                {
                    "coord": null,
                    "is_working": true,
                    "name": "Бульвар Рокоссовского",
                    "rect": null,
                    "text_id": 0,
                    "uid": 115
                },
                {
                    "coord": null,
                    "is_working": true,
                    "name": "Локомотив",
                    "rect": null,
                    "text_id": 112,
                    "uid": 116
                },
                {
                    "coord": null,
                    "is_working": true,
                    "name": "Измайлово",
                    "rect": null,
                    "text_id": 113,
                    "uid": 117
                },
                {
                    "coord": null,
                    "is_working": true,
                    "name": "Соколиная Гора",
                    "rect": null,
                    "text_id": 114,
                    "uid": 118
                },
                {
                    "coord": null,
                    "is_working": true,
                    "name": "Шоссе Энтузиастов",
                    "rect": null,
                    "text_id": 115,
                    "uid": 119
                },
                {
                    "coord": null,
                    "is_working": true,
                    "name": "Андроновка",
                    "rect": null,
                    "text_id": 116,
                    "uid": 120
                },
                {
                    "coord": null,
                    "is_working": true,
                    "name": "Нижегородская",
                    "rect": null,
                    "text_id": 117,
                    "uid": 121
                },
                {
                    "coord": null,
                    "is_working": true,
                    "name": "Новохохловская",
                    "rect": null,
                    "text_id": 118,
                    "uid": 122
                },
                {
                    "coord": null,
                    "is_working": true,
                    "name": "Угрешская",
                    "rect": null,
                    "text_id": 119,
                    "uid": 123
                },
                {
                    "coord": null,
                    "is_working": true,
                    "name": "Дубровка",
                    "rect": null,
                    "text_id": 65,
                    "uid": 124
                },
                {
                    "coord": null,
                    "is_working": true,
                    "name": "Автозаводская",
                    "rect": null,
                    "text_id": 120,
                    "uid": 125
                },
                {
                    "coord": null,
                    "is_working": true,
                    "name": "ЗИЛ",
                    "rect": null,
                    "text_id": 121,
                    "uid": 126
                },
                {
                    "coord": null,
                    "is_working": true,
                    "name": "Верхние Котлы",
                    "rect": null,
                    "text_id": 122,
                    "uid": 127
                },
                {
                    "coord": null,
                    "is_working": true,
                    "name": "Крымская",
                    "rect": null,
                    "text_id": 123,
                    "uid": 128
                },
                {
                    "coord": null,
                    "is_working": true,
                    "name": "Площадь Гагарина",
                    "rect": null,
                    "text_id": 124,
                    "uid": 129
                },
                {
                    "coord": null,
                    "is_working": true,
                    "name": "Лужники",
                    "rect": null,
                    "text_id": 125,
                    "uid": 130
                },
                {
                    "coord": null,
                    "is_working": true,
                    "name": "Кутузовская",
                    "rect": null,
                    "text_id": 126,
                    "uid": 131
                },
                {
                    "coord": null,
                    "is_working": true,
                    "name": "Деловой центр",
                    "rect": null,
                    "text_id": 83,
                    "uid": 132
                },
                {
                    "coord": null,
                    "is_working": true,
                    "name": "Шелепиха",
                    "rect": null,
                    "text_id": 82,
                    "uid": 133
                },
                {
                    "coord": [
                        234,
                        185
                    ],
                    "is_working": true,
                    "name": "Хорошёво",
                    "rect": [
                        118,
                        175,
                        100,
                        20
                    ],
                    "text_id": 127,
                    "uid": 134
                },
                {
                    "coord": null,
                    "is_working": true,
                    "name": "Зорге",
                    "rect": null,
                    "text_id": 128,
                    "uid": 135
                },
                {
                    "coord": [
                        233,
                        159
                    ],
                    "is_working": true,
                    "name": "Панфиловская",
                    "rect": [
                        118,
                        150,
                        100,
                        20
                    ],
                    "text_id": 129,
                    "uid": 136
                },
                {
                    "coord": null,
                    "is_working": true,
                    "name": "Стрешнево",
                    "rect": null,
                    "text_id": 130,
                    "uid": 137
                },
                {
                    "coord": null,
                    "is_working": true,
                    "name": "Балтийская",
                    "rect": null,
                    "text_id": 131,
                    "uid": 138
                },
                {
                    "coord": null,
                    "is_working": true,
                    "name": "Коптево",
                    "rect": null,
                    "text_id": 132,
                    "uid": 139
                },
                {
                    "coord": null,
                    "is_working": true,
                    "name": "Лихоборы",
                    "rect": null,
                    "text_id": 133,
                    "uid": 140
                }
            ],
            "text_id": 134
        },
        {
            "labels_bg_color": "-1",
            "labels_color": "000000",
            "line_color": "30D5C8",
            "line_width": 9,
            "name": "БКЛ",
            "segments": [],
            "stations": [
                {
                    "coord": null,
                    "is_working": true,
                    "name": "Савеловская",
                    "rect": null,
                    "text_id": 34,
                    "uid": 77
                },
                {
                    "coord": null,
                    "is_working": true,
                    "name": "Петровский парк",
                    "rect": null,
                    "text_id": 79,
                    "uid": 78
                },
                {
                    "coord": null,
                    "is_working": true,
                    "name": "ЦСКА",
                    "rect": null,
                    "text_id": 80,
                    "uid": 79
                },
                {
                    "coord": [
                        234,
                        209
                    ],
                    "is_working": true,
                    "name": "Хорошёвская",
                    "rect": [
                        118,
                        201,
                        100,
                        20
                    ],
                    "text_id": 81,
                    "uid": 80
                },
                {
                    "coord": null,
                    "is_working": true,
                    "name": "Шелепиха",
                    "rect": null,
                    "text_id": 82,
                    "uid": 81
                },
                {
                    "coord": null,
                    "is_working": true,
                    "name": "Деловой центр",
                    "rect": null,
                    "text_id": 83,
                    "uid": 82
                },
                {
                    "coord": null,
                    "is_working": true,
                    "name": "Народное ополчение",
                    "rect": null,
                    "text_id": 84,
                    "uid": 83
                },
                {
                    "coord": null,
                    "is_working": true,
                    "name": "Мнёвники",
                    "rect": null,
                    "text_id": 85,
                    "uid": 84
                },
                {
                    "coord": null,
                    "is_working": true,
                    "name": "Терехово",
                    "rect": null,
                    "text_id": 86,
                    "uid": 85
                },
                {
                    "coord": null,
                    "is_working": true,
                    "name": "Кунцевская",
                    "rect": null,
                    "text_id": 87,
                    "uid": 86
                },
                {
                    "coord": null,
                    "is_working": true,
                    "name": "Давыдково",
                    "rect": null,
                    "text_id": 88,
                    "uid": 87
                },
                {
                    "coord": null,
                    "is_working": true,
                    "name": "Аминьевская",
                    "rect": null,
                    "text_id": 89,
                    "uid": 88
                },
                {
                    "coord": null,
                    "is_working": true,
                    "name": "Мичуринский проспект",
                    "rect": null,
                    "text_id": 90,
                    "uid": 89
                },
                {
                    "coord": null,
                    "is_working": true,
                    "name": "Проспект Вернадского",
                    "rect": null,
                    "text_id": 17,
                    "uid": 90
                },
                {
                    "coord": null,
                    "is_working": true,
                    "name": "Новаторская",
                    "rect": null,
                    "text_id": 91,
                    "uid": 91
                },
                {
                    "coord": null,
                    "is_working": true,
                    "name": "Воронцовская",
                    "rect": null,
                    "text_id": 92,
                    "uid": 92
                },
                {
                    "coord": null,
                    "is_working": true,
                    "name": "Зюзино",
                    "rect": null,
                    "text_id": 93,
                    "uid": 93
                },
                {
                    "coord": null,
                    "is_working": true,
                    "name": "Каховская",
                    "rect": null,
                    "text_id": 78,
                    "uid": 94
                },
                {
                    "coord": null,
                    "is_working": false,
                    "name": "Варшавская",
                    "rect": null,
                    "text_id": 77,
                    "uid": 95
                },
                {
                    "coord": null,
                    "is_working": false,
                    "name": "Каширская",
                    "rect": null,
                    "text_id": 76,
                    "uid": 96
                }
            ],
            "text_id": 94
        },
        {
            "labels_bg_color": "-1",
            "labels_color": "000000",
            "line_color": "DE64A1",
            "line_width": 9,
            "name": "Некрасовская",
            "segments": [],
            "stations": [
                {
                    "coord": null,
                    "is_working": true,
                    "name": "Некрасовка",
                    "rect": null,
                    "text_id": 135,
                    "uid": 141
                },
                {
                    "coord": null,
                    "is_working": true,
                    "name": "Лухмановская",
                    "rect": null,
                    "text_id": 136,
                    "uid": 142
                },
                {
                    "coord": null,
                    "is_working": true,
                    "name": "Улица Дмитриевского",
                    "rect": null,
                    "text_id": 137,
                    "uid": 143
                },
                {
                    "coord": [
                        233,
                        614
                    ],
                    "is_working": true,
                    "name": "Косино",
                    "rect": null,
                    "text_id": 138,
                    "uid": 144
                },
                {
                    "coord": null,
                    "is_working": true,
                    "name": "Юго-Восточная",
                    "rect": [
                        118,
                        604,
                        100,
                        20
                    ],
                    "text_id": 139,
                    "uid": 145
                },
                {
                    "coord": null,
                    "is_working": true,
                    "name": "Окская",
                    "rect": null,
                    "text_id": 140,
                    "uid": 146
                },
                {
                    "coord": null,
                    "is_working": true,
                    "name": "Стахановская",
                    "rect": null,
                    "text_id": 141,
                    "uid": 147
                },
                {
                    "coord": null,
                    "is_working": true,
                    "name": "Нижегородская",
                    "rect": null,
                    "text_id": 117,
                    "uid": 148
                },
                {
                    "coord": null,
                    "is_working": true,
                    "name": "Авиамоторная",
                    "rect": null,
                    "text_id": 142,
                    "uid": 149
                },
                {
                    "coord": null,
                    "is_working": true,
                    "name": "Лефортово",
                    "rect": null,
                    "text_id": 143,
                    "uid": 150
                },
                {
                    "coord": null,
                    "is_working": true,
                    "name": "Электрозаводская",
                    "rect": null,
                    "text_id": 144,
                    "uid": 151
                }
            ],
            "text_id": 145
        }
    ],
    "lines_width": 9,
    "name": "taganskokrasnopresnenskayaline",
    "name_text_id": 296,
    "stations_diameter": 16.0,
    "transfers": [
        [
            148,
            121,
            null,
            null
        ],
        [
            149,
            340,
            null,
            null
        ],
        [
            90,
            17,
            null,
            null
        ],
        [
            94,
            44,
            null,
            null
        ],
        [
            96,
            235,
            null,
            null
        ],
        [
            92,
            307,
            null,
            null
        ],
        [
            10,
            37,
            null,
            null
        ],
        [
            78,
            225,
            null,
            null
        ],
        [
            80,
            319,
            [
                234,
                209
            ],
            [
                256,
                195
            ]
        ],
        [
            81,
            133,
            null,
            null
        ],
        [
            226,
            286,
            null,
            null
        ],
        [
            39,
            279,
            null,
            null
        ],
        [
            73,
            240,
            null,
            null
        ],
        [
            235,
            96,
            null,
            null
        ],
        [
            325,
            299,
            [
                256,
                368
            ],
            [
                233,
                368
            ]
        ],
        [
            5,
            283,
            null,
            null
        ],
        [
            322,
            287,
            [
                256,
                261
            ],
            [
                233,
                261
            ]
        ],
        [
            324,
            8,
            [
                256,
                337
            ],
            [
                233,
                337
            ]
        ],
        [
            282,
            61,
            null,
            null
        ],
        [
            29,
            111,
            null,
            null
        ],
        [
            138,
            222,
            null,
            null
        ],
        [
            0,
            115,
            null,
            null
        ],
        [
            318,
            136,
            [
                256,
                159
            ],
            [
                233,
                159
            ]
        ],
        [
            41,
            127,
            null,
            null
        ],
        [
            292,
            112,
            null,
            null
        ],
        [
            1,
            116,
            null,
            null
        ],
        [
            339,
            119,
            null,
            null
        ],
        [
            64,
            124,
            null,
            null
        ],
        [
            232,
            125,
            null,
            null
        ],
        [
            129,
            303,
            null,
            null
        ],
        [
            130,
            14,
            null,
            null
        ],
        [
            34,
            285,
            null,
            null
        ],
        [
            144,
            333,
            [
                233,
                614
            ],
            [
                256,
                614
            ]
        ],
        [
            301,
            278,
            null,
            null
        ],
        [
            9,
            229,
            null,
            null
        ],
        [
            231,
            280,
            null,
            null
        ],
        [
            12,
            277,
            null,
            null
        ],
        [
            54,
            30,
            null,
            null
        ],
        [
            341,
            62,
            null,
            null
        ],
        [
            63,
            327,
            [
                233,
                445
            ],
            [
                256,
                445
            ]
        ],
        [
            296,
            284,
            null,
            null
        ],
        [
            323,
            36,
            [
                256,
                299
            ],
            [
                233,
                287
            ]
        ],
        [
            36,
            228,
            [
                233,
                287
            ],
            [
                233,
                310
            ]
        ],
        [
            323,
            228,
            [
                256,
                299
            ],
            [
                233,
                310
            ]
        ],
        [
            77,
            33,
            null,
            null
        ],
        [
            342,
            281,
            [
                233,
                394
            ],
            [
                233,
                420
            ]
        ],
        [
            281,
            326,
            [
                233,
                420
            ],
            [
                256,
                408
            ]
        ],
        [
            342,
            326,
            [
                233,
                394
            ],
            [
                256,
                408
            ]
        ],
        [
            343,
            300,
            null,
            null
        ],
        [
            300,
            230,
            null,
            null
        ],
        [
            343,
            230,
            null,
            null
        ],
        [
            298,
            7,
            null,
            null
        ],
        [
            298,
            60,
            null,
            null
        ],
        [
            7,
            60,
            null,
            null
        ],
        [
            35,
            59,
            null,
            null
        ]
    ],
    "transports": [
        "metro",
        "trains",
        "trams",
        "tramsriver"
    ],
    "type_name": "Метро",
    "type_text_id": 1515,
    "upper_case": true,
    "width": 406,
    "word_wrap": true
}