{
    "default_transports": [
        "metro"
    ],
    "height": 520,
    "images": [
        "res/schemes/4.svg"
    ],
    "is_vector": true,
    "lines": [
        {
            "labels_bg_color": "-1",
            "labels_color": "000000",
            "line_color": "D6083B",
            "line_width": 9,
            "name": "1",
            "segments": [],
            "stations": [
                {
                    "coord": null,
                    "is_working": true,
                    "name": "Девяткино",
                    "rect": null,
                    "text_id": 0,
                    "uid": 0
                },
                {
                    "coord": null,
                    "is_working": true,
                    "name": "Гражданский проспект",
                    "rect": null,
                    "text_id": 1,
                    "uid": 1
                },
                {
                    "coord": null,
                    "is_working": true,
                    "name": "Академическая",
                    "rect": null,
                    "text_id": 2,
                    "uid": 2
                },
                {
                    "coord": null,
                    "is_working": true,
                    "name": "Политехническая",
                    "rect": null,
                    "text_id": 3,
                    "uid": 3
                },
                {
                    "coord": null,
                    "is_working": true,
                    "name": "Площадь Мужества",
                    "rect": null,
                    "text_id": 4,
                    "uid": 4
                },
                {
                    "coord": null,
                    "is_working": true,
                    "name": "Лесная",
                    "rect": null,
                    "text_id": 5,
                    "uid": 5
                },
                {
                    "coord": null,
                    "is_working": true,
                    "name": "Выборгская",
                    "rect": null,
                    "text_id": 6,
                    "uid": 6
                },
                {
                    "coord": null,
                    "is_working": true,
                    "name": "Площадь Ленина",
                    "rect": null,
                    "text_id": 7,
                    "uid": 7
                },
                {
                    "coord": null,
                    "is_working": true,
                    "name": "Чернышевская",
                    "rect": null,
                    "text_id": 8,
                    "uid": 8
                },
                {
                    "coord": null,
                    "is_working": true,
                    "name": "Площадь Восстания",
                    "rect": null,
                    "text_id": 9,
                    "uid": 9
                },
                {
                    "coord": [
                        221,
                        130
                    ],
                    "is_working": true,
                    "name": "Владимирская",
                    "rect": [
                        112,
                        123,
                        94,
                        15
                    ],
                    "text_id": 10,
                    "uid": 10
                },
                {
                    "coord": null,
                    "is_working": true,
                    "name": "Пушкинская",
                    "rect": null,
                    "text_id": 11,
                    "uid": 11
                },
                {
                    "coord": null,
                    "is_working": true,
                    "name": "Технологический институт-I",
                    "rect": null,
                    "text_id": 12,
                    "uid": 12
                },
                {
                    "coord": null,
                    "is_working": true,
                    "name": "Балтийская",
                    "rect": null,
                    "text_id": 13,
                    "uid": 13
                },
                {
                    "coord": null,
                    "is_working": true,
                    "name": "Нарвская",
                    "rect": null,
                    "text_id": 14,
                    "uid": 14
                },
                {
                    "coord": null,
                    "is_working": true,
                    "name": "Кировский завод",
                    "rect": null,
                    "text_id": 15,
                    "uid": 15
                },
                {
                    "coord": null,
                    "is_working": true,
                    "name": "Автово",
                    "rect": null,
                    "text_id": 16,
                    "uid": 16
                },
                {
                    "coord": null,
                    "is_working": true,
                    "name": "Ленинский проспект",
                    "rect": null,
                    "text_id": 17,
                    "uid": 17
                },
                {
                    "coord": null,
                    "is_working": true,
                    "name": "Проспект Ветеранов",
                    "rect": null,
                    "text_id": 18,
                    "uid": 18
                }
            ],
            "text_id": 19
        },
        {
            "labels_bg_color": "-1",
            "labels_color": "000000",
            "line_color": "0078c9",
            "line_width": 9,
            "name": "2",
            "segments": [],
            "stations": [
                {
                    "coord": null,
                    "is_working": true,
                    "name": "Парнас",
                    "rect": null,
                    "text_id": 20,
                    "uid": 19
                },
                {
                    "coord": null,
                    "is_working": true,
                    "name": "Проспект Просвещения",
                    "rect": null,
                    "text_id": 21,
                    "uid": 20
                },
                {
                    "coord": null,
                    "is_working": true,
                    "name": "Озерки",
                    "rect": null,
                    "text_id": 22,
                    "uid": 21
                },
                {
                    "coord": null,
                    "is_working": true,
                    "name": "Удельная",
                    "rect": null,
                    "text_id": 23,
                    "uid": 22
                },
                {
                    "coord": null,
                    "is_working": true,
                    "name": "Пионерская",
                    "rect": null,
                    "text_id": 24,
                    "uid": 23
                },
                {
                    "coord": null,
                    "is_working": true,
                    "name": "Чёрная речка",
                    "rect": null,
                    "text_id": 25,
                    "uid": 24
                },
                {
                    "coord": null,
                    "is_working": true,
                    "name": "Петроградская",
                    "rect": null,
                    "text_id": 26,
                    "uid": 25
                },
                {
                    "coord": null,
                    "is_working": true,
                    "name": "Горьковская",
                    "rect": null,
                    "text_id": 27,
                    "uid": 26
                },
                {
                    "coord": null,
                    "is_working": true,
                    "name": "Невский проспект",
                    "rect": null,
                    "text_id": 28,
                    "uid": 27
                },
                {
                    "coord": [
                        221,
                        101
                    ],
                    "is_working": true,
                    "name": "Сенная площадь",
                    "rect": [
                        147,
                        88,
                        59,
                        28
                    ],
                    "text_id": 29,
                    "uid": 28
                },
                {
                    "coord": null,
                    "is_working": true,
                    "name": "Технологический институт-II",
                    "rect": null,
                    "text_id": 30,
                    "uid": 29
                },
                {
                    "coord": null,
                    "is_working": true,
                    "name": "Фрунзенская",
                    "rect": null,
                    "text_id": 31,
                    "uid": 30
                },
                {
                    "coord": null,
                    "is_working": true,
                    "name": "Московские ворота",
                    "rect": null,
                    "text_id": 32,
                    "uid": 31
                },
                {
                    "coord": null,
                    "is_working": true,
                    "name": "Электросила",
                    "rect": null,
                    "text_id": 33,
                    "uid": 32
                },
                {
                    "coord": null,
                    "is_working": true,
                    "name": "Парк Победы",
                    "rect": null,
                    "text_id": 34,
                    "uid": 33
                },
                {
                    "coord": null,
                    "is_working": true,
                    "name": "Московская",
                    "rect": null,
                    "text_id": 35,
                    "uid": 34
                },
                {
                    "coord": null,
                    "is_working": true,
                    "name": "Звёздная",
                    "rect": null,
                    "text_id": 36,
                    "uid": 35
                },
                {
                    "coord": null,
                    "is_working": true,
                    "name": "Купчино",
                    "rect": null,
                    "text_id": 37,
                    "uid": 36
                }
            ],
            "text_id": 38
        },
        {
            "labels_bg_color": "-1",
            "labels_color": "000000",
            "line_color": "009a49",
            "line_width": 9,
            "name": "3",
            "segments": [],
            "stations": [
                {
                    "coord": null,
                    "is_working": true,
                    "name": "Беговая",
                    "rect": null,
                    "text_id": 39,
                    "uid": 37
                },
                {
                    "coord": null,
                    "is_working": true,
                    "name": "Зенит",
                    "rect": null,
                    "text_id": 40,
                    "uid": 38
                },
                {
                    "coord": null,
                    "is_working": true,
                    "name": "Приморская",
                    "rect": null,
                    "text_id": 41,
                    "uid": 39
                },
                {
                    "coord": null,
                    "is_working": true,
                    "name": "Василеостровская",
                    "rect": null,
                    "text_id": 42,
                    "uid": 40
                },
                {
                    "coord": null,
                    "is_working": true,
                    "name": "Гостиный двор",
                    "rect": null,
                    "text_id": 43,
                    "uid": 41
                },
                {
                    "coord": [
                        221,
                        210
                    ],
                    "is_working": true,
                    "name": "Маяковская",
                    "rect": null,
                    "text_id": 44,
                    "uid": 42
                },
                {
                    "coord": null,
                    "is_working": true,
                    "name": "Площадь Александра Невского-I",
                    "rect": [
                        62,
                        196,
                        144,
                        28
                    ],
                    "text_id": 45,
                    "uid": 43
                },
                {
                    "coord": null,
                    "is_working": true,
                    "name": "Елизаровская",
                    "rect": null,
                    "text_id": 46,
                    "uid": 44
                },
                {
                    "coord": null,
                    "is_working": true,
                    "name": "Ломоносовская",
                    "rect": null,
                    "text_id": 47,
                    "uid": 45
                },
                {
                    "coord": null,
                    "is_working": true,
                    "name": "Пролетарская",
                    "rect": null,
                    "text_id": 48,
                    "uid": 46
                },
                {
                    "coord": null,
                    "is_working": true,
                    "name": "Обухово",
                    "rect": null,
                    "text_id": 49,
                    "uid": 47
                },
                {
                    "coord": null,
                    "is_working": true,
                    "name": "Рыбацкое",
                    "rect": null,
                    "text_id": 50,
                    "uid": 48
                }
            ],
            "text_id": 51
        },
        {
            "labels_bg_color": "-1",
            "labels_color": "000000",
            "line_color": "ea7125",
            "line_width": 9,
            "name": "4",
            "segments": [
                [
                    49,
                    50,
                    [
                        [
                            240,
                            48
                        ],
                        [
                            240,
                            18
                        ]
                    ],
                    false
                ],
                [
                    49,
                    51,
                    [
                        [
                            240,
                            90
                        ],
                        [
                            240,
                            18
                        ]
                    ],
                    true
                ],
                [
                    50,
                    51,
                    [
                        [
                            240,
                            90
                        ],
                        [
                            240,
                            48
                        ]
                    ],
                    false
                ],
                [
                    51,
                    52,
                    [
                        [
                            240,
                            130
                        ],
                        [
                            240,
                            90
                        ]
                    ],
                    true
                ],
                [
                    52,
                    53,
                    [
                        [
                            240,
                            170
                        ],
                        [
                            240,
                            130
                        ]
                    ],
                    true
                ],
                [
                    53,
                    54,
                    [
                        [
                            240,
                            210
                        ],
                        [
                            240,
                            170
                        ]
                    ],
                    true
                ],
                [
                    54,
                    55,
                    [
                        [
                            240,
                            250
                        ],
                        [
                            240,
                            210
                        ]
                    ],
                    true
                ],
                [
                    55,
                    56,
                    [
                        [
                            240,
                            290
                        ],
                        [
                            240,
                            250
                        ]
                    ],
                    true
                ],
                [
                    56,
                    57,
                    [
                        [
                            240,
                            330
                        ],
                        [
                            240,
                            290
                        ]
                    ],
                    true
                ],
                [
                    57,
                    58,
                    [
                        [
                            240,
                            370
                        ],
                        [
                            240,
                            330
                        ]
                    ],
                    true
                ]
            ],
            "stations": [
                {
                    "coord": [
                        240,
                        18
                    ],
                    "is_working": true,
                    "name": "Горный институт",
                    "rect": [
                        255,
                        8,
                        83,
                        15
                    ],
                    "text_id": 52,
                    "uid": 49
                },
                {
                    "coord": [
                        240,
                        48
                    ],
                    "is_working": false,
                    "name": "Театральная",
                    "rect": [
                        255,
                        38,
                        83,
                        15
                    ],
                    "text_id": 53,
                    "uid": 50
                },
                {
                    "coord": [
                        240,
                        90
                    ],
                    "is_working": true,
                    "name": "Спасская",
                    "rect": [
                        255,
                        84,
                        64,
                        15
                    ],
                    "text_id": 54,
                    "uid": 51
                },
                {
                    "coord": [
                        240,
                        130
                    ],
                    "is_working": true,
                    "name": "Достоевская",
                    "rect": [
                        255,
                        123,
                        84,
                        15
                    ],
                    "text_id": 55,
                    "uid": 52
                },
                {
                    "coord": [
                        240,
                        170
                    ],
                    "is_working": true,
                    "name": "Лиговский проспект",
                    "rect": [
                        255,
                        157,
                        71,
                        28
                    ],
                    "text_id": 56,
                    "uid": 53
                },
                {
                    "coord": [
                        240,
                        210
                    ],
                    "is_working": true,
                    "name": "Площадь Александра Невского-II",
                    "rect": [
                        255,
                        197,
                        147,
                        28
                    ],
                    "text_id": 57,
                    "uid": 54
                },
                {
                    "coord": [
                        240,
                        250
                    ],
                    "is_working": true,
                    "name": "Новочеркасская",
                    "rect": [
                        255,
                        243,
                        107,
                        15
                    ],
                    "text_id": 58,
                    "uid": 55
                },
                {
                    "coord": [
                        240,
                        290
                    ],
                    "is_working": true,
                    "name": "Ладожская",
                    "rect": [
                        255,
                        283,
                        71,
                        15
                    ],
                    "text_id": 59,
                    "uid": 56
                },
                {
                    "coord": [
                        240,
                        330
                    ],
                    "is_working": true,
                    "name": "Проспект Большевиков",
                    "rect": [
                        255,
                        317,
                        88,
                        28
                    ],
                    "text_id": 60,
                    "uid": 57
                },
                {
                    "coord": [
                        240,
                        370
                    ],
                    "is_working": true,
                    "name": "Улица Дыбенко",
                    "rect": [
                        255,
                        357,
                        56,
                        28
                    ],
                    "text_id": 61,
                    "uid": 58
                }
            ],
            "text_id": 62
        },
        {
            "labels_bg_color": "-1",
            "labels_color": "000000",
            "line_color": "702785",
            "line_width": 9,
            "name": "5",
            "segments": [],
            "stations": [
                {
                    "coord": null,
                    "is_working": true,
                    "name": "Комендантский проспект",
                    "rect": null,
                    "text_id": 63,
                    "uid": 59
                },
                {
                    "coord": null,
                    "is_working": true,
                    "name": "Старая Деревня",
                    "rect": null,
                    "text_id": 64,
                    "uid": 60
                },
                {
                    "coord": null,
                    "is_working": true,
                    "name": "Крестовский остров",
                    "rect": null,
                    "text_id": 65,
                    "uid": 61
                },
                {
                    "coord": null,
                    "is_working": true,
                    "name": "Чкаловская",
                    "rect": null,
                    "text_id": 66,
                    "uid": 62
                },
                {
                    "coord": null,
                    "is_working": true,
                    "name": "Спортивная",
                    "rect": null,
                    "text_id": 67,
                    "uid": 63
                },
                {
                    "coord": null,
                    "is_working": true,
                    "name": "Адмиралтейская",
                    "rect": null,
                    "text_id": 68,
                    "uid": 64
                },
                {
                    "coord": [
                        221,
                        80
                    ],
                    "is_working": true,
                    "name": "Садовая",
                    "rect": [
                        149,
                        71,
                        57,
                        15
                    ],
                    "text_id": 69,
                    "uid": 65
                },
                {
                    "coord": null,
                    "is_working": true,
                    "name": "Звенигородская",
                    "rect": null,
                    "text_id": 70,
                    "uid": 66
                },
                {
                    "coord": null,
                    "is_working": true,
                    "name": "Обводный канал",
                    "rect": null,
                    "text_id": 71,
                    "uid": 67
                },
                {
                    "coord": null,
                    "is_working": true,
                    "name": "Волковская",
                    "rect": null,
                    "text_id": 72,
                    "uid": 68
                },
                {
                    "coord": null,
                    "is_working": true,
                    "name": "Бухарестская",
                    "rect": null,
                    "text_id": 73,
                    "uid": 69
                },
                {
                    "coord": null,
                    "is_working": true,
                    "name": "Международная",
                    "rect": null,
                    "text_id": 74,
                    "uid": 70
                },
                {
                    "coord": null,
                    "is_working": true,
                    "name": "Проспект Славы",
                    "rect": null,
                    "text_id": 75,
                    "uid": 71
                },
                {
                    "coord": null,
                    "is_working": true,
                    "name": "Дунайская",
                    "rect": null,
                    "text_id": 76,
                    "uid": 72
                },
                {
                    "coord": null,
                    "is_working": true,
                    "name": "Шушары",
                    "rect": null,
                    "text_id": 77,
                    "uid": 73
                }
            ],
            "text_id": 78
        },
        {
            "labels_bg_color": "-1",
            "labels_color": "000000",
            "line_color": "666666",
            "line_width": 9,
            "name": "Электричка: Финляндский",
            "segments": [],
            "stations": [
                {
                    "coord": null,
                    "is_working": true,
                    "name": "Финляндский вокзал",
                    "rect": null,
                    "text_id": 385,
                    "uid": 428
                },
                {
                    "coord": null,
                    "is_working": true,
                    "name": "Кушелевка",
                    "rect": null,
                    "text_id": 384,
                    "uid": 429
                },
                {
                    "coord": null,
                    "is_working": true,
                    "name": "Пискарёвка",
                    "rect": null,
                    "text_id": 383,
                    "uid": 430
                },
                {
                    "coord": null,
                    "is_working": true,
                    "name": "Ручьи",
                    "rect": null,
                    "text_id": 417,
                    "uid": 431
                },
                {
                    "coord": null,
                    "is_working": true,
                    "name": "Мурино",
                    "rect": null,
                    "text_id": 418,
                    "uid": 432
                },
                {
                    "coord": null,
                    "is_working": true,
                    "name": "Девяткино",
                    "rect": null,
                    "text_id": 0,
                    "uid": 433
                },
                {
                    "coord": null,
                    "is_working": true,
                    "name": "Лаврики",
                    "rect": null,
                    "text_id": 419,
                    "uid": 434
                },
                {
                    "coord": null,
                    "is_working": true,
                    "name": "Капитолово",
                    "rect": null,
                    "text_id": 420,
                    "uid": 435
                },
                {
                    "coord": null,
                    "is_working": true,
                    "name": "Кузьмолово",
                    "rect": null,
                    "text_id": 421,
                    "uid": 436
                },
                {
                    "coord": null,
                    "is_working": true,
                    "name": "Токсово",
                    "rect": null,
                    "text_id": 422,
                    "uid": 437
                },
                {
                    "coord": null,
                    "is_working": true,
                    "name": "Кавголово",
                    "rect": null,
                    "text_id": 423,
                    "uid": 438
                },
                {
                    "coord": null,
                    "is_working": true,
                    "name": "Осельки",
                    "rect": null,
                    "text_id": 424,
                    "uid": 439
                },
                {
                    "coord": null,
                    "is_working": true,
                    "name": "Пери",
                    "rect": null,
                    "text_id": 425,
                    "uid": 440
                },
                {
                    "coord": null,
                    "is_working": true,
                    "name": "39 км",
                    "rect": null,
                    "text_id": 426,
                    "uid": 441
                },
                {
                    "coord": null,
                    "is_working": true,
                    "name": "Грузино",
                    "rect": null,
                    "text_id": 427,
                    "uid": 442
                },
                {
                    "coord": null,
                    "is_working": true,
                    "name": "47 км",
                    "rect": null,
                    "text_id": 428,
                    "uid": 443
                },
                {
                    "coord": null,
                    "is_working": true,
                    "name": "Васкелово",
                    "rect": null,
                    "text_id": 429,
                    "uid": 444
                },
                {
                    "coord": null,
                    "is_working": true,
                    "name": "54 км",
                    "rect": null,
                    "text_id": 430,
                    "uid": 445
                },
                {
                    "coord": null,
                    "is_working": true,
                    "name": "Лемболово",
                    "rect": null,
                    "text_id": 431,
                    "uid": 446
                },
                {
                    "coord": null,
                    "is_working": true,
                    "name": "Орехово",
                    "rect": null,
                    "text_id": 432,
                    "uid": 447
                },
                {
                    "coord": null,
                    "is_working": true,
                    "name": "67 км",
                    "rect": null,
                    "text_id": 433,
                    "uid": 448
                },
                {
                    "coord": null,
                    "is_working": true,
                    "name": "69 км",
                    "rect": null,
                    "text_id": 434,
                    "uid": 449
                },
                {
                    "coord": null,
                    "is_working": true,
                    "name": "Сосново",
                    "rect": null,
                    "text_id": 435,
                    "uid": 450
                },
                {
                    "coord": null,
                    "is_working": true,
                    "name": "78 км",
                    "rect": null,
                    "text_id": 436,
                    "uid": 451
                },
                {
                    "coord": null,
                    "is_working": true,
                    "name": "Петяярви",
                    "rect": null,
                    "text_id": 437,
                    "uid": 452
                },
                {
                    "coord": null,
                    "is_working": true,
                    "name": "Лосево",
                    "rect": null,
                    "text_id": 438,
                    "uid": 453
                },
                {
                    "coord": null,
                    "is_working": true,
                    "name": "Громово",
                    "rect": null,
                    "text_id": 439,
                    "uid": 454
                },
                {
                    "coord": null,
                    "is_working": true,
                    "name": "Суходолье",
                    "rect": null,
                    "text_id": 440,
                    "uid": 455
                },
                {
                    "coord": null,
                    "is_working": true,
                    "name": "Отрадное",
                    "rect": null,
                    "text_id": 441,
                    "uid": 456
                },
                {
                    "coord": null,
                    "is_working": true,
                    "name": "Мюллюпельто",
                    "rect": null,
                    "text_id": 442,
                    "uid": 457
                },
                {
                    "coord": null,
                    "is_working": true,
                    "name": "Синево",
                    "rect": null,
                    "text_id": 443,
                    "uid": 458
                },
                {
                    "coord": null,
                    "is_working": true,
                    "name": "Приозерск",
                    "rect": null,
                    "text_id": 444,
                    "uid": 459
                },
                {
                    "coord": null,
                    "is_working": true,
                    "name": "148 км",
                    "rect": null,
                    "text_id": 445,
                    "uid": 460
                },
                {
                    "coord": null,
                    "is_working": true,
                    "name": "152 км Боровое",
                    "rect": null,
                    "text_id": 446,
                    "uid": 461
                },
                {
                    "coord": null,
                    "is_working": true,
                    "name": "Кузнечное",
                    "rect": null,
                    "text_id": 447,
                    "uid": 462
                },
                {
                    "coord": null,
                    "is_working": true,
                    "name": "Ланская",
                    "rect": null,
                    "text_id": 448,
                    "uid": 463
                },
                {
                    "coord": null,
                    "is_working": true,
                    "name": "Удельная",
                    "rect": null,
                    "text_id": 23,
                    "uid": 464
                },
                {
                    "coord": null,
                    "is_working": true,
                    "name": "Озерки",
                    "rect": null,
                    "text_id": 22,
                    "uid": 465
                },
                {
                    "coord": null,
                    "is_working": true,
                    "name": "Шувалово",
                    "rect": null,
                    "text_id": 449,
                    "uid": 466
                },
                {
                    "coord": null,
                    "is_working": true,
                    "name": "Парголово",
                    "rect": null,
                    "text_id": 450,
                    "uid": 467
                },
                {
                    "coord": null,
                    "is_working": true,
                    "name": "Левашово",
                    "rect": null,
                    "text_id": 451,
                    "uid": 468
                },
                {
                    "coord": null,
                    "is_working": true,
                    "name": "Песочная",
                    "rect": null,
                    "text_id": 452,
                    "uid": 469
                },
                {
                    "coord": null,
                    "is_working": true,
                    "name": "Дибуны",
                    "rect": null,
                    "text_id": 453,
                    "uid": 470
                },
                {
                    "coord": null,
                    "is_working": true,
                    "name": "Белоостров",
                    "rect": null,
                    "text_id": 454,
                    "uid": 471
                },
                {
                    "coord": null,
                    "is_working": true,
                    "name": "Солнечное",
                    "rect": null,
                    "text_id": 455,
                    "uid": 472
                },
                {
                    "coord": null,
                    "is_working": true,
                    "name": "Репино",
                    "rect": null,
                    "text_id": 456,
                    "uid": 473
                },
                {
                    "coord": null,
                    "is_working": true,
                    "name": "Комарово",
                    "rect": null,
                    "text_id": 457,
                    "uid": 474
                },
                {
                    "coord": null,
                    "is_working": true,
                    "name": "Зеленогорск",
                    "rect": null,
                    "text_id": 458,
                    "uid": 475
                },
                {
                    "coord": null,
                    "is_working": true,
                    "name": "Ушково",
                    "rect": null,
                    "text_id": 459,
                    "uid": 476
                },
                {
                    "coord": null,
                    "is_working": true,
                    "name": "Рощино",
                    "rect": null,
                    "text_id": 460,
                    "uid": 477
                },
                {
                    "coord": null,
                    "is_working": true,
                    "name": "63 км",
                    "rect": null,
                    "text_id": 186,
                    "uid": 478
                },
                {
                    "coord": null,
                    "is_working": true,
                    "name": "Горьковское",
                    "rect": null,
                    "text_id": 461,
                    "uid": 479
                },
                {
                    "coord": null,
                    "is_working": true,
                    "name": "Шевелево",
                    "rect": null,
                    "text_id": 462,
                    "uid": 480
                },
                {
                    "coord": null,
                    "is_working": true,
                    "name": "Каннельярви",
                    "rect": null,
                    "text_id": 463,
                    "uid": 481
                },
                {
                    "coord": null,
                    "is_working": true,
                    "name": "Заходское",
                    "rect": null,
                    "text_id": 464,
                    "uid": 482
                },
                {
                    "coord": null,
                    "is_working": true,
                    "name": "Кирилловское",
                    "rect": null,
                    "text_id": 465,
                    "uid": 483
                },
                {
                    "coord": null,
                    "is_working": true,
                    "name": "Лейпясуо",
                    "rect": null,
                    "text_id": 466,
                    "uid": 484
                },
                {
                    "coord": null,
                    "is_working": true,
                    "name": "Гаврилово",
                    "rect": null,
                    "text_id": 467,
                    "uid": 485
                },
                {
                    "coord": null,
                    "is_working": true,
                    "name": "Лебедевка",
                    "rect": null,
                    "text_id": 468,
                    "uid": 486
                },
                {
                    "coord": null,
                    "is_working": true,
                    "name": "117 км",
                    "rect": null,
                    "text_id": 196,
                    "uid": 487
                },
                {
                    "coord": null,
                    "is_working": true,
                    "name": "Верхне-Черкасово",
                    "rect": null,
                    "text_id": 469,
                    "uid": 488
                },
                {
                    "coord": null,
                    "is_working": true,
                    "name": "Лазаревка",
                    "rect": null,
                    "text_id": 470,
                    "uid": 489
                },
                {
                    "coord": null,
                    "is_working": true,
                    "name": "Выборг",
                    "rect": null,
                    "text_id": 471,
                    "uid": 490
                },
                {
                    "coord": null,
                    "is_working": true,
                    "name": "Новая Деревня",
                    "rect": null,
                    "text_id": 472,
                    "uid": 491
                },
                {
                    "coord": null,
                    "is_working": true,
                    "name": "Старая Деревня",
                    "rect": null,
                    "text_id": 64,
                    "uid": 492
                },
                {
                    "coord": null,
                    "is_working": true,
                    "name": "Яхтенная",
                    "rect": null,
                    "text_id": 473,
                    "uid": 493
                },
                {
                    "coord": null,
                    "is_working": true,
                    "name": "Лахта",
                    "rect": null,
                    "text_id": 474,
                    "uid": 494
                },
                {
                    "coord": null,
                    "is_working": true,
                    "name": "Ольгино",
                    "rect": null,
                    "text_id": 475,
                    "uid": 495
                },
                {
                    "coord": null,
                    "is_working": true,
                    "name": "Лисий Нос",
                    "rect": null,
                    "text_id": 476,
                    "uid": 496
                },
                {
                    "coord": null,
                    "is_working": true,
                    "name": "Горская",
                    "rect": null,
                    "text_id": 477,
                    "uid": 497
                },
                {
                    "coord": null,
                    "is_working": true,
                    "name": "Александровская",
                    "rect": null,
                    "text_id": 128,
                    "uid": 498
                },
                {
                    "coord": null,
                    "is_working": true,
                    "name": "Тарховка",
                    "rect": null,
                    "text_id": 478,
                    "uid": 499
                },
                {
                    "coord": null,
                    "is_working": true,
                    "name": "Разлив",
                    "rect": null,
                    "text_id": 479,
                    "uid": 500
                },
                {
                    "coord": null,
                    "is_working": true,
                    "name": "Сестрорецк",
                    "rect": null,
                    "text_id": 480,
                    "uid": 501
                },
                {
                    "coord": null,
                    "is_working": true,
                    "name": "Курорт",
                    "rect": null,
                    "text_id": 481,
                    "uid": 502
                },
                {
                    "coord": [
                        210,
                        290
                    ],
                    "is_working": true,
                    "name": "Ладожский вокзал",
                    "rect": [
                        121,
                        277,
                        73,
                        28
                    ],
                    "text_id": 382,
                    "uid": 503
                },
                {
                    "coord": null,
                    "is_working": true,
                    "name": "Молодёжная",
                    "rect": null,
                    "text_id": 482,
                    "uid": 504
                },
                {
                    "coord": null,
                    "is_working": true,
                    "name": "Приветненское",
                    "rect": null,
                    "text_id": 483,
                    "uid": 505
                },
                {
                    "coord": null,
                    "is_working": true,
                    "name": "70 км",
                    "rect": null,
                    "text_id": 484,
                    "uid": 506
                },
                {
                    "coord": null,
                    "is_working": true,
                    "name": "72 км",
                    "rect": null,
                    "text_id": 485,
                    "uid": 507
                },
                {
                    "coord": null,
                    "is_working": true,
                    "name": "Местерьярви",
                    "rect": null,
                    "text_id": 486,
                    "uid": 508
                },
                {
                    "coord": null,
                    "is_working": true,
                    "name": "Яппиля",
                    "rect": null,
                    "text_id": 487,
                    "uid": 509
                },
                {
                    "coord": null,
                    "is_working": true,
                    "name": "86 км",
                    "rect": null,
                    "text_id": 488,
                    "uid": 510
                },
                {
                    "coord": null,
                    "is_working": true,
                    "name": "Тарасовское",
                    "rect": null,
                    "text_id": 489,
                    "uid": 511
                },
                {
                    "coord": null,
                    "is_working": true,
                    "name": "Куолемаярви",
                    "rect": null,
                    "text_id": 490,
                    "uid": 512
                },
                {
                    "coord": null,
                    "is_working": true,
                    "name": "106 км",
                    "rect": null,
                    "text_id": 234,
                    "uid": 513
                },
                {
                    "coord": null,
                    "is_working": true,
                    "name": "Ермилово",
                    "rect": null,
                    "text_id": 491,
                    "uid": 514
                },
                {
                    "coord": null,
                    "is_working": true,
                    "name": "Приморск",
                    "rect": null,
                    "text_id": 492,
                    "uid": 515
                },
                {
                    "coord": null,
                    "is_working": true,
                    "name": "Бор",
                    "rect": null,
                    "text_id": 493,
                    "uid": 516
                },
                {
                    "coord": null,
                    "is_working": true,
                    "name": "Прибылово",
                    "rect": null,
                    "text_id": 494,
                    "uid": 517
                },
                {
                    "coord": null,
                    "is_working": true,
                    "name": "Советский",
                    "rect": null,
                    "text_id": 495,
                    "uid": 518
                },
                {
                    "coord": null,
                    "is_working": true,
                    "name": "Попово",
                    "rect": null,
                    "text_id": 496,
                    "uid": 519
                },
                {
                    "coord": null,
                    "is_working": true,
                    "name": "Матросово",
                    "rect": null,
                    "text_id": 497,
                    "uid": 520
                },
                {
                    "coord": null,
                    "is_working": true,
                    "name": "Соколинское",
                    "rect": null,
                    "text_id": 498,
                    "uid": 521
                },
                {
                    "coord": null,
                    "is_working": true,
                    "name": "Ржевка",
                    "rect": null,
                    "text_id": 499,
                    "uid": 522
                },
                {
                    "coord": null,
                    "is_working": true,
                    "name": "Ковалёво Пост",
                    "rect": null,
                    "text_id": 500,
                    "uid": 523
                },
                {
                    "coord": null,
                    "is_working": true,
                    "name": "Ковалёво",
                    "rect": null,
                    "text_id": 501,
                    "uid": 524
                },
                {
                    "coord": null,
                    "is_working": true,
                    "name": "Бернгардовка",
                    "rect": null,
                    "text_id": 502,
                    "uid": 525
                },
                {
                    "coord": null,
                    "is_working": true,
                    "name": "Всеволожская",
                    "rect": null,
                    "text_id": 503,
                    "uid": 526
                },
                {
                    "coord": null,
                    "is_working": true,
                    "name": "Мельничный Ручей",
                    "rect": null,
                    "text_id": 504,
                    "uid": 527
                },
                {
                    "coord": null,
                    "is_working": true,
                    "name": "Романовка",
                    "rect": null,
                    "text_id": 505,
                    "uid": 528
                },
                {
                    "coord": null,
                    "is_working": true,
                    "name": "Корнево",
                    "rect": null,
                    "text_id": 506,
                    "uid": 529
                },
                {
                    "coord": null,
                    "is_working": true,
                    "name": "Проба",
                    "rect": null,
                    "text_id": 507,
                    "uid": 530
                },
                {
                    "coord": null,
                    "is_working": true,
                    "name": "Рахья",
                    "rect": null,
                    "text_id": 508,
                    "uid": 531
                },
                {
                    "coord": null,
                    "is_working": true,
                    "name": "Ириновка",
                    "rect": null,
                    "text_id": 509,
                    "uid": 532
                },
                {
                    "coord": null,
                    "is_working": true,
                    "name": "Борисова Грива",
                    "rect": null,
                    "text_id": 510,
                    "uid": 533
                },
                {
                    "coord": null,
                    "is_working": true,
                    "name": "Ваганово",
                    "rect": null,
                    "text_id": 511,
                    "uid": 534
                },
                {
                    "coord": null,
                    "is_working": true,
                    "name": "44 км",
                    "rect": null,
                    "text_id": 512,
                    "uid": 535
                },
                {
                    "coord": null,
                    "is_working": true,
                    "name": "Ладожское Озеро",
                    "rect": null,
                    "text_id": 513,
                    "uid": 536
                },
                {
                    "coord": null,
                    "is_working": true,
                    "name": "Щеглово",
                    "rect": null,
                    "text_id": 514,
                    "uid": 537
                },
                {
                    "coord": null,
                    "is_working": true,
                    "name": "Кирпичный Завод",
                    "rect": null,
                    "text_id": 515,
                    "uid": 538
                },
                {
                    "coord": null,
                    "is_working": true,
                    "name": "Радченко",
                    "rect": null,
                    "text_id": 516,
                    "uid": 539
                },
                {
                    "coord": null,
                    "is_working": true,
                    "name": "Дунай",
                    "rect": null,
                    "text_id": 517,
                    "uid": 540
                },
                {
                    "coord": null,
                    "is_working": true,
                    "name": "19 км",
                    "rect": null,
                    "text_id": 518,
                    "uid": 541
                },
                {
                    "coord": null,
                    "is_working": true,
                    "name": "21 км",
                    "rect": null,
                    "text_id": 519,
                    "uid": 542
                },
                {
                    "coord": null,
                    "is_working": true,
                    "name": "Петрокрепость",
                    "rect": null,
                    "text_id": 520,
                    "uid": 543
                },
                {
                    "coord": null,
                    "is_working": true,
                    "name": "Сады",
                    "rect": null,
                    "text_id": 521,
                    "uid": 544
                },
                {
                    "coord": null,
                    "is_working": true,
                    "name": "Чёрная Речка",
                    "rect": null,
                    "text_id": 522,
                    "uid": 545
                },
                {
                    "coord": null,
                    "is_working": true,
                    "name": "Теплобетонная",
                    "rect": null,
                    "text_id": 523,
                    "uid": 546
                },
                {
                    "coord": null,
                    "is_working": true,
                    "name": "37 км",
                    "rect": null,
                    "text_id": 524,
                    "uid": 547
                },
                {
                    "coord": null,
                    "is_working": true,
                    "name": "Невская Дубровка",
                    "rect": null,
                    "text_id": 525,
                    "uid": 548
                }
            ],
            "text_id": 526
        }
    ],
    "lines_width": 9,
    "name": "4",
    "name_text_id": 62,
    "stations_diameter": 16.0,
    "transfers": [
        [
            52,
            10,
            [
                240,
                130
            ],
            [
                221,
                130
            ]
        ],
        [
            27,
            41,
            null,
            null
        ],
        [
            9,
            42,
            null,
            [
                221,
                210
            ]
        ],
        [
            43,
            54,
            null,
            [
                240,
                210
            ]
        ],
        [
            11,
            66,
            null,
            null
        ],
        [
            65,
            28,
            [
                221,
                80
            ],
            [
                221,
                101
            ]
        ],
        [
            51,
            65,
            [
                240,
                90
            ],
            [
                221,
                80
            ]
        ],
        [
            51,
            28,
            [
                240,
                90
            ],
            [
                221,
                101
            ]
        ],
        [
            12,
            29,
            null,
            null
        ],
        [
            0,
            433,
            null,
            null
        ],
        [
            56,
            503,
            [
                240,
                290
            ],
            [
                210,
                290
            ]
        ],
        [
            60,
            492,
            null,
            null
        ],
        [
            22,
            464,
            null,
            null
        ],
        [
            7,
            428,
            null,
            null
        ]
    ],
    "transports": [
        "metro",
        "train"
    ],
    "type_name": "Метро",
    "type_text_id": 568,
    "upper_case": true,
    "width": 390,
    "word_wrap": true
}