{
    "default_transports": [
        "metro"
    ],
    "height": 756,
    "images": [
        "res/schemes/5.svg"
    ],
    "is_vector": true,
    "lines": [
        {
            "labels_bg_color": "-1",
            "labels_color": "000000",
            "line_color": "D6083B",
            "line_width": 9,
            "name": "1",
            "segments": [],
            "stations": [
                {
                    "coord": null,
                    "is_working": true,
                    "name": "Девяткино",
                    "rect": null,
                    "text_id": 0,
                    "uid": 0
                },
                {
                    "coord": null,
                    "is_working": true,
                    "name": "Гражданский проспект",
                    "rect": null,
                    "text_id": 1,
                    "uid": 1
                },
                {
                    "coord": null,
                    "is_working": true,
                    "name": "Академическая",
                    "rect": null,
                    "text_id": 2,
                    "uid": 2
                },
                {
                    "coord": null,
                    "is_working": true,
                    "name": "Политехническая",
                    "rect": null,
                    "text_id": 3,
                    "uid": 3
                },
                {
                    "coord": null,
                    "is_working": true,
                    "name": "Площадь Мужества",
                    "rect": null,
                    "text_id": 4,
                    "uid": 4
                },
                {
                    "coord": null,
                    "is_working": true,
                    "name": "Лесная",
                    "rect": null,
                    "text_id": 5,
                    "uid": 5
                },
                {
                    "coord": null,
                    "is_working": true,
                    "name": "Выборгская",
                    "rect": null,
                    "text_id": 6,
                    "uid": 6
                },
                {
                    "coord": null,
                    "is_working": true,
                    "name": "Площадь Ленина",
                    "rect": null,
                    "text_id": 7,
                    "uid": 7
                },
                {
                    "coord": null,
                    "is_working": true,
                    "name": "Чернышевская",
                    "rect": null,
                    "text_id": 8,
                    "uid": 8
                },
                {
                    "coord": null,
                    "is_working": true,
                    "name": "Площадь Восстания",
                    "rect": null,
                    "text_id": 9,
                    "uid": 9
                },
                {
                    "coord": null,
                    "is_working": true,
                    "name": "Владимирская",
                    "rect": null,
                    "text_id": 10,
                    "uid": 10
                },
                {
                    "coord": [
                        212,
                        326
                    ],
                    "is_working": true,
                    "name": "Пушкинская",
                    "rect": [
                        119,
                        319,
                        78,
                        15
                    ],
                    "text_id": 11,
                    "uid": 11
                },
                {
                    "coord": null,
                    "is_working": true,
                    "name": "Технологический институт-I",
                    "rect": null,
                    "text_id": 12,
                    "uid": 12
                },
                {
                    "coord": null,
                    "is_working": true,
                    "name": "Балтийская",
                    "rect": null,
                    "text_id": 13,
                    "uid": 13
                },
                {
                    "coord": null,
                    "is_working": true,
                    "name": "Нарвская",
                    "rect": null,
                    "text_id": 14,
                    "uid": 14
                },
                {
                    "coord": null,
                    "is_working": true,
                    "name": "Кировский завод",
                    "rect": null,
                    "text_id": 15,
                    "uid": 15
                },
                {
                    "coord": null,
                    "is_working": true,
                    "name": "Автово",
                    "rect": null,
                    "text_id": 16,
                    "uid": 16
                },
                {
                    "coord": null,
                    "is_working": true,
                    "name": "Ленинский проспект",
                    "rect": null,
                    "text_id": 17,
                    "uid": 17
                },
                {
                    "coord": null,
                    "is_working": true,
                    "name": "Проспект Ветеранов",
                    "rect": null,
                    "text_id": 18,
                    "uid": 18
                }
            ],
            "text_id": 19
        },
        {
            "labels_bg_color": "-1",
            "labels_color": "000000",
            "line_color": "0078c9",
            "line_width": 9,
            "name": "2",
            "segments": [],
            "stations": [
                {
                    "coord": null,
                    "is_working": true,
                    "name": "Парнас",
                    "rect": null,
                    "text_id": 20,
                    "uid": 19
                },
                {
                    "coord": null,
                    "is_working": true,
                    "name": "Проспект Просвещения",
                    "rect": null,
                    "text_id": 21,
                    "uid": 20
                },
                {
                    "coord": null,
                    "is_working": true,
                    "name": "Озерки",
                    "rect": null,
                    "text_id": 22,
                    "uid": 21
                },
                {
                    "coord": null,
                    "is_working": true,
                    "name": "Удельная",
                    "rect": null,
                    "text_id": 23,
                    "uid": 22
                },
                {
                    "coord": null,
                    "is_working": true,
                    "name": "Пионерская",
                    "rect": null,
                    "text_id": 24,
                    "uid": 23
                },
                {
                    "coord": null,
                    "is_working": true,
                    "name": "Чёрная речка",
                    "rect": null,
                    "text_id": 25,
                    "uid": 24
                },
                {
                    "coord": null,
                    "is_working": true,
                    "name": "Петроградская",
                    "rect": null,
                    "text_id": 26,
                    "uid": 25
                },
                {
                    "coord": null,
                    "is_working": true,
                    "name": "Горьковская",
                    "rect": null,
                    "text_id": 27,
                    "uid": 26
                },
                {
                    "coord": null,
                    "is_working": true,
                    "name": "Невский проспект",
                    "rect": null,
                    "text_id": 28,
                    "uid": 27
                },
                {
                    "coord": [
                        212,
                        278
                    ],
                    "is_working": true,
                    "name": "Сенная площадь",
                    "rect": [
                        138,
                        261,
                        59,
                        28
                    ],
                    "text_id": 29,
                    "uid": 28
                },
                {
                    "coord": null,
                    "is_working": true,
                    "name": "Технологический институт-II",
                    "rect": null,
                    "text_id": 30,
                    "uid": 29
                },
                {
                    "coord": null,
                    "is_working": true,
                    "name": "Фрунзенская",
                    "rect": null,
                    "text_id": 31,
                    "uid": 30
                },
                {
                    "coord": null,
                    "is_working": true,
                    "name": "Московские ворота",
                    "rect": null,
                    "text_id": 32,
                    "uid": 31
                },
                {
                    "coord": null,
                    "is_working": true,
                    "name": "Электросила",
                    "rect": null,
                    "text_id": 33,
                    "uid": 32
                },
                {
                    "coord": null,
                    "is_working": true,
                    "name": "Парк Победы",
                    "rect": null,
                    "text_id": 34,
                    "uid": 33
                },
                {
                    "coord": null,
                    "is_working": true,
                    "name": "Московская",
                    "rect": null,
                    "text_id": 35,
                    "uid": 34
                },
                {
                    "coord": null,
                    "is_working": true,
                    "name": "Звёздная",
                    "rect": null,
                    "text_id": 36,
                    "uid": 35
                },
                {
                    "coord": null,
                    "is_working": true,
                    "name": "Купчино",
                    "rect": null,
                    "text_id": 37,
                    "uid": 36
                }
            ],
            "text_id": 38
        },
        {
            "labels_bg_color": "-1",
            "labels_color": "000000",
            "line_color": "ea7125",
            "line_width": 9,
            "name": "4",
            "segments": [],
            "stations": [
                {
                    "coord": null,
                    "is_working": true,
                    "name": "Горный институт",
                    "rect": null,
                    "text_id": 52,
                    "uid": 49
                },
                {
                    "coord": null,
                    "is_working": false,
                    "name": "Театральная",
                    "rect": null,
                    "text_id": 53,
                    "uid": 50
                },
                {
                    "coord": [
                        212,
                        297
                    ],
                    "is_working": true,
                    "name": "Спасская",
                    "rect": [
                        133,
                        292,
                        64,
                        15
                    ],
                    "text_id": 54,
                    "uid": 51
                },
                {
                    "coord": null,
                    "is_working": true,
                    "name": "Достоевская",
                    "rect": null,
                    "text_id": 55,
                    "uid": 52
                },
                {
                    "coord": null,
                    "is_working": true,
                    "name": "Лиговский проспект",
                    "rect": null,
                    "text_id": 56,
                    "uid": 53
                },
                {
                    "coord": null,
                    "is_working": true,
                    "name": "Площадь Александра Невского-II",
                    "rect": null,
                    "text_id": 57,
                    "uid": 54
                },
                {
                    "coord": null,
                    "is_working": true,
                    "name": "Новочеркасская",
                    "rect": null,
                    "text_id": 58,
                    "uid": 55
                },
                {
                    "coord": null,
                    "is_working": true,
                    "name": "Ладожская",
                    "rect": null,
                    "text_id": 59,
                    "uid": 56
                },
                {
                    "coord": null,
                    "is_working": true,
                    "name": "Проспект Большевиков",
                    "rect": null,
                    "text_id": 60,
                    "uid": 57
                },
                {
                    "coord": null,
                    "is_working": true,
                    "name": "Улица Дыбенко",
                    "rect": null,
                    "text_id": 61,
                    "uid": 58
                }
            ],
            "text_id": 62
        },
        {
            "labels_bg_color": "-1",
            "labels_color": "000000",
            "line_color": "702785",
            "line_width": 9,
            "name": "5",
            "segments": [
                [
                    59,
                    60,
                    [
                        [
                            233,
                            84
                        ],
                        [
                            233,
                            44
                        ]
                    ],
                    true
                ],
                [
                    60,
                    61,
                    [
                        [
                            233,
                            124
                        ],
                        [
                            233,
                            84
                        ]
                    ],
                    true
                ],
                [
                    61,
                    62,
                    [
                        [
                            233,
                            164
                        ],
                        [
                            233,
                            124
                        ]
                    ],
                    true
                ],
                [
                    62,
                    63,
                    [
                        [
                            233,
                            204
                        ],
                        [
                            233,
                            164
                        ]
                    ],
                    true
                ],
                [
                    63,
                    64,
                    [
                        [
                            233,
                            245
                        ],
                        [
                            233,
                            204
                        ]
                    ],
                    true
                ],
                [
                    64,
                    65,
                    [
                        [
                            233,
                            286
                        ],
                        [
                            233,
                            245
                        ]
                    ],
                    true
                ],
                [
                    65,
                    66,
                    [
                        [
                            233,
                            326
                        ],
                        [
                            233,
                            286
                        ]
                    ],
                    true
                ],
                [
                    66,
                    67,
                    [
                        [
                            233,
                            365
                        ],
                        [
                            233,
                            326
                        ]
                    ],
                    true
                ],
                [
                    67,
                    68,
                    [
                        [
                            233,
                            406
                        ],
                        [
                            233,
                            365
                        ]
                    ],
                    true
                ],
                [
                    68,
                    69,
                    [
                        [
                            233,
                            446
                        ],
                        [
                            233,
                            406
                        ]
                    ],
                    true
                ],
                [
                    69,
                    70,
                    [
                        [
                            233,
                            486
                        ],
                        [
                            233,
                            446
                        ]
                    ],
                    true
                ],
                [
                    70,
                    71,
                    [
                        [
                            233,
                            526
                        ],
                        [
                            233,
                            486
                        ]
                    ],
                    true
                ],
                [
                    71,
                    72,
                    [
                        [
                            233,
                            566
                        ],
                        [
                            233,
                            526
                        ]
                    ],
                    true
                ],
                [
                    72,
                    73,
                    [
                        [
                            233,
                            606
                        ],
                        [
                            233,
                            566
                        ]
                    ],
                    true
                ]
            ],
            "stations": [
                {
                    "coord": [
                        233,
                        44
                    ],
                    "is_working": true,
                    "name": "Комендантский проспект",
                    "rect": [
                        246,
                        31,
                        101,
                        28
                    ],
                    "text_id": 63,
                    "uid": 59
                },
                {
                    "coord": [
                        233,
                        84
                    ],
                    "is_working": true,
                    "name": "Старая Деревня",
                    "rect": [
                        246,
                        71,
                        54,
                        28
                    ],
                    "text_id": 64,
                    "uid": 60
                },
                {
                    "coord": [
                        233,
                        124
                    ],
                    "is_working": true,
                    "name": "Крестовский остров",
                    "rect": [
                        246,
                        110,
                        84,
                        28
                    ],
                    "text_id": 65,
                    "uid": 61
                },
                {
                    "coord": [
                        233,
                        164
                    ],
                    "is_working": true,
                    "name": "Чкаловская",
                    "rect": [
                        246,
                        157,
                        76,
                        15
                    ],
                    "text_id": 66,
                    "uid": 62
                },
                {
                    "coord": [
                        233,
                        204
                    ],
                    "is_working": true,
                    "name": "Спортивная",
                    "rect": [
                        246,
                        197,
                        79,
                        15
                    ],
                    "text_id": 67,
                    "uid": 63
                },
                {
                    "coord": [
                        233,
                        245
                    ],
                    "is_working": true,
                    "name": "Адмиралтейская",
                    "rect": [
                        246,
                        238,
                        107,
                        15
                    ],
                    "text_id": 68,
                    "uid": 64
                },
                {
                    "coord": [
                        233,
                        286
                    ],
                    "is_working": true,
                    "name": "Садовая",
                    "rect": [
                        246,
                        279,
                        57,
                        15
                    ],
                    "text_id": 69,
                    "uid": 65
                },
                {
                    "coord": [
                        233,
                        326
                    ],
                    "is_working": true,
                    "name": "Звенигородская",
                    "rect": [
                        246,
                        319,
                        106,
                        15
                    ],
                    "text_id": 70,
                    "uid": 66
                },
                {
                    "coord": [
                        233,
                        365
                    ],
                    "is_working": true,
                    "name": "Обводный канал",
                    "rect": [
                        246,
                        352,
                        69,
                        28
                    ],
                    "text_id": 71,
                    "uid": 67
                },
                {
                    "coord": [
                        233,
                        406
                    ],
                    "is_working": true,
                    "name": "Волковская",
                    "rect": [
                        246,
                        399,
                        77,
                        15
                    ],
                    "text_id": 72,
                    "uid": 68
                },
                {
                    "coord": [
                        233,
                        446
                    ],
                    "is_working": true,
                    "name": "Бухарестская",
                    "rect": [
                        246,
                        439,
                        89,
                        15
                    ],
                    "text_id": 73,
                    "uid": 69
                },
                {
                    "coord": [
                        233,
                        486
                    ],
                    "is_working": true,
                    "name": "Международная",
                    "rect": [
                        246,
                        479,
                        102,
                        15
                    ],
                    "text_id": 74,
                    "uid": 70
                },
                {
                    "coord": [
                        233,
                        526
                    ],
                    "is_working": true,
                    "name": "Проспект Славы",
                    "rect": [
                        246,
                        519,
                        102,
                        15
                    ],
                    "text_id": 75,
                    "uid": 71
                },
                {
                    "coord": [
                        233,
                        566
                    ],
                    "is_working": true,
                    "name": "Дунайская",
                    "rect": [
                        246,
                        559,
                        102,
                        15
                    ],
                    "text_id": 76,
                    "uid": 72
                },
                {
                    "coord": [
                        233,
                        606
                    ],
                    "is_working": true,
                    "name": "Шушары",
                    "rect": [
                        246,
                        599,
                        102,
                        15
                    ],
                    "text_id": 77,
                    "uid": 73
                }
            ],
            "text_id": 78
        },
        {
            "labels_bg_color": "-1",
            "labels_color": "000000",
            "line_color": "8d5b2d",
            "line_width": 9,
            "name": "6",
            "segments": [],
            "stations": [
                {
                    "coord": null,
                    "is_working": false,
                    "name": "Юго-Западная",
                    "rect": null,
                    "text_id": 79,
                    "uid": 74
                },
                {
                    "coord": null,
                    "is_working": false,
                    "name": "Путиловская",
                    "rect": null,
                    "text_id": 80,
                    "uid": 75
                },
                {
                    "coord": null,
                    "is_working": false,
                    "name": "Броневая",
                    "rect": null,
                    "text_id": 81,
                    "uid": 76
                },
                {
                    "coord": null,
                    "is_working": false,
                    "name": "Заставская",
                    "rect": null,
                    "text_id": 82,
                    "uid": 77
                },
                {
                    "coord": null,
                    "is_working": false,
                    "name": "Боровая",
                    "rect": null,
                    "text_id": 83,
                    "uid": 78
                },
                {
                    "coord": [
                        214,
                        365
                    ],
                    "is_working": false,
                    "name": "Каретная",
                    "rect": [
                        130,
                        352,
                        69,
                        28
                    ],
                    "text_id": 84,
                    "uid": 79
                }
            ],
            "text_id": 85
        }
    ],
    "lines_width": 9,
    "name": "5",
    "name_text_id": 78,
    "stations_diameter": 16.0,
    "transfers": [
        [
            79,
            67,
            [
                214,
                365
            ],
            [
                233,
                365
            ]
        ],
        [
            77,
            31,
            null,
            null
        ],
        [
            75,
            15,
            null,
            null
        ],
        [
            52,
            10,
            null,
            null
        ],
        [
            11,
            66,
            [
                212,
                326
            ],
            [
                233,
                326
            ]
        ],
        [
            65,
            28,
            [
                233,
                286
            ],
            [
                212,
                278
            ]
        ],
        [
            51,
            65,
            [
                212,
                297
            ],
            [
                233,
                286
            ]
        ],
        [
            51,
            28,
            [
                212,
                297
            ],
            [
                212,
                278
            ]
        ],
        [
            12,
            29,
            null,
            null
        ]
    ],
    "transports": [
        "metro",
        "train"
    ],
    "type_name": "Метро",
    "type_text_id": 568,
    "upper_case": true,
    "width": 383,
    "word_wrap": true
}