{
    "default_transports": [
        "metro"
    ],
    "height": 410,
    "images": [
        "res/schemes/6.svg"
    ],
    "is_vector": true,
    "lines": [
        {
            "labels_bg_color": "-1",
            "labels_color": "000000",
            "line_color": "D6083B",
            "line_width": 9,
            "name": "1",
            "segments": [],
            "stations": [
                {
                    "coord": null,
                    "is_working": true,
                    "name": "Девяткино",
                    "rect": null,
                    "text_id": 0,
                    "uid": 0
                },
                {
                    "coord": null,
                    "is_working": true,
                    "name": "Гражданский проспект",
                    "rect": null,
                    "text_id": 1,
                    "uid": 1
                },
                {
                    "coord": null,
                    "is_working": true,
                    "name": "Академическая",
                    "rect": null,
                    "text_id": 2,
                    "uid": 2
                },
                {
                    "coord": null,
                    "is_working": true,
                    "name": "Политехническая",
                    "rect": null,
                    "text_id": 3,
                    "uid": 3
                },
                {
                    "coord": null,
                    "is_working": true,
                    "name": "Площадь Мужества",
                    "rect": null,
                    "text_id": 4,
                    "uid": 4
                },
                {
                    "coord": null,
                    "is_working": true,
                    "name": "Лесная",
                    "rect": null,
                    "text_id": 5,
                    "uid": 5
                },
                {
                    "coord": null,
                    "is_working": true,
                    "name": "Выборгская",
                    "rect": null,
                    "text_id": 6,
                    "uid": 6
                },
                {
                    "coord": null,
                    "is_working": true,
                    "name": "Площадь Ленина",
                    "rect": null,
                    "text_id": 7,
                    "uid": 7
                },
                {
                    "coord": null,
                    "is_working": true,
                    "name": "Чернышевская",
                    "rect": null,
                    "text_id": 8,
                    "uid": 8
                },
                {
                    "coord": null,
                    "is_working": true,
                    "name": "Площадь Восстания",
                    "rect": null,
                    "text_id": 9,
                    "uid": 9
                },
                {
                    "coord": null,
                    "is_working": true,
                    "name": "Владимирская",
                    "rect": null,
                    "text_id": 10,
                    "uid": 10
                },
                {
                    "coord": null,
                    "is_working": true,
                    "name": "Пушкинская",
                    "rect": null,
                    "text_id": 11,
                    "uid": 11
                },
                {
                    "coord": null,
                    "is_working": true,
                    "name": "Технологический институт-I",
                    "rect": null,
                    "text_id": 12,
                    "uid": 12
                },
                {
                    "coord": null,
                    "is_working": true,
                    "name": "Балтийская",
                    "rect": null,
                    "text_id": 13,
                    "uid": 13
                },
                {
                    "coord": null,
                    "is_working": true,
                    "name": "Нарвская",
                    "rect": null,
                    "text_id": 14,
                    "uid": 14
                },
                {
                    "coord": [
                        211,
                        100
                    ],
                    "is_working": true,
                    "name": "Кировский завод",
                    "rect": [
                        124,
                        86,
                        71,
                        28
                    ],
                    "text_id": 15,
                    "uid": 15
                },
                {
                    "coord": null,
                    "is_working": true,
                    "name": "Автово",
                    "rect": null,
                    "text_id": 16,
                    "uid": 16
                },
                {
                    "coord": null,
                    "is_working": true,
                    "name": "Ленинский проспект",
                    "rect": null,
                    "text_id": 17,
                    "uid": 17
                },
                {
                    "coord": null,
                    "is_working": true,
                    "name": "Проспект Ветеранов",
                    "rect": null,
                    "text_id": 18,
                    "uid": 18
                }
            ],
            "text_id": 19
        },
        {
            "labels_bg_color": "-1",
            "labels_color": "000000",
            "line_color": "0078c9",
            "line_width": 9,
            "name": "2",
            "segments": [],
            "stations": [
                {
                    "coord": null,
                    "is_working": true,
                    "name": "Парнас",
                    "rect": null,
                    "text_id": 20,
                    "uid": 19
                },
                {
                    "coord": null,
                    "is_working": true,
                    "name": "Проспект Просвещения",
                    "rect": null,
                    "text_id": 21,
                    "uid": 20
                },
                {
                    "coord": null,
                    "is_working": true,
                    "name": "Озерки",
                    "rect": null,
                    "text_id": 22,
                    "uid": 21
                },
                {
                    "coord": null,
                    "is_working": true,
                    "name": "Удельная",
                    "rect": null,
                    "text_id": 23,
                    "uid": 22
                },
                {
                    "coord": null,
                    "is_working": true,
                    "name": "Пионерская",
                    "rect": null,
                    "text_id": 24,
                    "uid": 23
                },
                {
                    "coord": null,
                    "is_working": true,
                    "name": "Чёрная речка",
                    "rect": null,
                    "text_id": 25,
                    "uid": 24
                },
                {
                    "coord": null,
                    "is_working": true,
                    "name": "Петроградская",
                    "rect": null,
                    "text_id": 26,
                    "uid": 25
                },
                {
                    "coord": null,
                    "is_working": true,
                    "name": "Горьковская",
                    "rect": null,
                    "text_id": 27,
                    "uid": 26
                },
                {
                    "coord": null,
                    "is_working": true,
                    "name": "Невский проспект",
                    "rect": null,
                    "text_id": 28,
                    "uid": 27
                },
                {
                    "coord": null,
                    "is_working": true,
                    "name": "Сенная площадь",
                    "rect": null,
                    "text_id": 29,
                    "uid": 28
                },
                {
                    "coord": null,
                    "is_working": true,
                    "name": "Технологический институт-II",
                    "rect": null,
                    "text_id": 30,
                    "uid": 29
                },
                {
                    "coord": null,
                    "is_working": true,
                    "name": "Фрунзенская",
                    "rect": null,
                    "text_id": 31,
                    "uid": 30
                },
                {
                    "coord": [
                        211,
                        180
                    ],
                    "is_working": true,
                    "name": "Московские ворота",
                    "rect": [
                        115,
                        167,
                        80,
                        28
                    ],
                    "text_id": 32,
                    "uid": 31
                },
                {
                    "coord": null,
                    "is_working": true,
                    "name": "Электросила",
                    "rect": null,
                    "text_id": 33,
                    "uid": 32
                },
                {
                    "coord": null,
                    "is_working": true,
                    "name": "Парк Победы",
                    "rect": null,
                    "text_id": 34,
                    "uid": 33
                },
                {
                    "coord": null,
                    "is_working": true,
                    "name": "Московская",
                    "rect": null,
                    "text_id": 35,
                    "uid": 34
                },
                {
                    "coord": null,
                    "is_working": true,
                    "name": "Звёздная",
                    "rect": null,
                    "text_id": 36,
                    "uid": 35
                },
                {
                    "coord": null,
                    "is_working": true,
                    "name": "Купчино",
                    "rect": null,
                    "text_id": 37,
                    "uid": 36
                }
            ],
            "text_id": 38
        },
        {
            "labels_bg_color": "-1",
            "labels_color": "000000",
            "line_color": "009a49",
            "line_width": 9,
            "name": "3",
            "segments": [],
            "stations": [
                {
                    "coord": null,
                    "is_working": true,
                    "name": "Беговая",
                    "rect": null,
                    "text_id": 39,
                    "uid": 37
                },
                {
                    "coord": null,
                    "is_working": true,
                    "name": "Зенит",
                    "rect": null,
                    "text_id": 40,
                    "uid": 38
                },
                {
                    "coord": null,
                    "is_working": true,
                    "name": "Приморская",
                    "rect": null,
                    "text_id": 41,
                    "uid": 39
                },
                {
                    "coord": null,
                    "is_working": true,
                    "name": "Василеостровская",
                    "rect": null,
                    "text_id": 42,
                    "uid": 40
                },
                {
                    "coord": null,
                    "is_working": true,
                    "name": "Гостиный двор",
                    "rect": null,
                    "text_id": 43,
                    "uid": 41
                },
                {
                    "coord": null,
                    "is_working": true,
                    "name": "Маяковская",
                    "rect": null,
                    "text_id": 44,
                    "uid": 42
                },
                {
                    "coord": null,
                    "is_working": true,
                    "name": "Площадь Александра Невского-I",
                    "rect": null,
                    "text_id": 45,
                    "uid": 43
                },
                {
                    "coord": null,
                    "is_working": true,
                    "name": "Елизаровская",
                    "rect": null,
                    "text_id": 46,
                    "uid": 44
                },
                {
                    "coord": null,
                    "is_working": true,
                    "name": "Ломоносовская",
                    "rect": null,
                    "text_id": 47,
                    "uid": 45
                },
                {
                    "coord": null,
                    "is_working": true,
                    "name": "Пролетарская",
                    "rect": null,
                    "text_id": 48,
                    "uid": 46
                },
                {
                    "coord": null,
                    "is_working": true,
                    "name": "Обухово",
                    "rect": null,
                    "text_id": 49,
                    "uid": 47
                },
                {
                    "coord": null,
                    "is_working": true,
                    "name": "Рыбацкое",
                    "rect": null,
                    "text_id": 50,
                    "uid": 48
                }
            ],
            "text_id": 51
        },
        {
            "labels_bg_color": "-1",
            "labels_color": "000000",
            "line_color": "ea7125",
            "line_width": 9,
            "name": "4",
            "segments": [],
            "stations": [
                {
                    "coord": null,
                    "is_working": false,
                    "name": "Горный институт",
                    "rect": null,
                    "text_id": 52,
                    "uid": 49
                },
                {
                    "coord": null,
                    "is_working": false,
                    "name": "Театральная",
                    "rect": null,
                    "text_id": 53,
                    "uid": 50
                },
                {
                    "coord": null,
                    "is_working": true,
                    "name": "Спасская",
                    "rect": null,
                    "text_id": 54,
                    "uid": 51
                },
                {
                    "coord": null,
                    "is_working": true,
                    "name": "Достоевская",
                    "rect": null,
                    "text_id": 55,
                    "uid": 52
                },
                {
                    "coord": null,
                    "is_working": true,
                    "name": "Лиговский проспект",
                    "rect": null,
                    "text_id": 56,
                    "uid": 53
                },
                {
                    "coord": null,
                    "is_working": true,
                    "name": "Площадь Александра Невского-II",
                    "rect": null,
                    "text_id": 57,
                    "uid": 54
                },
                {
                    "coord": null,
                    "is_working": true,
                    "name": "Новочеркасская",
                    "rect": null,
                    "text_id": 58,
                    "uid": 55
                },
                {
                    "coord": null,
                    "is_working": true,
                    "name": "Ладожская",
                    "rect": null,
                    "text_id": 59,
                    "uid": 56
                },
                {
                    "coord": null,
                    "is_working": true,
                    "name": "Проспект Большевиков",
                    "rect": null,
                    "text_id": 60,
                    "uid": 57
                },
                {
                    "coord": null,
                    "is_working": true,
                    "name": "Улица Дыбенко",
                    "rect": null,
                    "text_id": 61,
                    "uid": 58
                }
            ],
            "text_id": 62
        },
        {
            "labels_bg_color": "-1",
            "labels_color": "000000",
            "line_color": "702785",
            "line_width": 9,
            "name": "5",
            "segments": [],
            "stations": [
                {
                    "coord": null,
                    "is_working": true,
                    "name": "Комендантский проспект",
                    "rect": null,
                    "text_id": 63,
                    "uid": 59
                },
                {
                    "coord": null,
                    "is_working": true,
                    "name": "Старая Деревня",
                    "rect": null,
                    "text_id": 64,
                    "uid": 60
                },
                {
                    "coord": null,
                    "is_working": true,
                    "name": "Крестовский остров",
                    "rect": null,
                    "text_id": 65,
                    "uid": 61
                },
                {
                    "coord": null,
                    "is_working": true,
                    "name": "Чкаловская",
                    "rect": null,
                    "text_id": 66,
                    "uid": 62
                },
                {
                    "coord": null,
                    "is_working": true,
                    "name": "Спортивная",
                    "rect": null,
                    "text_id": 67,
                    "uid": 63
                },
                {
                    "coord": null,
                    "is_working": true,
                    "name": "Адмиралтейская",
                    "rect": null,
                    "text_id": 68,
                    "uid": 64
                },
                {
                    "coord": null,
                    "is_working": true,
                    "name": "Садовая",
                    "rect": null,
                    "text_id": 69,
                    "uid": 65
                },
                {
                    "coord": null,
                    "is_working": true,
                    "name": "Звенигородская",
                    "rect": null,
                    "text_id": 70,
                    "uid": 66
                },
                {
                    "coord": [
                        211,
                        260
                    ],
                    "is_working": true,
                    "name": "Обводный канал",
                    "rect": [
                        126,
                        247,
                        69,
                        28
                    ],
                    "text_id": 71,
                    "uid": 67
                },
                {
                    "coord": null,
                    "is_working": true,
                    "name": "Волковская",
                    "rect": null,
                    "text_id": 72,
                    "uid": 68
                },
                {
                    "coord": null,
                    "is_working": true,
                    "name": "Бухарестская",
                    "rect": null,
                    "text_id": 73,
                    "uid": 69
                },
                {
                    "coord": null,
                    "is_working": true,
                    "name": "Международная",
                    "rect": null,
                    "text_id": 74,
                    "uid": 70
                },
                {
                    "coord": null,
                    "is_working": true,
                    "name": "Проспект Славы",
                    "rect": null,
                    "text_id": 75,
                    "uid": 71
                },
                {
                    "coord": null,
                    "is_working": true,
                    "name": "Дунайская",
                    "rect": null,
                    "text_id": 76,
                    "uid": 72
                },
                {
                    "coord": null,
                    "is_working": true,
                    "name": "Шушары",
                    "rect": null,
                    "text_id": 77,
                    "uid": 73
                }
            ],
            "text_id": 78
        },
        {
            "labels_bg_color": "-1",
            "labels_color": "000000",
            "line_color": "8d5b2d",
            "line_width": 9,
            "name": "6",
            "segments": [
                [
                    74,
                    75,
                    [
                        [
                            230,
                            100
                        ],
                        [
                            230,
                            64
                        ]
                    ],
                    false
                ],
                [
                    75,
                    76,
                    [
                        [
                            230,
                            140
                        ],
                        [
                            230,
                            100
                        ]
                    ],
                    false
                ],
                [
                    76,
                    77,
                    [
                        [
                            230,
                            180
                        ],
                        [
                            230,
                            140
                        ]
                    ],
                    false
                ],
                [
                    77,
                    78,
                    [
                        [
                            230,
                            220
                        ],
                        [
                            230,
                            180
                        ]
                    ],
                    false
                ],
                [
                    78,
                    79,
                    [
                        [
                            230,
                            260
                        ],
                        [
                            230,
                            220
                        ]
                    ],
                    false
                ]
            ],
            "stations": [
                {
                    "coord": [
                        230,
                        64
                    ],
                    "is_working": false,
                    "name": "Юго-Западная",
                    "rect": [
                        246,
                        57,
                        92,
                        15
                    ],
                    "text_id": 79,
                    "uid": 74
                },
                {
                    "coord": [
                        230,
                        100
                    ],
                    "is_working": false,
                    "name": "Путиловская",
                    "rect": [
                        246,
                        92,
                        83,
                        15
                    ],
                    "text_id": 80,
                    "uid": 75
                },
                {
                    "coord": [
                        230,
                        140
                    ],
                    "is_working": false,
                    "name": "Броневая",
                    "rect": [
                        246,
                        133,
                        64,
                        15
                    ],
                    "text_id": 81,
                    "uid": 76
                },
                {
                    "coord": [
                        230,
                        180
                    ],
                    "is_working": false,
                    "name": "Заставская",
                    "rect": [
                        246,
                        173,
                        91,
                        15
                    ],
                    "text_id": 82,
                    "uid": 77
                },
                {
                    "coord": [
                        230,
                        220
                    ],
                    "is_working": false,
                    "name": "Боровая",
                    "rect": [
                        246,
                        213,
                        57,
                        15
                    ],
                    "text_id": 83,
                    "uid": 78
                },
                {
                    "coord": [
                        230,
                        260
                    ],
                    "is_working": false,
                    "name": "Обводный канал-2",
                    "rect": [
                        246,
                        247,
                        69,
                        28
                    ],
                    "text_id": 84,
                    "uid": 79
                }
            ],
            "text_id": 85
        }
    ],
    "lines_width": 9,
    "name": "6",
    "name_text_id": 85,
    "stations_diameter": 16.0,
    "transfers": [
        [
            79,
            67,
            [
                230,
                260
            ],
            [
                211,
                260
            ]
        ],
        [
            77,
            31,
            [
                230,
                180
            ],
            [
                211,
                180
            ]
        ],
        [
            75,
            15,
            [
                230,
                100
            ],
            [
                211,
                100
            ]
        ],
        [
            52,
            10,
            null,
            null
        ],
        [
            27,
            41,
            null,
            null
        ],
        [
            9,
            42,
            null,
            null
        ],
        [
            43,
            54,
            null,
            null
        ],
        [
            11,
            66,
            null,
            null
        ],
        [
            65,
            28,
            null,
            null
        ],
        [
            51,
            65,
            null,
            null
        ],
        [
            51,
            28,
            null,
            null
        ],
        [
            12,
            29,
            null,
            null
        ]
    ],
    "transports": [
        "metro"
    ],
    "type_name": "Метро",
    "type_text_id": 568,
    "upper_case": true,
    "width": 380,
    "word_wrap": true
}