{
    "lines": [
        {
            "delays": [],
            "name": "1",
            "scheme": null,
            "segments": [
                [
                    0,
                    1,
                    120
                ],
                [
                    1,
                    0,
                    120
                ],
                [
                    1,
                    2,
                    120
                ],
                [
                    2,
                    1,
                    120
                ],
                [
                    2,
                    3,
                    180
                ],
                [
                    3,
                    2,
                    180
                ],
                [
                    3,
                    4,
                    180
                ],
                [
                    4,
                    3,
                    180
                ],
                [
                    4,
                    5,
                    60
                ],
                [
                    5,
                    4,
                    60
                ],
                [
                    5,
                    6,
                    180
                ],
                [
                    6,
                    5,
                    180
                ],
                [
                    6,
                    7,
                    120
                ],
                [
                    7,
                    6,
                    120
                ],
                [
                    7,
                    8,
                    180
                ],
                [
                    8,
                    7,
                    180
                ],
                [
                    8,
                    9,
                    120
                ],
                [
                    9,
                    8,
                    120
                ],
                [
                    9,
                    10,
                    120
                ],
                [
                    10,
                    9,
                    120
                ],
                [
                    10,
                    11,
                    120
                ],
                [
                    11,
                    10,
                    120
                ],
                [
                    11,
                    12,
                    180
                ],
                [
                    12,
                    11,
                    180
                ],
                [
                    12,
                    13,
                    180
                ],
                [
                    13,
                    12,
                    180
                ],
                [
                    13,
                    14,
                    180
                ],
                [
                    14,
                    13,
                    180
                ],
                [
                    14,
                    15,
                    240
                ],
                [
                    15,
                    14,
                    240
                ],
                [
                    15,
                    16,
                    180
                ],
                [
                    16,
                    15,
                    180
                ],
                [
                    16,
                    17,
                    180
                ],
                [
                    17,
                    16,
                    180
                ],
                [
                    17,
                    18,
                    120
                ],
                [
                    18,
                    17,
                    120
                ],
                [
                    18,
                    19,
                    120
                ],
                [
                    19,
                    18,
                    120
                ],
                [
                    19,
                    20,
                    120
                ],
                [
                    20,
                    19,
                    120
                ],
                [
                    20,
                    21,
                    180
                ],
                [
                    21,
                    20,
                    180
                ]
            ],
            "stations": [
                [
                    0,
                    "Mercado",
                    0
                ],
                [
                    1,
                    "Rodoviaria",
                    1
                ],
                [
                    2,
                    "Sao Pedro",
                    2
                ],
                [
                    3,
                    "Farrapos",
                    3
                ],
                [
                    4,
                    "Aeroporto",
                    4
                ],
                [
                    5,
                    "Anchieta",
                    5
                ],
                [
                    6,
                    "Niteroi",
                    6
                ],
                [
                    7,
                    "Fatima",
                    7
                ],
                [
                    8,
                    "Canoas",
                    8
                ],
                [
                    9,
                    "Mathias Velho",
                    9
                ],
                [
                    10,
                    "Sao Luis",
                    10
                ],
                [
                    11,
                    "Petrobras",
                    11
                ],
                [
                    12,
                    "Esteio",
                    12
                ],
                [
                    13,
                    "Luiz Pasteur",
                    13
                ],
                [
                    14,
                    "Sapucaia",
                    14
                ],
                [
                    15,
                    "Unisinos",
                    15
                ],
                [
                    16,
                    "Sao Leopoldo",
                    16
                ],
                [
                    17,
                    "Rio dos Sinos",
                    17
                ],
                [
                    18,
                    "Santo Afonso",
                    18
                ],
                [
                    19,
                    "Industrial",
                    19
                ],
                [
                    20,
                    "Fenac",
                    20
                ],
                [
                    21,
                    "Novo Hamburgo",
                    21
                ]
            ],
            "text_id": 22
        }
    ],
    "name": "metro",
    "transfers": [],
    "type_name": "Метро"
}