{
    "0": "Bul'var Rokossovskogo",
    "1": "Cherkizovskaja",
    "2": "Preobrazhenskaja ploschad'",
    "3": "Sokol'niki",
    "4": "Krasnosel'skaja",
    "5": "Komsomol'skaja",
    "6": "Krasnye vorota",
    "7": "Chistye prudy",
    "8": "Lubjanka",
    "9": "Ohotnyj rjad",
    "10": "Biblioteka imeni Lenina",
    "11": "Kropotkinskaja",
    "12": "Park kul'tury",
    "13": "Frunzenskaja",
    "14": "Sportivnaja",
    "15": "Vorob'evy gory",
    "16": "Universitet",
    "17": "Prospekt Vernadskogo",
    "18": "Jugo-Zapadnaja",
    "19": "Troparevo",
    "20": "Rumjantsevo",
    "21": "Salar'evo",
    "22": "Filatov lug",
    "23": "Prokshino",
    "24": "Ol'hovaja",
    "25": "Kommunarka",
    "26": "Sokol'nicheskaja",
    "27": "Altuf'evo",
    "28": "Bibirevo",
    "29": "Otradnoe",
    "30": "Vladykino",
    "31": "Petrovsko-Razumovskaja",
    "32": "Timirjazevskaja",
    "33": "Dmitrovskaja",
    "34": "Savelovskaja",
    "35": "Mendeleevskaja",
    "36": "Tsvetnoj bul'var",
    "37": "Chehovskaja",
    "38": "Borovitskaja",
    "39": "Poljanka",
    "40": "Serpuhovskaja",
    "41": "Tul'skaja",
    "42": "Nagatinskaja",
    "43": "Nagornaja",
    "44": "Nahimovskij prospekt",
    "45": "Sevastopol'skaja",
    "46": "Chertanovskaja",
    "47": "Juzhnaja",
    "48": "Prazhskaja",
    "49": "Ulitsa Akademika Jangelja",
    "50": "Annino",
    "51": "Bul'var Dmitrija Donskogo",
    "52": "Serpuhovsko-Timirjazevskaja",
    "53": "Seligerskaja",
    "54": "Verhnie Lihobory",
    "55": "Okruzhnaja",
    "56": "Fonvizinskaja",
    "57": "Butyrskaja",
    "58": "Mar'ina roscha",
    "59": "Dostoevskaja",
    "60": "Trubnaja",
    "61": "Sretenskij bul'var",
    "62": "Chkalovskaja",
    "63": "Rimskaja",
    "64": "Krest'janskaja zastava",
    "65": "Dubrovka",
    "66": "Kozhuhovskaja",
    "67": "Pechatniki",
    "68": "Volzhskaja",
    "69": "Ljublino",
    "70": "Bratislavskaja",
    "71": "Mar'ino",
    "72": "Borisovo",
    "73": "Shipilovskaja",
    "74": "Zjablikovo",
    "75": "Ljublinsko-Dmitrovskaja",
    "76": "Kashirskaja",
    "77": "Varshavskaja",
    "78": "Kahovskaja",
    "79": "Petrovskij park",
    "80": "TsSKA",
    "81": "Horoshevskaja",
    "82": "Shelepiha",
    "83": "Delovoj tsentr",
    "84": "Narodnoe opolchenie",
    "85": "Mnevniki",
    "86": "Terehovo",
    "87": "Kuntsevskaja",
    "88": "Davydkovo",
    "89": "Amin'evskaja",
    "90": "Michurinskij prospekt",
    "91": "Novatorskaja",
    "92": "Vorontsovskaja",
    "93": "Zjuzino",
    "94": "BKL",
    "95": "Bittsevskij park",
    "96": "Lesoparkovaja",
    "97": "Ulitsa Starokachalovskaja",
    "98": "Ulitsa Skobelevskaja",
    "99": "Bul'var Admirala Ushakova",
    "100": "Ulitsa Gorchakova",
    "101": "Buninskaja alleja",
    "102": "Butovskaja",
    "103": "Ulitsa Milashenkova",
    "104": "Teletsentr",
    "105": "Ulitsa akademika Koroleva",
    "106": "Vystavochnyj tsentr",
    "107": "Ulitsa Sergeja Ejzenshtejna",
    "108": "Monorel's",
    "109": "Botanicheskij sad",
    "110": "Rostokino",
    "111": "Belokamennaja",
    "112": "Lokomotiv",
    "113": "Izmajlovo",
    "114": "Sokolinaja Gora",
    "115": "Shosse Entuziastov",
    "116": "Andronovka",
    "117": "Nizhegorodskaja",
    "118": "Novohohlovskaja",
    "119": "Ugreshskaja",
    "120": "Avtozavodskaja",
    "121": "ZIL",
    "122": "Verhnie Kotly",
    "123": "Krymskaja",
    "124": "Ploschad' Gagarina",
    "125": "Luzhniki",
    "126": "Kutuzovskaja",
    "127": "Horoshevo",
    "128": "Zorge",
    "129": "Panfilovskaja",
    "130": "Streshnevo",
    "131": "Baltijskaja",
    "132": "Koptevo",
    "133": "Lihobory",
    "134": "MTsK",
    "135": "Nekrasovka",
    "136": "Luhmanovskaja",
    "137": "Ulitsa Dmitrievskogo",
    "138": "Kosino",
    "139": "Jugo-Vostochnaja",
    "140": "Okskaja",
    "141": "Stahanovskaja",
    "142": "Aviamotornaja",
    "143": "Lefortovo",
    "144": "Elektrozavodskaja",
    "145": "Nekrasovskaja",
    "146": "Lobnja",
    "147": "Sheremet'evskaja",
    "148": "Hlebnikovo",
    "149": "Vodniki",
    "150": "Dolgoprudnaja",
    "151": "Novodachnaja",
    "152": "Mark",
    "153": "Lianozovo",
    "154": "Ilimskaja",
    "155": "Beskudnikovo",
    "156": "Degunino",
    "157": "Savelovskaja",
    "158": "Belorusskaja",
    "159": "Begovaja",
    "160": "Testovskaja",
    "161": "Fili",
    "162": "Slavjanskij bul'var",
    "163": "Rabochij Poselok",
    "164": "Setun'",
    "165": "Nemchinovka",
    "166": "Skolkovo",
    "167": "Bakovka",
    "168": "Odintsovo",
    "169": "MTsD1",
    "170": "Nahabino",
    "171": "Anikeevka",
    "172": "Opaliha",
    "173": "Krasnogorskaja",
    "174": "Pavshino",
    "175": "Penjagino",
    "176": "Volokolamskaja",
    "177": "Trikotazhnaja",
    "178": "Tushinskaja",
    "179": "Schukinskaja",
    "180": "Krasnyj Baltiets",
    "181": "Grazhdanskaja",
    "182": "Mar'ina Roscha",
    "183": "Rizhskaja",
    "184": "Kalanchevskaja",
    "185": "Kurskaja",
    "186": "Moskva Tovarnaja",
    "187": "Kalitniki",
    "188": "Tekstil'schiki",
    "189": "Depo",
    "190": "Pererva",
    "191": "Kur'janovo",
    "192": "Moskvorech'e",
    "193": "Tsaritsyno",
    "194": "Kotljakovo",
    "195": "Pokrovskoe",
    "196": "Krasnyj Stroitel'",
    "197": "Bittsa",
    "198": "Butovo",
    "199": "Scherbinka",
    "200": "Ostaf'evo",
    "201": "Silikatnaja",
    "202": "Podol'sk",
    "203": "MTsD2",
    "204": "Hovrino",
    "205": "Belomorskaja",
    "206": "Rechnoj vokzal",
    "207": "Vodnyj stadion",
    "208": "Vojkovskaja",
    "209": "Sokol",
    "210": "Aeroport",
    "211": "Dinamo",
    "212": "Majakovskaja",
    "213": "Tverskaja",
    "214": "Teatral'naja",
    "215": "Novokuznetskaja",
    "216": "Paveletskaja",
    "217": "Tehnopark",
    "218": "Kolomenskaja",
    "219": "Kantemirovskaja",
    "220": "Orehovo",
    "221": "Domodedovskaja",
    "222": "Krasnogvardejskaja",
    "223": "Alma-Atinskaja",
    "224": "Zamoskvoretskaja",
    "225": "Schelkovskaja",
    "226": "Pervomajskaja",
    "227": "Izmajlovskaja",
    "228": "Partizanskaja",
    "229": "Semenovskaja",
    "230": "Baumanskaja",
    "231": "Ploschad' Revoljutsii",
    "232": "Arbatskaja",
    "233": "Smolenskaja",
    "234": "Kievskaja",
    "235": "Park Pobedy",
    "236": "Molodezhnaja",
    "237": "Krylatskoe",
    "238": "Strogino",
    "239": "Mjakinino",
    "240": "Mitino",
    "241": "Pjatnitskoe shosse",
    "242": "Arbatsko-Pokrovskaja",
    "243": "Pionerskaja",
    "244": "Filevskij park",
    "245": "Bagrationovskaja",
    "246": "Studencheskaja",
    "247": "Aleksandrovskij sad",
    "248": "Vystavochnaja",
    "249": "Mezhdunarodnaja",
    "250": "Filevskaja",
    "251": "Oktjabr'skaja",
    "252": "Dobryninskaja",
    "253": "Taganskaja",
    "254": "Prospekt Mira",
    "255": "Novoslobodskaja",
    "256": "Krasnopresnenskaja",
    "257": "Kol'tsevaja",
    "258": "Medvedkovo",
    "259": "Babushkinskaja",
    "260": "Sviblovo",
    "261": "VDNH",
    "262": "Alekseevskaja",
    "263": "Suharevskaja",
    "264": "Turgenevskaja",
    "265": "Kitaj-gorod",
    "266": "Tret'jakovskaja",
    "267": "Shabolovskaja",
    "268": "Leninskij prospekt",
    "269": "Akademicheskaja",
    "270": "Profsojuznaja",
    "271": "Novye Cheremushki",
    "272": "Kaluzhskaja",
    "273": "Beljaevo",
    "274": "Kon'kovo",
    "275": "Teplyj Stan",
    "276": "Jasenevo",
    "277": "Novojasenevskaja",
    "278": "Kaluzhsko-Rizhskaja",
    "279": "Planernaja",
    "280": "Shodnenskaja",
    "281": "Spartak",
    "282": "Oktjabr'skoe pole",
    "283": "Polezhaevskaja",
    "284": "Ulitsa 1905 goda",
    "285": "Barrikadnaja",
    "286": "Pushkinskaja",
    "287": "Kuznetskij most",
    "288": "Proletarskaja",
    "289": "Volgogradskij prospekt",
    "290": "Kuz'minki",
    "291": "Rjazanskij prospekt",
    "292": "Vyhino",
    "293": "Lermontovskij prospekt",
    "294": "Zhulebino",
    "295": "Kotel'niki",
    "296": "Tagansko-Krasnopresnenskaja",
    "297": "Novokosino",
    "298": "Novogireevo",
    "299": "Perovo",
    "300": "Ploschad' Il'icha",
    "301": "Marksistskaja",
    "302": "Kalininsko-Solntsevskaja",
    "303": "Minskaja",
    "304": "Lomonosovskij prospekt",
    "305": "Ramenki",
    "306": "Ozernaja",
    "307": "Govorovo",
    "308": "Solntsevo",
    "309": "Borovskoe shosse",
    "310": "Novoperedelkino",
    "311": "Rasskazovka",
    "312": "Solntsevskaja",
    "313": "Moskva Kurskaja",
    "314": "Kalanchevskaja",
    "315": "Rzhevskaja",
    "316": "Stankolit",
    "317": "Moskva Smolenskaja",
    "318": "Moskva Savelovskaja",
    "319": "Mezhduvokzal'naja",
    "320": "Moskva Tov.",
    "321": "Pokrovskaja",
    "322": "Vesennjaja",
    "323": "Grivno",
    "324": "L'vovskaja",
    "325": "Kolhoznaja",
    "326": "Stolbovaja",
    "327": "Pl. 66 km",
    "328": "Chepelevo",
    "329": "Chehov",
    "330": "Luch",
    "331": "Sharapova Ohota",
    "332": "Pl. 92 km",
    "333": "Avangard",
    "334": "Serpuhov",
    "335": "Oka",
    "336": "Pl. 107 km",
    "337": "Priokskaja",
    "338": "Pl. 118 km",
    "339": "Tarusskaja",
    "340": "Pl. 132 km",
    "341": "Pahomovo",
    "342": "Shul'gino",
    "343": "Pl. 153 km",
    "344": "Jasnogorsk",
    "345": "Shemetovo",
    "346": "Baranovo",
    "347": "Revjakino",
    "348": "Bajdiki",
    "349": "Homjakovo",
    "350": "Pl. 191 km",
    "351": "Tula",
    "352": "Serp i Molot",
    "353": "Karacharovo",
    "354": "Chuhlinka",
    "355": "Kuskovo",
    "356": "Reutovo",
    "357": "Nikol'skoe",
    "358": "Saltykovskaja",
    "359": "Kuchino",
    "360": "Zheleznodorozhnaja",
    "361": "Chernoe",
    "362": "Zarja",
    "363": "Kupavna",
    "364": "Pl. 33 km",
    "365": "Elektrougli",
    "366": "Pl. 43 km",
    "367": "Hrapunovo",
    "368": "Esino",
    "369": "Frjazevo",
    "370": "Kazanskoe",
    "371": "Vohna",
    "372": "Pavlovskij Posad",
    "373": "Nazar'evo",
    "374": "Drezna",
    "375": "Kabanovo",
    "376": "Pl. 87 km",
    "377": "Orehovo-Zuevo",
    "378": "Krutoe",
    "379": "Voinovo",
    "380": "Usad",
    "381": "Glubokovo",
    "382": "Pokrov",
    "383": "Pl. 113 km",
    "384": "Omutische",
    "385": "Leonovo",
    "386": "Petushki",
    "387": "Kosterevo",
    "388": "Boldino",
    "389": "Sushnevo",
    "390": "Krasnaja Ohota",
    "391": "Undol",
    "392": "Pl. 170 km",
    "393": "Koloksha",
    "394": "Jur'evets",
    "395": "Vladimir",
    "396": "Strojka",
    "397": "Gorenki",
    "398": "Balashiha",
    "399": "Metallurg",
    "400": "Elektrostal'",
    "401": "Mashinostroitel'",
    "402": "Noginsk",
    "403": "Zaharovo",
    "404": "Lenskaja",
    "405": "Kovrigino",
    "406": "Pl. 14 km",
    "407": "Elektrogorsk",
    "408": "Gor'kovskaja",
    "409": "Moskva Kazanskaja",
    "410": "Sortirovochnaja",
    "411": "Pljuschevo",
    "412": "Veshnjaki",
    "413": "Uhtomskaja",
    "414": "Ljubertsy-1",
    "415": "Panki",
    "416": "Tomilino",
    "417": "Kraskovo",
    "418": "Malahovka",
    "419": "Udel'naja",
    "420": "Bykovo",
    "421": "Il'inskaja",
    "422": "Otdyh",
    "423": "Kratovo",
    "424": "Pl. 42 km",
    "425": "Fabrichnaja",
    "426": "Ramenskoe",
    "427": "Pl. 47 km",
    "428": "Sovhoz",
    "429": "Zagornovo",
    "430": "Bronnitsy",
    "431": "Raduga",
    "432": "Pl. 63 km",
    "433": "Beloozerskaja",
    "434": "Faustovo",
    "435": "Zolotovo",
    "436": "Vinogradovo",
    "437": "Konobeevo",
    "438": "Trofimovo",
    "439": "Pl. 88 km",
    "440": "Voskresensk",
    "441": "Shifernaja",
    "442": "Moskvoretskaja",
    "443": "Tsemgigant",
    "444": "Peski",
    "445": "Konev Bor",
    "446": "Horoshevo",
    "447": "Kolomna",
    "448": "Golutvin",
    "449": "Schurovo",
    "450": "Chernaja",
    "451": "132 km",
    "452": "Luhovitsy",
    "453": "142 km",
    "454": "Podlipki",
    "455": "Fruktovaja",
    "456": "Alpat'evo",
    "457": "Slemy",
    "458": "Divovo",
    "459": "Istodniki",
    "460": "Pl. 180 km",
    "461": "Rybnoe Pass",
    "462": "Hodynino",
    "463": "184 km",
    "464": "Rjazan' Sort",
    "465": "187 km",
    "466": "188 km",
    "467": "Nedostoevo",
    "468": "Gusevskaja",
    "469": "Djagilevo",
    "470": "Lagernyj",
    "471": "Rjazan' 2",
    "472": "Rjazan' 1",
    "473": "Bachmanovo",
    "474": "Pl. 6 km",
    "475": "Sychevo",
    "476": "Lystsovskaja",
    "477": "Semenovskij",
    "478": "Pl. 18 km",
    "479": "Karasevy",
    "480": "Kudrjavtsevo",
    "481": "Danilovskaja",
    "482": "Pl. 30 km",
    "483": "Pl. 38 km",
    "484": "Ozery",
    "485": "Ljubertsy-2",
    "486": "Korenevo",
    "487": "Ovrazhki",
    "488": "Rodniki",
    "489": "Vjalki",
    "490": "Hripan'",
    "491": "Pl. 41 km",
    "492": "Donino",
    "493": "Pl. 49 km",
    "494": "Pl. 52 km",
    "495": "Grigorovo",
    "496": "Pl. 55 km",
    "497": "Gzhel'",
    "498": "Ignat'evo",
    "499": "Kuzjaevo",
    "500": "Shevljagino",
    "501": "Pl. 73 km",
    "502": "Antsiferovo",
    "503": "Podosinki",
    "504": "Kurovskaja",
    "505": "Pl. 90 km",
    "506": "Pl. 95 km",
    "507": "Avsjunino",
    "508": "Zapolitsy",
    "509": "Zaputnaja",
    "510": "Shaturtorf",
    "511": "Shatura",
    "512": "Botino",
    "513": "Krivandino",
    "514": "Tugoles'e",
    "515": "Vojmezhnyj",
    "516": "Cherusti",
    "517": "Nerskaja",
    "518": "Il'inskij Pogost",
    "519": "Pl. 32 km",
    "520": "Egor'evsk",
    "521": "Osanovo",
    "522": "Pozhoga",
    "523": "Pl. 29 km",
    "524": "Barmino",
    "525": "Sazonovo",
    "526": "Rjazanovka",
    "527": "Rjazanskaja",
    "528": "Moskva Jaroslavskaja",
    "529": "Moskva-3",
    "530": "Malenkovskaja",
    "531": "Jauza",
    "532": "Severjanin",
    "533": "Losinoostrovskaja",
    "534": "Los'",
    "535": "Perlovskaja",
    "536": "Tajninskaja",
    "537": "Mytischi",
    "538": "Stroitel'",
    "539": "Cheljuskinskaja",
    "540": "Tarasovskaja",
    "541": "Kljaz'ma",
    "542": "Mamontovskaja",
    "543": "Pushkino",
    "544": "Zavety Il'icha",
    "545": "Pravda",
    "546": "Zelenogradskaja",
    "547": "Sofrino",
    "548": "Ashukinskaja",
    "549": "Kalistovo",
    "550": "Radonezh",
    "551": "Abramtsevo",
    "552": "Hot'kovo",
    "553": "Semhoz",
    "554": "Sergiev Posad",
    "555": "Pl. 76 km",
    "556": "Pl. 81 km",
    "557": "Pl. 83 km",
    "558": "Buzhaninovo",
    "559": "Arsaki",
    "560": "Strunino",
    "561": "Aleksandrov",
    "562": "Pl. 117 km",
    "563": "Moshnino",
    "564": "Balakirevo",
    "565": "Bagrimovo",
    "566": "Pl. 142 km",
    "567": "Berendeevo",
    "568": "Pl. 147 km",
    "569": "Shushkovo",
    "570": "Pl. 155 km",
    "571": "Roksha",
    "572": "Rjazantsevo",
    "573": "Beklemishevo",
    "574": "Itlar'",
    "575": "Pl. 187 km",
    "576": "Sil'nitsy",
    "577": "Petrovsk",
    "578": "Debolovskaja",
    "579": "Rostov",
    "580": "Jaroslavl'",
    "581": "Podlipki-Dachnye",
    "582": "Pl. Bolshevo",
    "583": "Fabrika 1 Maja",
    "584": "Zelenyj Bor",
    "585": "Ivanteevka-2",
    "586": "Ivanteevka",
    "587": "Detskaja",
    "588": "Frjazino Tov.",
    "589": "Frjazino Pass.",
    "590": "Bolshevo",
    "591": "Valentinovka",
    "592": "Zagorjanskaja",
    "593": "Sokolovskaja",
    "594": "Voronok",
    "595": "Schelkovo",
    "596": "Gagarinskaja",
    "597": "Bahchivandzhi",
    "598": "Tsiolkovskaja",
    "599": "Oseevskaja",
    "600": "Monino",
    "601": "Kashino",
    "602": "Kolontaevo",
    "603": "Lesnaja",
    "604": "pos. Dal'nij",
    "605": "Rahmanovo",
    "606": "Fedorovskoe",
    "607": "Putilovo",
    "608": "Krasnoarmejsk",
    "609": "Jaroslavskaja",
    "610": "Moskva Leningradskaja",
    "611": "Ostankino",
    "612": "Petrovsko-Razumovskoe",
    "613": "NATI",
    "614": "Mossel'mash",
    "615": "Levoberezhnaja",
    "616": "Himki",
    "617": "Novo-Podrezkovo",
    "618": "Podrezkovo",
    "619": "Shodnja",
    "620": "Firsanovka",
    "621": "Malino",
    "622": "Krjukovo",
    "623": "Alabushevo",
    "624": "Radischevo",
    "625": "Povarovka",
    "626": "Povarovo-1",
    "627": "Berezki Dachnye",
    "628": "Podsolnechnaja",
    "629": "Senezh",
    "630": "Golovkovo",
    "631": "Pokrovka",
    "632": "Frolovskoe",
    "633": "Streglovo",
    "634": "Klin",
    "635": "Jamuga",
    "636": "Reshetnikovo",
    "637": "Chernichnaja",
    "638": "Zavidovo",
    "639": "Moskovskoe More",
    "640": "Redkino",
    "641": "Mezhevo",
    "642": "Kuz'minka",
    "643": "Chuprijanovka",
    "644": "Lazurnaja",
    "645": "Tver'",
    "646": "Doroshiha",
    "647": "Brjantsevo",
    "648": "Sanatorij",
    "649": "Tvertsa",
    "650": "Kulitskaja",
    "651": "Kulitskij Moh",
    "652": "Trubino",
    "653": "Krjuchkovo",
    "654": "Porshinets",
    "655": "Lihoslavl'",
    "656": "Lihosl.Park Shljuz",
    "657": "Lokottsy",
    "658": "Baranovka",
    "659": "Mutasheliha",
    "660": "Kalashnikovo",
    "661": "Buhalovskij pereezd",
    "662": "Levoshinka",
    "663": "Spirovo",
    "664": "Ljubinka",
    "665": "Industrija",
    "666": "Osechenka",
    "667": "Terelesovskaja",
    "668": "Elizarovka",
    "669": "Vyshnij Volochek",
    "670": "Tsna",
    "671": "Leont'evo",
    "672": "Pochvino",
    "673": "Sobolevo",
    "674": "Kostromtsovsk",
    "675": "Bochanovka",
    "676": "Pepersonovka 331 km",
    "677": "Bushevets",
    "678": "Vinogradovskaja 322 km",
    "679": "Veernoe Depo",
    "680": "Bologoe",
    "681": "Puteprovodnaja",
    "682": "Konakovskij Moh",
    "683": "Donhovka",
    "684": "Konakovo GRES",
    "685": "Leningradskaja",
    "686": "Lugovaja",
    "687": "Katuar",
    "688": "Trudovaja",
    "689": "Iksha",
    "690": "Morozki",
    "691": "Turist",
    "692": "Jahroma",
    "693": "Dmitrov",
    "694": "Kanalstroj",
    "695": "75 km",
    "696": "Orud'evo",
    "697": "Verbilki",
    "698": "94 km",
    "699": "Vlasovo",
    "700": "Taldom",
    "701": "Lebzino",
    "702": "124 km",
    "703": "Savelovo",
    "704": "Sorevnovanie",
    "705": "Zaprudnja",
    "706": "Tempy",
    "707": "Mel'dino",
    "708": "119 km",
    "709": "Karmanovo",
    "710": "Bol'shaja Volga",
    "711": "Dubna",
    "712": "Ivantsevo",
    "713": "80 km",
    "714": "Drachevo",
    "715": "74 km",
    "716": "71 km",
    "717": "69 km",
    "718": "Kostino",
    "719": "62 km",
    "720": "Zheltikovo",
    "721": "47 km",
    "722": "Bubjakovo",
    "723": "40 km",
    "724": "Naugol'nyj",
    "725": "Aeroport Sheremet'evo",
    "726": "Moskva Rizhskaja",
    "727": "Pokrovskoe-Streshnevo",
    "728": "Tushino",
    "729": "Malinovka",
    "730": "Dedovsk",
    "731": "Miitovskaja",
    "732": "Snegiri",
    "733": "Pl. 50 km",
    "734": "Manihino-1",
    "735": "Troitskaja",
    "736": "Istra",
    "737": "Novoierusalimskaja",
    "738": "Holscheviki",
    "739": "Jadroshino",
    "740": "Kursakovskaja",
    "741": "Novopetrovskaja",
    "742": "Ustinovka",
    "743": "Pl. 91 km",
    "744": "Lesodolgorukovo",
    "745": "Chismena",
    "746": "Matrenino",
    "747": "Dubosekovo",
    "748": "Volokolamsk",
    "749": "Blagoveschenskoe",
    "750": "Pl. 141 km",
    "751": "Buholovo",
    "752": "Pl. 149 km",
    "753": "Shahovskaja",
    "754": "Moskva Kievskaja",
    "755": "Moskva Sort.",
    "756": "Matveevskaja",
    "757": "Ochakovo",
    "758": "Solnechnaja",
    "759": "Peredelkino",
    "760": "Michurinets",
    "761": "Vnukovo",
    "762": "Lesnoj Gorodok",
    "763": "Tolstopal'tsevo",
    "764": "Kokoshkino",
    "765": "Krekshino",
    "766": "Pobeda",
    "767": "Aprelevka",
    "768": "Dachnaja",
    "769": "Alabino",
    "770": "Seljatino",
    "771": "Rassudovo",
    "772": "Ozhigovo",
    "773": "Bekasovo",
    "774": "Zosimova Pustyn'",
    "775": "Nara",
    "776": "Latyshskaja",
    "777": "Bashkino",
    "778": "Vorsino",
    "779": "Balabanovo",
    "780": "Obninskoe",
    "781": "Shemjakino",
    "782": "Malojaroslavets",
    "783": "Erdenevo",
    "784": "Pl. 140 km",
    "785": "Suhodrev",
    "786": "Rodinka",
    "787": "Sljadnevo",
    "788": "Pl. 167 km",
    "789": "Tihonova Pustyn'",
    "790": "Gorenskaja",
    "791": "Kaluga 2",
    "792": "pos. Kievskij",
    "793": "Bekasovo Sort.",
    "794": "Bekasovo Tsentr.",
    "795": "Pl. 240 km",
    "796": "Pl. 241 km",
    "797": "Machihino",
    "798": "Pl. 250 km",
    "799": "Pl. 252 km",
    "800": "Kresty",
    "801": "Muratovka",
    "802": "Sadovaja",
    "803": "Azarovo",
    "804": "Kaluga 1",
    "805": "Moskva Paveletskaja",
    "806": "Nizhnie Kotly",
    "807": "Kolomenskoe",
    "808": "Chertanovo",
    "809": "Birjulevo Tov.",
    "810": "Birjulevo Pass.",
    "811": "Bulatnikovo",
    "812": "Rastorguevo",
    "813": "Kalinina",
    "814": "Leninskaja",
    "815": "Domodedovo",
    "816": "Vzletnaja",
    "817": "Vostrjakovo",
    "818": "Belye Stolby",
    "819": "52 km",
    "820": "Barybino",
    "821": "Vel'jaminovo",
    "822": "Privalovo",
    "823": "Mihnevo",
    "824": "Shugarovo",
    "825": "85 km",
    "826": "Zhilevo",
    "827": "Sitenka",
    "828": "Stupino",
    "829": "Akri",
    "830": "Belopesotskij",
    "831": "Kashira",
    "832": "Tesna",
    "833": "Ozherel'e",
    "834": "121 km",
    "835": "Purlovo",
    "836": "Topkanovo",
    "837": "137 km",
    "838": "Bogatischevo",
    "839": "146 km",
    "840": "Korovino",
    "841": "152 km",
    "842": "Uzunovo",
    "843": "162 km",
    "844": "Dudino",
    "845": "Serebrjanye Prudy",
    "846": "Korablevka",
    "847": "Trepol'e",
    "848": "Vilenki",
    "849": "Dontsy",
    "850": "Mihajlov",
    "851": "Bojarintsevo",
    "852": "Goldino",
    "853": "Luzhkovskaja",
    "854": "Valshutka",
    "855": "Katino",
    "856": "Mshanka",
    "857": "Kremlevo",
    "858": "Pavelets-1",
    "859": "Aviatsionnaja",
    "860": "Kosmos",
    "861": "123 km",
    "862": "126 km",
    "863": "Pchelovodnaja",
    "864": "Mordves",
    "865": "156 km",
    "866": "Nastas'ino",
    "867": "163 km",
    "868": "166 km",
    "869": "168 km",
    "870": "Venev",
    "871": "180 km",
    "872": "Ol'hovka",
    "873": "193 km",
    "874": "Gritsovo",
    "875": "Maklets",
    "876": "Uzlovaja-2",
    "877": "O.P. Depo",
    "878": "Uzlovaja-1",
    "879": "Kuntsevo",
    "880": "Rabochij Poselok",
    "881": "Trehgorka",
    "882": "Perhushkovo",
    "883": "Zdravnitsa",
    "884": "Zhavoronki",
    "885": "Dachnoe",
    "886": "Malye Vjazemy",
    "887": "Golitsyno",
    "888": "Sushkinskaja",
    "889": "Petelino",
    "890": "Chastsovskaja",
    "891": "Portnovskaja",
    "892": "Kubinka",
    "893": "Chapaevka",
    "894": "Polushkino",
    "895": "Sanatornaja",
    "896": "Tuchkovo",
    "897": "Dorohovo",
    "898": "Shalikovo",
    "899": "Kukarinskaja",
    "900": "Pl. 109 km",
    "901": "Mozhajsk",
    "902": "Borodino",
    "903": "Koloch'",
    "904": "Uvarovka",
    "905": "Pl. 144 km",
    "906": "Drovnino",
    "907": "Batjushkovo",
    "908": "Kolesniki",
    "909": "Gagarin",
    "910": "Vasilisino",
    "911": "Sergo-Ivanovskaja",
    "912": "Pl. 205 km",
    "913": "Tumanovo",
    "914": "Pl. 215 km",
    "915": "Pl. 218 km",
    "916": "Mescherskaja",
    "917": "Pod'elki",
    "918": "Komjagino",
    "919": "Zubarevka",
    "920": "Vjaz'ma",
    "921": "Kuntsevo-2",
    "922": "Romashkovo",
    "923": "Razdory",
    "924": "Barviha",
    "925": "Il'inskoe",
    "926": "Usovo",
    "927": "Hljupino",
    "928": "Skorotovo",
    "929": "Zvenigorod",
    "930": "Kaluzhskaja pl.",
    "931": "Fabrika \"Udarnitsa\"",
    "932": "Metro \"Shabolovskaja\"",
    "933": "ul. Lesteva",
    "934": "Serpuhovskij val",
    "935": "Havskaja ul.",
    "936": "Danilovskij rynok",
    "937": "Serpuhovskaja zastava",
    "938": "Svjato-Danilov monastyr'",
    "939": "Danilovskij val",
    "940": "1-j Pavlovskij per.",
    "941": "Zavod im. Vladimira Il'icha",
    "942": "Fabrika \"Krasnye Sukonschiki\"",
    "943": "Zhukov pr-d",
    "944": "M. Strochenovskij per.",
    "945": "Stremjannyj per.",
    "946": "Zatsepskaja pl.",
    "947": "Metro \"Paveletskaja\"",
    "948": "Vishnjakovskij per.",
    "949": "Metro \"Tret'jakovskaja\"",
    "950": "Metro \"Novokuznetskaja\"",
    "951": "Sadovnicheskaja ul.",
    "952": "Jauzskie vorota",
    "953": "ul. Vorontsovo Pole",
    "954": "Durasovskij per.",
    "955": "Kazarmennyj per.",
    "956": "Pokrovskie vorota",
    "957": "B. Hariton'evskij per.",
    "958": "Metro \"Chistye prudy\"",
    "959": "Tramvaj № A",
    "960": "Novokonnaja pl.",
    "961": "Oktjabr'skoe tramvajnoe depo",
    "962": "M. Kalitnikovskij pr-d",
    "963": "Volov'ja ul.",
    "964": "B. Kalitnikovskaja ul.",
    "965": "Abel'manovskaja zastava",
    "966": "M. Rogozhskij per.",
    "967": "Bibliotechnaja ul.",
    "968": "Metro \"Ploschad' Il'icha\"",
    "969": "Stantsija Kurskaja-Tovarnaja",
    "970": "Dushinskaja ul.",
    "971": "Metro \"Aviamotornaja\"",
    "972": "DK \"Kompressor\"",
    "973": "ul. Burakova",
    "974": "pr-kt Budennogo",
    "975": "Metro \"Shosse Entuziastov\"",
    "976": "ul. Plehanova",
    "977": "Kinoteatr \"Slava\"",
    "978": "2-ja Vladimirskaja ul.",
    "979": "3-ja Vladimirskaja ul.",
    "980": "Tramvaj № 8",
    "981": "Tallinskaja ul.",
    "982": "ul. Kulakova",
    "983": "Universam",
    "984": "Pochta",
    "985": "Metro \"Strogino\"",
    "986": "ul. Marshala Katukova",
    "987": "Tehtsentr \"Kamerton\"",
    "988": "Detskaja poliklinika",
    "989": "6-ja gorodskaja bol'nitsa",
    "990": "Metro \"Schukinskaja\"",
    "991": "Tramvaj № 10",
    "992": "Ostankinskij PKiO",
    "993": "Argunovskaja ul.",
    "994": "ul. Tsandera",
    "995": "VVTs juzhnaja",
    "996": "Metro \"VDNH\"",
    "997": "VVTs severnaja",
    "998": "pr-kt Mira",
    "999": "\"ul. Borisa Galushkina,4\"",
    "1000": "Jaroslavskaja ul.",
    "1001": "pl. Akademika Ljul'ki",
    "1002": "Stantsija junnatov",
    "1003": "Institut inostrannyh jazykov",
    "1004": "Rostokinskij pr-d",
    "1005": "Bogatyrskij most",
    "1006": "Bogorodskij hram",
    "1007": "Universitet RAO",
    "1008": "1-ja Progonnaja ul.",
    "1009": "Ob'edinenie \"LIT\"",
    "1010": "Mosgorsud",
    "1011": "ul. Hromova",
    "1012": "Metro \"Preobrazhenskaja ploschad'\"",
    "1013": "Preobrazhenskij rynok",
    "1014": "Preobrazhenskij val",
    "1015": "Preobrazhenskoe kladbische",
    "1016": "Izmajlovskij val",
    "1017": "Metro \"Semenovskaja\"",
    "1018": "ul. Ibragimova",
    "1019": "Fortunatovskaja ul.",
    "1020": "Most Okruzhnoj zheleznoj dorogi",
    "1021": "Metro \"Partizanskaja\"",
    "1022": "Glavnaja alleja",
    "1023": "Mehovaja fabrika",
    "1024": "Izmajlovskaja pl.",
    "1025": "3-ja Parkovaja ul.",
    "1026": "5-ja Parkovaja ul.",
    "1027": "7-ja Parkovaja ul.",
    "1028": "Metro \"Pervomajskaja\"",
    "1029": "Kinoteatr \"Pervomajskij\"",
    "1030": "13-ja Parkovaja ul.",
    "1031": "15-ja Parkovaja ul.",
    "1032": "16-ja Parkovaja ul.",
    "1033": "Tramvaj № 11",
    "1034": "pr-d Entuziastov",
    "1035": "Kinoteatr \"Pobeda\"",
    "1036": "Metro \"Proletarskaja\"",
    "1037": "Dinamovskaja ul.",
    "1038": "Arbatetskaja ul.",
    "1039": "Zheleznodorozhnyj pereezd",
    "1040": "TsNIITMash",
    "1041": "Shinnyj zavod",
    "1042": "Metro \"Dubrovka\"",
    "1043": "2-ja ul. Mashinostroenija",
    "1044": "Tramvaj № 12",
    "1045": "Detskij sanatorij",
    "1046": "Detskie jasli-sad",
    "1047": "Tehnikum",
    "1048": "Metrogorodok",
    "1049": "Tagil'skaja ul.",
    "1050": "Plodoovoschnoj kombinat",
    "1051": "Metro \"Bul'var Rokossovskogo\"",
    "1052": "b-r Marshala Rokossovskogo",
    "1053": "Prostornaja ul.",
    "1054": "Cherkizovo",
    "1055": "Halturinskaja ul.",
    "1056": "Preobrazhenskaja pl.",
    "1057": "Tramvajnoe depo im. Rusakova",
    "1058": "M. Ostroumovskaja ul.",
    "1059": "Babaevskaja ul.",
    "1060": "Metro \"Sokol'niki\"",
    "1061": "Sokol'nicheskaja zastava",
    "1062": "Tramvaj № 13",
    "1063": "Metro \"Universitet\"",
    "1064": "Dramteatr",
    "1065": "Leninskij pr-kt",
    "1066": "Institut pediatrii",
    "1067": "Cheremushkinskij rynok",
    "1068": "64-ja bol'nitsa",
    "1069": "ul. Dmitrija Ul'janova",
    "1070": "ul. Gubkina",
    "1071": "ul. Ljapunova",
    "1072": "ul. Bardina",
    "1073": "pr-kt 60-letija Oktjabrja",
    "1074": "Metro \"Leninskij prospekt\" Ju",
    "1075": "Metro \"Leninskij prospekt\" S",
    "1076": "ul. Ordzhonikidze",
    "1077": "Universitet Druzhby Narodov",
    "1078": "Tramvaj № 14",
    "1079": "Stroginskij b-r",
    "1080": "Mjakininskij pr-d",
    "1081": "\"ul. Kulakova, 11\"",
    "1082": "Kinoteatr \"Tadzhikistan\"",
    "1083": "Dispanser",
    "1084": "Detskij kombinat",
    "1085": "ul. Akademika Kurchatova",
    "1086": "Pehotnaja ul.",
    "1087": "ul. Panfilova",
    "1088": "Svetlyj pr-d",
    "1089": "\"ul. Konstantina Tsareva, 12\"",
    "1090": "ul. Konstantina Tsareva",
    "1091": "Most Pobedy",
    "1092": "1-j Novopodmoskovnyj per.",
    "1093": "Metro \"Vojkovskaja\"",
    "1094": "Tramvaj № 15",
    "1095": "ul. Akademika Jangelja",
    "1096": "Poliklinika №92",
    "1097": "Detskij sad",
    "1098": "Apteka",
    "1099": "\"Chertanovskaja ul., 44\"",
    "1100": "ul. Krasnogo Majaka",
    "1101": "Detskaja stomatologicheskaja poliklinika",
    "1102": "\"Chertanovskaja ul., 28\"",
    "1103": "Kinoteatr \"Ashhabad\"",
    "1104": "Sumskaja ul.",
    "1105": "Magazin \"Optika\"",
    "1106": "Sportivnaja shkola",
    "1107": "Sumskoj proezd",
    "1108": "Tsentr tvorchestva",
    "1109": "Metro \"Chertanovskaja\"",
    "1110": "Balaklavskij pr-kt",
    "1111": "Chernomorskij b-r",
    "1112": "\"Simferopol'skij b-r, 20\"",
    "1113": "Metro \"Kahovskaja\"",
    "1114": "Bolotnikovskaja ul.",
    "1115": "Fruktovaja ul.",
    "1116": "Nahimovskij pr-kt",
    "1117": "Simferopol'skij b-r",
    "1118": "Hlebozavodskij pr-d",
    "1119": "1-j Nagatinskij pr-d",
    "1120": "platforma Nizhnie Kotly",
    "1121": "Metro \"Nagatinskaja\"",
    "1122": "Tsentr Mezhdunarodnoj pochty",
    "1123": "Stadion \"Trud\"",
    "1124": "Jarmarka \"Tsentral'naja\"",
    "1125": "Platforma ZIL",
    "1126": "Metro \"Tul'skaja\"",
    "1127": "Tramvaj № 16",
    "1128": "ul. Tihomirova",
    "1129": "Poliklinika",
    "1130": "ul. Molodtsova",
    "1131": "Kinoteatr \"Poljarnyj\"",
    "1132": "Poljarnaja ul.",
    "1133": "pr-d Shokal'skogo",
    "1134": "Suhonskaja ul.",
    "1135": "\"ul. Menzhinskogo, 38\"",
    "1136": "Metro \"Babushkinskaja\"",
    "1137": "Pechorskaja ul.",
    "1138": "Raduzhnaja ul.",
    "1139": "Verhojanskaja ul.",
    "1140": "Beringov pr-d",
    "1141": "Kombinat \"Lira\"",
    "1142": "Platforma \"Severjanin\"",
    "1143": "Rostokinskij remzavod",
    "1144": "ul. Dokukina",
    "1145": "Sel'skohozjajstvennaja ul.",
    "1146": "ul. Sergeja Ejzenshtejna",
    "1147": "Tramvaj № 17",
    "1148": "Kalanchevskaja ul.",
    "1149": "B. Balkanskij per.",
    "1150": "Panteleevskaja ul.",
    "1151": "B. Perejaslavskaja ul.",
    "1152": "Astrahanskij per.",
    "1153": "Botanicheskij per.",
    "1154": "Metro \"Prospekt Mira\"",
    "1155": "ul. Giljarovskogo",
    "1156": "ul. Schepkina",
    "1157": "Teatr zverej im. Durova",
    "1158": "Samotechnaja ul.",
    "1159": "4-j Samotechnyj per.",
    "1160": "Nikonovskij per.",
    "1161": "Seleznevskaja ul.",
    "1162": "ul. Dostoevskogo",
    "1163": "pl. Bor'by",
    "1164": "MIIT",
    "1165": "ul. Obraztsova",
    "1166": "DK MIIT",
    "1167": "Minaevskij per.",
    "1168": "Tihvinskij per.",
    "1169": "ul. Paliha",
    "1170": "Suschevskaja ul.",
    "1171": "Metro \"Mendeleevskaja\"",
    "1172": "Metro \"Novoslobodskaja\"",
    "1173": "Novovorotnikovskij per.",
    "1174": "Tramvaj № 19",
    "1175": "Moskvoretskij rynok",
    "1176": "Tramvaj № 1",
    "1177": "Ugreshskaja ul.",
    "1178": "Ugreshskij pereezd",
    "1179": "\"Ugreshskaja ul., 8\"",
    "1180": "Juzhnoportovaja ul.",
    "1181": "M. Andron'evskaja ul.",
    "1182": "B. Andron'evskaja ul.",
    "1183": "Muzej Andreja Rubleva",
    "1184": "DK Metrostroja",
    "1185": "Poliklinika №116",
    "1186": "Kurskij vokzal",
    "1187": "Tramvaj № 20",
    "1188": "Tramvaj № 21",
    "1189": "ul. Ivana Babushkina",
    "1190": "Profsojuznaja ul.",
    "1191": "Novocheremushkinskaja ul.",
    "1192": "Tsentr detskogo tvorchestva",
    "1193": "Cheremushki",
    "1194": "Tramvaj № 22",
    "1195": "Mihalkovo",
    "1196": "pr-d Cherepanovyh",
    "1197": "Sobolevskij pr-d",
    "1198": "3-j Mihalkovskij per.",
    "1199": "Koptevskij rynok",
    "1200": "Koptevskaja ul.",
    "1201": "Novopetrovskaja ul.",
    "1202": "Kinoteatr \"Rassvet\"",
    "1203": "3-j Novopodmoskovnyj per.",
    "1204": "Shkola im. Kosmodem'janskih",
    "1205": "\"Zhivopisnaja ul., 50\"",
    "1206": "ul. Rogova",
    "1207": "Bassejn",
    "1208": "ul. Marshala Tuhachevskogo",
    "1209": "pr-kt Marshala Zhukova",
    "1210": "Tramvaj № 23",
    "1211": "ul. Alekseja Dikogo",
    "1212": "Metro \"Novogireevo\"",
    "1213": "Uchebnyj kompleks",
    "1214": "\"Zelenyj pr-kt, 65\"",
    "1215": "Martenovskaja ul.",
    "1216": "Detskij univermag",
    "1217": "Tsentral'nyj universam",
    "1218": "Federativnyj pr-kt",
    "1219": "ul. Metallurgov",
    "1220": "sh. Entuziastov",
    "1221": "MEI",
    "1222": "Lefortovskij val",
    "1223": "1-j Krasnokursantskij pr-d",
    "1224": "Lefortovskij most",
    "1225": "Lefortovskaja nab.",
    "1226": "ul. Radio",
    "1227": "Dobroslobodskaja ul.",
    "1228": "Elizavetinskij per.",
    "1229": "nab. Akademika Tupoleva",
    "1230": "4-j Syromjatnicheskij pr-d",
    "1231": "Tramvaj № 24",
    "1232": "ul. Vinokurova",
    "1233": "ul. Shvernika",
    "1234": "Zagorodnoe sh.",
    "1235": "\"Sevastopol'skij pr-kt, 1\"",
    "1236": "Bol'nitsa im. Alekseeva",
    "1237": "Sportivnaja shkola \"Trinta\"",
    "1238": "Duhovskoj per.",
    "1239": "3-ja Roschinskaja ul.",
    "1240": "3-j V. Mihajlovskij pr-d",
    "1241": "Tramvaj № 26",
    "1242": "Metro \"Dmitrovskaja\"",
    "1243": "Dmitrovskij pr-d",
    "1244": "ul. Vsevoloda Vishnevskogo",
    "1245": "Magazin \"Svet\"",
    "1246": "Prefektura SAO",
    "1247": "Park \"Dubki\"",
    "1248": "Krasnostudencheskij pr-d",
    "1249": "Institut biotehnologij",
    "1250": "Pasechnaja ul.",
    "1251": "TSHA",
    "1252": "Poligraficheskij institut",
    "1253": "Kinoteatr \"Bajkal\"",
    "1254": "Tramvaj № 27",
    "1255": "Tramvaj № 110",
    "1256": "Tramvaj № 28k",
    "1257": "Metro \"Bul'var Rokossovskogo\" S",
    "1258": "5-j pr-d Podbel'skogo",
    "1259": "3-j pr-d Podbel'skogo",
    "1260": "Igral'naja ul.",
    "1261": "Pogonnyj pr-d",
    "1262": "Laninskij per.",
    "1263": "Bogorodskoe",
    "1264": "Tramvaj № 29",
    "1265": "M. Semenovskaja ul.",
    "1266": "Tramvaj № 2",
    "1267": "Tramvaj № 30",
    "1268": "Aviamotornaja ul.",
    "1269": "Lefortovskij rynok",
    "1270": "\"Aviamotornaja ul., 2\"",
    "1271": "Kinoteatr \"Sputnik\"",
    "1272": "Soldatskaja ul.",
    "1273": "Gospital'naja pl.",
    "1274": "Vvedenskoe kladbische",
    "1275": "Uhtomskaja ul.",
    "1276": "Semenovskij val",
    "1277": "Kirpichnaja ul.",
    "1278": "Tramvaj № 32",
    "1279": "Tramvaj № 33",
    "1280": "Stadion \"Kryl'ja Sovetov\"",
    "1281": "9-ja ul. Sokolinoj Gory",
    "1282": "8-ja ul. Sokolinoj Gory",
    "1283": "\"pr-kt Budennogo, 24\"",
    "1284": "5-ja ul. Sokolinoj Gory",
    "1285": "\"pr-kt Budennogo, 49\"",
    "1286": "Komp'juternyj tsentr",
    "1287": "Tramvaj № 34",
    "1288": "Novospasskij most",
    "1289": "Kozhevnicheskaja ul.",
    "1290": "Paveletskij vokzal",
    "1291": "Institut antibiotikov",
    "1292": "Juvelirnyj zavod",
    "1293": "7-j trollejbusnyj park",
    "1294": "Zavod kardannyh valov",
    "1295": "ul. Sadovniki",
    "1296": "Shkola №574",
    "1297": "Metro \"Kolomenskaja\"",
    "1298": "9-j kvartal",
    "1299": "\"Sudostroitel'naja ul., 17\"",
    "1300": "Klenovyj b-r",
    "1301": "Zatonnaja ul.",
    "1302": "Jakornaja ul.",
    "1303": "Nagatino",
    "1304": "Tramvaj № 35",
    "1305": "Tramvaj № 35k",
    "1306": "Tramvaj № 36",
    "1307": "MGTU im. Baumana",
    "1308": "Denisovskij per.",
    "1309": "Aptekarskij per.",
    "1310": "Metro \"Baumanskaja\"",
    "1311": "Bakuninskaja ul.",
    "1312": "\"Baumanskaja ul., 17\"",
    "1313": "Baumanskaja ul.",
    "1314": "Poliklinika №15",
    "1315": "Ol'hovskaja ul.",
    "1316": "N. Krasnosel'skaja ul.",
    "1317": "Metro \"Krasnosel'skaja\"",
    "1318": "Komsomol'skaja pl.",
    "1319": "Tramvaj № 37",
    "1320": "Tramvaj № 38",
    "1321": "Tramvaj № 38k",
    "1322": "Tramvaj № 3",
    "1323": "Tramvaj № 39",
    "1324": "DK \"Serp i Molot\"",
    "1325": "Tramvajno-remontnyj zavod",
    "1326": "Samokatnaja ul.",
    "1327": "Volochaevskaja ul.",
    "1328": "Tramvaj № 43",
    "1329": "Lesnorjadskaja ul.",
    "1330": "Malenkovskaja ul.",
    "1331": "Tramvaj № 45",
    "1332": "Tramvaj № 46",
    "1333": "Tramvaj № 47",
    "1334": "Tramvaj № 47k",
    "1335": "Tramvaj № 50",
    "1336": "B. Shirjaevskaja ul.",
    "1337": "B. Olen'ja ul.",
    "1338": "Majskij prosek",
    "1339": "ul. Korolenko",
    "1340": "Ohotnich'ja ul.",
    "1341": "Metro \"Bul'var Rokossovskogo\" Ju",
    "1342": "Tramvaj № 4l",
    "1343": "Tramvaj № 4p",
    "1344": "Brattsevo",
    "1345": "NIIAT",
    "1346": "ul. Vilisa Latsisa",
    "1347": "\"ul. Geroev Panfilovtsev, 33\"",
    "1348": "Institut im. Mendeleeva",
    "1349": "Turistskaja ul.",
    "1350": "\"ul. Geroev Panfilovtsev, 21\"",
    "1351": "Planernaja ul.",
    "1352": "ul. Fomichevoj",
    "1353": "Metro \"Shodnenskaja\"",
    "1354": "Nelidovskaja ul.",
    "1355": "ul. Fabritsiusa",
    "1356": "Zapadnyj most",
    "1357": "Novoposelkovaja ul.",
    "1358": "Vostochnyj most",
    "1359": "ul. Mescherjakova",
    "1360": "ul. Tsiolkovskogo",
    "1361": "Tushinskaja ul.",
    "1362": "Kanal im. Moskvy",
    "1363": "Bol'nitsa MPS",
    "1364": "Pokrovskoe-Glebovo",
    "1365": "Tramvaj № 6",
    "1366": "Tramvaj № 6k",
    "1367": "Tramvaj № 7",
    "1368": "Kievskij vokzal",
    "1369": "Frunzenskaja naberezhnaja",
    "1370": "Park Kul'tury",
    "1371": "Krymskij most",
    "1372": "Teatr estrady",
    "1373": "Gostinitsa \"Rossija\"",
    "1374": "Juzhnyj rechnoj vokzal",
    "1375": "Muzej-zapovednik \"Kolomenskoe\"",
    "1376": "Rechnoj tramvaj",
    "1377": "Stantsija \"Krjukovo\"",
    "1378": "Panfilovskij prosp.",
    "1379": "12-j mikrorajon",
    "1380": "Berezovaja alleja",
    "1381": "Dom mebeli",
    "1382": "1-j Torgovyj tsentr",
    "1383": "Kinoteatr \"Elektron\"",
    "1384": "Magazin \"Detskij mir\"",
    "1385": "Magazin \"Okean\"",
    "1386": "Dom byta",
    "1387": "Magazin \"Tovary dlja doma\"",
    "1388": "Univermag",
    "1389": "ul. Junosti",
    "1390": "Muzykal'naja shkola",
    "1391": "Vedogon' teatr",
    "1392": "Tsentr \"Juvelir\"",
    "1393": "Ozernaja alleja",
    "1394": "7-j Torgovyj tsentr",
    "1395": "Vodokanal",
    "1396": "Fabrika-prachechnaja",
    "1397": "Oranzhereja",
    "1398": "\"Avtobusnyj park, po trebovaniju\"",
    "1399": "STO VAZ",
    "1400": "Avtobus № 1(z)",
    "1401": "Moskovskij prosp.",
    "1402": "Dvorets kul'tury",
    "1403": "Rodil'nyj dom",
    "1404": "Gorodskaja bol'nitsa",
    "1405": "Avtobus № 10(z)",
    "1406": "Severnaja",
    "1407": "4-j Zapadnyj pr.",
    "1408": "Avtokombinat",
    "1409": "Berezka",
    "1410": "MIET",
    "1411": "Solnechnaja alleja",
    "1412": "9-j mikrorajon",
    "1413": "10-j mikrorajon",
    "1414": "Istoricheskij muzej",
    "1415": "Korpus 1012",
    "1416": "Tsentr reabilitatsii",
    "1417": "MGADA",
    "1418": "11-j mikrorajon",
    "1419": "Avtobus № 11(z)",
    "1420": "Moskovskij prospekt",
    "1421": "Nikol'skaja tserkov'",
    "1422": "MZhK",
    "1423": "Avtobus № 12(z)",
    "1424": "Uchilische",
    "1425": "AZS",
    "1426": "Avtobaza",
    "1427": "Zapadnaja",
    "1428": "Avtobus № 13(z)",
    "1429": "14-j mikrorajon",
    "1430": "Vystavochnyj zal",
    "1431": "Korpus 1407",
    "1432": "Korpus 1401",
    "1433": "Shkola iskusstv",
    "1434": "Dezhurnaja apteka",
    "1435": "18-j mikrorajon",
    "1436": "Avtobus № 14(z)",
    "1437": "Gorodskoe kladbische",
    "1438": "Avtodormehbaza",
    "1439": "Krjukovskaja estakada",
    "1440": "ul. 1-go Maja",
    "1441": "Ovrazhnaja ul.",
    "1442": "Pensionnyj fond",
    "1443": "Korpus 1645",
    "1444": "Korpus 1640",
    "1445": "Supermarket \"Prospekt\"",
    "1446": "Rynok",
    "1447": "Otdelenie militsii",
    "1448": "Korpus 1602",
    "1449": "16-j mikrorajon",
    "1450": "Avtobus № 15(z)",
    "1451": "Korpus 1420",
    "1452": "Korpus 1428",
    "1453": "Pozharnoe depo",
    "1454": "Korpus 1471",
    "1455": "Avtobus № 16(z)",
    "1456": "15-j mikrorajon",
    "1457": "Korpus 1557",
    "1458": "Korpus 1501",
    "1459": "Avtobus № 17(z)",
    "1460": "\"Kladbische, po trebovaniju\"",
    "1461": "Sosenki",
    "1462": "Pochtovaja ul.",
    "1463": "Shkola",
    "1464": "Tsentral'naja ul.",
    "1465": "Avtobus № 18(z)",
    "1466": "Tsentr zanjatosti naselenija",
    "1467": "Korpus 1538",
    "1468": "Avtobus № 19(z)",
    "1469": "Fabrika-prachechnaja2",
    "1470": "Avtobus № 2(z)",
    "1471": "Avtobus № 19k(z)",
    "1472": "Zavodskaja ul.",
    "1473": "Promkombinat",
    "1474": "Kombinat ZhBI",
    "1475": "RTS-4",
    "1476": "Derevnja Malino",
    "1477": "GSK",
    "1478": "Malinskaja ul.",
    "1479": "Medvedki",
    "1480": "Kladbische \"Rozhki\"",
    "1481": "Avtobus № 20(z)",
    "1482": "Korpus 814",
    "1483": "Korpus 815",
    "1484": "Korpus 856",
    "1485": "Shkola nadomnogo obuchenija",
    "1486": "Platforma \"Malino\"",
    "1487": "Avtobus № 21(z)",
    "1488": "Korpus 1624",
    "1489": "Korpus 1620",
    "1490": "Korpus 1649",
    "1491": "Avtobus № 22(z)",
    "1492": "Avtobus № 23(z)",
    "1493": "Avtobus № 27(z)",
    "1494": "Dom № 50",
    "1495": "Derevnja Alabushevo",
    "1496": "Uchastok mehanizatsii",
    "1497": "Avtobus № 3(z)",
    "1498": "Kafe \"Lesnoe\"",
    "1499": "Korpus 1121",
    "1500": "RTS-2",
    "1501": "Avtobus № 4(z)",
    "1502": "Avtobus № 5(z)",
    "1503": "Avtobus № 6(z)",
    "1504": "Kinologicheskij tsentr",
    "1505": "Reka Shodnja",
    "1506": "Derevnja Nazar'evo",
    "1507": "Dachnyj poselok",
    "1508": "Platforma \"Firsanovka\"",
    "1509": "Avtobus № 7(z)",
    "1510": "41-j kilometr",
    "1511": "Avtobus № 8(z)",
    "1512": "Avtobus № 9(z)",
    "1513": "Metro",
    "1514": "ROOT",
    "1515": "Metro",
    "1516": "Train",
    "1517": "lening-bologoezhd",
    "1518": "OTHER",
    "1519": "Train",
    "1520": "Bus",
    "1521": "Tram",
    "1522": "tramwayse",
    "1523": "tramwaysn",
    "1524": "tramwaysnw",
    "1525": "tramwayss",
    "1526": "Imported from http://pmetro.su"
}