{
    "0": "Bul'var Rokossovskogo",
    "1": "Cherkizovskaja",
    "2": "Preobrazhenskaja ploschad'",
    "3": "Sokol'niki",
    "4": "Krasnosel'skaja",
    "5": "Komsomol'skaja",
    "6": "Krasnye vorota",
    "7": "Chistye prudy",
    "8": "Lubjanka",
    "9": "Ohotnyj rjad",
    "10": "Biblioteka imeni Lenina",
    "11": "Kropotkinskaja",
    "12": "Park kul'tury",
    "13": "Frunzenskaja",
    "14": "Sportivnaja",
    "15": "Vorob'evy gory",
    "16": "Universitet",
    "17": "Prospekt Vernadskogo",
    "18": "Jugo-Zapadnaja",
    "19": "Troparevo",
    "20": "Rumjantsevo",
    "21": "Salar'evo",
    "22": "Filatov lug",
    "23": "Prokshino",
    "24": "Ol'hovaja",
    "25": "Kommunarka",
    "26": "Sokol'nicheskaja",
    "27": "Altuf'evo",
    "28": "Bibirevo",
    "29": "Otradnoe",
    "30": "Vladykino",
    "31": "Petrovsko-Razumovskaja",
    "32": "Timirjazevskaja",
    "33": "Dmitrovskaja",
    "34": "Savelovskaja",
    "35": "Mendeleevskaja",
    "36": "Tsvetnoj bul'var",
    "37": "Chehovskaja",
    "38": "Borovitskaja",
    "39": "Poljanka",
    "40": "Serpuhovskaja",
    "41": "Tul'skaja",
    "42": "Nagatinskaja",
    "43": "Nagornaja",
    "44": "Nahimovskij prospekt",
    "45": "Sevastopol'skaja",
    "46": "Chertanovskaja",
    "47": "Juzhnaja",
    "48": "Prazhskaja",
    "49": "Ulitsa Akademika Jangelja",
    "50": "Annino",
    "51": "Bul'var Dmitrija Donskogo",
    "52": "Serpuhovsko-Timirjazevskaja",
    "53": "Fizteh",
    "54": "Lianozovo",
    "55": "Jahromskaja",
    "56": "Seligerskaja",
    "57": "Verhnie Lihobory",
    "58": "Okruzhnaja",
    "59": "Fonvizinskaja",
    "60": "Butyrskaja",
    "61": "Mar'ina roscha",
    "62": "Dostoevskaja",
    "63": "Trubnaja",
    "64": "Sretenskij bul'var",
    "65": "Chkalovskaja",
    "66": "Rimskaja",
    "67": "Krest'janskaja zastava",
    "68": "Dubrovka",
    "69": "Kozhuhovskaja",
    "70": "Pechatniki",
    "71": "Volzhskaja",
    "72": "Ljublino",
    "73": "Bratislavskaja",
    "74": "Mar'ino",
    "75": "Borisovo",
    "76": "Shipilovskaja",
    "77": "Zjablikovo",
    "78": "Ljublinsko-Dmitrovskaja",
    "79": "Petrovskij park",
    "80": "TsSKA",
    "81": "Horoshevskaja",
    "82": "Shelepiha",
    "83": "Delovoj tsentr",
    "84": "Narodnoe opolchenie",
    "85": "Mnevniki",
    "86": "Terehovo",
    "87": "Kuntsevskaja",
    "88": "Davydkovo",
    "89": "Amin'evskaja",
    "90": "Michurinskij prospekt",
    "91": "Novatorskaja",
    "92": "Vorontsovskaja",
    "93": "Zjuzino",
    "94": "Kahovskaja",
    "95": "Varshavskaja",
    "96": "Kashirskaja",
    "97": "Klenovyj bul'var",
    "98": "Nagatinskij Zaton",
    "99": "Tekstil'schiki",
    "100": "Nizhegorodskaja",
    "101": "Aviamotornaja",
    "102": "Lefortovo",
    "103": "Elektrozavodskaja",
    "104": "Rizhskaja",
    "105": "Mar'ina Roscha",
    "106": "BKL",
    "107": "Bittsevskij park",
    "108": "Lesoparkovaja",
    "109": "Ulitsa Starokachalovskaja",
    "110": "Ulitsa Skobelevskaja",
    "111": "Bul'var Admirala Ushakova",
    "112": "Ulitsa Gorchakova",
    "113": "Buninskaja alleja",
    "114": "Butovskaja",
    "115": "Ulitsa Milashenkova",
    "116": "Teletsentr",
    "117": "Ulitsa akademika Koroleva",
    "118": "Vystavochnyj tsentr",
    "119": "Ulitsa Sergeja Ejzenshtejna",
    "120": "Monorel's",
    "121": "Botanicheskij sad",
    "122": "Rostokino",
    "123": "Belokamennaja",
    "124": "Lokomotiv",
    "125": "Izmajlovo",
    "126": "Sokolinaja Gora",
    "127": "Shosse Entuziastov",
    "128": "Andronovka",
    "129": "Novohohlovskaja",
    "130": "Ugreshskaja",
    "131": "Avtozavodskaja",
    "132": "ZIL",
    "133": "Verhnie Kotly",
    "134": "Krymskaja",
    "135": "Ploschad' Gagarina",
    "136": "Luzhniki",
    "137": "Kutuzovskaja",
    "138": "Moskva-Siti",
    "139": "Horoshevo",
    "140": "Zorge",
    "141": "Panfilovskaja",
    "142": "Streshnevo",
    "143": "Baltijskaja",
    "144": "Koptevo",
    "145": "Lihobory",
    "146": "MTsK",
    "147": "Nekrasovka",
    "148": "Luhmanovskaja",
    "149": "Ulitsa Dmitrievskogo",
    "150": "Kosino",
    "151": "Jugo-Vostochnaja",
    "152": "Okskaja",
    "153": "Stahanovskaja",
    "154": "Nekrasovskaja",
    "155": "Akademicheskaja",
    "156": "Vavilovskaja",
    "157": "Universitet druzhby narodov",
    "158": "Generala Tjuleneva",
    "159": "Tjutchevskaja",
    "160": "Kornilovskaja",
    "161": "Novomoskovskaja",
    "162": "Sosenki",
    "163": "Letovo",
    "164": "Desna",
    "165": "Kedrovaja",
    "166": "Vatutinki",
    "167": "Troitsk",
    "168": "Troitskaja",
    "169": "Lobnja",
    "170": "Sheremet'evskaja",
    "171": "Hlebnikovo",
    "172": "Vodniki",
    "173": "Dolgoprudnaja",
    "174": "Novodachnaja",
    "175": "Mark",
    "176": "Ilimskaja",
    "177": "Beskudnikovo",
    "178": "Degunino",
    "179": "Savelovskaja",
    "180": "Belorusskaja",
    "181": "Begovaja",
    "182": "Testovskaja <Moskva-Siti>",
    "183": "Fili",
    "184": "Slavjanskij bul'var",
    "185": "Rabochij Poselok",
    "186": "Setun'",
    "187": "Nemchinovka",
    "188": "Skolkovo",
    "189": "Bakovka",
    "190": "Odintsovo",
    "191": "MTsD1",
    "192": "Nahabino",
    "193": "Anikeevka",
    "194": "Opaliha",
    "195": "Krasnogorskaja",
    "196": "Pavshino",
    "197": "Penjagino",
    "198": "Volokolamskaja",
    "199": "Trikotazhnaja",
    "200": "Tushinskaja",
    "201": "Schukinskaja",
    "202": "Krasnyj Baltiets",
    "203": "Grazhdanskaja",
    "204": "Ploschad' treh vokzalov",
    "205": "Kurskaja",
    "206": "Moskva Tovarnaja",
    "207": "Kalitniki",
    "208": "Depo",
    "209": "Pererva",
    "210": "Kur'janovo",
    "211": "Moskvorech'e",
    "212": "Tsaritsyno",
    "213": "Kotljakovo",
    "214": "Pokrovskoe",
    "215": "Krasnyj Stroitel'",
    "216": "Bittsa",
    "217": "Butovo",
    "218": "Scherbinka",
    "219": "Ostaf'evo",
    "220": "Silikatnaja",
    "221": "Podol'sk",
    "222": "MTsD2",
    "223": "Hovrino",
    "224": "Belomorskaja",
    "225": "Rechnoj vokzal",
    "226": "Vodnyj stadion",
    "227": "Vojkovskaja",
    "228": "Sokol",
    "229": "Aeroport",
    "230": "Dinamo",
    "231": "Majakovskaja",
    "232": "Tverskaja",
    "233": "Teatral'naja",
    "234": "Novokuznetskaja",
    "235": "Paveletskaja",
    "236": "Tehnopark",
    "237": "Kolomenskaja",
    "238": "Kantemirovskaja",
    "239": "Orehovo",
    "240": "Domodedovskaja",
    "241": "Krasnogvardejskaja",
    "242": "Alma-Atinskaja",
    "243": "Zamoskvoretskaja",
    "244": "Zelenograd",
    "245": "Malino",
    "246": "Firsanovskaja",
    "247": "Shodnja",
    "248": "Podrezkovo",
    "249": "Novopodrezkovo",
    "250": "Molzhaninovo",
    "251": "Himki",
    "252": "Levoberezhnaja",
    "253": "Grachevskaja",
    "254": "Mossel'mash",
    "255": "Petrovsko-razumovskaja",
    "256": "Ostankino",
    "257": "Mit'kovo",
    "258": "Sortirovochnaja",
    "259": "Perovo",
    "260": "Pljuschevo",
    "261": "Veshnjaki",
    "262": "Vyhino",
    "263": "Uhtomskaja",
    "264": "Ljubertsy-1",
    "265": "Panki",
    "266": "Tomilino",
    "267": "Kraskovo",
    "268": "Malahovka",
    "269": "Udel'naja",
    "270": "Bykovo",
    "271": "Il'inskaja",
    "272": "Otdyh",
    "273": "Kratovo",
    "274": "Eseninskaja",
    "275": "Fabrichnaja",
    "276": "Ramenskoe",
    "277": "Ippodrom",
    "278": "MTsD3",
    "279": "Aprelevka",
    "280": "Pobeda",
    "281": "Krekshino",
    "282": "Sanino",
    "283": "Kokoshkino",
    "284": "Tolstopal'tsevo",
    "285": "Lesnoj Gorodok",
    "286": "Vnukovo",
    "287": "Michurinets",
    "288": "Peredelkino",
    "289": "Solnechnaja",
    "290": "Mescherskaja",
    "291": "Ochakovo",
    "292": "Matveevskaja",
    "293": "Minskaja",
    "294": "Poklonnaja",
    "295": "Ermakova Roscha",
    "296": "Moskva Belorusskaja",
    "297": "Stankolit",
    "298": "Moskva Kurskaja",
    "299": "Serp i Molot",
    "300": "Chuhlinka",
    "301": "Kuskovo",
    "302": "Novogireevo",
    "303": "Reutov",
    "304": "Nikol'skoe",
    "305": "Saltykovskaja",
    "306": "Kuchino",
    "307": "Ol'gino",
    "308": "Zheleznodorozhnaja",
    "309": "MTsD4",
    "310": "Schelkovskaja",
    "311": "Pervomajskaja",
    "312": "Izmajlovskaja",
    "313": "Partizanskaja",
    "314": "Semenovskaja",
    "315": "Baumanskaja",
    "316": "Ploschad' Revoljutsii",
    "317": "Arbatskaja",
    "318": "Smolenskaja",
    "319": "Kievskaja",
    "320": "Park Pobedy",
    "321": "Molodezhnaja",
    "322": "Krylatskoe",
    "323": "Strogino",
    "324": "Mjakinino",
    "325": "Mitino",
    "326": "Pjatnitskoe shosse",
    "327": "Arbatsko-Pokrovskaja",
    "328": "Pionerskaja",
    "329": "Filevskij park",
    "330": "Bagrationovskaja",
    "331": "Studencheskaja",
    "332": "Aleksandrovskij sad",
    "333": "Filevskaja",
    "334": "Oktjabr'skaja",
    "335": "Dobryninskaja",
    "336": "Taganskaja",
    "337": "Prospekt Mira",
    "338": "Novoslobodskaja",
    "339": "Krasnopresnenskaja",
    "340": "Kol'tsevaja",
    "341": "Medvedkovo",
    "342": "Babushkinskaja",
    "343": "Sviblovo",
    "344": "VDNH",
    "345": "Alekseevskaja",
    "346": "Suharevskaja",
    "347": "Turgenevskaja",
    "348": "Kitaj-gorod",
    "349": "Tret'jakovskaja",
    "350": "Shabolovskaja",
    "351": "Leninskij prospekt",
    "352": "Profsojuznaja",
    "353": "Novye Cheremushki",
    "354": "Kaluzhskaja",
    "355": "Beljaevo",
    "356": "Kon'kovo",
    "357": "Teplyj Stan",
    "358": "Jasenevo",
    "359": "Novojasenevskaja",
    "360": "Kaluzhsko-Rizhskaja",
    "361": "Planernaja",
    "362": "Shodnenskaja",
    "363": "Spartak",
    "364": "Oktjabr'skoe pole",
    "365": "Polezhaevskaja",
    "366": "Ulitsa 1905 goda",
    "367": "Barrikadnaja",
    "368": "Pushkinskaja",
    "369": "Kuznetskij most",
    "370": "Proletarskaja",
    "371": "Volgogradskij prospekt",
    "372": "Kuz'minki",
    "373": "Rjazanskij prospekt",
    "374": "Lermontovskij prospekt",
    "375": "Zhulebino",
    "376": "Kotel'niki",
    "377": "Tagansko-Krasnopresnenskaja",
    "378": "Novokosino",
    "379": "Ploschad' Il'icha",
    "380": "Marksistskaja",
    "381": "Kalininsko-Solntsevskaja",
    "382": "Lomonosovskij prospekt",
    "383": "Ramenki",
    "384": "Ozernaja",
    "385": "Govorovo",
    "386": "Solntsevo",
    "387": "Borovskoe shosse",
    "388": "Novoperedelkino",
    "389": "Rasskazovka",
    "390": "Pyhtino",
    "391": "Aeroport Vnukovo",
    "392": "Solntsevskaja",
    "393": "Kalanchevskaja",
    "394": "Rzhevskaja",
    "395": "Moskva Smolenskaja",
    "396": "Moskva Savelovskaja",
    "397": "Mezhduvokzal'naja",
    "398": "Moskva Tov.",
    "399": "Pokrovskaja",
    "400": "Vesennjaja",
    "401": "Grivno",
    "402": "L'vovskaja",
    "403": "Kolhoznaja",
    "404": "Stolbovaja",
    "405": "Pl. 66 km",
    "406": "Chepelevo",
    "407": "Chehov",
    "408": "Luch",
    "409": "Sharapova Ohota",
    "410": "Pl. 92 km",
    "411": "Avangard",
    "412": "Serpuhov",
    "413": "Oka",
    "414": "Pl. 107 km",
    "415": "Priokskaja",
    "416": "Pl. 118 km",
    "417": "Tarusskaja",
    "418": "Pl. 132 km",
    "419": "Pahomovo",
    "420": "Shul'gino",
    "421": "Pl. 153 km",
    "422": "Jasnogorsk",
    "423": "Shemetovo",
    "424": "Baranovo",
    "425": "Revjakino",
    "426": "Bajdiki",
    "427": "Homjakovo",
    "428": "Pl. 191 km",
    "429": "Tula",
    "430": "Karacharovo",
    "431": "Reutovo",
    "432": "Chernoe",
    "433": "Zarja",
    "434": "Kupavna",
    "435": "Pl. 33 km",
    "436": "Elektrougli",
    "437": "Pl. 43 km",
    "438": "Hrapunovo",
    "439": "Esino",
    "440": "Frjazevo",
    "441": "Kazanskoe",
    "442": "Vohna",
    "443": "Pavlovskij Posad",
    "444": "Nazar'evo",
    "445": "Drezna",
    "446": "Kabanovo",
    "447": "Pl. 87 km",
    "448": "Orehovo-Zuevo",
    "449": "Krutoe",
    "450": "Voinovo",
    "451": "Usad",
    "452": "Glubokovo",
    "453": "Pokrov",
    "454": "Pl. 113 km",
    "455": "Omutische",
    "456": "Leonovo",
    "457": "Petushki",
    "458": "Kosterevo",
    "459": "Boldino",
    "460": "Sushnevo",
    "461": "Krasnaja Ohota",
    "462": "Undol",
    "463": "Pl. 170 km",
    "464": "Koloksha",
    "465": "Jur'evets",
    "466": "Vladimir",
    "467": "Strojka",
    "468": "Gorenki",
    "469": "Balashiha",
    "470": "Metallurg",
    "471": "Elektrostal'",
    "472": "Mashinostroitel'",
    "473": "Noginsk",
    "474": "Zaharovo",
    "475": "Lenskaja",
    "476": "Kovrigino",
    "477": "Pl. 14 km",
    "478": "Elektrogorsk",
    "479": "Gor'kovskaja",
    "480": "Moskva Kazanskaja",
    "481": "Pl. 42 km",
    "482": "Pl. 47 km",
    "483": "Sovhoz",
    "484": "Zagornovo",
    "485": "Bronnitsy",
    "486": "Raduga",
    "487": "Pl. 63 km",
    "488": "Beloozerskaja",
    "489": "Faustovo",
    "490": "Zolotovo",
    "491": "Vinogradovo",
    "492": "Konobeevo",
    "493": "Trofimovo",
    "494": "Pl. 88 km",
    "495": "Voskresensk",
    "496": "Shifernaja",
    "497": "Moskvoretskaja",
    "498": "Tsemgigant",
    "499": "Peski",
    "500": "Konev Bor",
    "501": "Horoshevo",
    "502": "Kolomna",
    "503": "Golutvin",
    "504": "Schurovo",
    "505": "Chernaja",
    "506": "132 km",
    "507": "Luhovitsy",
    "508": "142 km",
    "509": "Podlipki",
    "510": "Fruktovaja",
    "511": "Alpat'evo",
    "512": "Slemy",
    "513": "Divovo",
    "514": "Istodniki",
    "515": "Pl. 180 km",
    "516": "Rybnoe Pass",
    "517": "Hodynino",
    "518": "184 km",
    "519": "Rjazan' Sort",
    "520": "187 km",
    "521": "188 km",
    "522": "Nedostoevo",
    "523": "Gusevskaja",
    "524": "Djagilevo",
    "525": "Lagernyj",
    "526": "Rjazan' 2",
    "527": "Rjazan' 1",
    "528": "Bachmanovo",
    "529": "Pl. 6 km",
    "530": "Sychevo",
    "531": "Lystsovskaja",
    "532": "Semenovskij",
    "533": "Pl. 18 km",
    "534": "Karasevy",
    "535": "Kudrjavtsevo",
    "536": "Danilovskaja",
    "537": "Pl. 30 km",
    "538": "Pl. 38 km",
    "539": "Ozery",
    "540": "Ljubertsy-2",
    "541": "Korenevo",
    "542": "Ovrazhki",
    "543": "Rodniki",
    "544": "Vjalki",
    "545": "Hripan'",
    "546": "Pl. 41 km",
    "547": "Donino",
    "548": "Pl. 49 km",
    "549": "Pl. 52 km",
    "550": "Grigorovo",
    "551": "Pl. 55 km",
    "552": "Gzhel'",
    "553": "Ignat'evo",
    "554": "Kuzjaevo",
    "555": "Shevljagino",
    "556": "Pl. 73 km",
    "557": "Antsiferovo",
    "558": "Podosinki",
    "559": "Kurovskaja",
    "560": "Pl. 90 km",
    "561": "Pl. 95 km",
    "562": "Avsjunino",
    "563": "Zapolitsy",
    "564": "Zaputnaja",
    "565": "Shaturtorf",
    "566": "Shatura",
    "567": "Botino",
    "568": "Krivandino",
    "569": "Tugoles'e",
    "570": "Vojmezhnyj",
    "571": "Cherusti",
    "572": "Nerskaja",
    "573": "Il'inskij Pogost",
    "574": "Pl. 32 km",
    "575": "Egor'evsk",
    "576": "Osanovo",
    "577": "Pozhoga",
    "578": "Pl. 29 km",
    "579": "Barmino",
    "580": "Sazonovo",
    "581": "Rjazanovka",
    "582": "Rjazanskaja",
    "583": "Moskva Jaroslavskaja",
    "584": "Moskva-3",
    "585": "Malenkovskaja",
    "586": "Jauza",
    "587": "Severjanin",
    "588": "Losinoostrovskaja",
    "589": "Los'",
    "590": "Perlovskaja",
    "591": "Tajninskaja",
    "592": "Mytischi",
    "593": "Stroitel'",
    "594": "Cheljuskinskaja",
    "595": "Tarasovskaja",
    "596": "Kljaz'ma",
    "597": "Mamontovskaja",
    "598": "Pushkino",
    "599": "Zavety Il'icha",
    "600": "Pravda",
    "601": "Zelenogradskaja",
    "602": "Sofrino",
    "603": "Ashukinskaja",
    "604": "Kalistovo",
    "605": "Radonezh",
    "606": "Abramtsevo",
    "607": "Hot'kovo",
    "608": "Semhoz",
    "609": "Sergiev Posad",
    "610": "Pl. 76 km",
    "611": "Pl. 81 km",
    "612": "Pl. 83 km",
    "613": "Buzhaninovo",
    "614": "Arsaki",
    "615": "Strunino",
    "616": "Aleksandrov",
    "617": "Pl. 117 km",
    "618": "Moshnino",
    "619": "Balakirevo",
    "620": "Bagrimovo",
    "621": "Pl. 142 km",
    "622": "Berendeevo",
    "623": "Pl. 147 km",
    "624": "Shushkovo",
    "625": "Pl. 155 km",
    "626": "Roksha",
    "627": "Rjazantsevo",
    "628": "Beklemishevo",
    "629": "Itlar'",
    "630": "Pl. 187 km",
    "631": "Sil'nitsy",
    "632": "Petrovsk",
    "633": "Debolovskaja",
    "634": "Rostov",
    "635": "Jaroslavl'",
    "636": "Podlipki-Dachnye",
    "637": "Pl. Bolshevo",
    "638": "Fabrika 1 Maja",
    "639": "Zelenyj Bor",
    "640": "Ivanteevka-2",
    "641": "Ivanteevka",
    "642": "Detskaja",
    "643": "Frjazino Tov.",
    "644": "Frjazino Pass.",
    "645": "Bolshevo",
    "646": "Valentinovka",
    "647": "Zagorjanskaja",
    "648": "Sokolovskaja",
    "649": "Voronok",
    "650": "Schelkovo",
    "651": "Gagarinskaja",
    "652": "Bahchivandzhi",
    "653": "Tsiolkovskaja",
    "654": "Oseevskaja",
    "655": "Monino",
    "656": "Kashino",
    "657": "Kolontaevo",
    "658": "Lesnaja",
    "659": "pos. Dal'nij",
    "660": "Rahmanovo",
    "661": "Fedorovskoe",
    "662": "Putilovo",
    "663": "Krasnoarmejsk",
    "664": "Jaroslavskaja",
    "665": "Moskva Leningradskaja",
    "666": "Petrovsko-Razumovskoe",
    "667": "NATI",
    "668": "Novo-Podrezkovo",
    "669": "Firsanovka",
    "670": "Krjukovo",
    "671": "Alabushevo",
    "672": "Radischevo",
    "673": "Povarovka",
    "674": "Povarovo-1",
    "675": "Berezki Dachnye",
    "676": "Podsolnechnaja",
    "677": "Senezh",
    "678": "Golovkovo",
    "679": "Pokrovka",
    "680": "Frolovskoe",
    "681": "Streglovo",
    "682": "Klin",
    "683": "Jamuga",
    "684": "Reshetnikovo",
    "685": "Chernichnaja",
    "686": "Zavidovo",
    "687": "Moskovskoe More",
    "688": "Redkino",
    "689": "Mezhevo",
    "690": "Kuz'minka",
    "691": "Chuprijanovka",
    "692": "Lazurnaja",
    "693": "Tver'",
    "694": "Doroshiha",
    "695": "Brjantsevo",
    "696": "Sanatorij",
    "697": "Tvertsa",
    "698": "Kulitskaja",
    "699": "Kulitskij Moh",
    "700": "Trubino",
    "701": "Krjuchkovo",
    "702": "Porshinets",
    "703": "Lihoslavl'",
    "704": "Lihosl.Park Shljuz",
    "705": "Lokottsy",
    "706": "Baranovka",
    "707": "Mutasheliha",
    "708": "Kalashnikovo",
    "709": "Buhalovskij pereezd",
    "710": "Levoshinka",
    "711": "Spirovo",
    "712": "Ljubinka",
    "713": "Industrija",
    "714": "Osechenka",
    "715": "Terelesovskaja",
    "716": "Elizarovka",
    "717": "Vyshnij Volochek",
    "718": "Tsna",
    "719": "Leont'evo",
    "720": "Pochvino",
    "721": "Sobolevo",
    "722": "Kostromtsovsk",
    "723": "Bochanovka",
    "724": "Pepersonovka 331 km",
    "725": "Bushevets",
    "726": "Vinogradovskaja 322 km",
    "727": "Veernoe Depo",
    "728": "Bologoe",
    "729": "Puteprovodnaja",
    "730": "Konakovskij Moh",
    "731": "Donhovka",
    "732": "Konakovo GRES",
    "733": "Leningradskaja",
    "734": "Lugovaja",
    "735": "Katuar",
    "736": "Trudovaja",
    "737": "Iksha",
    "738": "Morozki",
    "739": "Turist",
    "740": "Jahroma",
    "741": "Dmitrov",
    "742": "Kanalstroj",
    "743": "75 km",
    "744": "Orud'evo",
    "745": "Verbilki",
    "746": "94 km",
    "747": "Vlasovo",
    "748": "Taldom",
    "749": "Lebzino",
    "750": "124 km",
    "751": "Savelovo",
    "752": "Sorevnovanie",
    "753": "Zaprudnja",
    "754": "Tempy",
    "755": "Mel'dino",
    "756": "119 km",
    "757": "Karmanovo",
    "758": "Bol'shaja Volga",
    "759": "Dubna",
    "760": "Ivantsevo",
    "761": "80 km",
    "762": "Drachevo",
    "763": "74 km",
    "764": "71 km",
    "765": "69 km",
    "766": "Kostino",
    "767": "62 km",
    "768": "Zheltikovo",
    "769": "47 km",
    "770": "Bubjakovo",
    "771": "40 km",
    "772": "Naugol'nyj",
    "773": "Aeroport Sheremet'evo",
    "774": "Moskva Rizhskaja",
    "775": "Pokrovskoe-Streshnevo",
    "776": "Tushino",
    "777": "Malinovka",
    "778": "Dedovsk",
    "779": "Miitovskaja",
    "780": "Snegiri",
    "781": "Pl. 50 km",
    "782": "Manihino-1",
    "783": "Istra",
    "784": "Novoierusalimskaja",
    "785": "Holscheviki",
    "786": "Jadroshino",
    "787": "Kursakovskaja",
    "788": "Novopetrovskaja",
    "789": "Ustinovka",
    "790": "Pl. 91 km",
    "791": "Lesodolgorukovo",
    "792": "Chismena",
    "793": "Matrenino",
    "794": "Dubosekovo",
    "795": "Volokolamsk",
    "796": "Blagoveschenskoe",
    "797": "Pl. 141 km",
    "798": "Buholovo",
    "799": "Pl. 149 km",
    "800": "Shahovskaja",
    "801": "Moskva Kievskaja",
    "802": "Moskva Sort.",
    "803": "Krekshino",
    "804": "Dachnaja",
    "805": "Alabino",
    "806": "Seljatino",
    "807": "Rassudovo",
    "808": "Ozhigovo",
    "809": "Bekasovo",
    "810": "Zosimova Pustyn'",
    "811": "Nara",
    "812": "Latyshskaja",
    "813": "Bashkino",
    "814": "Vorsino",
    "815": "Balabanovo",
    "816": "Obninskoe",
    "817": "Shemjakino",
    "818": "Malojaroslavets",
    "819": "Erdenevo",
    "820": "Pl. 140 km",
    "821": "Suhodrev",
    "822": "Rodinka",
    "823": "Sljadnevo",
    "824": "Pl. 167 km",
    "825": "Tihonova Pustyn'",
    "826": "Gorenskaja",
    "827": "Kaluga 2",
    "828": "pos. Kievskij",
    "829": "Bekasovo Sort.",
    "830": "Bekasovo Tsentr.",
    "831": "Pl. 240 km",
    "832": "Pl. 241 km",
    "833": "Machihino",
    "834": "Pl. 250 km",
    "835": "Pl. 252 km",
    "836": "Kresty",
    "837": "Muratovka",
    "838": "Sadovaja",
    "839": "Azarovo",
    "840": "Kaluga 1",
    "841": "Moskva Paveletskaja",
    "842": "Nizhnie Kotly",
    "843": "Chertanovo",
    "844": "Birjulevo Tov.",
    "845": "Birjulevo Pass.",
    "846": "Bulatnikovo",
    "847": "Rastorguevo",
    "848": "Kalinina",
    "849": "Leninskaja",
    "850": "Domodedovo",
    "851": "Vzletnaja",
    "852": "Vostrjakovo",
    "853": "Belye Stolby",
    "854": "52 km",
    "855": "Barybino",
    "856": "Vel'jaminovo",
    "857": "Privalovo",
    "858": "Mihnevo",
    "859": "Shugarovo",
    "860": "85 km",
    "861": "Zhilevo",
    "862": "Sitenka",
    "863": "Stupino",
    "864": "Akri",
    "865": "Belopesotskij",
    "866": "Kashira",
    "867": "Tesna",
    "868": "Ozherel'e",
    "869": "121 km",
    "870": "Purlovo",
    "871": "Topkanovo",
    "872": "137 km",
    "873": "Bogatischevo",
    "874": "146 km",
    "875": "Korovino",
    "876": "152 km",
    "877": "Uzunovo",
    "878": "162 km",
    "879": "Dudino",
    "880": "Serebrjanye Prudy",
    "881": "Korablevka",
    "882": "Trepol'e",
    "883": "Vilenki",
    "884": "Dontsy",
    "885": "Mihajlov",
    "886": "Bojarintsevo",
    "887": "Goldino",
    "888": "Luzhkovskaja",
    "889": "Valshutka",
    "890": "Katino",
    "891": "Mshanka",
    "892": "Kremlevo",
    "893": "Pavelets-1",
    "894": "Aviatsionnaja",
    "895": "Kosmos",
    "896": "123 km",
    "897": "126 km",
    "898": "Pchelovodnaja",
    "899": "Mordves",
    "900": "156 km",
    "901": "Nastas'ino",
    "902": "163 km",
    "903": "166 km",
    "904": "168 km",
    "905": "Venev",
    "906": "180 km",
    "907": "Ol'hovka",
    "908": "193 km",
    "909": "Gritsovo",
    "910": "Maklets",
    "911": "Uzlovaja-2",
    "912": "O.P. Depo",
    "913": "Uzlovaja-1",
    "914": "Kuntsevo",
    "915": "Rabochij Poselok",
    "916": "Trehgorka",
    "917": "Perhushkovo",
    "918": "Zdravnitsa",
    "919": "Zhavoronki",
    "920": "Dachnoe",
    "921": "Malye Vjazemy",
    "922": "Golitsyno",
    "923": "Sushkinskaja",
    "924": "Petelino",
    "925": "Chastsovskaja",
    "926": "Portnovskaja",
    "927": "Kubinka",
    "928": "Chapaevka",
    "929": "Polushkino",
    "930": "Sanatornaja",
    "931": "Tuchkovo",
    "932": "Dorohovo",
    "933": "Shalikovo",
    "934": "Kukarinskaja",
    "935": "Pl. 109 km",
    "936": "Mozhajsk",
    "937": "Borodino",
    "938": "Koloch'",
    "939": "Uvarovka",
    "940": "Pl. 144 km",
    "941": "Drovnino",
    "942": "Batjushkovo",
    "943": "Kolesniki",
    "944": "Gagarin",
    "945": "Vasilisino",
    "946": "Sergo-Ivanovskaja",
    "947": "Pl. 205 km",
    "948": "Tumanovo",
    "949": "Pl. 215 km",
    "950": "Pl. 218 km",
    "951": "Pod'elki",
    "952": "Komjagino",
    "953": "Zubarevka",
    "954": "Vjaz'ma",
    "955": "Kuntsevo-2",
    "956": "Romashkovo",
    "957": "Razdory",
    "958": "Barviha",
    "959": "Il'inskoe",
    "960": "Usovo",
    "961": "Hljupino",
    "962": "Skorotovo",
    "963": "Zvenigorod",
    "964": "Kaluzhskaja pl.",
    "965": "Fabrika \"Udarnitsa\"",
    "966": "Metro \"Shabolovskaja\"",
    "967": "ul. Lesteva",
    "968": "Serpuhovskij val",
    "969": "Havskaja ul.",
    "970": "Danilovskij rynok",
    "971": "Serpuhovskaja zastava",
    "972": "Svjato-Danilov monastyr'",
    "973": "Danilovskij val",
    "974": "1-j Pavlovskij per.",
    "975": "Zavod im. Vladimira Il'icha",
    "976": "Fabrika \"Krasnye Sukonschiki\"",
    "977": "Zhukov pr-d",
    "978": "M. Strochenovskij per.",
    "979": "Stremjannyj per.",
    "980": "Zatsepskaja pl.",
    "981": "Metro \"Paveletskaja\"",
    "982": "Vishnjakovskij per.",
    "983": "Metro \"Tret'jakovskaja\"",
    "984": "Metro \"Novokuznetskaja\"",
    "985": "Sadovnicheskaja ul.",
    "986": "Jauzskie vorota",
    "987": "ul. Vorontsovo Pole",
    "988": "Durasovskij per.",
    "989": "Kazarmennyj per.",
    "990": "Pokrovskie vorota",
    "991": "B. Hariton'evskij per.",
    "992": "Metro \"Chistye prudy\"",
    "993": "Tramvaj № A",
    "994": "Novokonnaja pl.",
    "995": "Oktjabr'skoe tramvajnoe depo",
    "996": "M. Kalitnikovskij pr-d",
    "997": "Volov'ja ul.",
    "998": "B. Kalitnikovskaja ul.",
    "999": "Abel'manovskaja zastava",
    "1000": "M. Rogozhskij per.",
    "1001": "Bibliotechnaja ul.",
    "1002": "Metro \"Ploschad' Il'icha\"",
    "1003": "Stantsija Kurskaja-Tovarnaja",
    "1004": "Dushinskaja ul.",
    "1005": "Metro \"Aviamotornaja\"",
    "1006": "DK \"Kompressor\"",
    "1007": "ul. Burakova",
    "1008": "pr-kt Budennogo",
    "1009": "Metro \"Shosse Entuziastov\"",
    "1010": "ul. Plehanova",
    "1011": "Kinoteatr \"Slava\"",
    "1012": "2-ja Vladimirskaja ul.",
    "1013": "3-ja Vladimirskaja ul.",
    "1014": "Tramvaj № 8",
    "1015": "Tallinskaja ul.",
    "1016": "ul. Kulakova",
    "1017": "Universam",
    "1018": "Pochta",
    "1019": "Metro \"Strogino\"",
    "1020": "ul. Marshala Katukova",
    "1021": "Tehtsentr \"Kamerton\"",
    "1022": "Detskaja poliklinika",
    "1023": "6-ja gorodskaja bol'nitsa",
    "1024": "Metro \"Schukinskaja\"",
    "1025": "Tramvaj № 10",
    "1026": "Ostankinskij PKiO",
    "1027": "Argunovskaja ul.",
    "1028": "ul. Tsandera",
    "1029": "VVTs juzhnaja",
    "1030": "Metro \"VDNH\"",
    "1031": "VVTs severnaja",
    "1032": "pr-kt Mira",
    "1033": "\"ul. Borisa Galushkina,4\"",
    "1034": "Jaroslavskaja ul.",
    "1035": "pl. Akademika Ljul'ki",
    "1036": "Stantsija junnatov",
    "1037": "Institut inostrannyh jazykov",
    "1038": "Rostokinskij pr-d",
    "1039": "Bogatyrskij most",
    "1040": "Bogorodskij hram",
    "1041": "Universitet RAO",
    "1042": "1-ja Progonnaja ul.",
    "1043": "Ob'edinenie \"LIT\"",
    "1044": "Mosgorsud",
    "1045": "ul. Hromova",
    "1046": "Metro \"Preobrazhenskaja ploschad'\"",
    "1047": "Preobrazhenskij rynok",
    "1048": "Preobrazhenskij val",
    "1049": "Preobrazhenskoe kladbische",
    "1050": "Izmajlovskij val",
    "1051": "Metro \"Semenovskaja\"",
    "1052": "ul. Ibragimova",
    "1053": "Fortunatovskaja ul.",
    "1054": "Most Okruzhnoj zheleznoj dorogi",
    "1055": "Metro \"Partizanskaja\"",
    "1056": "Glavnaja alleja",
    "1057": "Mehovaja fabrika",
    "1058": "Izmajlovskaja pl.",
    "1059": "3-ja Parkovaja ul.",
    "1060": "5-ja Parkovaja ul.",
    "1061": "7-ja Parkovaja ul.",
    "1062": "Metro \"Pervomajskaja\"",
    "1063": "Kinoteatr \"Pervomajskij\"",
    "1064": "13-ja Parkovaja ul.",
    "1065": "15-ja Parkovaja ul.",
    "1066": "16-ja Parkovaja ul.",
    "1067": "Tramvaj № 11",
    "1068": "pr-d Entuziastov",
    "1069": "Kinoteatr \"Pobeda\"",
    "1070": "Metro \"Proletarskaja\"",
    "1071": "Dinamovskaja ul.",
    "1072": "Arbatetskaja ul.",
    "1073": "Zheleznodorozhnyj pereezd",
    "1074": "TsNIITMash",
    "1075": "Shinnyj zavod",
    "1076": "Metro \"Dubrovka\"",
    "1077": "2-ja ul. Mashinostroenija",
    "1078": "Tramvaj № 12",
    "1079": "Detskij sanatorij",
    "1080": "Detskie jasli-sad",
    "1081": "Tehnikum",
    "1082": "Metrogorodok",
    "1083": "Tagil'skaja ul.",
    "1084": "Plodoovoschnoj kombinat",
    "1085": "Metro \"Bul'var Rokossovskogo\"",
    "1086": "b-r Marshala Rokossovskogo",
    "1087": "Prostornaja ul.",
    "1088": "Cherkizovo",
    "1089": "Halturinskaja ul.",
    "1090": "Preobrazhenskaja pl.",
    "1091": "Tramvajnoe depo im. Rusakova",
    "1092": "M. Ostroumovskaja ul.",
    "1093": "Babaevskaja ul.",
    "1094": "Metro \"Sokol'niki\"",
    "1095": "Sokol'nicheskaja zastava",
    "1096": "Tramvaj № 13",
    "1097": "Metro \"Universitet\"",
    "1098": "Dramteatr",
    "1099": "Leninskij pr-kt",
    "1100": "Institut pediatrii",
    "1101": "Cheremushkinskij rynok",
    "1102": "64-ja bol'nitsa",
    "1103": "ul. Dmitrija Ul'janova",
    "1104": "ul. Gubkina",
    "1105": "ul. Ljapunova",
    "1106": "ul. Bardina",
    "1107": "pr-kt 60-letija Oktjabrja",
    "1108": "Metro \"Leninskij prospekt\" Ju",
    "1109": "Metro \"Leninskij prospekt\" S",
    "1110": "ul. Ordzhonikidze",
    "1111": "Universitet Druzhby Narodov",
    "1112": "Tramvaj № 14",
    "1113": "Stroginskij b-r",
    "1114": "Mjakininskij pr-d",
    "1115": "\"ul. Kulakova, 11\"",
    "1116": "Kinoteatr \"Tadzhikistan\"",
    "1117": "Dispanser",
    "1118": "Detskij kombinat",
    "1119": "ul. Akademika Kurchatova",
    "1120": "Pehotnaja ul.",
    "1121": "ul. Panfilova",
    "1122": "Svetlyj pr-d",
    "1123": "\"ul. Konstantina Tsareva, 12\"",
    "1124": "ul. Konstantina Tsareva",
    "1125": "Most Pobedy",
    "1126": "1-j Novopodmoskovnyj per.",
    "1127": "Metro \"Vojkovskaja\"",
    "1128": "Tramvaj № 15",
    "1129": "ul. Akademika Jangelja",
    "1130": "Poliklinika №92",
    "1131": "Detskij sad",
    "1132": "Apteka",
    "1133": "\"Chertanovskaja ul., 44\"",
    "1134": "ul. Krasnogo Majaka",
    "1135": "Detskaja stomatologicheskaja poliklinika",
    "1136": "\"Chertanovskaja ul., 28\"",
    "1137": "Kinoteatr \"Ashhabad\"",
    "1138": "Sumskaja ul.",
    "1139": "Magazin \"Optika\"",
    "1140": "Sportivnaja shkola",
    "1141": "Sumskoj proezd",
    "1142": "Tsentr tvorchestva",
    "1143": "Metro \"Chertanovskaja\"",
    "1144": "Balaklavskij pr-kt",
    "1145": "Chernomorskij b-r",
    "1146": "\"Simferopol'skij b-r, 20\"",
    "1147": "Metro \"Kahovskaja\"",
    "1148": "Bolotnikovskaja ul.",
    "1149": "Fruktovaja ul.",
    "1150": "Nahimovskij pr-kt",
    "1151": "Simferopol'skij b-r",
    "1152": "Hlebozavodskij pr-d",
    "1153": "1-j Nagatinskij pr-d",
    "1154": "platforma Nizhnie Kotly",
    "1155": "Metro \"Nagatinskaja\"",
    "1156": "Tsentr Mezhdunarodnoj pochty",
    "1157": "Stadion \"Trud\"",
    "1158": "Jarmarka \"Tsentral'naja\"",
    "1159": "Platforma ZIL",
    "1160": "Metro \"Tul'skaja\"",
    "1161": "Tramvaj № 16",
    "1162": "ul. Tihomirova",
    "1163": "Poliklinika",
    "1164": "ul. Molodtsova",
    "1165": "Kinoteatr \"Poljarnyj\"",
    "1166": "Poljarnaja ul.",
    "1167": "pr-d Shokal'skogo",
    "1168": "Suhonskaja ul.",
    "1169": "\"ul. Menzhinskogo, 38\"",
    "1170": "Metro \"Babushkinskaja\"",
    "1171": "Pechorskaja ul.",
    "1172": "Raduzhnaja ul.",
    "1173": "Verhojanskaja ul.",
    "1174": "Beringov pr-d",
    "1175": "Kombinat \"Lira\"",
    "1176": "Platforma \"Severjanin\"",
    "1177": "Rostokinskij remzavod",
    "1178": "ul. Dokukina",
    "1179": "Sel'skohozjajstvennaja ul.",
    "1180": "ul. Sergeja Ejzenshtejna",
    "1181": "Tramvaj № 17",
    "1182": "Kalanchevskaja ul.",
    "1183": "B. Balkanskij per.",
    "1184": "Panteleevskaja ul.",
    "1185": "B. Perejaslavskaja ul.",
    "1186": "Astrahanskij per.",
    "1187": "Botanicheskij per.",
    "1188": "Metro \"Prospekt Mira\"",
    "1189": "ul. Giljarovskogo",
    "1190": "ul. Schepkina",
    "1191": "Teatr zverej im. Durova",
    "1192": "Samotechnaja ul.",
    "1193": "4-j Samotechnyj per.",
    "1194": "Nikonovskij per.",
    "1195": "Seleznevskaja ul.",
    "1196": "ul. Dostoevskogo",
    "1197": "pl. Bor'by",
    "1198": "MIIT",
    "1199": "ul. Obraztsova",
    "1200": "DK MIIT",
    "1201": "Minaevskij per.",
    "1202": "Tihvinskij per.",
    "1203": "ul. Paliha",
    "1204": "Suschevskaja ul.",
    "1205": "Metro \"Mendeleevskaja\"",
    "1206": "Metro \"Novoslobodskaja\"",
    "1207": "Novovorotnikovskij per.",
    "1208": "Tramvaj № 19",
    "1209": "Moskvoretskij rynok",
    "1210": "Tramvaj № 1",
    "1211": "Ugreshskaja ul.",
    "1212": "Ugreshskij pereezd",
    "1213": "\"Ugreshskaja ul., 8\"",
    "1214": "Juzhnoportovaja ul.",
    "1215": "M. Andron'evskaja ul.",
    "1216": "B. Andron'evskaja ul.",
    "1217": "Muzej Andreja Rubleva",
    "1218": "DK Metrostroja",
    "1219": "Poliklinika №116",
    "1220": "Kurskij vokzal",
    "1221": "Tramvaj № 20",
    "1222": "Tramvaj № 21",
    "1223": "ul. Ivana Babushkina",
    "1224": "Profsojuznaja ul.",
    "1225": "Novocheremushkinskaja ul.",
    "1226": "Tsentr detskogo tvorchestva",
    "1227": "Cheremushki",
    "1228": "Tramvaj № 22",
    "1229": "Mihalkovo",
    "1230": "pr-d Cherepanovyh",
    "1231": "Sobolevskij pr-d",
    "1232": "3-j Mihalkovskij per.",
    "1233": "Koptevskij rynok",
    "1234": "Koptevskaja ul.",
    "1235": "Novopetrovskaja ul.",
    "1236": "Kinoteatr \"Rassvet\"",
    "1237": "3-j Novopodmoskovnyj per.",
    "1238": "Shkola im. Kosmodem'janskih",
    "1239": "\"Zhivopisnaja ul., 50\"",
    "1240": "ul. Rogova",
    "1241": "Bassejn",
    "1242": "ul. Marshala Tuhachevskogo",
    "1243": "pr-kt Marshala Zhukova",
    "1244": "Tramvaj № 23",
    "1245": "ul. Alekseja Dikogo",
    "1246": "Metro \"Novogireevo\"",
    "1247": "Uchebnyj kompleks",
    "1248": "\"Zelenyj pr-kt, 65\"",
    "1249": "Martenovskaja ul.",
    "1250": "Detskij univermag",
    "1251": "Tsentral'nyj universam",
    "1252": "Federativnyj pr-kt",
    "1253": "ul. Metallurgov",
    "1254": "sh. Entuziastov",
    "1255": "MEI",
    "1256": "Lefortovskij val",
    "1257": "1-j Krasnokursantskij pr-d",
    "1258": "Lefortovskij most",
    "1259": "Lefortovskaja nab.",
    "1260": "ul. Radio",
    "1261": "Dobroslobodskaja ul.",
    "1262": "Elizavetinskij per.",
    "1263": "nab. Akademika Tupoleva",
    "1264": "4-j Syromjatnicheskij pr-d",
    "1265": "Tramvaj № 24",
    "1266": "ul. Vinokurova",
    "1267": "ul. Shvernika",
    "1268": "Zagorodnoe sh.",
    "1269": "\"Sevastopol'skij pr-kt, 1\"",
    "1270": "Bol'nitsa im. Alekseeva",
    "1271": "Sportivnaja shkola \"Trinta\"",
    "1272": "Duhovskoj per.",
    "1273": "3-ja Roschinskaja ul.",
    "1274": "3-j V. Mihajlovskij pr-d",
    "1275": "Tramvaj № 26",
    "1276": "Metro \"Dmitrovskaja\"",
    "1277": "Dmitrovskij pr-d",
    "1278": "ul. Vsevoloda Vishnevskogo",
    "1279": "Magazin \"Svet\"",
    "1280": "Prefektura SAO",
    "1281": "Park \"Dubki\"",
    "1282": "Krasnostudencheskij pr-d",
    "1283": "Institut biotehnologij",
    "1284": "Pasechnaja ul.",
    "1285": "TSHA",
    "1286": "Poligraficheskij institut",
    "1287": "Kinoteatr \"Bajkal\"",
    "1288": "Tramvaj № 27",
    "1289": "Tramvaj № 110",
    "1290": "Tramvaj № 28k",
    "1291": "Metro \"Bul'var Rokossovskogo\" S",
    "1292": "5-j pr-d Podbel'skogo",
    "1293": "3-j pr-d Podbel'skogo",
    "1294": "Igral'naja ul.",
    "1295": "Pogonnyj pr-d",
    "1296": "Laninskij per.",
    "1297": "Bogorodskoe",
    "1298": "Tramvaj № 29",
    "1299": "M. Semenovskaja ul.",
    "1300": "Tramvaj № 2",
    "1301": "Tramvaj № 30",
    "1302": "Aviamotornaja ul.",
    "1303": "Lefortovskij rynok",
    "1304": "\"Aviamotornaja ul., 2\"",
    "1305": "Kinoteatr \"Sputnik\"",
    "1306": "Soldatskaja ul.",
    "1307": "Gospital'naja pl.",
    "1308": "Vvedenskoe kladbische",
    "1309": "Uhtomskaja ul.",
    "1310": "Semenovskij val",
    "1311": "Kirpichnaja ul.",
    "1312": "Tramvaj № 32",
    "1313": "Tramvaj № 33",
    "1314": "Stadion \"Kryl'ja Sovetov\"",
    "1315": "9-ja ul. Sokolinoj Gory",
    "1316": "8-ja ul. Sokolinoj Gory",
    "1317": "\"pr-kt Budennogo, 24\"",
    "1318": "5-ja ul. Sokolinoj Gory",
    "1319": "\"pr-kt Budennogo, 49\"",
    "1320": "Komp'juternyj tsentr",
    "1321": "Tramvaj № 34",
    "1322": "Novospasskij most",
    "1323": "Kozhevnicheskaja ul.",
    "1324": "Paveletskij vokzal",
    "1325": "Institut antibiotikov",
    "1326": "Juvelirnyj zavod",
    "1327": "7-j trollejbusnyj park",
    "1328": "Zavod kardannyh valov",
    "1329": "ul. Sadovniki",
    "1330": "Shkola №574",
    "1331": "Metro \"Kolomenskaja\"",
    "1332": "9-j kvartal",
    "1333": "\"Sudostroitel'naja ul., 17\"",
    "1334": "Klenovyj b-r",
    "1335": "Zatonnaja ul.",
    "1336": "Jakornaja ul.",
    "1337": "Nagatino",
    "1338": "Tramvaj № 35",
    "1339": "Tramvaj № 35k",
    "1340": "Tramvaj № 36",
    "1341": "MGTU im. Baumana",
    "1342": "Denisovskij per.",
    "1343": "Aptekarskij per.",
    "1344": "Metro \"Baumanskaja\"",
    "1345": "Bakuninskaja ul.",
    "1346": "\"Baumanskaja ul., 17\"",
    "1347": "Baumanskaja ul.",
    "1348": "Poliklinika №15",
    "1349": "Ol'hovskaja ul.",
    "1350": "N. Krasnosel'skaja ul.",
    "1351": "Metro \"Krasnosel'skaja\"",
    "1352": "Komsomol'skaja pl.",
    "1353": "Tramvaj № 37",
    "1354": "Tramvaj № 38",
    "1355": "Tramvaj № 38k",
    "1356": "Tramvaj № 3",
    "1357": "Tramvaj № 39",
    "1358": "DK \"Serp i Molot\"",
    "1359": "Tramvajno-remontnyj zavod",
    "1360": "Samokatnaja ul.",
    "1361": "Volochaevskaja ul.",
    "1362": "Tramvaj № 43",
    "1363": "Lesnorjadskaja ul.",
    "1364": "Malenkovskaja ul.",
    "1365": "Tramvaj № 45",
    "1366": "Tramvaj № 46",
    "1367": "Tramvaj № 47",
    "1368": "Tramvaj № 47k",
    "1369": "Tramvaj № 50",
    "1370": "B. Shirjaevskaja ul.",
    "1371": "B. Olen'ja ul.",
    "1372": "Majskij prosek",
    "1373": "ul. Korolenko",
    "1374": "Ohotnich'ja ul.",
    "1375": "Metro \"Bul'var Rokossovskogo\" Ju",
    "1376": "Tramvaj № 4l",
    "1377": "Tramvaj № 4p",
    "1378": "Brattsevo",
    "1379": "NIIAT",
    "1380": "ul. Vilisa Latsisa",
    "1381": "\"ul. Geroev Panfilovtsev, 33\"",
    "1382": "Institut im. Mendeleeva",
    "1383": "Turistskaja ul.",
    "1384": "\"ul. Geroev Panfilovtsev, 21\"",
    "1385": "Planernaja ul.",
    "1386": "ul. Fomichevoj",
    "1387": "Metro \"Shodnenskaja\"",
    "1388": "Nelidovskaja ul.",
    "1389": "ul. Fabritsiusa",
    "1390": "Zapadnyj most",
    "1391": "Novoposelkovaja ul.",
    "1392": "Vostochnyj most",
    "1393": "ul. Mescherjakova",
    "1394": "ul. Tsiolkovskogo",
    "1395": "Tushinskaja ul.",
    "1396": "Kanal im. Moskvy",
    "1397": "Bol'nitsa MPS",
    "1398": "Pokrovskoe-Glebovo",
    "1399": "Tramvaj № 6",
    "1400": "Tramvaj № 6k",
    "1401": "Tramvaj № 7",
    "1402": "Kievskij vokzal",
    "1403": "Frunzenskaja naberezhnaja",
    "1404": "Park Kul'tury",
    "1405": "Krymskij most",
    "1406": "Teatr estrady",
    "1407": "Gostinitsa \"Rossija\"",
    "1408": "Juzhnyj rechnoj vokzal",
    "1409": "Muzej-zapovednik \"Kolomenskoe\"",
    "1410": "Rechnoj tramvaj",
    "1411": "Stantsija \"Krjukovo\"",
    "1412": "Panfilovskij prosp.",
    "1413": "12-j mikrorajon",
    "1414": "Berezovaja alleja",
    "1415": "Dom mebeli",
    "1416": "1-j Torgovyj tsentr",
    "1417": "Kinoteatr \"Elektron\"",
    "1418": "Magazin \"Detskij mir\"",
    "1419": "Magazin \"Okean\"",
    "1420": "Dom byta",
    "1421": "Magazin \"Tovary dlja doma\"",
    "1422": "Univermag",
    "1423": "ul. Junosti",
    "1424": "Muzykal'naja shkola",
    "1425": "Vedogon' teatr",
    "1426": "Tsentr \"Juvelir\"",
    "1427": "Ozernaja alleja",
    "1428": "7-j Torgovyj tsentr",
    "1429": "Vodokanal",
    "1430": "Fabrika-prachechnaja",
    "1431": "Oranzhereja",
    "1432": "\"Avtobusnyj park, po trebovaniju\"",
    "1433": "STO VAZ",
    "1434": "Avtobus № 1(z)",
    "1435": "Moskovskij prosp.",
    "1436": "Dvorets kul'tury",
    "1437": "Rodil'nyj dom",
    "1438": "Gorodskaja bol'nitsa",
    "1439": "Avtobus № 10(z)",
    "1440": "Severnaja",
    "1441": "4-j Zapadnyj pr.",
    "1442": "Avtokombinat",
    "1443": "Berezka",
    "1444": "MIET",
    "1445": "Solnechnaja alleja",
    "1446": "9-j mikrorajon",
    "1447": "10-j mikrorajon",
    "1448": "Istoricheskij muzej",
    "1449": "Korpus 1012",
    "1450": "Tsentr reabilitatsii",
    "1451": "MGADA",
    "1452": "11-j mikrorajon",
    "1453": "Avtobus № 11(z)",
    "1454": "Moskovskij prospekt",
    "1455": "Nikol'skaja tserkov'",
    "1456": "MZhK",
    "1457": "Avtobus № 12(z)",
    "1458": "Uchilische",
    "1459": "AZS",
    "1460": "Avtobaza",
    "1461": "Zapadnaja",
    "1462": "Avtobus № 13(z)",
    "1463": "14-j mikrorajon",
    "1464": "Vystavochnyj zal",
    "1465": "Korpus 1407",
    "1466": "Korpus 1401",
    "1467": "Shkola iskusstv",
    "1468": "Dezhurnaja apteka",
    "1469": "18-j mikrorajon",
    "1470": "Avtobus № 14(z)",
    "1471": "Gorodskoe kladbische",
    "1472": "Avtodormehbaza",
    "1473": "Krjukovskaja estakada",
    "1474": "ul. 1-go Maja",
    "1475": "Ovrazhnaja ul.",
    "1476": "Pensionnyj fond",
    "1477": "Korpus 1645",
    "1478": "Korpus 1640",
    "1479": "Supermarket \"Prospekt\"",
    "1480": "Rynok",
    "1481": "Otdelenie militsii",
    "1482": "Korpus 1602",
    "1483": "16-j mikrorajon",
    "1484": "Avtobus № 15(z)",
    "1485": "Korpus 1420",
    "1486": "Korpus 1428",
    "1487": "Pozharnoe depo",
    "1488": "Korpus 1471",
    "1489": "Avtobus № 16(z)",
    "1490": "15-j mikrorajon",
    "1491": "Korpus 1557",
    "1492": "Korpus 1501",
    "1493": "Avtobus № 17(z)",
    "1494": "\"Kladbische, po trebovaniju\"",
    "1495": "Pochtovaja ul.",
    "1496": "Shkola",
    "1497": "Tsentral'naja ul.",
    "1498": "Avtobus № 18(z)",
    "1499": "Tsentr zanjatosti naselenija",
    "1500": "Korpus 1538",
    "1501": "Avtobus № 19(z)",
    "1502": "Fabrika-prachechnaja2",
    "1503": "Avtobus № 2(z)",
    "1504": "Avtobus № 19k(z)",
    "1505": "Zavodskaja ul.",
    "1506": "Promkombinat",
    "1507": "Kombinat ZhBI",
    "1508": "RTS-4",
    "1509": "Derevnja Malino",
    "1510": "GSK",
    "1511": "Malinskaja ul.",
    "1512": "Medvedki",
    "1513": "Kladbische \"Rozhki\"",
    "1514": "Avtobus № 20(z)",
    "1515": "Korpus 814",
    "1516": "Korpus 815",
    "1517": "Korpus 856",
    "1518": "Shkola nadomnogo obuchenija",
    "1519": "Platforma \"Malino\"",
    "1520": "Avtobus № 21(z)",
    "1521": "Korpus 1624",
    "1522": "Korpus 1620",
    "1523": "Korpus 1649",
    "1524": "Avtobus № 22(z)",
    "1525": "Avtobus № 23(z)",
    "1526": "Avtobus № 27(z)",
    "1527": "Dom № 50",
    "1528": "Derevnja Alabushevo",
    "1529": "Uchastok mehanizatsii",
    "1530": "Avtobus № 3(z)",
    "1531": "Kafe \"Lesnoe\"",
    "1532": "Korpus 1121",
    "1533": "RTS-2",
    "1534": "Avtobus № 4(z)",
    "1535": "Avtobus № 5(z)",
    "1536": "Avtobus № 6(z)",
    "1537": "Kinologicheskij tsentr",
    "1538": "Reka Shodnja",
    "1539": "Derevnja Nazar'evo",
    "1540": "Dachnyj poselok",
    "1541": "Platforma \"Firsanovka\"",
    "1542": "Avtobus № 7(z)",
    "1543": "41-j kilometr",
    "1544": "Avtobus № 8(z)",
    "1545": "Avtobus № 9(z)",
    "1546": "Metro",
    "1547": "ROOT",
    "1548": "Metro",
    "1549": "Train",
    "1550": "lening-bologoezhd",
    "1551": "OTHER",
    "1552": "Train",
    "1553": "Bus",
    "1554": "Tram",
    "1555": "tramwayse",
    "1556": "tramwaysn",
    "1557": "tramwaysnw",
    "1558": "tramwayss",
    "1559": "Imported from http://pmetro.su"
}