{
    "0": "Бульвар Рокоссовского",
    "1": "Черкизовская",
    "2": "Преображенская площадь",
    "3": "Сокольники",
    "4": "Красносельская",
    "5": "Комсомольская",
    "6": "Красные ворота",
    "7": "Чистые пруды",
    "8": "Лубянка",
    "9": "Охотный ряд",
    "10": "Библиотека имени Ленина",
    "11": "Кропоткинская",
    "12": "Парк культуры",
    "13": "Фрунзенская",
    "14": "Спортивная",
    "15": "Воробьевы горы",
    "16": "Университет",
    "17": "Проспект Вернадского",
    "18": "Юго-Западная",
    "19": "Тропарёво",
    "20": "Румянцево",
    "21": "Саларьево",
    "22": "Филатов луг",
    "23": "Прокшино",
    "24": "Ольховая",
    "25": "Коммунарка",
    "26": "Сокольническая",
    "27": "Алтуфьево",
    "28": "Бибирево",
    "29": "Отрадное",
    "30": "Владыкино",
    "31": "Петровско-Разумовская",
    "32": "Тимирязевская",
    "33": "Дмитровская",
    "34": "Савеловская",
    "35": "Менделеевская",
    "36": "Цветной бульвар",
    "37": "Чеховская",
    "38": "Боровицкая",
    "39": "Полянка",
    "40": "Серпуховская",
    "41": "Тульская",
    "42": "Нагатинская",
    "43": "Нагорная",
    "44": "Нахимовский проспект",
    "45": "Севастопольская",
    "46": "Чертановская",
    "47": "Южная",
    "48": "Пражская",
    "49": "Улица Академика Янгеля",
    "50": "Аннино",
    "51": "Бульвар Дмитрия Донского",
    "52": "Серпуховско-Тимирязевская",
    "53": "Селигерская",
    "54": "Верхние Лихоборы",
    "55": "Окружная",
    "56": "Фонвизинская",
    "57": "Бутырская",
    "58": "Марьина роща",
    "59": "Достоевская",
    "60": "Трубная",
    "61": "Сретенский бульвар",
    "62": "Чкаловская",
    "63": "Римская",
    "64": "Крестьянская застава",
    "65": "Дубровка",
    "66": "Кожуховская",
    "67": "Печатники",
    "68": "Волжская",
    "69": "Люблино",
    "70": "Братиславская",
    "71": "Марьино",
    "72": "Борисово",
    "73": "Шипиловская",
    "74": "Зябликово",
    "75": "Люблинско-Дмитровская",
    "76": "Петровский парк",
    "77": "ЦСКА",
    "78": "Хорошёвская",
    "79": "Шелепиха",
    "80": "Деловой центр",
    "81": "Народное ополчение",
    "82": "Мнёвники",
    "83": "Терехово",
    "84": "Кунцевская",
    "85": "Давыдково",
    "86": "Аминьевская",
    "87": "Мичуринский проспект",
    "88": "Новаторская",
    "89": "Воронцовская",
    "90": "Зюзино",
    "91": "Каховская",
    "92": "Варшавская",
    "93": "Каширская",
    "94": "Кленовый бульвар",
    "95": "Нагатинский Затон",
    "96": "Текстильщики",
    "97": "Нижегородская",
    "98": "Авиамоторная",
    "99": "Лефортово",
    "100": "Электрозаводская",
    "101": "Рижская",
    "102": "Марьина Роща",
    "103": "БКЛ",
    "104": "Битцевский парк",
    "105": "Лесопарковая",
    "106": "Улица Старокачаловская",
    "107": "Улица Скобелевская",
    "108": "Бульвар Адмирала Ушакова",
    "109": "Улица Горчакова",
    "110": "Бунинская аллея",
    "111": "Бутовская",
    "112": "Улица Милашенкова",
    "113": "Телецентр",
    "114": "Улица академика Королева",
    "115": "Выставочный центр",
    "116": "Улица Сергея Эйзенштейна",
    "117": "Монорельс",
    "118": "Ботанический сад",
    "119": "Ростокино",
    "120": "Белокаменная",
    "121": "Локомотив",
    "122": "Измайлово",
    "123": "Соколиная Гора",
    "124": "Шоссе Энтузиастов",
    "125": "Андроновка",
    "126": "Новохохловская",
    "127": "Угрешская",
    "128": "Автозаводская",
    "129": "ЗИЛ",
    "130": "Верхние Котлы",
    "131": "Крымская",
    "132": "Площадь Гагарина",
    "133": "Лужники",
    "134": "Кутузовская",
    "135": "Хорошёво",
    "136": "Зорге",
    "137": "Панфиловская",
    "138": "Стрешнево",
    "139": "Балтийская",
    "140": "Коптево",
    "141": "Лихоборы",
    "142": "МЦК",
    "143": "Некрасовка",
    "144": "Лухмановская",
    "145": "Улица Дмитриевского",
    "146": "Косино",
    "147": "Юго-Восточная",
    "148": "Окская",
    "149": "Стахановская",
    "150": "Некрасовская",
    "151": "Лобня",
    "152": "Шереметьевская",
    "153": "Хлебниково",
    "154": "Водники",
    "155": "Долгопрудная",
    "156": "Новодачная",
    "157": "Марк",
    "158": "Лианозово",
    "159": "Илимская",
    "160": "Бескудниково",
    "161": "Дегунино",
    "162": "Савёловская",
    "163": "Белорусская",
    "164": "Беговая",
    "165": "Тестовская",
    "166": "Фили",
    "167": "Славянский бульвар",
    "168": "Рабочий Посёлок",
    "169": "Сетунь",
    "170": "Немчиновка",
    "171": "Сколково",
    "172": "Баковка",
    "173": "Одинцово",
    "174": "МЦД1",
    "175": "Нахабино",
    "176": "Аникеевка",
    "177": "Опалиха",
    "178": "Красногорская",
    "179": "Павшино",
    "180": "Пенягино",
    "181": "Волоколамская",
    "182": "Трикотажная",
    "183": "Тушинская",
    "184": "Щукинская",
    "185": "Красный Балтиец",
    "186": "Гражданская",
    "187": "Площадь трёх вокзалов",
    "188": "Курская",
    "189": "Москва Товарная",
    "190": "Калитники",
    "191": "Депо",
    "192": "Перерва",
    "193": "Курьяново",
    "194": "Москворечье",
    "195": "Царицыно",
    "196": "Котляково",
    "197": "Покровское",
    "198": "Красный Строитель",
    "199": "Битца",
    "200": "Бутово",
    "201": "Щербинка",
    "202": "Остафьево",
    "203": "Силикатная",
    "204": "Подольск",
    "205": "МЦД2",
    "206": "Ховрино",
    "207": "Беломорская",
    "208": "Речной вокзал",
    "209": "Водный стадион",
    "210": "Войковская",
    "211": "Сокол",
    "212": "Аэропорт",
    "213": "Динамо",
    "214": "Маяковская",
    "215": "Тверская",
    "216": "Театральная",
    "217": "Новокузнецкая",
    "218": "Павелецкая",
    "219": "Технопарк",
    "220": "Коломенская",
    "221": "Кантемировская",
    "222": "Орехово",
    "223": "Домодедовская",
    "224": "Красногвардейская",
    "225": "Алма-Атинская",
    "226": "Замоскворецкая",
    "227": "Щелковская",
    "228": "Первомайская",
    "229": "Измайловская",
    "230": "Партизанская",
    "231": "Семеновская",
    "232": "Бауманская",
    "233": "Площадь Революции",
    "234": "Арбатская",
    "235": "Смоленская",
    "236": "Киевская",
    "237": "Парк Победы",
    "238": "Молодёжная",
    "239": "Крылатское",
    "240": "Строгино",
    "241": "Мякинино",
    "242": "Митино",
    "243": "Пятницкое шоссе",
    "244": "Арбатско-Покровская",
    "245": "Пионерская",
    "246": "Филевский парк",
    "247": "Багратионовская",
    "248": "Студенческая",
    "249": "Александровский сад",
    "250": "Выставочная",
    "251": "Международная",
    "252": "Филевская",
    "253": "Октябрьская",
    "254": "Добрынинская",
    "255": "Таганская",
    "256": "Проспект Мира",
    "257": "Новослободская",
    "258": "Краснопресненская",
    "259": "Кольцевая",
    "260": "Медведково",
    "261": "Бабушкинская",
    "262": "Свиблово",
    "263": "ВДНХ",
    "264": "Алексеевская",
    "265": "Сухаревская",
    "266": "Тургеневская",
    "267": "Китай-город",
    "268": "Третьяковская",
    "269": "Шаболовская",
    "270": "Ленинский проспект",
    "271": "Академическая",
    "272": "Профсоюзная",
    "273": "Новые Черемушки",
    "274": "Калужская",
    "275": "Беляево",
    "276": "Коньково",
    "277": "Теплый Стан",
    "278": "Ясенево",
    "279": "Новоясеневская",
    "280": "Калужско-Рижская",
    "281": "Планерная",
    "282": "Сходненская",
    "283": "Спартак",
    "284": "Октябрьское поле",
    "285": "Полежаевская",
    "286": "Улица 1905 года",
    "287": "Баррикадная",
    "288": "Пушкинская",
    "289": "Кузнецкий мост",
    "290": "Пролетарская",
    "291": "Волгоградский проспект",
    "292": "Кузьминки",
    "293": "Рязанский проспект",
    "294": "Выхино",
    "295": "Лермонтовский проспект",
    "296": "Жулебино",
    "297": "Котельники",
    "298": "Таганско-Краснопресненская",
    "299": "Новокосино",
    "300": "Новогиреево",
    "301": "Перово",
    "302": "Площадь Ильича",
    "303": "Марксистская",
    "304": "Калининско-Солнцевская",
    "305": "Минская",
    "306": "Ломоносовский проспект",
    "307": "Раменки",
    "308": "Озёрная",
    "309": "Говорово",
    "310": "Солнцево",
    "311": "Боровское шоссе",
    "312": "Новопеределкино",
    "313": "Рассказовка",
    "314": "Солнцевская",
    "315": "Москва Курская",
    "316": "Каланчевская",
    "317": "Ржевская",
    "318": "Станколит",
    "319": "Москва Смоленская",
    "320": "Москва Савеловская",
    "321": "Междувокзальная",
    "322": "Москва Тов.",
    "323": "Покровская",
    "324": "Весенняя",
    "325": "Гривно",
    "326": "Львовская",
    "327": "Колхозная",
    "328": "Столбовая",
    "329": "Пл. 66 км",
    "330": "Чепелево",
    "331": "Чехов",
    "332": "Луч",
    "333": "Шарапова Охота",
    "334": "Пл. 92 км",
    "335": "Авангард",
    "336": "Серпухов",
    "337": "Ока",
    "338": "Пл. 107 км",
    "339": "Приокская",
    "340": "Пл. 118 км",
    "341": "Тарусская",
    "342": "Пл. 132 км",
    "343": "Пахомово",
    "344": "Шульгино",
    "345": "Пл. 153 км",
    "346": "Ясногорск",
    "347": "Шеметово",
    "348": "Бараново",
    "349": "Ревякино",
    "350": "Байдики",
    "351": "Хомяково",
    "352": "Пл. 191 км",
    "353": "Тула",
    "354": "Серп и Молот",
    "355": "Карачарово",
    "356": "Чухлинка",
    "357": "Кусково",
    "358": "Реутово",
    "359": "Никольское",
    "360": "Салтыковская",
    "361": "Кучино",
    "362": "Железнодорожная",
    "363": "Черное",
    "364": "Заря",
    "365": "Купавна",
    "366": "Пл. 33 км",
    "367": "Электроугли",
    "368": "Пл. 43 км",
    "369": "Храпуново",
    "370": "Есино",
    "371": "Фрязево",
    "372": "Казанское",
    "373": "Вохна",
    "374": "Павловский Посад",
    "375": "Назарьево",
    "376": "Дрезна",
    "377": "Кабаново",
    "378": "Пл. 87 км",
    "379": "Орехово-Зуево",
    "380": "Крутое",
    "381": "Воиново",
    "382": "Усад",
    "383": "Глубоково",
    "384": "Покров",
    "385": "Пл. 113 км",
    "386": "Омутище",
    "387": "Леоново",
    "388": "Петушки",
    "389": "Костерево",
    "390": "Болдино",
    "391": "Сушнево",
    "392": "Красная Охота",
    "393": "Ундол",
    "394": "Пл. 170 км",
    "395": "Колокша",
    "396": "Юрьевец",
    "397": "Владимир",
    "398": "Стройка",
    "399": "Горенки",
    "400": "Балашиха",
    "401": "Металлург",
    "402": "Электросталь",
    "403": "Машиностроитель",
    "404": "Ногинск",
    "405": "Захарово",
    "406": "Ленская",
    "407": "Ковригино",
    "408": "Пл. 14 км",
    "409": "Электрогорск",
    "410": "Горьковская",
    "411": "Москва Казанская",
    "412": "Сортировочная",
    "413": "Плющево",
    "414": "Вешняки",
    "415": "Ухтомская",
    "416": "Люберцы-1",
    "417": "Панки",
    "418": "Томилино",
    "419": "Красково",
    "420": "Малаховка",
    "421": "Удельная",
    "422": "Быково",
    "423": "Ильинская",
    "424": "Отдых",
    "425": "Кратово",
    "426": "Пл. 42 км",
    "427": "Фабричная",
    "428": "Раменское",
    "429": "Пл. 47 км",
    "430": "Совхоз",
    "431": "Загорново",
    "432": "Бронницы",
    "433": "Радуга",
    "434": "Пл. 63 км",
    "435": "Белоозерская",
    "436": "Фаустово",
    "437": "Золотово",
    "438": "Виноградово",
    "439": "Конобеево",
    "440": "Трофимово",
    "441": "Пл. 88 км",
    "442": "Воскресенск",
    "443": "Шиферная",
    "444": "Москворецкая",
    "445": "Цемгигант",
    "446": "Пески",
    "447": "Конев Бор",
    "448": "Хорошево",
    "449": "Коломна",
    "450": "Голутвин",
    "451": "Щурово",
    "452": "Черная",
    "453": "132 км",
    "454": "Луховицы",
    "455": "142 км",
    "456": "Подлипки",
    "457": "Фруктовая",
    "458": "Алпатьево",
    "459": "Слемы",
    "460": "Дивово",
    "461": "Истодники",
    "462": "Пл. 180 км",
    "463": "Рыбное Пасс",
    "464": "Ходынино",
    "465": "184 км",
    "466": "Рязань Сорт",
    "467": "187 км",
    "468": "188 км",
    "469": "Недостоево",
    "470": "Гусевская",
    "471": "Дягилево",
    "472": "Лагерный",
    "473": "Рязань 2",
    "474": "Рязань 1",
    "475": "Бачманово",
    "476": "Пл. 6 км",
    "477": "Сычево",
    "478": "Лысцовская",
    "479": "Семеновский",
    "480": "Пл. 18 км",
    "481": "Карасевы",
    "482": "Кудрявцево",
    "483": "Даниловская",
    "484": "Пл. 30 км",
    "485": "Пл. 38 км",
    "486": "Озеры",
    "487": "Люберцы-2",
    "488": "Коренево",
    "489": "Овражки",
    "490": "Родники",
    "491": "Вялки",
    "492": "Хрипань",
    "493": "Пл. 41 км",
    "494": "Донино",
    "495": "Пл. 49 км",
    "496": "Пл. 52 км",
    "497": "Григорово",
    "498": "Пл. 55 км",
    "499": "Гжель",
    "500": "Игнатьево",
    "501": "Кузяево",
    "502": "Шевлягино",
    "503": "Пл. 73 км",
    "504": "Анциферово",
    "505": "Подосинки",
    "506": "Куровская",
    "507": "Пл. 90 км",
    "508": "Пл. 95 км",
    "509": "Авсюнино",
    "510": "Заполицы",
    "511": "Запутная",
    "512": "Шатурторф",
    "513": "Шатура",
    "514": "Ботино",
    "515": "Кривандино",
    "516": "Туголесье",
    "517": "Воймежный",
    "518": "Черусти",
    "519": "Нерская",
    "520": "Ильинский Погост",
    "521": "Пл. 32 км",
    "522": "Егорьевск",
    "523": "Осаново",
    "524": "Пожога",
    "525": "Пл. 29 км",
    "526": "Бармино",
    "527": "Сазоново",
    "528": "Рязановка",
    "529": "Рязанская",
    "530": "Москва Ярославская",
    "531": "Москва-3",
    "532": "Маленковская",
    "533": "Яуза",
    "534": "Северянин",
    "535": "Лосиноостровская",
    "536": "Лось",
    "537": "Перловская",
    "538": "Тайнинская",
    "539": "Мытищи",
    "540": "Строитель",
    "541": "Челюскинская",
    "542": "Тарасовская",
    "543": "Клязьма",
    "544": "Мамонтовская",
    "545": "Пушкино",
    "546": "Заветы Ильича",
    "547": "Правда",
    "548": "Зеленоградская",
    "549": "Софрино",
    "550": "Ашукинская",
    "551": "Калистово",
    "552": "Радонеж",
    "553": "Абрамцево",
    "554": "Хотьково",
    "555": "Семхоз",
    "556": "Сергиев Посад",
    "557": "Пл. 76 км",
    "558": "Пл. 81 км",
    "559": "Пл. 83 км",
    "560": "Бужаниново",
    "561": "Арсаки",
    "562": "Струнино",
    "563": "Александров",
    "564": "Пл. 117 км",
    "565": "Мошнино",
    "566": "Балакирево",
    "567": "Багримово",
    "568": "Пл. 142 км",
    "569": "Берендеево",
    "570": "Пл. 147 км",
    "571": "Шушково",
    "572": "Пл. 155 км",
    "573": "Рокша",
    "574": "Рязанцево",
    "575": "Беклемишево",
    "576": "Итларь",
    "577": "Пл. 187 км",
    "578": "Сильницы",
    "579": "Петровск",
    "580": "Деболовская",
    "581": "Ростов",
    "582": "Ярославль",
    "583": "Подлипки-Дачные",
    "584": "Пл. Болшево",
    "585": "Фабрика 1 Мая",
    "586": "Зеленый Бор",
    "587": "Ивантеевка-2",
    "588": "Ивантеевка",
    "589": "Детская",
    "590": "Фрязино Тов.",
    "591": "Фрязино Пасс.",
    "592": "Болшево",
    "593": "Валентиновка",
    "594": "Загорянская",
    "595": "Соколовская",
    "596": "Воронок",
    "597": "Щелково",
    "598": "Гагаринская",
    "599": "Бахчиванджи",
    "600": "Циолковская",
    "601": "Осеевская",
    "602": "Монино",
    "603": "Кашино",
    "604": "Колонтаево",
    "605": "Лесная",
    "606": "пос. Дальний",
    "607": "Рахманово",
    "608": "Федоровское",
    "609": "Путилово",
    "610": "Красноармейск",
    "611": "Ярославская",
    "612": "Москва Ленинградская",
    "613": "Останкино",
    "614": "Петровско-Разумовское",
    "615": "НАТИ",
    "616": "Моссельмаш",
    "617": "Левобережная",
    "618": "Химки",
    "619": "Ново-Подрезково",
    "620": "Подрезково",
    "621": "Сходня",
    "622": "Фирсановка",
    "623": "Малино",
    "624": "Крюково",
    "625": "Алабушево",
    "626": "Радищево",
    "627": "Поваровка",
    "628": "Поварово-1",
    "629": "Берёзки Дачные",
    "630": "Подсолнечная",
    "631": "Сенеж",
    "632": "Головково",
    "633": "Покровка",
    "634": "Фроловское",
    "635": "Стреглово",
    "636": "Клин",
    "637": "Ямуга",
    "638": "Решетниково",
    "639": "Черничная",
    "640": "Завидово",
    "641": "Московское Море",
    "642": "Редкино",
    "643": "Межево",
    "644": "Кузьминка",
    "645": "Чуприяновка",
    "646": "Лазурная",
    "647": "Тверь",
    "648": "Дорошиха",
    "649": "Брянцево",
    "650": "Санаторий",
    "651": "Тверца",
    "652": "Кулицкая",
    "653": "Кулицкий Мох",
    "654": "Трубино",
    "655": "Крючково",
    "656": "Поршинец",
    "657": "Лихославль",
    "658": "Лихосл.Парк Шлюз",
    "659": "Локотцы",
    "660": "Барановка",
    "661": "Муташелиха",
    "662": "Калашниково",
    "663": "Бухаловский переезд",
    "664": "Левошинка",
    "665": "Спирово",
    "666": "Любинка",
    "667": "Индустрия",
    "668": "Осеченка",
    "669": "Терелесовская",
    "670": "Елизаровка",
    "671": "Вышний Волочек",
    "672": "Цна",
    "673": "Леонтьево",
    "674": "Почвино",
    "675": "Соболево",
    "676": "Костромцовск",
    "677": "Бочановка",
    "678": "Пеперсоновка 331 км",
    "679": "Бушевец",
    "680": "Виноградовская 322 км",
    "681": "Веерное Депо",
    "682": "Бологое",
    "683": "Путепроводная",
    "684": "Конаковский Мох",
    "685": "Донховка",
    "686": "Конаково ГРЭС",
    "687": "Ленинградская",
    "688": "Луговая",
    "689": "Катуар",
    "690": "Трудовая",
    "691": "Икша",
    "692": "Морозки",
    "693": "Турист",
    "694": "Яхрома",
    "695": "Дмитров",
    "696": "Каналстрой",
    "697": "75 км",
    "698": "Орудьево",
    "699": "Вербилки",
    "700": "94 км",
    "701": "Власово",
    "702": "Талдом",
    "703": "Лебзино",
    "704": "124 км",
    "705": "Савелово",
    "706": "Соревнование",
    "707": "Запрудня",
    "708": "Темпы",
    "709": "Мельдино",
    "710": "119 км",
    "711": "Карманово",
    "712": "Большая Волга",
    "713": "Дубна",
    "714": "Иванцево",
    "715": "80 км",
    "716": "Драчево",
    "717": "74 км",
    "718": "71 км",
    "719": "69 км",
    "720": "Костино",
    "721": "62 км",
    "722": "Желтиково",
    "723": "47 км",
    "724": "Бубяково",
    "725": "40 км",
    "726": "Наугольный",
    "727": "Аэропорт Шереметьево",
    "728": "Москва Рижская",
    "729": "Покровское-Стрешнево",
    "730": "Тушино",
    "731": "Малиновка",
    "732": "Дедовск",
    "733": "Миитовская",
    "734": "Снегири",
    "735": "Пл. 50 км",
    "736": "Манихино-1",
    "737": "Троицкая",
    "738": "Истра",
    "739": "Новоиерусалимская",
    "740": "Холщевики",
    "741": "Ядрошино",
    "742": "Курсаковская",
    "743": "Новопетровская",
    "744": "Устиновка",
    "745": "Пл. 91 км",
    "746": "Лесодолгоруково",
    "747": "Чисмена",
    "748": "Матренино",
    "749": "Дубосеково",
    "750": "Волоколамск",
    "751": "Благовещенское",
    "752": "Пл. 141 км",
    "753": "Бухолово",
    "754": "Пл. 149 км",
    "755": "Шаховская",
    "756": "Москва Киевская",
    "757": "Москва Сорт.",
    "758": "Матвеевская",
    "759": "Очаково",
    "760": "Солнечная",
    "761": "Переделкино",
    "762": "Мичуринец",
    "763": "Внуково",
    "764": "Лесной Городок",
    "765": "Толстопальцево",
    "766": "Кокошкино",
    "767": "Крекшино",
    "768": "Победа",
    "769": "Апрелевка",
    "770": "Дачная",
    "771": "Алабино",
    "772": "Селятино",
    "773": "Рассудово",
    "774": "Ожигово",
    "775": "Бекасово",
    "776": "Зосимова Пустынь",
    "777": "Нара",
    "778": "Латышская",
    "779": "Башкино",
    "780": "Ворсино",
    "781": "Балабаново",
    "782": "Обнинское",
    "783": "Шемякино",
    "784": "Малоярославец",
    "785": "Ерденево",
    "786": "Пл. 140 км",
    "787": "Суходрев",
    "788": "Родинка",
    "789": "Сляднево",
    "790": "Пл. 167 км",
    "791": "Тихонова Пустынь",
    "792": "Горенская",
    "793": "Калуга 2",
    "794": "пос. Киевский",
    "795": "Бекасово Сорт.",
    "796": "Бекасово Центр.",
    "797": "Пл. 240 км",
    "798": "Пл. 241 км",
    "799": "Мачихино",
    "800": "Пл. 250 км",
    "801": "Пл. 252 км",
    "802": "Кресты",
    "803": "Муратовка",
    "804": "Садовая",
    "805": "Азарово",
    "806": "Калуга 1",
    "807": "Москва Павелецкая",
    "808": "Нижние Котлы",
    "809": "Коломенское",
    "810": "Чертаново",
    "811": "Бирюлево Тов.",
    "812": "Бирюлево Пасс.",
    "813": "Булатниково",
    "814": "Расторгуево",
    "815": "Калинина",
    "816": "Ленинская",
    "817": "Домодедово",
    "818": "Взлетная",
    "819": "Востряково",
    "820": "Белые Столбы",
    "821": "52 км",
    "822": "Барыбино",
    "823": "Вельяминово",
    "824": "Привалово",
    "825": "Михнево",
    "826": "Шугарово",
    "827": "85 км",
    "828": "Жилево",
    "829": "Ситенка",
    "830": "Ступино",
    "831": "Акри",
    "832": "Белопесоцкий",
    "833": "Кашира",
    "834": "Тесна",
    "835": "Ожерелье",
    "836": "121 км",
    "837": "Пурлово",
    "838": "Топканово",
    "839": "137 км",
    "840": "Богатищево",
    "841": "146 км",
    "842": "Коровино",
    "843": "152 км",
    "844": "Узуново",
    "845": "162 км",
    "846": "Дудино",
    "847": "Серебряные Пруды",
    "848": "Кораблевка",
    "849": "Треполье",
    "850": "Виленки",
    "851": "Донцы",
    "852": "Михайлов",
    "853": "Бояринцево",
    "854": "Голдино",
    "855": "Лужковская",
    "856": "Валшутка",
    "857": "Катино",
    "858": "Мшанка",
    "859": "Кремлево",
    "860": "Павелец-1",
    "861": "Авиационная",
    "862": "Космос",
    "863": "123 км",
    "864": "126 км",
    "865": "Пчеловодная",
    "866": "Мордвес",
    "867": "156 км",
    "868": "Настасьино",
    "869": "163 км",
    "870": "166 км",
    "871": "168 км",
    "872": "Венев",
    "873": "180 км",
    "874": "Ольховка",
    "875": "193 км",
    "876": "Грицово",
    "877": "Маклец",
    "878": "Узловая-2",
    "879": "О.П. Депо",
    "880": "Узловая-1",
    "881": "Кунцево",
    "882": "Рабочий Поселок",
    "883": "Трехгорка",
    "884": "Перхушково",
    "885": "Здравница",
    "886": "Жаворонки",
    "887": "Дачное",
    "888": "Малые Вяземы",
    "889": "Голицыно",
    "890": "Сушкинская",
    "891": "Петелино",
    "892": "Часцовская",
    "893": "Портновская",
    "894": "Кубинка",
    "895": "Чапаевка",
    "896": "Полушкино",
    "897": "Санаторная",
    "898": "Тучково",
    "899": "Дорохово",
    "900": "Шаликово",
    "901": "Кукаринская",
    "902": "Пл. 109 км",
    "903": "Можайск",
    "904": "Бородино",
    "905": "Колочь",
    "906": "Уваровка",
    "907": "Пл. 144 км",
    "908": "Дровнино",
    "909": "Батюшково",
    "910": "Колесники",
    "911": "Гагарин",
    "912": "Василисино",
    "913": "Серго-Ивановская",
    "914": "Пл. 205 км",
    "915": "Туманово",
    "916": "Пл. 215 км",
    "917": "Пл. 218 км",
    "918": "Мещерская",
    "919": "Подъелки",
    "920": "Комягино",
    "921": "Зубаревка",
    "922": "Вязьма",
    "923": "Кунцево-2",
    "924": "Ромашково",
    "925": "Раздоры",
    "926": "Барвиха",
    "927": "Ильинское",
    "928": "Усово",
    "929": "Хлюпино",
    "930": "Скоротово",
    "931": "Звенигород",
    "932": "Калужская пл.",
    "933": "Фабрика \"Ударница\"",
    "934": "Метро \"Шаболовская\"",
    "935": "ул. Лестева",
    "936": "Серпуховский вал",
    "937": "Хавская ул.",
    "938": "Даниловский рынок",
    "939": "Серпуховская застава",
    "940": "Свято-Данилов монастырь",
    "941": "Даниловский вал",
    "942": "1-й Павловский пер.",
    "943": "Завод им. Владимира Ильича",
    "944": "Фабрика \"Красные Суконщики\"",
    "945": "Жуков пр-д",
    "946": "М. Строченовский пер.",
    "947": "Стремянный пер.",
    "948": "Зацепская пл.",
    "949": "Метро \"Павелецкая\"",
    "950": "Вишняковский пер.",
    "951": "Метро \"Третьяковская\"",
    "952": "Метро \"Новокузнецкая\"",
    "953": "Садовническая ул.",
    "954": "Яузские ворота",
    "955": "ул. Воронцово Поле",
    "956": "Дурасовский пер.",
    "957": "Казарменный пер.",
    "958": "Покровские ворота",
    "959": "Б. Харитоньевский пер.",
    "960": "Метро \"Чистые пруды\"",
    "961": "Трамвай № А",
    "962": "Новоконная пл.",
    "963": "Октябрьское трамвайное депо",
    "964": "М. Калитниковский пр-д",
    "965": "Воловья ул.",
    "966": "Б. Калитниковская ул.",
    "967": "Абельмановская застава",
    "968": "М. Рогожский пер.",
    "969": "Библиотечная ул.",
    "970": "Метро \"Площадь Ильича\"",
    "971": "Станция Курская-Товарная",
    "972": "Душинская ул.",
    "973": "Метро \"Авиамоторная\"",
    "974": "ДК \"Компрессор\"",
    "975": "ул. Буракова",
    "976": "пр-кт Будённого",
    "977": "Метро \"Шоссе Энтузиастов\"",
    "978": "ул. Плеханова",
    "979": "Кинотеатр \"Слава\"",
    "980": "2-я Владимирская ул.",
    "981": "3-я Владимирская ул.",
    "982": "Трамвай № 8",
    "983": "Таллинская ул.",
    "984": "ул. Кулакова",
    "985": "Универсам",
    "986": "Почта",
    "987": "Метро \"Строгино\"",
    "988": "ул. Маршала Катукова",
    "989": "Техцентр \"Камертон\"",
    "990": "Детская поликлиника",
    "991": "6-я городская больница",
    "992": "Метро \"Щукинская\"",
    "993": "Трамвай № 10",
    "994": "Останкинский ПКиО",
    "995": "Аргуновская ул.",
    "996": "ул. Цандера",
    "997": "ВВЦ южная",
    "998": "Метро \"ВДНХ\"",
    "999": "ВВЦ северная",
    "1000": "пр-кт Мира",
    "1001": "\"ул. Бориса Галушкина,4\"",
    "1002": "Ярославская ул.",
    "1003": "пл. Академика Люльки",
    "1004": "Станция юннатов",
    "1005": "Институт иностранных языков",
    "1006": "Ростокинский пр-д",
    "1007": "Богатырский мост",
    "1008": "Богородский храм",
    "1009": "Университет РАО",
    "1010": "1-я Прогонная ул.",
    "1011": "Объединение \"ЛИТ\"",
    "1012": "Мосгорсуд",
    "1013": "ул. Хромова",
    "1014": "Метро \"Преображенская площадь\"",
    "1015": "Преображенский рынок",
    "1016": "Преображенский вал",
    "1017": "Преображенское кладбище",
    "1018": "Измайловский вал",
    "1019": "Метро \"Семёновская\"",
    "1020": "ул. Ибрагимова",
    "1021": "Фортунатовская ул.",
    "1022": "Мост Окружной железной дороги",
    "1023": "Метро \"Партизанская\"",
    "1024": "Главная аллея",
    "1025": "Меховая фабрика",
    "1026": "Измайловская пл.",
    "1027": "3-я Парковая ул.",
    "1028": "5-я Парковая ул.",
    "1029": "7-я Парковая ул.",
    "1030": "Метро \"Первомайская\"",
    "1031": "Кинотеатр \"Первомайский\"",
    "1032": "13-я Парковая ул.",
    "1033": "15-я Парковая ул.",
    "1034": "16-я Парковая ул.",
    "1035": "Трамвай № 11",
    "1036": "пр-д Энтузиастов",
    "1037": "Кинотеатр \"Победа\"",
    "1038": "Метро \"Пролетарская\"",
    "1039": "Динамовская ул.",
    "1040": "Арбатецкая ул.",
    "1041": "Железнодорожный переезд",
    "1042": "ЦНИИТМаш",
    "1043": "Шинный завод",
    "1044": "Метро \"Дубровка\"",
    "1045": "2-я ул. Машиностроения",
    "1046": "Трамвай № 12",
    "1047": "Детский санаторий",
    "1048": "Детские ясли-сад",
    "1049": "Техникум",
    "1050": "Метрогородок",
    "1051": "Тагильская ул.",
    "1052": "Плодоовощной комбинат",
    "1053": "Метро \"Бульвар Рокоссовского\"",
    "1054": "б-р Маршала Рокоссовского",
    "1055": "Просторная ул.",
    "1056": "Черкизово",
    "1057": "Халтуринская ул.",
    "1058": "Преображенская пл.",
    "1059": "Трамвайное депо им. Русакова",
    "1060": "М. Остроумовская ул.",
    "1061": "Бабаевская ул.",
    "1062": "Метро \"Сокольники\"",
    "1063": "Сокольническая застава",
    "1064": "Трамвай № 13",
    "1065": "Метро \"Университет\"",
    "1066": "Драмтеатр",
    "1067": "Ленинский пр-кт",
    "1068": "Институт педиатрии",
    "1069": "Черёмушкинский рынок",
    "1070": "64-я больница",
    "1071": "ул. Дмитрия Ульянова",
    "1072": "ул. Губкина",
    "1073": "ул. Ляпунова",
    "1074": "ул. Бардина",
    "1075": "пр-кт 60-летия Октября",
    "1076": "Метро \"Ленинский проспект\" Ю",
    "1077": "Метро \"Ленинский проспект\" С",
    "1078": "ул. Орджоникидзе",
    "1079": "Университет Дружбы Народов",
    "1080": "Трамвай № 14",
    "1081": "Строгинский б-р",
    "1082": "Мякининский пр-д",
    "1083": "\"ул. Кулакова, 11\"",
    "1084": "Кинотеатр \"Таджикистан\"",
    "1085": "Диспансер",
    "1086": "Детский комбинат",
    "1087": "ул. Академика Курчатова",
    "1088": "Пехотная ул.",
    "1089": "ул. Панфилова",
    "1090": "Светлый пр-д",
    "1091": "\"ул. Константина Царёва, 12\"",
    "1092": "ул. Константина Царёва",
    "1093": "Мост Победы",
    "1094": "1-й Новоподмосковный пер.",
    "1095": "Метро \"Войковская\"",
    "1096": "Трамвай № 15",
    "1097": "ул. Академика Янгеля",
    "1098": "Поликлиника №92",
    "1099": "Детский сад",
    "1100": "Аптека",
    "1101": "\"Чертановская ул., 44\"",
    "1102": "ул. Красного Маяка",
    "1103": "Детская стоматологическая поликлиника",
    "1104": "\"Чертановская ул., 28\"",
    "1105": "Кинотеатр \"Ашхабад\"",
    "1106": "Сумская ул.",
    "1107": "Магазин \"Оптика\"",
    "1108": "Спортивная школа",
    "1109": "Сумской проезд",
    "1110": "Центр творчества",
    "1111": "Метро \"Чертановская\"",
    "1112": "Балаклавский пр-кт",
    "1113": "Черноморский б-р",
    "1114": "\"Симферопольский б-р, 20\"",
    "1115": "Метро \"Каховская\"",
    "1116": "Болотниковская ул.",
    "1117": "Фруктовая ул.",
    "1118": "Нахимовский пр-кт",
    "1119": "Симферопольский б-р",
    "1120": "Хлебозаводский пр-д",
    "1121": "1-й Нагатинский пр-д",
    "1122": "платформа Нижние Котлы",
    "1123": "Метро \"Нагатинская\"",
    "1124": "Центр Международной почты",
    "1125": "Стадион \"Труд\"",
    "1126": "Ярмарка \"Центральная\"",
    "1127": "Платформа ЗИЛ",
    "1128": "Метро \"Тульская\"",
    "1129": "Трамвай № 16",
    "1130": "ул. Тихомирова",
    "1131": "Поликлиника",
    "1132": "ул. Молодцова",
    "1133": "Кинотеатр \"Полярный\"",
    "1134": "Полярная ул.",
    "1135": "пр-д Шокальского",
    "1136": "Сухонская ул.",
    "1137": "\"ул. Менжинского, 38\"",
    "1138": "Метро \"Бабушкинская\"",
    "1139": "Печорская ул.",
    "1140": "Радужная ул.",
    "1141": "Верхоянская ул.",
    "1142": "Берингов пр-д",
    "1143": "Комбинат \"Лира\"",
    "1144": "Платформа \"Северянин\"",
    "1145": "Ростокинский ремзавод",
    "1146": "ул. Докукина",
    "1147": "Сельскохозяйственная ул.",
    "1148": "ул. Сергея Эйзенштейна",
    "1149": "Трамвай № 17",
    "1150": "Каланчёвская ул.",
    "1151": "Б. Балканский пер.",
    "1152": "Пантелеевская ул.",
    "1153": "Б. Переяславская ул.",
    "1154": "Астраханский пер.",
    "1155": "Ботанический пер.",
    "1156": "Метро \"Проспект Мира\"",
    "1157": "ул. Гиляровского",
    "1158": "ул. Щепкина",
    "1159": "Театр зверей им. Дурова",
    "1160": "Самотёчная ул.",
    "1161": "4-й Самотёчный пер.",
    "1162": "Никоновский пер.",
    "1163": "Селезнёвская ул.",
    "1164": "ул. Достоевского",
    "1165": "пл. Борьбы",
    "1166": "МИИТ",
    "1167": "ул. Образцова",
    "1168": "ДК МИИТ",
    "1169": "Минаевский пер.",
    "1170": "Тихвинский пер.",
    "1171": "ул. Палиха",
    "1172": "Сущёвская ул.",
    "1173": "Метро \"Менделеевская\"",
    "1174": "Метро \"Новослободская\"",
    "1175": "Нововоротниковский пер.",
    "1176": "Трамвай № 19",
    "1177": "Москворецкий рынок",
    "1178": "Трамвай № 1",
    "1179": "Угрешская ул.",
    "1180": "Угрешский переезд",
    "1181": "\"Угрешская ул., 8\"",
    "1182": "Южнопортовая ул.",
    "1183": "М. Андроньевская ул.",
    "1184": "Б. Андроньевская ул.",
    "1185": "Музей Андрея Рублёва",
    "1186": "ДК Метростроя",
    "1187": "Поликлиника №116",
    "1188": "Курский вокзал",
    "1189": "Трамвай № 20",
    "1190": "Трамвай № 21",
    "1191": "ул. Ивана Бабушкина",
    "1192": "Профсоюзная ул.",
    "1193": "Новочерёмушкинская ул.",
    "1194": "Центр детского творчества",
    "1195": "Черёмушки",
    "1196": "Трамвай № 22",
    "1197": "Михалково",
    "1198": "пр-д Черепановых",
    "1199": "Соболевский пр-д",
    "1200": "3-й Михалковский пер.",
    "1201": "Коптевский рынок",
    "1202": "Коптевская ул.",
    "1203": "Новопетровская ул.",
    "1204": "Кинотеатр \"Рассвет\"",
    "1205": "3-й Новоподмосковный пер.",
    "1206": "Школа им. Космодемьянских",
    "1207": "\"Живописная ул., 50\"",
    "1208": "ул. Рогова",
    "1209": "Бассейн",
    "1210": "ул. Маршала Тухачевского",
    "1211": "пр-кт Маршала Жукова",
    "1212": "Трамвай № 23",
    "1213": "ул. Алексея Дикого",
    "1214": "Метро \"Новогиреево\"",
    "1215": "Учебный комплекс",
    "1216": "\"Зелёный пр-кт, 65\"",
    "1217": "Мартеновская ул.",
    "1218": "Детский универмаг",
    "1219": "Центральный универсам",
    "1220": "Федеративный пр-кт",
    "1221": "ул. Металлургов",
    "1222": "ш. Энтузиастов",
    "1223": "МЭИ",
    "1224": "Лефортовский вал",
    "1225": "1-й Краснокурсантский пр-д",
    "1226": "Лефортовский мост",
    "1227": "Лефортовская наб.",
    "1228": "ул. Радио",
    "1229": "Доброслободская ул.",
    "1230": "Елизаветинский пер.",
    "1231": "наб. Академика Туполева",
    "1232": "4-й Сыромятнический пр-д",
    "1233": "Трамвай № 24",
    "1234": "ул. Винокурова",
    "1235": "ул. Шверника",
    "1236": "Загородное ш.",
    "1237": "\"Севастопольский пр-кт, 1\"",
    "1238": "Больница им. Алексеева",
    "1239": "Спортивная школа \"Тринта\"",
    "1240": "Духовской пер.",
    "1241": "3-я Рощинская ул.",
    "1242": "3-й В. Михайловский пр-д",
    "1243": "Трамвай № 26",
    "1244": "Метро \"Дмитровская\"",
    "1245": "Дмитровский пр-д",
    "1246": "ул. Всеволода Вишневского",
    "1247": "Магазин \"Свет\"",
    "1248": "Префектура САО",
    "1249": "Парк \"Дубки\"",
    "1250": "Красностуденческий пр-д",
    "1251": "Институт биотехнологий",
    "1252": "Пасечная ул.",
    "1253": "ТСХА",
    "1254": "Полиграфический институт",
    "1255": "Кинотеатр \"Байкал\"",
    "1256": "Трамвай № 27",
    "1257": "Трамвай № 110",
    "1258": "Трамвай № 28к",
    "1259": "Метро \"Бульвар Рокоссовского\" С",
    "1260": "5-й пр-д Подбельского",
    "1261": "3-й пр-д Подбельского",
    "1262": "Игральная ул.",
    "1263": "Погонный пр-д",
    "1264": "Ланинский пер.",
    "1265": "Богородское",
    "1266": "Трамвай № 29",
    "1267": "М. Семёновская ул.",
    "1268": "Трамвай № 2",
    "1269": "Трамвай № 30",
    "1270": "Авиамоторная ул.",
    "1271": "Лефортовский рынок",
    "1272": "\"Авиамоторная ул., 2\"",
    "1273": "Кинотеатр \"Спутник\"",
    "1274": "Солдатская ул.",
    "1275": "Госпитальная пл.",
    "1276": "Введенское кладбище",
    "1277": "Ухтомская ул.",
    "1278": "Семёновский вал",
    "1279": "Кирпичная ул.",
    "1280": "Трамвай № 32",
    "1281": "Трамвай № 33",
    "1282": "Стадион \"Крылья Советов\"",
    "1283": "9-я ул. Соколиной Горы",
    "1284": "8-я ул. Соколиной Горы",
    "1285": "\"пр-кт Будённого, 24\"",
    "1286": "5-я ул. Соколиной Горы",
    "1287": "\"пр-кт Будённого, 49\"",
    "1288": "Компьютерный центр",
    "1289": "Трамвай № 34",
    "1290": "Новоспасский мост",
    "1291": "Кожевническая ул.",
    "1292": "Павелецкий вокзал",
    "1293": "Институт антибиотиков",
    "1294": "Ювелирный завод",
    "1295": "7-й троллейбусный парк",
    "1296": "Завод карданных валов",
    "1297": "ул. Садовники",
    "1298": "Школа №574",
    "1299": "Метро \"Коломенская\"",
    "1300": "9-й квартал",
    "1301": "\"Судостроительная ул., 17\"",
    "1302": "Кленовый б-р",
    "1303": "Затонная ул.",
    "1304": "Якорная ул.",
    "1305": "Нагатино",
    "1306": "Трамвай № 35",
    "1307": "Трамвай № 35к",
    "1308": "Трамвай № 36",
    "1309": "МГТУ им. Баумана",
    "1310": "Денисовский пер.",
    "1311": "Аптекарский пер.",
    "1312": "Метро \"Бауманская\"",
    "1313": "Бакунинская ул.",
    "1314": "\"Бауманская ул., 17\"",
    "1315": "Бауманская ул.",
    "1316": "Поликлиника №15",
    "1317": "Ольховская ул.",
    "1318": "Н. Красносельская ул.",
    "1319": "Метро \"Красносельская\"",
    "1320": "Комсомольская пл.",
    "1321": "Трамвай № 37",
    "1322": "Трамвай № 38",
    "1323": "Трамвай № 38к",
    "1324": "Трамвай № 3",
    "1325": "Трамвай № 39",
    "1326": "ДК \"Серп и Молот\"",
    "1327": "Трамвайно-ремонтный завод",
    "1328": "Самокатная ул.",
    "1329": "Волочаевская ул.",
    "1330": "Трамвай № 43",
    "1331": "Леснорядская ул.",
    "1332": "Маленковская ул.",
    "1333": "Трамвай № 45",
    "1334": "Трамвай № 46",
    "1335": "Трамвай № 47",
    "1336": "Трамвай № 47к",
    "1337": "Трамвай № 50",
    "1338": "Б. Ширяевская ул.",
    "1339": "Б. Оленья ул.",
    "1340": "Майский просек",
    "1341": "ул. Короленко",
    "1342": "Охотничья ул.",
    "1343": "Метро \"Бульвар Рокоссовского\" Ю",
    "1344": "Трамвай № 4л",
    "1345": "Трамвай № 4п",
    "1346": "Братцево",
    "1347": "НИИАТ",
    "1348": "ул. Вилиса Лациса",
    "1349": "\"ул. Героев Панфиловцев, 33\"",
    "1350": "Институт им. Менделеева",
    "1351": "Туристская ул.",
    "1352": "\"ул. Героев Панфиловцев, 21\"",
    "1353": "Планерная ул.",
    "1354": "ул. Фомичевой",
    "1355": "Метро \"Сходненская\"",
    "1356": "Нелидовская ул.",
    "1357": "ул. Фабрициуса",
    "1358": "Западный мост",
    "1359": "Новопоселковая ул.",
    "1360": "Восточный мост",
    "1361": "ул. Мещерякова",
    "1362": "ул. Циолковского",
    "1363": "Тушинская ул.",
    "1364": "Канал им. Москвы",
    "1365": "Больница МПС",
    "1366": "Покровское-Глебово",
    "1367": "Трамвай № 6",
    "1368": "Трамвай № 6к",
    "1369": "Трамвай № 7",
    "1370": "Киевский вокзал",
    "1371": "Фрунзенская набережная",
    "1372": "Парк Культуры",
    "1373": "Крымский мост",
    "1374": "Театр эстрады",
    "1375": "Гостиница \"Россия\"",
    "1376": "Южный речной вокзал",
    "1377": "Музей-заповедник \"Коломенское\"",
    "1378": "Речной трамвай",
    "1379": "Станция \"Крюково\"",
    "1380": "Панфиловский просп.",
    "1381": "12-й микрорайон",
    "1382": "Березовая аллея",
    "1383": "Дом мебели",
    "1384": "1-й Торговый центр",
    "1385": "Кинотеатр \"Электрон\"",
    "1386": "Магазин \"Детский мир\"",
    "1387": "Магазин \"Океан\"",
    "1388": "Дом быта",
    "1389": "Магазин \"Товары для дома\"",
    "1390": "Универмаг",
    "1391": "ул. Юности",
    "1392": "Музыкальная школа",
    "1393": "Ведогонь театр",
    "1394": "Центр \"Ювелир\"",
    "1395": "Озерная аллея",
    "1396": "7-й Торговый центр",
    "1397": "Водоканал",
    "1398": "Фабрика-прачечная",
    "1399": "Оранжерея",
    "1400": "\"Автобусный парк, по требованию\"",
    "1401": "СТО ВАЗ",
    "1402": "Автобус № 1(з)",
    "1403": "Московский просп.",
    "1404": "Дворец культуры",
    "1405": "Родильный дом",
    "1406": "Городская больница",
    "1407": "Автобус № 10(з)",
    "1408": "Северная",
    "1409": "4-й Западный пр.",
    "1410": "Автокомбинат",
    "1411": "Березка",
    "1412": "МИЭТ",
    "1413": "Солнечная аллея",
    "1414": "9-й микрорайон",
    "1415": "10-й микрорайон",
    "1416": "Исторический музей",
    "1417": "Корпус 1012",
    "1418": "Центр реабилитации",
    "1419": "МГАДА",
    "1420": "11-й микрорайон",
    "1421": "Автобус № 11(з)",
    "1422": "Московский проспект",
    "1423": "Никольская церковь",
    "1424": "МЖК",
    "1425": "Автобус № 12(з)",
    "1426": "Училище",
    "1427": "АЗС",
    "1428": "Автобаза",
    "1429": "Западная",
    "1430": "Автобус № 13(з)",
    "1431": "14-й микрорайон",
    "1432": "Выставочный зал",
    "1433": "Корпус 1407",
    "1434": "Корпус 1401",
    "1435": "Школа искусств",
    "1436": "Дежурная аптека",
    "1437": "18-й микрорайон",
    "1438": "Автобус № 14(з)",
    "1439": "Городское кладбище",
    "1440": "Автодормехбаза",
    "1441": "Крюковская эстакада",
    "1442": "ул. 1-го Мая",
    "1443": "Овражная ул.",
    "1444": "Пенсионный фонд",
    "1445": "Корпус 1645",
    "1446": "Корпус 1640",
    "1447": "Супермаркет \"Проспект\"",
    "1448": "Рынок",
    "1449": "Отделение милиции",
    "1450": "Корпус 1602",
    "1451": "16-й микрорайон",
    "1452": "Автобус № 15(з)",
    "1453": "Корпус 1420",
    "1454": "Корпус 1428",
    "1455": "Пожарное депо",
    "1456": "Корпус 1471",
    "1457": "Автобус № 16(з)",
    "1458": "15-й микрорайон",
    "1459": "Корпус 1557",
    "1460": "Корпус 1501",
    "1461": "Автобус № 17(з)",
    "1462": "\"Кладбище, по требованию\"",
    "1463": "Сосенки",
    "1464": "Почтовая ул.",
    "1465": "Школа",
    "1466": "Центральная ул.",
    "1467": "Автобус № 18(з)",
    "1468": "Центр занятости населения",
    "1469": "Корпус 1538",
    "1470": "Автобус № 19(з)",
    "1471": "Фабрика-прачечная2",
    "1472": "Автобус № 2(з)",
    "1473": "Автобус № 19к(з)",
    "1474": "Заводская ул.",
    "1475": "Промкомбинат",
    "1476": "Комбинат ЖБИ",
    "1477": "РТС-4",
    "1478": "Деревня Малино",
    "1479": "ГСК",
    "1480": "Малинская ул.",
    "1481": "Медведки",
    "1482": "Кладбище \"Рожки\"",
    "1483": "Автобус № 20(з)",
    "1484": "Корпус 814",
    "1485": "Корпус 815",
    "1486": "Корпус 856",
    "1487": "Школа надомного обучения",
    "1488": "Платформа \"Малино\"",
    "1489": "Автобус № 21(з)",
    "1490": "Корпус 1624",
    "1491": "Корпус 1620",
    "1492": "Корпус 1649",
    "1493": "Автобус № 22(з)",
    "1494": "Автобус № 23(з)",
    "1495": "Автобус № 27(з)",
    "1496": "Дом № 50",
    "1497": "Деревня Алабушево",
    "1498": "Участок механизации",
    "1499": "Автобус № 3(з)",
    "1500": "Кафе \"Лесное\"",
    "1501": "Корпус 1121",
    "1502": "РТС-2",
    "1503": "Автобус № 4(з)",
    "1504": "Автобус № 5(з)",
    "1505": "Автобус № 6(з)",
    "1506": "Кинологический центр",
    "1507": "Река Сходня",
    "1508": "Деревня Назарьево",
    "1509": "Дачный поселок",
    "1510": "Платформа \"Фирсановка\"",
    "1511": "Автобус № 7(з)",
    "1512": "41-й километр",
    "1513": "Автобус № 8(з)",
    "1514": "Автобус № 9(з)",
    "1515": "Метро",
    "1516": "ROOT",
    "1517": "Метро",
    "1518": "Электричка",
    "1519": "lening-bologoezhd",
    "1520": "OTHER",
    "1521": "Электричка",
    "1522": "Автобус",
    "1523": "Трамвай",
    "1524": "tramwayse",
    "1525": "tramwaysn",
    "1526": "tramwaysnw",
    "1527": "tramwayss",
    "1528": "Imported from http://pmetro.su"
}