{
    "default_transports": [
        "metro"
    ],
    "height": 510,
    "images": [
        "res/schemes/houston.svg"
    ],
    "is_vector": true,
    "lines": [
        {
            "labels_bg_color": "-1",
            "labels_color": "af0000",
            "line_color": "cf0000",
            "line_width": 7,
            "name": "1",
            "segments": [
                [
                    0,
                    1,
                    [
                        [
                            141,
                            80
                        ],
                        [
                            141,
                            60
                        ]
                    ],
                    true
                ],
                [
                    1,
                    2,
                    [
                        [
                            141,
                            100
                        ],
                        [
                            141,
                            80
                        ]
                    ],
                    true
                ],
                [
                    2,
                    3,
                    [
                        [
                            141,
                            120
                        ],
                        [
                            141,
                            100
                        ]
                    ],
                    true
                ],
                [
                    3,
                    4,
                    [
                        [
                            141,
                            140
                        ],
                        [
                            141,
                            120
                        ]
                    ],
                    true
                ],
                [
                    4,
                    5,
                    [
                        [
                            141,
                            160
                        ],
                        [
                            141,
                            140
                        ]
                    ],
                    true
                ],
                [
                    5,
                    6,
                    [
                        [
                            141,
                            180
                        ],
                        [
                            141,
                            160
                        ]
                    ],
                    true
                ],
                [
                    6,
                    7,
                    [
                        [
                            141,
                            200
                        ],
                        [
                            141,
                            180
                        ]
                    ],
                    true
                ],
                [
                    7,
                    8,
                    [
                        [
                            121,
                            220
                        ],
                        [
                            141,
                            200
                        ]
                    ],
                    true
                ],
                [
                    7,
                    9,
                    [
                        [
                            161,
                            220
                        ],
                        [
                            141,
                            200
                        ]
                    ],
                    true
                ],
                [
                    8,
                    10,
                    [
                        [
                            121,
                            220
                        ],
                        [
                            141,
                            240
                        ]
                    ],
                    true
                ],
                [
                    9,
                    10,
                    [
                        [
                            141,
                            240
                        ],
                        [
                            161,
                            220
                        ]
                    ],
                    true
                ],
                [
                    10,
                    11,
                    [
                        [
                            141,
                            260
                        ],
                        [
                            141,
                            240
                        ]
                    ],
                    true
                ],
                [
                    11,
                    12,
                    [
                        [
                            141,
                            280
                        ],
                        [
                            141,
                            260
                        ]
                    ],
                    true
                ],
                [
                    12,
                    13,
                    [
                        [
                            141,
                            300
                        ],
                        [
                            141,
                            280
                        ]
                    ],
                    true
                ],
                [
                    13,
                    14,
                    [
                        [
                            141,
                            320
                        ],
                        [
                            141,
                            300
                        ]
                    ],
                    true
                ],
                [
                    14,
                    15,
                    [
                        [
                            141,
                            340
                        ],
                        [
                            141,
                            320
                        ]
                    ],
                    true
                ],
                [
                    15,
                    16,
                    [
                        [
                            141,
                            360
                        ],
                        [
                            141,
                            340
                        ]
                    ],
                    true
                ]
            ],
            "stations": [
                {
                    "coord": [
                        141,
                        60
                    ],
                    "is_working": true,
                    "name": "UH-Downtown",
                    "rect": [
                        160,
                        54,
                        72,
                        15
                    ],
                    "text_id": 0,
                    "uid": 0
                },
                {
                    "coord": [
                        141,
                        80
                    ],
                    "is_working": true,
                    "name": "Preston",
                    "rect": [
                        159,
                        73,
                        40,
                        15
                    ],
                    "text_id": 1,
                    "uid": 1
                },
                {
                    "coord": [
                        141,
                        100
                    ],
                    "is_working": true,
                    "name": "Main Street Square",
                    "rect": [
                        159,
                        94,
                        96,
                        15
                    ],
                    "text_id": 2,
                    "uid": 2
                },
                {
                    "coord": [
                        141,
                        120
                    ],
                    "is_working": true,
                    "name": "Bell",
                    "rect": [
                        158,
                        113,
                        22,
                        15
                    ],
                    "text_id": 3,
                    "uid": 3
                },
                {
                    "coord": [
                        141,
                        140
                    ],
                    "is_working": true,
                    "name": "Downtown Transit Center",
                    "rect": [
                        157,
                        133,
                        126,
                        15
                    ],
                    "text_id": 4,
                    "uid": 4
                },
                {
                    "coord": [
                        141,
                        160
                    ],
                    "is_working": true,
                    "name": "McGowen",
                    "rect": [
                        157,
                        153,
                        51,
                        15
                    ],
                    "text_id": 5,
                    "uid": 5
                },
                {
                    "coord": [
                        141,
                        180
                    ],
                    "is_working": true,
                    "name": "Ensemle/HCC",
                    "rect": [
                        158,
                        173,
                        72,
                        15
                    ],
                    "text_id": 6,
                    "uid": 6
                },
                {
                    "coord": [
                        141,
                        200
                    ],
                    "is_working": true,
                    "name": "Wheeler",
                    "rect": [
                        158,
                        193,
                        43,
                        15
                    ],
                    "text_id": 7,
                    "uid": 7
                },
                {
                    "coord": [
                        121,
                        220
                    ],
                    "is_working": true,
                    "name": "Museum District 1",
                    "rect": [
                        20,
                        216,
                        92,
                        15
                    ],
                    "text_id": 8,
                    "uid": 8
                },
                {
                    "coord": [
                        161,
                        220
                    ],
                    "is_working": true,
                    "name": "Museum District 2",
                    "rect": [
                        173,
                        215,
                        92,
                        15
                    ],
                    "text_id": 9,
                    "uid": 9
                },
                {
                    "coord": [
                        141,
                        240
                    ],
                    "is_working": true,
                    "name": "Hermann Park/Rice U",
                    "rect": [
                        156,
                        237,
                        110,
                        15
                    ],
                    "text_id": 10,
                    "uid": 10
                },
                {
                    "coord": [
                        141,
                        260
                    ],
                    "is_working": true,
                    "name": "Memorial Hermann Hospital/Houston Zoo",
                    "rect": [
                        156,
                        256,
                        205,
                        15
                    ],
                    "text_id": 11,
                    "uid": 11
                },
                {
                    "coord": [
                        141,
                        280
                    ],
                    "is_working": true,
                    "name": "Dryden/TMC",
                    "rect": [
                        156,
                        275,
                        64,
                        15
                    ],
                    "text_id": 12,
                    "uid": 12
                },
                {
                    "coord": [
                        141,
                        300
                    ],
                    "is_working": true,
                    "name": "TMC Transit Center",
                    "rect": [
                        156,
                        295,
                        98,
                        15
                    ],
                    "text_id": 13,
                    "uid": 13
                },
                {
                    "coord": [
                        141,
                        320
                    ],
                    "is_working": true,
                    "name": "Smith Lands",
                    "rect": [
                        155,
                        315,
                        63,
                        15
                    ],
                    "text_id": 14,
                    "uid": 14
                },
                {
                    "coord": [
                        141,
                        340
                    ],
                    "is_working": true,
                    "name": "Reliant Park",
                    "rect": [
                        154,
                        334,
                        63,
                        15
                    ],
                    "text_id": 15,
                    "uid": 15
                },
                {
                    "coord": [
                        141,
                        360
                    ],
                    "is_working": true,
                    "name": "Fannin South",
                    "rect": [
                        153,
                        354,
                        66,
                        15
                    ],
                    "text_id": 16,
                    "uid": 16
                }
            ],
            "text_id": 17
        }
    ],
    "lines_width": 7,
    "name": "metro",
    "name_text_id": 18,
    "stations_diameter": 13.0,
    "transfers": [],
    "transports": [
        "metro"
    ],
    "type_name": "ROOT",
    "type_text_id": 19,
    "upper_case": false,
    "width": 311,
    "word_wrap": false
}