{
    "0": "Kokusaikaikan",
    "1": "Matsugasaki",
    "2": "Kitayama",
    "3": "Kitaoji",
    "4": "Kuramaguchi",
    "5": "Imadegawa",
    "6": "Marutamachi",
    "7": "Karasuma Oike",
    "8": "Shijo",
    "9": "Gojo",
    "10": "Kyoto",
    "11": "Kujo",
    "12": "Jujo",
    "13": "Kuinabashi",
    "14": "Takeda",
    "15": "Karasuma",
    "16": "Uzumasa Tenjingawa",
    "17": "Nishioji-oike",
    "18": "Nijo",
    "19": "Nijojo-mae",
    "20": "Kyoto Shiyakusho-mae",
    "21": "Sanjo Keihan",
    "22": "Higashiyama",
    "23": "Keage",
    "24": "Misasagi",
    "25": "Yamashina",
    "26": "Higashino",
    "27": "Nagitsuji",
    "28": "Ono",
    "29": "Daigo",
    "30": "Ishida",
    "31": "Rokujizo",
    "32": "Tozai",
    "33": "Метро",
    "34": "ROOT",
    "35": "Схема от 17.01.2008г.\nАвтор: Варламов Дмитрий (www.chpeks.com)",
    "36": "Imported from http://pmetro.su"
}