{
    "0": "Dilshad Garden",
    "1": "Jhilmil",
    "2": "Mansarovar Park",
    "3": "Shahdara",
    "4": "Welcome",
    "5": "Seelampur",
    "6": "Shastri Park",
    "7": "Kashmere Gate",
    "8": "Tis Hazari",
    "9": "Pul Bangash",
    "10": "Pratap Nagar",
    "11": "Shastri Nagar",
    "12": "Inder Lok",
    "13": "Kanhiya Nagar",
    "14": "Keshav Puram",
    "15": "Netaji Subhash Place",
    "16": "Kohat Enclave",
    "17": "Pitam Pura",
    "18": "Rohini East",
    "19": "Rohini West",
    "20": "Rithala",
    "21": "Line 1",
    "22": "Jahangirpuri",
    "23": "Adarsh Nagar",
    "24": "Azadpur",
    "25": "Model Town",
    "26": "GTB Nagar",
    "27": "Vishwa Vidyalaya",
    "28": "Vidhan Sabha",
    "29": "Civil Lines",
    "30": "Delhi Main",
    "31": "Chawri Bazar",
    "32": "New Delhi",
    "33": "Connaught Place",
    "34": "Patel Chowk",
    "35": "Central Secretariat",
    "36": "Udyog Bhawan",
    "37": "Race Course",
    "38": "Jor Bagh",
    "39": "INA",
    "40": "AIIMS",
    "41": "Green Park",
    "42": "Hauz Khas",
    "43": "Malviya Nagar",
    "44": "Saket",
    "45": "Qutub Minar",
    "46": "Chhatarpur",
    "47": "Sultanpur",
    "48": "Ghitorni",
    "49": "Arjan Garh",
    "50": "Guru Dronacharya",
    "51": "Sikandarpur",
    "52": "MG Road",
    "53": "IFFCO Chowk",
    "54": "HUDA City Centre",
    "55": "Line 2",
    "56": "Noida City Centre",
    "57": "Noida Golf Course",
    "58": "Botanical Garden",
    "59": "Noida Sector 18",
    "60": "Noida Sector 16",
    "61": "Noida Sector 15",
    "62": "New Ashok Nagar",
    "63": "Mayur Vihar Extension",
    "64": "Mayur Vihar - I",
    "65": "Akshardham",
    "66": "Yamuna Bank",
    "67": "Indraprastha",
    "68": "Pragati Maidan",
    "69": "Mandi House",
    "70": "Barakhamba Road",
    "71": "R.K. Ashram Marg",
    "72": "Jhandewalan",
    "73": "Karol Bagh",
    "74": "Rajendra Place",
    "75": "Patel Nagar",
    "76": "Shadipur",
    "77": "Kirti Nagar",
    "78": "Moti Nagar",
    "79": "Ramesh Nagar",
    "80": "Rajouri Garden",
    "81": "Tagore Garden",
    "82": "Subhash Nagar",
    "83": "Tilak Nagar",
    "84": "Ganesh Nagar",
    "85": "Janakpuri",
    "86": "Uttam Nagar",
    "87": "Prem Nagar",
    "88": "Om Vihar",
    "89": "Dwarka Morh",
    "90": "Dwarka",
    "91": "Dwarka Sec 14",
    "92": "Dwarka Sec 13",
    "93": "Dwarka Sec 12",
    "94": "Dwarka Sec 11",
    "95": "Dwarka Sec 10",
    "96": "Dwarka Sec 9",
    "97": "Dwarka Sec 8",
    "98": "Dwarka Sec 21",
    "99": "Line 3",
    "100": "Vaishali",
    "101": "Kaushambi",
    "102": "Anand Vihar",
    "103": "Karkarduma",
    "104": "Preet Vihar",
    "105": "Nirman Vihar",
    "106": "Laxmi Nagar",
    "107": "Line 4",
    "108": "Satguru Ramsingh Marg",
    "109": "Ashok Park",
    "110": "Punjabi Bagh",
    "111": "Shivaji Park",
    "112": "Madipur",
    "113": "Paschim Vihar East",
    "114": "Paschim Vihar West",
    "115": "Peera Garhi",
    "116": "Udyog Nagar",
    "117": "Surajmal Stadium",
    "118": "Nangloi",
    "119": "Nangloi Railway station",
    "120": "Rajdhani Park",
    "121": "Mundka",
    "122": "Line 5",
    "123": "Janpath",
    "124": "Khan Market",
    "125": "Jawaharlal Nehru Stadium",
    "126": "Jangpura",
    "127": "Lajpat Nagar",
    "128": "Moolchand",
    "129": "Kailash Colony",
    "130": "Nehru Place",
    "131": "Kalkaji Mandir",
    "132": "Govind Puri",
    "133": "Okhla",
    "134": "Jasola",
    "135": "Sarita Vihar",
    "136": "Mohan Estate",
    "137": "Tughlakabad",
    "138": "Badarpur",
    "139": "Sarai",
    "140": "NHPC Chowk",
    "141": "Mewla Maharajpur",
    "142": "Sector 28",
    "143": "Badkhal Mor",
    "144": "Faridabad Old",
    "145": "Neelam Chowk Ajronda",
    "146": "Bata Chowk",
    "147": "Escorts Mujesar",
    "148": "Line 6",
    "149": "Метро",
    "150": "ROOT",
    "151": "Схема от 17.11.2015г.",
    "152": "Imported from http://pmetro.su"
}