{
    "0": "Dilshad Garden",
    "1": "Jhilmil",
    "2": "Mansarovar Park",
    "3": "Shahdara",
    "4": "Welcome",
    "5": "Seelampur",
    "6": "Shastri Park",
    "7": "Kashmere Gate",
    "8": "Tis Hazari",
    "9": "Pul Bangash",
    "10": "Pratap Nagar",
    "11": "Shastri Nagar",
    "12": "Inder Lok",
    "13": "Kanhiya Nagar",
    "14": "Keshav Puram",
    "15": "Netaji Subhash Place",
    "16": "Kohat Enclave",
    "17": "Pitam Pura",
    "18": "Rohini East",
    "19": "Rohini West",
    "20": "Rithala",
    "21": "Line 1",
    "22": "Samaypur Badli",
    "23": "Rohini sec.18",
    "24": "Haiderpur",
    "25": "Jahangirpuri",
    "26": "Adarsh Nagar",
    "27": "Azadpur",
    "28": "Model Town",
    "29": "GTB Nagar",
    "30": "Vishwa Vidyalaya",
    "31": "Vidhan Sabha",
    "32": "Civil Lines",
    "33": "Delhi Main",
    "34": "Chawri Bazar",
    "35": "New Delhi",
    "36": "Connaught Place",
    "37": "Patel Chowk",
    "38": "Central Secretariat",
    "39": "Udyog Bhawan",
    "40": "Race Course",
    "41": "Jor Bagh",
    "42": "INA",
    "43": "AIIMS",
    "44": "Green Park",
    "45": "Hauz Khas",
    "46": "Malviya Nagar",
    "47": "Saket",
    "48": "Qutub Minar",
    "49": "Chhatarpur",
    "50": "Sultanpur",
    "51": "Ghitorni",
    "52": "Arjan Garh",
    "53": "Guru Dronacharya",
    "54": "Sikandarpur",
    "55": "MG Road",
    "56": "IFFCO Chowk",
    "57": "HUDA City Centre",
    "58": "Line 2",
    "59": "Noida City Centre",
    "60": "Noida Golf Course",
    "61": "Botanical Garden",
    "62": "Noida Sector 18",
    "63": "Noida Sector 16",
    "64": "Noida Sector 15",
    "65": "New Ashok Nagar",
    "66": "Mayur Vihar Extension",
    "67": "Mayur Vihar - I",
    "68": "Akshardham",
    "69": "Yamuna Bank",
    "70": "Indraprastha",
    "71": "Pragati Maidan",
    "72": "Mandi House",
    "73": "Barakhamba Road",
    "74": "R.K. Ashram Marg",
    "75": "Jhandewalan",
    "76": "Karol Bagh",
    "77": "Rajendra Place",
    "78": "Patel Nagar",
    "79": "Shadipur",
    "80": "Kirti Nagar",
    "81": "Moti Nagar",
    "82": "Ramesh Nagar",
    "83": "Rajouri Garden",
    "84": "Tagore Garden",
    "85": "Subhash Nagar",
    "86": "Tilak Nagar",
    "87": "Ganesh Nagar",
    "88": "Janakpuri",
    "89": "Uttam Nagar",
    "90": "Prem Nagar",
    "91": "Om Vihar",
    "92": "Dwarka Morh",
    "93": "Dwarka",
    "94": "Dwarka Sec 14",
    "95": "Dwarka Sec 13",
    "96": "Dwarka Sec 12",
    "97": "Dwarka Sec 11",
    "98": "Dwarka Sec 10",
    "99": "Dwarka Sec 9",
    "100": "Dwarka Sec 8",
    "101": "Dwarka Sec 21",
    "102": "Line 3",
    "103": "Vaishali",
    "104": "Kaushambi",
    "105": "Anand Vihar",
    "106": "Karkarduma",
    "107": "Preet Vihar",
    "108": "Nirman Vihar",
    "109": "Laxmi Nagar",
    "110": "Line 4",
    "111": "Satguru Ramsingh Marg",
    "112": "Ashok Park",
    "113": "Punjabi Bagh",
    "114": "Shivaji Park",
    "115": "Madipur",
    "116": "Paschim Vihar East",
    "117": "Paschim Vihar West",
    "118": "Peera Garhi",
    "119": "Udyog Nagar",
    "120": "Surajmal Stadium",
    "121": "Nangloi",
    "122": "Nangloi Railway station",
    "123": "Rajdhani Park",
    "124": "Mundka",
    "125": "Line 5",
    "126": "Janpath",
    "127": "Khan Market",
    "128": "Jawaharlal Nehru Stadium",
    "129": "Jangpura",
    "130": "Lajpat Nagar",
    "131": "Moolchand",
    "132": "Kailash Colony",
    "133": "Nehru Place",
    "134": "Kalkaji Mandir",
    "135": "Govind Puri",
    "136": "Okhla",
    "137": "Jasola",
    "138": "Sarita Vihar",
    "139": "Mohan Estate",
    "140": "Tughlakabad",
    "141": "Badarpur",
    "142": "Sarai",
    "143": "NHPC Chowk",
    "144": "Mewla Maharajpur",
    "145": "Sector 28",
    "146": "Badkhal Mor",
    "147": "Faridabad Old",
    "148": "Neelam Chowk Ajronda",
    "149": "Bata Chowk",
    "150": "Escorts Mujesar",
    "151": "Line 6",
    "152": "Метро",
    "153": "ROOT",
    "154": "Схема от 24.11.2015г.",
    "155": "Imported from http://pmetro.su"
}