{
    "default_transports": [
        "metro"
    ],
    "height": 800,
    "images": [
        "res/schemes/copenhagen.svg"
    ],
    "is_vector": true,
    "lines": [
        {
            "labels_bg_color": "-1",
            "labels_color": "046434",
            "line_color": "046434",
            "line_width": 9,
            "name": "M 1",
            "segments": [
                [
                    0,
                    1,
                    [
                        [
                            93,
                            155
                        ],
                        [
                            26,
                            155
                        ]
                    ],
                    true
                ],
                [
                    1,
                    2,
                    [
                        [
                            165,
                            155
                        ],
                        [
                            93,
                            155
                        ]
                    ],
                    true
                ],
                [
                    2,
                    3,
                    [
                        [
                            245,
                            155
                        ],
                        [
                            165,
                            155
                        ]
                    ],
                    true
                ],
                [
                    3,
                    4,
                    [
                        [
                            319,
                            155
                        ],
                        [
                            245,
                            155
                        ]
                    ],
                    true
                ],
                [
                    4,
                    5,
                    [
                        [
                            397,
                            155
                        ],
                        [
                            319,
                            155
                        ]
                    ],
                    true
                ],
                [
                    5,
                    6,
                    [
                        [
                            476.0,
                            124.0
                        ],
                        [
                            473.62,
                            123.28
                        ],
                        [
                            471.09,
                            122.88
                        ],
                        [
                            468.43,
                            122.79
                        ],
                        [
                            465.62,
                            123.0
                        ],
                        [
                            462.72,
                            123.45
                        ],
                        [
                            459.66,
                            124.23
                        ],
                        [
                            456.44,
                            125.36
                        ],
                        [
                            453.0,
                            127.0
                        ],
                        [
                            449.22,
                            129.39
                        ],
                        [
                            445.25,
                            132.21
                        ],
                        [
                            441.18,
                            135.23
                        ],
                        [
                            437.06,
                            138.38
                        ],
                        [
                            432.93,
                            141.54
                        ],
                        [
                            428.85,
                            144.6
                        ],
                        [
                            424.84,
                            147.5
                        ],
                        [
                            421.0,
                            150.0
                        ],
                        [
                            417.49,
                            151.78
                        ],
                        [
                            414.18,
                            153.09
                        ],
                        [
                            411.03,
                            154.07
                        ],
                        [
                            408.0,
                            154.75
                        ],
                        [
                            405.07,
                            155.23
                        ],
                        [
                            402.25,
                            155.44
                        ],
                        [
                            399.56,
                            155.36
                        ],
                        [
                            397.0,
                            155.0
                        ]
                    ],
                    true
                ],
                [
                    6,
                    7,
                    [
                        [
                            536.0,
                            202.0
                        ],
                        [
                            532.18,
                            198.11
                        ],
                        [
                            528.59,
                            194.19
                        ],
                        [
                            525.25,
                            190.23
                        ],
                        [
                            522.12,
                            186.25
                        ],
                        [
                            519.17,
                            182.29
                        ],
                        [
                            516.46,
                            178.28
                        ],
                        [
                            514.03,
                            174.21
                        ],
                        [
                            512.0,
                            170.0
                        ],
                        [
                            510.59,
                            165.47
                        ],
                        [
                            509.5,
                            160.84
                        ],
                        [
                            508.56,
                            156.25
                        ],
                        [
                            507.69,
                            151.75
                        ],
                        [
                            506.79,
                            147.4
                        ],
                        [
                            505.78,
                            143.28
                        ],
                        [
                            504.58,
                            139.43
                        ],
                        [
                            503.0,
                            136.0
                        ],
                        [
                            500.75,
                            133.19
                        ],
                        [
                            498.07,
                            130.84
                        ],
                        [
                            495.06,
                            128.87
                        ],
                        [
                            491.75,
                            127.25
                        ],
                        [
                            488.23,
                            125.93
                        ],
                        [
                            484.44,
                            124.94
                        ],
                        [
                            480.36,
                            124.3
                        ],
                        [
                            476.0,
                            124.0
                        ]
                    ],
                    true
                ],
                [
                    7,
                    8,
                    [
                        [
                            591,
                            257
                        ],
                        [
                            536,
                            202
                        ]
                    ],
                    true
                ],
                [
                    8,
                    9,
                    [
                        [
                            526.0,
                            343.0
                        ],
                        [
                            525.89,
                            340.78
                        ],
                        [
                            525.81,
                            338.62
                        ],
                        [
                            525.76,
                            336.53
                        ],
                        [
                            525.75,
                            334.5
                        ],
                        [
                            525.79,
                            332.53
                        ],
                        [
                            525.85,
                            330.63
                        ],
                        [
                            525.93,
                            328.79
                        ],
                        [
                            526.0,
                            327.0
                        ],
                        [
                            526.0,
                            325.27
                        ],
                        [
                            526.0,
                            323.59
                        ],
                        [
                            526.05,
                            321.98
                        ],
                        [
                            526.19,
                            320.44
                        ],
                        [
                            526.45,
                            318.97
                        ],
                        [
                            526.83,
                            317.57
                        ],
                        [
                            527.35,
                            316.25
                        ],
                        [
                            528.0,
                            315.0
                        ],
                        [
                            528.79,
                            313.83
                        ],
                        [
                            529.76,
                            312.74
                        ],
                        [
                            530.96,
                            311.74
                        ],
                        [
                            532.38,
                            310.81
                        ],
                        [
                            533.94,
                            309.94
                        ],
                        [
                            535.83,
                            309.17
                        ],
                        [
                            538.1,
                            308.51
                        ],
                        [
                            541.0,
                            308.0
                        ],
                        [
                            544.96,
                            307.75
                        ],
                        [
                            549.48,
                            307.64
                        ],
                        [
                            554.24,
                            307.59
                        ],
                        [
                            559.12,
                            307.56
                        ],
                        [
                            564.01,
                            307.53
                        ],
                        [
                            568.72,
                            307.46
                        ],
                        [
                            573.17,
                            307.31
                        ],
                        [
                            577.0,
                            307.0
                        ],
                        [
                            579.68,
                            306.41
                        ],
                        [
                            581.68,
                            305.64
                        ],
                        [
                            583.29,
                            304.75
                        ],
                        [
                            584.56,
                            303.75
                        ],
                        [
                            585.68,
                            302.66
                        ],
                        [
                            586.62,
                            301.5
                        ],
                        [
                            587.36,
                            300.26
                        ],
                        [
                            588.0,
                            299.0
                        ],
                        [
                            588.66,
                            297.82
                        ],
                        [
                            589.26,
                            296.6
                        ],
                        [
                            589.77,
                            295.27
                        ],
                        [
                            590.19,
                            293.81
                        ],
                        [
                            590.49,
                            292.19
                        ],
                        [
                            590.71,
                            290.36
                        ],
                        [
                            590.87,
                            288.32
                        ],
                        [
                            591.0,
                            286.0
                        ],
                        [
                            591.14,
                            283.3
                        ],
                        [
                            591.26,
                            280.29
                        ],
                        [
                            591.34,
                            277.02
                        ],
                        [
                            591.38,
                            273.5
                        ],
                        [
                            591.35,
                            269.75
                        ],
                        [
                            591.28,
                            265.75
                        ],
                        [
                            591.16,
                            261.5
                        ],
                        [
                            591.0,
                            257.0
                        ]
                    ],
                    true
                ],
                [
                    9,
                    10,
                    [
                        [
                            526,
                            412
                        ],
                        [
                            526,
                            343
                        ]
                    ],
                    true
                ],
                [
                    10,
                    11,
                    [
                        [
                            526,
                            475
                        ],
                        [
                            526,
                            412
                        ]
                    ],
                    true
                ],
                [
                    11,
                    12,
                    [
                        [
                            526,
                            531
                        ],
                        [
                            526,
                            475
                        ]
                    ],
                    true
                ],
                [
                    12,
                    13,
                    [
                        [
                            526,
                            589
                        ],
                        [
                            526,
                            531
                        ]
                    ],
                    true
                ],
                [
                    13,
                    14,
                    [
                        [
                            526,
                            650
                        ],
                        [
                            526,
                            589
                        ]
                    ],
                    true
                ]
            ],
            "stations": [
                {
                    "coord": [
                        26,
                        155
                    ],
                    "is_working": true,
                    "name": "Vanlose",
                    "rect": [
                        15,
                        103,
                        53,
                        15
                    ],
                    "text_id": 0,
                    "uid": 0
                },
                {
                    "coord": [
                        93,
                        155
                    ],
                    "is_working": true,
                    "name": "Flinthom",
                    "rect": [
                        70,
                        176,
                        56,
                        15
                    ],
                    "text_id": 1,
                    "uid": 1
                },
                {
                    "coord": [
                        165,
                        155
                    ],
                    "is_working": true,
                    "name": "Lindevang",
                    "rect": [
                        140,
                        105,
                        65,
                        15
                    ],
                    "text_id": 2,
                    "uid": 2
                },
                {
                    "coord": [
                        245,
                        155
                    ],
                    "is_working": true,
                    "name": "Solbjerg",
                    "rect": [
                        215,
                        173,
                        60,
                        15
                    ],
                    "text_id": 3,
                    "uid": 3
                },
                {
                    "coord": [
                        319,
                        155
                    ],
                    "is_working": true,
                    "name": "Fredericksberg",
                    "rect": [
                        270,
                        105,
                        103,
                        15
                    ],
                    "text_id": 4,
                    "uid": 4
                },
                {
                    "coord": [
                        397,
                        155
                    ],
                    "is_working": true,
                    "name": "Forum",
                    "rect": [
                        374,
                        171,
                        41,
                        15
                    ],
                    "text_id": 5,
                    "uid": 5
                },
                {
                    "coord": [
                        476,
                        124
                    ],
                    "is_working": true,
                    "name": "Norreport",
                    "rect": [
                        447,
                        73,
                        70,
                        15
                    ],
                    "text_id": 6,
                    "uid": 6
                },
                {
                    "coord": [
                        536,
                        202
                    ],
                    "is_working": true,
                    "name": "Kongens Nytorv",
                    "rect": [
                        565,
                        163,
                        58,
                        28
                    ],
                    "text_id": 7,
                    "uid": 7
                },
                {
                    "coord": [
                        591,
                        257
                    ],
                    "is_working": true,
                    "name": "Cristianshavn",
                    "rect": [
                        621,
                        234,
                        91,
                        15
                    ],
                    "text_id": 8,
                    "uid": 8
                },
                {
                    "coord": [
                        526,
                        343
                    ],
                    "is_working": true,
                    "name": "Islands Brygge",
                    "rect": [
                        462,
                        330,
                        51,
                        28
                    ],
                    "text_id": 9,
                    "uid": 9
                },
                {
                    "coord": [
                        526,
                        412
                    ],
                    "is_working": true,
                    "name": "Universitetet",
                    "rect": [
                        428,
                        406,
                        85,
                        15
                    ],
                    "text_id": 10,
                    "uid": 10
                },
                {
                    "coord": [
                        526,
                        475
                    ],
                    "is_working": true,
                    "name": "Sundby",
                    "rect": [
                        465,
                        466,
                        48,
                        15
                    ],
                    "text_id": 11,
                    "uid": 11
                },
                {
                    "coord": [
                        526,
                        531
                    ],
                    "is_working": true,
                    "name": "Bella Center",
                    "rect": [
                        467,
                        518,
                        46,
                        28
                    ],
                    "text_id": 12,
                    "uid": 12
                },
                {
                    "coord": [
                        526,
                        589
                    ],
                    "is_working": true,
                    "name": "Orestad",
                    "rect": [
                        460,
                        583,
                        54,
                        15
                    ],
                    "text_id": 13,
                    "uid": 13
                },
                {
                    "coord": [
                        526,
                        650
                    ],
                    "is_working": true,
                    "name": "Vestamager",
                    "rect": [
                        436,
                        642,
                        77,
                        15
                    ],
                    "text_id": 14,
                    "uid": 14
                }
            ],
            "text_id": 15
        },
        {
            "labels_bg_color": "-1",
            "labels_color": "F49E01",
            "line_color": "FCCC04",
            "line_width": 9,
            "name": "M 2",
            "segments": [
                [
                    15,
                    16,
                    [
                        [
                            93,
                            135
                        ],
                        [
                            26,
                            135
                        ]
                    ],
                    true
                ],
                [
                    16,
                    17,
                    [
                        [
                            165,
                            135
                        ],
                        [
                            93,
                            135
                        ]
                    ],
                    true
                ],
                [
                    17,
                    18,
                    [
                        [
                            245,
                            135
                        ],
                        [
                            165,
                            135
                        ]
                    ],
                    true
                ],
                [
                    18,
                    19,
                    [
                        [
                            319,
                            135
                        ],
                        [
                            245,
                            135
                        ]
                    ],
                    true
                ],
                [
                    19,
                    20,
                    [
                        [
                            397,
                            135
                        ],
                        [
                            319,
                            135
                        ]
                    ],
                    true
                ],
                [
                    20,
                    21,
                    [
                        [
                            476.0,
                            104.0
                        ],
                        [
                            472.66,
                            103.75
                        ],
                        [
                            469.28,
                            103.75
                        ],
                        [
                            465.85,
                            104.01
                        ],
                        [
                            462.38,
                            104.5
                        ],
                        [
                            458.88,
                            105.18
                        ],
                        [
                            455.34,
                            106.12
                        ],
                        [
                            451.73,
                            107.36
                        ],
                        [
                            448.0,
                            109.0
                        ],
                        [
                            444.06,
                            111.27
                        ],
                        [
                            440.04,
                            113.88
                        ],
                        [
                            436.01,
                            116.64
                        ],
                        [
                            432.0,
                            119.5
                        ],
                        [
                            428.05,
                            122.36
                        ],
                        [
                            424.21,
                            125.12
                        ],
                        [
                            420.5,
                            127.73
                        ],
                        [
                            417.0,
                            130.0
                        ],
                        [
                            413.84,
                            131.64
                        ],
                        [
                            410.91,
                            132.88
                        ],
                        [
                            408.18,
                            133.82
                        ],
                        [
                            405.62,
                            134.5
                        ],
                        [
                            403.21,
                            134.99
                        ],
                        [
                            400.97,
                            135.25
                        ],
                        [
                            398.9,
                            135.25
                        ],
                        [
                            397.0,
                            135.0
                        ]
                    ],
                    true
                ],
                [
                    21,
                    22,
                    [
                        [
                            549.0,
                            189.0
                        ],
                        [
                            545.83,
                            185.45
                        ],
                        [
                            542.81,
                            181.81
                        ],
                        [
                            539.96,
                            178.07
                        ],
                        [
                            537.25,
                            174.25
                        ],
                        [
                            534.62,
                            170.39
                        ],
                        [
                            532.16,
                            166.41
                        ],
                        [
                            529.9,
                            162.32
                        ],
                        [
                            528.0,
                            158.0
                        ],
                        [
                            526.72,
                            153.28
                        ],
                        [
                            525.72,
                            148.4
                        ],
                        [
                            524.75,
                            143.5
                        ],
                        [
                            523.75,
                            138.62
                        ],
                        [
                            522.59,
                            133.86
                        ],
                        [
                            521.16,
                            129.29
                        ],
                        [
                            519.37,
                            124.95
                        ],
                        [
                            517.0,
                            121.0
                        ],
                        [
                            513.69,
                            117.67
                        ],
                        [
                            509.72,
                            114.77
                        ],
                        [
                            505.23,
                            112.22
                        ],
                        [
                            500.25,
                            110.0
                        ],
                        [
                            494.88,
                            108.04
                        ],
                        [
                            489.06,
                            106.38
                        ],
                        [
                            482.77,
                            105.03
                        ],
                        [
                            476.0,
                            104.0
                        ]
                    ],
                    true
                ],
                [
                    22,
                    23,
                    [
                        [
                            604,
                            244
                        ],
                        [
                            549,
                            189
                        ]
                    ],
                    true
                ],
                [
                    23,
                    24,
                    [
                        [
                            650.0,
                            335.0
                        ],
                        [
                            646.76,
                            335.11
                        ],
                        [
                            643.66,
                            335.19
                        ],
                        [
                            640.7,
                            335.24
                        ],
                        [
                            637.88,
                            335.25
                        ],
                        [
                            635.18,
                            335.22
                        ],
                        [
                            632.64,
                            335.16
                        ],
                        [
                            630.24,
                            335.08
                        ],
                        [
                            628.0,
                            335.0
                        ],
                        [
                            625.96,
                            334.96
                        ],
                        [
                            624.08,
                            334.9
                        ],
                        [
                            622.33,
                            334.79
                        ],
                        [
                            620.69,
                            334.62
                        ],
                        [
                            619.16,
                            334.38
                        ],
                        [
                            617.71,
                            334.04
                        ],
                        [
                            616.34,
                            333.6
                        ],
                        [
                            615.0,
                            333.0
                        ],
                        [
                            613.63,
                            332.2
                        ],
                        [
                            612.29,
                            331.24
                        ],
                        [
                            611.01,
                            330.16
                        ],
                        [
                            609.81,
                            328.94
                        ],
                        [
                            608.7,
                            327.54
                        ],
                        [
                            607.68,
                            326.04
                        ],
                        [
                            606.77,
                            324.48
                        ],
                        [
                            606.0,
                            323.0
                        ],
                        [
                            605.43,
                            321.87
                        ],
                        [
                            605.01,
                            320.74
                        ],
                        [
                            604.68,
                            319.39
                        ],
                        [
                            604.44,
                            317.75
                        ],
                        [
                            604.26,
                            315.7
                        ],
                        [
                            604.14,
                            313.13
                        ],
                        [
                            604.06,
                            309.97
                        ],
                        [
                            604.0,
                            306.0
                        ],
                        [
                            603.91,
                            300.88
                        ],
                        [
                            603.83,
                            294.87
                        ],
                        [
                            603.78,
                            288.11
                        ],
                        [
                            603.75,
                            280.62
                        ],
                        [
                            603.76,
                            272.51
                        ],
                        [
                            603.81,
                            263.72
                        ],
                        [
                            603.89,
                            254.21
                        ],
                        [
                            604.0,
                            244.0
                        ]
                    ],
                    true
                ],
                [
                    24,
                    25,
                    [
                        [
                            738,
                            335
                        ],
                        [
                            650,
                            335
                        ]
                    ],
                    true
                ],
                [
                    25,
                    26,
                    [
                        [
                            782,
                            379
                        ],
                        [
                            738,
                            335
                        ]
                    ],
                    true
                ],
                [
                    26,
                    27,
                    [
                        [
                            822,
                            419
                        ],
                        [
                            782,
                            379
                        ]
                    ],
                    true
                ],
                [
                    27,
                    28,
                    [
                        [
                            822,
                            493
                        ],
                        [
                            822,
                            419
                        ]
                    ],
                    true
                ],
                [
                    28,
                    29,
                    [
                        [
                            822,
                            560
                        ],
                        [
                            822,
                            493
                        ]
                    ],
                    true
                ],
                [
                    29,
                    30,
                    [
                        [
                            822,
                            624
                        ],
                        [
                            822,
                            560
                        ]
                    ],
                    true
                ]
            ],
            "stations": [
                {
                    "coord": [
                        26,
                        135
                    ],
                    "is_working": true,
                    "name": "Vanlose",
                    "rect": null,
                    "text_id": 0,
                    "uid": 15
                },
                {
                    "coord": [
                        93,
                        135
                    ],
                    "is_working": true,
                    "name": "Flinthom",
                    "rect": null,
                    "text_id": 1,
                    "uid": 16
                },
                {
                    "coord": [
                        165,
                        135
                    ],
                    "is_working": true,
                    "name": "Lindevang",
                    "rect": null,
                    "text_id": 2,
                    "uid": 17
                },
                {
                    "coord": [
                        245,
                        135
                    ],
                    "is_working": true,
                    "name": "Solbjerg",
                    "rect": null,
                    "text_id": 3,
                    "uid": 18
                },
                {
                    "coord": [
                        319,
                        135
                    ],
                    "is_working": true,
                    "name": "Fredericksberg",
                    "rect": null,
                    "text_id": 4,
                    "uid": 19
                },
                {
                    "coord": [
                        397,
                        135
                    ],
                    "is_working": true,
                    "name": "Forum",
                    "rect": null,
                    "text_id": 5,
                    "uid": 20
                },
                {
                    "coord": [
                        476,
                        104
                    ],
                    "is_working": true,
                    "name": "Norreport",
                    "rect": null,
                    "text_id": 6,
                    "uid": 21
                },
                {
                    "coord": [
                        549,
                        189
                    ],
                    "is_working": true,
                    "name": "Kongens Nytorv",
                    "rect": null,
                    "text_id": 7,
                    "uid": 22
                },
                {
                    "coord": [
                        604,
                        244
                    ],
                    "is_working": true,
                    "name": "Cristianshavn",
                    "rect": null,
                    "text_id": 8,
                    "uid": 23
                },
                {
                    "coord": [
                        650,
                        335
                    ],
                    "is_working": true,
                    "name": "Amagerbro",
                    "rect": [
                        614,
                        346,
                        74,
                        15
                    ],
                    "text_id": 16,
                    "uid": 24
                },
                {
                    "coord": [
                        738,
                        335
                    ],
                    "is_working": true,
                    "name": "Lergravsparken",
                    "rect": [
                        686,
                        309,
                        107,
                        15
                    ],
                    "text_id": 17,
                    "uid": 25
                },
                {
                    "coord": [
                        782,
                        379
                    ],
                    "is_working": true,
                    "name": "Oresund",
                    "rect": [
                        712,
                        377,
                        56,
                        15
                    ],
                    "text_id": 18,
                    "uid": 26
                },
                {
                    "coord": [
                        822,
                        419
                    ],
                    "is_working": true,
                    "name": "Amager Strand",
                    "rect": [
                        757,
                        422,
                        52,
                        28
                    ],
                    "text_id": 19,
                    "uid": 27
                },
                {
                    "coord": [
                        822,
                        493
                    ],
                    "is_working": true,
                    "name": "Femoren",
                    "rect": [
                        754,
                        486,
                        55,
                        15
                    ],
                    "text_id": 20,
                    "uid": 28
                },
                {
                    "coord": [
                        822,
                        560
                    ],
                    "is_working": true,
                    "name": "Kastrup",
                    "rect": [
                        755,
                        553,
                        54,
                        15
                    ],
                    "text_id": 21,
                    "uid": 29
                },
                {
                    "coord": [
                        822,
                        624
                    ],
                    "is_working": true,
                    "name": "Lufthavnen",
                    "rect": [
                        734,
                        617,
                        74,
                        15
                    ],
                    "text_id": 22,
                    "uid": 30
                }
            ],
            "text_id": 23
        }
    ],
    "lines_width": 9,
    "name": "metro",
    "name_text_id": 24,
    "stations_diameter": 17.0,
    "transfers": [
        [
            0,
            15,
            [
                26,
                155
            ],
            [
                26,
                135
            ]
        ],
        [
            8,
            23,
            [
                591,
                257
            ],
            [
                604,
                244
            ]
        ],
        [
            1,
            16,
            [
                93,
                155
            ],
            [
                93,
                135
            ]
        ],
        [
            2,
            17,
            [
                165,
                155
            ],
            [
                165,
                135
            ]
        ],
        [
            3,
            18,
            [
                245,
                155
            ],
            [
                245,
                135
            ]
        ],
        [
            4,
            19,
            [
                319,
                155
            ],
            [
                319,
                135
            ]
        ],
        [
            5,
            20,
            [
                397,
                155
            ],
            [
                397,
                135
            ]
        ],
        [
            6,
            21,
            [
                476,
                124
            ],
            [
                476,
                104
            ]
        ],
        [
            7,
            22,
            [
                536,
                202
            ],
            [
                549,
                189
            ]
        ]
    ],
    "transports": [
        "metro"
    ],
    "type_name": "ROOT",
    "type_text_id": 25,
    "upper_case": true,
    "width": 972,
    "word_wrap": true
}