{
    "default_transports": [
        "metro"
    ],
    "height": 1090,
    "images": [
        "res/schemes/3.svg"
    ],
    "is_vector": true,
    "lines": [
        {
            "labels_bg_color": "-1",
            "labels_color": "000000",
            "line_color": "FF0000",
            "line_width": 9,
            "name": "Line 2",
            "segments": [],
            "stations": [
                {
                    "coord": null,
                    "is_working": true,
                    "name": "Anthoupoli",
                    "rect": null,
                    "text_id": 25,
                    "uid": 24
                },
                {
                    "coord": null,
                    "is_working": true,
                    "name": "Peristeri",
                    "rect": null,
                    "text_id": 26,
                    "uid": 25
                },
                {
                    "coord": null,
                    "is_working": true,
                    "name": "Aghios Antonios",
                    "rect": null,
                    "text_id": 27,
                    "uid": 26
                },
                {
                    "coord": null,
                    "is_working": true,
                    "name": "Sepolia",
                    "rect": null,
                    "text_id": 28,
                    "uid": 27
                },
                {
                    "coord": null,
                    "is_working": true,
                    "name": "Attiki",
                    "rect": null,
                    "text_id": 13,
                    "uid": 28
                },
                {
                    "coord": null,
                    "is_working": true,
                    "name": "St. Larissis",
                    "rect": null,
                    "text_id": 29,
                    "uid": 29
                },
                {
                    "coord": null,
                    "is_working": true,
                    "name": "Metaxourghio",
                    "rect": null,
                    "text_id": 30,
                    "uid": 30
                },
                {
                    "coord": null,
                    "is_working": true,
                    "name": "Omonia",
                    "rect": null,
                    "text_id": 15,
                    "uid": 31
                },
                {
                    "coord": null,
                    "is_working": true,
                    "name": "Panepistimio",
                    "rect": null,
                    "text_id": 31,
                    "uid": 32
                },
                {
                    "coord": [
                        225,
                        430
                    ],
                    "is_working": true,
                    "name": "Syntagma",
                    "rect": null,
                    "text_id": 32,
                    "uid": 33
                },
                {
                    "coord": null,
                    "is_working": true,
                    "name": "Akropoli",
                    "rect": null,
                    "text_id": 33,
                    "uid": 34
                },
                {
                    "coord": null,
                    "is_working": true,
                    "name": "Syngrou-Fix",
                    "rect": null,
                    "text_id": 34,
                    "uid": 35
                },
                {
                    "coord": null,
                    "is_working": true,
                    "name": "Neos Kosmos",
                    "rect": null,
                    "text_id": 35,
                    "uid": 36
                },
                {
                    "coord": null,
                    "is_working": true,
                    "name": "Aghios Ioannis",
                    "rect": null,
                    "text_id": 36,
                    "uid": 37
                },
                {
                    "coord": null,
                    "is_working": true,
                    "name": "Dafni",
                    "rect": null,
                    "text_id": 37,
                    "uid": 38
                },
                {
                    "coord": null,
                    "is_working": true,
                    "name": "Aghios Dimitrios/Alexandros Panagoulis",
                    "rect": null,
                    "text_id": 38,
                    "uid": 39
                },
                {
                    "coord": null,
                    "is_working": true,
                    "name": "Ilioupoli",
                    "rect": null,
                    "text_id": 39,
                    "uid": 40
                },
                {
                    "coord": null,
                    "is_working": true,
                    "name": "Alimos",
                    "rect": null,
                    "text_id": 40,
                    "uid": 41
                },
                {
                    "coord": null,
                    "is_working": true,
                    "name": "Argyroupoli",
                    "rect": null,
                    "text_id": 41,
                    "uid": 42
                },
                {
                    "coord": null,
                    "is_working": true,
                    "name": "Elliniko",
                    "rect": null,
                    "text_id": 42,
                    "uid": 43
                }
            ],
            "text_id": 43
        },
        {
            "labels_bg_color": "-1",
            "labels_color": "000000",
            "line_color": "007B39",
            "line_width": 9,
            "name": "Line 1",
            "segments": [],
            "stations": [
                {
                    "coord": null,
                    "is_working": true,
                    "name": "Kifissia",
                    "rect": null,
                    "text_id": 0,
                    "uid": 0
                },
                {
                    "coord": null,
                    "is_working": true,
                    "name": "KAT",
                    "rect": null,
                    "text_id": 1,
                    "uid": 1
                },
                {
                    "coord": null,
                    "is_working": true,
                    "name": "Maroussi",
                    "rect": null,
                    "text_id": 2,
                    "uid": 2
                },
                {
                    "coord": null,
                    "is_working": true,
                    "name": "Neratziotissa",
                    "rect": null,
                    "text_id": 3,
                    "uid": 3
                },
                {
                    "coord": null,
                    "is_working": true,
                    "name": "Irini",
                    "rect": null,
                    "text_id": 4,
                    "uid": 4
                },
                {
                    "coord": null,
                    "is_working": true,
                    "name": "Iraklio",
                    "rect": null,
                    "text_id": 5,
                    "uid": 5
                },
                {
                    "coord": null,
                    "is_working": true,
                    "name": "Nea Ionia",
                    "rect": null,
                    "text_id": 6,
                    "uid": 6
                },
                {
                    "coord": null,
                    "is_working": true,
                    "name": "Pefkakia",
                    "rect": null,
                    "text_id": 7,
                    "uid": 7
                },
                {
                    "coord": null,
                    "is_working": true,
                    "name": "Perissos",
                    "rect": null,
                    "text_id": 8,
                    "uid": 8
                },
                {
                    "coord": null,
                    "is_working": true,
                    "name": "Ano Patissia",
                    "rect": null,
                    "text_id": 9,
                    "uid": 9
                },
                {
                    "coord": null,
                    "is_working": true,
                    "name": "Aghios Eleftherios",
                    "rect": null,
                    "text_id": 10,
                    "uid": 10
                },
                {
                    "coord": null,
                    "is_working": true,
                    "name": "Kato Patissia",
                    "rect": null,
                    "text_id": 11,
                    "uid": 11
                },
                {
                    "coord": null,
                    "is_working": true,
                    "name": "Aghios Nikolaos",
                    "rect": null,
                    "text_id": 12,
                    "uid": 12
                },
                {
                    "coord": null,
                    "is_working": true,
                    "name": "Attiki",
                    "rect": null,
                    "text_id": 13,
                    "uid": 13
                },
                {
                    "coord": null,
                    "is_working": true,
                    "name": "Victoria",
                    "rect": null,
                    "text_id": 14,
                    "uid": 14
                },
                {
                    "coord": null,
                    "is_working": true,
                    "name": "Omonia",
                    "rect": null,
                    "text_id": 15,
                    "uid": 15
                },
                {
                    "coord": [
                        225,
                        400
                    ],
                    "is_working": true,
                    "name": "Monastiraki",
                    "rect": null,
                    "text_id": 16,
                    "uid": 16
                },
                {
                    "coord": null,
                    "is_working": true,
                    "name": "Thissio",
                    "rect": null,
                    "text_id": 17,
                    "uid": 17
                },
                {
                    "coord": null,
                    "is_working": true,
                    "name": "Petralona",
                    "rect": null,
                    "text_id": 18,
                    "uid": 18
                },
                {
                    "coord": null,
                    "is_working": true,
                    "name": "Tavros",
                    "rect": null,
                    "text_id": 19,
                    "uid": 19
                },
                {
                    "coord": null,
                    "is_working": true,
                    "name": "Kalithea",
                    "rect": null,
                    "text_id": 20,
                    "uid": 20
                },
                {
                    "coord": null,
                    "is_working": true,
                    "name": "Moschato",
                    "rect": null,
                    "text_id": 21,
                    "uid": 21
                },
                {
                    "coord": null,
                    "is_working": true,
                    "name": "Faliro",
                    "rect": null,
                    "text_id": 22,
                    "uid": 22
                },
                {
                    "coord": null,
                    "is_working": true,
                    "name": "Piraeus",
                    "rect": null,
                    "text_id": 23,
                    "uid": 23
                }
            ],
            "text_id": 24
        },
        {
            "labels_bg_color": "-1",
            "labels_color": "000000",
            "line_color": "4369FD",
            "line_width": 9,
            "name": "Line 3",
            "segments": [
                [
                    44,
                    45,
                    [
                        [
                            244,
                            130
                        ],
                        [
                            244,
                            100
                        ]
                    ],
                    false
                ],
                [
                    45,
                    46,
                    [
                        [
                            244,
                            160
                        ],
                        [
                            244,
                            130
                        ]
                    ],
                    false
                ],
                [
                    46,
                    47,
                    [
                        [
                            244,
                            190
                        ],
                        [
                            244,
                            160
                        ]
                    ],
                    false
                ],
                [
                    47,
                    48,
                    [
                        [
                            244,
                            220
                        ],
                        [
                            244,
                            190
                        ]
                    ],
                    false
                ],
                [
                    48,
                    49,
                    [
                        [
                            244,
                            250
                        ],
                        [
                            244,
                            220
                        ]
                    ],
                    false
                ],
                [
                    49,
                    50,
                    [
                        [
                            245,
                            280
                        ],
                        [
                            244,
                            250
                        ]
                    ],
                    false
                ],
                [
                    50,
                    51,
                    [
                        [
                            245,
                            310
                        ],
                        [
                            245,
                            280
                        ]
                    ],
                    true
                ],
                [
                    51,
                    52,
                    [
                        [
                            245,
                            340
                        ],
                        [
                            245,
                            310
                        ]
                    ],
                    true
                ],
                [
                    52,
                    53,
                    [
                        [
                            245,
                            370
                        ],
                        [
                            245,
                            340
                        ]
                    ],
                    true
                ],
                [
                    53,
                    54,
                    [
                        [
                            245,
                            400
                        ],
                        [
                            245,
                            370
                        ]
                    ],
                    true
                ],
                [
                    54,
                    55,
                    [
                        [
                            245,
                            430
                        ],
                        [
                            245,
                            400
                        ]
                    ],
                    true
                ],
                [
                    55,
                    56,
                    [
                        [
                            245,
                            460
                        ],
                        [
                            245,
                            430
                        ]
                    ],
                    true
                ],
                [
                    56,
                    57,
                    [
                        [
                            245,
                            490
                        ],
                        [
                            245,
                            460
                        ]
                    ],
                    true
                ],
                [
                    57,
                    58,
                    [
                        [
                            245,
                            520
                        ],
                        [
                            245,
                            490
                        ]
                    ],
                    true
                ],
                [
                    58,
                    59,
                    [
                        [
                            245,
                            550
                        ],
                        [
                            245,
                            520
                        ]
                    ],
                    true
                ],
                [
                    59,
                    60,
                    [
                        [
                            245,
                            580
                        ],
                        [
                            245,
                            550
                        ]
                    ],
                    true
                ],
                [
                    60,
                    61,
                    [
                        [
                            245,
                            610
                        ],
                        [
                            245,
                            580
                        ]
                    ],
                    true
                ],
                [
                    61,
                    62,
                    [
                        [
                            245,
                            640
                        ],
                        [
                            245,
                            610
                        ]
                    ],
                    true
                ],
                [
                    62,
                    63,
                    [
                        [
                            245,
                            670
                        ],
                        [
                            245,
                            640
                        ]
                    ],
                    true
                ],
                [
                    63,
                    64,
                    [
                        [
                            245,
                            700
                        ],
                        [
                            245,
                            670
                        ]
                    ],
                    true
                ],
                [
                    64,
                    65,
                    [
                        [
                            245,
                            730
                        ],
                        [
                            245,
                            700
                        ]
                    ],
                    true
                ],
                [
                    65,
                    66,
                    [
                        [
                            245,
                            760
                        ],
                        [
                            245,
                            730
                        ]
                    ],
                    true
                ],
                [
                    66,
                    67,
                    [
                        [
                            245,
                            820
                        ],
                        [
                            245,
                            760
                        ]
                    ],
                    true
                ],
                [
                    67,
                    68,
                    [
                        [
                            245,
                            850
                        ],
                        [
                            245,
                            820
                        ]
                    ],
                    true
                ],
                [
                    68,
                    69,
                    [
                        [
                            245,
                            910
                        ],
                        [
                            245,
                            850
                        ]
                    ],
                    true
                ],
                [
                    69,
                    70,
                    [
                        [
                            245,
                            940
                        ],
                        [
                            245,
                            910
                        ]
                    ],
                    true
                ]
            ],
            "stations": [
                {
                    "coord": [
                        244,
                        100
                    ],
                    "is_working": false,
                    "name": "Dimotiko Theatro",
                    "rect": [
                        260,
                        90,
                        100,
                        20
                    ],
                    "text_id": 44,
                    "uid": 44
                },
                {
                    "coord": [
                        244,
                        130
                    ],
                    "is_working": false,
                    "name": "Piraeus",
                    "rect": [
                        260,
                        120,
                        100,
                        20
                    ],
                    "text_id": 23,
                    "uid": 45
                },
                {
                    "coord": [
                        244,
                        160
                    ],
                    "is_working": false,
                    "name": "Maniatika",
                    "rect": [
                        260,
                        150,
                        100,
                        20
                    ],
                    "text_id": 45,
                    "uid": 46
                },
                {
                    "coord": [
                        244,
                        190
                    ],
                    "is_working": false,
                    "name": "Nikea",
                    "rect": [
                        260,
                        180,
                        100,
                        20
                    ],
                    "text_id": 46,
                    "uid": 47
                },
                {
                    "coord": [
                        244,
                        220
                    ],
                    "is_working": false,
                    "name": "Korydallos",
                    "rect": [
                        260,
                        210,
                        100,
                        20
                    ],
                    "text_id": 47,
                    "uid": 48
                },
                {
                    "coord": [
                        244,
                        250
                    ],
                    "is_working": false,
                    "name": "Aghia Varvara",
                    "rect": [
                        260,
                        240,
                        100,
                        20
                    ],
                    "text_id": 48,
                    "uid": 49
                },
                {
                    "coord": [
                        245,
                        280
                    ],
                    "is_working": true,
                    "name": "Aghia Marina",
                    "rect": [
                        260,
                        270,
                        100,
                        20
                    ],
                    "text_id": 49,
                    "uid": 50
                },
                {
                    "coord": [
                        245,
                        310
                    ],
                    "is_working": true,
                    "name": "Egaleo",
                    "rect": [
                        260,
                        300,
                        100,
                        20
                    ],
                    "text_id": 50,
                    "uid": 51
                },
                {
                    "coord": [
                        245,
                        340
                    ],
                    "is_working": true,
                    "name": "Eleonas",
                    "rect": [
                        260,
                        330,
                        100,
                        20
                    ],
                    "text_id": 51,
                    "uid": 52
                },
                {
                    "coord": [
                        245,
                        370
                    ],
                    "is_working": true,
                    "name": "Kerameikos",
                    "rect": [
                        260,
                        360,
                        100,
                        20
                    ],
                    "text_id": 52,
                    "uid": 53
                },
                {
                    "coord": [
                        245,
                        400
                    ],
                    "is_working": true,
                    "name": "Monastiraki",
                    "rect": [
                        260,
                        390,
                        100,
                        20
                    ],
                    "text_id": 16,
                    "uid": 54
                },
                {
                    "coord": [
                        245,
                        430
                    ],
                    "is_working": true,
                    "name": "Syntagma",
                    "rect": [
                        260,
                        420,
                        100,
                        20
                    ],
                    "text_id": 32,
                    "uid": 55
                },
                {
                    "coord": [
                        245,
                        460
                    ],
                    "is_working": true,
                    "name": "Evangelismos",
                    "rect": [
                        260,
                        450,
                        100,
                        20
                    ],
                    "text_id": 53,
                    "uid": 56
                },
                {
                    "coord": [
                        245,
                        490
                    ],
                    "is_working": true,
                    "name": "Megaro Moussikis",
                    "rect": [
                        260,
                        480,
                        100,
                        20
                    ],
                    "text_id": 54,
                    "uid": 57
                },
                {
                    "coord": [
                        245,
                        520
                    ],
                    "is_working": true,
                    "name": "Ambelokipi",
                    "rect": [
                        260,
                        510,
                        100,
                        20
                    ],
                    "text_id": 55,
                    "uid": 58
                },
                {
                    "coord": [
                        245,
                        550
                    ],
                    "is_working": true,
                    "name": "Panormou",
                    "rect": [
                        260,
                        540,
                        100,
                        20
                    ],
                    "text_id": 56,
                    "uid": 59
                },
                {
                    "coord": [
                        245,
                        580
                    ],
                    "is_working": true,
                    "name": "Katehaki",
                    "rect": [
                        260,
                        570,
                        100,
                        20
                    ],
                    "text_id": 57,
                    "uid": 60
                },
                {
                    "coord": [
                        245,
                        610
                    ],
                    "is_working": true,
                    "name": "Ethniki Amyna",
                    "rect": [
                        260,
                        600,
                        100,
                        20
                    ],
                    "text_id": 58,
                    "uid": 61
                },
                {
                    "coord": [
                        245,
                        640
                    ],
                    "is_working": true,
                    "name": "Holargos",
                    "rect": [
                        260,
                        630,
                        100,
                        20
                    ],
                    "text_id": 59,
                    "uid": 62
                },
                {
                    "coord": [
                        245,
                        670
                    ],
                    "is_working": true,
                    "name": "Nomismatokopio",
                    "rect": [
                        260,
                        660,
                        100,
                        20
                    ],
                    "text_id": 60,
                    "uid": 63
                },
                {
                    "coord": [
                        245,
                        700
                    ],
                    "is_working": true,
                    "name": "Aghia Paraskevi",
                    "rect": [
                        260,
                        690,
                        100,
                        20
                    ],
                    "text_id": 61,
                    "uid": 64
                },
                {
                    "coord": [
                        245,
                        730
                    ],
                    "is_working": true,
                    "name": "Halandri",
                    "rect": [
                        260,
                        720,
                        100,
                        20
                    ],
                    "text_id": 62,
                    "uid": 65
                },
                {
                    "coord": [
                        245,
                        760
                    ],
                    "is_working": true,
                    "name": "Doukissis Plakentias",
                    "rect": [
                        260,
                        750,
                        100,
                        20
                    ],
                    "text_id": 63,
                    "uid": 66
                },
                {
                    "coord": [
                        245,
                        820
                    ],
                    "is_working": true,
                    "name": "Pallini",
                    "rect": [
                        260,
                        810,
                        100,
                        20
                    ],
                    "text_id": 64,
                    "uid": 67
                },
                {
                    "coord": [
                        245,
                        850
                    ],
                    "is_working": true,
                    "name": "Peania-Kantza",
                    "rect": [
                        260,
                        840,
                        100,
                        20
                    ],
                    "text_id": 65,
                    "uid": 68
                },
                {
                    "coord": [
                        245,
                        910
                    ],
                    "is_working": true,
                    "name": "Koropi",
                    "rect": [
                        260,
                        900,
                        100,
                        20
                    ],
                    "text_id": 66,
                    "uid": 69
                },
                {
                    "coord": [
                        245,
                        940
                    ],
                    "is_working": true,
                    "name": "Aerothromio",
                    "rect": [
                        260,
                        930,
                        100,
                        20
                    ],
                    "text_id": 67,
                    "uid": 70
                }
            ],
            "text_id": 68
        },
        {
            "labels_bg_color": "-1",
            "labels_color": "1967a4",
            "line_color": "1967a4",
            "line_width": 9,
            "name": "Aerothromio - Kiato",
            "segments": [
                [
                    78,
                    79,
                    [
                        [
                            225,
                            910
                        ],
                        [
                            225,
                            940
                        ]
                    ],
                    true
                ],
                [
                    79,
                    80,
                    [
                        [
                            225,
                            850
                        ],
                        [
                            225,
                            910
                        ]
                    ],
                    true
                ],
                [
                    80,
                    81,
                    [
                        [
                            225,
                            820
                        ],
                        [
                            225,
                            850
                        ]
                    ],
                    true
                ],
                [
                    81,
                    82,
                    [
                        [
                            225,
                            760
                        ],
                        [
                            225,
                            820
                        ]
                    ],
                    true
                ]
            ],
            "stations": [
                {
                    "coord": [
                        225,
                        940
                    ],
                    "is_working": true,
                    "name": "Aerothromio",
                    "rect": null,
                    "text_id": 67,
                    "uid": 78
                },
                {
                    "coord": [
                        225,
                        910
                    ],
                    "is_working": true,
                    "name": "Koropi",
                    "rect": null,
                    "text_id": 66,
                    "uid": 79
                },
                {
                    "coord": [
                        225,
                        850
                    ],
                    "is_working": true,
                    "name": "Peania-Kantza",
                    "rect": null,
                    "text_id": 65,
                    "uid": 80
                },
                {
                    "coord": [
                        225,
                        820
                    ],
                    "is_working": true,
                    "name": "Pallini",
                    "rect": null,
                    "text_id": 64,
                    "uid": 81
                },
                {
                    "coord": [
                        225,
                        760
                    ],
                    "is_working": true,
                    "name": "Plakentias",
                    "rect": null,
                    "text_id": 76,
                    "uid": 82
                },
                {
                    "coord": null,
                    "is_working": true,
                    "name": "Pentelis",
                    "rect": null,
                    "text_id": 77,
                    "uid": 83
                },
                {
                    "coord": null,
                    "is_working": true,
                    "name": "Kifissias",
                    "rect": null,
                    "text_id": 78,
                    "uid": 84
                },
                {
                    "coord": null,
                    "is_working": true,
                    "name": "Neratziotissa",
                    "rect": null,
                    "text_id": 3,
                    "uid": 85
                },
                {
                    "coord": null,
                    "is_working": true,
                    "name": "Iraklio",
                    "rect": null,
                    "text_id": 5,
                    "uid": 86
                },
                {
                    "coord": null,
                    "is_working": true,
                    "name": "Metamorfosi",
                    "rect": null,
                    "text_id": 79,
                    "uid": 87
                },
                {
                    "coord": null,
                    "is_working": true,
                    "name": "SKA",
                    "rect": null,
                    "text_id": 80,
                    "uid": 88
                },
                {
                    "coord": null,
                    "is_working": true,
                    "name": "Ano Liosia",
                    "rect": null,
                    "text_id": 74,
                    "uid": 89
                },
                {
                    "coord": null,
                    "is_working": true,
                    "name": "Aspropyrgos",
                    "rect": null,
                    "text_id": 81,
                    "uid": 90
                },
                {
                    "coord": null,
                    "is_working": true,
                    "name": "Magoula",
                    "rect": null,
                    "text_id": 82,
                    "uid": 91
                },
                {
                    "coord": null,
                    "is_working": true,
                    "name": "Nea Peramos",
                    "rect": null,
                    "text_id": 83,
                    "uid": 92
                },
                {
                    "coord": null,
                    "is_working": true,
                    "name": "Megara",
                    "rect": null,
                    "text_id": 84,
                    "uid": 93
                },
                {
                    "coord": null,
                    "is_working": true,
                    "name": "Kinetta",
                    "rect": null,
                    "text_id": 85,
                    "uid": 94
                },
                {
                    "coord": null,
                    "is_working": true,
                    "name": "Ag. Theodoroi",
                    "rect": null,
                    "text_id": 86,
                    "uid": 95
                },
                {
                    "coord": null,
                    "is_working": true,
                    "name": "Korinthos",
                    "rect": null,
                    "text_id": 87,
                    "uid": 96
                },
                {
                    "coord": null,
                    "is_working": true,
                    "name": "Kiato",
                    "rect": null,
                    "text_id": 88,
                    "uid": 97
                }
            ],
            "text_id": 89
        }
    ],
    "lines_width": 9,
    "name": "3",
    "name_text_id": 68,
    "stations_diameter": 16.0,
    "transfers": [
        [
            13,
            28,
            null,
            null
        ],
        [
            16,
            54,
            [
                225,
                400
            ],
            [
                245,
                400
            ]
        ],
        [
            55,
            33,
            [
                245,
                430
            ],
            [
                225,
                430
            ]
        ],
        [
            15,
            31,
            null,
            null
        ],
        [
            23,
            45,
            null,
            [
                244,
                130
            ]
        ],
        [
            78,
            70,
            [
                225,
                940
            ],
            [
                245,
                940
            ]
        ],
        [
            79,
            69,
            [
                225,
                910
            ],
            [
                245,
                910
            ]
        ],
        [
            80,
            68,
            [
                225,
                850
            ],
            [
                245,
                850
            ]
        ],
        [
            81,
            67,
            [
                225,
                820
            ],
            [
                245,
                820
            ]
        ],
        [
            82,
            66,
            [
                225,
                760
            ],
            [
                245,
                760
            ]
        ],
        [
            85,
            3,
            null,
            null
        ]
    ],
    "transports": [
        "metro",
        "proastiakos"
    ],
    "type_name": "Metro",
    "type_text_id": 92,
    "upper_case": false,
    "width": 395,
    "word_wrap": false
}