{
    "default_transports": [
        "proastiakos"
    ],
    "height": 690,
    "images": [
        "res/schemes/proastiakos.svg"
    ],
    "is_vector": true,
    "lines": [
        {
            "labels_bg_color": "-1",
            "labels_color": "1967a4",
            "line_color": "1967a4",
            "line_width": 10,
            "name": "Aerothromio - Kiato",
            "segments": [
                [
                    78,
                    79,
                    [
                        [
                            1000,
                            150
                        ],
                        [
                            1050,
                            150
                        ]
                    ],
                    true
                ],
                [
                    79,
                    80,
                    [
                        [
                            950,
                            150
                        ],
                        [
                            1000,
                            150
                        ]
                    ],
                    true
                ],
                [
                    80,
                    81,
                    [
                        [
                            900,
                            150
                        ],
                        [
                            950,
                            150
                        ]
                    ],
                    true
                ],
                [
                    81,
                    82,
                    [
                        [
                            850,
                            150
                        ],
                        [
                            900,
                            150
                        ]
                    ],
                    true
                ],
                [
                    82,
                    83,
                    [
                        [
                            800,
                            150
                        ],
                        [
                            850,
                            150
                        ]
                    ],
                    true
                ],
                [
                    83,
                    84,
                    [
                        [
                            750,
                            150
                        ],
                        [
                            800,
                            150
                        ]
                    ],
                    true
                ],
                [
                    84,
                    85,
                    [
                        [
                            700,
                            150
                        ],
                        [
                            750,
                            150
                        ]
                    ],
                    true
                ],
                [
                    85,
                    86,
                    [
                        [
                            650,
                            150
                        ],
                        [
                            700,
                            150
                        ]
                    ],
                    true
                ],
                [
                    86,
                    87,
                    [
                        [
                            600,
                            150
                        ],
                        [
                            650,
                            150
                        ]
                    ],
                    true
                ],
                [
                    87,
                    88,
                    [
                        [
                            550,
                            150
                        ],
                        [
                            600,
                            150
                        ]
                    ],
                    true
                ],
                [
                    88,
                    89,
                    [
                        [
                            500,
                            150
                        ],
                        [
                            550,
                            150
                        ]
                    ],
                    true
                ],
                [
                    89,
                    90,
                    [
                        [
                            450,
                            100
                        ],
                        [
                            500,
                            150
                        ]
                    ],
                    true
                ],
                [
                    90,
                    91,
                    [
                        [
                            400,
                            100
                        ],
                        [
                            450,
                            100
                        ]
                    ],
                    true
                ],
                [
                    91,
                    92,
                    [
                        [
                            350,
                            100
                        ],
                        [
                            400,
                            100
                        ]
                    ],
                    true
                ],
                [
                    92,
                    93,
                    [
                        [
                            300,
                            100
                        ],
                        [
                            350,
                            100
                        ]
                    ],
                    true
                ],
                [
                    93,
                    94,
                    [
                        [
                            250,
                            100
                        ],
                        [
                            300,
                            100
                        ]
                    ],
                    true
                ],
                [
                    94,
                    95,
                    [
                        [
                            200,
                            100
                        ],
                        [
                            250,
                            100
                        ]
                    ],
                    true
                ],
                [
                    95,
                    96,
                    [
                        [
                            150,
                            100
                        ],
                        [
                            200,
                            100
                        ]
                    ],
                    true
                ],
                [
                    96,
                    97,
                    [
                        [
                            100,
                            100
                        ],
                        [
                            150,
                            100
                        ]
                    ],
                    true
                ]
            ],
            "stations": [
                {
                    "coord": [
                        1050,
                        150
                    ],
                    "is_working": true,
                    "name": "Aerothromio",
                    "rect": [
                        1044,
                        170,
                        13,
                        65
                    ],
                    "text_id": 67,
                    "uid": 78
                },
                {
                    "coord": [
                        1000,
                        150
                    ],
                    "is_working": true,
                    "name": "Koropi",
                    "rect": [
                        992,
                        170,
                        15,
                        39
                    ],
                    "text_id": 66,
                    "uid": 79
                },
                {
                    "coord": [
                        950,
                        150
                    ],
                    "is_working": true,
                    "name": "Peania-Kantza",
                    "rect": [
                        943,
                        170,
                        12,
                        80
                    ],
                    "text_id": 65,
                    "uid": 80
                },
                {
                    "coord": [
                        900,
                        150
                    ],
                    "is_working": true,
                    "name": "Pallini",
                    "rect": [
                        893,
                        170,
                        12,
                        34
                    ],
                    "text_id": 64,
                    "uid": 81
                },
                {
                    "coord": [
                        850,
                        150
                    ],
                    "is_working": true,
                    "name": "Plakentias",
                    "rect": [
                        844,
                        170,
                        14,
                        56
                    ],
                    "text_id": 76,
                    "uid": 82
                },
                {
                    "coord": [
                        800,
                        150
                    ],
                    "is_working": true,
                    "name": "Pentelis",
                    "rect": [
                        793,
                        170,
                        13,
                        42
                    ],
                    "text_id": 77,
                    "uid": 83
                },
                {
                    "coord": [
                        750,
                        150
                    ],
                    "is_working": true,
                    "name": "Kifissias",
                    "rect": [
                        743,
                        170,
                        13,
                        45
                    ],
                    "text_id": 78,
                    "uid": 84
                },
                {
                    "coord": [
                        700,
                        150
                    ],
                    "is_working": true,
                    "name": "Neratziotissa",
                    "rect": [
                        693,
                        170,
                        13,
                        67
                    ],
                    "text_id": 3,
                    "uid": 85
                },
                {
                    "coord": [
                        650,
                        150
                    ],
                    "is_working": true,
                    "name": "Iraklio",
                    "rect": [
                        644,
                        170,
                        13,
                        32
                    ],
                    "text_id": 5,
                    "uid": 86
                },
                {
                    "coord": [
                        600,
                        150
                    ],
                    "is_working": true,
                    "name": "Metamorfosi",
                    "rect": [
                        594,
                        170,
                        11,
                        65
                    ],
                    "text_id": 79,
                    "uid": 87
                },
                {
                    "coord": [
                        550,
                        150
                    ],
                    "is_working": true,
                    "name": "SKA",
                    "rect": [
                        543,
                        170,
                        12,
                        22
                    ],
                    "text_id": 80,
                    "uid": 88
                },
                {
                    "coord": [
                        500,
                        150
                    ],
                    "is_working": true,
                    "name": "Ano Liosia",
                    "rect": [
                        496,
                        74,
                        14,
                        59
                    ],
                    "text_id": 74,
                    "uid": 89
                },
                {
                    "coord": [
                        450,
                        100
                    ],
                    "is_working": true,
                    "name": "Aspropyrgos",
                    "rect": [
                        440,
                        120,
                        14,
                        69
                    ],
                    "text_id": 81,
                    "uid": 90
                },
                {
                    "coord": [
                        400,
                        100
                    ],
                    "is_working": true,
                    "name": "Magoula",
                    "rect": [
                        394,
                        120,
                        14,
                        44
                    ],
                    "text_id": 82,
                    "uid": 91
                },
                {
                    "coord": [
                        350,
                        100
                    ],
                    "is_working": true,
                    "name": "Nea Peramos",
                    "rect": [
                        344,
                        120,
                        12,
                        69
                    ],
                    "text_id": 83,
                    "uid": 92
                },
                {
                    "coord": [
                        300,
                        100
                    ],
                    "is_working": true,
                    "name": "Megara",
                    "rect": [
                        294,
                        120,
                        13,
                        38
                    ],
                    "text_id": 84,
                    "uid": 93
                },
                {
                    "coord": [
                        250,
                        100
                    ],
                    "is_working": true,
                    "name": "Kinetta",
                    "rect": [
                        242,
                        120,
                        13,
                        39
                    ],
                    "text_id": 85,
                    "uid": 94
                },
                {
                    "coord": [
                        200,
                        100
                    ],
                    "is_working": true,
                    "name": "Ag. Theodoroi",
                    "rect": [
                        193,
                        120,
                        13,
                        76
                    ],
                    "text_id": 86,
                    "uid": 95
                },
                {
                    "coord": [
                        150,
                        100
                    ],
                    "is_working": true,
                    "name": "Korinthos",
                    "rect": [
                        144,
                        120,
                        11,
                        54
                    ],
                    "text_id": 87,
                    "uid": 96
                },
                {
                    "coord": [
                        100,
                        100
                    ],
                    "is_working": true,
                    "name": "Kiato",
                    "rect": [
                        91,
                        120,
                        15,
                        26
                    ],
                    "text_id": 88,
                    "uid": 97
                }
            ],
            "text_id": 89
        },
        {
            "labels_bg_color": "-1",
            "labels_color": "ff8800",
            "line_color": "ff8800",
            "line_width": 10,
            "name": "Piraeus - A. Liosia",
            "segments": [
                [
                    71,
                    72,
                    [
                        [
                            450,
                            490
                        ],
                        [
                            450,
                            540
                        ]
                    ],
                    true
                ],
                [
                    72,
                    73,
                    [
                        [
                            450,
                            440
                        ],
                        [
                            450,
                            490
                        ]
                    ],
                    true
                ],
                [
                    73,
                    74,
                    [
                        [
                            450,
                            390
                        ],
                        [
                            450,
                            440
                        ]
                    ],
                    true
                ],
                [
                    74,
                    75,
                    [
                        [
                            450,
                            340
                        ],
                        [
                            450,
                            390
                        ]
                    ],
                    true
                ],
                [
                    75,
                    76,
                    [
                        [
                            450,
                            290
                        ],
                        [
                            450,
                            340
                        ]
                    ],
                    true
                ],
                [
                    76,
                    77,
                    [
                        [
                            500,
                            170
                        ],
                        [
                            450.0,
                            220.0
                        ],
                        [
                            450,
                            290
                        ]
                    ],
                    true
                ]
            ],
            "stations": [
                {
                    "coord": [
                        450,
                        540
                    ],
                    "is_working": true,
                    "name": "Piraeus",
                    "rect": [
                        386,
                        532,
                        45,
                        17
                    ],
                    "text_id": 23,
                    "uid": 71
                },
                {
                    "coord": [
                        450,
                        490
                    ],
                    "is_working": true,
                    "name": "Lefka",
                    "rect": [
                        394,
                        481,
                        37,
                        19
                    ],
                    "text_id": 69,
                    "uid": 72
                },
                {
                    "coord": [
                        450,
                        440
                    ],
                    "is_working": true,
                    "name": "Pentis",
                    "rect": [
                        395,
                        434,
                        36,
                        13
                    ],
                    "text_id": 70,
                    "uid": 73
                },
                {
                    "coord": [
                        450,
                        390
                    ],
                    "is_working": true,
                    "name": "Rouf",
                    "rect": [
                        405,
                        384,
                        26,
                        14
                    ],
                    "text_id": 71,
                    "uid": 74
                },
                {
                    "coord": [
                        450,
                        340
                    ],
                    "is_working": true,
                    "name": "Athina",
                    "rect": [
                        397,
                        333,
                        34,
                        15
                    ],
                    "text_id": 72,
                    "uid": 75
                },
                {
                    "coord": [
                        450,
                        290
                    ],
                    "is_working": true,
                    "name": "Ag. Anargyroi",
                    "rect": [
                        359,
                        282,
                        72,
                        17
                    ],
                    "text_id": 73,
                    "uid": 76
                },
                {
                    "coord": [
                        500,
                        170
                    ],
                    "is_working": true,
                    "name": "Ano Liosia",
                    "rect": [
                        496,
                        74,
                        14,
                        59
                    ],
                    "text_id": 74,
                    "uid": 77
                }
            ],
            "text_id": 75
        },
        {
            "labels_bg_color": "-1",
            "labels_color": "007B39",
            "line_color": "007B39",
            "line_width": 10,
            "name": "Line 1",
            "segments": [],
            "stations": [
                {
                    "coord": null,
                    "is_working": true,
                    "name": "Kifissia",
                    "rect": null,
                    "text_id": 0,
                    "uid": 0
                },
                {
                    "coord": null,
                    "is_working": true,
                    "name": "KAT",
                    "rect": null,
                    "text_id": 1,
                    "uid": 1
                },
                {
                    "coord": null,
                    "is_working": true,
                    "name": "Maroussi",
                    "rect": null,
                    "text_id": 2,
                    "uid": 2
                },
                {
                    "coord": [
                        700,
                        130
                    ],
                    "is_working": true,
                    "name": "Neratziotissa",
                    "rect": null,
                    "text_id": 3,
                    "uid": 3
                },
                {
                    "coord": null,
                    "is_working": true,
                    "name": "Irini",
                    "rect": null,
                    "text_id": 4,
                    "uid": 4
                },
                {
                    "coord": null,
                    "is_working": true,
                    "name": "Iraklio",
                    "rect": null,
                    "text_id": 5,
                    "uid": 5
                },
                {
                    "coord": null,
                    "is_working": true,
                    "name": "Nea Ionia",
                    "rect": null,
                    "text_id": 6,
                    "uid": 6
                },
                {
                    "coord": null,
                    "is_working": true,
                    "name": "Pefkakia",
                    "rect": null,
                    "text_id": 7,
                    "uid": 7
                },
                {
                    "coord": null,
                    "is_working": true,
                    "name": "Perissos",
                    "rect": null,
                    "text_id": 8,
                    "uid": 8
                },
                {
                    "coord": null,
                    "is_working": true,
                    "name": "Ano Patissia",
                    "rect": null,
                    "text_id": 9,
                    "uid": 9
                },
                {
                    "coord": null,
                    "is_working": true,
                    "name": "Aghios Eleftherios",
                    "rect": null,
                    "text_id": 10,
                    "uid": 10
                },
                {
                    "coord": null,
                    "is_working": true,
                    "name": "Kato Patissia",
                    "rect": null,
                    "text_id": 11,
                    "uid": 11
                },
                {
                    "coord": null,
                    "is_working": true,
                    "name": "Aghios Nikolaos",
                    "rect": null,
                    "text_id": 12,
                    "uid": 12
                },
                {
                    "coord": null,
                    "is_working": true,
                    "name": "Attiki",
                    "rect": null,
                    "text_id": 13,
                    "uid": 13
                },
                {
                    "coord": null,
                    "is_working": true,
                    "name": "Victoria",
                    "rect": null,
                    "text_id": 14,
                    "uid": 14
                },
                {
                    "coord": null,
                    "is_working": true,
                    "name": "Omonia",
                    "rect": null,
                    "text_id": 15,
                    "uid": 15
                },
                {
                    "coord": null,
                    "is_working": true,
                    "name": "Monastiraki",
                    "rect": null,
                    "text_id": 16,
                    "uid": 16
                },
                {
                    "coord": null,
                    "is_working": true,
                    "name": "Thissio",
                    "rect": null,
                    "text_id": 17,
                    "uid": 17
                },
                {
                    "coord": null,
                    "is_working": true,
                    "name": "Petralona",
                    "rect": null,
                    "text_id": 18,
                    "uid": 18
                },
                {
                    "coord": null,
                    "is_working": true,
                    "name": "Tavros",
                    "rect": null,
                    "text_id": 19,
                    "uid": 19
                },
                {
                    "coord": null,
                    "is_working": true,
                    "name": "Kalithea",
                    "rect": null,
                    "text_id": 20,
                    "uid": 20
                },
                {
                    "coord": null,
                    "is_working": true,
                    "name": "Moschato",
                    "rect": null,
                    "text_id": 21,
                    "uid": 21
                },
                {
                    "coord": null,
                    "is_working": true,
                    "name": "Faliro",
                    "rect": null,
                    "text_id": 22,
                    "uid": 22
                },
                {
                    "coord": [
                        470,
                        540
                    ],
                    "is_working": true,
                    "name": "Piraeus",
                    "rect": null,
                    "text_id": 23,
                    "uid": 23
                }
            ],
            "text_id": 24
        },
        {
            "labels_bg_color": "-1",
            "labels_color": "FF0000",
            "line_color": "FF0000",
            "line_width": 10,
            "name": "Line 2",
            "segments": [],
            "stations": [
                {
                    "coord": null,
                    "is_working": true,
                    "name": "Anthoupoli",
                    "rect": null,
                    "text_id": 25,
                    "uid": 24
                },
                {
                    "coord": null,
                    "is_working": true,
                    "name": "Peristeri",
                    "rect": null,
                    "text_id": 26,
                    "uid": 25
                },
                {
                    "coord": null,
                    "is_working": true,
                    "name": "Aghios Antonios",
                    "rect": null,
                    "text_id": 27,
                    "uid": 26
                },
                {
                    "coord": null,
                    "is_working": true,
                    "name": "Sepolia",
                    "rect": null,
                    "text_id": 28,
                    "uid": 27
                },
                {
                    "coord": null,
                    "is_working": true,
                    "name": "Attiki",
                    "rect": null,
                    "text_id": 13,
                    "uid": 28
                },
                {
                    "coord": [
                        470,
                        340
                    ],
                    "is_working": true,
                    "name": "St. Larissis",
                    "rect": [
                        490,
                        333,
                        62,
                        14
                    ],
                    "text_id": 29,
                    "uid": 29
                },
                {
                    "coord": null,
                    "is_working": true,
                    "name": "Metaxourghio",
                    "rect": null,
                    "text_id": 30,
                    "uid": 30
                },
                {
                    "coord": null,
                    "is_working": true,
                    "name": "Omonia",
                    "rect": null,
                    "text_id": 15,
                    "uid": 31
                },
                {
                    "coord": null,
                    "is_working": true,
                    "name": "Panepistimio",
                    "rect": null,
                    "text_id": 31,
                    "uid": 32
                },
                {
                    "coord": null,
                    "is_working": true,
                    "name": "Syntagma",
                    "rect": null,
                    "text_id": 32,
                    "uid": 33
                },
                {
                    "coord": null,
                    "is_working": true,
                    "name": "Akropoli",
                    "rect": null,
                    "text_id": 33,
                    "uid": 34
                },
                {
                    "coord": null,
                    "is_working": true,
                    "name": "Syngrou-Fix",
                    "rect": null,
                    "text_id": 34,
                    "uid": 35
                },
                {
                    "coord": null,
                    "is_working": true,
                    "name": "Neos Kosmos",
                    "rect": null,
                    "text_id": 35,
                    "uid": 36
                },
                {
                    "coord": null,
                    "is_working": true,
                    "name": "Aghios Ioannis",
                    "rect": null,
                    "text_id": 36,
                    "uid": 37
                },
                {
                    "coord": null,
                    "is_working": true,
                    "name": "Dafni",
                    "rect": null,
                    "text_id": 37,
                    "uid": 38
                },
                {
                    "coord": null,
                    "is_working": true,
                    "name": "Aghios Dimitrios/Alexandros Panagoulis",
                    "rect": null,
                    "text_id": 38,
                    "uid": 39
                },
                {
                    "coord": null,
                    "is_working": true,
                    "name": "Ilioupoli",
                    "rect": null,
                    "text_id": 39,
                    "uid": 40
                },
                {
                    "coord": null,
                    "is_working": true,
                    "name": "Alimos",
                    "rect": null,
                    "text_id": 40,
                    "uid": 41
                },
                {
                    "coord": null,
                    "is_working": true,
                    "name": "Argyroupoli",
                    "rect": null,
                    "text_id": 41,
                    "uid": 42
                },
                {
                    "coord": null,
                    "is_working": true,
                    "name": "Elliniko",
                    "rect": null,
                    "text_id": 42,
                    "uid": 43
                }
            ],
            "text_id": 43
        },
        {
            "labels_bg_color": "-1",
            "labels_color": "4369FD",
            "line_color": "4369FD",
            "line_width": 10,
            "name": "Line 3",
            "segments": [
                [
                    60,
                    61,
                    [
                        [
                            900,
                            130
                        ],
                        [
                            850,
                            110
                        ]
                    ],
                    true
                ],
                [
                    61,
                    62,
                    [
                        [
                            950,
                            130
                        ],
                        [
                            900,
                            130
                        ]
                    ],
                    true
                ],
                [
                    62,
                    63,
                    [
                        [
                            1000,
                            130
                        ],
                        [
                            950,
                            130
                        ]
                    ],
                    true
                ],
                [
                    63,
                    64,
                    [
                        [
                            1050,
                            130
                        ],
                        [
                            1000,
                            130
                        ]
                    ],
                    true
                ]
            ],
            "stations": [
                {
                    "coord": null,
                    "is_working": false,
                    "name": "Dimotiko Theatro",
                    "rect": null,
                    "text_id": 44,
                    "uid": 44
                },
                {
                    "coord": null,
                    "is_working": false,
                    "name": "Piraeus",
                    "rect": null,
                    "text_id": 23,
                    "uid": 45
                },
                {
                    "coord": null,
                    "is_working": false,
                    "name": "Maniatika",
                    "rect": null,
                    "text_id": 45,
                    "uid": 46
                },
                {
                    "coord": null,
                    "is_working": false,
                    "name": "Nikea",
                    "rect": null,
                    "text_id": 46,
                    "uid": 47
                },
                {
                    "coord": null,
                    "is_working": false,
                    "name": "Korydallos",
                    "rect": null,
                    "text_id": 47,
                    "uid": 48
                },
                {
                    "coord": null,
                    "is_working": false,
                    "name": "Aghia Varvara",
                    "rect": null,
                    "text_id": 48,
                    "uid": 49
                },
                {
                    "coord": null,
                    "is_working": true,
                    "name": "Aghia Marina",
                    "rect": null,
                    "text_id": 49,
                    "uid": 50
                },
                {
                    "coord": null,
                    "is_working": true,
                    "name": "Egaleo",
                    "rect": null,
                    "text_id": 50,
                    "uid": 51
                },
                {
                    "coord": null,
                    "is_working": true,
                    "name": "Eleonas",
                    "rect": null,
                    "text_id": 51,
                    "uid": 52
                },
                {
                    "coord": null,
                    "is_working": true,
                    "name": "Kerameikos",
                    "rect": null,
                    "text_id": 52,
                    "uid": 53
                },
                {
                    "coord": null,
                    "is_working": true,
                    "name": "Monastiraki",
                    "rect": null,
                    "text_id": 16,
                    "uid": 54
                },
                {
                    "coord": null,
                    "is_working": true,
                    "name": "Syntagma",
                    "rect": null,
                    "text_id": 32,
                    "uid": 55
                },
                {
                    "coord": null,
                    "is_working": true,
                    "name": "Evangelismos",
                    "rect": null,
                    "text_id": 53,
                    "uid": 56
                },
                {
                    "coord": null,
                    "is_working": true,
                    "name": "Megaro Moussikis",
                    "rect": null,
                    "text_id": 54,
                    "uid": 57
                },
                {
                    "coord": null,
                    "is_working": true,
                    "name": "Ambelokipi",
                    "rect": null,
                    "text_id": 55,
                    "uid": 58
                },
                {
                    "coord": null,
                    "is_working": true,
                    "name": "Panormou",
                    "rect": null,
                    "text_id": 56,
                    "uid": 59
                },
                {
                    "coord": [
                        850,
                        110
                    ],
                    "is_working": true,
                    "name": "Katehaki",
                    "rect": null,
                    "text_id": 57,
                    "uid": 60
                },
                {
                    "coord": [
                        900,
                        130
                    ],
                    "is_working": true,
                    "name": "Ethniki Amyna",
                    "rect": null,
                    "text_id": 58,
                    "uid": 61
                },
                {
                    "coord": [
                        950,
                        130
                    ],
                    "is_working": true,
                    "name": "Holargos",
                    "rect": null,
                    "text_id": 59,
                    "uid": 62
                },
                {
                    "coord": [
                        1000,
                        130
                    ],
                    "is_working": true,
                    "name": "Nomismatokopio",
                    "rect": null,
                    "text_id": 60,
                    "uid": 63
                },
                {
                    "coord": [
                        1050,
                        130
                    ],
                    "is_working": true,
                    "name": "Aghia Paraskevi",
                    "rect": null,
                    "text_id": 61,
                    "uid": 64
                },
                {
                    "coord": null,
                    "is_working": true,
                    "name": "Halandri",
                    "rect": null,
                    "text_id": 62,
                    "uid": 65
                },
                {
                    "coord": null,
                    "is_working": true,
                    "name": "Doukissis Plakentias",
                    "rect": null,
                    "text_id": 63,
                    "uid": 66
                },
                {
                    "coord": null,
                    "is_working": true,
                    "name": "Pallini",
                    "rect": null,
                    "text_id": 64,
                    "uid": 67
                },
                {
                    "coord": null,
                    "is_working": true,
                    "name": "Peania-Kantza",
                    "rect": null,
                    "text_id": 65,
                    "uid": 68
                },
                {
                    "coord": null,
                    "is_working": true,
                    "name": "Koropi",
                    "rect": null,
                    "text_id": 66,
                    "uid": 69
                },
                {
                    "coord": null,
                    "is_working": true,
                    "name": "Aerothromio",
                    "rect": null,
                    "text_id": 67,
                    "uid": 70
                }
            ],
            "text_id": 68
        }
    ],
    "lines_width": 10,
    "name": "proastiakos",
    "name_text_id": 93,
    "stations_diameter": 14.0,
    "transfers": [
        [
            13,
            28,
            null,
            null
        ],
        [
            16,
            54,
            null,
            null
        ],
        [
            55,
            33,
            null,
            null
        ],
        [
            15,
            31,
            null,
            null
        ],
        [
            23,
            45,
            [
                470,
                540
            ],
            null
        ],
        [
            77,
            89,
            [
                500,
                170
            ],
            [
                500,
                150
            ]
        ],
        [
            78,
            70,
            [
                1050,
                150
            ],
            null
        ],
        [
            79,
            69,
            [
                1000,
                150
            ],
            null
        ],
        [
            80,
            68,
            [
                950,
                150
            ],
            null
        ],
        [
            81,
            67,
            [
                900,
                150
            ],
            null
        ],
        [
            82,
            66,
            [
                850,
                150
            ],
            null
        ],
        [
            85,
            3,
            [
                700,
                150
            ],
            [
                700,
                130
            ]
        ],
        [
            71,
            23,
            [
                450,
                540
            ],
            [
                470,
                540
            ]
        ],
        [
            75,
            29,
            [
                450,
                340
            ],
            [
                470,
                340
            ]
        ]
    ],
    "transports": [
        "metro",
        "proastiakos"
    ],
    "type_name": "ROOT",
    "type_text_id": 91,
    "upper_case": false,
    "width": 1200,
    "word_wrap": false
}