{
    "lines": [
        {
            "delays": [],
            "name": "Линия 1",
            "scheme": null,
            "segments": [
                [
                    0,
                    1,
                    120
                ],
                [
                    1,
                    0,
                    120
                ],
                [
                    1,
                    2,
                    120
                ],
                [
                    2,
                    1,
                    120
                ],
                [
                    2,
                    3,
                    120
                ],
                [
                    3,
                    2,
                    120
                ]
            ],
            "stations": [
                [
                    0,
                    "Высотная",
                    0
                ],
                [
                    1,
                    "Копылова",
                    1
                ],
                [
                    2,
                    "Вокзальная",
                    2
                ],
                [
                    3,
                    "Площадь Революции",
                    3
                ]
            ],
            "text_id": 4
        }
    ],
    "name": "metro",
    "transfers": [],
    "type_name": "Метро"
}