{
    "lines": [
        {
            "delays": [],
            "name": "1",
            "scheme": null,
            "segments": [
                [
                    0,
                    1,
                    120
                ],
                [
                    1,
                    0,
                    120
                ],
                [
                    1,
                    2,
                    120
                ],
                [
                    2,
                    1,
                    120
                ],
                [
                    2,
                    3,
                    120
                ],
                [
                    3,
                    2,
                    120
                ],
                [
                    3,
                    4,
                    120
                ],
                [
                    4,
                    3,
                    120
                ],
                [
                    4,
                    5,
                    120
                ],
                [
                    5,
                    4,
                    120
                ],
                [
                    5,
                    6,
                    120
                ],
                [
                    6,
                    5,
                    120
                ],
                [
                    6,
                    7,
                    120
                ],
                [
                    7,
                    6,
                    120
                ],
                [
                    7,
                    8,
                    120
                ],
                [
                    8,
                    7,
                    120
                ]
            ],
            "stations": [
                [
                    0,
                    "Monumental",
                    0
                ],
                [
                    1,
                    "Las Ferias",
                    1
                ],
                [
                    2,
                    "Palotal",
                    2
                ],
                [
                    3,
                    "Santa Rosa",
                    3
                ],
                [
                    4,
                    "Michelena",
                    4
                ],
                [
                    5,
                    "Lara",
                    5
                ],
                [
                    6,
                    "Cedeno",
                    6
                ],
                [
                    7,
                    "Rafael Urdaneta",
                    7
                ],
                [
                    8,
                    "Francisco de Miranda",
                    8
                ]
            ],
            "text_id": 9
        }
    ],
    "name": "metro",
    "transfers": [],
    "type_name": "Метро"
}