{
    "0": "OEZ",
    "1": "Georg-Brauchle-Ring",
    "2": "Westfriedhof",
    "3": "Gern",
    "4": "Rotkreuzplatz",
    "5": "Maillingerstrasse",
    "6": "Stiglmaierplatz",
    "7": "Hauptbahnhof Central Station",
    "8": "Sendlinger Tor",
    "9": "Fraunhoferstrasse",
    "10": "Kolumbusplatz",
    "11": "Candidplatz",
    "12": "Wettersteinplatz",
    "13": "St.-Quirin-Platz",
    "14": "Mangfallplatz",
    "15": "U1",
    "16": "Feldmoching",
    "17": "Hasenbergl",
    "18": "Dulferstrasse",
    "19": "Harthof",
    "20": "Am Hart",
    "21": "Frankfurter Ring",
    "22": "Milbertshofen",
    "23": "Scheidplatz",
    "24": "Hohenzollernplatz",
    "25": "Josephsplatz",
    "26": "Theresienstrasse",
    "27": "Konigsplatz",
    "28": "Silberhornstrasse",
    "29": "Untersbergstrasse",
    "30": "Giesing",
    "31": "Karl-Preis-Platz",
    "32": "Innsbrucker Ring",
    "33": "Josephsburg",
    "34": "Kreillerstrasse",
    "35": "Trudering",
    "36": "Moosfeld",
    "37": "Messestadt-West",
    "38": "Messestadt-Ost",
    "39": "U2",
    "40": "Moosach",
    "41": "Moosacher St-Martins-Platz",
    "42": "Oberwiesenfeld",
    "43": "Olympiazentrum",
    "44": "Petuelring",
    "45": "Bonner Platz",
    "46": "Munchner Freiheit",
    "47": "Giselastrasse",
    "48": "Universitat",
    "49": "Odeonsplatz",
    "50": "Marienplatz City Center",
    "51": "Goetheplatz",
    "52": "Poccistrasse",
    "53": "Implerstrasse",
    "54": "Brudermuhlstrasse",
    "55": "Thalkirchen",
    "56": "Obersendling",
    "57": "Aidenbachstrasse",
    "58": "Machtlfinger Strasse",
    "59": "Forstenrieder Allee",
    "60": "Basler Strasse",
    "61": "Furstenried West",
    "62": "U3",
    "63": "Westendstrasse",
    "64": "Heimeranplatz",
    "65": "Schwanthalerhohe",
    "66": "Theresienwiese",
    "67": "Karlsplatz",
    "68": "Lehel",
    "69": "Max-Weber-Platz",
    "70": "Prinzregentenplatz",
    "71": "Bohmerwaldplatz",
    "72": "Richard-Strauss-Strasse",
    "73": "Arabellapark",
    "74": "U4",
    "75": "Laimer Platz",
    "76": "Friedenheimer Strasse",
    "77": "Ostbahnhof",
    "78": "Michaelibad",
    "79": "Quiddestrasse",
    "80": "Neuperlach Zentrum",
    "81": "Therese-Giehse-Allee",
    "82": "Neuperlach Sud",
    "83": "U5",
    "84": "Garching-Forschungszentrum",
    "85": "Garching",
    "86": "Garching-Hochbruck",
    "87": "Frottmaning",
    "88": "Kieferngarten",
    "89": "Freimann",
    "90": "Studentenstadt",
    "91": "Alte Heide",
    "92": "Nordfriedhof",
    "93": "Dietlindenstrasse",
    "94": "Harras",
    "95": "Partnachplatz",
    "96": "Westpark",
    "97": "Holzapfelkreuth",
    "98": "Haderner Stern",
    "99": "Grosshadern",
    "100": "Klinikum Grosshadern",
    "101": "U6",
    "102": "Metro",
    "103": "ROOT",
    "104": "Shema ot 09.06.2013g.\nAvtor: Varlamov Dmitrij (www.chpeks.com)",
    "105": "Imported from http://pmetro.su"
}