[
    {
        "caption": "Схема",
        "image": "res/stations/belz.svg",
        "line": "Междувокзальная",
        "station": "Москва Смоленская"
    },
    {
        "caption": "Схема",
        "image": "res/stations/savelovskaya.svg",
        "line": "Междувокзальная",
        "station": "Савеловская"
    },
    {
        "caption": "Схема",
        "image": "res/stations/savelovskaya.svg",
        "line": "Междувокзальная",
        "station": "Москва Савеловская"
    },
    {
        "caption": "Схема",
        "image": "res/stations/dmitrovskayazhd.svg",
        "line": "Междувокзальная",
        "station": "Дмитровская"
    },
    {
        "caption": "Схема",
        "image": "res/stations/electrozavodskayazhd.svg",
        "line": "Рязанская",
        "station": "Электрозаводская"
    },
    {
        "caption": "Схема",
        "image": "res/stations/aviamotornayazhd.svg",
        "line": "Рязанская",
        "station": "Авиамоторная"
    },
    {
        "caption": "Схема",
        "image": "res/stations/chuhlinka.svg",
        "line": "Рязанская",
        "station": "Перово"
    },
    {
        "caption": "Схема",
        "image": "res/stations/vyhino.svg",
        "line": "Рязанская",
        "station": "Выхино"
    },
    {
        "caption": "Схема",
        "image": "res/stations/otdyh.svg",
        "line": "Рязанская",
        "station": "Отдых"
    },
    {
        "caption": "Схема",
        "image": "res/stations/savelovskaya.svg",
        "line": "Савеловская",
        "station": "Москва Савеловская"
    },
    {
        "caption": "Схема",
        "image": "res/stations/beskudnikovo.svg",
        "line": "Савеловская",
        "station": "Бескудниково"
    },
    {
        "caption": "Схема",
        "image": "res/stations/dubna.svg",
        "line": "Савеловская",
        "station": "Дубна"
    },
    {
        "caption": "Схема",
        "image": "res/stations/dmitrovskayazhd.svg",
        "line": "Рижская",
        "station": "Дмитровская"
    },
    {
        "caption": "Схема",
        "image": "res/stations/leningradskaya.svg",
        "line": "Рижская",
        "station": "Ленинградская"
    },
    {
        "caption": "Схема",
        "image": "res/stations/pokrovskoe-streshnevo.svg",
        "line": "Рижская",
        "station": "Покровское-Стрешнево"
    },
    {
        "caption": "Схема",
        "image": "res/stations/tushinskaya.svg",
        "line": "Рижская",
        "station": "Тушино"
    },
    {
        "caption": "Схема",
        "image": "res/stations/pavshino.svg",
        "line": "Рижская",
        "station": "Павшино"
    },
    {
        "caption": "Схема",
        "image": "res/stations/opalikha.svg",
        "line": "Рижская",
        "station": "Опалиха"
    },
    {
        "caption": "Схема",
        "image": "res/stations/anikeevka.svg",
        "line": "Рижская",
        "station": "Аникеевка"
    },
    {
        "caption": "Схема",
        "image": "res/stations/nakhabino.svg",
        "line": "Рижская",
        "station": "Нахабино"
    },
    {
        "caption": "Схема",
        "image": "res/stations/manikhino.svg",
        "line": "Рижская",
        "station": "Манихино-1"
    },
    {
        "caption": "Схема",
        "image": "res/stations/istra.svg",
        "line": "Рижская",
        "station": "Истра"
    },
    {
        "caption": "Схема",
        "image": "res/stations/rastorguevo.svg",
        "line": "Павелецкая",
        "station": "Расторгуево"
    },
    {
        "caption": "Схема",
        "image": "res/stations/barybino.svg",
        "line": "Павелецкая",
        "station": "Барыбино"
    },
    {
        "caption": "Схема",
        "image": "res/stations/belz.svg",
        "line": "Белорусская",
        "station": "Москва Смоленская"
    },
    {
        "caption": "Схема",
        "image": "res/stations/begovaya.svg",
        "line": "Белорусская",
        "station": "Беговая"
    },
    {
        "caption": "Схема",
        "image": "res/stations/testovskaya.svg",
        "line": "Белорусская",
        "station": "Тестовская <Москва-Сити>"
    },
    {
        "caption": "Схема",
        "image": "res/stations/filiz.svg",
        "line": "Белорусская",
        "station": "Фили"
    },
    {
        "caption": "Схема",
        "image": "res/stations/kunz.svg",
        "line": "Белорусская",
        "station": "Кунцево"
    },
    {
        "caption": "Схема",
        "image": "res/stations/rabochiyposelok.svg",
        "line": "Белорусская",
        "station": "Рабочий Поселок"
    },
    {
        "caption": "Схема",
        "image": "res/stations/setun.svg",
        "line": "Белорусская",
        "station": "Сетунь"
    },
    {
        "caption": "Схема",
        "image": "res/stations/razdory.svg",
        "line": "Белорусская",
        "station": "Раздоры"
    },
    {
        "caption": "Схема",
        "image": "res/stations/tekstilshchiki.svg",
        "line": "Курская",
        "station": "Текстильщики"
    },
    {
        "caption": "Схема",
        "image": "res/stations/chekhov.svg",
        "line": "Курская",
        "station": "Чехов"
    },
    {
        "caption": "Схема",
        "image": "res/stations/tsaritsynozhd.svg",
        "line": "Курская",
        "station": "Царицыно"
    },
    {
        "caption": "Схема",
        "image": "res/stations/petrrazumrzd.svg",
        "line": "Ленинградская",
        "station": "Петровско-Разумовское"
    },
    {
        "caption": "Схема",
        "image": "res/stations/mosselmashrzd.svg",
        "line": "Ленинградская",
        "station": "Моссельмаш"
    },
    {
        "caption": "Схема",
        "image": "res/stations/pods.svg",
        "line": "Ленинградская",
        "station": "Подсолнечная"
    },
    {
        "caption": "Схема",
        "image": "res/stations/rimskaya.svg",
        "line": "Горьковская",
        "station": "Серп и Молот"
    },
    {
        "caption": "Схема",
        "image": "res/stations/chuhlinka.svg",
        "line": "Горьковская",
        "station": "Чухлинка"
    },
    {
        "caption": "Схема",
        "image": "res/stations/novogireevozhd.svg",
        "line": "Горьковская",
        "station": "Новогиреево"
    },
    {
        "caption": "Схема",
        "image": "res/stations/reutovo.svg",
        "line": "Горьковская",
        "station": "Реутово"
    },
    {
        "caption": "Схема",
        "image": "res/stations/electrougli.svg",
        "line": "Горьковская",
        "station": "Электроугли"
    },
    {
        "caption": "Схема",
        "image": "res/stations/salarevo.svg",
        "line": "Сокольническая",
        "station": "Саларьево"
    },
    {
        "caption": "Схема",
        "image": "res/stations/rumyantsevo.svg",
        "line": "Сокольническая",
        "station": "Румянцево"
    },
    {
        "caption": "Схема",
        "image": "res/stations/troparevo.svg",
        "line": "Сокольническая",
        "station": "Тропарёво"
    },
    {
        "caption": "Схема",
        "image": "res/stations/yugozapadnaya.svg",
        "line": "Сокольническая",
        "station": "Юго-Западная"
    },
    {
        "caption": "Схема",
        "image": "res/stations/vernadskogo.svg",
        "line": "Сокольническая",
        "station": "Проспект Вернадского"
    },
    {
        "caption": "Схема",
        "image": "res/stations/universitet.svg",
        "line": "Сокольническая",
        "station": "Университет"
    },
    {
        "caption": "Схема",
        "image": "res/stations/vorobevygory.svg",
        "line": "Сокольническая",
        "station": "Воробьевы горы"
    },
    {
        "caption": "Схема",
        "image": "res/stations/sportivnaya.svg",
        "line": "Сокольническая",
        "station": "Спортивная"
    },
    {
        "caption": "Схема",
        "image": "res/stations/frunzenskaya.svg",
        "line": "Сокольническая",
        "station": "Фрунзенская"
    },
    {
        "caption": "Схема",
        "image": "res/stations/parkkultury.svg",
        "line": "Сокольническая",
        "station": "Парк культуры"
    },
    {
        "caption": "Схема",
        "image": "res/stations/kropotkinskaya.svg",
        "line": "Сокольническая",
        "station": "Кропоткинская"
    },
    {
        "caption": "Схема",
        "image": "res/stations/borovitskaya.svg",
        "line": "Сокольническая",
        "station": "Библиотека имени Ленина"
    },
    {
        "caption": "Схема",
        "image": "res/stations/teatralnaya.svg",
        "line": "Сокольническая",
        "station": "Охотный ряд"
    },
    {
        "caption": "Схема",
        "image": "res/stations/lubyanka.svg",
        "line": "Сокольническая",
        "station": "Лубянка"
    },
    {
        "caption": "Схема",
        "image": "res/stations/turgenevskaya.svg",
        "line": "Сокольническая",
        "station": "Чистые пруды"
    },
    {
        "caption": "Схема",
        "image": "res/stations/krasnyevorota.svg",
        "line": "Сокольническая",
        "station": "Красные ворота"
    },
    {
        "caption": "Схема",
        "image": "res/stations/komsomolskaya.svg",
        "line": "Сокольническая",
        "station": "Комсомольская"
    },
    {
        "caption": "Схема",
        "image": "res/stations/krasnoselskaya.svg",
        "line": "Сокольническая",
        "station": "Красносельская"
    },
    {
        "caption": "Схема",
        "image": "res/stations/sokolniki.svg",
        "line": "Сокольническая",
        "station": "Сокольники"
    },
    {
        "caption": "Схема",
        "image": "res/stations/preobrazhenskaya.svg",
        "line": "Сокольническая",
        "station": "Преображенская площадь"
    },
    {
        "caption": "Схема",
        "image": "res/stations/cherkizovskaya.svg",
        "line": "Сокольническая",
        "station": "Черкизовская"
    },
    {
        "caption": "Схема",
        "image": "res/stations/bulvarrokossovskogo.svg",
        "line": "Сокольническая",
        "station": "Бульвар Рокоссовского"
    },
    {
        "caption": "Схема",
        "image": "res/stations/hovrino.svg",
        "line": "Замоскворецкая",
        "station": "Ховрино"
    },
    {
        "caption": "Схема",
        "image": "res/stations/rechnoyvokzal.svg",
        "line": "Замоскворецкая",
        "station": "Речной вокзал"
    },
    {
        "caption": "Схема",
        "image": "res/stations/vodnystadion.svg",
        "line": "Замоскворецкая",
        "station": "Водный стадион"
    },
    {
        "caption": "Схема",
        "image": "res/stations/voykovskaya.svg",
        "line": "Замоскворецкая",
        "station": "Войковская"
    },
    {
        "caption": "Схема",
        "image": "res/stations/sokol.svg",
        "line": "Замоскворецкая",
        "station": "Сокол"
    },
    {
        "caption": "Схема",
        "image": "res/stations/aeroport.svg",
        "line": "Замоскворецкая",
        "station": "Аэропорт"
    },
    {
        "caption": "Схема",
        "image": "res/stations/dinamo.svg",
        "line": "Замоскворецкая",
        "station": "Динамо"
    },
    {
        "caption": "Схема",
        "image": "res/stations/belorusskaya.svg",
        "line": "Замоскворецкая",
        "station": "Белорусская"
    },
    {
        "caption": "Схема",
        "image": "res/stations/mayakovskaya.svg",
        "line": "Замоскворецкая",
        "station": "Маяковская"
    },
    {
        "caption": "Схема",
        "image": "res/stations/pushkinskaya.svg",
        "line": "Замоскворецкая",
        "station": "Тверская"
    },
    {
        "caption": "Схема",
        "image": "res/stations/teatralnaya.svg",
        "line": "Замоскворецкая",
        "station": "Театральная"
    },
    {
        "caption": "Схема",
        "image": "res/stations/tretyakovskaya.svg",
        "line": "Замоскворецкая",
        "station": "Новокузнецкая"
    },
    {
        "caption": "Схема",
        "image": "res/stations/pavelec.svg",
        "line": "Замоскворецкая",
        "station": "Павелецкая"
    },
    {
        "caption": "Схема",
        "image": "res/stations/avtozavodskaya.svg",
        "line": "Замоскворецкая",
        "station": "Автозаводская"
    },
    {
        "caption": "Схема",
        "image": "res/stations/technopark.svg",
        "line": "Замоскворецкая",
        "station": "Технопарк"
    },
    {
        "caption": "Схема",
        "image": "res/stations/kolomenskaya.svg",
        "line": "Замоскворецкая",
        "station": "Коломенская"
    },
    {
        "caption": "Схема",
        "image": "res/stations/kashirskaya.svg",
        "line": "Замоскворецкая",
        "station": "Каширская"
    },
    {
        "caption": "Схема",
        "image": "res/stations/kantemirovskaya.svg",
        "line": "Замоскворецкая",
        "station": "Кантемировская"
    },
    {
        "caption": "Схема",
        "image": "res/stations/tsaritsyno.svg",
        "line": "Замоскворецкая",
        "station": "Царицыно"
    },
    {
        "caption": "Схема",
        "image": "res/stations/orehovo.svg",
        "line": "Замоскворецкая",
        "station": "Орехово"
    },
    {
        "caption": "Схема",
        "image": "res/stations/domodedovskaya.svg",
        "line": "Замоскворецкая",
        "station": "Домодедовская"
    },
    {
        "caption": "Схема",
        "image": "res/stations/krasnogvardeyskaya.svg",
        "line": "Замоскворецкая",
        "station": "Красногвардейская"
    },
    {
        "caption": "Схема",
        "image": "res/stations/alma-atinskaya.svg",
        "line": "Замоскворецкая",
        "station": "Алма-Атинская"
    },
    {
        "caption": "Схема",
        "image": "res/stations/pyatnitskoeshosse.svg",
        "line": "Арбатско-Покровская",
        "station": "Пятницкое шоссе"
    },
    {
        "caption": "Схема",
        "image": "res/stations/mitino.svg",
        "line": "Арбатско-Покровская",
        "station": "Митино"
    },
    {
        "caption": "Схема",
        "image": "res/stations/volokolamskaya.svg",
        "line": "Арбатско-Покровская",
        "station": "Волоколамская"
    },
    {
        "caption": "Схема",
        "image": "res/stations/myakinino.svg",
        "line": "Арбатско-Покровская",
        "station": "Мякинино"
    },
    {
        "caption": "Схема",
        "image": "res/stations/strogino.svg",
        "line": "Арбатско-Покровская",
        "station": "Строгино"
    },
    {
        "caption": "Схема",
        "image": "res/stations/krylatskoe.svg",
        "line": "Арбатско-Покровская",
        "station": "Крылатское"
    },
    {
        "caption": "Схема",
        "image": "res/stations/molodezhnaya.svg",
        "line": "Арбатско-Покровская",
        "station": "Молодёжная"
    },
    {
        "caption": "Схема",
        "image": "res/stations/kuntsevskaya.svg",
        "line": "Арбатско-Покровская",
        "station": "Кунцевская"
    },
    {
        "caption": "Схема",
        "image": "res/stations/slavyanskiybulvar.svg",
        "line": "Арбатско-Покровская",
        "station": "Славянский бульвар"
    },
    {
        "caption": "Схема",
        "image": "res/stations/parkpobedy.svg",
        "line": "Арбатско-Покровская",
        "station": "Парк Победы"
    },
    {
        "caption": "Схема",
        "image": "res/stations/kievskaya.svg",
        "line": "Арбатско-Покровская",
        "station": "Киевская"
    },
    {
        "caption": "Схема",
        "image": "res/stations/smolenskayaapl.svg",
        "line": "Арбатско-Покровская",
        "station": "Смоленская"
    },
    {
        "caption": "Схема",
        "image": "res/stations/borovitskaya.svg",
        "line": "Арбатско-Покровская",
        "station": "Арбатская"
    },
    {
        "caption": "Схема",
        "image": "res/stations/teatralnaya.svg",
        "line": "Арбатско-Покровская",
        "station": "Площадь Революции"
    },
    {
        "caption": "Схема",
        "image": "res/stations/kurskaya.svg",
        "line": "Арбатско-Покровская",
        "station": "Курская"
    },
    {
        "caption": "Схема",
        "image": "res/stations/baumanskaya.svg",
        "line": "Арбатско-Покровская",
        "station": "Бауманская"
    },
    {
        "caption": "Схема",
        "image": "res/stations/electrozavodskaya.svg",
        "line": "Арбатско-Покровская",
        "station": "Электрозаводская"
    },
    {
        "caption": "Схема",
        "image": "res/stations/semenovskaya.svg",
        "line": "Арбатско-Покровская",
        "station": "Семеновская"
    },
    {
        "caption": "Схема",
        "image": "res/stations/partizanskaya.svg",
        "line": "Арбатско-Покровская",
        "station": "Партизанская"
    },
    {
        "caption": "Схема",
        "image": "res/stations/izmaylovskaya.svg",
        "line": "Арбатско-Покровская",
        "station": "Измайловская"
    },
    {
        "caption": "Схема",
        "image": "res/stations/pervomayskaya.svg",
        "line": "Арбатско-Покровская",
        "station": "Первомайская"
    },
    {
        "caption": "Схема",
        "image": "res/stations/schelkovskaya.svg",
        "line": "Арбатско-Покровская",
        "station": "Щелковская"
    },
    {
        "caption": "Схема",
        "image": "res/stations/moscow-city.svg",
        "line": "Филевская",
        "station": "Москва-Сити"
    },
    {
        "caption": "Схема",
        "image": "res/stations/vystavochnaya.svg",
        "line": "Филевская",
        "station": "Деловой центр"
    },
    {
        "caption": "Схема",
        "image": "res/stations/borovitskaya.svg",
        "line": "Филевская",
        "station": "Александровский сад"
    },
    {
        "caption": "Схема",
        "image": "res/stations/arbatskayaf.svg",
        "line": "Филевская",
        "station": "Арбатская"
    },
    {
        "caption": "Схема",
        "image": "res/stations/smolenskayafl.svg",
        "line": "Филевская",
        "station": "Смоленская"
    },
    {
        "caption": "Схема",
        "image": "res/stations/kievskaya.svg",
        "line": "Филевская",
        "station": "Киевская"
    },
    {
        "caption": "Схема",
        "image": "res/stations/studencheskaya.svg",
        "line": "Филевская",
        "station": "Студенческая"
    },
    {
        "caption": "Схема",
        "image": "res/stations/kutuzovskaya.svg",
        "line": "Филевская",
        "station": "Кутузовская"
    },
    {
        "caption": "Схема",
        "image": "res/stations/fili.svg",
        "line": "Филевская",
        "station": "Фили"
    },
    {
        "caption": "Схема",
        "image": "res/stations/bagrationovskaya.svg",
        "line": "Филевская",
        "station": "Багратионовская"
    },
    {
        "caption": "Схема",
        "image": "res/stations/filevskypark.svg",
        "line": "Филевская",
        "station": "Филевский парк"
    },
    {
        "caption": "Схема",
        "image": "res/stations/pionerskaya.svg",
        "line": "Филевская",
        "station": "Пионерская"
    },
    {
        "caption": "Схема",
        "image": "res/stations/kuntsevskaya.svg",
        "line": "Филевская",
        "station": "Кунцевская"
    },
    {
        "caption": "Схема",
        "image": "res/stations/belorusskaya.svg",
        "line": "Кольцевая",
        "station": "Белорусская"
    },
    {
        "caption": "Схема",
        "image": "res/stations/novoslobodskaya.svg",
        "line": "Кольцевая",
        "station": "Новослободская"
    },
    {
        "caption": "Схема",
        "image": "res/stations/prospektmira.svg",
        "line": "Кольцевая",
        "station": "Проспект Мира"
    },
    {
        "caption": "Схема",
        "image": "res/stations/komsomolskaya.svg",
        "line": "Кольцевая",
        "station": "Комсомольская"
    },
    {
        "caption": "Схема",
        "image": "res/stations/kurskaya.svg",
        "line": "Кольцевая",
        "station": "Курская"
    },
    {
        "caption": "Схема",
        "image": "res/stations/taganskaya.svg",
        "line": "Кольцевая",
        "station": "Таганская"
    },
    {
        "caption": "Схема",
        "image": "res/stations/pavelec.svg",
        "line": "Кольцевая",
        "station": "Павелецкая"
    },
    {
        "caption": "Схема",
        "image": "res/stations/serpuhovskaya.svg",
        "line": "Кольцевая",
        "station": "Добрынинская"
    },
    {
        "caption": "Схема",
        "image": "res/stations/octyabrskaya.svg",
        "line": "Кольцевая",
        "station": "Октябрьская"
    },
    {
        "caption": "Схема",
        "image": "res/stations/parkkultury.svg",
        "line": "Кольцевая",
        "station": "Парк культуры"
    },
    {
        "caption": "Схема",
        "image": "res/stations/kievskaya.svg",
        "line": "Кольцевая",
        "station": "Киевская"
    },
    {
        "caption": "Схема",
        "image": "res/stations/barrikadnaya.svg",
        "line": "Кольцевая",
        "station": "Краснопресненская"
    },
    {
        "caption": "Схема",
        "image": "res/stations/novoyasenevskaya.svg",
        "line": "Калужско-Рижская",
        "station": "Новоясеневская"
    },
    {
        "caption": "Схема",
        "image": "res/stations/yasenevo.svg",
        "line": "Калужско-Рижская",
        "station": "Ясенево"
    },
    {
        "caption": "Схема",
        "image": "res/stations/teplystan.svg",
        "line": "Калужско-Рижская",
        "station": "Теплый Стан"
    },
    {
        "caption": "Схема",
        "image": "res/stations/konkovo.svg",
        "line": "Калужско-Рижская",
        "station": "Коньково"
    },
    {
        "caption": "Схема",
        "image": "res/stations/belyaevo.svg",
        "line": "Калужско-Рижская",
        "station": "Беляево"
    },
    {
        "caption": "Схема",
        "image": "res/stations/kaluzhskaya.svg",
        "line": "Калужско-Рижская",
        "station": "Калужская"
    },
    {
        "caption": "Схема",
        "image": "res/stations/novyecheremushki.svg",
        "line": "Калужско-Рижская",
        "station": "Новые Черемушки"
    },
    {
        "caption": "Схема",
        "image": "res/stations/profsoyuznaya.svg",
        "line": "Калужско-Рижская",
        "station": "Профсоюзная"
    },
    {
        "caption": "Схема",
        "image": "res/stations/akademicheskaya.svg",
        "line": "Калужско-Рижская",
        "station": "Академическая"
    },
    {
        "caption": "Схема",
        "image": "res/stations/leninskyprospekt.svg",
        "line": "Калужско-Рижская",
        "station": "Ленинский проспект"
    },
    {
        "caption": "Схема",
        "image": "res/stations/shabolovskaya.svg",
        "line": "Калужско-Рижская",
        "station": "Шаболовская"
    },
    {
        "caption": "Схема",
        "image": "res/stations/octyabrskaya.svg",
        "line": "Калужско-Рижская",
        "station": "Октябрьская"
    },
    {
        "caption": "Схема",
        "image": "res/stations/tretyakovskaya.svg",
        "line": "Калужско-Рижская",
        "station": "Третьяковская"
    },
    {
        "caption": "Схема",
        "image": "res/stations/kitaygorod.svg",
        "line": "Калужско-Рижская",
        "station": "Китай-город"
    },
    {
        "caption": "Схема",
        "image": "res/stations/turgenevskaya.svg",
        "line": "Калужско-Рижская",
        "station": "Тургеневская"
    },
    {
        "caption": "Схема",
        "image": "res/stations/suharevskaya.svg",
        "line": "Калужско-Рижская",
        "station": "Сухаревская"
    },
    {
        "caption": "Схема",
        "image": "res/stations/prospektmira.svg",
        "line": "Калужско-Рижская",
        "station": "Проспект Мира"
    },
    {
        "caption": "Схема",
        "image": "res/stations/rizhskaya.svg",
        "line": "Калужско-Рижская",
        "station": "Рижская"
    },
    {
        "caption": "Схема",
        "image": "res/stations/alekseevskaya.svg",
        "line": "Калужско-Рижская",
        "station": "Алексеевская"
    },
    {
        "caption": "Схема",
        "image": "res/stations/vdnh.svg",
        "line": "Калужско-Рижская",
        "station": "ВДНХ"
    },
    {
        "caption": "Схема",
        "image": "res/stations/vdnh-vystavochnycentr.svg",
        "line": "Калужско-Рижская",
        "station": "ВДНХ"
    },
    {
        "caption": "Схема",
        "image": "res/stations/botanicheskysad.svg",
        "line": "Калужско-Рижская",
        "station": "Ботанический сад"
    },
    {
        "caption": "Схема",
        "image": "res/stations/sviblovo.svg",
        "line": "Калужско-Рижская",
        "station": "Свиблово"
    },
    {
        "caption": "Схема",
        "image": "res/stations/babushkinskaya.svg",
        "line": "Калужско-Рижская",
        "station": "Бабушкинская"
    },
    {
        "caption": "Схема",
        "image": "res/stations/medvedkovo.svg",
        "line": "Калужско-Рижская",
        "station": "Медведково"
    },
    {
        "caption": "Схема",
        "image": "res/stations/kotelniki.svg",
        "line": "Таганско-Краснопресненская",
        "station": "Котельники"
    },
    {
        "caption": "Схема",
        "image": "res/stations/zhulebino.svg",
        "line": "Таганско-Краснопресненская",
        "station": "Жулебино"
    },
    {
        "caption": "Схема",
        "image": "res/stations/lermontovskypr.svg",
        "line": "Таганско-Краснопресненская",
        "station": "Лермонтовский проспект"
    },
    {
        "caption": "Схема",
        "image": "res/stations/vyhino.svg",
        "line": "Таганско-Краснопресненская",
        "station": "Выхино"
    },
    {
        "caption": "Схема",
        "image": "res/stations/ryazanskiyprospekt.svg",
        "line": "Таганско-Краснопресненская",
        "station": "Рязанский проспект"
    },
    {
        "caption": "Схема",
        "image": "res/stations/kuzminki.svg",
        "line": "Таганско-Краснопресненская",
        "station": "Кузьминки"
    },
    {
        "caption": "Схема",
        "image": "res/stations/tekstilshchiki.svg",
        "line": "Таганско-Краснопресненская",
        "station": "Текстильщики"
    },
    {
        "caption": "Схема",
        "image": "res/stations/volgogradskiyprospekt.svg",
        "line": "Таганско-Краснопресненская",
        "station": "Волгоградский проспект"
    },
    {
        "caption": "Схема",
        "image": "res/stations/proletarskaya.svg",
        "line": "Таганско-Краснопресненская",
        "station": "Пролетарская"
    },
    {
        "caption": "Схема",
        "image": "res/stations/taganskaya.svg",
        "line": "Таганско-Краснопресненская",
        "station": "Таганская"
    },
    {
        "caption": "Схема",
        "image": "res/stations/kitaygorod.svg",
        "line": "Таганско-Краснопресненская",
        "station": "Китай-город"
    },
    {
        "caption": "Схема",
        "image": "res/stations/lubyanka.svg",
        "line": "Таганско-Краснопресненская",
        "station": "Кузнецкий мост"
    },
    {
        "caption": "Схема",
        "image": "res/stations/pushkinskaya.svg",
        "line": "Таганско-Краснопресненская",
        "station": "Пушкинская"
    },
    {
        "caption": "Схема",
        "image": "res/stations/barrikadnaya.svg",
        "line": "Таганско-Краснопресненская",
        "station": "Баррикадная"
    },
    {
        "caption": "Схема",
        "image": "res/stations/ulitsa1905goda.svg",
        "line": "Таганско-Краснопресненская",
        "station": "Улица 1905 года"
    },
    {
        "caption": "Схема",
        "image": "res/stations/begovaya.svg",
        "line": "Таганско-Краснопресненская",
        "station": "Беговая"
    },
    {
        "caption": "Схема",
        "image": "res/stations/polezhaevskaya.svg",
        "line": "Таганско-Краснопресненская",
        "station": "Полежаевская"
    },
    {
        "caption": "Схема",
        "image": "res/stations/oktyabrskoepole.svg",
        "line": "Таганско-Краснопресненская",
        "station": "Октябрьское поле"
    },
    {
        "caption": "Схема",
        "image": "res/stations/shchukinskaya.svg",
        "line": "Таганско-Краснопресненская",
        "station": "Щукинская"
    },
    {
        "caption": "Схема",
        "image": "res/stations/spartak.svg",
        "line": "Таганско-Краснопресненская",
        "station": "Спартак"
    },
    {
        "caption": "Схема",
        "image": "res/stations/tushinskaya.svg",
        "line": "Таганско-Краснопресненская",
        "station": "Тушинская"
    },
    {
        "caption": "Схема",
        "image": "res/stations/shodnenskaya.svg",
        "line": "Таганско-Краснопресненская",
        "station": "Сходненская"
    },
    {
        "caption": "Схема",
        "image": "res/stations/planernaya.svg",
        "line": "Таганско-Краснопресненская",
        "station": "Планерная"
    },
    {
        "caption": "Схема",
        "image": "res/stations/novokosino.svg",
        "line": "Калининско-Солнцевская",
        "station": "Новокосино"
    },
    {
        "caption": "Схема",
        "image": "res/stations/novogireevo.svg",
        "line": "Калининско-Солнцевская",
        "station": "Новогиреево"
    },
    {
        "caption": "Схема",
        "image": "res/stations/perovo.svg",
        "line": "Калининско-Солнцевская",
        "station": "Перово"
    },
    {
        "caption": "Схема",
        "image": "res/stations/shosseent.svg",
        "line": "Калининско-Солнцевская",
        "station": "Шоссе Энтузиастов"
    },
    {
        "caption": "Схема",
        "image": "res/stations/aviamotornaya.svg",
        "line": "Калининско-Солнцевская",
        "station": "Авиамоторная"
    },
    {
        "caption": "Схема",
        "image": "res/stations/rimskaya.svg",
        "line": "Калининско-Солнцевская",
        "station": "Площадь Ильича"
    },
    {
        "caption": "Схема",
        "image": "res/stations/taganskaya.svg",
        "line": "Калининско-Солнцевская",
        "station": "Марксистская"
    },
    {
        "caption": "Схема",
        "image": "res/stations/tretyakovskaya.svg",
        "line": "Калининско-Солнцевская",
        "station": "Третьяковская"
    },
    {
        "caption": "Схема",
        "image": "res/stations/parkpobedy.svg",
        "line": "Солнцевская",
        "station": "Парк Победы"
    },
    {
        "caption": "Схема",
        "image": "res/stations/minskaya.svg",
        "line": "Солнцевская",
        "station": "Минская"
    },
    {
        "caption": "Схема",
        "image": "res/stations/lomonosovskypr.svg",
        "line": "Солнцевская",
        "station": "Ломоносовский проспект"
    },
    {
        "caption": "Схема",
        "image": "res/stations/ramenki.svg",
        "line": "Солнцевская",
        "station": "Раменки"
    },
    {
        "caption": "Схема",
        "image": "res/stations/boulevarddd.svg",
        "line": "Серпуховско-Тимирязевская",
        "station": "Бульвар Дмитрия Донского"
    },
    {
        "caption": "Схема",
        "image": "res/stations/annino.svg",
        "line": "Серпуховско-Тимирязевская",
        "station": "Аннино"
    },
    {
        "caption": "Схема",
        "image": "res/stations/ulitsayangela.svg",
        "line": "Серпуховско-Тимирязевская",
        "station": "Улица Академика Янгеля"
    },
    {
        "caption": "Схема",
        "image": "res/stations/prazhskaya.svg",
        "line": "Серпуховско-Тимирязевская",
        "station": "Пражская"
    },
    {
        "caption": "Схема",
        "image": "res/stations/uzhnaya.svg",
        "line": "Серпуховско-Тимирязевская",
        "station": "Южная"
    },
    {
        "caption": "Схема",
        "image": "res/stations/chertanovskaya.svg",
        "line": "Серпуховско-Тимирязевская",
        "station": "Чертановская"
    },
    {
        "caption": "Схема",
        "image": "res/stations/kahovskaya.svg",
        "line": "Серпуховско-Тимирязевская",
        "station": "Севастопольская"
    },
    {
        "caption": "Схема",
        "image": "res/stations/nahimovskyprospekt.svg",
        "line": "Серпуховско-Тимирязевская",
        "station": "Нахимовский проспект"
    },
    {
        "caption": "Схема",
        "image": "res/stations/nagornaya.svg",
        "line": "Серпуховско-Тимирязевская",
        "station": "Нагорная"
    },
    {
        "caption": "Схема",
        "image": "res/stations/nagatinskaya.svg",
        "line": "Серпуховско-Тимирязевская",
        "station": "Нагатинская"
    },
    {
        "caption": "Схема",
        "image": "res/stations/tulskaya.svg",
        "line": "Серпуховско-Тимирязевская",
        "station": "Тульская"
    },
    {
        "caption": "Схема",
        "image": "res/stations/serpuhovskaya.svg",
        "line": "Серпуховско-Тимирязевская",
        "station": "Серпуховская"
    },
    {
        "caption": "Схема",
        "image": "res/stations/polyanka.svg",
        "line": "Серпуховско-Тимирязевская",
        "station": "Полянка"
    },
    {
        "caption": "Схема",
        "image": "res/stations/borovitskaya.svg",
        "line": "Серпуховско-Тимирязевская",
        "station": "Боровицкая"
    },
    {
        "caption": "Схема",
        "image": "res/stations/pushkinskaya.svg",
        "line": "Серпуховско-Тимирязевская",
        "station": "Чеховская"
    },
    {
        "caption": "Схема",
        "image": "res/stations/cvetnoybulvar.svg",
        "line": "Серпуховско-Тимирязевская",
        "station": "Цветной бульвар"
    },
    {
        "caption": "Схема",
        "image": "res/stations/novoslobodskaya.svg",
        "line": "Серпуховско-Тимирязевская",
        "station": "Менделеевская"
    },
    {
        "caption": "Схема",
        "image": "res/stations/savelovskaya.svg",
        "line": "Серпуховско-Тимирязевская",
        "station": "Савеловская"
    },
    {
        "caption": "Схема",
        "image": "res/stations/dmitrovskaya.svg",
        "line": "Серпуховско-Тимирязевская",
        "station": "Дмитровская"
    },
    {
        "caption": "Схема",
        "image": "res/stations/timiryazevskaya.svg",
        "line": "Серпуховско-Тимирязевская",
        "station": "Тимирязевская"
    },
    {
        "caption": "Схема",
        "image": "res/stations/petrovskorazumovskaya.svg",
        "line": "Серпуховско-Тимирязевская",
        "station": "Петровско-Разумовская"
    },
    {
        "caption": "Схема",
        "image": "res/stations/vladykino.svg",
        "line": "Серпуховско-Тимирязевская",
        "station": "Владыкино"
    },
    {
        "caption": "Схема",
        "image": "res/stations/otradnoe.svg",
        "line": "Серпуховско-Тимирязевская",
        "station": "Отрадное"
    },
    {
        "caption": "Схема",
        "image": "res/stations/bibirevo.svg",
        "line": "Серпуховско-Тимирязевская",
        "station": "Бибирево"
    },
    {
        "caption": "Схема",
        "image": "res/stations/altufyevo.svg",
        "line": "Серпуховско-Тимирязевская",
        "station": "Алтуфьево"
    },
    {
        "caption": "Схема",
        "image": "res/stations/fiztekh.svg",
        "line": "Люблинско-Дмитровская",
        "station": "Физтех"
    },
    {
        "caption": "Схема",
        "image": "res/stations/petrovskorazumovskaya.svg",
        "line": "Люблинско-Дмитровская",
        "station": "Петровско-Разумовская"
    },
    {
        "caption": "Схема",
        "image": "res/stations/fonvizinskaya.svg",
        "line": "Люблинско-Дмитровская",
        "station": "Фонвизинская"
    },
    {
        "caption": "Схема",
        "image": "res/stations/butyrskaya.svg",
        "line": "Люблинско-Дмитровская",
        "station": "Бутырская"
    },
    {
        "caption": "Схема",
        "image": "res/stations/maryinaroscha.svg",
        "line": "Люблинско-Дмитровская",
        "station": "Марьина роща"
    },
    {
        "caption": "Схема",
        "image": "res/stations/dostoevskaya.svg",
        "line": "Люблинско-Дмитровская",
        "station": "Достоевская"
    },
    {
        "caption": "Схема",
        "image": "res/stations/cvetnoybulvar.svg",
        "line": "Люблинско-Дмитровская",
        "station": "Трубная"
    },
    {
        "caption": "Схема",
        "image": "res/stations/turgenevskaya.svg",
        "line": "Люблинско-Дмитровская",
        "station": "Сретенский бульвар"
    },
    {
        "caption": "Схема",
        "image": "res/stations/kurskaya.svg",
        "line": "Люблинско-Дмитровская",
        "station": "Чкаловская"
    },
    {
        "caption": "Схема",
        "image": "res/stations/rimskaya.svg",
        "line": "Люблинско-Дмитровская",
        "station": "Римская"
    },
    {
        "caption": "Схема",
        "image": "res/stations/proletarskaya.svg",
        "line": "Люблинско-Дмитровская",
        "station": "Крестьянская застава"
    },
    {
        "caption": "Схема",
        "image": "res/stations/dubrovka.svg",
        "line": "Люблинско-Дмитровская",
        "station": "Дубровка"
    },
    {
        "caption": "Схема",
        "image": "res/stations/kozhuhovskaya.svg",
        "line": "Люблинско-Дмитровская",
        "station": "Кожуховская"
    },
    {
        "caption": "Схема",
        "image": "res/stations/pechatniki.svg",
        "line": "Люблинско-Дмитровская",
        "station": "Печатники"
    },
    {
        "caption": "Схема",
        "image": "res/stations/volzhskaya.svg",
        "line": "Люблинско-Дмитровская",
        "station": "Волжская"
    },
    {
        "caption": "Схема",
        "image": "res/stations/lublino.svg",
        "line": "Люблинско-Дмитровская",
        "station": "Люблино"
    },
    {
        "caption": "Схема",
        "image": "res/stations/bratislavskaya.svg",
        "line": "Люблинско-Дмитровская",
        "station": "Братиславская"
    },
    {
        "caption": "Схема",
        "image": "res/stations/maryino.svg",
        "line": "Люблинско-Дмитровская",
        "station": "Марьино"
    },
    {
        "caption": "Схема",
        "image": "res/stations/borisovo.svg",
        "line": "Люблинско-Дмитровская",
        "station": "Борисово"
    },
    {
        "caption": "Схема",
        "image": "res/stations/shipilovskaya.svg",
        "line": "Люблинско-Дмитровская",
        "station": "Шипиловская"
    },
    {
        "caption": "Схема",
        "image": "res/stations/krasnogvardeyskaya.svg",
        "line": "Люблинско-Дмитровская",
        "station": "Зябликово"
    },
    {
        "caption": "Схема",
        "image": "res/stations/novoyasenevskaya.svg",
        "line": "Бутовская",
        "station": "Битцевский парк"
    },
    {
        "caption": "Схема",
        "image": "res/stations/lesoparkovaya.svg",
        "line": "Бутовская",
        "station": "Лесопарковая"
    },
    {
        "caption": "Схема",
        "image": "res/stations/boulevarddd.svg",
        "line": "Бутовская",
        "station": "Улица Старокачаловская"
    },
    {
        "caption": "Схема",
        "image": "res/stations/ulskobelevskaya.svg",
        "line": "Бутовская",
        "station": "Улица Скобелевская"
    },
    {
        "caption": "Схема",
        "image": "res/stations/buladmushakova.svg",
        "line": "Бутовская",
        "station": "Бульвар Адмирала Ушакова"
    },
    {
        "caption": "Схема",
        "image": "res/stations/ulitcagorchakova.svg",
        "line": "Бутовская",
        "station": "Улица Горчакова"
    },
    {
        "caption": "Схема",
        "image": "res/stations/buninskayaalleya.svg",
        "line": "Бутовская",
        "station": "Бунинская аллея"
    },
    {
        "caption": "Схема",
        "image": "res/stations/timiryazevskayamonorels.svg",
        "line": "Монорельс",
        "station": "Тимирязевская"
    },
    {
        "caption": "Схема",
        "image": "res/stations/ulitsamilashenkova.svg",
        "line": "Монорельс",
        "station": "Улица Милашенкова"
    },
    {
        "caption": "Схема",
        "image": "res/stations/telecentr.svg",
        "line": "Монорельс",
        "station": "Телецентр"
    },
    {
        "caption": "Схема",
        "image": "res/stations/ulitsaakademikakoroleva.svg",
        "line": "Монорельс",
        "station": "Улица академика Королева"
    },
    {
        "caption": "Схема",
        "image": "res/stations/vystavochnycentr.svg",
        "line": "Монорельс",
        "station": "Выставочный центр"
    },
    {
        "caption": "Схема",
        "image": "res/stations/vdnh-vystavochnycentr.svg",
        "line": "Монорельс",
        "station": "Выставочный центр"
    },
    {
        "caption": "Схема",
        "image": "res/stations/ulitsasergeyaeizenshteina.svg",
        "line": "Монорельс",
        "station": "Улица Сергея Эйзенштейна"
    },
    {
        "caption": "Схема",
        "image": "res/stations/nekrasovka.svg",
        "line": "Некрасовская",
        "station": "Некрасовка"
    },
    {
        "caption": "Схема",
        "image": "res/stations/luhmanovskaya.svg",
        "line": "Некрасовская",
        "station": "Лухмановская"
    },
    {
        "caption": "Схема",
        "image": "res/stations/ulitsadmitrievskogo.svg",
        "line": "Некрасовская",
        "station": "Улица Дмитриевского"
    },
    {
        "caption": "Схема",
        "image": "res/stations/kosino.svg",
        "line": "Некрасовская",
        "station": "Косино"
    },
    {
        "caption": "Схема",
        "image": "res/stations/yugo-vostochnaya.svg",
        "line": "Некрасовская",
        "station": "Юго-Восточная"
    },
    {
        "caption": "Схема",
        "image": "res/stations/okskaya.svg",
        "line": "Некрасовская",
        "station": "Окская"
    },
    {
        "caption": "Схема",
        "image": "res/stations/stahanovskaya.svg",
        "line": "Некрасовская",
        "station": "Стахановская"
    },
    {
        "caption": "Схема",
        "image": "res/stations/tushinskaya.svg",
        "line": "МЦД2",
        "station": "Тушинская"
    },
    {
        "caption": "Схема",
        "image": "res/stations/pechatniki.svg",
        "line": "МЦД2",
        "station": "Печатники"
    },
    {
        "caption": "Схема",
        "image": "res/stations/tekstilshchiki.svg",
        "line": "МЦД2",
        "station": "Текстильщики"
    },
    {
        "caption": "Схема",
        "image": "res/stations/kosinomcd3.svg",
        "line": "МЦД3",
        "station": "Косино"
    },
    {
        "caption": "Схема",
        "image": "res/stations/vyhino.svg",
        "line": "МЦД3",
        "station": "Выхино"
    },
    {
        "caption": "Схема",
        "image": "res/stations/vystavochnaya.svg",
        "line": "БКЛ",
        "station": "Деловой центр"
    },
    {
        "caption": "Схема",
        "image": "res/stations/kashirskaya.svg",
        "line": "БКЛ",
        "station": "Каширская"
    },
    {
        "caption": "Схема",
        "image": "res/stations/varshavskaya.svg",
        "line": "БКЛ",
        "station": "Варшавская"
    },
    {
        "caption": "Схема",
        "image": "res/stations/kahovskaya.svg",
        "line": "БКЛ",
        "station": "Каховская"
    },
    {
        "caption": "Схема",
        "image": "res/stations/pechatniki.svg",
        "line": "БКЛ",
        "station": "Печатники"
    },
    {
        "caption": "Схема",
        "image": "res/stations/tekstilshchiki.svg",
        "line": "БКЛ",
        "station": "Текстильщики"
    },
    {
        "caption": "Схема перехода к ж/д",
        "image": "res/stations/belz.svg",
        "line": "Замоскворецкая",
        "station": "Белорусская"
    },
    {
        "caption": "Схема перехода к ж/д",
        "image": "res/stations/kunz.svg",
        "line": "Арбатско-Покровская",
        "station": "Кунцевская"
    },
    {
        "caption": "Схема перехода к ж/д",
        "image": "res/stations/test.svg",
        "line": "Филевская",
        "station": "Москва-Сити"
    },
    {
        "caption": "Схема перехода к ж/д",
        "image": "res/stations/filiz.svg",
        "line": "Филевская",
        "station": "Фили"
    },
    {
        "caption": "Схема перехода к ж/д",
        "image": "res/stations/kunz.svg",
        "line": "Филевская",
        "station": "Кунцевская"
    },
    {
        "caption": "Схема перехода к ж/д",
        "image": "res/stations/belz.svg",
        "line": "Кольцевая",
        "station": "Белорусская"
    },
    {
        "caption": "Схема перехода к ж/д",
        "image": "res/stations/aviamotornayazhd.svg",
        "line": "Калининско-Солнцевская",
        "station": "Авиамоторная"
    },
    {
        "caption": "Схема перехода к ж/д",
        "image": "res/stations/dmitrovskayazhd.svg",
        "line": "Серпуховско-Тимирязевская",
        "station": "Дмитровская"
    }
]