{
    "city_id": 524901,
    "comments_text_id": 1539,
    "default_locale": "ru",
    "delays": [
        {
            "ranges": [
                "08:00-20:00"
            ],
            "type": "day",
            "weekdays": null
        },
        {
            "ranges": [
                "08:00-10:00",
                "17:00-19:00"
            ],
            "type": "rush",
            "weekdays": "workdays"
        },
        {
            "ranges": [
                "20:00-24:00",
                "00:00-05:00"
            ],
            "type": "night",
            "weekdays": null
        }
    ],
    "description_text_id": 1538,
    "file": "Moscow.zip",
    "latitude": 55.75222,
    "locales": [
        "ru",
        "en"
    ],
    "longitude": 37.61556,
    "map_id": "Moscow.zip",
    "schemes": [
        {
            "default_transports": [
                "metro"
            ],
            "file": "schemes/metro.json",
            "name": "metro",
            "name_text_id": 1525,
            "root": true,
            "transports": [
                "metro",
                "trains",
                "trams",
                "tramsriver"
            ],
            "type_name": "ROOT",
            "type_text_id": 1526
        },
        {
            "default_transports": [
                "metro"
            ],
            "file": "schemes/arbatskopokrovskayaline.json",
            "name": "arbatskopokrovskayaline",
            "name_text_id": 279,
            "root": false,
            "transports": [
                "metro",
                "trains",
                "trams",
                "tramsriver"
            ],
            "type_name": "Метро",
            "type_text_id": 1527
        },
        {
            "default_transports": [
                "metro"
            ],
            "file": "schemes/bkl.json",
            "name": "bkl",
            "name_text_id": 103,
            "root": false,
            "transports": [
                "metro",
                "trains",
                "trams",
                "tramsriver"
            ],
            "type_name": "Метро",
            "type_text_id": 1527
        },
        {
            "default_transports": [
                "trains"
            ],
            "file": "schemes/belorusskayazhd.json",
            "name": "belorusskayazhd",
            "name_text_id": 163,
            "root": false,
            "transports": [
                "metro",
                "trains",
                "trams",
                "tramsriver"
            ],
            "type_name": "Электричка",
            "type_text_id": 1528
        },
        {
            "default_transports": [
                "metro"
            ],
            "file": "schemes/butovskayaline.json",
            "name": "butovskayaline",
            "name_text_id": 111,
            "root": false,
            "transports": [
                "metro",
                "trains",
                "trams",
                "tramsriver"
            ],
            "type_name": "Метро",
            "type_text_id": 1527
        },
        {
            "default_transports": [
                "metro"
            ],
            "file": "schemes/filevskayaline.json",
            "name": "filevskayaline",
            "name_text_id": 287,
            "root": false,
            "transports": [
                "metro",
                "trains",
                "trams",
                "tramsriver"
            ],
            "type_name": "Метро",
            "type_text_id": 1527
        },
        {
            "default_transports": [
                "trains"
            ],
            "file": "schemes/gorkovskayazhd.json",
            "name": "gorkovskayazhd",
            "name_text_id": 443,
            "root": false,
            "transports": [
                "metro",
                "trains",
                "trams",
                "tramsriver"
            ],
            "type_name": "Электричка",
            "type_text_id": 1528
        },
        {
            "default_transports": [
                "metro"
            ],
            "file": "schemes/kalininskosolntsevskayaline.json",
            "name": "kalininskosolntsevskayaline",
            "name_text_id": 347,
            "root": false,
            "transports": [
                "metro",
                "trains",
                "trams",
                "tramsriver"
            ],
            "type_name": "Метро",
            "type_text_id": 1527
        },
        {
            "default_transports": [
                "metro"
            ],
            "file": "schemes/kaluzhskorizhskayaline.json",
            "name": "kaluzhskorizhskayaline",
            "name_text_id": 315,
            "root": false,
            "transports": [
                "metro",
                "trains",
                "trams",
                "tramsriver"
            ],
            "type_name": "Метро",
            "type_text_id": 1527
        },
        {
            "default_transports": [
                "trains"
            ],
            "file": "schemes/kievskayazhd.json",
            "name": "kievskayazhd",
            "name_text_id": 271,
            "root": false,
            "transports": [
                "metro",
                "trains",
                "trams",
                "tramsriver"
            ],
            "type_name": "Электричка",
            "type_text_id": 1528
        },
        {
            "default_transports": [
                "metro"
            ],
            "file": "schemes/koltsevayaline.json",
            "name": "koltsevayaline",
            "name_text_id": 294,
            "root": false,
            "transports": [
                "metro",
                "trains",
                "trams",
                "tramsriver"
            ],
            "type_name": "Метро",
            "type_text_id": 1527
        },
        {
            "default_transports": [
                "trains"
            ],
            "file": "schemes/kurskayazhd.json",
            "name": "kurskayazhd",
            "name_text_id": 188,
            "root": false,
            "transports": [
                "metro",
                "trains",
                "trams",
                "tramsriver"
            ],
            "type_name": "Электричка",
            "type_text_id": 1528
        },
        {
            "default_transports": [
                "trains"
            ],
            "file": "schemes/lening-bologoezhd.json",
            "name": "lening-bologoezhd",
            "name_text_id": 1529,
            "root": true,
            "transports": [
                "metro",
                "trains",
                "trams",
                "tramsriver"
            ],
            "type_name": "OTHER",
            "type_text_id": 1530
        },
        {
            "default_transports": [
                "trains"
            ],
            "file": "schemes/leningradskayazhd.json",
            "name": "leningradskayazhd",
            "name_text_id": 697,
            "root": false,
            "transports": [
                "metro",
                "trains",
                "trams",
                "tramsriver"
            ],
            "type_name": "Электричка",
            "type_text_id": 1528
        },
        {
            "default_transports": [
                "metro"
            ],
            "file": "schemes/lublinskayaline.json",
            "name": "lublinskayaline",
            "name_text_id": 75,
            "root": false,
            "transports": [
                "metro",
                "trains",
                "trams",
                "tramsriver"
            ],
            "type_name": "Метро",
            "type_text_id": 1527
        },
        {
            "default_transports": [
                "metro"
            ],
            "file": "schemes/monorelsline.json",
            "name": "monorelsline",
            "name_text_id": 117,
            "root": false,
            "transports": [
                "metro",
                "trains",
                "trams",
                "tramsriver"
            ],
            "type_name": "Метро",
            "type_text_id": 1527
        },
        {
            "default_transports": [
                "metro"
            ],
            "file": "schemes/nekrasovskayaline.json",
            "name": "nekrasovskayaline",
            "name_text_id": 150,
            "root": false,
            "transports": [
                "metro",
                "trains"
            ],
            "type_name": "Метро",
            "type_text_id": 1527
        },
        {
            "default_transports": [
                "trains"
            ],
            "file": "schemes/paveleckayazhd.json",
            "name": "paveleckayazhd",
            "name_text_id": 253,
            "root": false,
            "transports": [
                "metro",
                "trains",
                "trams",
                "tramsriver"
            ],
            "type_name": "Электричка",
            "type_text_id": 1528
        },
        {
            "default_transports": [
                "trains"
            ],
            "file": "schemes/railway.json",
            "name": "railway",
            "name_text_id": 1531,
            "root": true,
            "transports": [
                "metro",
                "trains",
                "trams",
                "tramsriver"
            ],
            "type_name": "ROOT",
            "type_text_id": 1526
        },
        {
            "default_transports": [
                "tramsriver"
            ],
            "file": "schemes/rechnoytramvay.json",
            "name": "rechnoytramvay",
            "name_text_id": 1388,
            "root": false,
            "transports": [
                "metro",
                "tramsriver"
            ],
            "type_name": "ROOT",
            "type_text_id": 1526
        },
        {
            "default_transports": [
                "trains"
            ],
            "file": "schemes/rizhskayazhd.json",
            "name": "rizhskayazhd",
            "name_text_id": 101,
            "root": false,
            "transports": [
                "metro",
                "trains",
                "trams",
                "tramsriver"
            ],
            "type_name": "Электричка",
            "type_text_id": 1528
        },
        {
            "default_transports": [
                "trains"
            ],
            "file": "schemes/ryazanskayazhd.json",
            "name": "ryazanskayazhd",
            "name_text_id": 546,
            "root": false,
            "transports": [
                "metro",
                "trains",
                "trams",
                "tramsriver"
            ],
            "type_name": "Электричка",
            "type_text_id": 1528
        },
        {
            "default_transports": [
                "trains"
            ],
            "file": "schemes/savelovskayazhd.json",
            "name": "savelovskayazhd",
            "name_text_id": 34,
            "root": false,
            "transports": [
                "metro",
                "trains",
                "trams",
                "tramsriver"
            ],
            "type_name": "Электричка",
            "type_text_id": 1528
        },
        {
            "default_transports": [
                "metro"
            ],
            "file": "schemes/serpuhovskotimiryazevskayaline.json",
            "name": "serpuhovskotimiryazevskayaline",
            "name_text_id": 52,
            "root": false,
            "transports": [
                "metro",
                "trains",
                "trams",
                "tramsriver"
            ],
            "type_name": "Метро",
            "type_text_id": 1527
        },
        {
            "default_transports": [
                "metro"
            ],
            "file": "schemes/sokolnicheskayaline.json",
            "name": "sokolnicheskayaline",
            "name_text_id": 26,
            "root": false,
            "transports": [
                "metro",
                "trains",
                "trams",
                "tramsriver"
            ],
            "type_name": "Метро",
            "type_text_id": 1527
        },
        {
            "default_transports": [
                "metro"
            ],
            "file": "schemes/taganskokrasnopresnenskayaline.json",
            "name": "taganskokrasnopresnenskayaline",
            "name_text_id": 332,
            "root": false,
            "transports": [
                "metro",
                "trains",
                "trams",
                "tramsriver"
            ],
            "type_name": "Метро",
            "type_text_id": 1527
        },
        {
            "default_transports": [
                "trains"
            ],
            "file": "schemes/yaroslavskayazhd.json",
            "name": "yaroslavskayazhd",
            "name_text_id": 628,
            "root": false,
            "transports": [
                "metro",
                "trains",
                "trams",
                "tramsriver"
            ],
            "type_name": "Электричка",
            "type_text_id": 1528
        },
        {
            "default_transports": [
                "metro"
            ],
            "file": "schemes/zamoskvoreckayaline.json",
            "name": "zamoskvoreckayaline",
            "name_text_id": 261,
            "root": false,
            "transports": [
                "metro",
                "trains",
                "trams",
                "tramsriver"
            ],
            "type_name": "Метро",
            "type_text_id": 1527
        },
        {
            "default_transports": [
                "metro"
            ],
            "file": "schemes/buses_zel.json",
            "name": "buses_zel",
            "name_text_id": 1532,
            "root": true,
            "transports": [
                "metro",
                "trains",
                "buses_zel"
            ],
            "type_name": "ROOT",
            "type_text_id": 1526
        },
        {
            "default_transports": [
                "trams"
            ],
            "file": "schemes/tramways.json",
            "name": "tramways",
            "name_text_id": 1533,
            "root": false,
            "transports": [
                "metro",
                "trains",
                "trams",
                "tramsriver"
            ],
            "type_name": "ROOT",
            "type_text_id": 1526
        },
        {
            "default_transports": [
                "trams"
            ],
            "file": "schemes/tramwayse.json",
            "name": "tramwayse",
            "name_text_id": 1534,
            "root": true,
            "transports": [
                "metro",
                "trains",
                "trams",
                "tramsriver"
            ],
            "type_name": "OTHER",
            "type_text_id": 1530
        },
        {
            "default_transports": [
                "trams"
            ],
            "file": "schemes/tramwaysn.json",
            "name": "tramwaysn",
            "name_text_id": 1535,
            "root": true,
            "transports": [
                "metro",
                "trains",
                "trams",
                "tramsriver"
            ],
            "type_name": "OTHER",
            "type_text_id": 1530
        },
        {
            "default_transports": [
                "trams"
            ],
            "file": "schemes/tramwaysnw.json",
            "name": "tramwaysnw",
            "name_text_id": 1536,
            "root": true,
            "transports": [
                "metro",
                "trains",
                "trams",
                "tramsriver"
            ],
            "type_name": "OTHER",
            "type_text_id": 1530
        },
        {
            "default_transports": [
                "trams"
            ],
            "file": "schemes/tramwayss.json",
            "name": "tramwayss",
            "name_text_id": 1537,
            "root": true,
            "transports": [
                "metro",
                "trains",
                "trams",
                "tramsriver"
            ],
            "type_name": "OTHER",
            "type_text_id": 1530
        }
    ],
    "timestamp": 1692144000.0,
    "transport_types": [
        "Метро",
        "Электричка",
        "Трамвай",
        "Автобус",
        "Речной трамвай"
    ],
    "transports": [
        {
            "file": "transports/metro.json",
            "name": "metro",
            "type": "Метро"
        },
        {
            "file": "transports/trains.json",
            "name": "trains",
            "type": "Электричка"
        },
        {
            "file": "transports/trams.json",
            "name": "trams",
            "type": "Трамвай"
        },
        {
            "file": "transports/tramsriver.json",
            "name": "tramsriver",
            "type": "Речной трамвай"
        },
        {
            "file": "transports/buses_zel.json",
            "name": "buses_zel",
            "type": "Автобус"
        }
    ]
}