{
    "lines": [
        {
            "delays": [
                180,
                360
            ],
            "name": "1",
            "scheme": "1",
            "segments": [
                [
                    0,
                    1,
                    190
                ],
                [
                    1,
                    0,
                    190
                ],
                [
                    1,
                    2,
                    219
                ],
                [
                    2,
                    1,
                    219
                ],
                [
                    2,
                    3,
                    130
                ],
                [
                    3,
                    2,
                    130
                ],
                [
                    3,
                    4,
                    110
                ],
                [
                    4,
                    3,
                    110
                ],
                [
                    4,
                    5,
                    190
                ],
                [
                    5,
                    4,
                    190
                ],
                [
                    5,
                    6,
                    159
                ],
                [
                    6,
                    5,
                    159
                ],
                [
                    6,
                    7,
                    159
                ],
                [
                    7,
                    6,
                    159
                ],
                [
                    7,
                    8,
                    159
                ],
                [
                    8,
                    7,
                    159
                ],
                [
                    8,
                    9,
                    149
                ],
                [
                    9,
                    8,
                    149
                ],
                [
                    9,
                    10,
                    110
                ],
                [
                    10,
                    9,
                    110
                ],
                [
                    10,
                    11,
                    120
                ],
                [
                    11,
                    10,
                    120
                ],
                [
                    11,
                    12,
                    130
                ],
                [
                    12,
                    11,
                    130
                ],
                [
                    12,
                    13,
                    130
                ],
                [
                    13,
                    12,
                    130
                ],
                [
                    13,
                    14,
                    170
                ],
                [
                    14,
                    13,
                    170
                ],
                [
                    14,
                    15,
                    219
                ],
                [
                    15,
                    14,
                    219
                ],
                [
                    15,
                    16,
                    170
                ],
                [
                    16,
                    15,
                    170
                ],
                [
                    16,
                    17,
                    159
                ],
                [
                    17,
                    16,
                    159
                ],
                [
                    17,
                    18,
                    149
                ],
                [
                    18,
                    17,
                    149
                ]
            ],
            "stations": [
                [
                    0,
                    "Девяткино",
                    0
                ],
                [
                    1,
                    "Гражданский проспект",
                    1
                ],
                [
                    2,
                    "Академическая",
                    2
                ],
                [
                    3,
                    "Политехническая",
                    3
                ],
                [
                    4,
                    "Площадь Мужества",
                    4
                ],
                [
                    5,
                    "Лесная",
                    5
                ],
                [
                    6,
                    "Выборгская",
                    6
                ],
                [
                    7,
                    "Площадь Ленина",
                    7
                ],
                [
                    8,
                    "Чернышевская",
                    8
                ],
                [
                    9,
                    "Площадь Восстания",
                    9
                ],
                [
                    10,
                    "Владимирская",
                    10
                ],
                [
                    11,
                    "Пушкинская",
                    11
                ],
                [
                    12,
                    "Технологический институт-I",
                    12
                ],
                [
                    13,
                    "Балтийская",
                    13
                ],
                [
                    14,
                    "Нарвская",
                    14
                ],
                [
                    15,
                    "Кировский завод",
                    15
                ],
                [
                    16,
                    "Автово",
                    16
                ],
                [
                    17,
                    "Ленинский проспект",
                    17
                ],
                [
                    18,
                    "Проспект Ветеранов",
                    18
                ]
            ],
            "text_id": 19
        },
        {
            "delays": [
                180,
                300
            ],
            "name": "2",
            "scheme": "2",
            "segments": [
                [
                    19,
                    20,
                    219
                ],
                [
                    20,
                    19,
                    219
                ],
                [
                    20,
                    21,
                    170
                ],
                [
                    21,
                    20,
                    170
                ],
                [
                    21,
                    22,
                    165
                ],
                [
                    22,
                    21,
                    165
                ],
                [
                    22,
                    23,
                    159
                ],
                [
                    23,
                    22,
                    159
                ],
                [
                    23,
                    24,
                    165
                ],
                [
                    24,
                    23,
                    165
                ],
                [
                    24,
                    25,
                    205
                ],
                [
                    25,
                    24,
                    205
                ],
                [
                    25,
                    26,
                    140
                ],
                [
                    26,
                    25,
                    140
                ],
                [
                    26,
                    27,
                    219
                ],
                [
                    27,
                    26,
                    219
                ],
                [
                    27,
                    28,
                    120
                ],
                [
                    28,
                    27,
                    120
                ],
                [
                    28,
                    29,
                    149
                ],
                [
                    29,
                    28,
                    149
                ],
                [
                    29,
                    30,
                    134
                ],
                [
                    30,
                    29,
                    134
                ],
                [
                    30,
                    31,
                    134
                ],
                [
                    31,
                    30,
                    134
                ],
                [
                    31,
                    32,
                    130
                ],
                [
                    32,
                    31,
                    130
                ],
                [
                    32,
                    33,
                    130
                ],
                [
                    33,
                    32,
                    130
                ],
                [
                    33,
                    34,
                    170
                ],
                [
                    34,
                    33,
                    170
                ],
                [
                    34,
                    35,
                    230
                ],
                [
                    35,
                    34,
                    230
                ],
                [
                    35,
                    36,
                    149
                ],
                [
                    36,
                    35,
                    149
                ]
            ],
            "stations": [
                [
                    19,
                    "Парнас",
                    20
                ],
                [
                    20,
                    "Проспект Просвещения",
                    21
                ],
                [
                    21,
                    "Озерки",
                    22
                ],
                [
                    22,
                    "Удельная",
                    23
                ],
                [
                    23,
                    "Пионерская",
                    24
                ],
                [
                    24,
                    "Чёрная речка",
                    25
                ],
                [
                    25,
                    "Петроградская",
                    26
                ],
                [
                    26,
                    "Горьковская",
                    27
                ],
                [
                    27,
                    "Невский проспект",
                    28
                ],
                [
                    28,
                    "Сенная площадь",
                    29
                ],
                [
                    29,
                    "Технологический институт-II",
                    30
                ],
                [
                    30,
                    "Фрунзенская",
                    31
                ],
                [
                    31,
                    "Московские ворота",
                    32
                ],
                [
                    32,
                    "Электросила",
                    33
                ],
                [
                    33,
                    "Парк Победы",
                    34
                ],
                [
                    34,
                    "Московская",
                    35
                ],
                [
                    35,
                    "Звёздная",
                    36
                ],
                [
                    36,
                    "Купчино",
                    37
                ]
            ],
            "text_id": 38
        },
        {
            "delays": [
                180,
                240
            ],
            "name": "3",
            "scheme": "3",
            "segments": [
                [
                    37,
                    38,
                    240
                ],
                [
                    38,
                    37,
                    240
                ],
                [
                    38,
                    39,
                    240
                ],
                [
                    39,
                    38,
                    240
                ],
                [
                    39,
                    40,
                    165
                ],
                [
                    40,
                    39,
                    165
                ],
                [
                    40,
                    41,
                    234
                ],
                [
                    41,
                    40,
                    234
                ],
                [
                    41,
                    42,
                    170
                ],
                [
                    42,
                    41,
                    170
                ],
                [
                    42,
                    43,
                    190
                ],
                [
                    43,
                    42,
                    190
                ],
                [
                    43,
                    44,
                    240
                ],
                [
                    44,
                    43,
                    240
                ],
                [
                    44,
                    45,
                    200
                ],
                [
                    45,
                    44,
                    200
                ],
                [
                    45,
                    46,
                    180
                ],
                [
                    46,
                    45,
                    180
                ],
                [
                    46,
                    47,
                    159
                ],
                [
                    47,
                    46,
                    159
                ],
                [
                    47,
                    48,
                    290
                ],
                [
                    48,
                    47,
                    290
                ]
            ],
            "stations": [
                [
                    37,
                    "Беговая",
                    39
                ],
                [
                    38,
                    "Зенит",
                    40
                ],
                [
                    39,
                    "Приморская",
                    41
                ],
                [
                    40,
                    "Василеостровская",
                    42
                ],
                [
                    41,
                    "Гостиный двор",
                    43
                ],
                [
                    42,
                    "Маяковская",
                    44
                ],
                [
                    43,
                    "Площадь Александра Невского-I",
                    45
                ],
                [
                    44,
                    "Елизаровская",
                    46
                ],
                [
                    45,
                    "Ломоносовская",
                    47
                ],
                [
                    46,
                    "Пролетарская",
                    48
                ],
                [
                    47,
                    "Обухово",
                    49
                ],
                [
                    48,
                    "Рыбацкое",
                    50
                ]
            ],
            "text_id": 51
        },
        {
            "delays": [
                180,
                240
            ],
            "name": "4",
            "scheme": "4",
            "segments": [
                [
                    49,
                    50,
                    null
                ],
                [
                    49,
                    51,
                    360
                ],
                [
                    50,
                    49,
                    null
                ],
                [
                    50,
                    51,
                    0
                ],
                [
                    51,
                    49,
                    360
                ],
                [
                    51,
                    50,
                    null
                ],
                [
                    51,
                    52,
                    149
                ],
                [
                    52,
                    51,
                    149
                ],
                [
                    52,
                    53,
                    115
                ],
                [
                    53,
                    52,
                    115
                ],
                [
                    53,
                    54,
                    140
                ],
                [
                    54,
                    53,
                    140
                ],
                [
                    54,
                    55,
                    180
                ],
                [
                    55,
                    54,
                    180
                ],
                [
                    55,
                    56,
                    155
                ],
                [
                    56,
                    55,
                    155
                ],
                [
                    56,
                    57,
                    155
                ],
                [
                    57,
                    56,
                    155
                ],
                [
                    57,
                    58,
                    149
                ],
                [
                    58,
                    57,
                    149
                ]
            ],
            "stations": [
                [
                    49,
                    "Горный институт",
                    52
                ],
                [
                    50,
                    "Театральная",
                    53
                ],
                [
                    51,
                    "Спасская",
                    54
                ],
                [
                    52,
                    "Достоевская",
                    55
                ],
                [
                    53,
                    "Лиговский проспект",
                    56
                ],
                [
                    54,
                    "Площадь Александра Невского-II",
                    57
                ],
                [
                    55,
                    "Новочеркасская",
                    58
                ],
                [
                    56,
                    "Ладожская",
                    59
                ],
                [
                    57,
                    "Проспект Большевиков",
                    60
                ],
                [
                    58,
                    "Улица Дыбенко",
                    61
                ]
            ],
            "text_id": 62
        },
        {
            "delays": [
                180,
                240
            ],
            "name": "5",
            "scheme": "5",
            "segments": [
                [
                    59,
                    60,
                    200
                ],
                [
                    60,
                    59,
                    200
                ],
                [
                    60,
                    61,
                    190
                ],
                [
                    61,
                    60,
                    190
                ],
                [
                    61,
                    62,
                    190
                ],
                [
                    62,
                    61,
                    190
                ],
                [
                    62,
                    63,
                    124
                ],
                [
                    63,
                    62,
                    124
                ],
                [
                    63,
                    64,
                    180
                ],
                [
                    64,
                    63,
                    180
                ],
                [
                    64,
                    65,
                    180
                ],
                [
                    65,
                    64,
                    180
                ],
                [
                    65,
                    66,
                    130
                ],
                [
                    66,
                    65,
                    130
                ],
                [
                    66,
                    67,
                    180
                ],
                [
                    67,
                    66,
                    180
                ],
                [
                    67,
                    68,
                    180
                ],
                [
                    68,
                    67,
                    180
                ],
                [
                    68,
                    69,
                    110
                ],
                [
                    69,
                    68,
                    110
                ],
                [
                    69,
                    70,
                    145
                ],
                [
                    70,
                    69,
                    145
                ],
                [
                    70,
                    71,
                    120
                ],
                [
                    71,
                    70,
                    120
                ],
                [
                    71,
                    72,
                    120
                ],
                [
                    72,
                    71,
                    120
                ],
                [
                    72,
                    73,
                    120
                ],
                [
                    73,
                    72,
                    120
                ]
            ],
            "stations": [
                [
                    59,
                    "Комендантский проспект",
                    63
                ],
                [
                    60,
                    "Старая Деревня",
                    64
                ],
                [
                    61,
                    "Крестовский остров",
                    65
                ],
                [
                    62,
                    "Чкаловская",
                    66
                ],
                [
                    63,
                    "Спортивная",
                    67
                ],
                [
                    64,
                    "Адмиралтейская",
                    68
                ],
                [
                    65,
                    "Садовая",
                    69
                ],
                [
                    66,
                    "Звенигородская",
                    70
                ],
                [
                    67,
                    "Обводный канал",
                    71
                ],
                [
                    68,
                    "Волковская",
                    72
                ],
                [
                    69,
                    "Бухарестская",
                    73
                ],
                [
                    70,
                    "Международная",
                    74
                ],
                [
                    71,
                    "Проспект Славы",
                    75
                ],
                [
                    72,
                    "Дунайская",
                    76
                ],
                [
                    73,
                    "Шушары",
                    77
                ]
            ],
            "text_id": 78
        },
        {
            "delays": [
                180,
                240
            ],
            "name": "6",
            "scheme": "6",
            "segments": [
                [
                    74,
                    75,
                    0
                ],
                [
                    75,
                    74,
                    0
                ],
                [
                    75,
                    76,
                    0
                ],
                [
                    76,
                    75,
                    0
                ],
                [
                    76,
                    77,
                    0
                ],
                [
                    77,
                    76,
                    0
                ],
                [
                    77,
                    78,
                    0
                ],
                [
                    78,
                    77,
                    0
                ],
                [
                    78,
                    79,
                    0
                ],
                [
                    79,
                    78,
                    0
                ]
            ],
            "stations": [
                [
                    74,
                    "Юго-Западная",
                    79
                ],
                [
                    75,
                    "Путиловская",
                    80
                ],
                [
                    76,
                    "Броневая",
                    81
                ],
                [
                    77,
                    "Заставская",
                    82
                ],
                [
                    78,
                    "Боровая",
                    83
                ],
                [
                    79,
                    "Обводный канал-2",
                    84
                ]
            ],
            "text_id": 85
        }
    ],
    "name": "metro",
    "transfers": [
        [
            79,
            67,
            0,
            true
        ],
        [
            77,
            31,
            0,
            true
        ],
        [
            75,
            15,
            0,
            true
        ],
        [
            52,
            10,
            120,
            true
        ],
        [
            27,
            41,
            120,
            true
        ],
        [
            9,
            42,
            120,
            true
        ],
        [
            43,
            54,
            120,
            true
        ],
        [
            11,
            66,
            140,
            true
        ],
        [
            65,
            28,
            180,
            true
        ],
        [
            51,
            65,
            180,
            true
        ],
        [
            51,
            28,
            274,
            true
        ],
        [
            12,
            29,
            60,
            true
        ]
    ],
    "type_name": "Метро"
}