{
    "0": "Esaka",
    "1": "Higashi-Mikuni",
    "2": "Shin-Osaka",
    "3": "Nishinakajima-Minamigata",
    "4": "Nakatsu",
    "5": "Umeda",
    "6": "Yodoyabashi",
    "7": "Hommachi",
    "8": "Shinsaibashi",
    "9": "Namba",
    "10": "Daikokucho",
    "11": "Dobutsuen-mae",
    "12": "Tennoji",
    "13": "Showacho",
    "14": "Nishitanabe",
    "15": "Nagai",
    "16": "Abiko",
    "17": "Kitahanada",
    "18": "Shinkanaoka",
    "19": "Nakamozu",
    "20": "Midosuji",
    "21": "Dainichi",
    "22": "Moriguchi",
    "23": "Taishibashi-Imaichi",
    "24": "Sembayashi-Omiya",
    "25": "Sekime-Takadono",
    "26": "Noe-Uchindai",
    "27": "Miyakojima",
    "28": "Tenjimbashisuji Rokuchome",
    "29": "Nakazakicho",
    "30": "Higashi-Umeda",
    "31": "Minami-morimachi",
    "32": "Temmabashi",
    "33": "Tanimachi Yonchome",
    "34": "Tanimachi Rokuchome",
    "35": "Tanimachi Kyuchome",
    "36": "Shitennoji-mae Yuhigaoka",
    "37": "Abeno",
    "38": "Fuminosato",
    "39": "Tanabe",
    "40": "Komagawa-Nakano",
    "41": "Hirano",
    "42": "Kire-Uriwari",
    "43": "Deto",
    "44": "Nagahara",
    "45": "Yaominami",
    "46": "Tanimachi",
    "47": "Nishi-Umeda",
    "48": "Higobashi",
    "49": "Yotsubashi",
    "50": "Hanazonocho",
    "51": "Kishinosato",
    "52": "Tamade",
    "53": "Kitakagaya",
    "54": "Suminoekoen",
    "55": "Cosmosquare",
    "56": "Osakako",
    "57": "Asashiobashi",
    "58": "Bentencho",
    "59": "Kujo",
    "60": "Awaza",
    "61": "Sakaisuji-Hommachi",
    "62": "Morinomiya",
    "63": "Midoribashi",
    "64": "Fukaebashi",
    "65": "Takaida",
    "66": "Nagata",
    "67": "Chuo",
    "68": "Nodahanshin",
    "69": "Tamagawa",
    "70": "Nishi-Nagahori",
    "71": "Sakuragawa",
    "72": "Nipponbashi",
    "73": "Tsuruhashi",
    "74": "Imazato",
    "75": "Shin-Fukae",
    "76": "Shoji",
    "77": "Kita-Tatsumi",
    "78": "Minami-Tatsumi",
    "79": "Sennichimae",
    "80": "Ogimachi",
    "81": "Kitahama",
    "82": "Nagahoribashi",
    "83": "Ebisucho",
    "84": "Tengachaya",
    "85": "Sakaisuji",
    "86": "Taisho",
    "87": "Dome-mae Chiyozaki",
    "88": "Nishiohashi",
    "89": "Matsuyamachi",
    "90": "Tamatsukuri",
    "91": "Osaka Business Park",
    "92": "Kyobashi",
    "93": "Gamo Yonchome",
    "94": "Imafuku-Tsurumi",
    "95": "Yokozutsumi",
    "96": "Tsurumi-ryokuchi",
    "97": "Kadoma-minami",
    "98": "Nagahori Tsurumi-ryokuchi",
    "99": "Itakano",
    "100": "Zuiko Yonchome",
    "101": "Daido-Toyosato",
    "102": "Shimizu",
    "103": "Shimmori-Furuichi",
    "104": "Sekime-Seiiku",
    "105": "Shigino",
    "106": "Imazatosuji",
    "107": "Trade Center-mae",
    "108": "Nakafuto",
    "109": "Port Town-nishi",
    "110": "Port Town-higashi",
    "111": "Ferry Terminal",
    "112": "Nanko-higashi",
    "113": "Nankoguchi",
    "114": "Hirabayashi",
    "115": "Nanko Port Town",
    "116": "Metro",
    "117": "ROOT",
    "118": "Shema ot 21.03.2011g.\nShema s sajta http://www.kotsu.city.osaka.jp\nAvtor: Varlamov Dmitrij (www.chpeks.com)",
    "119": "Imported from http://pmetro.su"
}