{
    "0": "Izumi-Chuo",
    "1": "Yaotome",
    "2": "Kuromatsu",
    "3": "Asahigaoka",
    "4": "Dainohara",
    "5": "Kita-Sendai",
    "6": "Kita-Yobancho",
    "7": "Kotodai Koen",
    "8": "Hirose-Dori",
    "9": "Sendai",
    "10": "Itsutsu-bashi",
    "11": "Atago-bashi",
    "12": "Kawaramachi",
    "13": "Nagamachi-itchome",
    "14": "Nagamachi",
    "15": "Nagamachi-minami",
    "16": "Tomizawa",
    "17": "Namboku",
    "18": "Yagiyama Zoological Park",
    "19": "Aobayama",
    "20": "Kawauchi",
    "21": "International Center",
    "22": "Omachi Nishi-koen",
    "23": "Aoba-dori Ichibancho",
    "24": "Miyagino-dori",
    "25": "Rembo",
    "26": "Yakushido",
    "27": "Oroshimachi",
    "28": "Rokuchonome",
    "29": "Arai",
    "30": "Tozai",
    "31": "Metro",
    "32": "ROOT",
    "33": "Shema ot 08.12.2015g.",
    "34": "Imported from http://pmetro.su"
}