{
    "lines": [
        {
            "delays": [
                300,
                300
            ],
            "name": "Первая",
            "scheme": null,
            "segments": [
                [
                    0,
                    1,
                    600
                ],
                [
                    1,
                    0,
                    600
                ],
                [
                    1,
                    2,
                    600
                ],
                [
                    2,
                    1,
                    600
                ],
                [
                    2,
                    3,
                    600
                ],
                [
                    3,
                    2,
                    600
                ],
                [
                    3,
                    4,
                    180
                ],
                [
                    4,
                    3,
                    180
                ],
                [
                    4,
                    5,
                    180
                ],
                [
                    5,
                    4,
                    180
                ],
                [
                    5,
                    6,
                    240
                ],
                [
                    6,
                    5,
                    240
                ],
                [
                    6,
                    7,
                    180
                ],
                [
                    7,
                    6,
                    180
                ],
                [
                    7,
                    8,
                    600
                ],
                [
                    8,
                    7,
                    600
                ],
                [
                    8,
                    9,
                    600
                ],
                [
                    9,
                    8,
                    600
                ],
                [
                    9,
                    10,
                    600
                ],
                [
                    10,
                    9,
                    600
                ],
                [
                    10,
                    11,
                    600
                ],
                [
                    11,
                    10,
                    600
                ],
                [
                    11,
                    12,
                    600
                ],
                [
                    12,
                    11,
                    600
                ],
                [
                    12,
                    13,
                    600
                ],
                [
                    13,
                    12,
                    600
                ],
                [
                    13,
                    14,
                    600
                ],
                [
                    14,
                    13,
                    600
                ],
                [
                    14,
                    15,
                    600
                ],
                [
                    15,
                    14,
                    600
                ]
            ],
            "stations": [
                [
                    0,
                    "Западная",
                    0
                ],
                [
                    1,
                    "Солнечная",
                    1
                ],
                [
                    2,
                    "Молодёжная",
                    2
                ],
                [
                    3,
                    "Рокоссовского",
                    3
                ],
                [
                    4,
                    "Соборная",
                    4
                ],
                [
                    5,
                    "Кристалл",
                    5
                ],
                [
                    6,
                    "Заречная",
                    6
                ],
                [
                    7,
                    "Библиотека им. Пушкина",
                    7
                ],
                [
                    8,
                    "Торговый центр",
                    8
                ],
                [
                    9,
                    "Маршала Жукова",
                    9
                ],
                [
                    10,
                    "Лермонтовская",
                    10
                ],
                [
                    11,
                    "Парковая",
                    11
                ],
                [
                    12,
                    "Туполевская",
                    12
                ],
                [
                    13,
                    "Рабочая",
                    13
                ],
                [
                    14,
                    "Московская",
                    14
                ],
                [
                    15,
                    "Сибирский проспект",
                    15
                ]
            ],
            "text_id": 16
        },
        {
            "delays": [
                600,
                600
            ],
            "name": "Вторая",
            "scheme": null,
            "segments": [
                [
                    16,
                    17,
                    600
                ],
                [
                    17,
                    16,
                    600
                ],
                [
                    17,
                    18,
                    600
                ],
                [
                    18,
                    17,
                    600
                ],
                [
                    18,
                    19,
                    600
                ],
                [
                    19,
                    18,
                    600
                ],
                [
                    19,
                    20,
                    600
                ],
                [
                    20,
                    19,
                    600
                ],
                [
                    20,
                    21,
                    600
                ],
                [
                    21,
                    20,
                    600
                ],
                [
                    21,
                    22,
                    600
                ],
                [
                    22,
                    21,
                    600
                ],
                [
                    22,
                    23,
                    600
                ],
                [
                    23,
                    22,
                    600
                ],
                [
                    23,
                    24,
                    600
                ],
                [
                    24,
                    23,
                    600
                ],
                [
                    24,
                    25,
                    600
                ],
                [
                    25,
                    24,
                    600
                ],
                [
                    25,
                    26,
                    600
                ],
                [
                    26,
                    25,
                    600
                ],
                [
                    26,
                    27,
                    600
                ],
                [
                    27,
                    26,
                    600
                ],
                [
                    27,
                    28,
                    600
                ],
                [
                    28,
                    27,
                    600
                ],
                [
                    28,
                    29,
                    600
                ],
                [
                    29,
                    28,
                    600
                ]
            ],
            "stations": [
                [
                    16,
                    "Чукреевская",
                    17
                ],
                [
                    17,
                    "Университет",
                    18
                ],
                [
                    18,
                    "Проспект Конева",
                    19
                ],
                [
                    19,
                    "Заречная",
                    6
                ],
                [
                    20,
                    "Московский проспект",
                    20
                ],
                [
                    21,
                    "Суворовская",
                    21
                ],
                [
                    22,
                    "Парк Победы",
                    22
                ],
                [
                    23,
                    "Транспортный институт",
                    23
                ],
                [
                    24,
                    "Дворец спорта",
                    24
                ],
                [
                    25,
                    "Лермонтовская",
                    10
                ],
                [
                    26,
                    "Горбатый мост",
                    25
                ],
                [
                    27,
                    "Челюскинская",
                    26
                ],
                [
                    28,
                    "Северная",
                    27
                ],
                [
                    29,
                    "Амурская",
                    28
                ]
            ],
            "text_id": 29
        },
        {
            "delays": [
                600,
                600
            ],
            "name": "Третья",
            "scheme": null,
            "segments": [
                [
                    30,
                    31,
                    600
                ],
                [
                    31,
                    30,
                    600
                ],
                [
                    31,
                    32,
                    600
                ],
                [
                    32,
                    31,
                    600
                ],
                [
                    32,
                    33,
                    600
                ],
                [
                    33,
                    32,
                    600
                ],
                [
                    33,
                    34,
                    600
                ],
                [
                    34,
                    33,
                    600
                ],
                [
                    34,
                    35,
                    600
                ],
                [
                    35,
                    34,
                    600
                ],
                [
                    35,
                    36,
                    600
                ],
                [
                    36,
                    35,
                    600
                ],
                [
                    36,
                    37,
                    600
                ],
                [
                    37,
                    36,
                    600
                ],
                [
                    37,
                    38,
                    600
                ],
                [
                    38,
                    37,
                    600
                ],
                [
                    38,
                    39,
                    600
                ],
                [
                    39,
                    38,
                    600
                ],
                [
                    39,
                    40,
                    600
                ],
                [
                    40,
                    39,
                    600
                ],
                [
                    40,
                    41,
                    600
                ],
                [
                    41,
                    40,
                    600
                ],
                [
                    41,
                    42,
                    600
                ],
                [
                    42,
                    41,
                    600
                ],
                [
                    42,
                    43,
                    600
                ],
                [
                    43,
                    42,
                    600
                ],
                [
                    43,
                    44,
                    600
                ],
                [
                    44,
                    43,
                    600
                ],
                [
                    44,
                    45,
                    600
                ],
                [
                    45,
                    44,
                    600
                ],
                [
                    45,
                    46,
                    600
                ],
                [
                    46,
                    45,
                    600
                ],
                [
                    46,
                    47,
                    600
                ],
                [
                    47,
                    46,
                    600
                ],
                [
                    47,
                    48,
                    600
                ],
                [
                    48,
                    47,
                    600
                ]
            ],
            "stations": [
                [
                    30,
                    "Марьяново",
                    30
                ],
                [
                    31,
                    "Мир",
                    31
                ],
                [
                    32,
                    "Труд",
                    32
                ],
                [
                    33,
                    "Вокзальная",
                    33
                ],
                [
                    34,
                    "Площадь Серова",
                    34
                ],
                [
                    35,
                    "Цирк",
                    35
                ],
                [
                    36,
                    "Дом Печати",
                    36
                ],
                [
                    37,
                    "Транспортный институт",
                    23
                ],
                [
                    38,
                    "Ильинская",
                    37
                ],
                [
                    39,
                    "Любинский проспект",
                    38
                ],
                [
                    40,
                    "Торговый центр",
                    8
                ],
                [
                    41,
                    "Кемеровская",
                    39
                ],
                [
                    42,
                    "Зеленый Остров",
                    40
                ],
                [
                    43,
                    "Заозерная",
                    41
                ],
                [
                    44,
                    "Политехническая",
                    42
                ],
                [
                    45,
                    "Проспект Мира",
                    43
                ],
                [
                    46,
                    "Энтузиастов",
                    44
                ],
                [
                    47,
                    "Нефтезаводская",
                    45
                ],
                [
                    48,
                    "Проспект Губкина",
                    46
                ]
            ],
            "text_id": 47
        },
        {
            "delays": [
                600,
                600
            ],
            "name": "Четвёртая",
            "scheme": null,
            "segments": [
                [
                    49,
                    50,
                    600
                ],
                [
                    50,
                    49,
                    600
                ],
                [
                    50,
                    51,
                    600
                ],
                [
                    51,
                    50,
                    600
                ],
                [
                    51,
                    52,
                    600
                ],
                [
                    52,
                    51,
                    600
                ],
                [
                    52,
                    53,
                    600
                ],
                [
                    53,
                    52,
                    600
                ]
            ],
            "stations": [
                [
                    49,
                    "Заречная",
                    6
                ],
                [
                    50,
                    "Аэровокзал",
                    48
                ],
                [
                    51,
                    "Авиагородок",
                    49
                ],
                [
                    52,
                    "Куломзино",
                    50
                ],
                [
                    53,
                    "Кировская",
                    51
                ]
            ],
            "text_id": 52
        }
    ],
    "name": "metro",
    "transfers": [
        [
            25,
            10,
            120,
            true
        ],
        [
            40,
            8,
            120,
            true
        ],
        [
            49,
            19,
            120,
            true
        ],
        [
            19,
            6,
            120,
            true
        ],
        [
            49,
            6,
            120,
            true
        ],
        [
            37,
            23,
            120,
            true
        ]
    ],
    "type_name": "Метро"
}