{
    "lines": [
        {
            "delays": [
                180,
                300
            ],
            "name": "Холодногорско-Заводская",
            "scheme": "holod-zav",
            "segments": [
                [
                    0,
                    1,
                    180
                ],
                [
                    1,
                    0,
                    180
                ],
                [
                    1,
                    2,
                    120
                ],
                [
                    2,
                    1,
                    120
                ],
                [
                    2,
                    3,
                    60
                ],
                [
                    3,
                    2,
                    60
                ],
                [
                    3,
                    4,
                    120
                ],
                [
                    4,
                    3,
                    120
                ],
                [
                    4,
                    5,
                    120
                ],
                [
                    5,
                    4,
                    120
                ],
                [
                    5,
                    6,
                    120
                ],
                [
                    6,
                    5,
                    120
                ],
                [
                    6,
                    7,
                    120
                ],
                [
                    7,
                    6,
                    120
                ],
                [
                    7,
                    8,
                    120
                ],
                [
                    8,
                    7,
                    120
                ],
                [
                    8,
                    9,
                    180
                ],
                [
                    9,
                    8,
                    180
                ],
                [
                    9,
                    10,
                    120
                ],
                [
                    10,
                    9,
                    120
                ],
                [
                    10,
                    11,
                    120
                ],
                [
                    11,
                    10,
                    120
                ],
                [
                    11,
                    12,
                    120
                ],
                [
                    12,
                    11,
                    120
                ],
                [
                    12,
                    13,
                    0
                ],
                [
                    13,
                    12,
                    0
                ],
                [
                    13,
                    14,
                    0
                ],
                [
                    14,
                    13,
                    0
                ],
                [
                    14,
                    15,
                    0
                ],
                [
                    15,
                    14,
                    0
                ]
            ],
            "stations": [
                [
                    0,
                    "Холодная Гора",
                    0
                ],
                [
                    1,
                    "Южный Вокзал",
                    1
                ],
                [
                    2,
                    "Центральный рынок",
                    2
                ],
                [
                    3,
                    "Площадь Конституции",
                    3
                ],
                [
                    4,
                    "Проспект Гагарина",
                    4
                ],
                [
                    5,
                    "Спортивная",
                    5
                ],
                [
                    6,
                    "Завод им. Малышева",
                    6
                ],
                [
                    7,
                    "Турбоатом",
                    7
                ],
                [
                    8,
                    "Дворец спорта",
                    8
                ],
                [
                    9,
                    "Армейская",
                    9
                ],
                [
                    10,
                    "Им. А.С.Масельского",
                    10
                ],
                [
                    11,
                    "Тракторный Завод",
                    11
                ],
                [
                    12,
                    "Индустриальная",
                    12
                ],
                [
                    13,
                    "Восточная",
                    13
                ],
                [
                    14,
                    "Роганская",
                    14
                ],
                [
                    15,
                    "Южная",
                    15
                ]
            ],
            "text_id": 16
        },
        {
            "delays": [
                180,
                480
            ],
            "name": "Салтовская",
            "scheme": "saltovskaja",
            "segments": [
                [
                    16,
                    17,
                    0
                ],
                [
                    17,
                    16,
                    0
                ],
                [
                    17,
                    18,
                    0
                ],
                [
                    18,
                    17,
                    0
                ],
                [
                    18,
                    19,
                    120
                ],
                [
                    19,
                    18,
                    120
                ],
                [
                    19,
                    20,
                    120
                ],
                [
                    20,
                    19,
                    120
                ],
                [
                    20,
                    21,
                    120
                ],
                [
                    21,
                    20,
                    120
                ],
                [
                    21,
                    22,
                    180
                ],
                [
                    22,
                    21,
                    180
                ],
                [
                    22,
                    23,
                    120
                ],
                [
                    23,
                    22,
                    120
                ],
                [
                    23,
                    24,
                    120
                ],
                [
                    24,
                    23,
                    120
                ],
                [
                    24,
                    25,
                    120
                ],
                [
                    25,
                    24,
                    120
                ],
                [
                    25,
                    26,
                    0
                ],
                [
                    26,
                    25,
                    0
                ]
            ],
            "stations": [
                [
                    16,
                    "Октябрьская",
                    17
                ],
                [
                    17,
                    "Пл. Урицкого",
                    18
                ],
                [
                    18,
                    "Исторический музей",
                    19
                ],
                [
                    19,
                    "Университет",
                    20
                ],
                [
                    20,
                    "Пушкинская",
                    21
                ],
                [
                    21,
                    "Киевская",
                    22
                ],
                [
                    22,
                    "Академика Барабашова",
                    23
                ],
                [
                    23,
                    "Академика Павлова",
                    24
                ],
                [
                    24,
                    "Студенческая",
                    25
                ],
                [
                    25,
                    "Героев Труда",
                    26
                ],
                [
                    26,
                    "Дружбы Народов",
                    27
                ]
            ],
            "text_id": 28
        },
        {
            "delays": [
                300,
                600
            ],
            "name": "Алексеевская",
            "scheme": "alekseevskaja",
            "segments": [
                [
                    27,
                    28,
                    120
                ],
                [
                    28,
                    27,
                    120
                ],
                [
                    28,
                    29,
                    180
                ],
                [
                    29,
                    28,
                    180
                ],
                [
                    29,
                    30,
                    60
                ],
                [
                    30,
                    29,
                    60
                ],
                [
                    30,
                    31,
                    120
                ],
                [
                    31,
                    30,
                    120
                ],
                [
                    31,
                    32,
                    120
                ],
                [
                    32,
                    31,
                    120
                ],
                [
                    32,
                    33,
                    120
                ],
                [
                    33,
                    32,
                    120
                ],
                [
                    33,
                    34,
                    120
                ],
                [
                    34,
                    33,
                    120
                ],
                [
                    34,
                    35,
                    120
                ],
                [
                    35,
                    34,
                    120
                ]
            ],
            "stations": [
                [
                    27,
                    "Метростроителей",
                    29
                ],
                [
                    28,
                    "Защитников Украины",
                    30
                ],
                [
                    29,
                    "Архитектора Бекетова",
                    31
                ],
                [
                    30,
                    "Госпром",
                    32
                ],
                [
                    31,
                    "Научная",
                    33
                ],
                [
                    32,
                    "Ботанический Сад",
                    34
                ],
                [
                    33,
                    "23-го Августа",
                    35
                ],
                [
                    34,
                    "Алексеевская",
                    36
                ],
                [
                    35,
                    "Победа",
                    37
                ]
            ],
            "text_id": 36
        }
    ],
    "name": "metro",
    "transfers": [
        [
            3,
            18,
            60,
            true
        ],
        [
            19,
            30,
            120,
            true
        ],
        [
            27,
            5,
            180,
            true
        ]
    ],
    "type_name": "Метро"
}