{
    "0": "Niquia",
    "1": "Bello",
    "2": "Madera",
    "3": "Acevedo",
    "4": "Tricentenario",
    "5": "Caribe",
    "6": "Universidad",
    "7": "Hospital",
    "8": "Prado",
    "9": "Parque Berrio",
    "10": "San Antonio",
    "11": "Alpujarra",
    "12": "Exposiciones",
    "13": "Industriales",
    "14": "Poblado",
    "15": "Aguacatala",
    "16": "Ayura",
    "17": "Envigado",
    "18": "Itagui",
    "19": "Sabaneta",
    "20": "La Estrella",
    "21": "A",
    "22": "U. de M.",
    "23": "Los Alpes",
    "24": "La Palma",
    "25": "Parque Belen",
    "26": "Rosales",
    "27": "Fatima",
    "28": "Nutibara",
    "29": "Plaza Mayor",
    "30": "Cisneros",
    "31": "Minorista",
    "32": "Chagualo",
    "33": "Ruta N – U. de A",
    "34": "Palos Verdes",
    "35": "Gardel",
    "36": "Manrique",
    "37": "Las Esmeraldas",
    "38": "Berlin",
    "39": "Parque Aranjuez",
    "40": "1",
    "41": "Barrio Colombia",
    "42": "Barrio San Diego",
    "43": "Barrio Colon",
    "44": "San Jose",
    "45": "La Playa",
    "46": "Catedral Metropolitana",
    "47": "2",
    "48": "Cisnersos",
    "49": "Suramericana",
    "50": "Estadio",
    "51": "Floresta",
    "52": "Santa Lucia",
    "53": "San Javier",
    "54": "B",
    "55": "Oriente",
    "56": "Las Torres",
    "57": "Villa Sierra",
    "58": "H",
    "59": "Juan XXIII",
    "60": "Vallejuelos",
    "61": "La Aurora",
    "62": "J",
    "63": "Andalucia",
    "64": "Popular",
    "65": "Santo Domingo",
    "66": "K",
    "67": "Arvi",
    "68": "L",
    "69": "Miraflores",
    "70": "El Pinal",
    "71": "Trece de Noviembre",
    "72": "M",
    "73": "SENA",
    "74": "Doce de Octubre",
    "75": "El Progresso",
    "76": "P",
    "77": "Pabellon del Agua EPM",
    "78": "Bicentenario",
    "79": "Buenos Aires",
    "80": "Loyola",
    "81": "Alejandro Echavarria",
    "82": "T-A",
    "83": "Метро",
    "84": "ROOT",
    "85": "Схема от 24.08.2019г.\nАвтор: Дмитрий Варламов\nИнформация взята с сайта www.metrodemedellin.gov.co",
    "86": "Imported from http://pmetro.su"
}