{
    "default_transports": [
        "metro"
    ],
    "height": 595,
    "images": [
        "res/schemes/samara.svg"
    ],
    "is_vector": true,
    "lines": [
        {
            "labels_bg_color": "-1",
            "labels_color": "E1361E",
            "line_color": "E1361E",
            "line_width": 7,
            "name": "1",
            "segments": [
                [
                    0,
                    1,
                    [
                        [
                            224,
                            110
                        ],
                        [
                            162,
                            119
                        ]
                    ],
                    false
                ],
                [
                    1,
                    2,
                    [
                        [
                            283,
                            111
                        ],
                        [
                            224,
                            110
                        ]
                    ],
                    false
                ],
                [
                    2,
                    3,
                    [
                        [
                            368,
                            140
                        ],
                        [
                            283,
                            111
                        ]
                    ],
                    true
                ],
                [
                    3,
                    4,
                    [
                        [
                            371,
                            212
                        ],
                        [
                            368,
                            140
                        ]
                    ],
                    true
                ],
                [
                    4,
                    5,
                    [
                        [
                            396,
                            249
                        ],
                        [
                            371,
                            212
                        ]
                    ],
                    true
                ],
                [
                    5,
                    6,
                    [
                        [
                            480,
                            310
                        ],
                        [
                            396,
                            249
                        ]
                    ],
                    true
                ],
                [
                    6,
                    7,
                    [
                        [
                            530,
                            344
                        ],
                        [
                            480,
                            310
                        ]
                    ],
                    true
                ],
                [
                    7,
                    8,
                    [
                        [
                            602,
                            360
                        ],
                        [
                            530,
                            344
                        ]
                    ],
                    true
                ],
                [
                    8,
                    9,
                    [
                        [
                            667,
                            362
                        ],
                        [
                            602,
                            360
                        ]
                    ],
                    true
                ],
                [
                    9,
                    10,
                    [
                        [
                            718,
                            422
                        ],
                        [
                            667,
                            362
                        ]
                    ],
                    true
                ],
                [
                    10,
                    11,
                    [
                        [
                            767,
                            428
                        ],
                        [
                            718,
                            422
                        ]
                    ],
                    true
                ],
                [
                    10,
                    12,
                    [
                        [
                            796,
                            445
                        ],
                        [
                            732.0,
                            438.0
                        ],
                        [
                            718,
                            422
                        ]
                    ],
                    false
                ]
            ],
            "stations": [
                {
                    "coord": [
                        162,
                        119
                    ],
                    "is_working": false,
                    "name": "Театральная",
                    "rect": [
                        84,
                        101,
                        68,
                        15
                    ],
                    "text_id": 0,
                    "uid": 0
                },
                {
                    "coord": [
                        224,
                        110
                    ],
                    "is_working": false,
                    "name": "Самарская",
                    "rect": [
                        196,
                        119,
                        59,
                        15
                    ],
                    "text_id": 1,
                    "uid": 1
                },
                {
                    "coord": [
                        283,
                        111
                    ],
                    "is_working": true,
                    "name": "Алабинская",
                    "rect": [
                        267,
                        88,
                        64,
                        15
                    ],
                    "text_id": 2,
                    "uid": 2
                },
                {
                    "coord": [
                        368,
                        140
                    ],
                    "is_working": true,
                    "name": "Российская",
                    "rect": [
                        371,
                        116,
                        62,
                        15
                    ],
                    "text_id": 3,
                    "uid": 3
                },
                {
                    "coord": [
                        371,
                        212
                    ],
                    "is_working": true,
                    "name": "Московская",
                    "rect": [
                        300,
                        193,
                        63,
                        15
                    ],
                    "text_id": 4,
                    "uid": 4
                },
                {
                    "coord": [
                        396,
                        249
                    ],
                    "is_working": true,
                    "name": "Гагаринская",
                    "rect": [
                        324,
                        256,
                        65,
                        15
                    ],
                    "text_id": 5,
                    "uid": 5
                },
                {
                    "coord": [
                        480,
                        310
                    ],
                    "is_working": true,
                    "name": "Спортивная",
                    "rect": [
                        482,
                        286,
                        63,
                        15
                    ],
                    "text_id": 6,
                    "uid": 6
                },
                {
                    "coord": [
                        530,
                        344
                    ],
                    "is_working": true,
                    "name": "Советская",
                    "rect": [
                        538,
                        324,
                        56,
                        15
                    ],
                    "text_id": 7,
                    "uid": 7
                },
                {
                    "coord": [
                        602,
                        360
                    ],
                    "is_working": true,
                    "name": "Победа",
                    "rect": [
                        578,
                        370,
                        41,
                        15
                    ],
                    "text_id": 8,
                    "uid": 8
                },
                {
                    "coord": [
                        667,
                        362
                    ],
                    "is_working": true,
                    "name": "Безымянка",
                    "rect": [
                        647,
                        340,
                        61,
                        15
                    ],
                    "text_id": 9,
                    "uid": 9
                },
                {
                    "coord": [
                        718,
                        422
                    ],
                    "is_working": true,
                    "name": "Кировская",
                    "rect": [
                        653,
                        422,
                        55,
                        15
                    ],
                    "text_id": 10,
                    "uid": 10
                },
                {
                    "coord": [
                        767,
                        428
                    ],
                    "is_working": true,
                    "name": "Юнгородок",
                    "rect": [
                        777,
                        420,
                        59,
                        15
                    ],
                    "text_id": 11,
                    "uid": 11
                },
                {
                    "coord": [
                        796,
                        445
                    ],
                    "is_working": false,
                    "name": "Крылья Советов",
                    "rect": [
                        807,
                        439,
                        88,
                        15
                    ],
                    "text_id": 12,
                    "uid": 12
                }
            ],
            "text_id": 13
        }
    ],
    "lines_width": 7,
    "name": "metro",
    "name_text_id": 14,
    "stations_diameter": 15.0,
    "transfers": [],
    "transports": [
        "metro"
    ],
    "type_name": "ROOT",
    "type_text_id": 15,
    "upper_case": false,
    "width": 946,
    "word_wrap": false
}