[
    {
        "caption": "Схема",
        "image": "res/stations/zaeltsovskaya.svg",
        "line": "Ленинская",
        "station": "Заельцовская"
    },
    {
        "caption": "Схема",
        "image": "res/stations/gagarinskaya.svg",
        "line": "Ленинская",
        "station": "Гагаринская"
    },
    {
        "caption": "Схема",
        "image": "res/stations/krasnyprospekt-sibirskaya.svg",
        "line": "Ленинская",
        "station": "Красный проспект"
    },
    {
        "caption": "Схема",
        "image": "res/stations/pllenina.svg",
        "line": "Ленинская",
        "station": "Площадь Ленина"
    },
    {
        "caption": "Схема",
        "image": "res/stations/oktyabrskaya.svg",
        "line": "Ленинская",
        "station": "Октябрьская"
    },
    {
        "caption": "Схема",
        "image": "res/stations/rechnoyvokzal.svg",
        "line": "Ленинская",
        "station": "Речной Вокзал"
    },
    {
        "caption": "Схема",
        "image": "res/stations/studencheskaya.svg",
        "line": "Ленинская",
        "station": "Студенческая"
    },
    {
        "caption": "Схема",
        "image": "res/stations/plmarksa.svg",
        "line": "Ленинская",
        "station": "Площадь Маркса"
    },
    {
        "caption": "Схема",
        "image": "res/stations/plgarinamikhailovskogo.svg",
        "line": "Дзержинская",
        "station": "Площадь Гарина-Михайловского"
    },
    {
        "caption": "Схема",
        "image": "res/stations/krasnyprospekt-sibirskaya.svg",
        "line": "Дзержинская",
        "station": "Сибирская"
    },
    {
        "caption": "Схема",
        "image": "res/stations/beryozovayaroscha.svg",
        "line": "Дзержинская",
        "station": "Березовая Роща"
    },
    {
        "caption": "Схема",
        "image": "res/stations/marshalapokryshkina.svg",
        "line": "Дзержинская",
        "station": "Маршала Покрышкина"
    },
    {
        "caption": "Схема",
        "image": "res/stations/zolotayaniva.svg",
        "line": "Дзержинская",
        "station": "Золотая нива"
    },
    {
        "caption": "Схема",
        "image": "res/stations/rechnoyvokzal.svg",
        "line": "Электропоезда_на_юг.Кузбасс.Сокур_через_Инскую",
        "station": "Речной Вокзал"
    },
    {
        "caption": "Схема",
        "image": "res/stations/plgarinamikhailovskogo.svg",
        "line": "Электропоезда_на_юг.Кузбасс.Сокур_через_Инскую",
        "station": "Новосибирск-Главный"
    },
    {
        "caption": "Схема",
        "image": "res/stations/inya.svg",
        "line": "Электропоезда_на_юг.Кузбасс.Сокур_через_Инскую",
        "station": "Разъезд Иня"
    },
    {
        "caption": "Схема",
        "image": "res/stations/inya.svg",
        "line": "Электропоезда_на_юг.Кузбасс.Сокур_через_Инскую",
        "station": "Разъезд Иня-южная"
    },
    {
        "caption": "Схема",
        "image": "res/stations/plgarinamikhailovskogo.svg",
        "line": "Электропоезда_на_восток",
        "station": "Новосибирск-Главный"
    },
    {
        "caption": "Схема",
        "image": "res/stations/gagarinskaya.svg",
        "line": "Электропоезда_на_восток",
        "station": "Гагаринская"
    },
    {
        "caption": "Схема",
        "image": "res/stations/plgarinamikhailovskogo.svg",
        "line": "Электропоезда_на_запад",
        "station": "Новосибирск-Главный"
    }
]