{
    "0": "Mercado",
    "1": "Rodoviaria",
    "2": "Sao Pedro",
    "3": "Farrapos",
    "4": "Aeroporto",
    "5": "Anchieta",
    "6": "Niteroi",
    "7": "Fatima",
    "8": "Canoas",
    "9": "Mathias Velho",
    "10": "Sao Luis",
    "11": "Petrobras",
    "12": "Esteio",
    "13": "Luiz Pasteur",
    "14": "Sapucaia",
    "15": "Unisinos",
    "16": "Sao Leopoldo",
    "17": "Rio dos Sinos",
    "18": "Santo Afonso",
    "19": "Industrial",
    "20": "Fenac",
    "21": "Novo Hamburgo",
    "22": "1",
    "23": "Metro",
    "24": "ROOT",
    "25": "Shema ot 18.08.2019g.\nAvtor: Dmitrij Varlamov\nInformatsija vzjata s sajta www.urbanrail.net",
    "26": "Imported from http://pmetro.su"
}