{
    "city_id": 587084,
    "comments_text_id": 32,
    "default_locale": "ru",
    "delays": [
        {
            "ranges": [
                "08:00-20:00"
            ],
            "type": "day",
            "weekdays": null
        },
        {
            "ranges": [
                "20:00-24:00",
                "00:00-05:00"
            ],
            "type": "night",
            "weekdays": null
        }
    ],
    "description_text_id": 31,
    "file": "Baku.zip",
    "latitude": 40.37767,
    "locales": [
        "ru",
        "en"
    ],
    "longitude": 49.89201,
    "map_id": "Baku.zip",
    "schemes": [
        {
            "default_transports": [
                "metro"
            ],
            "file": "schemes/metro.json",
            "name": "metro",
            "name_text_id": 28,
            "root": true,
            "transports": [
                "metro"
            ],
            "type_name": "ROOT",
            "type_text_id": 29
        },
        {
            "default_transports": [
                "metro"
            ],
            "file": "schemes/greenline.json",
            "name": "greenline",
            "name_text_id": 24,
            "root": false,
            "transports": [
                "metro"
            ],
            "type_name": "Метро",
            "type_text_id": 30
        },
        {
            "default_transports": [
                "metro"
            ],
            "file": "schemes/redline.json",
            "name": "redline",
            "name_text_id": 21,
            "root": false,
            "transports": [
                "metro"
            ],
            "type_name": "Метро",
            "type_text_id": 30
        }
    ],
    "timestamp": 1516320000.0,
    "transport_types": [
        "Метро"
    ],
    "transports": [
        {
            "file": "transports/metro.json",
            "name": "metro",
            "type": "Метро"
        }
    ]
}