{
    "0": "Clarenberg",
    "1": "DO-Horde",
    "2": "Willem-van-Vloten-Str.",
    "3": "Karl-Liebknecht-Str.",
    "4": "Markische Str.",
    "5": "Markgrafenstr.",
    "6": "DO-Stadthaus",
    "7": "Stadtgarten",
    "8": "Kampstr.",
    "9": "DO-Hauptbahnhof",
    "10": "Leopoldstr.",
    "11": "Munsterstr.",
    "12": "Lortzingstr.",
    "13": "Immermannstr./Klinikzentrum Nord",
    "14": "Fredenbaum",
    "15": "Guterstr.",
    "16": "Zeche Minister Stein",
    "17": "Amtsstr.",
    "18": "Externberg",
    "19": "Gravingholz",
    "20": "Waldesruh",
    "21": "Maienweg",
    "22": "Wittichstr.",
    "23": "Brechten Zentrum",
    "24": "Oetringhauser Str.",
    "25": "Herrentheystr.",
    "26": "Brambauer Krankenhaus",
    "27": "Brambauer Verkehrshof",
    "28": "U41",
    "29": "Grotenbachstr.",
    "30": "Hombruch Hallenbad",
    "31": "Harkortstr.",
    "32": "Eierkampstr.",
    "33": "Barop Parkhaus",
    "34": "Am Beilstuck",
    "35": "An der Palmweide",
    "36": "Theodor-Fliedner-Heim",
    "37": "Kreuzstr.",
    "38": "DO-Mollerbrucke",
    "39": "Stadtische Kliniken",
    "40": "Reinoldikirche",
    "41": "Brugmannplatz",
    "42": "Brunnenstr.",
    "43": "Gluckaufstr.",
    "44": "Eisenstr.",
    "45": "Burgholz",
    "46": "An den Teichen",
    "47": "Bauernkamp",
    "48": "Schulte Rodding",
    "49": "Franz-Zimmer-Siedlung",
    "50": "Kirchderne",
    "51": "Gleiwitzstr.",
    "52": "Flughafenstr.",
    "53": "Scharnhorst Zentrum",
    "54": "Droote",
    "55": "Grevel",
    "56": "U42",
    "57": "Dorstfeld Betriebshof",
    "58": "Wittener Str.",
    "59": "Ottostr.",
    "60": "Ofenstr.",
    "61": "Heinrichstr.",
    "62": "Unionstr.",
    "63": "Westentor",
    "64": "Ostentor",
    "65": "Lippestr.",
    "66": "Funkenburg",
    "67": "Von-der-Tann-Str.",
    "68": "Berliner Str.",
    "69": "Am Zehnthof",
    "70": "Juchostr.",
    "71": "Ruschebrinkstr.",
    "72": "Pothecke",
    "73": "Knappschaftskrankenhaus",
    "74": "Oberdorfstr.",
    "75": "Brackel Kirche",
    "76": "Brackel Verwaltungsstelle",
    "77": "In den Borten",
    "78": "Doringhoff",
    "79": "Businkstr.",
    "80": "Asseln Aplerbecker Str.",
    "81": "Am Hagedorn",
    "82": "Ruckebierstr.",
    "83": "Zugstr.",
    "84": "Eichwaldstr.",
    "85": "Bockumweg",
    "86": "Dollersweg",
    "87": "DO-Wickede",
    "88": "Wickede Post",
    "89": "U43",
    "90": "Walbertstr.",
    "91": "DO-Marten Sud",
    "92": "Auf dem Brummer",
    "93": "Poth",
    "94": "Geschwister-Scholl-Str.",
    "95": "Enscheder Str.",
    "96": "Borsigplatz",
    "97": "Vincenzheim",
    "98": "Westfalenhutte",
    "99": "U44",
    "100": "Westfalenhallen",
    "101": "Remydamm",
    "102": "Westfalenpark",
    "103": "Stadion",
    "104": "U45",
    "105": "Polizeiprasidium",
    "106": "Saarlandstr.",
    "107": "U46",
    "108": "Aplerbeck",
    "109": "Schurbankstr.",
    "110": "Westendorfstr.",
    "111": "Allerstr./Westfalen Klinik fur Psychiatrie",
    "112": "Vahleweg",
    "113": "Hauptfriedhof",
    "114": "Stadtkrone Ost",
    "115": "Max-Eyth-Str.",
    "116": "Lubkestr.",
    "117": "Vosskuhle",
    "118": "Kohlgartenstr.",
    "119": "Schutzenstr.",
    "120": "Hafen",
    "121": "Insterburger Str.",
    "122": "Huckarde Abzweig",
    "123": "Huckarde Bushof",
    "124": "Parsevalstr.",
    "125": "Buschstr.",
    "126": "Obernette",
    "127": "DO-Westerfilde",
    "128": "U47",
    "129": "Hacheney",
    "130": "Rombergpark",
    "131": "U49",
    "132": "Электричка",
    "133": "ROOT",
    "134": "Схема от 01.09.2008г.\nАвтор: Варламов Дмитрий (www.chpeks.com)",
    "135": "Imported from http://pmetro.su"
}