[
    {
        "caption": "Схема",
        "image": "res/stations/prospektpobedy.svg",
        "line": "Первая",
        "station": "Проспект Победы"
    },
    {
        "caption": "Схема",
        "image": "res/stations/gorki.svg",
        "line": "Первая",
        "station": "Горки"
    },
    {
        "caption": "Схема",
        "image": "res/stations/ametyevo.svg",
        "line": "Первая",
        "station": "Аметьево"
    },
    {
        "caption": "Схема",
        "image": "res/stations/sukonnayasloboda.svg",
        "line": "Первая",
        "station": "Суконная слобода"
    },
    {
        "caption": "Схема",
        "image": "res/stations/ploschadtukaya.svg",
        "line": "Первая",
        "station": "Площадь Тукая"
    },
    {
        "caption": "Схема",
        "image": "res/stations/kremlevskaya.svg",
        "line": "Первая",
        "station": "Кремлевская"
    },
    {
        "caption": "Схема",
        "image": "res/stations/kozyasloboda.svg",
        "line": "Первая",
        "station": "Козья слобода"
    },
    {
        "caption": "Схема",
        "image": "res/stations/yashlek.svg",
        "line": "Первая",
        "station": "Яшьлек"
    }
]