{
    "city_id": 2147714,
    "comments_text_id": 353,
    "default_locale": "ru",
    "delays": [
        {
            "ranges": [
                "08:00-20:00"
            ],
            "type": "day",
            "weekdays": null
        },
        {
            "ranges": [
                "20:00-24:00",
                "00:00-05:00"
            ],
            "type": "night",
            "weekdays": null
        }
    ],
    "description_text_id": 352,
    "file": "Sydney.zip",
    "latitude": -33.86785,
    "locales": [
        "ru",
        "en"
    ],
    "longitude": 151.20732,
    "map_id": "Sydney.zip",
    "schemes": [
        {
            "default_transports": [
                "metro"
            ],
            "file": "schemes/metro.json",
            "name": "metro",
            "name_text_id": 350,
            "root": true,
            "transports": [
                "metro"
            ],
            "type_name": "ROOT",
            "type_text_id": 351
        }
    ],
    "timestamp": 1430524800.0,
    "transport_types": [
        "Метро"
    ],
    "transports": [
        {
            "file": "transports/metro.json",
            "name": "metro",
            "type": "Метро"
        }
    ]
}