{
    "0": "Borgo",
    "1": "Giuffrida",
    "2": "Italia",
    "3": "Galatea",
    "4": "Stazione Centrale F.S.",
    "5": "Porto",
    "6": "Linea 1",
    "7": "Метро",
    "8": "ROOT",
    "9": "Схема от 09.07.2008г.\nКарту прислал Савицкий Владислав.\n\nИнформация по станциям - Савицкий Владислав.\n\nИнтервалы движения - ждем Вашей помощи.",
    "10": "Imported from http://pmetro.su"
}