{
    "lines": [
        {
            "delays": [
                180,
                300
            ],
            "name": "Холодногорско-Заводская",
            "scheme": "holod-zav",
            "segments": [
                [
                    0,
                    1,
                    0
                ],
                [
                    1,
                    0,
                    0
                ],
                [
                    1,
                    2,
                    180
                ],
                [
                    2,
                    1,
                    180
                ],
                [
                    2,
                    3,
                    120
                ],
                [
                    3,
                    2,
                    120
                ],
                [
                    3,
                    4,
                    60
                ],
                [
                    4,
                    3,
                    60
                ],
                [
                    4,
                    5,
                    120
                ],
                [
                    5,
                    4,
                    120
                ],
                [
                    5,
                    6,
                    120
                ],
                [
                    6,
                    5,
                    120
                ],
                [
                    6,
                    7,
                    120
                ],
                [
                    7,
                    6,
                    120
                ],
                [
                    7,
                    8,
                    120
                ],
                [
                    8,
                    7,
                    120
                ],
                [
                    8,
                    9,
                    120
                ],
                [
                    9,
                    8,
                    120
                ],
                [
                    9,
                    10,
                    180
                ],
                [
                    10,
                    9,
                    180
                ],
                [
                    10,
                    11,
                    120
                ],
                [
                    11,
                    10,
                    120
                ],
                [
                    11,
                    12,
                    120
                ],
                [
                    12,
                    11,
                    120
                ],
                [
                    12,
                    13,
                    120
                ],
                [
                    13,
                    12,
                    120
                ],
                [
                    13,
                    14,
                    0
                ],
                [
                    14,
                    13,
                    0
                ],
                [
                    14,
                    15,
                    0
                ],
                [
                    15,
                    14,
                    0
                ],
                [
                    15,
                    16,
                    0
                ],
                [
                    16,
                    15,
                    0
                ]
            ],
            "stations": [
                [
                    0,
                    "Залютино",
                    0
                ],
                [
                    1,
                    "Холодная Гора",
                    1
                ],
                [
                    2,
                    "Южный Вокзал",
                    2
                ],
                [
                    3,
                    "Центральный рынок",
                    3
                ],
                [
                    4,
                    "Площадь Конституции",
                    4
                ],
                [
                    5,
                    "Проспект Гагарина",
                    5
                ],
                [
                    6,
                    "Спортивная",
                    6
                ],
                [
                    7,
                    "Завод им. Малышева",
                    7
                ],
                [
                    8,
                    "Московский проспект",
                    8
                ],
                [
                    9,
                    "Дворец спорта",
                    9
                ],
                [
                    10,
                    "Армейская",
                    10
                ],
                [
                    11,
                    "Им. А.С.Масельского",
                    11
                ],
                [
                    12,
                    "Тракторный Завод",
                    12
                ],
                [
                    13,
                    "Индустриальная",
                    13
                ],
                [
                    14,
                    "Восточная",
                    14
                ],
                [
                    15,
                    "Роганская",
                    15
                ],
                [
                    16,
                    "Южная",
                    16
                ]
            ],
            "text_id": 17
        },
        {
            "delays": [
                180,
                480
            ],
            "name": "Салтовская",
            "scheme": "saltovskaja",
            "segments": [
                [
                    17,
                    18,
                    0
                ],
                [
                    18,
                    17,
                    0
                ],
                [
                    18,
                    19,
                    0
                ],
                [
                    19,
                    18,
                    0
                ],
                [
                    19,
                    20,
                    120
                ],
                [
                    20,
                    19,
                    120
                ],
                [
                    20,
                    21,
                    120
                ],
                [
                    21,
                    20,
                    120
                ],
                [
                    21,
                    22,
                    120
                ],
                [
                    22,
                    21,
                    120
                ],
                [
                    22,
                    23,
                    180
                ],
                [
                    23,
                    22,
                    180
                ],
                [
                    23,
                    24,
                    120
                ],
                [
                    24,
                    23,
                    120
                ],
                [
                    24,
                    25,
                    120
                ],
                [
                    25,
                    24,
                    120
                ],
                [
                    25,
                    26,
                    120
                ],
                [
                    26,
                    25,
                    120
                ],
                [
                    26,
                    27,
                    0
                ],
                [
                    27,
                    26,
                    0
                ]
            ],
            "stations": [
                [
                    17,
                    "Октябрьская",
                    18
                ],
                [
                    18,
                    "Пл. Урицкого",
                    19
                ],
                [
                    19,
                    "Исторический музей",
                    20
                ],
                [
                    20,
                    "Университет",
                    21
                ],
                [
                    21,
                    "Пушкинская",
                    22
                ],
                [
                    22,
                    "Киевская",
                    23
                ],
                [
                    23,
                    "Академика Барабашова",
                    24
                ],
                [
                    24,
                    "Академика Павлова",
                    25
                ],
                [
                    25,
                    "Студенческая",
                    26
                ],
                [
                    26,
                    "Героев Труда",
                    27
                ],
                [
                    27,
                    "Дружбы Народов",
                    28
                ]
            ],
            "text_id": 29
        },
        {
            "delays": [
                300,
                600
            ],
            "name": "Алексеевская",
            "scheme": "alekseevskaja",
            "segments": [
                [
                    28,
                    29,
                    0
                ],
                [
                    29,
                    28,
                    0
                ],
                [
                    29,
                    30,
                    0
                ],
                [
                    30,
                    29,
                    0
                ],
                [
                    30,
                    31,
                    0
                ],
                [
                    31,
                    30,
                    0
                ],
                [
                    31,
                    32,
                    0
                ],
                [
                    32,
                    31,
                    0
                ],
                [
                    32,
                    33,
                    120
                ],
                [
                    33,
                    32,
                    120
                ],
                [
                    33,
                    34,
                    180
                ],
                [
                    34,
                    33,
                    180
                ],
                [
                    34,
                    35,
                    60
                ],
                [
                    35,
                    34,
                    60
                ],
                [
                    35,
                    36,
                    120
                ],
                [
                    36,
                    35,
                    120
                ],
                [
                    36,
                    37,
                    120
                ],
                [
                    37,
                    36,
                    120
                ],
                [
                    37,
                    38,
                    120
                ],
                [
                    38,
                    37,
                    120
                ],
                [
                    38,
                    39,
                    120
                ],
                [
                    39,
                    38,
                    120
                ],
                [
                    39,
                    40,
                    0
                ],
                [
                    40,
                    39,
                    0
                ]
            ],
            "stations": [
                [
                    28,
                    "Аэропорт",
                    30
                ],
                [
                    29,
                    "Мотель \"Дружба\"",
                    31
                ],
                [
                    30,
                    "Одесская",
                    32
                ],
                [
                    31,
                    "Державинская",
                    33
                ],
                [
                    32,
                    "Метростроителей",
                    34
                ],
                [
                    33,
                    "Защитников Украины",
                    35
                ],
                [
                    34,
                    "Архитектора Бекетова",
                    36
                ],
                [
                    35,
                    "Госпром",
                    37
                ],
                [
                    36,
                    "Научная",
                    38
                ],
                [
                    37,
                    "Ботанический Сад",
                    39
                ],
                [
                    38,
                    "23-го Августа",
                    40
                ],
                [
                    39,
                    "Алексеевская",
                    41
                ],
                [
                    40,
                    "Проспект Победы",
                    42
                ]
            ],
            "text_id": 41
        },
        {
            "delays": [
                300,
                300
            ],
            "name": "Салтовское ответление",
            "scheme": "saltovske-otv",
            "segments": [
                [
                    41,
                    42,
                    0
                ],
                [
                    42,
                    41,
                    0
                ],
                [
                    42,
                    43,
                    0
                ],
                [
                    43,
                    42,
                    0
                ],
                [
                    43,
                    44,
                    0
                ],
                [
                    44,
                    43,
                    0
                ]
            ],
            "stations": [
                [
                    41,
                    "Академика Барабашова",
                    24
                ],
                [
                    42,
                    "Гвардейцев Широненцев",
                    43
                ],
                [
                    43,
                    "Тракторостроителей",
                    44
                ],
                [
                    44,
                    "Восточная Салтовка",
                    45
                ]
            ],
            "text_id": 46
        }
    ],
    "name": "metro",
    "transfers": [
        [
            4,
            19,
            60,
            true
        ],
        [
            20,
            35,
            120,
            true
        ],
        [
            32,
            6,
            180,
            true
        ],
        [
            23,
            41,
            60,
            true
        ]
    ],
    "type_name": "Метро"
}