{
    "lines": [
        {
            "delays": [],
            "name": "1",
            "scheme": null,
            "segments": [
                [
                    0,
                    1,
                    120
                ],
                [
                    1,
                    0,
                    120
                ],
                [
                    1,
                    2,
                    120
                ],
                [
                    2,
                    1,
                    120
                ],
                [
                    2,
                    3,
                    120
                ],
                [
                    3,
                    2,
                    120
                ],
                [
                    3,
                    4,
                    120
                ],
                [
                    4,
                    3,
                    120
                ],
                [
                    4,
                    5,
                    120
                ],
                [
                    5,
                    4,
                    120
                ],
                [
                    5,
                    6,
                    120
                ],
                [
                    6,
                    5,
                    120
                ],
                [
                    6,
                    7,
                    120
                ],
                [
                    7,
                    6,
                    120
                ],
                [
                    7,
                    8,
                    120
                ],
                [
                    8,
                    7,
                    120
                ],
                [
                    8,
                    9,
                    120
                ],
                [
                    9,
                    8,
                    120
                ],
                [
                    9,
                    10,
                    120
                ],
                [
                    10,
                    9,
                    120
                ],
                [
                    10,
                    11,
                    120
                ],
                [
                    11,
                    10,
                    120
                ],
                [
                    11,
                    12,
                    120
                ],
                [
                    12,
                    11,
                    120
                ],
                [
                    12,
                    13,
                    120
                ],
                [
                    13,
                    12,
                    120
                ],
                [
                    13,
                    14,
                    120
                ],
                [
                    14,
                    13,
                    120
                ],
                [
                    14,
                    15,
                    120
                ],
                [
                    15,
                    14,
                    120
                ],
                [
                    15,
                    16,
                    120
                ],
                [
                    16,
                    15,
                    120
                ],
                [
                    16,
                    17,
                    120
                ],
                [
                    17,
                    16,
                    120
                ],
                [
                    17,
                    18,
                    120
                ],
                [
                    18,
                    17,
                    120
                ]
            ],
            "stations": [
                [
                    0,
                    "Exposicion",
                    0
                ],
                [
                    1,
                    "Lerdo de Tejada",
                    1
                ],
                [
                    2,
                    "Eloy Cavazos",
                    2
                ],
                [
                    3,
                    "Y Griega",
                    3
                ],
                [
                    4,
                    "Parque Fundidora",
                    4
                ],
                [
                    5,
                    "Felix U. Gomez",
                    5
                ],
                [
                    6,
                    "Del Golfo",
                    6
                ],
                [
                    7,
                    "Cuauhtemoc",
                    7
                ],
                [
                    8,
                    "Central",
                    8
                ],
                [
                    9,
                    "Edison",
                    9
                ],
                [
                    10,
                    "Hospital",
                    10
                ],
                [
                    11,
                    "Simon Bolivar",
                    11
                ],
                [
                    12,
                    "Mitras",
                    12
                ],
                [
                    13,
                    "Alfonso Reyes",
                    13
                ],
                [
                    14,
                    "Penitenciaria",
                    14
                ],
                [
                    15,
                    "Aztlan",
                    15
                ],
                [
                    16,
                    "Unidad Modelo",
                    16
                ],
                [
                    17,
                    "San Bernabe",
                    17
                ],
                [
                    18,
                    "Talleres",
                    18
                ]
            ],
            "text_id": 19
        },
        {
            "delays": [],
            "name": "2",
            "scheme": null,
            "segments": [
                [
                    19,
                    20,
                    120
                ],
                [
                    20,
                    19,
                    120
                ],
                [
                    20,
                    21,
                    120
                ],
                [
                    21,
                    20,
                    120
                ],
                [
                    21,
                    22,
                    120
                ],
                [
                    22,
                    21,
                    120
                ],
                [
                    22,
                    23,
                    120
                ],
                [
                    23,
                    22,
                    120
                ],
                [
                    23,
                    24,
                    120
                ],
                [
                    24,
                    23,
                    120
                ],
                [
                    24,
                    25,
                    120
                ],
                [
                    25,
                    24,
                    120
                ],
                [
                    25,
                    26,
                    120
                ],
                [
                    26,
                    25,
                    120
                ],
                [
                    26,
                    27,
                    120
                ],
                [
                    27,
                    26,
                    120
                ],
                [
                    27,
                    28,
                    120
                ],
                [
                    28,
                    27,
                    120
                ],
                [
                    28,
                    29,
                    120
                ],
                [
                    29,
                    28,
                    120
                ],
                [
                    29,
                    30,
                    120
                ],
                [
                    30,
                    29,
                    120
                ],
                [
                    30,
                    31,
                    120
                ],
                [
                    31,
                    30,
                    120
                ]
            ],
            "stations": [
                [
                    19,
                    "Sendero",
                    20
                ],
                [
                    20,
                    "Santiago Tapia",
                    21
                ],
                [
                    21,
                    "San Nicolas",
                    22
                ],
                [
                    22,
                    "Anahuac",
                    23
                ],
                [
                    23,
                    "Universidad",
                    24
                ],
                [
                    24,
                    "Ninos Heroes",
                    25
                ],
                [
                    25,
                    "Regina",
                    26
                ],
                [
                    26,
                    "General Anaya",
                    27
                ],
                [
                    27,
                    "Cuauhtemoc",
                    7
                ],
                [
                    28,
                    "Alameda",
                    28
                ],
                [
                    29,
                    "Fundadores",
                    29
                ],
                [
                    30,
                    "Padre Mier",
                    30
                ],
                [
                    31,
                    "General Zaragoza",
                    31
                ]
            ],
            "text_id": 32
        }
    ],
    "name": "metro",
    "transfers": [
        [
            7,
            27,
            120,
            true
        ]
    ],
    "type_name": "Метро"
}