{
    "lines": [
        {
            "delays": [],
            "name": "1",
            "scheme": null,
            "segments": [
                [
                    0,
                    1,
                    120
                ],
                [
                    1,
                    0,
                    120
                ],
                [
                    1,
                    2,
                    120
                ],
                [
                    2,
                    1,
                    120
                ],
                [
                    2,
                    3,
                    null
                ],
                [
                    2,
                    4,
                    120
                ],
                [
                    3,
                    2,
                    null
                ],
                [
                    3,
                    4,
                    0
                ],
                [
                    4,
                    2,
                    120
                ],
                [
                    4,
                    3,
                    null
                ],
                [
                    4,
                    5,
                    120
                ],
                [
                    5,
                    4,
                    120
                ],
                [
                    5,
                    6,
                    120
                ],
                [
                    6,
                    5,
                    120
                ],
                [
                    6,
                    7,
                    120
                ],
                [
                    7,
                    6,
                    120
                ],
                [
                    7,
                    8,
                    120
                ],
                [
                    8,
                    7,
                    120
                ],
                [
                    8,
                    9,
                    120
                ],
                [
                    9,
                    8,
                    120
                ],
                [
                    9,
                    10,
                    120
                ],
                [
                    10,
                    9,
                    120
                ],
                [
                    10,
                    11,
                    120
                ],
                [
                    11,
                    10,
                    120
                ],
                [
                    11,
                    12,
                    120
                ],
                [
                    12,
                    11,
                    120
                ],
                [
                    12,
                    13,
                    120
                ],
                [
                    13,
                    12,
                    120
                ],
                [
                    13,
                    14,
                    0
                ],
                [
                    14,
                    13,
                    0
                ]
            ],
            "stations": [
                [
                    0,
                    "Yaojia",
                    0
                ],
                [
                    1,
                    "Dalianbeizhan",
                    1
                ],
                [
                    2,
                    "Huabeilu",
                    2
                ],
                [
                    3,
                    "Huananbei",
                    3
                ],
                [
                    4,
                    "Huananguangchang",
                    4
                ],
                [
                    5,
                    "Qianshanlu",
                    5
                ],
                [
                    6,
                    "Songjianglu",
                    6
                ],
                [
                    7,
                    "Dongweilu",
                    7
                ],
                [
                    8,
                    "Chunliu",
                    8
                ],
                [
                    9,
                    "Xianggongjie",
                    9
                ],
                [
                    10,
                    "Zhongchangjie",
                    10
                ],
                [
                    11,
                    "Xinggonglu",
                    11
                ],
                [
                    12,
                    "Xi'anlu",
                    12
                ],
                [
                    13,
                    "Fuguojie",
                    13
                ],
                [
                    14,
                    "Huizhanzhongxin",
                    14
                ]
            ],
            "text_id": 15
        },
        {
            "delays": [],
            "name": "2",
            "scheme": null,
            "segments": [
                [
                    15,
                    16,
                    120
                ],
                [
                    16,
                    15,
                    120
                ],
                [
                    16,
                    17,
                    120
                ],
                [
                    17,
                    16,
                    120
                ],
                [
                    17,
                    18,
                    120
                ],
                [
                    18,
                    17,
                    120
                ],
                [
                    18,
                    19,
                    120
                ],
                [
                    19,
                    18,
                    120
                ],
                [
                    19,
                    20,
                    120
                ],
                [
                    20,
                    19,
                    120
                ],
                [
                    20,
                    21,
                    120
                ],
                [
                    21,
                    20,
                    120
                ],
                [
                    21,
                    22,
                    120
                ],
                [
                    22,
                    21,
                    120
                ],
                [
                    22,
                    23,
                    120
                ],
                [
                    23,
                    22,
                    120
                ],
                [
                    23,
                    24,
                    120
                ],
                [
                    24,
                    23,
                    120
                ],
                [
                    24,
                    25,
                    120
                ],
                [
                    25,
                    24,
                    120
                ],
                [
                    25,
                    26,
                    120
                ],
                [
                    26,
                    25,
                    120
                ],
                [
                    26,
                    27,
                    120
                ],
                [
                    27,
                    26,
                    120
                ],
                [
                    27,
                    28,
                    120
                ],
                [
                    28,
                    27,
                    120
                ],
                [
                    28,
                    29,
                    120
                ],
                [
                    29,
                    28,
                    120
                ],
                [
                    29,
                    30,
                    120
                ],
                [
                    30,
                    29,
                    120
                ],
                [
                    30,
                    31,
                    120
                ],
                [
                    31,
                    30,
                    120
                ],
                [
                    31,
                    32,
                    120
                ],
                [
                    32,
                    31,
                    120
                ],
                [
                    32,
                    33,
                    120
                ],
                [
                    33,
                    32,
                    120
                ]
            ],
            "stations": [
                [
                    15,
                    "Haizhiyun",
                    16
                ],
                [
                    16,
                    "Donggang",
                    17
                ],
                [
                    17,
                    "Huiyizhongxin",
                    18
                ],
                [
                    18,
                    "Gangwan guangchang",
                    19
                ],
                [
                    19,
                    "Zhongshan guangchang",
                    20
                ],
                [
                    20,
                    "Youhao guangchang",
                    21
                ],
                [
                    21,
                    "Qingniwaqiao",
                    22
                ],
                [
                    22,
                    "Yierjiujie",
                    23
                ],
                [
                    23,
                    "Renmin guangchang",
                    24
                ],
                [
                    24,
                    "Lianhelu",
                    25
                ],
                [
                    25,
                    "Xi'anlu",
                    12
                ],
                [
                    26,
                    "Jiaotongdaxue",
                    26
                ],
                [
                    27,
                    "Liaoshi",
                    27
                ],
                [
                    28,
                    "Malanguangchang",
                    28
                ],
                [
                    29,
                    "Wanjia",
                    29
                ],
                [
                    30,
                    "Hongqixilu",
                    30
                ],
                [
                    31,
                    "Hongjinlu",
                    31
                ],
                [
                    32,
                    "Hongganglu",
                    32
                ],
                [
                    33,
                    "Jichang Airport",
                    33
                ]
            ],
            "text_id": 34
        },
        {
            "delays": [],
            "name": "3",
            "scheme": null,
            "segments": [
                [
                    34,
                    35,
                    120
                ],
                [
                    35,
                    34,
                    120
                ],
                [
                    35,
                    36,
                    120
                ],
                [
                    36,
                    35,
                    120
                ],
                [
                    36,
                    37,
                    120
                ],
                [
                    37,
                    36,
                    120
                ],
                [
                    37,
                    38,
                    120
                ],
                [
                    38,
                    37,
                    120
                ],
                [
                    38,
                    39,
                    120
                ],
                [
                    39,
                    38,
                    120
                ],
                [
                    39,
                    40,
                    120
                ],
                [
                    40,
                    39,
                    120
                ],
                [
                    40,
                    41,
                    120
                ],
                [
                    41,
                    40,
                    120
                ],
                [
                    41,
                    42,
                    120
                ],
                [
                    42,
                    41,
                    120
                ],
                [
                    42,
                    43,
                    null
                ],
                [
                    42,
                    44,
                    120
                ],
                [
                    43,
                    42,
                    null
                ],
                [
                    43,
                    44,
                    0
                ],
                [
                    44,
                    42,
                    120
                ],
                [
                    44,
                    43,
                    null
                ],
                [
                    44,
                    45,
                    120
                ],
                [
                    45,
                    44,
                    120
                ],
                [
                    45,
                    46,
                    null
                ],
                [
                    45,
                    47,
                    120
                ],
                [
                    46,
                    45,
                    null
                ],
                [
                    46,
                    47,
                    0
                ],
                [
                    47,
                    45,
                    120
                ],
                [
                    47,
                    46,
                    null
                ]
            ],
            "stations": [
                [
                    34,
                    "Dalian Railway Station",
                    35
                ],
                [
                    35,
                    "Xiangulijao",
                    36
                ],
                [
                    36,
                    "Jinjiajie",
                    37
                ],
                [
                    37,
                    "Quanshui",
                    38
                ],
                [
                    38,
                    "Houyan",
                    39
                ],
                [
                    39,
                    "Dalianwan",
                    40
                ],
                [
                    40,
                    "Jinmalu",
                    41
                ],
                [
                    41,
                    "Kaifaqu",
                    42
                ],
                [
                    42,
                    "Baoshuiqu",
                    43
                ],
                [
                    43,
                    "Gaochengshan",
                    44
                ],
                [
                    44,
                    "DD Port",
                    45
                ],
                [
                    45,
                    "Xiaoyaowan",
                    46
                ],
                [
                    46,
                    "Huanghaidadao",
                    47
                ],
                [
                    47,
                    "Jinshitan",
                    48
                ]
            ],
            "text_id": 49
        },
        {
            "delays": [],
            "name": "7",
            "scheme": null,
            "segments": [
                [
                    48,
                    49,
                    120
                ],
                [
                    49,
                    48,
                    120
                ],
                [
                    49,
                    50,
                    120
                ],
                [
                    50,
                    49,
                    120
                ],
                [
                    50,
                    51,
                    120
                ],
                [
                    51,
                    50,
                    120
                ],
                [
                    51,
                    52,
                    120
                ],
                [
                    52,
                    51,
                    120
                ],
                [
                    52,
                    53,
                    120
                ],
                [
                    53,
                    52,
                    120
                ],
                [
                    53,
                    54,
                    120
                ],
                [
                    54,
                    53,
                    120
                ]
            ],
            "stations": [
                [
                    48,
                    "Kaifaqu",
                    42
                ],
                [
                    49,
                    "Tostem",
                    50
                ],
                [
                    50,
                    "Phoenix Peak",
                    51
                ],
                [
                    51,
                    "Dongshanlu",
                    52
                ],
                [
                    52,
                    "Hepinglu",
                    53
                ],
                [
                    53,
                    "Shijiuju",
                    54
                ],
                [
                    54,
                    "Jiuli",
                    55
                ]
            ],
            "text_id": 56
        },
        {
            "delays": [],
            "name": "8",
            "scheme": null,
            "segments": [
                [
                    55,
                    56,
                    120
                ],
                [
                    56,
                    55,
                    120
                ],
                [
                    56,
                    57,
                    120
                ],
                [
                    57,
                    56,
                    120
                ],
                [
                    57,
                    58,
                    120
                ],
                [
                    58,
                    57,
                    120
                ],
                [
                    58,
                    59,
                    120
                ],
                [
                    59,
                    58,
                    120
                ],
                [
                    59,
                    60,
                    120
                ],
                [
                    60,
                    59,
                    120
                ],
                [
                    60,
                    61,
                    120
                ],
                [
                    61,
                    60,
                    120
                ],
                [
                    61,
                    62,
                    120
                ],
                [
                    62,
                    61,
                    120
                ]
            ],
            "stations": [
                [
                    55,
                    "Hekou",
                    57
                ],
                [
                    56,
                    "Caidaling",
                    58
                ],
                [
                    57,
                    "Huangnichuan",
                    59
                ],
                [
                    58,
                    "Longwangtang",
                    60
                ],
                [
                    59,
                    "Tahewan",
                    61
                ],
                [
                    60,
                    "Lushun",
                    62
                ],
                [
                    61,
                    "Tieshanzhen",
                    63
                ],
                [
                    62,
                    "Lushunxingang",
                    64
                ]
            ],
            "text_id": 65
        }
    ],
    "name": "metro",
    "transfers": [
        [
            48,
            41,
            120,
            true
        ],
        [
            12,
            25,
            120,
            true
        ]
    ],
    "type_name": "Метро"
}