{
    "lines": [
        {
            "delays": [],
            "name": "Luobao",
            "scheme": null,
            "segments": [
                [
                    0,
                    1,
                    120
                ],
                [
                    1,
                    0,
                    120
                ],
                [
                    1,
                    2,
                    120
                ],
                [
                    2,
                    1,
                    120
                ],
                [
                    2,
                    3,
                    120
                ],
                [
                    3,
                    2,
                    120
                ],
                [
                    3,
                    4,
                    120
                ],
                [
                    4,
                    3,
                    120
                ],
                [
                    4,
                    5,
                    120
                ],
                [
                    5,
                    4,
                    120
                ],
                [
                    5,
                    6,
                    120
                ],
                [
                    6,
                    5,
                    120
                ],
                [
                    6,
                    7,
                    120
                ],
                [
                    7,
                    6,
                    120
                ],
                [
                    7,
                    8,
                    120
                ],
                [
                    8,
                    7,
                    120
                ],
                [
                    8,
                    9,
                    120
                ],
                [
                    9,
                    8,
                    120
                ],
                [
                    9,
                    10,
                    120
                ],
                [
                    10,
                    9,
                    120
                ],
                [
                    10,
                    11,
                    120
                ],
                [
                    11,
                    10,
                    120
                ],
                [
                    11,
                    12,
                    120
                ],
                [
                    12,
                    11,
                    120
                ],
                [
                    12,
                    13,
                    120
                ],
                [
                    13,
                    12,
                    120
                ],
                [
                    13,
                    14,
                    120
                ],
                [
                    14,
                    13,
                    120
                ],
                [
                    14,
                    15,
                    120
                ],
                [
                    15,
                    14,
                    120
                ],
                [
                    15,
                    16,
                    120
                ],
                [
                    16,
                    15,
                    120
                ],
                [
                    16,
                    17,
                    120
                ],
                [
                    17,
                    16,
                    120
                ]
            ],
            "stations": [
                [
                    0,
                    "Luohu",
                    0
                ],
                [
                    1,
                    "Guomao",
                    1
                ],
                [
                    2,
                    "Laojie",
                    2
                ],
                [
                    3,
                    "Grand Theater",
                    3
                ],
                [
                    4,
                    "Science Museum",
                    4
                ],
                [
                    5,
                    "Huaqiang Rd.",
                    5
                ],
                [
                    6,
                    "Gangxia",
                    6
                ],
                [
                    7,
                    "Convention & Exhibition Center",
                    7
                ],
                [
                    8,
                    "Shopping Park",
                    8
                ],
                [
                    9,
                    "Xiangmihu",
                    9
                ],
                [
                    10,
                    "Chegongmiao",
                    10
                ],
                [
                    11,
                    "Zhuzilin",
                    11
                ],
                [
                    12,
                    "Qiaocheng East",
                    12
                ],
                [
                    13,
                    "OCT",
                    13
                ],
                [
                    14,
                    "Window of the World",
                    14
                ],
                [
                    15,
                    "Baishizhou",
                    15
                ],
                [
                    16,
                    "Hi-Tech Park",
                    16
                ],
                [
                    17,
                    "Shenzhen University",
                    17
                ]
            ],
            "text_id": 18
        },
        {
            "delays": [],
            "name": "Shekou",
            "scheme": null,
            "segments": [
                [
                    18,
                    19,
                    120
                ],
                [
                    19,
                    18,
                    120
                ],
                [
                    19,
                    20,
                    120
                ],
                [
                    20,
                    19,
                    120
                ],
                [
                    20,
                    21,
                    120
                ],
                [
                    21,
                    20,
                    120
                ],
                [
                    21,
                    22,
                    120
                ],
                [
                    22,
                    21,
                    120
                ],
                [
                    22,
                    23,
                    120
                ],
                [
                    23,
                    22,
                    120
                ],
                [
                    23,
                    24,
                    120
                ],
                [
                    24,
                    23,
                    120
                ],
                [
                    24,
                    25,
                    120
                ],
                [
                    25,
                    24,
                    120
                ],
                [
                    25,
                    26,
                    120
                ],
                [
                    26,
                    25,
                    120
                ],
                [
                    26,
                    27,
                    120
                ],
                [
                    27,
                    26,
                    120
                ],
                [
                    27,
                    28,
                    120
                ],
                [
                    28,
                    27,
                    120
                ],
                [
                    28,
                    29,
                    120
                ],
                [
                    29,
                    28,
                    120
                ]
            ],
            "stations": [
                [
                    18,
                    "Chiwan",
                    19
                ],
                [
                    19,
                    "Shekou Port",
                    20
                ],
                [
                    20,
                    "Sea World",
                    21
                ],
                [
                    21,
                    "Shuiwan",
                    22
                ],
                [
                    22,
                    "Dongjiatou",
                    23
                ],
                [
                    23,
                    "Wanxia",
                    24
                ],
                [
                    24,
                    "Haiyue",
                    25
                ],
                [
                    25,
                    "Dengliang",
                    26
                ],
                [
                    26,
                    "Houhai",
                    27
                ],
                [
                    27,
                    "Keyuan",
                    28
                ],
                [
                    28,
                    "Hongshuwan",
                    29
                ],
                [
                    29,
                    "Window of the World",
                    14
                ]
            ],
            "text_id": 30
        },
        {
            "delays": [],
            "name": "Longgang",
            "scheme": null,
            "segments": [
                [
                    30,
                    31,
                    120
                ],
                [
                    31,
                    30,
                    120
                ],
                [
                    31,
                    32,
                    120
                ],
                [
                    32,
                    31,
                    120
                ],
                [
                    32,
                    33,
                    120
                ],
                [
                    33,
                    32,
                    120
                ],
                [
                    33,
                    34,
                    120
                ],
                [
                    34,
                    33,
                    120
                ],
                [
                    34,
                    35,
                    120
                ],
                [
                    35,
                    34,
                    120
                ],
                [
                    35,
                    36,
                    120
                ],
                [
                    36,
                    35,
                    120
                ],
                [
                    36,
                    37,
                    120
                ],
                [
                    37,
                    36,
                    120
                ],
                [
                    37,
                    38,
                    120
                ],
                [
                    38,
                    37,
                    120
                ],
                [
                    38,
                    39,
                    120
                ],
                [
                    39,
                    38,
                    120
                ],
                [
                    39,
                    40,
                    120
                ],
                [
                    40,
                    39,
                    120
                ],
                [
                    40,
                    41,
                    120
                ],
                [
                    41,
                    40,
                    120
                ],
                [
                    41,
                    42,
                    120
                ],
                [
                    42,
                    41,
                    120
                ],
                [
                    42,
                    43,
                    120
                ],
                [
                    43,
                    42,
                    120
                ],
                [
                    43,
                    44,
                    120
                ],
                [
                    44,
                    43,
                    120
                ],
                [
                    44,
                    45,
                    120
                ],
                [
                    45,
                    44,
                    120
                ]
            ],
            "stations": [
                [
                    30,
                    "Caopu",
                    31
                ],
                [
                    31,
                    "Buji",
                    32
                ],
                [
                    32,
                    "Mumianwan",
                    33
                ],
                [
                    33,
                    "Dafen",
                    34
                ],
                [
                    34,
                    "Danzhutou",
                    35
                ],
                [
                    35,
                    "Liuyue",
                    36
                ],
                [
                    36,
                    "Tangkeng",
                    37
                ],
                [
                    37,
                    "Henggang",
                    38
                ],
                [
                    38,
                    "Yonghu",
                    39
                ],
                [
                    39,
                    "He'ao",
                    40
                ],
                [
                    40,
                    "Universiade",
                    41
                ],
                [
                    41,
                    "Ailian",
                    42
                ],
                [
                    42,
                    "Jixiang",
                    43
                ],
                [
                    43,
                    "Longcheng Sq",
                    44
                ],
                [
                    44,
                    "Nanlian",
                    45
                ],
                [
                    45,
                    "Shuanglong",
                    46
                ]
            ],
            "text_id": 47
        },
        {
            "delays": [],
            "name": "Longhua",
            "scheme": null,
            "segments": [
                [
                    46,
                    47,
                    120
                ],
                [
                    47,
                    46,
                    120
                ],
                [
                    47,
                    48,
                    120
                ],
                [
                    48,
                    47,
                    120
                ],
                [
                    48,
                    49,
                    120
                ],
                [
                    49,
                    48,
                    120
                ],
                [
                    49,
                    50,
                    120
                ],
                [
                    50,
                    49,
                    120
                ]
            ],
            "stations": [
                [
                    46,
                    "Children's Palace",
                    48
                ],
                [
                    47,
                    "Civic Center",
                    49
                ],
                [
                    48,
                    "Convention & Exhibition Center",
                    7
                ],
                [
                    49,
                    "Fumin",
                    50
                ],
                [
                    50,
                    "Futian Checkpoint",
                    51
                ]
            ],
            "text_id": 52
        }
    ],
    "name": "metro",
    "transfers": [
        [
            7,
            48,
            120,
            true
        ],
        [
            14,
            29,
            120,
            true
        ]
    ],
    "type_name": "Метро"
}