{
    "0": "Vaihingen",
    "1": "Vaihingen Schillerplatz",
    "2": "Fauststrasse",
    "3": "Vaihingen Viadukt",
    "4": "Engelboldstrasse",
    "5": "Kaltental",
    "6": "Waldeck",
    "7": "Heslach Vogelrain",
    "8": "Sudheimer Platz",
    "9": "Bihlplatz",
    "10": "Schreiberstrasse",
    "11": "Marienplatz",
    "12": "Osterreichischer Platz",
    "13": "Rathaus",
    "14": "Charlottenplatz",
    "15": "Staatsgalerie",
    "16": "Neckartor",
    "17": "Stockach",
    "18": "Metzstrasse",
    "19": "Mineralbader",
    "20": "Mercedesstrasse",
    "21": "Wilhelmsplatz",
    "22": "Uff-Kirchhof",
    "23": "Augsburger Platz",
    "24": "Nurnberger Strasse",
    "25": "Friedrich-List-Heim",
    "26": "Beskidenstrasse",
    "27": "Hohenstrasse",
    "28": "Esslinger Strasse",
    "29": "Schwabenlandhalle",
    "30": "Fellbach Lutherkirche",
    "31": "U1",
    "32": "Hedelfingen",
    "33": "Hedelfinger Strasse",
    "34": "Wangen Marktplatz",
    "35": "Wasenstrasse",
    "36": "Unterturkheim",
    "37": "Schlotterbeckstrasse",
    "38": "Eszet",
    "39": "Blick",
    "40": "Kienbachstrasse",
    "41": "Rosensteinbrucke",
    "42": "Glockenstrasse",
    "43": "Rosensteinpark",
    "44": "Lowentor",
    "45": "Pragsattel",
    "46": "Maybachstrasse",
    "47": "Feuerbach",
    "48": "Wilhelm-Geiger-Platz",
    "49": "Feuerbach Krankenhaus",
    "50": "Sportpark Feuerbach",
    "51": "Feuerbach Pfostenwaldle",
    "52": "Landauer Strasse",
    "53": "Lowen-Markt",
    "54": "Rastatter Strasse",
    "55": "Wolfbusch",
    "56": "Bergheimer Hof",
    "57": "Salamanderweg",
    "58": "Giebel",
    "59": "U13",
    "60": "Stadtmitte",
    "61": "Berliner Platz",
    "62": "Friedrichsbau",
    "63": "Stuttgart Hauptbahnhof",
    "64": "Wilhelma",
    "65": "Muhlsteg",
    "66": "Kraftwerk Munster",
    "67": "Munster Viadukt",
    "68": "Munster Rathaus",
    "69": "Freibergstrasse",
    "70": "Elbestrasse",
    "71": "Wagrainacker",
    "72": "Max-Eyth-See",
    "73": "Hofen",
    "74": "Auwiesen",
    "75": "Muhlhausen",
    "76": "Hornbach",
    "77": "Muhle",
    "78": "Bruckenstrasse",
    "79": "Neckargroningen Remseck",
    "80": "U14",
    "81": "Holderlinplatz",
    "82": "Russische Kirche",
    "83": "Rosenberg-/Seidenstrasse",
    "84": "Daimlerplatz",
    "85": "Kursaal",
    "86": "Gnesener Strasse",
    "87": "Obere Ziegelei",
    "88": "Hauptfriedhof",
    "89": "Steinhaldenfeld",
    "90": "Neugereut",
    "91": "U2",
    "92": "Jurastrasse",
    "93": "Wallgraben",
    "94": "SSB-Zentrum",
    "95": "Vaihinger Strasse",
    "96": "Mohringen Bf",
    "97": "Sigmaringer Strasse",
    "98": "Plieninger Strasse",
    "99": "Salzacker",
    "100": "Landhaus",
    "101": "Plieningen",
    "102": "U3",
    "103": "Botnang",
    "104": "Eltinger Strasse",
    "105": "Millockerstrasse",
    "106": "Beethovenstrasse",
    "107": "Lindpaintnerstrasse",
    "108": "Herderplatz",
    "109": "Vogelsang",
    "110": "Arndt-/Spittastrasse",
    "111": "Schwab-/Bebelstrasse",
    "112": "Schloss-/Johannesstrasse",
    "113": "Krankenhaus",
    "114": "Bergfriedhof",
    "115": "Ostendplatz",
    "116": "Tal-/Landhausstrasse",
    "117": "Gaisburg",
    "118": "Wangener-/Landhausstrasse",
    "119": "Brendle",
    "120": "Im Degen",
    "121": "Inselstrasse",
    "122": "U4",
    "123": "Leinfelden",
    "124": "Unteraichen",
    "125": "Leinfelden Frank",
    "126": "Mohringen Freibad",
    "127": "Rohrer Weg",
    "128": "Riedsee",
    "129": "Sonnenberg",
    "130": "Peregrinastrasse",
    "131": "Degerloch Albstrasse",
    "132": "Degerloch",
    "133": "Weinsteige",
    "134": "Bopser",
    "135": "Dobelstrasse",
    "136": "Olgaeck",
    "137": "Schlossplatz",
    "138": "Turlenstrasse",
    "139": "Eckartshaldenweg",
    "140": "Lowentorbrucke",
    "141": "Sieglestrasse",
    "142": "Borsigstrasse",
    "143": "Friedrichswahl",
    "144": "Hohensteinstrasse",
    "145": "Zuffenhausen Kelterplatz",
    "146": "Schozacher Strasse",
    "147": "Furfelder Strasse",
    "148": "Tapachstrasse",
    "149": "Himmelsleiter",
    "150": "Suttnerstrasse",
    "151": "Freiberg",
    "152": "Monchfeld",
    "153": "U5",
    "154": "Breitwiesen",
    "155": "Gerlingen Siedlung",
    "156": "Gerlingen",
    "157": "U6",
    "158": "Killesberg Messe",
    "159": "Waldau",
    "160": "Ruhbank",
    "161": "Silberwald",
    "162": "Sillenbuch",
    "163": "Schemppstrasse",
    "164": "Bockelstrasse",
    "165": "Heumaden",
    "166": "Ruit",
    "167": "Zinsholz",
    "168": "Parksiedlung",
    "169": "Scharnhauser Park",
    "170": "Kreuzbrunnen",
    "171": "Techn. Akademie",
    "172": "Nellingen Ostfildern",
    "173": "U7",
    "174": "U8",
    "175": "Raitelsberg",
    "176": "Schlachthof",
    "177": "U9",
    "178": "Train",
    "179": "ROOT",
    "180": "Shema ot 27.08.2007g.\nAvtor: Varlamov Dmitrij (www.chpeks.com)",
    "181": "Imported from http://pmetro.su"
}