{
    "lines": [
        {
            "delays": [
                900,
                1800
            ],
            "name": "Linha 1",
            "scheme": null,
            "segments": [
                [
                    0,
                    1,
                    120
                ],
                [
                    1,
                    0,
                    120
                ],
                [
                    1,
                    2,
                    120
                ],
                [
                    2,
                    1,
                    120
                ],
                [
                    2,
                    3,
                    120
                ],
                [
                    3,
                    2,
                    120
                ],
                [
                    3,
                    4,
                    120
                ],
                [
                    4,
                    3,
                    120
                ],
                [
                    4,
                    5,
                    120
                ],
                [
                    5,
                    4,
                    120
                ],
                [
                    5,
                    6,
                    120
                ],
                [
                    6,
                    5,
                    120
                ],
                [
                    6,
                    7,
                    120
                ],
                [
                    7,
                    6,
                    120
                ],
                [
                    7,
                    8,
                    0
                ],
                [
                    8,
                    7,
                    0
                ],
                [
                    8,
                    9,
                    0
                ],
                [
                    9,
                    8,
                    0
                ],
                [
                    9,
                    10,
                    0
                ],
                [
                    10,
                    9,
                    0
                ]
            ],
            "stations": [
                [
                    0,
                    "Lapa",
                    0
                ],
                [
                    1,
                    "Campo da Polvora",
                    1
                ],
                [
                    2,
                    "Brotas",
                    2
                ],
                [
                    3,
                    "Bonoco",
                    3
                ],
                [
                    4,
                    "Acesso Norte",
                    4
                ],
                [
                    5,
                    "Retiro",
                    5
                ],
                [
                    6,
                    "Bon Jua",
                    6
                ],
                [
                    7,
                    "Piraja",
                    7
                ],
                [
                    8,
                    "Mata Escura",
                    8
                ],
                [
                    9,
                    "Pau de Lima",
                    9
                ],
                [
                    10,
                    "Cajazeiras",
                    10
                ]
            ],
            "text_id": 11
        },
        {
            "delays": [
                900,
                1800
            ],
            "name": "Linha 2",
            "scheme": null,
            "segments": [
                [
                    11,
                    12,
                    0
                ],
                [
                    12,
                    11,
                    0
                ],
                [
                    12,
                    13,
                    0
                ],
                [
                    13,
                    12,
                    0
                ],
                [
                    13,
                    14,
                    0
                ],
                [
                    14,
                    13,
                    0
                ],
                [
                    14,
                    15,
                    0
                ],
                [
                    15,
                    14,
                    0
                ],
                [
                    15,
                    16,
                    0
                ],
                [
                    16,
                    15,
                    0
                ],
                [
                    16,
                    17,
                    0
                ],
                [
                    17,
                    16,
                    0
                ],
                [
                    17,
                    18,
                    0
                ],
                [
                    18,
                    17,
                    0
                ],
                [
                    18,
                    19,
                    0
                ],
                [
                    19,
                    18,
                    0
                ],
                [
                    19,
                    20,
                    0
                ],
                [
                    20,
                    19,
                    0
                ],
                [
                    20,
                    21,
                    0
                ],
                [
                    21,
                    20,
                    0
                ],
                [
                    21,
                    22,
                    0
                ],
                [
                    22,
                    21,
                    0
                ],
                [
                    22,
                    23,
                    0
                ],
                [
                    23,
                    22,
                    0
                ]
            ],
            "stations": [
                [
                    11,
                    "Bonoco",
                    3
                ],
                [
                    12,
                    "Detran",
                    12
                ],
                [
                    13,
                    "Rodoviaria",
                    13
                ],
                [
                    14,
                    "Pernambues",
                    14
                ],
                [
                    15,
                    "Imbui",
                    15
                ],
                [
                    16,
                    "Centro Administrativo da Bahia",
                    16
                ],
                [
                    17,
                    "Pituacu",
                    17
                ],
                [
                    18,
                    "Flamboyant",
                    18
                ],
                [
                    19,
                    "Tamburugy",
                    19
                ],
                [
                    20,
                    "Bairro da Paz",
                    20
                ],
                [
                    21,
                    "Mussurunga",
                    21
                ],
                [
                    22,
                    "Aeroporto",
                    22
                ],
                [
                    23,
                    "Lauro de Freitas",
                    23
                ]
            ],
            "text_id": 24
        }
    ],
    "name": "metro",
    "transfers": [],
    "type_name": "Метро"
}