{
    "0": "Akademgorodok",
    "1": "Zhitomirskaja",
    "2": "Svjatoshin",
    "3": "Nivki",
    "4": "Berestejskaja",
    "5": "Shuljavskaja",
    "6": "Politehnicheskij institut",
    "7": "Vokzal'naja",
    "8": "Universitet",
    "9": "Teatral'naja",
    "10": "Kreschatik",
    "11": "Arsenal'naja",
    "12": "Dnepr",
    "13": "Gidropark",
    "14": "Levoberezhnaja",
    "15": "Darnitsa",
    "16": "Chernigovskaja",
    "17": "Lesnaja",
    "18": "Svjatoshinsko-Brovarskaja",
    "19": "Geroev Dnepra",
    "20": "Minskaja",
    "21": "Obolon'",
    "22": "Pochajna",
    "23": "Tarasa Shevchenko",
    "24": "Kontraktovaja ploschad'",
    "25": "Pochtovaja ploschad'",
    "26": "Ploschad' Nezavisimosti",
    "27": "Ploschad' L'va Tolstogo",
    "28": "Olimpijskaja",
    "29": "Dvorets \"Ukraina\"",
    "30": "Lybedskaja",
    "31": "Demievskaja",
    "32": "Goloseevskaja",
    "33": "Vasil'kovskaja",
    "34": "Vystavochnyj tsentr",
    "35": "Ippodrom",
    "36": "Teremki",
    "37": "Obolonsko-Teremkovskaja",
    "38": "Syrets",
    "39": "Dorogozhichi",
    "40": "Luk'janovskaja",
    "41": "Zolotye vorota",
    "42": "Dvorets sporta",
    "43": "Klovskaja",
    "44": "Pecherskaja",
    "45": "Druzhby narodov",
    "46": "Vydubichi",
    "47": "Slavutich",
    "48": "Osokorki",
    "49": "Poznjaki",
    "50": "Har'kovskaja",
    "51": "Vyrlitsa",
    "52": "Borispol'skaja",
    "53": "Krasnyj hutor",
    "54": "Syretsko-Pecherskaja",
    "55": "Kiev - Petrovka",
    "56": "pl. Zenit",
    "57": "pl. Vyshgorodskaja",
    "58": "pl. Syrets",
    "59": "pl. Rubezhovskaja",
    "60": "Svjatoshino",
    "61": "pl. Novobelichi",
    "62": "Belichi",
    "63": "Irpen'",
    "64": "pl. Lesnaja Bucha",
    "65": "Bucha",
    "66": "pl. Steklozavodskaja",
    "67": "pl. Vorzel'",
    "68": "pl. Kicheevo",
    "69": "Nemishaevo",
    "70": "Klavdievo",
    "71": "pl. Makejchukovo",
    "72": "Borodjanka",
    "73": "pl. Hutor Gaj",
    "74": "pl. Zagal'tsi",
    "75": "Spartak",
    "76": "pl. Peski",
    "77": "Teterev",
    "78": "pl. Makalevichi",
    "79": "Irsha",
    "80": "Penizevichi",
    "81": "pl. Schebzavod",
    "82": "Malin",
    "83": "pl. Pirozhkovskij",
    "84": "pl. Golovki",
    "85": "pl. Tishev",
    "86": "pl. Josipovka",
    "87": "Chopovichi",
    "88": "pl. Meleni",
    "89": "pl. Baljarka",
    "90": "pl. Stremigorodka",
    "91": "pl. Novaki",
    "92": "Shatrische",
    "93": "pl. Drevljanka",
    "94": "Korosten'",
    "95": "pl. Borschagovka",
    "96": "Kiev - Volynskij",
    "97": "Karavaevye Dachi",
    "98": "Kiev - Passarzhiskij/pl. Severnaja",
    "99": "Teterevskaja elektrichka",
    "100": "pl. Almaz",
    "101": "Vishnevoe",
    "102": "pl. Krjukovschina",
    "103": "pl. Tarasovka",
    "104": "Bojarka",
    "105": "pl. Maljuton'ka",
    "106": "pl. Dorozhnaja",
    "107": "pl. Glevaha",
    "108": "pl. 888 km.",
    "109": "Vasil'kov - 1",
    "110": "pl. Korchi",
    "111": "Motovilovka",
    "112": "pl. Belki",
    "113": "pl. Petuhi",
    "114": "pl. Vishnjaki",
    "115": "Sorochij Brod",
    "116": "pl. Snezhinka",
    "117": "Fastov - 1",
    "118": "Trilesy",
    "119": "Kozhanka",
    "120": "Popel'nja",
    "121": "pl. Harleevka",
    "122": "Brovki",
    "123": "pl. Vcherashnee",
    "124": "Chornogrudka",
    "125": "pl. Belosol'e",
    "126": "pl. Vernigorodok",
    "127": "Sestrinovka",
    "128": "Kozjatin - Passarzhiskij",
    "129": "pl. Zheleznodorozhnoe",
    "130": "Kozjatin - 2",
    "131": "pl. Kaolinovka",
    "132": "pl. Gluhovtsy",
    "133": "pl. Ivankovtsy",
    "134": "Berdychev",
    "135": "pl. Rajki",
    "136": "pl. Miroslavka",
    "137": "Demchen",
    "138": "pl. Raechki",
    "139": "Mihajlenki",
    "140": "pl. Vakulenchuk",
    "141": "Chudnov - Vol.",
    "142": "pl. Dovbysche",
    "143": "Razine",
    "144": "pl. Gordeevka",
    "145": "Pechanovka",
    "146": "pl. Kolodezhnyj",
    "147": "Miropol'",
    "148": "pl. Blydni",
    "149": "Poninka",
    "150": "Polonne",
    "151": "pl. Annushkino",
    "152": "pl. Poljany",
    "153": "pl. Novichi",
    "154": "Hrolin",
    "155": "pl. Vatutino",
    "156": "Sudilkov",
    "157": "Shepetovka - 1",
    "158": "Tsvetoha",
    "159": "Slavuta-1",
    "160": "Krivin",
    "161": "Mogiljany",
    "162": "Ostrog",
    "163": "Ivachkogo",
    "164": "Zdolbunov-Juzhnyj",
    "165": "Zdolbunov-Passazhirskij",
    "166": "pl. Kvasilev",
    "167": "Basov Ugol",
    "168": "Dvoretskaja",
    "169": "Rivne",
    "170": "pl. Signal",
    "171": "Kordyshevka",
    "172": "pl. Mihajlovka",
    "173": "Golendry",
    "174": "pl. Cherepashintsy",
    "175": "Gulivtsy",
    "176": "pl. Varshitsja",
    "177": "Kalinovka-1",
    "178": "pl. Sal'nitskij",
    "179": "Sosonka",
    "180": "pl. Desenka",
    "181": "pl. Stadnitsa",
    "182": "Vinnitsa tovarnaja",
    "183": "Vinnitsa",
    "184": "pl. Porpurovskij",
    "185": "Tjushki",
    "186": "pl. Raduga",
    "187": "pl. Jarishovka",
    "188": "pl. Selischanskij",
    "189": "Gnevan'",
    "190": "pl. Mogilevka",
    "191": "pl. Demidovka",
    "192": "pl. Kozachevka",
    "193": "Brailov",
    "194": "pl. Tartak",
    "195": "Zhmerinka",
    "196": "Fastovskaja elektrichka",
    "197": "pl. Protasov Jar",
    "198": "Kiev - Moskovskij",
    "199": "pl. Vydubychi",
    "200": "pl. pp. Hauki",
    "201": "Petro Krivonos",
    "202": "pl. Lesniki",
    "203": "Podgortsy",
    "204": "Roman'kov",
    "205": "pl. Mar'janovka",
    "206": "Novye Bezradichi",
    "207": "pl. Tatsenki",
    "208": "pl. Stugna",
    "209": "Tripol'e",
    "210": "pl. Scherbanovka",
    "211": "pl. 45 km.",
    "212": "pl. Gopdin'",
    "213": "Ozernyj",
    "214": "pl. Zvezda",
    "215": "pl. Lozy",
    "216": "Rasava",
    "217": "Kagaplik",
    "218": "Galine",
    "219": "pl. Pustovoty",
    "220": "Mironovka",
    "221": "Mironovskaja elektrichka",
    "222": "Fastov - 2",
    "223": "pl. 8 km.",
    "224": "pl. Paljanichnitsy",
    "225": "Ustinovka",
    "226": "pl. Gaj",
    "227": "Belaja Tserkov'",
    "228": "Rotok",
    "229": "pl. Tomilovka",
    "230": "pl. Birjuki",
    "231": "pl. Chepeljaevka",
    "232": "Suholesy",
    "233": "pl. Zhitnye Gory",
    "234": "Rokytne",
    "235": "pl. Bushevo",
    "236": "Ol'shannitsa",
    "237": "pl. Ljutarskij",
    "238": "pl. Karapyshi - 2",
    "239": "Karapyshi",
    "240": "Mironovskaja elektrichka(cherez Fastov)",
    "241": "pl. Levyj Bereg",
    "242": "pl. Farmatsevticheskaja",
    "243": "pl. Lestnichestvo",
    "244": "Bortnichi",
    "245": "pl. M.Aleksandp",
    "246": "pl. Chubinskij",
    "247": "Borispol'",
    "248": "pl. Tpavneva",
    "249": "pl. Kuchakova",
    "250": "pl. Hovotpojanda",
    "251": "pl. Selichevka",
    "252": "Baryshevka",
    "253": "pl. Korzhi",
    "254": "pl. Oktjabr'skij",
    "255": "Bepezan'",
    "256": "pl. Hmelevik",
    "257": "Perejaslavskaja",
    "258": "pl. 78 km",
    "259": "pl. Utrennij",
    "260": "Jagotin",
    "261": "pl. Chepnjahov",
    "262": "pl. Bogdanovka",
    "263": "Kononovka",
    "264": "Mar'janovka",
    "265": "pl. Parizhskaja Kommuna",
    "266": "pl. Sl. Petrovka",
    "267": "Grebenka",
    "268": "pl. Kiev - Rusanovka",
    "269": "Kiev - Dneprovskij",
    "270": "Troeschina",
    "271": "pl. Obolon'",
    "272": "Grebenkovskaja elektrichka",
    "273": "Darnitsa - depo",
    "274": "pl. Elka",
    "275": "pl. DVRZ",
    "276": "pl. Knjazhichi",
    "277": "Brovary",
    "278": "pl. Kvitnevyj",
    "279": "pl. Parnikova",
    "280": "pl. Dimerka",
    "281": "pl. Zherdovo",
    "282": "Bobrik",
    "283": "pl. Semipolki",
    "284": "Zavorychi",
    "285": "pl. Trubozh",
    "286": "pl. Jaroslavka",
    "287": "pl. Markovtsi",
    "288": "pl. Makarovka",
    "289": "Bobrovtsy",
    "290": "pl. Popudrenna",
    "291": "Kobyzhchi",
    "292": "pl. Kosmicheskaja",
    "293": "Nosovka",
    "294": "pl. Doslidna",
    "295": "pl. Krasnoj partii",
    "296": "pl. Gr. - Ivanovka",
    "297": "Nezhin",
    "298": "pl. Priosternyj",
    "299": "pl. Hor. Ozero",
    "300": "Pliski",
    "301": "pl. V. Zagorovka",
    "302": "Cheremushki",
    "303": "pl. Staryj Lug",
    "304": "pl. 699 km.",
    "305": "Bahmach - Kievskij",
    "306": "Bahmach",
    "307": "pl. Hut. Halimon",
    "308": "Halimonovo",
    "309": "pl. Kukolka",
    "310": "Konotop",
    "311": "Vyrovka",
    "312": "pl. Sejm",
    "313": "Mel'nja",
    "314": "pl. Prisejm",
    "315": "Altinovka",
    "316": "pl. Majorovka",
    "317": "pl. Lapshin",
    "318": "Krolovets",
    "319": "pl. R. Ret'",
    "320": "Brjulovetskij",
    "321": "pl. Pirotchino",
    "322": "Voronezhskaja",
    "323": "pl. 560 km.",
    "324": "Makovo",
    "325": "Janpil'",
    "326": "pl. Ivotka",
    "327": "Nepljuevo",
    "328": "Hutor Mihajlovskij",
    "329": "pl. 515 km.",
    "330": "pl. Shalimovka",
    "331": "Zernovo",
    "332": "pl. Migalovka",
    "333": "pl. Nifar",
    "334": "Lipovyj Rog",
    "335": "pl. Zajachi Sosny",
    "336": "Verteevka",
    "337": "pl. Drimajlovka",
    "338": "Veresoch",
    "339": "pl. 144 km.",
    "340": "B. Olejnika",
    "341": "pl. Hutorjanka",
    "342": "Muravejka",
    "343": "pl. Baklanovo",
    "344": "pl. Onisovo",
    "345": "Kolichivka",
    "346": "Chernigov",
    "347": "pl. Osota",
    "348": "pl. Brigadnyj",
    "349": "Shostka",
    "350": "Nezhinskaja elektrichka",
    "351": "Gorodskaja elektrichka",
    "352": "Metro",
    "353": "ROOT",
    "354": "Metro",
    "355": "Train",
    "356": "Train",
    "357": "Shema ot 06.11.2020g.\nInformatsija o vremeni proezda:\n- Programma MMetro Konstantina Shtennikova,\na takzhe (po informatsii s sajta http://mmetro.al.ru):\n- Vadim Dzygun, Kostya Kostyuchenko, Tropin Kirill.\n\nKartu prislali:\n- Vadim Dzygun, Aleksej Shepetovich.\nInformatsija po ctantsijam - s sajtov http://metropoliten.kiev.ua, http://www.metro.kiev.ua i ot Vladislava Savitskogo.\nInformatsija o nazemnom transporte:\n- Vadim Dzygun,\n- Savitskij Vladislav.\nInformatsija o pokrytii operatorami mobil'noj svjazi:\n- Aleksej Shepetovich, Vladislav Savitskij.",
    "358": "Imported from http://pmetro.su"
}