{
    "0": "Академгородок",
    "1": "Житомирская",
    "2": "Святошин",
    "3": "Нивки",
    "4": "Берестейская",
    "5": "Шулявская",
    "6": "Политехнический институт",
    "7": "Вокзальная",
    "8": "Университет",
    "9": "Театральная",
    "10": "Крещатик",
    "11": "Арсенальная",
    "12": "Днепр",
    "13": "Гидропарк",
    "14": "Левобережная",
    "15": "Дарница",
    "16": "Черниговская",
    "17": "Лесная",
    "18": "Святошинско-Броварская",
    "19": "Героев Днепра",
    "20": "Минская",
    "21": "Оболонь",
    "22": "Почайна",
    "23": "Тараса Шевченко",
    "24": "Контрактовая площадь",
    "25": "Почтовая площадь",
    "26": "Площадь Независимости",
    "27": "Площадь Льва Толстого",
    "28": "Олимпийская",
    "29": "Дворец \"Украина\"",
    "30": "Лыбедская",
    "31": "Демиевская",
    "32": "Голосеевская",
    "33": "Васильковская",
    "34": "Выставочный центр",
    "35": "Ипподром",
    "36": "Теремки",
    "37": "Оболонско-Теремковская",
    "38": "Сырец",
    "39": "Дорогожичи",
    "40": "Лукьяновская",
    "41": "Золотые ворота",
    "42": "Дворец спорта",
    "43": "Кловская",
    "44": "Печерская",
    "45": "Дружбы народов",
    "46": "Выдубичи",
    "47": "Славутич",
    "48": "Осокорки",
    "49": "Позняки",
    "50": "Харьковская",
    "51": "Вырлица",
    "52": "Бориспольская",
    "53": "Красный хутор",
    "54": "Сырецко-Печерская",
    "55": "Киев - Петровка",
    "56": "пл. Зенит",
    "57": "пл. Вышгородская",
    "58": "пл. Сырец",
    "59": "пл. Рубежовская",
    "60": "Святошино",
    "61": "пл. Новобеличи",
    "62": "Беличи",
    "63": "Ирпень",
    "64": "пл. Лесная Буча",
    "65": "Буча",
    "66": "пл. Стеклозаводская",
    "67": "пл. Ворзель",
    "68": "пл. Кичеево",
    "69": "Немишаево",
    "70": "Клавдиево",
    "71": "пл. Макейчуково",
    "72": "Бородянка",
    "73": "пл. Хутор Гай",
    "74": "пл. Загальци",
    "75": "Спартак",
    "76": "пл. Пески",
    "77": "Тетерев",
    "78": "пл. Макалевичи",
    "79": "Ирша",
    "80": "Пенизевичи",
    "81": "пл. Щебзавод",
    "82": "Малин",
    "83": "пл. Пирожковский",
    "84": "пл. Головки",
    "85": "пл. Тишев",
    "86": "пл. Йосиповка",
    "87": "Чоповичи",
    "88": "пл. Мелени",
    "89": "пл. Балярка",
    "90": "пл. Стремигородка",
    "91": "пл. Новаки",
    "92": "Шатрище",
    "93": "пл. Древлянка",
    "94": "Коростень",
    "95": "пл. Борщаговка",
    "96": "Киев - Волынский",
    "97": "Караваевые Дачи",
    "98": "Киев - Пассаржиский/пл. Северная",
    "99": "Тетеревская электричка",
    "100": "пл. Алмаз",
    "101": "Вишнёвое",
    "102": "пл. Крюковщина",
    "103": "пл. Тарасовка",
    "104": "Боярка",
    "105": "пл. Малютонька",
    "106": "пл. Дорожная",
    "107": "пл. Глеваха",
    "108": "пл. 888 км.",
    "109": "Васильков - 1",
    "110": "пл. Корчи",
    "111": "Мотовиловка",
    "112": "пл. Белки",
    "113": "пл. Петухи",
    "114": "пл. Вишняки",
    "115": "Сорочий Брод",
    "116": "пл. Снежинка",
    "117": "Фастов - 1",
    "118": "Трилесы",
    "119": "Кожанка",
    "120": "Попельня",
    "121": "пл. Харлеевка",
    "122": "Бровки",
    "123": "пл. Вчерашнее",
    "124": "Чорногрудка",
    "125": "пл. Белосолье",
    "126": "пл. Вернигородок",
    "127": "Сестриновка",
    "128": "Козятин - Пассаржиский",
    "129": "пл. Железнодорожное",
    "130": "Козятин - 2",
    "131": "пл. Каолиновка",
    "132": "пл. Глуховцы",
    "133": "пл. Иванковцы",
    "134": "Бердычев",
    "135": "пл. Райки",
    "136": "пл. Мирославка",
    "137": "Демчен",
    "138": "пл. Раечки",
    "139": "Михайленки",
    "140": "пл. Вакуленчук",
    "141": "Чуднов - Вол.",
    "142": "пл. Довбыще",
    "143": "Разине",
    "144": "пл. Гордеевка",
    "145": "Печановка",
    "146": "пл. Колодежный",
    "147": "Мирополь",
    "148": "пл. Блыдни",
    "149": "Понинка",
    "150": "Полонне",
    "151": "пл. Аннушкино",
    "152": "пл. Поляны",
    "153": "пл. Новичи",
    "154": "Хролин",
    "155": "пл. Ватутино",
    "156": "Судилков",
    "157": "Шепетовка - 1",
    "158": "Цветоха",
    "159": "Славута-1",
    "160": "Кривин",
    "161": "Могиляны",
    "162": "Острог",
    "163": "Ивачкого",
    "164": "Здолбунов-Южный",
    "165": "Здолбунов-Пассажирский",
    "166": "пл. Квасилев",
    "167": "Басов Угол",
    "168": "Дворецкая",
    "169": "Ривне",
    "170": "пл. Сигнал",
    "171": "Кордышевка",
    "172": "пл. Михайловка",
    "173": "Голендры",
    "174": "пл. Черепашинцы",
    "175": "Гуливцы",
    "176": "пл. Варшиця",
    "177": "Калиновка-1",
    "178": "пл. Сальницкий",
    "179": "Сосонка",
    "180": "пл. Десёнка",
    "181": "пл. Стадница",
    "182": "Винница товарная",
    "183": "Винница",
    "184": "пл. Порпуровский",
    "185": "Тюшки",
    "186": "пл. Радуга",
    "187": "пл. Яришовка",
    "188": "пл. Селищанский",
    "189": "Гневань",
    "190": "пл. Могилёвка",
    "191": "пл. Демидовка",
    "192": "пл. Козачёвка",
    "193": "Браилов",
    "194": "пл. Тартак",
    "195": "Жмеринка",
    "196": "Фастовская электричка",
    "197": "пл. Протасов Яр",
    "198": "Киев - Московский",
    "199": "пл. Выдубычи",
    "200": "пл. пp. Hауки",
    "201": "Петро Кривонос",
    "202": "пл. Лесники",
    "203": "Подгорцы",
    "204": "Романьков",
    "205": "пл. Марьяновка",
    "206": "Новые Безрадичи",
    "207": "пл. Таценки",
    "208": "пл. Стугна",
    "209": "Триполье",
    "210": "пл. Щербановка",
    "211": "пл. 45 км.",
    "212": "пл. Гоpдинь",
    "213": "Озёрный",
    "214": "пл. Звезда",
    "215": "пл. Лозы",
    "216": "Расава",
    "217": "Кагаpлик",
    "218": "Галине",
    "219": "пл. Пустовоты",
    "220": "Мироновка",
    "221": "Мироновская электричка",
    "222": "Фастов - 2",
    "223": "пл. 8 км.",
    "224": "пл. Паляничницы",
    "225": "Устиновка",
    "226": "пл. Гай",
    "227": "Белая Церковь",
    "228": "Роток",
    "229": "пл. Томиловка",
    "230": "пл. Бирюки",
    "231": "пл. Чепеляевка",
    "232": "Сухолесы",
    "233": "пл. Житные Горы",
    "234": "Рокытне",
    "235": "пл. Бушево",
    "236": "Ольшанница",
    "237": "пл. Лютарский",
    "238": "пл. Карапыши - 2",
    "239": "Карапыши",
    "240": "Мироновская электричка(через Фастов)",
    "241": "пл. Левый Берег",
    "242": "пл. Фармацевтическая",
    "243": "пл. Лестничество",
    "244": "Бортничи",
    "245": "пл. М.Александp",
    "246": "пл. Чубинский",
    "247": "Борисполь",
    "248": "пл. Тpавнева",
    "249": "пл. Кучакова",
    "250": "пл. Hовотpоянда",
    "251": "пл. Селичёвка",
    "252": "Барышевка",
    "253": "пл. Коржи",
    "254": "пл. Октябрьский",
    "255": "Беpезань",
    "256": "пл. Хмелевик",
    "257": "Переяславская",
    "258": "пл. 78 км",
    "259": "пл. Утренний",
    "260": "Яготин",
    "261": "пл. Чеpняхов",
    "262": "пл. Богдановка",
    "263": "Кононовка",
    "264": "Марьяновка",
    "265": "пл. Парижская Коммуна",
    "266": "пл. Сл. Петровка",
    "267": "Гребёнка",
    "268": "пл. Киев - Русановка",
    "269": "Киев - Днепровский",
    "270": "Троещина",
    "271": "пл. Оболонь",
    "272": "Гребёнковская электричка",
    "273": "Дарница - депо",
    "274": "пл. Ёлка",
    "275": "пл. ДВРЗ",
    "276": "пл. Княжичи",
    "277": "Бровары",
    "278": "пл. Квитневый",
    "279": "пл. Парникова",
    "280": "пл. Димёрка",
    "281": "пл. Жердово",
    "282": "Бобрик",
    "283": "пл. Семиполки",
    "284": "Заворычи",
    "285": "пл. Трубож",
    "286": "пл. Ярославка",
    "287": "пл. Марковци",
    "288": "пл. Макаровка",
    "289": "Бобровцы",
    "290": "пл. Попудренна",
    "291": "Кобыжчи",
    "292": "пл. Космическая",
    "293": "Носовка",
    "294": "пл. Дослидна",
    "295": "пл. Красной партии",
    "296": "пл. Гр. - Ивановка",
    "297": "Нежин",
    "298": "пл. Приостёрный",
    "299": "пл. Хор. Озеро",
    "300": "Плиски",
    "301": "пл. В. Загоровка",
    "302": "Черёмушки",
    "303": "пл. Старый Луг",
    "304": "пл. 699 км.",
    "305": "Бахмач - Киевский",
    "306": "Бахмач",
    "307": "пл. Хут. Халимон",
    "308": "Халимоново",
    "309": "пл. Куколка",
    "310": "Конотоп",
    "311": "Выровка",
    "312": "пл. Сейм",
    "313": "Мельня",
    "314": "пл. Присейм",
    "315": "Алтиновка",
    "316": "пл. Майоровка",
    "317": "пл. Лапшин",
    "318": "Кроловец",
    "319": "пл. Р. Реть",
    "320": "Брюловецкий",
    "321": "пл. Пиротчино",
    "322": "Воронежская",
    "323": "пл. 560 км.",
    "324": "Маково",
    "325": "Янпиль",
    "326": "пл. Ивотка",
    "327": "Неплюево",
    "328": "Хутор Михайловский",
    "329": "пл. 515 км.",
    "330": "пл. Шалимовка",
    "331": "Зерново",
    "332": "пл. Мигаловка",
    "333": "пл. Нифар",
    "334": "Липовый Рог",
    "335": "пл. Заячи Сосны",
    "336": "Вертеевка",
    "337": "пл. Дримайловка",
    "338": "Вересоч",
    "339": "пл. 144 км.",
    "340": "Б. Олейника",
    "341": "пл. Хуторянка",
    "342": "Муравейка",
    "343": "пл. Бакланово",
    "344": "пл. Онисово",
    "345": "Количивка",
    "346": "Чернигов",
    "347": "пл. Осота",
    "348": "пл. Бригадный",
    "349": "Шостка",
    "350": "Нежинская электричка",
    "351": "Городская электричка",
    "352": "Метро",
    "353": "ROOT",
    "354": "Метро",
    "355": "Электричка",
    "356": "Электричка",
    "357": "Схема от 06.11.2020г.\nИнформация о времени проезда:\n- Программа MMetro Константина Штенникова,\nа также (по информации с сайта http://mmetro.al.ru):\n- Вадим Дзыгун, Kostya Kostyuchenko, Тропин Кирилл.\n\nКарту прислали:\n- Вадим Дзыгун, Алексей Шепетович.\nИнформация по cтанциям - с сайтов http://metropoliten.kiev.ua, http://www.metro.kiev.ua и от Владислава Савицкого.\nИнформация о наземном транспорте:\n- Вадим Дзыгун,\n- Савицкий Владислав.\nИнформация о покрытии операторами мобильной связи:\n- Алексей Шепетович, Владислав Савицкий.",
    "358": "Imported from http://pmetro.su"
}