{
    "0": "Западная",
    "1": "Солнечная",
    "2": "Молодёжная",
    "3": "Рокоссовского",
    "4": "Соборная",
    "5": "Кристалл",
    "6": "Заречная",
    "7": "Библиотека им. Пушкина",
    "8": "Торговый центр",
    "9": "Маршала Жукова",
    "10": "Лермонтовская",
    "11": "Парковая",
    "12": "Туполевская",
    "13": "Рабочая",
    "14": "Московская",
    "15": "Сибирский проспект",
    "16": "Первая",
    "17": "Чукреевская",
    "18": "Университет",
    "19": "Проспект Конева",
    "20": "Московский проспект",
    "21": "Суворовская",
    "22": "Парк Победы",
    "23": "Транспортный институт",
    "24": "Дворец спорта",
    "25": "Горбатый мост",
    "26": "Челюскинская",
    "27": "Северная",
    "28": "Амурская",
    "29": "Вторая",
    "30": "Марьяново",
    "31": "Мир",
    "32": "Труд",
    "33": "Вокзальная",
    "34": "Площадь Серова",
    "35": "Цирк",
    "36": "Дом Печати",
    "37": "Ильинская",
    "38": "Любинский проспект",
    "39": "Кемеровская",
    "40": "Зеленый Остров",
    "41": "Заозерная",
    "42": "Политехническая",
    "43": "Проспект Мира",
    "44": "Энтузиастов",
    "45": "Нефтезаводская",
    "46": "Проспект Губкина",
    "47": "Третья",
    "48": "Аэровокзал",
    "49": "Авиагородок",
    "50": "Куломзино",
    "51": "Кировская",
    "52": "Четвёртая",
    "53": "Метро",
    "54": "ROOT",
    "55": "Перспективная схема метро\nСхема от 23.03.2015г.\n\nСхема нарисована на основе карты с сайта http://www.urbanrail.net/.\n\nМетро в Омске только строится, сроки открытия пока неясные.\n",
    "56": "Imported from http://pmetro.su"
}