{
    "0": "Matinkyla",
    "1": "Niittymaa",
    "2": "Tapiola",
    "3": "Otaniemi",
    "4": "Keilaniemi",
    "5": "Koivusaari",
    "6": "Lauttasaari",
    "7": "Ruoholahti",
    "8": "Kamppi",
    "9": "Rautatientori",
    "10": "Kaisaniemi",
    "11": "Hakaniemi",
    "12": "Sornainen",
    "13": "Kalasatama",
    "14": "Kulosaari",
    "15": "Herttoniemi",
    "16": "Siilitie",
    "17": "Itakeskus",
    "18": "Puotila",
    "19": "Rastila",
    "20": "Vuosaari",
    "21": "Myllypuro",
    "22": "Kontula",
    "23": "Mellunmaki",
    "24": "Metro",
    "25": "Metro",
    "26": "ROOT",
    "27": "Shema ot 20.07.2008g.\nZa osnovu vzjata shema s http://www.urbanrail.net/eu/hel/helsinki2.htm\nIntervaly i informatsija o nazemnom transporte vzjaty s http://www.hel.fi/hkl\nSostavil kartu Fedor Nikulin",
    "28": "Imported from http://pmetro.su"
}