{
    "0": "Vohwinkel",
    "1": "Bruch",
    "2": "Hammerstein",
    "3": "Sonnborner Strasse",
    "4": "Zoo / Stadion",
    "5": "Varresbecker Strasse",
    "6": "Westende",
    "7": "Pestalozzi Strasse",
    "8": "Robert-Daum-Platz",
    "9": "Ohligsmuhle",
    "10": "Hauptbahnhof",
    "11": "Kluse",
    "12": "Landgericht",
    "13": "Volklinger Strasse",
    "14": "Loher Brucke",
    "15": "Adler Brucke",
    "16": "Alter Markt",
    "17": "Werther Brucke",
    "18": "Wupperfeld",
    "19": "Oberbarmen",
    "20": "Schwebebahn",
    "21": "Фуникулер",
    "22": "ROOT",
    "23": "Подвесная дорога\nСхема от 11.02.2009г.\nКарту прислал Савицкий Владислав.\n\nИнтервалы движения - ждем Вашей помощи.",
    "24": "Imported from http://pmetro.su"
}