{
    "city_id": 683506,
    "comments_text_id": 56,
    "default_locale": "ru",
    "delays": [
        {
            "ranges": [
                "08:00-20:00"
            ],
            "type": "day",
            "weekdays": null
        },
        {
            "ranges": [
                "20:00-24:00",
                "00:00-05:00"
            ],
            "type": "night",
            "weekdays": null
        }
    ],
    "description_text_id": 55,
    "file": "Bucarest.zip",
    "latitude": 44.43225,
    "locales": [
        "ru",
        "en"
    ],
    "longitude": 26.10626,
    "map_id": "Bucarest.zip",
    "schemes": [
        {
            "default_transports": [
                "metro"
            ],
            "file": "schemes/metro.json",
            "name": "metro",
            "name_text_id": 52,
            "root": true,
            "transports": [
                "metro"
            ],
            "type_name": "ROOT",
            "type_text_id": 53
        },
        {
            "default_transports": [
                "metro"
            ],
            "file": "schemes/m 1.json",
            "name": "m 1",
            "name_text_id": 22,
            "root": false,
            "transports": [
                "metro"
            ],
            "type_name": "Метро",
            "type_text_id": 54
        },
        {
            "default_transports": [
                "metro"
            ],
            "file": "schemes/m 2.json",
            "name": "m 2",
            "name_text_id": 35,
            "root": false,
            "transports": [
                "metro"
            ],
            "type_name": "Метро",
            "type_text_id": 54
        },
        {
            "default_transports": [
                "metro"
            ],
            "file": "schemes/m 3.json",
            "name": "m 3",
            "name_text_id": 44,
            "root": false,
            "transports": [
                "metro"
            ],
            "type_name": "Метро",
            "type_text_id": 54
        },
        {
            "default_transports": [
                "metro"
            ],
            "file": "schemes/m 4.json",
            "name": "m 4",
            "name_text_id": 51,
            "root": false,
            "transports": [
                "metro"
            ],
            "type_name": "Метро",
            "type_text_id": 54
        }
    ],
    "timestamp": 1390780800.0,
    "transport_types": [
        "Метро"
    ],
    "transports": [
        {
            "file": "transports/metro.json",
            "name": "metro",
            "type": "Метро"
        }
    ]
}