{
    "0": "Yanqiao",
    "1": "Xibei Canal",
    "2": "Xizhang",
    "3": "Tianyi",
    "4": "Liutan",
    "5": "Zhuangqian",
    "6": "Minfeng",
    "7": "Wuxi Railway Station",
    "8": "Shenglimen",
    "9": "Sanyang Plaza",
    "10": "Nanchan Temple",
    "11": "Tanduqiao",
    "12": "Taihu Square",
    "13": "Qingmingqiao",
    "14": "People's Hospital",
    "15": "Huaqingdaqiao",
    "16": "Yangming",
    "17": "Nanhujiayuan",
    "18": "Tangtieqiao",
    "19": "Jinkui Park",
    "20": "Civic Center",
    "21": "Cultural Palace",
    "22": "Jiangnan University",
    "23": "Changguangxi",
    "24": "1",
    "25": "Meiyuan Kaiyuan Temple",
    "26": "Rongxiang",
    "27": "Xiaotaoyuan",
    "28": "Helikou",
    "29": "Dawangji",
    "30": "Liangxi Bridge",
    "31": "Wu'ai Plaza",
    "32": "Donglin Square",
    "33": "Shangmadun",
    "34": "Jinghai",
    "35": "Guangyi",
    "36": "Baizhuang",
    "37": "Dongting",
    "38": "Zhuangqiao",
    "39": "Yunlin",
    "40": "Jiulihe Park",
    "41": "Zhaqiao",
    "42": "Yinyuehe Park",
    "43": "Yinbin Square",
    "44": "Wuxidong Railway Station",
    "45": "Anzhen",
    "46": "2",
    "47": "Metro",
    "48": "ROOT",
    "49": "Shema ot 06.05.2015g.",
    "50": "Imported from http://pmetro.su"
}