{
    "lines": [
        {
            "delays": [],
            "name": "U1",
            "scheme": null,
            "segments": [
                [
                    0,
                    1,
                    120
                ],
                [
                    1,
                    0,
                    120
                ],
                [
                    1,
                    2,
                    120
                ],
                [
                    2,
                    1,
                    120
                ],
                [
                    2,
                    3,
                    120
                ],
                [
                    3,
                    2,
                    120
                ],
                [
                    3,
                    4,
                    120
                ],
                [
                    4,
                    3,
                    120
                ],
                [
                    4,
                    5,
                    120
                ],
                [
                    5,
                    4,
                    120
                ],
                [
                    5,
                    6,
                    120
                ],
                [
                    6,
                    5,
                    120
                ],
                [
                    6,
                    7,
                    120
                ],
                [
                    7,
                    6,
                    120
                ],
                [
                    7,
                    8,
                    120
                ],
                [
                    8,
                    7,
                    120
                ],
                [
                    8,
                    9,
                    120
                ],
                [
                    9,
                    8,
                    120
                ],
                [
                    9,
                    10,
                    120
                ],
                [
                    10,
                    9,
                    120
                ],
                [
                    10,
                    11,
                    120
                ],
                [
                    11,
                    10,
                    120
                ],
                [
                    11,
                    12,
                    120
                ],
                [
                    12,
                    11,
                    120
                ],
                [
                    12,
                    13,
                    120
                ],
                [
                    13,
                    12,
                    120
                ],
                [
                    13,
                    14,
                    120
                ],
                [
                    14,
                    13,
                    120
                ],
                [
                    14,
                    15,
                    120
                ],
                [
                    15,
                    14,
                    120
                ],
                [
                    15,
                    16,
                    120
                ],
                [
                    16,
                    15,
                    120
                ],
                [
                    16,
                    17,
                    120
                ],
                [
                    17,
                    16,
                    120
                ],
                [
                    17,
                    18,
                    120
                ],
                [
                    18,
                    17,
                    120
                ],
                [
                    18,
                    19,
                    120
                ],
                [
                    19,
                    18,
                    120
                ]
            ],
            "stations": [
                [
                    0,
                    "Frankfurt Sud",
                    0
                ],
                [
                    1,
                    "Schweizer Platz",
                    1
                ],
                [
                    2,
                    "Willy-Brandt-Platz",
                    2
                ],
                [
                    3,
                    "Hauptwache",
                    3
                ],
                [
                    4,
                    "Eschenheimer Tor",
                    4
                ],
                [
                    5,
                    "Gruneburgweg",
                    5
                ],
                [
                    6,
                    "Holzhausenstrasse",
                    6
                ],
                [
                    7,
                    "Miquel/Adickesallee",
                    7
                ],
                [
                    8,
                    "Dornbusch",
                    8
                ],
                [
                    9,
                    "Fritz-Tarnow-Strasse",
                    9
                ],
                [
                    10,
                    "Hugelstrasse",
                    10
                ],
                [
                    11,
                    "Lindenbaum",
                    11
                ],
                [
                    12,
                    "Weisser Stein",
                    12
                ],
                [
                    13,
                    "Heddernheim",
                    13
                ],
                [
                    14,
                    "Zeilweg",
                    14
                ],
                [
                    15,
                    "Heddernheimer Landstrasse",
                    15
                ],
                [
                    16,
                    "Nordwestzentrum",
                    16
                ],
                [
                    17,
                    "Romerstadt",
                    17
                ],
                [
                    18,
                    "Niddapark",
                    18
                ],
                [
                    19,
                    "Ginnheim",
                    19
                ]
            ],
            "text_id": 20
        },
        {
            "delays": [],
            "name": "U2",
            "scheme": null,
            "segments": [
                [
                    20,
                    21,
                    120
                ],
                [
                    21,
                    20,
                    120
                ],
                [
                    21,
                    22,
                    120
                ],
                [
                    22,
                    21,
                    120
                ],
                [
                    22,
                    23,
                    120
                ],
                [
                    23,
                    22,
                    120
                ],
                [
                    23,
                    24,
                    120
                ],
                [
                    24,
                    23,
                    120
                ],
                [
                    24,
                    25,
                    120
                ],
                [
                    25,
                    24,
                    120
                ],
                [
                    25,
                    26,
                    120
                ],
                [
                    26,
                    25,
                    120
                ],
                [
                    26,
                    27,
                    120
                ],
                [
                    27,
                    26,
                    120
                ],
                [
                    27,
                    28,
                    120
                ],
                [
                    28,
                    27,
                    120
                ],
                [
                    28,
                    29,
                    120
                ],
                [
                    29,
                    28,
                    120
                ],
                [
                    29,
                    30,
                    120
                ],
                [
                    30,
                    29,
                    120
                ],
                [
                    30,
                    31,
                    120
                ],
                [
                    31,
                    30,
                    120
                ],
                [
                    31,
                    32,
                    120
                ],
                [
                    32,
                    31,
                    120
                ],
                [
                    32,
                    33,
                    120
                ],
                [
                    33,
                    32,
                    120
                ],
                [
                    33,
                    34,
                    120
                ],
                [
                    34,
                    33,
                    120
                ],
                [
                    34,
                    35,
                    120
                ],
                [
                    35,
                    34,
                    120
                ],
                [
                    35,
                    36,
                    120
                ],
                [
                    36,
                    35,
                    120
                ],
                [
                    36,
                    37,
                    120
                ],
                [
                    37,
                    36,
                    120
                ],
                [
                    37,
                    38,
                    120
                ],
                [
                    38,
                    37,
                    120
                ],
                [
                    38,
                    39,
                    120
                ],
                [
                    39,
                    38,
                    120
                ],
                [
                    39,
                    40,
                    120
                ],
                [
                    40,
                    39,
                    120
                ]
            ],
            "stations": [
                [
                    20,
                    "Frankfurt Sud",
                    0
                ],
                [
                    21,
                    "Schweizer Platz",
                    1
                ],
                [
                    22,
                    "Willy-Brandt-Platz",
                    2
                ],
                [
                    23,
                    "Hauptwache",
                    3
                ],
                [
                    24,
                    "Eschenheimer Tor",
                    4
                ],
                [
                    25,
                    "Gruneburgweg",
                    5
                ],
                [
                    26,
                    "Holzhausenstrasse",
                    6
                ],
                [
                    27,
                    "Miquel/Adickesallee",
                    7
                ],
                [
                    28,
                    "Dornbusch",
                    8
                ],
                [
                    29,
                    "Fritz-Tarnow-Strasse",
                    9
                ],
                [
                    30,
                    "Hugelstrasse",
                    10
                ],
                [
                    31,
                    "Lindenbaum",
                    11
                ],
                [
                    32,
                    "Weisser Stein",
                    12
                ],
                [
                    33,
                    "Heddernheim",
                    13
                ],
                [
                    34,
                    "Sandelmuhle",
                    21
                ],
                [
                    35,
                    "Riedwiese/Mertonviertel",
                    22
                ],
                [
                    36,
                    "Kalbach",
                    23
                ],
                [
                    37,
                    "Bonames Mitte",
                    24
                ],
                [
                    38,
                    "Nieder-Eschbach",
                    25
                ],
                [
                    39,
                    "Ober-Eschbach",
                    26
                ],
                [
                    40,
                    "Bad Homburg-Gonzenheim",
                    27
                ]
            ],
            "text_id": 28
        },
        {
            "delays": [],
            "name": "U3",
            "scheme": null,
            "segments": [
                [
                    41,
                    42,
                    120
                ],
                [
                    42,
                    41,
                    120
                ],
                [
                    42,
                    43,
                    120
                ],
                [
                    43,
                    42,
                    120
                ],
                [
                    43,
                    44,
                    120
                ],
                [
                    44,
                    43,
                    120
                ],
                [
                    44,
                    45,
                    120
                ],
                [
                    45,
                    44,
                    120
                ],
                [
                    45,
                    46,
                    120
                ],
                [
                    46,
                    45,
                    120
                ],
                [
                    46,
                    47,
                    120
                ],
                [
                    47,
                    46,
                    120
                ],
                [
                    47,
                    48,
                    120
                ],
                [
                    48,
                    47,
                    120
                ],
                [
                    48,
                    49,
                    120
                ],
                [
                    49,
                    48,
                    120
                ],
                [
                    49,
                    50,
                    120
                ],
                [
                    50,
                    49,
                    120
                ],
                [
                    50,
                    51,
                    120
                ],
                [
                    51,
                    50,
                    120
                ],
                [
                    51,
                    52,
                    120
                ],
                [
                    52,
                    51,
                    120
                ],
                [
                    52,
                    53,
                    120
                ],
                [
                    53,
                    52,
                    120
                ],
                [
                    53,
                    54,
                    120
                ],
                [
                    54,
                    53,
                    120
                ],
                [
                    54,
                    55,
                    120
                ],
                [
                    55,
                    54,
                    120
                ],
                [
                    55,
                    56,
                    120
                ],
                [
                    56,
                    55,
                    120
                ],
                [
                    56,
                    57,
                    120
                ],
                [
                    57,
                    56,
                    120
                ],
                [
                    57,
                    58,
                    120
                ],
                [
                    58,
                    57,
                    120
                ],
                [
                    58,
                    59,
                    120
                ],
                [
                    59,
                    58,
                    120
                ],
                [
                    59,
                    60,
                    120
                ],
                [
                    60,
                    59,
                    120
                ],
                [
                    60,
                    61,
                    120
                ],
                [
                    61,
                    60,
                    120
                ],
                [
                    61,
                    62,
                    120
                ],
                [
                    62,
                    61,
                    120
                ],
                [
                    62,
                    63,
                    120
                ],
                [
                    63,
                    62,
                    120
                ],
                [
                    63,
                    64,
                    120
                ],
                [
                    64,
                    63,
                    120
                ],
                [
                    64,
                    65,
                    120
                ],
                [
                    65,
                    64,
                    120
                ],
                [
                    65,
                    66,
                    120
                ],
                [
                    66,
                    65,
                    120
                ],
                [
                    66,
                    67,
                    120
                ],
                [
                    67,
                    66,
                    120
                ],
                [
                    67,
                    68,
                    120
                ],
                [
                    68,
                    67,
                    120
                ]
            ],
            "stations": [
                [
                    41,
                    "Frankfurt Sud",
                    0
                ],
                [
                    42,
                    "Schweizer Platz",
                    1
                ],
                [
                    43,
                    "Willy-Brandt-Platz",
                    2
                ],
                [
                    44,
                    "Hauptwache",
                    3
                ],
                [
                    45,
                    "Eschenheimer Tor",
                    4
                ],
                [
                    46,
                    "Gruneburgweg",
                    5
                ],
                [
                    47,
                    "Holzhausenstrasse",
                    6
                ],
                [
                    48,
                    "Miquel/Adickesallee",
                    7
                ],
                [
                    49,
                    "Dornbusch",
                    8
                ],
                [
                    50,
                    "Fritz-Tarnow-Strasse",
                    9
                ],
                [
                    51,
                    "Hugelstrasse",
                    10
                ],
                [
                    52,
                    "Lindenbaum",
                    11
                ],
                [
                    53,
                    "Weisser Stein",
                    12
                ],
                [
                    54,
                    "Heddernheim",
                    13
                ],
                [
                    55,
                    "Zeilweg",
                    14
                ],
                [
                    56,
                    "Wiesenau",
                    29
                ],
                [
                    57,
                    "Niederursel",
                    30
                ],
                [
                    58,
                    "Weisskirchen Ost",
                    31
                ],
                [
                    59,
                    "Bommersheim",
                    32
                ],
                [
                    60,
                    "Oberursel",
                    33
                ],
                [
                    61,
                    "Oberursel Stadtmitte",
                    34
                ],
                [
                    62,
                    "Portstrasse",
                    35
                ],
                [
                    63,
                    "Lahnstrasse",
                    36
                ],
                [
                    64,
                    "Glocknerwiese",
                    37
                ],
                [
                    65,
                    "Kupferhammer",
                    38
                ],
                [
                    66,
                    "Rosengartchen",
                    39
                ],
                [
                    67,
                    "Waldlust",
                    40
                ],
                [
                    68,
                    "Oberursel-Hohemark",
                    41
                ]
            ],
            "text_id": 42
        },
        {
            "delays": [],
            "name": "U4",
            "scheme": null,
            "segments": [
                [
                    69,
                    70,
                    120
                ],
                [
                    70,
                    69,
                    120
                ],
                [
                    70,
                    71,
                    120
                ],
                [
                    71,
                    70,
                    120
                ],
                [
                    71,
                    72,
                    120
                ],
                [
                    72,
                    71,
                    120
                ],
                [
                    72,
                    73,
                    120
                ],
                [
                    73,
                    72,
                    120
                ],
                [
                    73,
                    74,
                    120
                ],
                [
                    74,
                    73,
                    120
                ],
                [
                    74,
                    75,
                    120
                ],
                [
                    75,
                    74,
                    120
                ],
                [
                    75,
                    76,
                    120
                ],
                [
                    76,
                    75,
                    120
                ],
                [
                    76,
                    77,
                    120
                ],
                [
                    77,
                    76,
                    120
                ],
                [
                    77,
                    78,
                    120
                ],
                [
                    78,
                    77,
                    120
                ]
            ],
            "stations": [
                [
                    69,
                    "Bockenheimer Warte",
                    43
                ],
                [
                    70,
                    "Festhalle/Messe",
                    44
                ],
                [
                    71,
                    "Frankfurt Hauptbahnhof",
                    45
                ],
                [
                    72,
                    "Willy-Brandt-Platz",
                    2
                ],
                [
                    73,
                    "Dom/Romer",
                    46
                ],
                [
                    74,
                    "Konstablerwache",
                    47
                ],
                [
                    75,
                    "Merianplatz",
                    48
                ],
                [
                    76,
                    "Hohenstrasse",
                    49
                ],
                [
                    77,
                    "Bornheim Mitte",
                    50
                ],
                [
                    78,
                    "Bornheim Seckbacher Landstrasse",
                    51
                ]
            ],
            "text_id": 52
        },
        {
            "delays": [],
            "name": "U5",
            "scheme": null,
            "segments": [
                [
                    79,
                    80,
                    120
                ],
                [
                    80,
                    79,
                    120
                ],
                [
                    80,
                    81,
                    120
                ],
                [
                    81,
                    80,
                    120
                ],
                [
                    81,
                    82,
                    120
                ],
                [
                    82,
                    81,
                    120
                ],
                [
                    82,
                    83,
                    120
                ],
                [
                    83,
                    82,
                    120
                ],
                [
                    83,
                    84,
                    120
                ],
                [
                    84,
                    83,
                    120
                ],
                [
                    84,
                    85,
                    120
                ],
                [
                    85,
                    84,
                    120
                ],
                [
                    85,
                    86,
                    120
                ],
                [
                    86,
                    85,
                    120
                ],
                [
                    86,
                    87,
                    120
                ],
                [
                    87,
                    86,
                    120
                ],
                [
                    87,
                    88,
                    120
                ],
                [
                    88,
                    87,
                    120
                ],
                [
                    88,
                    89,
                    120
                ],
                [
                    89,
                    88,
                    120
                ],
                [
                    89,
                    90,
                    120
                ],
                [
                    90,
                    89,
                    120
                ],
                [
                    90,
                    91,
                    120
                ],
                [
                    91,
                    90,
                    120
                ],
                [
                    91,
                    92,
                    120
                ],
                [
                    92,
                    91,
                    120
                ],
                [
                    92,
                    93,
                    120
                ],
                [
                    93,
                    92,
                    120
                ],
                [
                    93,
                    94,
                    120
                ],
                [
                    94,
                    93,
                    120
                ]
            ],
            "stations": [
                [
                    79,
                    "Frankfurt Hauptbahnhof",
                    45
                ],
                [
                    80,
                    "Willy-Brandt-Platz",
                    2
                ],
                [
                    81,
                    "Dom/Romer",
                    46
                ],
                [
                    82,
                    "Konstablerwache",
                    47
                ],
                [
                    83,
                    "Musterschule",
                    53
                ],
                [
                    84,
                    "Glauburgstrasse",
                    54
                ],
                [
                    85,
                    "Deutsche Nationalbibliothek",
                    55
                ],
                [
                    86,
                    "Hauptfriedhof",
                    56
                ],
                [
                    87,
                    "Versorgungsamt",
                    57
                ],
                [
                    88,
                    "Eckenheimer Landstrasse/Marbachweg",
                    58
                ],
                [
                    89,
                    "Marbachweg/Sozialzentrum",
                    59
                ],
                [
                    90,
                    "Giessener Strasse",
                    60
                ],
                [
                    91,
                    "Theobald-Ziegler-Strasse",
                    61
                ],
                [
                    92,
                    "Ronneburgstrasse",
                    62
                ],
                [
                    93,
                    "Sigmund-Freud-Strasse",
                    63
                ],
                [
                    94,
                    "Preungesheim",
                    64
                ]
            ],
            "text_id": 65
        },
        {
            "delays": [],
            "name": "U6",
            "scheme": null,
            "segments": [
                [
                    95,
                    96,
                    120
                ],
                [
                    96,
                    95,
                    120
                ],
                [
                    96,
                    97,
                    120
                ],
                [
                    97,
                    96,
                    120
                ],
                [
                    97,
                    98,
                    120
                ],
                [
                    98,
                    97,
                    120
                ],
                [
                    98,
                    99,
                    120
                ],
                [
                    99,
                    98,
                    120
                ],
                [
                    99,
                    100,
                    120
                ],
                [
                    100,
                    99,
                    120
                ],
                [
                    100,
                    101,
                    120
                ],
                [
                    101,
                    100,
                    120
                ],
                [
                    101,
                    102,
                    120
                ],
                [
                    102,
                    101,
                    120
                ],
                [
                    102,
                    103,
                    120
                ],
                [
                    103,
                    102,
                    120
                ],
                [
                    103,
                    104,
                    120
                ],
                [
                    104,
                    103,
                    120
                ],
                [
                    104,
                    105,
                    120
                ],
                [
                    105,
                    104,
                    120
                ],
                [
                    105,
                    106,
                    120
                ],
                [
                    106,
                    105,
                    120
                ],
                [
                    106,
                    107,
                    120
                ],
                [
                    107,
                    106,
                    120
                ],
                [
                    107,
                    108,
                    120
                ],
                [
                    108,
                    107,
                    120
                ],
                [
                    108,
                    109,
                    120
                ],
                [
                    109,
                    108,
                    120
                ]
            ],
            "stations": [
                [
                    95,
                    "Praunheim Heerstrasse",
                    66
                ],
                [
                    96,
                    "Friedhof Westhausen",
                    67
                ],
                [
                    97,
                    "Stephan-Heise-Strasse",
                    68
                ],
                [
                    98,
                    "Hausener Weg",
                    69
                ],
                [
                    99,
                    "Fischstein",
                    70
                ],
                [
                    100,
                    "Industriehof/Neue Borse",
                    71
                ],
                [
                    101,
                    "Kirchplatz",
                    72
                ],
                [
                    102,
                    "Leipziger Strasse",
                    73
                ],
                [
                    103,
                    "Bockenheimer Warte",
                    43
                ],
                [
                    104,
                    "Westend",
                    74
                ],
                [
                    105,
                    "Alte Oper",
                    75
                ],
                [
                    106,
                    "Hauptwache",
                    3
                ],
                [
                    107,
                    "Konstablerwache",
                    47
                ],
                [
                    108,
                    "Zoo",
                    76
                ],
                [
                    109,
                    "Frankfurt Ost",
                    77
                ]
            ],
            "text_id": 78
        },
        {
            "delays": [],
            "name": "U7",
            "scheme": null,
            "segments": [
                [
                    110,
                    111,
                    120
                ],
                [
                    111,
                    110,
                    120
                ],
                [
                    111,
                    112,
                    120
                ],
                [
                    112,
                    111,
                    120
                ],
                [
                    112,
                    113,
                    120
                ],
                [
                    113,
                    112,
                    120
                ],
                [
                    113,
                    114,
                    120
                ],
                [
                    114,
                    113,
                    120
                ],
                [
                    114,
                    115,
                    120
                ],
                [
                    115,
                    114,
                    120
                ],
                [
                    115,
                    116,
                    120
                ],
                [
                    116,
                    115,
                    120
                ],
                [
                    116,
                    117,
                    120
                ],
                [
                    117,
                    116,
                    120
                ],
                [
                    117,
                    118,
                    120
                ],
                [
                    118,
                    117,
                    120
                ],
                [
                    118,
                    119,
                    120
                ],
                [
                    119,
                    118,
                    120
                ],
                [
                    119,
                    120,
                    120
                ],
                [
                    120,
                    119,
                    120
                ],
                [
                    120,
                    121,
                    120
                ],
                [
                    121,
                    120,
                    120
                ],
                [
                    121,
                    122,
                    120
                ],
                [
                    122,
                    121,
                    120
                ],
                [
                    122,
                    123,
                    120
                ],
                [
                    123,
                    122,
                    120
                ],
                [
                    123,
                    124,
                    120
                ],
                [
                    124,
                    123,
                    120
                ],
                [
                    124,
                    125,
                    120
                ],
                [
                    125,
                    124,
                    120
                ],
                [
                    125,
                    126,
                    120
                ],
                [
                    126,
                    125,
                    120
                ],
                [
                    126,
                    127,
                    120
                ],
                [
                    127,
                    126,
                    120
                ],
                [
                    127,
                    128,
                    120
                ],
                [
                    128,
                    127,
                    120
                ],
                [
                    128,
                    129,
                    120
                ],
                [
                    129,
                    128,
                    120
                ]
            ],
            "stations": [
                [
                    110,
                    "Hausen",
                    79
                ],
                [
                    111,
                    "Grosse Nelkenstrasse",
                    80
                ],
                [
                    112,
                    "Industriehof/Neue Borse",
                    71
                ],
                [
                    113,
                    "Kirchplatz",
                    72
                ],
                [
                    114,
                    "Leipziger Strasse",
                    73
                ],
                [
                    115,
                    "Bockenheimer Warte",
                    43
                ],
                [
                    116,
                    "Westend",
                    74
                ],
                [
                    117,
                    "Alte Oper",
                    75
                ],
                [
                    118,
                    "Hauptwache",
                    3
                ],
                [
                    119,
                    "Konstablerwache",
                    47
                ],
                [
                    120,
                    "Zoo",
                    76
                ],
                [
                    121,
                    "Habsburgerallee",
                    81
                ],
                [
                    122,
                    "Parlamentsplatz",
                    82
                ],
                [
                    123,
                    "Eissporthalle/Festplatz",
                    83
                ],
                [
                    124,
                    "Johanna-Tesch-Platz",
                    84
                ],
                [
                    125,
                    "Schafflestrasse",
                    85
                ],
                [
                    126,
                    "Gwinnerstrasse",
                    86
                ],
                [
                    127,
                    "Kruppstrasse",
                    87
                ],
                [
                    128,
                    "Hessen-Center",
                    88
                ],
                [
                    129,
                    "Enkheim",
                    89
                ]
            ],
            "text_id": 90
        }
    ],
    "name": "metro",
    "transfers": [
        [
            105,
            117,
            120,
            true
        ],
        [
            69,
            103,
            120,
            true
        ],
        [
            69,
            115,
            120,
            true
        ],
        [
            103,
            115,
            120,
            true
        ],
        [
            73,
            81,
            120,
            true
        ],
        [
            8,
            28,
            120,
            true
        ],
        [
            8,
            49,
            120,
            true
        ],
        [
            28,
            49,
            120,
            true
        ],
        [
            4,
            24,
            120,
            true
        ],
        [
            4,
            45,
            120,
            true
        ],
        [
            24,
            45,
            120,
            true
        ],
        [
            71,
            79,
            120,
            true
        ],
        [
            0,
            20,
            120,
            true
        ],
        [
            0,
            41,
            120,
            true
        ],
        [
            20,
            41,
            120,
            true
        ],
        [
            9,
            29,
            120,
            true
        ],
        [
            9,
            50,
            120,
            true
        ],
        [
            29,
            50,
            120,
            true
        ],
        [
            5,
            25,
            120,
            true
        ],
        [
            5,
            46,
            120,
            true
        ],
        [
            25,
            46,
            120,
            true
        ],
        [
            3,
            23,
            120,
            true
        ],
        [
            3,
            44,
            120,
            true
        ],
        [
            3,
            106,
            120,
            true
        ],
        [
            3,
            118,
            120,
            true
        ],
        [
            23,
            44,
            120,
            true
        ],
        [
            23,
            106,
            120,
            true
        ],
        [
            23,
            118,
            120,
            true
        ],
        [
            44,
            106,
            120,
            true
        ],
        [
            44,
            118,
            120,
            true
        ],
        [
            106,
            118,
            120,
            true
        ],
        [
            13,
            33,
            120,
            true
        ],
        [
            13,
            54,
            120,
            true
        ],
        [
            33,
            54,
            120,
            true
        ],
        [
            6,
            26,
            120,
            true
        ],
        [
            6,
            47,
            120,
            true
        ],
        [
            26,
            47,
            120,
            true
        ],
        [
            10,
            30,
            120,
            true
        ],
        [
            10,
            51,
            120,
            true
        ],
        [
            30,
            51,
            120,
            true
        ],
        [
            100,
            112,
            120,
            true
        ],
        [
            101,
            113,
            120,
            true
        ],
        [
            74,
            82,
            120,
            true
        ],
        [
            74,
            107,
            120,
            true
        ],
        [
            74,
            119,
            120,
            true
        ],
        [
            82,
            107,
            120,
            true
        ],
        [
            82,
            119,
            120,
            true
        ],
        [
            107,
            119,
            120,
            true
        ],
        [
            102,
            114,
            120,
            true
        ],
        [
            11,
            31,
            120,
            true
        ],
        [
            11,
            52,
            120,
            true
        ],
        [
            31,
            52,
            120,
            true
        ],
        [
            7,
            27,
            120,
            true
        ],
        [
            7,
            48,
            120,
            true
        ],
        [
            27,
            48,
            120,
            true
        ],
        [
            1,
            21,
            120,
            true
        ],
        [
            1,
            42,
            120,
            true
        ],
        [
            21,
            42,
            120,
            true
        ],
        [
            12,
            32,
            120,
            true
        ],
        [
            12,
            53,
            120,
            true
        ],
        [
            32,
            53,
            120,
            true
        ],
        [
            104,
            116,
            120,
            true
        ],
        [
            2,
            22,
            120,
            true
        ],
        [
            2,
            43,
            120,
            true
        ],
        [
            2,
            72,
            120,
            true
        ],
        [
            2,
            80,
            120,
            true
        ],
        [
            22,
            43,
            120,
            true
        ],
        [
            22,
            72,
            120,
            true
        ],
        [
            22,
            80,
            120,
            true
        ],
        [
            43,
            72,
            120,
            true
        ],
        [
            43,
            80,
            120,
            true
        ],
        [
            72,
            80,
            120,
            true
        ],
        [
            14,
            55,
            120,
            true
        ],
        [
            108,
            120,
            120,
            true
        ]
    ],
    "type_name": "Метро"
}