{
    "0": "Hatfield Government Center",
    "1": "Hillsboro Central/SE 3rd Ave",
    "2": "Tuality Hospital/SE 8th Ave",
    "3": "Washington/SE 12th Ave",
    "4": "Fair Complex/Hillsboro Airport",
    "5": "Hawthorn Farm",
    "6": "Orenco/NW 231st Ave",
    "7": "Quatama/NW 205th Ave",
    "8": "Willow Creek/SW 185th Ave",
    "9": "Elmonica/SW 170th Ave",
    "10": "Merlo/SW 158th Ave",
    "11": "Beaverton Creek",
    "12": "Millikan Way",
    "13": "Beaverton Central",
    "14": "Beaverton",
    "15": "Sunset",
    "16": "Washington Park",
    "17": "Goose Hollow/SW Jefferson",
    "18": "Kings Hill/SW Salmon",
    "19": "PGE Park WE",
    "20": "Library/SW 9th Ave",
    "21": "Pioneer Square South",
    "22": "Mall/SW 4th Ave",
    "23": "Yamhill District",
    "24": "PGE Park EW",
    "25": "Galleria/SW 10th Ave",
    "26": "Pioneer Square North",
    "27": "Mall/SW 5th Ave",
    "28": "Morrison/SW 3rd Ave",
    "29": "Oak Street/SW 1st Ave",
    "30": "Skidmore Fountain",
    "31": "Old Town/Chinatown",
    "32": "Rose Quarter",
    "33": "Convention Center",
    "34": "NE 7th Ave",
    "35": "Lloyd Center/NE 11th Ave",
    "36": "Hollywood/NE 42nd Ave",
    "37": "NE 60th Ave",
    "38": "NE 82nd Ave",
    "39": "Gateway/NE 99th Ave",
    "40": "E 102nd Ave",
    "41": "E 122nd Ave",
    "42": "E 148th Ave",
    "43": "E 162nd Ave",
    "44": "E 172nd Ave",
    "45": "E 181st Ave",
    "46": "Rockwood/E 188th Ave",
    "47": "Ruby Junction/E 197th Ave",
    "48": "Gresham City Hall",
    "49": "Gresham Central",
    "50": "Cleveland Ave",
    "51": "Blue Line",
    "52": "Parkrose/Sumner",
    "53": "Cascades",
    "54": "Mt Hood Ave",
    "55": "Portland International Airport",
    "56": "Red Line",
    "57": "Expo Center",
    "58": "Delta Park/Vanport",
    "59": "Kenton/N Denver Ave",
    "60": "N Lombard",
    "61": "N Portland Blvd",
    "62": "N Killingsworth St",
    "63": "N Prescott St",
    "64": "Overlook Park",
    "65": "Albina/Mississippi",
    "66": "Interstate/Rose Quarter",
    "67": "Yellow Line",
    "68": "Электричка",
    "69": "ROOT",
    "70": "Схема от 30.07.2007г.\nАвтор: Варламов Дмитрий (www.chpeks.com)",
    "71": "Imported from http://pmetro.su"
}