{
    "default_transports": [
        "metro"
    ],
    "height": 665,
    "images": [
        "res/schemes/sacramento.svg"
    ],
    "is_vector": true,
    "lines": [
        {
            "labels_bg_color": "-1",
            "labels_color": "003d7d",
            "line_color": "003d7d",
            "line_width": 6,
            "name": "Blue",
            "segments": [
                [
                    0,
                    1,
                    [
                        [
                            360,
                            35
                        ],
                        [
                            380,
                            15
                        ]
                    ],
                    true
                ],
                [
                    1,
                    2,
                    [
                        [
                            340,
                            55
                        ],
                        [
                            360,
                            35
                        ]
                    ],
                    true
                ],
                [
                    2,
                    3,
                    [
                        [
                            320,
                            75
                        ],
                        [
                            340,
                            55
                        ]
                    ],
                    true
                ],
                [
                    3,
                    4,
                    [
                        [
                            305,
                            90
                        ],
                        [
                            320,
                            75
                        ]
                    ],
                    true
                ],
                [
                    4,
                    5,
                    [
                        [
                            285,
                            110
                        ],
                        [
                            305,
                            90
                        ]
                    ],
                    true
                ],
                [
                    5,
                    6,
                    [
                        [
                            265,
                            130
                        ],
                        [
                            285,
                            110
                        ]
                    ],
                    true
                ],
                [
                    6,
                    7,
                    [
                        [
                            245,
                            150
                        ],
                        [
                            265,
                            130
                        ]
                    ],
                    true
                ],
                [
                    7,
                    8,
                    [
                        [
                            230,
                            165
                        ],
                        [
                            245,
                            150
                        ]
                    ],
                    true
                ],
                [
                    8,
                    9,
                    [
                        [
                            220,
                            195
                        ],
                        [
                            220.0,
                            175.0
                        ],
                        [
                            230,
                            165
                        ]
                    ],
                    true
                ],
                [
                    9,
                    10,
                    [
                        [
                            205,
                            215
                        ],
                        [
                            220.0,
                            215.0
                        ],
                        [
                            220,
                            195
                        ]
                    ],
                    true
                ],
                [
                    9,
                    11,
                    [
                        [
                            220,
                            195
                        ],
                        [
                            220.0,
                            215.0
                        ],
                        [
                            185,
                            215
                        ]
                    ],
                    true
                ],
                [
                    10,
                    12,
                    [
                        [
                            165,
                            215
                        ],
                        [
                            205,
                            215
                        ]
                    ],
                    true
                ],
                [
                    11,
                    13,
                    [
                        [
                            185,
                            215
                        ],
                        [
                            120,
                            215
                        ]
                    ],
                    true
                ],
                [
                    12,
                    15,
                    [
                        [
                            150,
                            260
                        ],
                        [
                            150.0,
                            215.0
                        ],
                        [
                            165,
                            215
                        ]
                    ],
                    true
                ],
                [
                    13,
                    14,
                    [
                        [
                            120,
                            215
                        ],
                        [
                            90.0,
                            215.0
                        ],
                        [
                            90,
                            245
                        ]
                    ],
                    true
                ],
                [
                    14,
                    17,
                    [
                        [
                            90,
                            245
                        ],
                        [
                            90.0,
                            300.0
                        ],
                        [
                            120,
                            300
                        ]
                    ],
                    true
                ],
                [
                    15,
                    16,
                    [
                        [
                            150,
                            300
                        ],
                        [
                            150,
                            260
                        ]
                    ],
                    true
                ],
                [
                    16,
                    18,
                    [
                        [
                            180,
                            300
                        ],
                        [
                            150,
                            300
                        ]
                    ],
                    true
                ],
                [
                    17,
                    18,
                    [
                        [
                            120,
                            300
                        ],
                        [
                            180,
                            300
                        ]
                    ],
                    true
                ],
                [
                    18,
                    19,
                    [
                        [
                            215,
                            335
                        ],
                        [
                            180.0,
                            335.0
                        ],
                        [
                            180,
                            300
                        ]
                    ],
                    true
                ],
                [
                    19,
                    20,
                    [
                        [
                            250,
                            335
                        ],
                        [
                            215,
                            335
                        ]
                    ],
                    true
                ],
                [
                    20,
                    21,
                    [
                        [
                            280,
                            365
                        ],
                        [
                            250,
                            335
                        ]
                    ],
                    true
                ],
                [
                    21,
                    22,
                    [
                        [
                            305,
                            390
                        ],
                        [
                            280,
                            365
                        ]
                    ],
                    true
                ],
                [
                    22,
                    23,
                    [
                        [
                            335,
                            420
                        ],
                        [
                            305,
                            390
                        ]
                    ],
                    true
                ],
                [
                    23,
                    24,
                    [
                        [
                            355,
                            440
                        ],
                        [
                            335,
                            420
                        ]
                    ],
                    true
                ],
                [
                    24,
                    25,
                    [
                        [
                            380,
                            465
                        ],
                        [
                            355,
                            440
                        ]
                    ],
                    true
                ],
                [
                    25,
                    26,
                    [
                        [
                            405,
                            490
                        ],
                        [
                            380,
                            465
                        ]
                    ],
                    true
                ],
                [
                    26,
                    27,
                    [
                        [
                            430,
                            515
                        ],
                        [
                            405,
                            490
                        ]
                    ],
                    true
                ],
                [
                    27,
                    28,
                    [
                        [
                            468,
                            515
                        ],
                        [
                            430,
                            515
                        ]
                    ],
                    true
                ],
                [
                    28,
                    29,
                    [
                        [
                            509,
                            515
                        ],
                        [
                            468,
                            515
                        ]
                    ],
                    true
                ],
                [
                    29,
                    30,
                    [
                        [
                            553,
                            515
                        ],
                        [
                            509,
                            515
                        ]
                    ],
                    true
                ]
            ],
            "stations": [
                {
                    "coord": [
                        380,
                        15
                    ],
                    "is_working": true,
                    "name": "Watt/I-80",
                    "rect": [
                        391,
                        9,
                        45,
                        15
                    ],
                    "text_id": 0,
                    "uid": 0
                },
                {
                    "coord": [
                        360,
                        35
                    ],
                    "is_working": true,
                    "name": "Watt/I-80 West",
                    "rect": [
                        372,
                        31,
                        73,
                        15
                    ],
                    "text_id": 1,
                    "uid": 1
                },
                {
                    "coord": [
                        340,
                        55
                    ],
                    "is_working": true,
                    "name": "Roseville Road",
                    "rect": [
                        351,
                        51,
                        78,
                        15
                    ],
                    "text_id": 2,
                    "uid": 2
                },
                {
                    "coord": [
                        320,
                        75
                    ],
                    "is_working": true,
                    "name": "Marconi/Arcade",
                    "rect": [
                        332,
                        71,
                        81,
                        15
                    ],
                    "text_id": 3,
                    "uid": 3
                },
                {
                    "coord": [
                        305,
                        90
                    ],
                    "is_working": true,
                    "name": "Swanston",
                    "rect": [
                        315,
                        87,
                        50,
                        15
                    ],
                    "text_id": 4,
                    "uid": 4
                },
                {
                    "coord": [
                        285,
                        110
                    ],
                    "is_working": true,
                    "name": "Royal Oaks",
                    "rect": [
                        296,
                        107,
                        60,
                        15
                    ],
                    "text_id": 5,
                    "uid": 5
                },
                {
                    "coord": [
                        265,
                        130
                    ],
                    "is_working": true,
                    "name": "Arden/Del Paso",
                    "rect": [
                        276,
                        128,
                        80,
                        15
                    ],
                    "text_id": 6,
                    "uid": 6
                },
                {
                    "coord": [
                        245,
                        150
                    ],
                    "is_working": true,
                    "name": "Globe",
                    "rect": [
                        256,
                        147,
                        31,
                        15
                    ],
                    "text_id": 7,
                    "uid": 7
                },
                {
                    "coord": [
                        230,
                        165
                    ],
                    "is_working": true,
                    "name": "Alkali Flat/La Valentina",
                    "rect": [
                        241,
                        164,
                        116,
                        15
                    ],
                    "text_id": 8,
                    "uid": 8
                },
                {
                    "coord": [
                        220,
                        195
                    ],
                    "is_working": true,
                    "name": "12th & I",
                    "rect": [
                        231,
                        188,
                        40,
                        15
                    ],
                    "text_id": 9,
                    "uid": 9
                },
                {
                    "coord": [
                        205,
                        215
                    ],
                    "is_working": true,
                    "name": "Cathedral Square E",
                    "rect": [
                        197,
                        107,
                        15,
                        98
                    ],
                    "text_id": 10,
                    "uid": 10
                },
                {
                    "coord": [
                        185,
                        215
                    ],
                    "is_working": true,
                    "name": "Cathedral Square W",
                    "rect": [
                        179,
                        104,
                        15,
                        101
                    ],
                    "text_id": 11,
                    "uid": 11
                },
                {
                    "coord": [
                        165,
                        215
                    ],
                    "is_working": true,
                    "name": "St. Rose of Lima Park E",
                    "rect": [
                        160,
                        86,
                        15,
                        119
                    ],
                    "text_id": 12,
                    "uid": 12
                },
                {
                    "coord": [
                        120,
                        215
                    ],
                    "is_working": true,
                    "name": "St. Rose of Lima Park W",
                    "rect": [
                        115,
                        81,
                        15,
                        122
                    ],
                    "text_id": 13,
                    "uid": 13
                },
                {
                    "coord": [
                        90,
                        245
                    ],
                    "is_working": true,
                    "name": "7th & Capitol",
                    "rect": [
                        18,
                        257,
                        66,
                        15
                    ],
                    "text_id": 14,
                    "uid": 14
                },
                {
                    "coord": [
                        150,
                        260
                    ],
                    "is_working": true,
                    "name": "8th & Capitol",
                    "rect": [
                        155,
                        235,
                        66,
                        15
                    ],
                    "text_id": 15,
                    "uid": 15
                },
                {
                    "coord": [
                        150,
                        300
                    ],
                    "is_working": true,
                    "name": "8th & O W",
                    "rect": [
                        141,
                        314,
                        15,
                        52
                    ],
                    "text_id": 16,
                    "uid": 16
                },
                {
                    "coord": [
                        120,
                        300
                    ],
                    "is_working": true,
                    "name": "8th & O E",
                    "rect": [
                        112,
                        314,
                        15,
                        49
                    ],
                    "text_id": 17,
                    "uid": 17
                },
                {
                    "coord": [
                        180,
                        300
                    ],
                    "is_working": true,
                    "name": "Archives Plaza",
                    "rect": [
                        169,
                        263,
                        77,
                        15
                    ],
                    "text_id": 18,
                    "uid": 18
                },
                {
                    "coord": [
                        215,
                        335
                    ],
                    "is_working": true,
                    "name": "13th Street",
                    "rect": [
                        208,
                        350,
                        15,
                        55
                    ],
                    "text_id": 19,
                    "uid": 19
                },
                {
                    "coord": [
                        250,
                        335
                    ],
                    "is_working": true,
                    "name": "16th Street",
                    "rect": [
                        243,
                        351,
                        15,
                        55
                    ],
                    "text_id": 20,
                    "uid": 20
                },
                {
                    "coord": [
                        280,
                        365
                    ],
                    "is_working": true,
                    "name": "Broadway",
                    "rect": [
                        292,
                        355,
                        52,
                        15
                    ],
                    "text_id": 21,
                    "uid": 21
                },
                {
                    "coord": [
                        305,
                        390
                    ],
                    "is_working": true,
                    "name": "4th Avenue/Wayne Hultgren",
                    "rect": [
                        316,
                        379,
                        140,
                        15
                    ],
                    "text_id": 22,
                    "uid": 22
                },
                {
                    "coord": [
                        335,
                        420
                    ],
                    "is_working": true,
                    "name": "City College",
                    "rect": [
                        347,
                        410,
                        63,
                        15
                    ],
                    "text_id": 23,
                    "uid": 23
                },
                {
                    "coord": [
                        355,
                        440
                    ],
                    "is_working": true,
                    "name": "Fruitridge",
                    "rect": [
                        367,
                        429,
                        49,
                        15
                    ],
                    "text_id": 24,
                    "uid": 24
                },
                {
                    "coord": [
                        380,
                        465
                    ],
                    "is_working": true,
                    "name": "47th Avenue",
                    "rect": [
                        392,
                        453,
                        64,
                        15
                    ],
                    "text_id": 25,
                    "uid": 25
                },
                {
                    "coord": [
                        405,
                        490
                    ],
                    "is_working": true,
                    "name": "Florin",
                    "rect": [
                        416,
                        478,
                        30,
                        15
                    ],
                    "text_id": 26,
                    "uid": 26
                },
                {
                    "coord": [
                        430,
                        515
                    ],
                    "is_working": true,
                    "name": "Meadowview",
                    "rect": [
                        355,
                        513,
                        66,
                        15
                    ],
                    "text_id": 27,
                    "uid": 27
                },
                {
                    "coord": [
                        468,
                        515
                    ],
                    "is_working": true,
                    "name": "Franklin",
                    "rect": [
                        448,
                        523,
                        42,
                        15
                    ],
                    "text_id": 28,
                    "uid": 28
                },
                {
                    "coord": [
                        509,
                        515
                    ],
                    "is_working": true,
                    "name": "Center Parkway",
                    "rect": [
                        473,
                        492,
                        81,
                        15
                    ],
                    "text_id": 29,
                    "uid": 29
                },
                {
                    "coord": [
                        553,
                        515
                    ],
                    "is_working": true,
                    "name": "Cosumnes River College",
                    "rect": [
                        512,
                        523,
                        126,
                        15
                    ],
                    "text_id": 30,
                    "uid": 30
                }
            ],
            "text_id": 31
        },
        {
            "labels_bg_color": "-1",
            "labels_color": "F49E01",
            "line_color": "ffcf06",
            "line_width": 6,
            "name": "Gold",
            "segments": [
                [
                    31,
                    32,
                    [
                        [
                            65,
                            120
                        ],
                        [
                            105.0,
                            120.0
                        ],
                        [
                            105,
                            145
                        ]
                    ],
                    true
                ],
                [
                    31,
                    33,
                    [
                        [
                            140,
                            180
                        ],
                        [
                            140.0,
                            120.0
                        ],
                        [
                            65,
                            120
                        ]
                    ],
                    true
                ],
                [
                    32,
                    34,
                    [
                        [
                            105,
                            145
                        ],
                        [
                            105,
                            245
                        ]
                    ],
                    true
                ],
                [
                    33,
                    35,
                    [
                        [
                            140,
                            260
                        ],
                        [
                            140,
                            180
                        ]
                    ],
                    true
                ],
                [
                    34,
                    37,
                    [
                        [
                            105,
                            245
                        ],
                        [
                            105.0,
                            290.0
                        ],
                        [
                            120,
                            290
                        ]
                    ],
                    true
                ],
                [
                    35,
                    36,
                    [
                        [
                            150,
                            290
                        ],
                        [
                            140.0,
                            290.0
                        ],
                        [
                            140,
                            260
                        ]
                    ],
                    true
                ],
                [
                    36,
                    38,
                    [
                        [
                            180,
                            290
                        ],
                        [
                            150,
                            290
                        ]
                    ],
                    true
                ],
                [
                    37,
                    38,
                    [
                        [
                            120,
                            290
                        ],
                        [
                            180,
                            290
                        ]
                    ],
                    true
                ],
                [
                    38,
                    39,
                    [
                        [
                            215,
                            320
                        ],
                        [
                            190.0,
                            320.0
                        ],
                        [
                            190.0,
                            290.0
                        ],
                        [
                            180,
                            290
                        ]
                    ],
                    true
                ],
                [
                    39,
                    40,
                    [
                        [
                            250,
                            320
                        ],
                        [
                            215,
                            320
                        ]
                    ],
                    true
                ],
                [
                    40,
                    41,
                    [
                        [
                            280,
                            320
                        ],
                        [
                            250,
                            320
                        ]
                    ],
                    true
                ],
                [
                    41,
                    42,
                    [
                        [
                            310,
                            320
                        ],
                        [
                            280,
                            320
                        ]
                    ],
                    true
                ],
                [
                    42,
                    43,
                    [
                        [
                            345,
                            320
                        ],
                        [
                            310,
                            320
                        ]
                    ],
                    true
                ],
                [
                    43,
                    44,
                    [
                        [
                            375,
                            320
                        ],
                        [
                            345,
                            320
                        ]
                    ],
                    true
                ],
                [
                    44,
                    45,
                    [
                        [
                            405,
                            320
                        ],
                        [
                            375,
                            320
                        ]
                    ],
                    true
                ],
                [
                    45,
                    46,
                    [
                        [
                            435,
                            320
                        ],
                        [
                            405,
                            320
                        ]
                    ],
                    true
                ],
                [
                    46,
                    47,
                    [
                        [
                            465,
                            320
                        ],
                        [
                            435,
                            320
                        ]
                    ],
                    true
                ],
                [
                    47,
                    48,
                    [
                        [
                            495,
                            320
                        ],
                        [
                            465,
                            320
                        ]
                    ],
                    true
                ],
                [
                    48,
                    49,
                    [
                        [
                            525,
                            320
                        ],
                        [
                            495,
                            320
                        ]
                    ],
                    true
                ],
                [
                    49,
                    50,
                    [
                        [
                            560,
                            320
                        ],
                        [
                            525,
                            320
                        ]
                    ],
                    true
                ],
                [
                    50,
                    51,
                    [
                        [
                            585,
                            320
                        ],
                        [
                            560,
                            320
                        ]
                    ],
                    true
                ],
                [
                    51,
                    52,
                    [
                        [
                            615,
                            320
                        ],
                        [
                            585,
                            320
                        ]
                    ],
                    true
                ],
                [
                    52,
                    53,
                    [
                        [
                            645,
                            321
                        ],
                        [
                            615,
                            320
                        ]
                    ],
                    true
                ],
                [
                    53,
                    54,
                    [
                        [
                            680,
                            320
                        ],
                        [
                            645,
                            321
                        ]
                    ],
                    true
                ],
                [
                    54,
                    55,
                    [
                        [
                            705,
                            320
                        ],
                        [
                            680,
                            320
                        ]
                    ],
                    true
                ],
                [
                    55,
                    56,
                    [
                        [
                            735,
                            320
                        ],
                        [
                            705,
                            320
                        ]
                    ],
                    true
                ],
                [
                    56,
                    57,
                    [
                        [
                            800,
                            320
                        ],
                        [
                            735,
                            320
                        ]
                    ],
                    true
                ],
                [
                    57,
                    58,
                    [
                        [
                            830,
                            290
                        ],
                        [
                            800,
                            320
                        ]
                    ],
                    true
                ],
                [
                    58,
                    59,
                    [
                        [
                            860,
                            260
                        ],
                        [
                            830,
                            290
                        ]
                    ],
                    true
                ],
                [
                    59,
                    60,
                    [
                        [
                            890,
                            230
                        ],
                        [
                            860,
                            260
                        ]
                    ],
                    true
                ]
            ],
            "stations": [
                {
                    "coord": [
                        65,
                        120
                    ],
                    "is_working": true,
                    "name": "Sacramento Valley Station",
                    "rect": [
                        41,
                        77,
                        15,
                        132
                    ],
                    "text_id": 32,
                    "uid": 31
                },
                {
                    "coord": [
                        105,
                        145
                    ],
                    "is_working": true,
                    "name": "7th & I/County Center",
                    "rect": [
                        81,
                        85,
                        15,
                        108
                    ],
                    "text_id": 33,
                    "uid": 32
                },
                {
                    "coord": [
                        140,
                        180
                    ],
                    "is_working": true,
                    "name": "8th & K",
                    "rect": [
                        144,
                        133,
                        15,
                        39
                    ],
                    "text_id": 34,
                    "uid": 33
                },
                {
                    "coord": [
                        105,
                        245
                    ],
                    "is_working": true,
                    "name": "7th & Capitol",
                    "rect": null,
                    "text_id": 14,
                    "uid": 34
                },
                {
                    "coord": [
                        140,
                        260
                    ],
                    "is_working": true,
                    "name": "8th & Capitol",
                    "rect": null,
                    "text_id": 15,
                    "uid": 35
                },
                {
                    "coord": [
                        150,
                        290
                    ],
                    "is_working": true,
                    "name": "8th & O W",
                    "rect": null,
                    "text_id": 16,
                    "uid": 36
                },
                {
                    "coord": [
                        120,
                        290
                    ],
                    "is_working": true,
                    "name": "8th & O E",
                    "rect": null,
                    "text_id": 17,
                    "uid": 37
                },
                {
                    "coord": [
                        180,
                        290
                    ],
                    "is_working": true,
                    "name": "Archives Plaza",
                    "rect": null,
                    "text_id": 18,
                    "uid": 38
                },
                {
                    "coord": [
                        215,
                        320
                    ],
                    "is_working": true,
                    "name": "13th Street",
                    "rect": null,
                    "text_id": 19,
                    "uid": 39
                },
                {
                    "coord": [
                        250,
                        320
                    ],
                    "is_working": true,
                    "name": "16th Street",
                    "rect": null,
                    "text_id": 20,
                    "uid": 40
                },
                {
                    "coord": [
                        280,
                        320
                    ],
                    "is_working": true,
                    "name": "23rd Street",
                    "rect": [
                        274,
                        255,
                        15,
                        56
                    ],
                    "text_id": 35,
                    "uid": 41
                },
                {
                    "coord": [
                        310,
                        320
                    ],
                    "is_working": true,
                    "name": "29th Street",
                    "rect": [
                        304,
                        256,
                        15,
                        55
                    ],
                    "text_id": 36,
                    "uid": 42
                },
                {
                    "coord": [
                        345,
                        320
                    ],
                    "is_working": true,
                    "name": "39th Street",
                    "rect": [
                        338,
                        256,
                        15,
                        55
                    ],
                    "text_id": 37,
                    "uid": 43
                },
                {
                    "coord": [
                        375,
                        320
                    ],
                    "is_working": true,
                    "name": "48th Street",
                    "rect": [
                        368,
                        256,
                        15,
                        55
                    ],
                    "text_id": 38,
                    "uid": 44
                },
                {
                    "coord": [
                        405,
                        320
                    ],
                    "is_working": true,
                    "name": "59th Street",
                    "rect": [
                        398,
                        256,
                        15,
                        55
                    ],
                    "text_id": 39,
                    "uid": 45
                },
                {
                    "coord": [
                        435,
                        320
                    ],
                    "is_working": true,
                    "name": "University/65th Street",
                    "rect": [
                        428,
                        202,
                        15,
                        109
                    ],
                    "text_id": 40,
                    "uid": 46
                },
                {
                    "coord": [
                        465,
                        320
                    ],
                    "is_working": true,
                    "name": "Power Inn",
                    "rect": [
                        458,
                        260,
                        15,
                        51
                    ],
                    "text_id": 41,
                    "uid": 47
                },
                {
                    "coord": [
                        495,
                        320
                    ],
                    "is_working": true,
                    "name": "College Greens",
                    "rect": [
                        488,
                        232,
                        15,
                        79
                    ],
                    "text_id": 42,
                    "uid": 48
                },
                {
                    "coord": [
                        525,
                        320
                    ],
                    "is_working": true,
                    "name": "Watt/Manlove",
                    "rect": [
                        518,
                        241,
                        15,
                        69
                    ],
                    "text_id": 43,
                    "uid": 49
                },
                {
                    "coord": [
                        560,
                        320
                    ],
                    "is_working": true,
                    "name": "Starfire",
                    "rect": [
                        553,
                        273,
                        15,
                        38
                    ],
                    "text_id": 44,
                    "uid": 50
                },
                {
                    "coord": [
                        585,
                        320
                    ],
                    "is_working": true,
                    "name": "Tiber",
                    "rect": [
                        577,
                        284,
                        15,
                        27
                    ],
                    "text_id": 45,
                    "uid": 51
                },
                {
                    "coord": [
                        615,
                        320
                    ],
                    "is_working": true,
                    "name": "Butterfield",
                    "rect": [
                        608,
                        258,
                        15,
                        53
                    ],
                    "text_id": 46,
                    "uid": 52
                },
                {
                    "coord": [
                        645,
                        321
                    ],
                    "is_working": true,
                    "name": "Mather Field/Mills",
                    "rect": [
                        637,
                        221,
                        15,
                        90
                    ],
                    "text_id": 47,
                    "uid": 53
                },
                {
                    "coord": [
                        680,
                        320
                    ],
                    "is_working": true,
                    "name": "Zinfandel",
                    "rect": [
                        673,
                        264,
                        15,
                        47
                    ],
                    "text_id": 48,
                    "uid": 54
                },
                {
                    "coord": [
                        705,
                        320
                    ],
                    "is_working": true,
                    "name": "Cordova Town Center",
                    "rect": [
                        697,
                        202,
                        15,
                        109
                    ],
                    "text_id": 49,
                    "uid": 55
                },
                {
                    "coord": [
                        735,
                        320
                    ],
                    "is_working": true,
                    "name": "Sunrise",
                    "rect": [
                        728,
                        271,
                        15,
                        40
                    ],
                    "text_id": 50,
                    "uid": 56
                },
                {
                    "coord": [
                        800,
                        320
                    ],
                    "is_working": true,
                    "name": "Hazel",
                    "rect": [
                        814,
                        317,
                        30,
                        15
                    ],
                    "text_id": 51,
                    "uid": 57
                },
                {
                    "coord": [
                        830,
                        290
                    ],
                    "is_working": true,
                    "name": "Iron Point",
                    "rect": [
                        842,
                        288,
                        49,
                        15
                    ],
                    "text_id": 52,
                    "uid": 58
                },
                {
                    "coord": [
                        860,
                        260
                    ],
                    "is_working": true,
                    "name": "Glenn",
                    "rect": [
                        871,
                        257,
                        31,
                        15
                    ],
                    "text_id": 53,
                    "uid": 59
                },
                {
                    "coord": [
                        890,
                        230
                    ],
                    "is_working": true,
                    "name": "Historic Folsom",
                    "rect": [
                        828,
                        206,
                        80,
                        15
                    ],
                    "text_id": 54,
                    "uid": 60
                }
            ],
            "text_id": 55
        }
    ],
    "lines_width": 6,
    "name": "metro",
    "name_text_id": 56,
    "stations_diameter": 13.0,
    "transfers": [
        [
            19,
            39,
            [
                215,
                335
            ],
            [
                215,
                320
            ]
        ],
        [
            20,
            40,
            [
                250,
                335
            ],
            [
                250,
                320
            ]
        ],
        [
            14,
            34,
            [
                90,
                245
            ],
            [
                105,
                245
            ]
        ],
        [
            15,
            35,
            [
                150,
                260
            ],
            [
                140,
                260
            ]
        ],
        [
            17,
            37,
            [
                120,
                300
            ],
            [
                120,
                290
            ]
        ],
        [
            16,
            36,
            [
                150,
                300
            ],
            [
                150,
                290
            ]
        ],
        [
            18,
            38,
            [
                180,
                300
            ],
            [
                180,
                290
            ]
        ]
    ],
    "transports": [
        "metro"
    ],
    "type_name": "ROOT",
    "type_text_id": 57,
    "upper_case": false,
    "width": 1040,
    "word_wrap": false
}