{
    "0": "Shuanggang",
    "1": "Jiaoqiao",
    "2": "Changjiang Lu",
    "3": "Zhujiang Lu",
    "4": "Bayi Bridge West",
    "5": "Luyin Lu",
    "6": "Huizhan Lu",
    "7": "Metro Tower",
    "8": "Qiushui Square",
    "9": "Zhongshan Xi Lu",
    "10": "Zigu Lu",
    "11": "Bayi Guan",
    "12": "Bayi Square",
    "13": "Dinggong Lu North",
    "14": "Shida Nan Lu",
    "15": "Pengjia Qiao",
    "16": "Xiejia Cun",
    "17": "Qingshanhu Dadao",
    "18": "Gaoxin Dadao",
    "19": "Aixi Lake West",
    "20": "Aixi Lake East",
    "21": "Taizidian",
    "22": "Tianxiang Dadao",
    "23": "Olympic Stadium",
    "24": "Line 1",
    "25": "Metro",
    "26": "ROOT",
    "27": "Shema ot 05.03.2016g.",
    "28": "Imported from http://pmetro.su"
}