{
    "0": "Fern Rock",
    "1": "Olney",
    "2": "Logan",
    "3": "Wyoming",
    "4": "Hunting Park",
    "5": "Erie",
    "6": "Allegheny",
    "7": "North Philadelphia",
    "8": "Susquehanna-Dauphin",
    "9": "Cecil B. Moore",
    "10": "Girard",
    "11": "Fairmount 1",
    "12": "Spring Garden",
    "13": "Race-Vine",
    "14": "City Hall",
    "15": "Walnut-Locust",
    "16": "Lombard-South",
    "17": "Elisworth-Federal",
    "18": "Tasker-Morris",
    "19": "Snyder",
    "20": "Oregon",
    "21": "Pattison",
    "22": "Fairmount 2",
    "23": "Chinatown",
    "24": "8th/Market",
    "25": "Broad Street Line",
    "26": "Bridge-Pratt",
    "27": "Margaret-Orthodox",
    "28": "Church",
    "29": "Erie-Torresdale",
    "30": "Tioga",
    "31": "Somerset",
    "32": "Huntingdon",
    "33": "York-Dauphin",
    "34": "Berks",
    "35": "2nd",
    "36": "5th",
    "37": "11th",
    "38": "13th",
    "39": "15th",
    "40": "30th",
    "41": "34th",
    "42": "40th",
    "43": "46th",
    "44": "52th",
    "45": "56th",
    "46": "60th",
    "47": "63rd",
    "48": "Milbourne",
    "49": "69th Street Terminal",
    "50": "Market-Frankford Line",
    "51": "16th/15th",
    "52": "13th/12th",
    "53": "10th/9th",
    "54": "City Hall Camden",
    "55": "Broadway",
    "56": "Ferry Av. Camden",
    "57": "Collingswood",
    "58": "Westmont",
    "59": "Haddonfield",
    "60": "Woodcrest",
    "61": "Ashland",
    "62": "Lindenwold",
    "63": "PATCO Line",
    "64": "19th",
    "65": "22nd",
    "66": "33rd",
    "67": "36th 1",
    "68": "37th",
    "69": "36th 2",
    "70": "Subway-Surface Lines",
    "71": "Metro",
    "72": "ROOT",
    "73": "Shema ot 16.12.2006g.\nAvtor: Varlamov Dmitrij (www.chpeks.com)",
    "74": "Imported from http://pmetro.su"
}