{
    "0": "Залютіне",
    "1": "Холодна Гора",
    "2": "Південний Вокзал",
    "3": "Центральний ринок",
    "4": "Радянська",
    "5": "Проспект Гагаріна",
    "6": "Спортивна",
    "7": "Завод ім. Малишева",
    "8": "Московський проспект",
    "9": "Маршала Жукова",
    "10": "Радяньскої Армии",
    "11": "Ім. О.С.Масельского",
    "12": "Тракторний Завод",
    "13": "Пролетарська",
    "14": "Східна",
    "15": "Роганьска",
    "16": "Південна",
    "17": "Холодногірсько-Заводська",
    "18": "Жовтнева",
    "19": "Пл. Урицького",
    "20": "Історичний музей",
    "21": "Університет",
    "22": "Пушкінська",
    "23": "Київська",
    "24": "Академіка Барабашова",
    "25": "Академіка Павлова",
    "26": "Студентська",
    "27": "Героїв праці",
    "28": "Дружби Народів",
    "29": "Салтівська",
    "30": "Аеропорт",
    "31": "Мотель \"Дружба\"",
    "32": "Одеська",
    "33": "Державінська",
    "34": "Метробудівників",
    "35": "Пл. Повстання",
    "36": "Архітектора Бекетова",
    "37": "Держпром",
    "38": "Наукова",
    "39": "Ботанічний сад",
    "40": "23-го Серпня",
    "41": "Олексіївська",
    "42": "Пр.Перемоги",
    "43": "Гвардійців Широнінців",
    "44": "Тракторобудівників",
    "45": "Східна Салтівка",
    "46": "Салтівське відгалуження",
    "47": "Метро",
    "48": "ROOT",
    "49": "Метро",
    "50": "Схема от от 13.09.2007г.\nИнформация о времени проезда:\n- Программа MMetro Константина Штенникова,\nа также (по информации с сайта http://mmetro.al.ru):\n- Vadim Pudovkin,\n- Nick Bliznyuk,\n- Pavel A Gnezdilov.\n\nКарту прислал Владислав Савицкий.",
    "51": "Imported from http://pmetro.su"
}