{
    "lines": [
        {
            "delays": [],
            "name": "C1",
            "scheme": null,
            "segments": [
                [
                    110,
                    111,
                    300
                ],
                [
                    111,
                    110,
                    300
                ],
                [
                    111,
                    112,
                    300
                ],
                [
                    112,
                    111,
                    300
                ],
                [
                    112,
                    113,
                    300
                ],
                [
                    113,
                    112,
                    300
                ],
                [
                    113,
                    114,
                    300
                ],
                [
                    114,
                    113,
                    300
                ],
                [
                    114,
                    115,
                    300
                ],
                [
                    115,
                    114,
                    300
                ],
                [
                    115,
                    116,
                    300
                ],
                [
                    116,
                    115,
                    300
                ],
                [
                    116,
                    117,
                    300
                ],
                [
                    117,
                    116,
                    300
                ],
                [
                    117,
                    118,
                    300
                ],
                [
                    118,
                    117,
                    300
                ],
                [
                    118,
                    119,
                    300
                ],
                [
                    119,
                    118,
                    300
                ]
            ],
            "stations": [
                [
                    110,
                    "Cite Internationale/Centre de Congres",
                    105
                ],
                [
                    111,
                    "Musee d’Art Contemporain",
                    106
                ],
                [
                    112,
                    "Interpol",
                    107
                ],
                [
                    113,
                    "Parc Tete d’Or-Churchill",
                    108
                ],
                [
                    114,
                    "Museum",
                    109
                ],
                [
                    115,
                    "Parc Tete d’Or-Duquesne",
                    110
                ],
                [
                    116,
                    "Vitton-Belges",
                    111
                ],
                [
                    117,
                    "Brotteaux",
                    15
                ],
                [
                    118,
                    "Part Dieu-Jules Favre",
                    112
                ],
                [
                    119,
                    "Gare Part-Dieu/Vivier Merle",
                    16
                ]
            ],
            "text_id": 113
        },
        {
            "delays": [],
            "name": "C3",
            "scheme": null,
            "segments": [
                [
                    120,
                    121,
                    300
                ],
                [
                    121,
                    120,
                    300
                ],
                [
                    121,
                    122,
                    300
                ],
                [
                    122,
                    121,
                    300
                ],
                [
                    122,
                    123,
                    300
                ],
                [
                    123,
                    122,
                    300
                ],
                [
                    123,
                    124,
                    300
                ],
                [
                    124,
                    123,
                    300
                ],
                [
                    124,
                    125,
                    300
                ],
                [
                    125,
                    124,
                    300
                ],
                [
                    125,
                    126,
                    300
                ],
                [
                    126,
                    125,
                    300
                ],
                [
                    126,
                    127,
                    300
                ],
                [
                    127,
                    126,
                    300
                ],
                [
                    127,
                    128,
                    300
                ],
                [
                    128,
                    127,
                    300
                ],
                [
                    128,
                    129,
                    300
                ],
                [
                    129,
                    128,
                    300
                ],
                [
                    129,
                    130,
                    300
                ],
                [
                    130,
                    129,
                    300
                ],
                [
                    130,
                    131,
                    300
                ],
                [
                    131,
                    130,
                    300
                ],
                [
                    131,
                    132,
                    300
                ],
                [
                    132,
                    131,
                    300
                ],
                [
                    132,
                    133,
                    300
                ],
                [
                    133,
                    132,
                    300
                ],
                [
                    133,
                    134,
                    300
                ],
                [
                    134,
                    133,
                    300
                ],
                [
                    134,
                    135,
                    300
                ],
                [
                    135,
                    134,
                    300
                ],
                [
                    135,
                    136,
                    300
                ],
                [
                    136,
                    135,
                    300
                ],
                [
                    136,
                    137,
                    300
                ],
                [
                    137,
                    136,
                    300
                ],
                [
                    137,
                    138,
                    300
                ],
                [
                    138,
                    137,
                    300
                ],
                [
                    138,
                    139,
                    300
                ],
                [
                    139,
                    138,
                    300
                ],
                [
                    139,
                    140,
                    300
                ],
                [
                    140,
                    139,
                    300
                ],
                [
                    140,
                    141,
                    300
                ],
                [
                    141,
                    140,
                    300
                ],
                [
                    141,
                    142,
                    300
                ],
                [
                    142,
                    141,
                    300
                ],
                [
                    142,
                    143,
                    300
                ],
                [
                    143,
                    142,
                    300
                ],
                [
                    143,
                    144,
                    300
                ],
                [
                    144,
                    143,
                    300
                ],
                [
                    144,
                    145,
                    300
                ],
                [
                    145,
                    144,
                    300
                ],
                [
                    145,
                    146,
                    300
                ],
                [
                    146,
                    145,
                    300
                ],
                [
                    146,
                    147,
                    300
                ],
                [
                    147,
                    146,
                    300
                ],
                [
                    147,
                    148,
                    300
                ],
                [
                    148,
                    147,
                    300
                ],
                [
                    148,
                    149,
                    300
                ],
                [
                    149,
                    148,
                    300
                ],
                [
                    149,
                    150,
                    300
                ],
                [
                    150,
                    149,
                    300
                ],
                [
                    150,
                    151,
                    300
                ],
                [
                    151,
                    150,
                    300
                ],
                [
                    151,
                    152,
                    300
                ],
                [
                    152,
                    151,
                    300
                ],
                [
                    152,
                    153,
                    300
                ],
                [
                    153,
                    152,
                    300
                ]
            ],
            "stations": [
                [
                    120,
                    "Gare St Paul",
                    114
                ],
                [
                    121,
                    "La Feuillee",
                    115
                ],
                [
                    122,
                    "Terreaux",
                    116
                ],
                [
                    123,
                    "Hotel de Ville/Louis Pradel",
                    4
                ],
                [
                    124,
                    "Bat d’Argent",
                    117
                ],
                [
                    125,
                    "Cordeliers/Bourse",
                    118
                ],
                [
                    126,
                    "Moliere",
                    119
                ],
                [
                    127,
                    "Saxe-Lafayette",
                    120
                ],
                [
                    128,
                    "Les Halles/Paul Bocuse",
                    121
                ],
                [
                    129,
                    "Garibaldi-Lafayette",
                    122
                ],
                [
                    130,
                    "Part Dieu-Jules Favre",
                    112
                ],
                [
                    131,
                    "Thiers-Lafayette",
                    56
                ],
                [
                    132,
                    "Ste-Genevieve",
                    123
                ],
                [
                    133,
                    "Alsace",
                    124
                ],
                [
                    134,
                    "Institut d’Art Contemporain",
                    125
                ],
                [
                    135,
                    "Verlaine",
                    126
                ],
                [
                    136,
                    "L. Braille-Montaland",
                    127
                ],
                [
                    137,
                    "Blanqui/Centre Memoires et Societe",
                    128
                ],
                [
                    138,
                    "Grandclement",
                    129
                ],
                [
                    139,
                    "Poizat",
                    130
                ],
                [
                    140,
                    "Bernaix",
                    131
                ],
                [
                    141,
                    "Cyprian Leon Blum",
                    132
                ],
                [
                    142,
                    "Bon Coin",
                    133
                ],
                [
                    143,
                    "Leon Blum",
                    134
                ],
                [
                    144,
                    "L. Bonnevay/Astroballe",
                    12
                ],
                [
                    145,
                    "Pont des Planches",
                    135
                ],
                [
                    146,
                    "Lefevre",
                    136
                ],
                [
                    147,
                    "Cuzin Stalingrad",
                    137
                ],
                [
                    148,
                    "Vaulx Hotel de Ville",
                    138
                ],
                [
                    149,
                    "Grand Vire",
                    139
                ],
                [
                    150,
                    "Lesire",
                    140
                ],
                [
                    151,
                    "Mas du Taureau",
                    141
                ],
                [
                    152,
                    "Vaulx les Grolieres",
                    142
                ],
                [
                    153,
                    "Vaulx-en Velin/La Grappiniere",
                    143
                ]
            ],
            "text_id": 144
        }
    ],
    "name": "trolleybus",
    "transfers": [
        [
            3,
            125,
            120,
            true
        ],
        [
            4,
            123,
            120,
            true
        ],
        [
            23,
            123,
            120,
            true
        ],
        [
            12,
            144,
            120,
            true
        ],
        [
            15,
            117,
            120,
            true
        ],
        [
            16,
            119,
            120,
            true
        ],
        [
            118,
            130,
            120,
            true
        ],
        [
            58,
            119,
            120,
            true
        ],
        [
            100,
            119,
            120,
            true
        ],
        [
            57,
            131,
            120,
            true
        ]
    ],
    "type_name": "Троллейбус"
}