{
    "lines": [
        {
            "delays": [],
            "name": "1",
            "scheme": null,
            "segments": [
                [
                    0,
                    1,
                    120
                ],
                [
                    1,
                    0,
                    120
                ],
                [
                    1,
                    2,
                    120
                ],
                [
                    2,
                    1,
                    120
                ],
                [
                    2,
                    3,
                    120
                ],
                [
                    3,
                    2,
                    120
                ],
                [
                    3,
                    4,
                    120
                ],
                [
                    4,
                    3,
                    120
                ],
                [
                    4,
                    5,
                    120
                ],
                [
                    5,
                    4,
                    120
                ],
                [
                    5,
                    6,
                    120
                ],
                [
                    6,
                    5,
                    120
                ],
                [
                    6,
                    7,
                    120
                ],
                [
                    7,
                    6,
                    120
                ],
                [
                    7,
                    8,
                    120
                ],
                [
                    8,
                    7,
                    120
                ],
                [
                    8,
                    9,
                    120
                ],
                [
                    9,
                    8,
                    120
                ],
                [
                    9,
                    10,
                    120
                ],
                [
                    10,
                    9,
                    120
                ],
                [
                    10,
                    11,
                    120
                ],
                [
                    11,
                    10,
                    120
                ],
                [
                    11,
                    12,
                    120
                ],
                [
                    12,
                    11,
                    120
                ],
                [
                    12,
                    13,
                    120
                ],
                [
                    13,
                    12,
                    120
                ],
                [
                    13,
                    14,
                    120
                ],
                [
                    14,
                    13,
                    120
                ]
            ],
            "stations": [
                [
                    0,
                    "Naha-kuko",
                    0
                ],
                [
                    1,
                    "Akamine",
                    1
                ],
                [
                    2,
                    "Oroku",
                    2
                ],
                [
                    3,
                    "Onoyama-koen",
                    3
                ],
                [
                    4,
                    "Tsubogawa",
                    4
                ],
                [
                    5,
                    "Asahibashi",
                    5
                ],
                [
                    6,
                    "Kencho-mae",
                    6
                ],
                [
                    7,
                    "Miebashi",
                    7
                ],
                [
                    8,
                    "Makishi",
                    8
                ],
                [
                    9,
                    "Asato",
                    9
                ],
                [
                    10,
                    "Omoromachi",
                    10
                ],
                [
                    11,
                    "Furujima",
                    11
                ],
                [
                    12,
                    "Shiritsu-byoin-mae",
                    12
                ],
                [
                    13,
                    "Gibo",
                    13
                ],
                [
                    14,
                    "Shuri",
                    14
                ]
            ],
            "text_id": 15
        }
    ],
    "name": "metro",
    "transfers": [],
    "type_name": "Электричка"
}