{
    "lines": [
        {
            "delays": [],
            "name": "RandstadRail 3",
            "scheme": null,
            "segments": [
                [
                    0,
                    1,
                    120
                ],
                [
                    1,
                    0,
                    120
                ],
                [
                    1,
                    2,
                    120
                ],
                [
                    2,
                    1,
                    120
                ],
                [
                    2,
                    3,
                    120
                ],
                [
                    3,
                    2,
                    120
                ],
                [
                    3,
                    4,
                    120
                ],
                [
                    4,
                    3,
                    120
                ],
                [
                    4,
                    5,
                    120
                ],
                [
                    5,
                    4,
                    120
                ],
                [
                    5,
                    6,
                    120
                ],
                [
                    6,
                    5,
                    120
                ],
                [
                    6,
                    7,
                    120
                ],
                [
                    7,
                    6,
                    120
                ],
                [
                    7,
                    8,
                    120
                ],
                [
                    8,
                    7,
                    120
                ],
                [
                    8,
                    9,
                    120
                ],
                [
                    9,
                    8,
                    120
                ],
                [
                    9,
                    10,
                    120
                ],
                [
                    10,
                    9,
                    120
                ],
                [
                    10,
                    11,
                    120
                ],
                [
                    11,
                    10,
                    120
                ],
                [
                    11,
                    12,
                    120
                ],
                [
                    12,
                    11,
                    120
                ],
                [
                    12,
                    13,
                    120
                ],
                [
                    13,
                    12,
                    120
                ],
                [
                    13,
                    14,
                    120
                ],
                [
                    14,
                    13,
                    120
                ],
                [
                    14,
                    15,
                    120
                ],
                [
                    15,
                    14,
                    120
                ],
                [
                    15,
                    16,
                    120
                ],
                [
                    16,
                    15,
                    120
                ],
                [
                    16,
                    17,
                    120
                ],
                [
                    17,
                    16,
                    120
                ],
                [
                    17,
                    18,
                    120
                ],
                [
                    18,
                    17,
                    120
                ],
                [
                    18,
                    19,
                    120
                ],
                [
                    19,
                    18,
                    120
                ],
                [
                    19,
                    20,
                    120
                ],
                [
                    20,
                    19,
                    120
                ],
                [
                    20,
                    21,
                    120
                ],
                [
                    21,
                    20,
                    120
                ],
                [
                    21,
                    22,
                    120
                ],
                [
                    22,
                    21,
                    120
                ]
            ],
            "stations": [
                [
                    0,
                    "Grote Markt",
                    0
                ],
                [
                    1,
                    "Spui",
                    1
                ],
                [
                    2,
                    "Den Haag Centraal Station",
                    2
                ],
                [
                    3,
                    "Beatrixlaan",
                    3
                ],
                [
                    4,
                    "Laan van NOI",
                    4
                ],
                [
                    5,
                    "Voorburg't Loo",
                    5
                ],
                [
                    6,
                    "Leidschendam-Voorburg",
                    6
                ],
                [
                    7,
                    "Forepark",
                    7
                ],
                [
                    8,
                    "Leidschenveen",
                    8
                ],
                [
                    9,
                    "Voorweg Laag/Voorweg Hoog 1",
                    9
                ],
                [
                    10,
                    "Centrum-West 1",
                    10
                ],
                [
                    11,
                    "Stadhuis",
                    11
                ],
                [
                    12,
                    "Palenstein",
                    12
                ],
                [
                    13,
                    "Seghwaert",
                    13
                ],
                [
                    14,
                    "Leidsewallen",
                    14
                ],
                [
                    15,
                    "De Leyens",
                    15
                ],
                [
                    16,
                    "Buytenwegh",
                    16
                ],
                [
                    17,
                    "Voorweg Laag/Voorweg Hoog 2",
                    17
                ],
                [
                    18,
                    "Meerzicht",
                    18
                ],
                [
                    19,
                    "Driemanspolder",
                    19
                ],
                [
                    20,
                    "Delftswallen",
                    20
                ],
                [
                    21,
                    "Dorp",
                    21
                ],
                [
                    22,
                    "Centrum-West 2",
                    22
                ]
            ],
            "text_id": 23
        },
        {
            "delays": [],
            "name": "RandstadRail 4",
            "scheme": null,
            "segments": [
                [
                    23,
                    24,
                    120
                ],
                [
                    24,
                    23,
                    120
                ],
                [
                    24,
                    25,
                    120
                ],
                [
                    25,
                    24,
                    120
                ],
                [
                    25,
                    26,
                    120
                ],
                [
                    26,
                    25,
                    120
                ],
                [
                    26,
                    27,
                    120
                ],
                [
                    27,
                    26,
                    120
                ],
                [
                    27,
                    28,
                    120
                ],
                [
                    28,
                    27,
                    120
                ],
                [
                    28,
                    29,
                    120
                ],
                [
                    29,
                    28,
                    120
                ],
                [
                    29,
                    30,
                    120
                ],
                [
                    30,
                    29,
                    120
                ],
                [
                    30,
                    31,
                    120
                ],
                [
                    31,
                    30,
                    120
                ],
                [
                    31,
                    32,
                    120
                ],
                [
                    32,
                    31,
                    120
                ],
                [
                    32,
                    33,
                    120
                ],
                [
                    33,
                    32,
                    120
                ],
                [
                    33,
                    34,
                    120
                ],
                [
                    34,
                    33,
                    120
                ],
                [
                    34,
                    35,
                    120
                ],
                [
                    35,
                    34,
                    120
                ],
                [
                    35,
                    36,
                    120
                ],
                [
                    36,
                    35,
                    120
                ],
                [
                    36,
                    37,
                    120
                ],
                [
                    37,
                    36,
                    120
                ],
                [
                    37,
                    38,
                    120
                ],
                [
                    38,
                    37,
                    120
                ]
            ],
            "stations": [
                [
                    23,
                    "Grote Markt",
                    0
                ],
                [
                    24,
                    "Spui",
                    1
                ],
                [
                    25,
                    "Den Haag Centraal Station",
                    2
                ],
                [
                    26,
                    "Beatrixlaan",
                    3
                ],
                [
                    27,
                    "Laan van NOI",
                    4
                ],
                [
                    28,
                    "Voorburg't Loo",
                    5
                ],
                [
                    29,
                    "Leidschendam-Voorburg",
                    6
                ],
                [
                    30,
                    "Forepark",
                    7
                ],
                [
                    31,
                    "Leidschenveen",
                    8
                ],
                [
                    32,
                    "Voorweg Laag/Voorweg Hoog 1",
                    9
                ],
                [
                    33,
                    "Centrum-West 1",
                    10
                ],
                [
                    34,
                    "Stadhuis",
                    11
                ],
                [
                    35,
                    "Palenstein",
                    12
                ],
                [
                    36,
                    "Seghwaert",
                    13
                ],
                [
                    37,
                    "Willem Dreeslaan",
                    24
                ],
                [
                    38,
                    "Oosterheem",
                    25
                ]
            ],
            "text_id": 26
        }
    ],
    "name": "metro",
    "transfers": [
        [
            3,
            26,
            0,
            true
        ],
        [
            10,
            33,
            0,
            true
        ],
        [
            10,
            22,
            120,
            true
        ],
        [
            33,
            22,
            120,
            true
        ],
        [
            2,
            25,
            0,
            true
        ],
        [
            7,
            30,
            0,
            true
        ],
        [
            0,
            23,
            0,
            true
        ],
        [
            4,
            27,
            0,
            true
        ],
        [
            6,
            29,
            0,
            true
        ],
        [
            8,
            31,
            0,
            true
        ],
        [
            12,
            35,
            0,
            true
        ],
        [
            13,
            36,
            0,
            true
        ],
        [
            1,
            24,
            0,
            true
        ],
        [
            11,
            34,
            0,
            true
        ],
        [
            5,
            28,
            0,
            true
        ],
        [
            9,
            32,
            0,
            true
        ],
        [
            9,
            17,
            120,
            true
        ],
        [
            32,
            17,
            120,
            true
        ]
    ],
    "type_name": "Трамвай"
}