{
    "default_transports": [
        "metro"
    ],
    "height": 990,
    "images": [
        "res/schemes/a.svg"
    ],
    "is_vector": true,
    "lines": [
        {
            "labels_bg_color": "-1",
            "labels_color": "000000",
            "line_color": "FF6300",
            "line_width": 9,
            "name": "A",
            "segments": [
                [
                    0,
                    1,
                    [
                        [
                            200,
                            90
                        ],
                        [
                            200,
                            60
                        ]
                    ],
                    true
                ],
                [
                    1,
                    2,
                    [
                        [
                            200,
                            120
                        ],
                        [
                            200,
                            90
                        ]
                    ],
                    true
                ],
                [
                    2,
                    3,
                    [
                        [
                            200,
                            150
                        ],
                        [
                            200,
                            120
                        ]
                    ],
                    true
                ],
                [
                    3,
                    4,
                    [
                        [
                            200,
                            180
                        ],
                        [
                            200,
                            150
                        ]
                    ],
                    true
                ],
                [
                    4,
                    5,
                    [
                        [
                            200,
                            210
                        ],
                        [
                            200,
                            180
                        ]
                    ],
                    true
                ],
                [
                    5,
                    6,
                    [
                        [
                            200,
                            240
                        ],
                        [
                            200,
                            210
                        ]
                    ],
                    true
                ],
                [
                    6,
                    7,
                    [
                        [
                            200,
                            270
                        ],
                        [
                            200,
                            240
                        ]
                    ],
                    true
                ],
                [
                    7,
                    8,
                    [
                        [
                            200,
                            300
                        ],
                        [
                            200,
                            270
                        ]
                    ],
                    true
                ],
                [
                    8,
                    9,
                    [
                        [
                            200,
                            330
                        ],
                        [
                            200,
                            300
                        ]
                    ],
                    true
                ],
                [
                    9,
                    10,
                    [
                        [
                            200,
                            360
                        ],
                        [
                            200,
                            330
                        ]
                    ],
                    true
                ],
                [
                    10,
                    11,
                    [
                        [
                            200,
                            390
                        ],
                        [
                            200,
                            360
                        ]
                    ],
                    true
                ],
                [
                    11,
                    12,
                    [
                        [
                            200,
                            420
                        ],
                        [
                            200,
                            390
                        ]
                    ],
                    true
                ],
                [
                    12,
                    13,
                    [
                        [
                            200,
                            450
                        ],
                        [
                            200,
                            420
                        ]
                    ],
                    true
                ],
                [
                    13,
                    14,
                    [
                        [
                            200,
                            480
                        ],
                        [
                            200,
                            450
                        ]
                    ],
                    true
                ],
                [
                    14,
                    15,
                    [
                        [
                            200,
                            510
                        ],
                        [
                            200,
                            480
                        ]
                    ],
                    true
                ],
                [
                    15,
                    16,
                    [
                        [
                            200,
                            540
                        ],
                        [
                            200,
                            510
                        ]
                    ],
                    true
                ],
                [
                    16,
                    17,
                    [
                        [
                            200,
                            570
                        ],
                        [
                            200,
                            540
                        ]
                    ],
                    true
                ],
                [
                    17,
                    18,
                    [
                        [
                            200,
                            600
                        ],
                        [
                            200,
                            570
                        ]
                    ],
                    true
                ],
                [
                    18,
                    19,
                    [
                        [
                            200,
                            630
                        ],
                        [
                            200,
                            600
                        ]
                    ],
                    true
                ],
                [
                    19,
                    20,
                    [
                        [
                            200,
                            660
                        ],
                        [
                            200,
                            630
                        ]
                    ],
                    true
                ],
                [
                    20,
                    21,
                    [
                        [
                            200,
                            690
                        ],
                        [
                            200,
                            660
                        ]
                    ],
                    true
                ],
                [
                    21,
                    22,
                    [
                        [
                            200,
                            720
                        ],
                        [
                            200,
                            690
                        ]
                    ],
                    true
                ],
                [
                    22,
                    23,
                    [
                        [
                            200,
                            750
                        ],
                        [
                            200,
                            720
                        ]
                    ],
                    true
                ],
                [
                    23,
                    24,
                    [
                        [
                            200,
                            780
                        ],
                        [
                            200,
                            750
                        ]
                    ],
                    true
                ],
                [
                    24,
                    25,
                    [
                        [
                            200,
                            810
                        ],
                        [
                            200,
                            780
                        ]
                    ],
                    true
                ],
                [
                    25,
                    26,
                    [
                        [
                            200,
                            840
                        ],
                        [
                            200,
                            810
                        ]
                    ],
                    true
                ]
            ],
            "stations": [
                {
                    "coord": [
                        200,
                        60
                    ],
                    "is_working": true,
                    "name": "Battistini",
                    "rect": [
                        215,
                        50,
                        100,
                        20
                    ],
                    "text_id": 0,
                    "uid": 0
                },
                {
                    "coord": [
                        200,
                        90
                    ],
                    "is_working": true,
                    "name": "Cornelia",
                    "rect": [
                        215,
                        80,
                        100,
                        20
                    ],
                    "text_id": 1,
                    "uid": 1
                },
                {
                    "coord": [
                        200,
                        120
                    ],
                    "is_working": true,
                    "name": "Baldo degli Ubaldi",
                    "rect": [
                        215,
                        110,
                        100,
                        20
                    ],
                    "text_id": 2,
                    "uid": 2
                },
                {
                    "coord": [
                        200,
                        150
                    ],
                    "is_working": true,
                    "name": "Valle Aurelia",
                    "rect": [
                        215,
                        140,
                        100,
                        20
                    ],
                    "text_id": 3,
                    "uid": 3
                },
                {
                    "coord": [
                        200,
                        180
                    ],
                    "is_working": true,
                    "name": "Cipro - Musei Vaticani",
                    "rect": [
                        215,
                        170,
                        100,
                        20
                    ],
                    "text_id": 4,
                    "uid": 4
                },
                {
                    "coord": [
                        200,
                        210
                    ],
                    "is_working": true,
                    "name": "Ottaviano S.Pietro",
                    "rect": [
                        215,
                        200,
                        100,
                        20
                    ],
                    "text_id": 5,
                    "uid": 5
                },
                {
                    "coord": [
                        200,
                        240
                    ],
                    "is_working": true,
                    "name": "Lepanto",
                    "rect": [
                        215,
                        230,
                        100,
                        20
                    ],
                    "text_id": 6,
                    "uid": 6
                },
                {
                    "coord": [
                        200,
                        270
                    ],
                    "is_working": true,
                    "name": "Flaminio",
                    "rect": [
                        215,
                        260,
                        100,
                        20
                    ],
                    "text_id": 7,
                    "uid": 7
                },
                {
                    "coord": [
                        200,
                        300
                    ],
                    "is_working": true,
                    "name": "Piazza di Spagna",
                    "rect": [
                        215,
                        290,
                        100,
                        20
                    ],
                    "text_id": 8,
                    "uid": 8
                },
                {
                    "coord": [
                        200,
                        330
                    ],
                    "is_working": true,
                    "name": "Barberini",
                    "rect": [
                        215,
                        320,
                        100,
                        20
                    ],
                    "text_id": 9,
                    "uid": 9
                },
                {
                    "coord": [
                        200,
                        360
                    ],
                    "is_working": true,
                    "name": "Repubblica",
                    "rect": [
                        215,
                        350,
                        100,
                        20
                    ],
                    "text_id": 10,
                    "uid": 10
                },
                {
                    "coord": [
                        200,
                        390
                    ],
                    "is_working": true,
                    "name": "Termini",
                    "rect": [
                        215,
                        380,
                        100,
                        20
                    ],
                    "text_id": 11,
                    "uid": 11
                },
                {
                    "coord": [
                        200,
                        420
                    ],
                    "is_working": true,
                    "name": "Vittorio Emanuele",
                    "rect": [
                        215,
                        410,
                        100,
                        20
                    ],
                    "text_id": 12,
                    "uid": 12
                },
                {
                    "coord": [
                        200,
                        450
                    ],
                    "is_working": true,
                    "name": "Manzoni",
                    "rect": [
                        215,
                        440,
                        100,
                        20
                    ],
                    "text_id": 13,
                    "uid": 13
                },
                {
                    "coord": [
                        200,
                        480
                    ],
                    "is_working": true,
                    "name": "San Giovani",
                    "rect": [
                        215,
                        470,
                        100,
                        20
                    ],
                    "text_id": 14,
                    "uid": 14
                },
                {
                    "coord": [
                        200,
                        510
                    ],
                    "is_working": true,
                    "name": "Re di Roma",
                    "rect": [
                        215,
                        500,
                        100,
                        20
                    ],
                    "text_id": 15,
                    "uid": 15
                },
                {
                    "coord": [
                        200,
                        540
                    ],
                    "is_working": true,
                    "name": "Ponte Lungo",
                    "rect": [
                        215,
                        530,
                        100,
                        20
                    ],
                    "text_id": 16,
                    "uid": 16
                },
                {
                    "coord": [
                        200,
                        570
                    ],
                    "is_working": true,
                    "name": "Furio Camillo",
                    "rect": [
                        215,
                        560,
                        100,
                        20
                    ],
                    "text_id": 17,
                    "uid": 17
                },
                {
                    "coord": [
                        200,
                        600
                    ],
                    "is_working": true,
                    "name": "Colli Albani",
                    "rect": [
                        215,
                        590,
                        100,
                        20
                    ],
                    "text_id": 18,
                    "uid": 18
                },
                {
                    "coord": [
                        200,
                        630
                    ],
                    "is_working": true,
                    "name": "Arco di Travertino",
                    "rect": [
                        215,
                        620,
                        100,
                        20
                    ],
                    "text_id": 19,
                    "uid": 19
                },
                {
                    "coord": [
                        200,
                        660
                    ],
                    "is_working": true,
                    "name": "Porta Furba - Quadraro",
                    "rect": [
                        215,
                        650,
                        100,
                        20
                    ],
                    "text_id": 20,
                    "uid": 20
                },
                {
                    "coord": [
                        200,
                        690
                    ],
                    "is_working": true,
                    "name": "Numidio Quadrato",
                    "rect": [
                        215,
                        680,
                        100,
                        20
                    ],
                    "text_id": 21,
                    "uid": 21
                },
                {
                    "coord": [
                        200,
                        720
                    ],
                    "is_working": true,
                    "name": "Lucio Sestio",
                    "rect": [
                        215,
                        710,
                        100,
                        20
                    ],
                    "text_id": 22,
                    "uid": 22
                },
                {
                    "coord": [
                        200,
                        750
                    ],
                    "is_working": true,
                    "name": "Giuglio Agricola",
                    "rect": [
                        215,
                        740,
                        100,
                        20
                    ],
                    "text_id": 23,
                    "uid": 23
                },
                {
                    "coord": [
                        200,
                        780
                    ],
                    "is_working": true,
                    "name": "Subaugusta",
                    "rect": [
                        215,
                        770,
                        100,
                        20
                    ],
                    "text_id": 24,
                    "uid": 24
                },
                {
                    "coord": [
                        200,
                        810
                    ],
                    "is_working": true,
                    "name": "Cinecitta",
                    "rect": [
                        215,
                        800,
                        100,
                        20
                    ],
                    "text_id": 25,
                    "uid": 25
                },
                {
                    "coord": [
                        200,
                        840
                    ],
                    "is_working": true,
                    "name": "Anagnina",
                    "rect": [
                        215,
                        830,
                        100,
                        20
                    ],
                    "text_id": 26,
                    "uid": 26
                }
            ],
            "text_id": 27
        },
        {
            "labels_bg_color": "-1",
            "labels_color": "000000",
            "line_color": "8787FD",
            "line_width": 9,
            "name": "B",
            "segments": [],
            "stations": [
                {
                    "coord": null,
                    "is_working": true,
                    "name": "Jonio",
                    "rect": null,
                    "text_id": 28,
                    "uid": 27
                },
                {
                    "coord": null,
                    "is_working": true,
                    "name": "Conca d'Oro",
                    "rect": null,
                    "text_id": 29,
                    "uid": 28
                },
                {
                    "coord": null,
                    "is_working": true,
                    "name": "Libia",
                    "rect": null,
                    "text_id": 30,
                    "uid": 29
                },
                {
                    "coord": null,
                    "is_working": true,
                    "name": "Annibaliano",
                    "rect": null,
                    "text_id": 31,
                    "uid": 30
                },
                {
                    "coord": null,
                    "is_working": true,
                    "name": "Rebibbia",
                    "rect": null,
                    "text_id": 32,
                    "uid": 31
                },
                {
                    "coord": null,
                    "is_working": true,
                    "name": "Ponte Mammolo",
                    "rect": null,
                    "text_id": 33,
                    "uid": 32
                },
                {
                    "coord": null,
                    "is_working": true,
                    "name": "Santa Maria del Soccorso",
                    "rect": null,
                    "text_id": 34,
                    "uid": 33
                },
                {
                    "coord": null,
                    "is_working": true,
                    "name": "Pietralata",
                    "rect": null,
                    "text_id": 35,
                    "uid": 34
                },
                {
                    "coord": null,
                    "is_working": true,
                    "name": "Monti Tiburtini",
                    "rect": null,
                    "text_id": 36,
                    "uid": 35
                },
                {
                    "coord": null,
                    "is_working": true,
                    "name": "Quintiliani",
                    "rect": null,
                    "text_id": 37,
                    "uid": 36
                },
                {
                    "coord": null,
                    "is_working": true,
                    "name": "Tiburtina",
                    "rect": null,
                    "text_id": 38,
                    "uid": 37
                },
                {
                    "coord": null,
                    "is_working": true,
                    "name": "Bologna",
                    "rect": null,
                    "text_id": 39,
                    "uid": 38
                },
                {
                    "coord": null,
                    "is_working": true,
                    "name": "Policlinico",
                    "rect": null,
                    "text_id": 40,
                    "uid": 39
                },
                {
                    "coord": null,
                    "is_working": true,
                    "name": "Castro Pretorio",
                    "rect": null,
                    "text_id": 41,
                    "uid": 40
                },
                {
                    "coord": [
                        180,
                        390
                    ],
                    "is_working": true,
                    "name": "Termini",
                    "rect": [
                        66,
                        381,
                        100,
                        20
                    ],
                    "text_id": 11,
                    "uid": 41
                },
                {
                    "coord": null,
                    "is_working": true,
                    "name": "Cavour",
                    "rect": null,
                    "text_id": 42,
                    "uid": 42
                },
                {
                    "coord": null,
                    "is_working": true,
                    "name": "Colosseo",
                    "rect": null,
                    "text_id": 43,
                    "uid": 43
                },
                {
                    "coord": null,
                    "is_working": true,
                    "name": "Circo Massimo",
                    "rect": null,
                    "text_id": 44,
                    "uid": 44
                },
                {
                    "coord": null,
                    "is_working": true,
                    "name": "Piramide",
                    "rect": null,
                    "text_id": 45,
                    "uid": 45
                },
                {
                    "coord": null,
                    "is_working": true,
                    "name": "Garbatella",
                    "rect": null,
                    "text_id": 46,
                    "uid": 46
                },
                {
                    "coord": null,
                    "is_working": true,
                    "name": "Basilica San Paolo",
                    "rect": null,
                    "text_id": 47,
                    "uid": 47
                },
                {
                    "coord": null,
                    "is_working": true,
                    "name": "Marconi",
                    "rect": null,
                    "text_id": 48,
                    "uid": 48
                },
                {
                    "coord": null,
                    "is_working": true,
                    "name": "Eur Magliana",
                    "rect": null,
                    "text_id": 49,
                    "uid": 49
                },
                {
                    "coord": null,
                    "is_working": true,
                    "name": "Eur Palasport",
                    "rect": null,
                    "text_id": 50,
                    "uid": 50
                },
                {
                    "coord": null,
                    "is_working": true,
                    "name": "Eur Fermi",
                    "rect": null,
                    "text_id": 51,
                    "uid": 51
                },
                {
                    "coord": null,
                    "is_working": true,
                    "name": "Laurentina",
                    "rect": null,
                    "text_id": 52,
                    "uid": 52
                }
            ],
            "text_id": 53
        }
    ],
    "lines_width": 9,
    "name": "a",
    "name_text_id": 27,
    "stations_diameter": 16.0,
    "transfers": [
        [
            11,
            41,
            [
                200,
                390
            ],
            [
                180,
                390
            ]
        ]
    ],
    "transports": [
        "metro"
    ],
    "type_name": "Метро",
    "type_text_id": 78,
    "upper_case": true,
    "width": 350,
    "word_wrap": true
}