{
    "0": "De Akkers",
    "1": "Heemraadlaan",
    "2": "Spijkenisse Centrum",
    "3": "Zlmplaat",
    "4": "Hoogvliet",
    "5": "Tussenwater",
    "6": "Poortugal",
    "7": "Rhoon",
    "8": "Slinge",
    "9": "Zuidplein",
    "10": "Maashaven",
    "11": "Rijnhaven",
    "12": "Wilhelminaplein",
    "13": "Leuvehaven",
    "14": "Beurs",
    "15": "Stadhuis",
    "16": "Central Station",
    "17": "Blijdorp",
    "18": "Erasmuslijn",
    "19": "Pernis",
    "20": "Vijfsluitzen",
    "21": "Troelstralaan",
    "22": "Parkweg",
    "23": "Sciedam Centrum",
    "24": "Marconiplein",
    "25": "Delfshafen",
    "26": "Coolhaven",
    "27": "Dijkzigt",
    "28": "Eendrachtsplein",
    "29": "Blaak",
    "30": "Oostplein",
    "31": "Gerdesiaweg",
    "32": "Voorshorteer-Iann",
    "33": "Kranlingse Zoom",
    "34": "Capelsebrug",
    "35": "Slotlaan",
    "36": "Capelle Centrum",
    "37": "De Terp",
    "38": "Schenkel",
    "39": "Prinsenlaan",
    "40": "Oosterflank",
    "41": "Alexander",
    "42": "Graskruid",
    "43": "Heisseplaats",
    "44": "Nienw Verlaat",
    "45": "Ambachts- land",
    "46": "De Tochen",
    "47": "Nesselande",
    "48": "Romeynshof",
    "49": "Binnenhof",
    "50": "Calandlijn",
    "51": "Метро",
    "52": "ROOT",
    "53": "Метро",
    "54": "Схема от 09.07.2008г.\nКарту прислал Савицкий Владислав.\n\nИнтервалы движения - ждем Вашей помощи.",
    "55": "Imported from http://pmetro.su"
}