{
    "0": "TETs-9",
    "1": "NPZ",
    "2": "Nefteprovod",
    "3": "M. Trakt",
    "4": "AEMZ",
    "5": "Energosbyt",
    "6": "OKBA",
    "7": "Po trebovaniju",
    "8": "102 kv-l",
    "9": "P. Bajkal'sk",
    "10": "Ul. Chajkovskogo",
    "11": "Ul. Fajzulina",
    "12": "Ul. Gor'kogo",
    "13": "Shvejnaja fabrika",
    "14": "Dvorets tvorchestva",
    "15": "Ul. Moskovskaja",
    "16": "Tehnikum",
    "17": "Ts. Rynok",
    "18": "Teh. Uchilische",
    "19": "Sangorodok",
    "20": "Tramvaj № 1",
    "21": "17 mk/r",
    "22": "Ul. Kominterna",
    "23": "Apteka",
    "24": "Ul. Kosmonavtov",
    "25": "k/t Rodina",
    "26": "Angarskij prospekt",
    "27": "Ul. Zurabova",
    "28": "Ul. Krupskoj",
    "29": "Gorgaz",
    "30": "Stal'konstruktsija",
    "31": "Sady",
    "32": "ul. Svjazi",
    "33": "Majskij vokzal",
    "34": "Tramvaj № 3",
    "35": "Ul. Sotsialisticheskaja",
    "36": "Ul. Enisejskaja",
    "37": "11 mk/r",
    "38": "12 mk/r",
    "39": "7A mk/r",
    "40": "Uzel Svjazi",
    "41": "Institut",
    "42": "Ul. Gagarina",
    "43": "Ul. Voroshilova",
    "44": "Raduga",
    "45": "Tramvaj № 4",
    "46": "205 kv-l",
    "47": "Kv-l A",
    "48": "Avtostantsija",
    "49": "A/k 1948",
    "50": "ANHK",
    "51": "RMZ",
    "52": "ATPR",
    "53": "Zavod polimerov",
    "54": "Tramvaj № 5",
    "55": "Tramvaj № 6",
    "56": "Tramvaj № 7",
    "57": "Ul. Mira",
    "58": "Rybbaza",
    "59": "Peresechenie",
    "60": "Angara",
    "61": "Lodochnaja",
    "62": "ZBH",
    "63": "Tramvaj № 10",
    "64": "Kislorodnaja",
    "65": "Tramvaj № 11",
    "66": "Tram",
    "67": "ROOT",
    "68": "Shema tramvaev\nShema ot 13.10.2008g.\nAvtor: Varlamov Dmitrij (www.chpeks.com)",
    "69": "Imported from http://pmetro.su"
}