{
    "default_transports": [
        "metro"
    ],
    "height": 698,
    "images": [
        "res/schemes/daegu.svg"
    ],
    "is_vector": true,
    "lines": [
        {
            "labels_bg_color": "FEFAEC",
            "labels_color": "CD5836",
            "line_color": "CD5836",
            "line_width": 7,
            "name": "1",
            "segments": [
                [
                    0,
                    1,
                    [
                        [
                            252,
                            528
                        ],
                        [
                            232,
                            548
                        ]
                    ],
                    true
                ],
                [
                    1,
                    2,
                    [
                        [
                            272,
                            508
                        ],
                        [
                            252,
                            528
                        ]
                    ],
                    true
                ],
                [
                    2,
                    3,
                    [
                        [
                            292,
                            488
                        ],
                        [
                            272,
                            508
                        ]
                    ],
                    true
                ],
                [
                    3,
                    4,
                    [
                        [
                            312,
                            468
                        ],
                        [
                            292,
                            488
                        ]
                    ],
                    true
                ],
                [
                    4,
                    5,
                    [
                        [
                            331,
                            449
                        ],
                        [
                            312,
                            468
                        ]
                    ],
                    true
                ],
                [
                    5,
                    6,
                    [
                        [
                            351,
                            429
                        ],
                        [
                            331,
                            449
                        ]
                    ],
                    true
                ],
                [
                    6,
                    7,
                    [
                        [
                            370,
                            410
                        ],
                        [
                            351,
                            429
                        ]
                    ],
                    true
                ],
                [
                    7,
                    8,
                    [
                        [
                            390,
                            390
                        ],
                        [
                            370,
                            410
                        ]
                    ],
                    true
                ],
                [
                    8,
                    9,
                    [
                        [
                            410,
                            370
                        ],
                        [
                            390,
                            390
                        ]
                    ],
                    true
                ],
                [
                    9,
                    10,
                    [
                        [
                            423.0,
                            343.0
                        ],
                        [
                            423.01,
                            344.8
                        ],
                        [
                            422.91,
                            346.59
                        ],
                        [
                            422.7,
                            348.37
                        ],
                        [
                            422.38,
                            350.12
                        ],
                        [
                            421.95,
                            351.87
                        ],
                        [
                            421.41,
                            353.59
                        ],
                        [
                            420.76,
                            355.3
                        ],
                        [
                            420.0,
                            357.0
                        ],
                        [
                            419.13,
                            358.68
                        ],
                        [
                            418.16,
                            360.34
                        ],
                        [
                            417.07,
                            361.99
                        ],
                        [
                            415.88,
                            363.62
                        ],
                        [
                            414.57,
                            365.24
                        ],
                        [
                            413.16,
                            366.84
                        ],
                        [
                            411.63,
                            368.43
                        ],
                        [
                            410.0,
                            370.0
                        ]
                    ],
                    true
                ],
                [
                    10,
                    11,
                    [
                        [
                            423,
                            320
                        ],
                        [
                            423,
                            343
                        ]
                    ],
                    true
                ],
                [
                    11,
                    12,
                    [
                        [
                            423,
                            296
                        ],
                        [
                            423,
                            320
                        ]
                    ],
                    true
                ],
                [
                    12,
                    13,
                    [
                        [
                            423,
                            273
                        ],
                        [
                            423,
                            296
                        ]
                    ],
                    true
                ],
                [
                    13,
                    14,
                    [
                        [
                            423,
                            246
                        ],
                        [
                            423,
                            273
                        ]
                    ],
                    true
                ],
                [
                    14,
                    15,
                    [
                        [
                            428.0,
                            218.0
                        ],
                        [
                            427.34,
                            218.81
                        ],
                        [
                            426.72,
                            219.75
                        ],
                        [
                            426.15,
                            220.81
                        ],
                        [
                            425.62,
                            222.0
                        ],
                        [
                            425.15,
                            223.31
                        ],
                        [
                            424.72,
                            224.75
                        ],
                        [
                            424.34,
                            226.31
                        ],
                        [
                            424.0,
                            228.0
                        ],
                        [
                            423.71,
                            229.81
                        ],
                        [
                            423.47,
                            231.75
                        ],
                        [
                            423.27,
                            233.81
                        ],
                        [
                            423.12,
                            236.0
                        ],
                        [
                            423.02,
                            238.31
                        ],
                        [
                            422.97,
                            240.75
                        ],
                        [
                            422.96,
                            243.31
                        ],
                        [
                            423.0,
                            246.0
                        ]
                    ],
                    true
                ],
                [
                    15,
                    16,
                    [
                        [
                            451,
                            195
                        ],
                        [
                            428,
                            218
                        ]
                    ],
                    true
                ],
                [
                    16,
                    17,
                    [
                        [
                            468,
                            178
                        ],
                        [
                            451,
                            195
                        ]
                    ],
                    true
                ],
                [
                    17,
                    18,
                    [
                        [
                            487,
                            159
                        ],
                        [
                            468,
                            178
                        ]
                    ],
                    true
                ],
                [
                    18,
                    19,
                    [
                        [
                            506,
                            140
                        ],
                        [
                            487,
                            159
                        ]
                    ],
                    true
                ],
                [
                    19,
                    20,
                    [
                        [
                            527.0,
                            122.0
                        ],
                        [
                            525.57,
                            122.89
                        ],
                        [
                            524.16,
                            123.81
                        ],
                        [
                            522.76,
                            124.77
                        ],
                        [
                            521.38,
                            125.75
                        ],
                        [
                            520.01,
                            126.77
                        ],
                        [
                            518.66,
                            127.81
                        ],
                        [
                            517.32,
                            128.89
                        ],
                        [
                            516.0,
                            130.0
                        ],
                        [
                            514.7,
                            131.14
                        ],
                        [
                            513.41,
                            132.31
                        ],
                        [
                            512.13,
                            133.52
                        ],
                        [
                            510.88,
                            134.75
                        ],
                        [
                            509.63,
                            136.02
                        ],
                        [
                            508.41,
                            137.31
                        ],
                        [
                            507.2,
                            138.64
                        ],
                        [
                            506.0,
                            140.0
                        ]
                    ],
                    true
                ],
                [
                    20,
                    21,
                    [
                        [
                            554,
                            112
                        ],
                        [
                            527,
                            122
                        ]
                    ],
                    true
                ],
                [
                    21,
                    22,
                    [
                        [
                            583,
                            101
                        ],
                        [
                            554,
                            112
                        ]
                    ],
                    true
                ],
                [
                    22,
                    23,
                    [
                        [
                            612,
                            91
                        ],
                        [
                            583,
                            101
                        ]
                    ],
                    true
                ],
                [
                    23,
                    24,
                    [
                        [
                            641,
                            80
                        ],
                        [
                            612,
                            91
                        ]
                    ],
                    true
                ],
                [
                    24,
                    25,
                    [
                        [
                            670,
                            69
                        ],
                        [
                            641,
                            80
                        ]
                    ],
                    true
                ],
                [
                    25,
                    26,
                    [
                        [
                            700,
                            58
                        ],
                        [
                            670,
                            69
                        ]
                    ],
                    true
                ],
                [
                    26,
                    27,
                    [
                        [
                            730,
                            47
                        ],
                        [
                            700,
                            58
                        ]
                    ],
                    true
                ],
                [
                    27,
                    28,
                    [
                        [
                            760,
                            36
                        ],
                        [
                            730,
                            47
                        ]
                    ],
                    true
                ],
                [
                    28,
                    29,
                    [
                        [
                            790,
                            25
                        ],
                        [
                            760,
                            36
                        ]
                    ],
                    true
                ]
            ],
            "stations": [
                {
                    "coord": [
                        232,
                        548
                    ],
                    "is_working": true,
                    "name": "Daegok",
                    "rect": [
                        242,
                        546,
                        40,
                        15
                    ],
                    "text_id": 0,
                    "uid": 0
                },
                {
                    "coord": [
                        252,
                        528
                    ],
                    "is_working": true,
                    "name": "Jincheon",
                    "rect": [
                        261,
                        524,
                        47,
                        15
                    ],
                    "text_id": 1,
                    "uid": 1
                },
                {
                    "coord": [
                        272,
                        508
                    ],
                    "is_working": true,
                    "name": "Wolbae",
                    "rect": [
                        281,
                        504,
                        39,
                        15
                    ],
                    "text_id": 2,
                    "uid": 2
                },
                {
                    "coord": [
                        292,
                        488
                    ],
                    "is_working": true,
                    "name": "Sangin",
                    "rect": [
                        301,
                        484,
                        36,
                        15
                    ],
                    "text_id": 3,
                    "uid": 3
                },
                {
                    "coord": [
                        312,
                        468
                    ],
                    "is_working": true,
                    "name": "Wolchon",
                    "rect": [
                        321,
                        464,
                        45,
                        15
                    ],
                    "text_id": 4,
                    "uid": 4
                },
                {
                    "coord": [
                        331,
                        449
                    ],
                    "is_working": true,
                    "name": "Songhyeon",
                    "rect": [
                        340,
                        446,
                        57,
                        15
                    ],
                    "text_id": 5,
                    "uid": 5
                },
                {
                    "coord": [
                        351,
                        429
                    ],
                    "is_working": true,
                    "name": "Seongdangmot",
                    "rect": [
                        360,
                        426,
                        75,
                        15
                    ],
                    "text_id": 6,
                    "uid": 6
                },
                {
                    "coord": [
                        370,
                        410
                    ],
                    "is_working": true,
                    "name": "Daemyeong",
                    "rect": [
                        379,
                        406,
                        61,
                        15
                    ],
                    "text_id": 7,
                    "uid": 7
                },
                {
                    "coord": [
                        390,
                        390
                    ],
                    "is_working": true,
                    "name": "Anjirang",
                    "rect": [
                        399,
                        386,
                        44,
                        15
                    ],
                    "text_id": 8,
                    "uid": 8
                },
                {
                    "coord": [
                        410,
                        370
                    ],
                    "is_working": true,
                    "name": "Hyeonchungno",
                    "rect": [
                        419,
                        366,
                        76,
                        15
                    ],
                    "text_id": 9,
                    "uid": 9
                },
                {
                    "coord": [
                        423,
                        343
                    ],
                    "is_working": true,
                    "name": "Yeongnam University of Education",
                    "rect": [
                        432,
                        336,
                        172,
                        15
                    ],
                    "text_id": 10,
                    "uid": 10
                },
                {
                    "coord": [
                        423,
                        320
                    ],
                    "is_working": true,
                    "name": "National University of Education",
                    "rect": [
                        432,
                        313,
                        161,
                        15
                    ],
                    "text_id": 11,
                    "uid": 11
                },
                {
                    "coord": [
                        423,
                        296
                    ],
                    "is_working": true,
                    "name": "Myeongdeok",
                    "rect": [
                        433,
                        299,
                        65,
                        15
                    ],
                    "text_id": 12,
                    "uid": 12
                },
                {
                    "coord": [
                        423,
                        273
                    ],
                    "is_working": true,
                    "name": "Banwoldang",
                    "rect": [
                        432,
                        254,
                        63,
                        15
                    ],
                    "text_id": 13,
                    "uid": 13
                },
                {
                    "coord": [
                        423,
                        246
                    ],
                    "is_working": true,
                    "name": "Jungangno",
                    "rect": [
                        432,
                        236,
                        56,
                        15
                    ],
                    "text_id": 14,
                    "uid": 14
                },
                {
                    "coord": [
                        428,
                        218
                    ],
                    "is_working": true,
                    "name": "Daegu Yeok",
                    "rect": [
                        436,
                        215,
                        62,
                        15
                    ],
                    "text_id": 15,
                    "uid": 15
                },
                {
                    "coord": [
                        451,
                        195
                    ],
                    "is_working": true,
                    "name": "Chilseong",
                    "rect": [
                        459,
                        192,
                        52,
                        15
                    ],
                    "text_id": 16,
                    "uid": 16
                },
                {
                    "coord": [
                        468,
                        178
                    ],
                    "is_working": true,
                    "name": "Sincheon",
                    "rect": [
                        476,
                        175,
                        48,
                        15
                    ],
                    "text_id": 17,
                    "uid": 17
                },
                {
                    "coord": [
                        487,
                        159
                    ],
                    "is_working": true,
                    "name": "Dongdaegu Yeok",
                    "rect": [
                        495,
                        157,
                        86,
                        15
                    ],
                    "text_id": 18,
                    "uid": 18
                },
                {
                    "coord": [
                        506,
                        140
                    ],
                    "is_working": true,
                    "name": "Keungogae",
                    "rect": [
                        514,
                        138,
                        58,
                        15
                    ],
                    "text_id": 19,
                    "uid": 19
                },
                {
                    "coord": [
                        527,
                        122
                    ],
                    "is_working": true,
                    "name": "Ayanggyo",
                    "rect": [
                        536,
                        125,
                        52,
                        15
                    ],
                    "text_id": 20,
                    "uid": 20
                },
                {
                    "coord": [
                        554,
                        112
                    ],
                    "is_working": true,
                    "name": "Dongchon",
                    "rect": [
                        563,
                        114,
                        52,
                        15
                    ],
                    "text_id": 21,
                    "uid": 21
                },
                {
                    "coord": [
                        583,
                        101
                    ],
                    "is_working": true,
                    "name": "Haean",
                    "rect": [
                        592,
                        103,
                        34,
                        15
                    ],
                    "text_id": 22,
                    "uid": 22
                },
                {
                    "coord": [
                        612,
                        91
                    ],
                    "is_working": true,
                    "name": "Bangchon",
                    "rect": [
                        621,
                        93,
                        52,
                        15
                    ],
                    "text_id": 23,
                    "uid": 23
                },
                {
                    "coord": [
                        641,
                        80
                    ],
                    "is_working": true,
                    "name": "Yonggye",
                    "rect": [
                        650,
                        82,
                        45,
                        15
                    ],
                    "text_id": 24,
                    "uid": 24
                },
                {
                    "coord": [
                        670,
                        69
                    ],
                    "is_working": true,
                    "name": "Yulha",
                    "rect": [
                        679,
                        71,
                        30,
                        15
                    ],
                    "text_id": 25,
                    "uid": 25
                },
                {
                    "coord": [
                        700,
                        58
                    ],
                    "is_working": true,
                    "name": "Singi",
                    "rect": [
                        709,
                        60,
                        27,
                        15
                    ],
                    "text_id": 26,
                    "uid": 26
                },
                {
                    "coord": [
                        730,
                        47
                    ],
                    "is_working": true,
                    "name": "Banyawol",
                    "rect": [
                        739,
                        49,
                        51,
                        15
                    ],
                    "text_id": 27,
                    "uid": 27
                },
                {
                    "coord": [
                        760,
                        36
                    ],
                    "is_working": true,
                    "name": "Gaksan",
                    "rect": [
                        769,
                        38,
                        40,
                        15
                    ],
                    "text_id": 28,
                    "uid": 28
                },
                {
                    "coord": [
                        790,
                        25
                    ],
                    "is_working": true,
                    "name": "Ansim",
                    "rect": [
                        799,
                        18,
                        34,
                        15
                    ],
                    "text_id": 29,
                    "uid": 29
                }
            ],
            "text_id": 30
        },
        {
            "labels_bg_color": "FEFAEC",
            "labels_color": "3B4893",
            "line_color": "3B4893",
            "line_width": 7,
            "name": "2",
            "segments": [
                [
                    30,
                    31,
                    [
                        [
                            124,
                            482
                        ],
                        [
                            107,
                            499
                        ]
                    ],
                    true
                ],
                [
                    31,
                    32,
                    [
                        [
                            143,
                            463
                        ],
                        [
                            124,
                            482
                        ]
                    ],
                    true
                ],
                [
                    32,
                    33,
                    [
                        [
                            160,
                            446
                        ],
                        [
                            143,
                            463
                        ]
                    ],
                    true
                ],
                [
                    33,
                    34,
                    [
                        [
                            177,
                            429
                        ],
                        [
                            160,
                            446
                        ]
                    ],
                    true
                ],
                [
                    34,
                    35,
                    [
                        [
                            195,
                            411
                        ],
                        [
                            177,
                            429
                        ]
                    ],
                    true
                ],
                [
                    35,
                    36,
                    [
                        [
                            213,
                            393
                        ],
                        [
                            195,
                            411
                        ]
                    ],
                    true
                ],
                [
                    36,
                    37,
                    [
                        [
                            230,
                            376
                        ],
                        [
                            213,
                            393
                        ]
                    ],
                    true
                ],
                [
                    37,
                    38,
                    [
                        [
                            247,
                            359
                        ],
                        [
                            230,
                            376
                        ]
                    ],
                    true
                ],
                [
                    38,
                    39,
                    [
                        [
                            265,
                            341
                        ],
                        [
                            247,
                            359
                        ]
                    ],
                    true
                ],
                [
                    39,
                    40,
                    [
                        [
                            282,
                            324
                        ],
                        [
                            265,
                            341
                        ]
                    ],
                    true
                ],
                [
                    40,
                    41,
                    [
                        [
                            299,
                            307
                        ],
                        [
                            282,
                            324
                        ]
                    ],
                    true
                ],
                [
                    41,
                    42,
                    [
                        [
                            318,
                            288
                        ],
                        [
                            299,
                            307
                        ]
                    ],
                    true
                ],
                [
                    42,
                    43,
                    [
                        [
                            344.0,
                            273.0
                        ],
                        [
                            342.38,
                            272.88
                        ],
                        [
                            340.75,
                            272.91
                        ],
                        [
                            339.12,
                            273.07
                        ],
                        [
                            337.5,
                            273.38
                        ],
                        [
                            335.88,
                            273.82
                        ],
                        [
                            334.25,
                            274.41
                        ],
                        [
                            332.62,
                            275.13
                        ],
                        [
                            331.0,
                            276.0
                        ],
                        [
                            329.38,
                            277.01
                        ],
                        [
                            327.75,
                            278.16
                        ],
                        [
                            326.12,
                            279.45
                        ],
                        [
                            324.5,
                            280.88
                        ],
                        [
                            322.88,
                            282.45
                        ],
                        [
                            321.25,
                            284.16
                        ],
                        [
                            319.62,
                            286.01
                        ],
                        [
                            318.0,
                            288.0
                        ]
                    ],
                    true
                ],
                [
                    43,
                    44,
                    [
                        [
                            410,
                            273
                        ],
                        [
                            344,
                            273
                        ]
                    ],
                    true
                ],
                [
                    44,
                    45,
                    [
                        [
                            531,
                            273
                        ],
                        [
                            410,
                            273
                        ]
                    ],
                    true
                ],
                [
                    45,
                    46,
                    [
                        [
                            595,
                            273
                        ],
                        [
                            531,
                            273
                        ]
                    ],
                    true
                ],
                [
                    46,
                    47,
                    [
                        [
                            658,
                            273
                        ],
                        [
                            595,
                            273
                        ]
                    ],
                    true
                ],
                [
                    47,
                    48,
                    [
                        [
                            722,
                            273
                        ],
                        [
                            658,
                            273
                        ]
                    ],
                    true
                ],
                [
                    48,
                    49,
                    [
                        [
                            785,
                            273
                        ],
                        [
                            722,
                            273
                        ]
                    ],
                    true
                ],
                [
                    49,
                    50,
                    [
                        [
                            843.0,
                            291.0
                        ],
                        [
                            840.55,
                            288.47
                        ],
                        [
                            837.94,
                            286.12
                        ],
                        [
                            835.17,
                            283.97
                        ],
                        [
                            832.25,
                            282.0
                        ],
                        [
                            829.17,
                            280.22
                        ],
                        [
                            825.94,
                            278.62
                        ],
                        [
                            822.55,
                            277.22
                        ],
                        [
                            819.0,
                            276.0
                        ],
                        [
                            815.3,
                            274.97
                        ],
                        [
                            811.44,
                            274.12
                        ],
                        [
                            807.42,
                            273.47
                        ],
                        [
                            803.25,
                            273.0
                        ],
                        [
                            798.92,
                            272.72
                        ],
                        [
                            794.44,
                            272.62
                        ],
                        [
                            789.8,
                            272.72
                        ],
                        [
                            785.0,
                            273.0
                        ]
                    ],
                    true
                ],
                [
                    50,
                    51,
                    [
                        [
                            863,
                            311
                        ],
                        [
                            843,
                            291
                        ]
                    ],
                    true
                ],
                [
                    51,
                    52,
                    [
                        [
                            883,
                            331
                        ],
                        [
                            863,
                            311
                        ]
                    ],
                    true
                ],
                [
                    52,
                    53,
                    [
                        [
                            903,
                            351
                        ],
                        [
                            883,
                            331
                        ]
                    ],
                    true
                ],
                [
                    53,
                    54,
                    [
                        [
                            923,
                            371
                        ],
                        [
                            903,
                            351
                        ]
                    ],
                    true
                ],
                [
                    54,
                    55,
                    [
                        [
                            943,
                            391
                        ],
                        [
                            923,
                            371
                        ]
                    ],
                    true
                ],
                [
                    55,
                    56,
                    [
                        [
                            963,
                            411
                        ],
                        [
                            943,
                            391
                        ]
                    ],
                    true
                ],
                [
                    56,
                    57,
                    [
                        [
                            983,
                            431
                        ],
                        [
                            963,
                            411
                        ]
                    ],
                    true
                ],
                [
                    57,
                    58,
                    [
                        [
                            1003,
                            451
                        ],
                        [
                            983,
                            431
                        ]
                    ],
                    true
                ]
            ],
            "stations": [
                {
                    "coord": [
                        107,
                        499
                    ],
                    "is_working": true,
                    "name": "Munyang",
                    "rect": [
                        51,
                        491,
                        47,
                        15
                    ],
                    "text_id": 31,
                    "uid": 30
                },
                {
                    "coord": [
                        124,
                        482
                    ],
                    "is_working": true,
                    "name": "Dasa",
                    "rect": [
                        87,
                        470,
                        28,
                        15
                    ],
                    "text_id": 32,
                    "uid": 31
                },
                {
                    "coord": [
                        143,
                        463
                    ],
                    "is_working": true,
                    "name": "Daesil",
                    "rect": [
                        99,
                        453,
                        34,
                        15
                    ],
                    "text_id": 33,
                    "uid": 32
                },
                {
                    "coord": [
                        160,
                        446
                    ],
                    "is_working": true,
                    "name": "Gangchang",
                    "rect": [
                        93,
                        435,
                        58,
                        15
                    ],
                    "text_id": 34,
                    "uid": 33
                },
                {
                    "coord": [
                        177,
                        429
                    ],
                    "is_working": true,
                    "name": "Keimyung Univ.",
                    "rect": [
                        86,
                        419,
                        81,
                        15
                    ],
                    "text_id": 35,
                    "uid": 34
                },
                {
                    "coord": [
                        195,
                        411
                    ],
                    "is_working": true,
                    "name": "Seongseo Industrial Complex",
                    "rect": [
                        39,
                        399,
                        147,
                        15
                    ],
                    "text_id": 36,
                    "uid": 35
                },
                {
                    "coord": [
                        213,
                        393
                    ],
                    "is_working": true,
                    "name": "Igok",
                    "rect": [
                        181,
                        382,
                        23,
                        15
                    ],
                    "text_id": 37,
                    "uid": 36
                },
                {
                    "coord": [
                        230,
                        376
                    ],
                    "is_working": true,
                    "name": "Yongsan",
                    "rect": [
                        176,
                        364,
                        45,
                        15
                    ],
                    "text_id": 38,
                    "uid": 37
                },
                {
                    "coord": [
                        247,
                        359
                    ],
                    "is_working": true,
                    "name": "Jukjeon",
                    "rect": [
                        197,
                        348,
                        41,
                        15
                    ],
                    "text_id": 39,
                    "uid": 38
                },
                {
                    "coord": [
                        265,
                        341
                    ],
                    "is_working": true,
                    "name": "Gamsam",
                    "rect": [
                        210,
                        331,
                        46,
                        15
                    ],
                    "text_id": 40,
                    "uid": 39
                },
                {
                    "coord": [
                        282,
                        324
                    ],
                    "is_working": true,
                    "name": "Duryu",
                    "rect": [
                        240,
                        314,
                        32,
                        15
                    ],
                    "text_id": 41,
                    "uid": 40
                },
                {
                    "coord": [
                        299,
                        307
                    ],
                    "is_working": true,
                    "name": "Naedang",
                    "rect": [
                        243,
                        298,
                        46,
                        15
                    ],
                    "text_id": 42,
                    "uid": 41
                },
                {
                    "coord": [
                        318,
                        288
                    ],
                    "is_working": true,
                    "name": "Bangogoae",
                    "rect": [
                        250,
                        278,
                        58,
                        15
                    ],
                    "text_id": 43,
                    "uid": 42
                },
                {
                    "coord": [
                        344,
                        273
                    ],
                    "is_working": true,
                    "name": "Sinnam",
                    "rect": [
                        294,
                        256,
                        39,
                        15
                    ],
                    "text_id": 44,
                    "uid": 43
                },
                {
                    "coord": [
                        410,
                        273
                    ],
                    "is_working": true,
                    "name": "Banwoldang",
                    "rect": [
                        432,
                        254,
                        63,
                        15
                    ],
                    "text_id": 13,
                    "uid": 44
                },
                {
                    "coord": [
                        531,
                        273
                    ],
                    "is_working": true,
                    "name": "Kyungpook Hospital",
                    "rect": [
                        511,
                        244,
                        102,
                        15
                    ],
                    "text_id": 45,
                    "uid": 45
                },
                {
                    "coord": [
                        595,
                        273
                    ],
                    "is_working": true,
                    "name": "Daegu Bank",
                    "rect": [
                        550,
                        281,
                        63,
                        15
                    ],
                    "text_id": 46,
                    "uid": 46
                },
                {
                    "coord": [
                        658,
                        273
                    ],
                    "is_working": true,
                    "name": "Beomeo",
                    "rect": [
                        638,
                        251,
                        43,
                        15
                    ],
                    "text_id": 47,
                    "uid": 47
                },
                {
                    "coord": [
                        722,
                        273
                    ],
                    "is_working": true,
                    "name": "Suseonggu Office",
                    "rect": [
                        689,
                        281,
                        89,
                        15
                    ],
                    "text_id": 48,
                    "uid": 48
                },
                {
                    "coord": [
                        785,
                        273
                    ],
                    "is_working": true,
                    "name": "Manchon",
                    "rect": [
                        763,
                        251,
                        47,
                        15
                    ],
                    "text_id": 49,
                    "uid": 49
                },
                {
                    "coord": [
                        843,
                        291
                    ],
                    "is_working": true,
                    "name": "Damti",
                    "rect": [
                        852,
                        279,
                        31,
                        15
                    ],
                    "text_id": 50,
                    "uid": 50
                },
                {
                    "coord": [
                        863,
                        311
                    ],
                    "is_working": true,
                    "name": "Yeonho",
                    "rect": [
                        872,
                        299,
                        39,
                        15
                    ],
                    "text_id": 51,
                    "uid": 51
                },
                {
                    "coord": [
                        883,
                        331
                    ],
                    "is_working": true,
                    "name": "Daegu Grand Park",
                    "rect": [
                        892,
                        319,
                        93,
                        15
                    ],
                    "text_id": 52,
                    "uid": 52
                },
                {
                    "coord": [
                        903,
                        351
                    ],
                    "is_working": true,
                    "name": "Gosan",
                    "rect": [
                        912,
                        339,
                        34,
                        15
                    ],
                    "text_id": 53,
                    "uid": 53
                },
                {
                    "coord": [
                        923,
                        371
                    ],
                    "is_working": true,
                    "name": "Sinmae",
                    "rect": [
                        932,
                        359,
                        39,
                        15
                    ],
                    "text_id": 54,
                    "uid": 54
                },
                {
                    "coord": [
                        943,
                        391
                    ],
                    "is_working": true,
                    "name": "Sawol",
                    "rect": [
                        952,
                        379,
                        32,
                        15
                    ],
                    "text_id": 55,
                    "uid": 55
                },
                {
                    "coord": [
                        963,
                        411
                    ],
                    "is_working": true,
                    "name": "Jeongpyeong",
                    "rect": [
                        972,
                        399,
                        68,
                        15
                    ],
                    "text_id": 56,
                    "uid": 56
                },
                {
                    "coord": [
                        983,
                        431
                    ],
                    "is_working": true,
                    "name": "Imdang",
                    "rect": [
                        992,
                        419,
                        38,
                        15
                    ],
                    "text_id": 57,
                    "uid": 57
                },
                {
                    "coord": [
                        1003,
                        451
                    ],
                    "is_working": true,
                    "name": "Yeungnam University",
                    "rect": [
                        950,
                        460,
                        108,
                        15
                    ],
                    "text_id": 58,
                    "uid": 58
                }
            ],
            "text_id": 59
        },
        {
            "labels_bg_color": "FEFAEC",
            "labels_color": "F49E01",
            "line_color": "F49E01",
            "line_width": 7,
            "name": "Monorail",
            "segments": [
                [
                    59,
                    60,
                    [
                        [
                            359,
                            25
                        ],
                        [
                            359,
                            10
                        ]
                    ],
                    true
                ],
                [
                    60,
                    61,
                    [
                        [
                            359,
                            40
                        ],
                        [
                            359,
                            25
                        ]
                    ],
                    true
                ],
                [
                    61,
                    62,
                    [
                        [
                            359,
                            55
                        ],
                        [
                            359,
                            40
                        ]
                    ],
                    true
                ],
                [
                    62,
                    63,
                    [
                        [
                            359,
                            70
                        ],
                        [
                            359,
                            55
                        ]
                    ],
                    true
                ],
                [
                    63,
                    64,
                    [
                        [
                            359,
                            85
                        ],
                        [
                            359,
                            70
                        ]
                    ],
                    true
                ],
                [
                    64,
                    65,
                    [
                        [
                            359,
                            100
                        ],
                        [
                            359,
                            85
                        ]
                    ],
                    true
                ],
                [
                    65,
                    66,
                    [
                        [
                            359,
                            115
                        ],
                        [
                            359,
                            100
                        ]
                    ],
                    true
                ],
                [
                    66,
                    67,
                    [
                        [
                            359,
                            130
                        ],
                        [
                            359,
                            115
                        ]
                    ],
                    true
                ],
                [
                    67,
                    68,
                    [
                        [
                            359,
                            145
                        ],
                        [
                            359,
                            130
                        ]
                    ],
                    true
                ],
                [
                    68,
                    69,
                    [
                        [
                            359,
                            160
                        ],
                        [
                            359,
                            145
                        ]
                    ],
                    true
                ],
                [
                    69,
                    70,
                    [
                        [
                            359,
                            175
                        ],
                        [
                            359,
                            160
                        ]
                    ],
                    true
                ],
                [
                    70,
                    71,
                    [
                        [
                            359,
                            190
                        ],
                        [
                            359,
                            175
                        ]
                    ],
                    true
                ],
                [
                    71,
                    72,
                    [
                        [
                            359,
                            205
                        ],
                        [
                            359,
                            190
                        ]
                    ],
                    true
                ],
                [
                    72,
                    73,
                    [
                        [
                            359,
                            220
                        ],
                        [
                            359,
                            205
                        ]
                    ],
                    true
                ],
                [
                    73,
                    74,
                    [
                        [
                            359,
                            235
                        ],
                        [
                            359,
                            220
                        ]
                    ],
                    true
                ],
                [
                    74,
                    75,
                    [
                        [
                            359,
                            250
                        ],
                        [
                            359,
                            235
                        ]
                    ],
                    true
                ],
                [
                    75,
                    76,
                    [
                        [
                            359,
                            273
                        ],
                        [
                            359,
                            250
                        ]
                    ],
                    true
                ],
                [
                    76,
                    77,
                    [
                        [
                            359,
                            296
                        ],
                        [
                            359,
                            273
                        ]
                    ],
                    true
                ],
                [
                    77,
                    78,
                    [
                        [
                            410,
                            296
                        ],
                        [
                            359,
                            296
                        ]
                    ],
                    true
                ],
                [
                    78,
                    79,
                    [
                        [
                            620,
                            296
                        ],
                        [
                            410,
                            296
                        ]
                    ],
                    true
                ],
                [
                    79,
                    80,
                    [
                        [
                            660.0,
                            346.0
                        ],
                        [
                            660.16,
                            342.08
                        ],
                        [
                            660.12,
                            338.31
                        ],
                        [
                            659.9,
                            334.7
                        ],
                        [
                            659.5,
                            331.25
                        ],
                        [
                            658.92,
                            327.96
                        ],
                        [
                            658.16,
                            324.82
                        ],
                        [
                            657.19,
                            321.83
                        ],
                        [
                            656.0,
                            319.0
                        ],
                        [
                            654.53,
                            316.31
                        ],
                        [
                            652.84,
                            313.78
                        ],
                        [
                            651.0,
                            311.4
                        ],
                        [
                            649.0,
                            309.19
                        ],
                        [
                            646.88,
                            307.14
                        ],
                        [
                            644.66,
                            305.25
                        ],
                        [
                            642.35,
                            303.54
                        ],
                        [
                            640.0,
                            302.0
                        ],
                        [
                            637.68,
                            300.64
                        ],
                        [
                            635.34,
                            299.46
                        ],
                        [
                            632.95,
                            298.46
                        ],
                        [
                            630.5,
                            297.62
                        ],
                        [
                            627.97,
                            296.96
                        ],
                        [
                            625.38,
                            296.47
                        ],
                        [
                            622.72,
                            296.15
                        ],
                        [
                            620.0,
                            296.0
                        ]
                    ],
                    true
                ],
                [
                    80,
                    81,
                    [
                        [
                            660,
                            370
                        ],
                        [
                            660,
                            346
                        ]
                    ],
                    true
                ],
                [
                    81,
                    82,
                    [
                        [
                            660,
                            393
                        ],
                        [
                            660,
                            370
                        ]
                    ],
                    true
                ],
                [
                    82,
                    83,
                    [
                        [
                            660,
                            418
                        ],
                        [
                            660,
                            393
                        ]
                    ],
                    true
                ],
                [
                    83,
                    84,
                    [
                        [
                            660,
                            443
                        ],
                        [
                            660,
                            418
                        ]
                    ],
                    true
                ],
                [
                    84,
                    85,
                    [
                        [
                            660,
                            468
                        ],
                        [
                            660,
                            443
                        ]
                    ],
                    true
                ],
                [
                    85,
                    86,
                    [
                        [
                            660,
                            494
                        ],
                        [
                            660,
                            468
                        ]
                    ],
                    true
                ],
                [
                    86,
                    87,
                    [
                        [
                            660,
                            521
                        ],
                        [
                            660,
                            494
                        ]
                    ],
                    true
                ],
                [
                    87,
                    88,
                    [
                        [
                            660,
                            548
                        ],
                        [
                            660,
                            521
                        ]
                    ],
                    true
                ]
            ],
            "stations": [
                {
                    "coord": [
                        359,
                        10
                    ],
                    "is_working": true,
                    "name": "KNU Medical Center",
                    "rect": [
                        246,
                        2,
                        104,
                        15
                    ],
                    "text_id": 60,
                    "uid": 59
                },
                {
                    "coord": [
                        359,
                        25
                    ],
                    "is_working": true,
                    "name": "Hakjeong",
                    "rect": [
                        301,
                        17,
                        49,
                        15
                    ],
                    "text_id": 61,
                    "uid": 60
                },
                {
                    "coord": [
                        359,
                        40
                    ],
                    "is_working": true,
                    "name": "Palgeo",
                    "rect": [
                        314,
                        32,
                        36,
                        15
                    ],
                    "text_id": 62,
                    "uid": 61
                },
                {
                    "coord": [
                        359,
                        55
                    ],
                    "is_working": true,
                    "name": "Dongcheon",
                    "rect": [
                        292,
                        47,
                        58,
                        15
                    ],
                    "text_id": 63,
                    "uid": 62
                },
                {
                    "coord": [
                        359,
                        70
                    ],
                    "is_working": true,
                    "name": "Chilgok",
                    "rect": [
                        310,
                        62,
                        40,
                        15
                    ],
                    "text_id": 64,
                    "uid": 63
                },
                {
                    "coord": [
                        359,
                        85
                    ],
                    "is_working": true,
                    "name": "Guam",
                    "rect": [
                        319,
                        77,
                        31,
                        15
                    ],
                    "text_id": 65,
                    "uid": 64
                },
                {
                    "coord": [
                        359,
                        100
                    ],
                    "is_working": true,
                    "name": "Taejeon",
                    "rect": [
                        309,
                        92,
                        41,
                        15
                    ],
                    "text_id": 66,
                    "uid": 65
                },
                {
                    "coord": [
                        359,
                        115
                    ],
                    "is_working": true,
                    "name": "Maecheon",
                    "rect": [
                        297,
                        107,
                        53,
                        15
                    ],
                    "text_id": 67,
                    "uid": 66
                },
                {
                    "coord": [
                        359,
                        130
                    ],
                    "is_working": true,
                    "name": "Maecheon Market",
                    "rect": [
                        260,
                        122,
                        90,
                        15
                    ],
                    "text_id": 68,
                    "uid": 67
                },
                {
                    "coord": [
                        359,
                        145
                    ],
                    "is_working": true,
                    "name": "Paldal",
                    "rect": [
                        317,
                        137,
                        33,
                        15
                    ],
                    "text_id": 69,
                    "uid": 68
                },
                {
                    "coord": [
                        359,
                        160
                    ],
                    "is_working": true,
                    "name": "Industrial Complex",
                    "rect": [
                        255,
                        152,
                        95,
                        15
                    ],
                    "text_id": 70,
                    "uid": 69
                },
                {
                    "coord": [
                        359,
                        175
                    ],
                    "is_working": true,
                    "name": "Manpyeong",
                    "rect": [
                        291,
                        167,
                        59,
                        15
                    ],
                    "text_id": 71,
                    "uid": 70
                },
                {
                    "coord": [
                        359,
                        190
                    ],
                    "is_working": true,
                    "name": "Paldal Market",
                    "rect": [
                        280,
                        182,
                        70,
                        15
                    ],
                    "text_id": 72,
                    "uid": 71
                },
                {
                    "coord": [
                        359,
                        205
                    ],
                    "is_working": true,
                    "name": "Wondae",
                    "rect": [
                        308,
                        197,
                        42,
                        15
                    ],
                    "text_id": 73,
                    "uid": 72
                },
                {
                    "coord": [
                        359,
                        220
                    ],
                    "is_working": true,
                    "name": "Buk-gu Office",
                    "rect": [
                        281,
                        212,
                        69,
                        15
                    ],
                    "text_id": 74,
                    "uid": 73
                },
                {
                    "coord": [
                        359,
                        235
                    ],
                    "is_working": true,
                    "name": "Dalseong Park",
                    "rect": [
                        275,
                        227,
                        75,
                        15
                    ],
                    "text_id": 75,
                    "uid": 74
                },
                {
                    "coord": [
                        359,
                        250
                    ],
                    "is_working": true,
                    "name": "Seomun Market",
                    "rect": [
                        271,
                        242,
                        79,
                        15
                    ],
                    "text_id": 76,
                    "uid": 75
                },
                {
                    "coord": [
                        359,
                        273
                    ],
                    "is_working": true,
                    "name": "Sinnam",
                    "rect": [
                        294,
                        256,
                        39,
                        15
                    ],
                    "text_id": 44,
                    "uid": 76
                },
                {
                    "coord": [
                        359,
                        296
                    ],
                    "is_working": true,
                    "name": "Namsan",
                    "rect": [
                        337,
                        304,
                        43,
                        15
                    ],
                    "text_id": 77,
                    "uid": 77
                },
                {
                    "coord": [
                        410,
                        296
                    ],
                    "is_working": true,
                    "name": "Myeongdeok",
                    "rect": [
                        433,
                        299,
                        65,
                        15
                    ],
                    "text_id": 12,
                    "uid": 78
                },
                {
                    "coord": [
                        620,
                        296
                    ],
                    "is_working": true,
                    "name": "Geondeulbawi",
                    "rect": [
                        563,
                        304,
                        72,
                        15
                    ],
                    "text_id": 78,
                    "uid": 79
                },
                {
                    "coord": [
                        660,
                        346
                    ],
                    "is_working": true,
                    "name": "Daebonggyo",
                    "rect": [
                        669,
                        339,
                        64,
                        15
                    ],
                    "text_id": 79,
                    "uid": 80
                },
                {
                    "coord": [
                        660,
                        370
                    ],
                    "is_working": true,
                    "name": "Suseong Market",
                    "rect": [
                        669,
                        363,
                        82,
                        15
                    ],
                    "text_id": 80,
                    "uid": 81
                },
                {
                    "coord": [
                        660,
                        393
                    ],
                    "is_working": true,
                    "name": "Suseong-gu Stadium",
                    "rect": [
                        669,
                        386,
                        103,
                        15
                    ],
                    "text_id": 81,
                    "uid": 82
                },
                {
                    "coord": [
                        660,
                        418
                    ],
                    "is_working": true,
                    "name": "Children's Hall",
                    "rect": [
                        669,
                        411,
                        75,
                        15
                    ],
                    "text_id": 82,
                    "uid": 83
                },
                {
                    "coord": [
                        660,
                        443
                    ],
                    "is_working": true,
                    "name": "Hwanggeum",
                    "rect": [
                        669,
                        436,
                        63,
                        15
                    ],
                    "text_id": 83,
                    "uid": 84
                },
                {
                    "coord": [
                        660,
                        468
                    ],
                    "is_working": true,
                    "name": "Suseongmot",
                    "rect": [
                        669,
                        461,
                        63,
                        15
                    ],
                    "text_id": 84,
                    "uid": 85
                },
                {
                    "coord": [
                        660,
                        494
                    ],
                    "is_working": true,
                    "name": "Jisan",
                    "rect": [
                        669,
                        487,
                        29,
                        15
                    ],
                    "text_id": 85,
                    "uid": 86
                },
                {
                    "coord": [
                        660,
                        521
                    ],
                    "is_working": true,
                    "name": "Beommul",
                    "rect": [
                        669,
                        514,
                        49,
                        15
                    ],
                    "text_id": 86,
                    "uid": 87
                },
                {
                    "coord": [
                        660,
                        548
                    ],
                    "is_working": true,
                    "name": "Yongji",
                    "rect": [
                        669,
                        541,
                        33,
                        15
                    ],
                    "text_id": 87,
                    "uid": 88
                }
            ],
            "text_id": 88
        }
    ],
    "lines_width": 7,
    "name": "metro",
    "name_text_id": 89,
    "stations_diameter": 13.0,
    "transfers": [
        [
            13,
            44,
            [
                423,
                273
            ],
            [
                410,
                273
            ]
        ],
        [
            78,
            12,
            [
                410,
                296
            ],
            [
                423,
                296
            ]
        ],
        [
            76,
            43,
            [
                359,
                273
            ],
            [
                344,
                273
            ]
        ]
    ],
    "transports": [
        "metro"
    ],
    "type_name": "ROOT",
    "type_text_id": 90,
    "upper_case": false,
    "width": 1153,
    "word_wrap": false
}