{
    "default_transports": [
        "metro"
    ],
    "height": 990,
    "images": [
        "res/schemes/nanjing.svg"
    ],
    "is_vector": true,
    "lines": [
        {
            "labels_bg_color": "-1",
            "labels_color": "1E90FF",
            "line_color": "1E90FF",
            "line_width": 7,
            "name": "1",
            "segments": [
                [
                    0,
                    1,
                    [
                        [
                            537,
                            183
                        ],
                        [
                            556,
                            164
                        ]
                    ],
                    true
                ],
                [
                    1,
                    2,
                    [
                        [
                            518,
                            202
                        ],
                        [
                            537,
                            183
                        ]
                    ],
                    true
                ],
                [
                    2,
                    3,
                    [
                        [
                            468,
                            224
                        ],
                        [
                            468.0,
                            213.0
                        ],
                        [
                            507.0,
                            213.0
                        ],
                        [
                            518,
                            202
                        ]
                    ],
                    true
                ],
                [
                    3,
                    4,
                    [
                        [
                            468,
                            259
                        ],
                        [
                            468,
                            224
                        ]
                    ],
                    true
                ],
                [
                    4,
                    5,
                    [
                        [
                            468,
                            294
                        ],
                        [
                            468,
                            259
                        ]
                    ],
                    true
                ],
                [
                    5,
                    6,
                    [
                        [
                            468,
                            330
                        ],
                        [
                            468,
                            294
                        ]
                    ],
                    true
                ],
                [
                    6,
                    7,
                    [
                        [
                            468,
                            365
                        ],
                        [
                            468,
                            330
                        ]
                    ],
                    true
                ],
                [
                    7,
                    8,
                    [
                        [
                            468,
                            407
                        ],
                        [
                            468,
                            365
                        ]
                    ],
                    true
                ],
                [
                    8,
                    9,
                    [
                        [
                            468,
                            439
                        ],
                        [
                            468,
                            407
                        ]
                    ],
                    true
                ],
                [
                    9,
                    10,
                    [
                        [
                            439,
                            509
                        ],
                        [
                            468.0,
                            480.0
                        ],
                        [
                            468,
                            439
                        ]
                    ],
                    true
                ],
                [
                    10,
                    11,
                    [
                        [
                            393,
                            555
                        ],
                        [
                            439,
                            509
                        ]
                    ],
                    true
                ],
                [
                    11,
                    12,
                    [
                        [
                            425,
                            587
                        ],
                        [
                            393,
                            555
                        ]
                    ],
                    true
                ],
                [
                    12,
                    13,
                    [
                        [
                            462,
                            598
                        ],
                        [
                            436.0,
                            598.0
                        ],
                        [
                            425,
                            587
                        ]
                    ],
                    true
                ],
                [
                    13,
                    14,
                    [
                        [
                            506,
                            598
                        ],
                        [
                            462,
                            598
                        ]
                    ],
                    true
                ],
                [
                    14,
                    15,
                    [
                        [
                            556,
                            598
                        ],
                        [
                            506,
                            598
                        ]
                    ],
                    true
                ],
                [
                    15,
                    16,
                    [
                        [
                            588,
                            598
                        ],
                        [
                            556,
                            598
                        ]
                    ],
                    true
                ],
                [
                    16,
                    17,
                    [
                        [
                            588,
                            638
                        ],
                        [
                            588,
                            598
                        ]
                    ],
                    true
                ],
                [
                    17,
                    18,
                    [
                        [
                            588,
                            677
                        ],
                        [
                            588,
                            638
                        ]
                    ],
                    true
                ],
                [
                    18,
                    19,
                    [
                        [
                            588,
                            711
                        ],
                        [
                            588,
                            677
                        ]
                    ],
                    true
                ],
                [
                    19,
                    20,
                    [
                        [
                            605,
                            744
                        ],
                        [
                            588.0,
                            744.0
                        ],
                        [
                            588,
                            711
                        ]
                    ],
                    true
                ],
                [
                    20,
                    21,
                    [
                        [
                            647,
                            744
                        ],
                        [
                            605,
                            744
                        ]
                    ],
                    true
                ],
                [
                    21,
                    22,
                    [
                        [
                            690,
                            744
                        ],
                        [
                            647,
                            744
                        ]
                    ],
                    true
                ],
                [
                    22,
                    23,
                    [
                        [
                            735,
                            744
                        ],
                        [
                            690,
                            744
                        ]
                    ],
                    true
                ],
                [
                    23,
                    24,
                    [
                        [
                            766,
                            775
                        ],
                        [
                            735,
                            744
                        ]
                    ],
                    true
                ],
                [
                    24,
                    25,
                    [
                        [
                            798,
                            807
                        ],
                        [
                            766,
                            775
                        ]
                    ],
                    true
                ],
                [
                    25,
                    26,
                    [
                        [
                            829,
                            838
                        ],
                        [
                            798,
                            807
                        ]
                    ],
                    true
                ]
            ],
            "stations": [
                {
                    "coord": [
                        556,
                        164
                    ],
                    "is_working": true,
                    "name": "Maigaoqiao",
                    "rect": [
                        565,
                        156,
                        59,
                        15
                    ],
                    "text_id": 0,
                    "uid": 0
                },
                {
                    "coord": [
                        537,
                        183
                    ],
                    "is_working": true,
                    "name": "Hongshan Zoo",
                    "rect": [
                        546,
                        180,
                        73,
                        15
                    ],
                    "text_id": 1,
                    "uid": 1
                },
                {
                    "coord": [
                        518,
                        202
                    ],
                    "is_working": true,
                    "name": "Nanjing Railway Station",
                    "rect": [
                        527,
                        199,
                        120,
                        15
                    ],
                    "text_id": 2,
                    "uid": 2
                },
                {
                    "coord": [
                        468,
                        224
                    ],
                    "is_working": true,
                    "name": "Xinmofan Road",
                    "rect": [
                        382,
                        217,
                        77,
                        15
                    ],
                    "text_id": 3,
                    "uid": 3
                },
                {
                    "coord": [
                        468,
                        259
                    ],
                    "is_working": true,
                    "name": "Xuanwumen",
                    "rect": [
                        397,
                        251,
                        62,
                        15
                    ],
                    "text_id": 4,
                    "uid": 4
                },
                {
                    "coord": [
                        468,
                        294
                    ],
                    "is_working": true,
                    "name": "Gulou",
                    "rect": [
                        428,
                        286,
                        31,
                        15
                    ],
                    "text_id": 5,
                    "uid": 5
                },
                {
                    "coord": [
                        468,
                        330
                    ],
                    "is_working": true,
                    "name": "Zhujiang Road",
                    "rect": [
                        386,
                        321,
                        73,
                        15
                    ],
                    "text_id": 6,
                    "uid": 6
                },
                {
                    "coord": [
                        468,
                        365
                    ],
                    "is_working": true,
                    "name": "Xinjiekou",
                    "rect": [
                        412,
                        338,
                        48,
                        15
                    ],
                    "text_id": 7,
                    "uid": 7
                },
                {
                    "coord": [
                        468,
                        407
                    ],
                    "is_working": true,
                    "name": "Zhangfuyuan",
                    "rect": [
                        477,
                        400,
                        65,
                        15
                    ],
                    "text_id": 8,
                    "uid": 8
                },
                {
                    "coord": [
                        468,
                        439
                    ],
                    "is_working": true,
                    "name": "Sanshan Street",
                    "rect": [
                        477,
                        432,
                        77,
                        15
                    ],
                    "text_id": 9,
                    "uid": 9
                },
                {
                    "coord": [
                        439,
                        509
                    ],
                    "is_working": true,
                    "name": "Zhonghuamen",
                    "rect": [
                        448,
                        506,
                        71,
                        15
                    ],
                    "text_id": 10,
                    "uid": 10
                },
                {
                    "coord": [
                        393,
                        555
                    ],
                    "is_working": true,
                    "name": "Andemen",
                    "rect": [
                        406,
                        547,
                        49,
                        15
                    ],
                    "text_id": 11,
                    "uid": 11
                },
                {
                    "coord": [
                        425,
                        587
                    ],
                    "is_working": true,
                    "name": "Tianlongsi",
                    "rect": [
                        363,
                        584,
                        53,
                        15
                    ],
                    "text_id": 12,
                    "uid": 12
                },
                {
                    "coord": [
                        462,
                        598
                    ],
                    "is_working": true,
                    "name": "Ruanjiandadao",
                    "rect": [
                        419,
                        606,
                        76,
                        15
                    ],
                    "text_id": 13,
                    "uid": 13
                },
                {
                    "coord": [
                        506,
                        598
                    ],
                    "is_working": true,
                    "name": "Huashenmiao",
                    "rect": [
                        476,
                        575,
                        70,
                        15
                    ],
                    "text_id": 14,
                    "uid": 14
                },
                {
                    "coord": [
                        556,
                        598
                    ],
                    "is_working": true,
                    "name": "Nanjing South Railway Station",
                    "rect": [
                        567,
                        575,
                        151,
                        15
                    ],
                    "text_id": 15,
                    "uid": 15
                },
                {
                    "coord": [
                        588,
                        598
                    ],
                    "is_working": true,
                    "name": "Shuanglongdadao",
                    "rect": [
                        597,
                        591,
                        90,
                        15
                    ],
                    "text_id": 16,
                    "uid": 16
                },
                {
                    "coord": [
                        588,
                        638
                    ],
                    "is_working": true,
                    "name": "Hedingqiao",
                    "rect": [
                        597,
                        631,
                        58,
                        15
                    ],
                    "text_id": 17,
                    "uid": 17
                },
                {
                    "coord": [
                        588,
                        677
                    ],
                    "is_working": true,
                    "name": "Shengtailu",
                    "rect": [
                        597,
                        670,
                        54,
                        15
                    ],
                    "text_id": 18,
                    "uid": 18
                },
                {
                    "coord": [
                        588,
                        711
                    ],
                    "is_working": true,
                    "name": "Baijiahu",
                    "rect": [
                        597,
                        704,
                        43,
                        15
                    ],
                    "text_id": 19,
                    "uid": 19
                },
                {
                    "coord": [
                        605,
                        744
                    ],
                    "is_working": true,
                    "name": "Xiaolongwan",
                    "rect": [
                        576,
                        752,
                        65,
                        15
                    ],
                    "text_id": 20,
                    "uid": 20
                },
                {
                    "coord": [
                        647,
                        744
                    ],
                    "is_working": true,
                    "name": "Zhushanlu",
                    "rect": [
                        623,
                        721,
                        53,
                        15
                    ],
                    "text_id": 21,
                    "uid": 21
                },
                {
                    "coord": [
                        690,
                        744
                    ],
                    "is_working": true,
                    "name": "Tianyindadao",
                    "rect": [
                        661,
                        752,
                        68,
                        15
                    ],
                    "text_id": 22,
                    "uid": 22
                },
                {
                    "coord": [
                        735,
                        744
                    ],
                    "is_working": true,
                    "name": "Longmiandadao",
                    "rect": [
                        744,
                        732,
                        80,
                        15
                    ],
                    "text_id": 23,
                    "uid": 23
                },
                {
                    "coord": [
                        766,
                        775
                    ],
                    "is_working": true,
                    "name": "Nmu-jiett",
                    "rect": [
                        775,
                        763,
                        46,
                        15
                    ],
                    "text_id": 24,
                    "uid": 24
                },
                {
                    "coord": [
                        798,
                        807
                    ],
                    "is_working": true,
                    "name": "Njci",
                    "rect": [
                        807,
                        795,
                        22,
                        15
                    ],
                    "text_id": 25,
                    "uid": 25
                },
                {
                    "coord": [
                        829,
                        838
                    ],
                    "is_working": true,
                    "name": "Cpu",
                    "rect": [
                        838,
                        830,
                        22,
                        15
                    ],
                    "text_id": 26,
                    "uid": 26
                }
            ],
            "text_id": 27
        },
        {
            "labels_bg_color": "-1",
            "labels_color": "FF0000",
            "line_color": "FF0000",
            "line_width": 7,
            "name": "2",
            "segments": [
                [
                    27,
                    28,
                    [
                        [
                            277,
                            588
                        ],
                        [
                            297.0,
                            608.0
                        ],
                        [
                            280,
                            625
                        ]
                    ],
                    true
                ],
                [
                    28,
                    29,
                    [
                        [
                            263,
                            524
                        ],
                        [
                            238.0,
                            549.0
                        ],
                        [
                            277,
                            588
                        ]
                    ],
                    true
                ],
                [
                    29,
                    30,
                    [
                        [
                            292,
                            495
                        ],
                        [
                            263,
                            524
                        ]
                    ],
                    true
                ],
                [
                    30,
                    31,
                    [
                        [
                            314,
                            473
                        ],
                        [
                            292,
                            495
                        ]
                    ],
                    true
                ],
                [
                    31,
                    32,
                    [
                        [
                            336,
                            451
                        ],
                        [
                            314,
                            473
                        ]
                    ],
                    true
                ],
                [
                    32,
                    33,
                    [
                        [
                            358,
                            429
                        ],
                        [
                            336,
                            451
                        ]
                    ],
                    true
                ],
                [
                    33,
                    34,
                    [
                        [
                            379,
                            408
                        ],
                        [
                            358,
                            429
                        ]
                    ],
                    true
                ],
                [
                    34,
                    35,
                    [
                        [
                            401,
                            386
                        ],
                        [
                            379,
                            408
                        ]
                    ],
                    true
                ],
                [
                    35,
                    36,
                    [
                        [
                            422,
                            365
                        ],
                        [
                            401,
                            386
                        ]
                    ],
                    true
                ],
                [
                    36,
                    37,
                    [
                        [
                            455,
                            365
                        ],
                        [
                            422,
                            365
                        ]
                    ],
                    true
                ],
                [
                    37,
                    38,
                    [
                        [
                            518,
                            365
                        ],
                        [
                            455,
                            365
                        ]
                    ],
                    true
                ],
                [
                    38,
                    39,
                    [
                        [
                            559,
                            365
                        ],
                        [
                            518,
                            365
                        ]
                    ],
                    true
                ],
                [
                    39,
                    40,
                    [
                        [
                            595,
                            365
                        ],
                        [
                            559,
                            365
                        ]
                    ],
                    true
                ],
                [
                    40,
                    41,
                    [
                        [
                            638,
                            365
                        ],
                        [
                            595,
                            365
                        ]
                    ],
                    true
                ],
                [
                    41,
                    42,
                    [
                        [
                            681,
                            365
                        ],
                        [
                            638,
                            365
                        ]
                    ],
                    true
                ],
                [
                    42,
                    43,
                    [
                        [
                            724,
                            365
                        ],
                        [
                            681,
                            365
                        ]
                    ],
                    true
                ],
                [
                    43,
                    44,
                    [
                        [
                            742,
                            347
                        ],
                        [
                            724,
                            365
                        ]
                    ],
                    true
                ],
                [
                    44,
                    45,
                    [
                        [
                            760,
                            329
                        ],
                        [
                            742,
                            347
                        ]
                    ],
                    true
                ],
                [
                    45,
                    46,
                    [
                        [
                            779,
                            310
                        ],
                        [
                            760,
                            329
                        ]
                    ],
                    true
                ],
                [
                    46,
                    47,
                    [
                        [
                            797,
                            292
                        ],
                        [
                            779,
                            310
                        ]
                    ],
                    true
                ],
                [
                    47,
                    48,
                    [
                        [
                            818,
                            271
                        ],
                        [
                            797,
                            292
                        ]
                    ],
                    true
                ],
                [
                    48,
                    49,
                    [
                        [
                            836,
                            253
                        ],
                        [
                            818,
                            271
                        ]
                    ],
                    true
                ],
                [
                    49,
                    50,
                    [
                        [
                            853,
                            236
                        ],
                        [
                            836,
                            253
                        ]
                    ],
                    true
                ],
                [
                    50,
                    51,
                    [
                        [
                            869,
                            220
                        ],
                        [
                            853,
                            236
                        ]
                    ],
                    true
                ],
                [
                    51,
                    52,
                    [
                        [
                            894,
                            220
                        ],
                        [
                            869,
                            220
                        ]
                    ],
                    true
                ]
            ],
            "stations": [
                {
                    "coord": [
                        280,
                        625
                    ],
                    "is_working": true,
                    "name": "Youfangqiao",
                    "rect": [
                        245,
                        634,
                        63,
                        15
                    ],
                    "text_id": 28,
                    "uid": 27
                },
                {
                    "coord": [
                        277,
                        588
                    ],
                    "is_working": true,
                    "name": "Yurundajie",
                    "rect": [
                        213,
                        585,
                        55,
                        15
                    ],
                    "text_id": 29,
                    "uid": 28
                },
                {
                    "coord": [
                        263,
                        524
                    ],
                    "is_working": true,
                    "name": "Yuantong",
                    "rect": [
                        289,
                        514,
                        48,
                        15
                    ],
                    "text_id": 30,
                    "uid": 29
                },
                {
                    "coord": [
                        292,
                        495
                    ],
                    "is_working": true,
                    "name": "Olympic Stadium East",
                    "rect": [
                        301,
                        492,
                        111,
                        15
                    ],
                    "text_id": 31,
                    "uid": 30
                },
                {
                    "coord": [
                        314,
                        473
                    ],
                    "is_working": true,
                    "name": "Xinglongdajie",
                    "rect": [
                        324,
                        469,
                        69,
                        15
                    ],
                    "text_id": 32,
                    "uid": 31
                },
                {
                    "coord": [
                        336,
                        451
                    ],
                    "is_working": true,
                    "name": "Jiqingmendajie",
                    "rect": [
                        345,
                        448,
                        77,
                        15
                    ],
                    "text_id": 33,
                    "uid": 32
                },
                {
                    "coord": [
                        358,
                        429
                    ],
                    "is_working": true,
                    "name": "Yunjinlu",
                    "rect": [
                        367,
                        426,
                        42,
                        15
                    ],
                    "text_id": 34,
                    "uid": 33
                },
                {
                    "coord": [
                        379,
                        408
                    ],
                    "is_working": true,
                    "name": "Mochouhu",
                    "rect": [
                        317,
                        396,
                        53,
                        15
                    ],
                    "text_id": 35,
                    "uid": 34
                },
                {
                    "coord": [
                        401,
                        386
                    ],
                    "is_working": true,
                    "name": "Hanzhongmen",
                    "rect": [
                        320,
                        374,
                        72,
                        15
                    ],
                    "text_id": 36,
                    "uid": 35
                },
                {
                    "coord": [
                        422,
                        365
                    ],
                    "is_working": true,
                    "name": "Shanghailu",
                    "rect": [
                        354,
                        355,
                        57,
                        15
                    ],
                    "text_id": 37,
                    "uid": 36
                },
                {
                    "coord": [
                        455,
                        365
                    ],
                    "is_working": true,
                    "name": "Xinjiekou",
                    "rect": [
                        412,
                        338,
                        48,
                        15
                    ],
                    "text_id": 7,
                    "uid": 37
                },
                {
                    "coord": [
                        518,
                        365
                    ],
                    "is_working": true,
                    "name": "Daxinggong",
                    "rect": [
                        489,
                        340,
                        61,
                        15
                    ],
                    "text_id": 38,
                    "uid": 38
                },
                {
                    "coord": [
                        559,
                        365
                    ],
                    "is_working": true,
                    "name": "Xi'Anmen",
                    "rect": [
                        539,
                        373,
                        49,
                        15
                    ],
                    "text_id": 39,
                    "uid": 39
                },
                {
                    "coord": [
                        595,
                        365
                    ],
                    "is_working": true,
                    "name": "Minggugong",
                    "rect": [
                        572,
                        341,
                        62,
                        15
                    ],
                    "text_id": 40,
                    "uid": 40
                },
                {
                    "coord": [
                        638,
                        365
                    ],
                    "is_working": true,
                    "name": "Muxuyuan",
                    "rect": [
                        615,
                        374,
                        53,
                        15
                    ],
                    "text_id": 41,
                    "uid": 41
                },
                {
                    "coord": [
                        681,
                        365
                    ],
                    "is_working": true,
                    "name": "Xiamafang",
                    "rect": [
                        657,
                        341,
                        54,
                        15
                    ],
                    "text_id": 42,
                    "uid": 42
                },
                {
                    "coord": [
                        724,
                        365
                    ],
                    "is_working": true,
                    "name": "Xiaolingwei",
                    "rect": [
                        707,
                        373,
                        59,
                        15
                    ],
                    "text_id": 43,
                    "uid": 43
                },
                {
                    "coord": [
                        742,
                        347
                    ],
                    "is_working": true,
                    "name": "Zhonglingjie",
                    "rect": [
                        751,
                        344,
                        62,
                        15
                    ],
                    "text_id": 44,
                    "uid": 44
                },
                {
                    "coord": [
                        760,
                        329
                    ],
                    "is_working": true,
                    "name": "Maqun",
                    "rect": [
                        769,
                        326,
                        35,
                        15
                    ],
                    "text_id": 45,
                    "uid": 45
                },
                {
                    "coord": [
                        779,
                        310
                    ],
                    "is_working": true,
                    "name": "Jinmalu",
                    "rect": [
                        788,
                        307,
                        41,
                        15
                    ],
                    "text_id": 46,
                    "uid": 46
                },
                {
                    "coord": [
                        797,
                        292
                    ],
                    "is_working": true,
                    "name": "Xianhemen",
                    "rect": [
                        806,
                        289,
                        57,
                        15
                    ],
                    "text_id": 47,
                    "uid": 47
                },
                {
                    "coord": [
                        818,
                        271
                    ],
                    "is_working": true,
                    "name": "Xuezelu",
                    "rect": [
                        827,
                        268,
                        41,
                        15
                    ],
                    "text_id": 48,
                    "uid": 48
                },
                {
                    "coord": [
                        836,
                        253
                    ],
                    "is_working": true,
                    "name": "Xianlinzhongxin",
                    "rect": [
                        747,
                        241,
                        80,
                        15
                    ],
                    "text_id": 49,
                    "uid": 49
                },
                {
                    "coord": [
                        853,
                        236
                    ],
                    "is_working": true,
                    "name": "Yangshangongyuan",
                    "rect": [
                        745,
                        224,
                        99,
                        15
                    ],
                    "text_id": 50,
                    "uid": 50
                },
                {
                    "coord": [
                        869,
                        220
                    ],
                    "is_working": true,
                    "name": "NJU Xianlin Campus",
                    "rect": [
                        755,
                        208,
                        105,
                        15
                    ],
                    "text_id": 51,
                    "uid": 51
                },
                {
                    "coord": [
                        894,
                        220
                    ],
                    "is_working": true,
                    "name": "Jingtianlu",
                    "rect": [
                        880,
                        196,
                        50,
                        15
                    ],
                    "text_id": 52,
                    "uid": 52
                }
            ],
            "text_id": 53
        },
        {
            "labels_bg_color": "-1",
            "labels_color": "007F00",
            "line_color": "007F00",
            "line_width": 7,
            "name": "3",
            "segments": [
                [
                    53,
                    54,
                    [
                        [
                            340,
                            37
                        ],
                        [
                            320,
                            17
                        ]
                    ],
                    true
                ],
                [
                    54,
                    55,
                    [
                        [
                            359,
                            56
                        ],
                        [
                            340,
                            37
                        ]
                    ],
                    true
                ],
                [
                    55,
                    56,
                    [
                        [
                            379,
                            76
                        ],
                        [
                            359,
                            56
                        ]
                    ],
                    true
                ],
                [
                    56,
                    57,
                    [
                        [
                            401,
                            98
                        ],
                        [
                            379,
                            76
                        ]
                    ],
                    true
                ],
                [
                    57,
                    58,
                    [
                        [
                            423,
                            120
                        ],
                        [
                            401,
                            98
                        ]
                    ],
                    true
                ],
                [
                    58,
                    59,
                    [
                        [
                            447,
                            144
                        ],
                        [
                            423,
                            120
                        ]
                    ],
                    true
                ],
                [
                    59,
                    60,
                    [
                        [
                            467,
                            164
                        ],
                        [
                            447,
                            144
                        ]
                    ],
                    true
                ],
                [
                    60,
                    61,
                    [
                        [
                            485,
                            182
                        ],
                        [
                            467,
                            164
                        ]
                    ],
                    true
                ],
                [
                    61,
                    62,
                    [
                        [
                            505,
                            202
                        ],
                        [
                            485,
                            182
                        ]
                    ],
                    true
                ],
                [
                    62,
                    63,
                    [
                        [
                            505,
                            238
                        ],
                        [
                            505,
                            202
                        ]
                    ],
                    true
                ],
                [
                    63,
                    64,
                    [
                        [
                            505,
                            271
                        ],
                        [
                            505,
                            238
                        ]
                    ],
                    true
                ],
                [
                    64,
                    65,
                    [
                        [
                            505,
                            312
                        ],
                        [
                            505,
                            271
                        ]
                    ],
                    true
                ],
                [
                    65,
                    66,
                    [
                        [
                            505,
                            365
                        ],
                        [
                            505,
                            312
                        ]
                    ],
                    true
                ],
                [
                    66,
                    67,
                    [
                        [
                            533,
                            393
                        ],
                        [
                            505,
                            365
                        ]
                    ],
                    true
                ],
                [
                    67,
                    68,
                    [
                        [
                            556,
                            416
                        ],
                        [
                            533,
                            393
                        ]
                    ],
                    true
                ],
                [
                    68,
                    69,
                    [
                        [
                            556,
                            462
                        ],
                        [
                            556,
                            416
                        ]
                    ],
                    true
                ],
                [
                    69,
                    70,
                    [
                        [
                            556,
                            485
                        ],
                        [
                            556,
                            462
                        ]
                    ],
                    true
                ],
                [
                    70,
                    71,
                    [
                        [
                            556,
                            509
                        ],
                        [
                            556,
                            485
                        ]
                    ],
                    true
                ],
                [
                    71,
                    72,
                    [
                        [
                            556,
                            535
                        ],
                        [
                            556,
                            509
                        ]
                    ],
                    true
                ],
                [
                    72,
                    73,
                    [
                        [
                            556,
                            559
                        ],
                        [
                            556,
                            535
                        ]
                    ],
                    true
                ],
                [
                    73,
                    74,
                    [
                        [
                            556,
                            585
                        ],
                        [
                            556,
                            559
                        ]
                    ],
                    true
                ],
                [
                    74,
                    75,
                    [
                        [
                            556,
                            637
                        ],
                        [
                            556,
                            585
                        ]
                    ],
                    true
                ],
                [
                    75,
                    76,
                    [
                        [
                            556,
                            677
                        ],
                        [
                            556,
                            637
                        ]
                    ],
                    true
                ],
                [
                    76,
                    77,
                    [
                        [
                            556,
                            711
                        ],
                        [
                            556,
                            677
                        ]
                    ],
                    true
                ],
                [
                    77,
                    78,
                    [
                        [
                            556,
                            747
                        ],
                        [
                            556,
                            711
                        ]
                    ],
                    true
                ],
                [
                    78,
                    79,
                    [
                        [
                            556,
                            780
                        ],
                        [
                            556,
                            747
                        ]
                    ],
                    true
                ],
                [
                    79,
                    80,
                    [
                        [
                            556,
                            810
                        ],
                        [
                            556,
                            780
                        ]
                    ],
                    true
                ],
                [
                    80,
                    81,
                    [
                        [
                            556,
                            840
                        ],
                        [
                            556,
                            810
                        ]
                    ],
                    true
                ]
            ],
            "stations": [
                {
                    "coord": [
                        320,
                        17
                    ],
                    "is_working": true,
                    "name": "Linchang",
                    "rect": [
                        329,
                        5,
                        47,
                        15
                    ],
                    "text_id": 54,
                    "uid": 53
                },
                {
                    "coord": [
                        340,
                        37
                    ],
                    "is_working": true,
                    "name": "Xinghuolu",
                    "rect": [
                        349,
                        25,
                        51,
                        15
                    ],
                    "text_id": 55,
                    "uid": 54
                },
                {
                    "coord": [
                        359,
                        56
                    ],
                    "is_working": true,
                    "name": "Southeast University Chengxian College",
                    "rect": [
                        368,
                        44,
                        202,
                        15
                    ],
                    "text_id": 56,
                    "uid": 55
                },
                {
                    "coord": [
                        379,
                        76
                    ],
                    "is_working": true,
                    "name": "Taifenglu",
                    "rect": [
                        388,
                        69,
                        47,
                        15
                    ],
                    "text_id": 57,
                    "uid": 56
                },
                {
                    "coord": [
                        401,
                        98
                    ],
                    "is_working": true,
                    "name": "Tianruncheng",
                    "rect": [
                        411,
                        87,
                        69,
                        15
                    ],
                    "text_id": 58,
                    "uid": 57
                },
                {
                    "coord": [
                        423,
                        120
                    ],
                    "is_working": true,
                    "name": "Liuzhoudonglu",
                    "rect": [
                        432,
                        108,
                        73,
                        15
                    ],
                    "text_id": 59,
                    "uid": 58
                },
                {
                    "coord": [
                        447,
                        144
                    ],
                    "is_working": true,
                    "name": "Shangyuanmen",
                    "rect": [
                        360,
                        141,
                        78,
                        15
                    ],
                    "text_id": 60,
                    "uid": 59
                },
                {
                    "coord": [
                        467,
                        164
                    ],
                    "is_working": true,
                    "name": "Wutangguangchang",
                    "rect": [
                        359,
                        161,
                        99,
                        15
                    ],
                    "text_id": 61,
                    "uid": 60
                },
                {
                    "coord": [
                        485,
                        182
                    ],
                    "is_working": true,
                    "name": "Xiaoshi",
                    "rect": [
                        437,
                        179,
                        39,
                        15
                    ],
                    "text_id": 62,
                    "uid": 61
                },
                {
                    "coord": [
                        505,
                        202
                    ],
                    "is_working": true,
                    "name": "Nanjing Railway Station",
                    "rect": [
                        527,
                        199,
                        120,
                        15
                    ],
                    "text_id": 2,
                    "uid": 62
                },
                {
                    "coord": [
                        505,
                        238
                    ],
                    "is_working": true,
                    "name": "Xinzhuang/NFU",
                    "rect": [
                        514,
                        230,
                        78,
                        15
                    ],
                    "text_id": 63,
                    "uid": 63
                },
                {
                    "coord": [
                        505,
                        271
                    ],
                    "is_working": true,
                    "name": "Jimingsi",
                    "rect": [
                        514,
                        263,
                        44,
                        15
                    ],
                    "text_id": 64,
                    "uid": 64
                },
                {
                    "coord": [
                        505,
                        312
                    ],
                    "is_working": true,
                    "name": "Fuqiao",
                    "rect": [
                        514,
                        304,
                        35,
                        15
                    ],
                    "text_id": 65,
                    "uid": 65
                },
                {
                    "coord": [
                        505,
                        365
                    ],
                    "is_working": true,
                    "name": "Daxinggong",
                    "rect": [
                        489,
                        340,
                        61,
                        15
                    ],
                    "text_id": 38,
                    "uid": 66
                },
                {
                    "coord": [
                        533,
                        393
                    ],
                    "is_working": true,
                    "name": "Changfujie",
                    "rect": [
                        545,
                        387,
                        55,
                        15
                    ],
                    "text_id": 66,
                    "uid": 67
                },
                {
                    "coord": [
                        556,
                        416
                    ],
                    "is_working": true,
                    "name": "Fuzimiao",
                    "rect": [
                        565,
                        409,
                        46,
                        15
                    ],
                    "text_id": 67,
                    "uid": 68
                },
                {
                    "coord": [
                        556,
                        462
                    ],
                    "is_working": true,
                    "name": "Wudingmen",
                    "rect": [
                        565,
                        455,
                        60,
                        15
                    ],
                    "text_id": 68,
                    "uid": 69
                },
                {
                    "coord": [
                        556,
                        485
                    ],
                    "is_working": true,
                    "name": "Yuhuamen",
                    "rect": [
                        565,
                        478,
                        54,
                        15
                    ],
                    "text_id": 69,
                    "uid": 70
                },
                {
                    "coord": [
                        556,
                        509
                    ],
                    "is_working": true,
                    "name": "Kazimen",
                    "rect": [
                        565,
                        502,
                        45,
                        15
                    ],
                    "text_id": 70,
                    "uid": 71
                },
                {
                    "coord": [
                        556,
                        535
                    ],
                    "is_working": true,
                    "name": "Daminglu",
                    "rect": [
                        565,
                        528,
                        49,
                        15
                    ],
                    "text_id": 71,
                    "uid": 72
                },
                {
                    "coord": [
                        556,
                        559
                    ],
                    "is_working": true,
                    "name": "Mingchengdadao",
                    "rect": [
                        565,
                        552,
                        86,
                        15
                    ],
                    "text_id": 72,
                    "uid": 73
                },
                {
                    "coord": [
                        556,
                        585
                    ],
                    "is_working": true,
                    "name": "Nanjing South Railway Station",
                    "rect": [
                        567,
                        575,
                        151,
                        15
                    ],
                    "text_id": 15,
                    "uid": 74
                },
                {
                    "coord": [
                        556,
                        637
                    ],
                    "is_working": true,
                    "name": "Hongyundaodao",
                    "rect": [
                        465,
                        630,
                        82,
                        15
                    ],
                    "text_id": 73,
                    "uid": 75
                },
                {
                    "coord": [
                        556,
                        677
                    ],
                    "is_working": true,
                    "name": "Shengtaixilu",
                    "rect": [
                        484,
                        670,
                        63,
                        15
                    ],
                    "text_id": 74,
                    "uid": 76
                },
                {
                    "coord": [
                        556,
                        711
                    ],
                    "is_working": true,
                    "name": "Tianyuanxilu",
                    "rect": [
                        482,
                        704,
                        65,
                        15
                    ],
                    "text_id": 75,
                    "uid": 77
                },
                {
                    "coord": [
                        556,
                        747
                    ],
                    "is_working": true,
                    "name": "Jiulonghu",
                    "rect": [
                        497,
                        739,
                        50,
                        15
                    ],
                    "text_id": 76,
                    "uid": 78
                },
                {
                    "coord": [
                        556,
                        780
                    ],
                    "is_working": true,
                    "name": "Chengxindadao",
                    "rect": [
                        468,
                        773,
                        79,
                        15
                    ],
                    "text_id": 77,
                    "uid": 79
                },
                {
                    "coord": [
                        556,
                        810
                    ],
                    "is_working": true,
                    "name": "Southeast University Jiulonghu Campus",
                    "rect": [
                        347,
                        803,
                        200,
                        15
                    ],
                    "text_id": 78,
                    "uid": 80
                },
                {
                    "coord": [
                        556,
                        840
                    ],
                    "is_working": true,
                    "name": "Mozhoudonglu",
                    "rect": [
                        474,
                        832,
                        73,
                        15
                    ],
                    "text_id": 79,
                    "uid": 81
                }
            ],
            "text_id": 80
        },
        {
            "labels_bg_color": "-1",
            "labels_color": "F49E01",
            "line_color": "F49E01",
            "line_width": 7,
            "name": "10",
            "segments": [
                [
                    82,
                    83,
                    [
                        [
                            344,
                            555
                        ],
                        [
                            380,
                            555
                        ]
                    ],
                    true
                ],
                [
                    83,
                    84,
                    [
                        [
                            307,
                            555
                        ],
                        [
                            344,
                            555
                        ]
                    ],
                    true
                ],
                [
                    84,
                    85,
                    [
                        [
                            276,
                            524
                        ],
                        [
                            307,
                            555
                        ]
                    ],
                    true
                ],
                [
                    85,
                    86,
                    [
                        [
                            245,
                            493
                        ],
                        [
                            276,
                            524
                        ]
                    ],
                    true
                ],
                [
                    86,
                    87,
                    [
                        [
                            221,
                            469
                        ],
                        [
                            245,
                            493
                        ]
                    ],
                    true
                ],
                [
                    87,
                    88,
                    [
                        [
                            198,
                            446
                        ],
                        [
                            221,
                            469
                        ]
                    ],
                    true
                ],
                [
                    88,
                    89,
                    [
                        [
                            174,
                            422
                        ],
                        [
                            198,
                            446
                        ]
                    ],
                    true
                ],
                [
                    89,
                    90,
                    [
                        [
                            150,
                            398
                        ],
                        [
                            174,
                            422
                        ]
                    ],
                    true
                ],
                [
                    90,
                    91,
                    [
                        [
                            126,
                            374
                        ],
                        [
                            150,
                            398
                        ]
                    ],
                    true
                ],
                [
                    91,
                    92,
                    [
                        [
                            103,
                            351
                        ],
                        [
                            126,
                            374
                        ]
                    ],
                    true
                ],
                [
                    92,
                    93,
                    [
                        [
                            82,
                            330
                        ],
                        [
                            103,
                            351
                        ]
                    ],
                    true
                ],
                [
                    93,
                    94,
                    [
                        [
                            61,
                            309
                        ],
                        [
                            82,
                            330
                        ]
                    ],
                    true
                ],
                [
                    94,
                    95,
                    [
                        [
                            39,
                            287
                        ],
                        [
                            61,
                            309
                        ]
                    ],
                    true
                ]
            ],
            "stations": [
                {
                    "coord": [
                        380,
                        555
                    ],
                    "is_working": true,
                    "name": "Andemen",
                    "rect": [
                        406,
                        547,
                        49,
                        15
                    ],
                    "text_id": 11,
                    "uid": 82
                },
                {
                    "coord": [
                        344,
                        555
                    ],
                    "is_working": true,
                    "name": "Xiaohang",
                    "rect": [
                        323,
                        533,
                        48,
                        15
                    ],
                    "text_id": 81,
                    "uid": 83
                },
                {
                    "coord": [
                        307,
                        555
                    ],
                    "is_working": true,
                    "name": "Zhongsheng",
                    "rect": [
                        279,
                        563,
                        62,
                        15
                    ],
                    "text_id": 82,
                    "uid": 84
                },
                {
                    "coord": [
                        276,
                        524
                    ],
                    "is_working": true,
                    "name": "Yuantong",
                    "rect": [
                        287,
                        515,
                        48,
                        15
                    ],
                    "text_id": 30,
                    "uid": 85
                },
                {
                    "coord": [
                        245,
                        493
                    ],
                    "is_working": true,
                    "name": "Olympic Stadium",
                    "rect": [
                        150,
                        490,
                        86,
                        15
                    ],
                    "text_id": 83,
                    "uid": 86
                },
                {
                    "coord": [
                        221,
                        469
                    ],
                    "is_working": true,
                    "name": "Mengdudajie",
                    "rect": [
                        147,
                        466,
                        65,
                        15
                    ],
                    "text_id": 84,
                    "uid": 87
                },
                {
                    "coord": [
                        198,
                        446
                    ],
                    "is_working": true,
                    "name": "Lyuboyuan",
                    "rect": [
                        207,
                        434,
                        56,
                        15
                    ],
                    "text_id": 85,
                    "uid": 88
                },
                {
                    "coord": [
                        174,
                        422
                    ],
                    "is_working": true,
                    "name": "Jiangxinzhou",
                    "rect": [
                        183,
                        410,
                        67,
                        15
                    ],
                    "text_id": 86,
                    "uid": 89
                },
                {
                    "coord": [
                        150,
                        398
                    ],
                    "is_working": true,
                    "name": "Linjiang",
                    "rect": [
                        159,
                        386,
                        41,
                        15
                    ],
                    "text_id": 87,
                    "uid": 90
                },
                {
                    "coord": [
                        126,
                        374
                    ],
                    "is_working": true,
                    "name": "Pukouwanhuicheng",
                    "rect": [
                        135,
                        362,
                        98,
                        15
                    ],
                    "text_id": 88,
                    "uid": 91
                },
                {
                    "coord": [
                        103,
                        351
                    ],
                    "is_working": true,
                    "name": "Nanjing University of Technology",
                    "rect": [
                        112,
                        339,
                        166,
                        15
                    ],
                    "text_id": 89,
                    "uid": 92
                },
                {
                    "coord": [
                        82,
                        330
                    ],
                    "is_working": true,
                    "name": "Longhualu",
                    "rect": [
                        91,
                        318,
                        53,
                        15
                    ],
                    "text_id": 90,
                    "uid": 93
                },
                {
                    "coord": [
                        61,
                        309
                    ],
                    "is_working": true,
                    "name": "Wendelu",
                    "rect": [
                        70,
                        297,
                        45,
                        15
                    ],
                    "text_id": 91,
                    "uid": 94
                },
                {
                    "coord": [
                        39,
                        287
                    ],
                    "is_working": true,
                    "name": "Yushanlu",
                    "rect": [
                        48,
                        275,
                        48,
                        15
                    ],
                    "text_id": 92,
                    "uid": 95
                }
            ],
            "text_id": 93
        }
    ],
    "lines_width": 7,
    "name": "metro",
    "name_text_id": 94,
    "stations_diameter": 13.0,
    "transfers": [
        [
            2,
            62,
            [
                518,
                202
            ],
            [
                505,
                202
            ]
        ],
        [
            37,
            7,
            [
                455,
                365
            ],
            [
                468,
                365
            ]
        ],
        [
            38,
            66,
            [
                518,
                365
            ],
            [
                505,
                365
            ]
        ],
        [
            29,
            85,
            [
                263,
                524
            ],
            [
                276,
                524
            ]
        ],
        [
            82,
            11,
            [
                380,
                555
            ],
            [
                393,
                555
            ]
        ],
        [
            74,
            15,
            [
                556,
                585
            ],
            [
                556,
                598
            ]
        ]
    ],
    "transports": [
        "metro"
    ],
    "type_name": "ROOT",
    "type_text_id": 95,
    "upper_case": false,
    "width": 1044,
    "word_wrap": false
}