{
    "default_transports": [
        "metro"
    ],
    "height": 619,
    "images": [
        "res/schemes/torino.svg"
    ],
    "is_vector": true,
    "lines": [
        {
            "labels_bg_color": "-1",
            "labels_color": "FCFC04",
            "line_color": "FCFC04",
            "line_width": 5,
            "name": "1",
            "segments": [
                [
                    0,
                    1,
                    [
                        [
                            344,
                            229
                        ],
                        [
                            146,
                            171
                        ]
                    ],
                    true
                ],
                [
                    1,
                    2,
                    [
                        [
                            473,
                            221
                        ],
                        [
                            344,
                            229
                        ]
                    ],
                    true
                ],
                [
                    2,
                    3,
                    [
                        [
                            562,
                            215
                        ],
                        [
                            473,
                            221
                        ]
                    ],
                    true
                ],
                [
                    3,
                    4,
                    [
                        [
                            692,
                            207
                        ],
                        [
                            562,
                            215
                        ]
                    ],
                    true
                ],
                [
                    4,
                    5,
                    [
                        [
                            798,
                            200
                        ],
                        [
                            692,
                            207
                        ]
                    ],
                    true
                ],
                [
                    5,
                    6,
                    [
                        [
                            898,
                            194
                        ],
                        [
                            798,
                            200
                        ]
                    ],
                    true
                ],
                [
                    6,
                    7,
                    [
                        [
                            992,
                            188
                        ],
                        [
                            898,
                            194
                        ]
                    ],
                    true
                ],
                [
                    7,
                    8,
                    [
                        [
                            1096,
                            182
                        ],
                        [
                            992,
                            188
                        ]
                    ],
                    true
                ],
                [
                    8,
                    9,
                    [
                        [
                            1196,
                            175
                        ],
                        [
                            1096,
                            182
                        ]
                    ],
                    true
                ],
                [
                    9,
                    10,
                    [
                        [
                            1256.0,
                            235.0
                        ],
                        [
                            1258.23,
                            231.73
                        ],
                        [
                            1260.28,
                            228.53
                        ],
                        [
                            1262.16,
                            225.41
                        ],
                        [
                            1263.88,
                            222.38
                        ],
                        [
                            1265.41,
                            219.41
                        ],
                        [
                            1266.77,
                            216.53
                        ],
                        [
                            1267.97,
                            213.73
                        ],
                        [
                            1269.0,
                            211.0
                        ],
                        [
                            1269.88,
                            208.35
                        ],
                        [
                            1270.6,
                            205.78
                        ],
                        [
                            1271.14,
                            203.29
                        ],
                        [
                            1271.5,
                            200.88
                        ],
                        [
                            1271.69,
                            198.55
                        ],
                        [
                            1271.68,
                            196.3
                        ],
                        [
                            1271.46,
                            194.12
                        ],
                        [
                            1271.0,
                            192.0
                        ],
                        [
                            1270.22,
                            189.91
                        ],
                        [
                            1269.2,
                            187.89
                        ],
                        [
                            1268.0,
                            185.96
                        ],
                        [
                            1266.62,
                            184.12
                        ],
                        [
                            1265.06,
                            182.4
                        ],
                        [
                            1263.39,
                            180.79
                        ],
                        [
                            1261.66,
                            179.31
                        ],
                        [
                            1260.0,
                            178.0
                        ],
                        [
                            1258.67,
                            176.9
                        ],
                        [
                            1257.39,
                            175.96
                        ],
                        [
                            1255.95,
                            175.16
                        ],
                        [
                            1254.31,
                            174.5
                        ],
                        [
                            1252.37,
                            173.95
                        ],
                        [
                            1250.05,
                            173.52
                        ],
                        [
                            1247.31,
                            173.21
                        ],
                        [
                            1244.0,
                            173.0
                        ],
                        [
                            1239.87,
                            172.88
                        ],
                        [
                            1235.11,
                            172.85
                        ],
                        [
                            1229.81,
                            172.93
                        ],
                        [
                            1224.0,
                            173.12
                        ],
                        [
                            1217.74,
                            173.43
                        ],
                        [
                            1211.0,
                            173.84
                        ],
                        [
                            1203.75,
                            174.37
                        ],
                        [
                            1196.0,
                            175.0
                        ]
                    ],
                    true
                ],
                [
                    10,
                    11,
                    [
                        [
                            1219,
                            306
                        ],
                        [
                            1256,
                            235
                        ]
                    ],
                    false
                ],
                [
                    10,
                    12,
                    [
                        [
                            1236.0,
                            371.0
                        ],
                        [
                            1232.25,
                            369.39
                        ],
                        [
                            1228.75,
                            367.81
                        ],
                        [
                            1225.5,
                            366.27
                        ],
                        [
                            1222.5,
                            364.75
                        ],
                        [
                            1219.73,
                            363.25
                        ],
                        [
                            1217.21,
                            361.79
                        ],
                        [
                            1214.95,
                            360.36
                        ],
                        [
                            1213.0,
                            359.0
                        ],
                        [
                            1211.43,
                            357.74
                        ],
                        [
                            1210.14,
                            356.52
                        ],
                        [
                            1209.06,
                            355.33
                        ],
                        [
                            1208.19,
                            354.12
                        ],
                        [
                            1207.5,
                            352.89
                        ],
                        [
                            1206.94,
                            351.62
                        ],
                        [
                            1206.48,
                            350.32
                        ],
                        [
                            1206.0,
                            349.0
                        ],
                        [
                            1205.33,
                            347.67
                        ],
                        [
                            1204.65,
                            346.29
                        ],
                        [
                            1204.08,
                            344.79
                        ],
                        [
                            1203.62,
                            343.19
                        ],
                        [
                            1203.34,
                            341.47
                        ],
                        [
                            1203.27,
                            339.57
                        ],
                        [
                            1203.44,
                            337.45
                        ],
                        [
                            1204.0,
                            335.0
                        ],
                        [
                            1205.15,
                            332.03
                        ],
                        [
                            1206.67,
                            328.74
                        ],
                        [
                            1208.43,
                            325.24
                        ],
                        [
                            1210.38,
                            321.56
                        ],
                        [
                            1212.45,
                            317.76
                        ],
                        [
                            1214.61,
                            313.87
                        ],
                        [
                            1216.83,
                            309.91
                        ],
                        [
                            1219.0,
                            306.0
                        ],
                        [
                            1220.95,
                            302.29
                        ],
                        [
                            1222.83,
                            298.63
                        ],
                        [
                            1224.71,
                            294.94
                        ],
                        [
                            1226.62,
                            291.19
                        ],
                        [
                            1228.62,
                            287.32
                        ],
                        [
                            1230.67,
                            283.35
                        ],
                        [
                            1232.79,
                            279.25
                        ],
                        [
                            1235.0,
                            275.0
                        ],
                        [
                            1237.33,
                            270.52
                        ],
                        [
                            1239.77,
                            265.87
                        ],
                        [
                            1242.28,
                            261.07
                        ],
                        [
                            1244.88,
                            256.12
                        ],
                        [
                            1247.54,
                            251.05
                        ],
                        [
                            1250.28,
                            245.84
                        ],
                        [
                            1253.1,
                            240.49
                        ],
                        [
                            1256.0,
                            235.0
                        ]
                    ],
                    true
                ],
                [
                    11,
                    12,
                    [
                        [
                            1236.0,
                            371.0
                        ],
                        [
                            1232.25,
                            369.39
                        ],
                        [
                            1228.75,
                            367.81
                        ],
                        [
                            1225.5,
                            366.27
                        ],
                        [
                            1222.5,
                            364.75
                        ],
                        [
                            1219.73,
                            363.25
                        ],
                        [
                            1217.21,
                            361.79
                        ],
                        [
                            1214.95,
                            360.36
                        ],
                        [
                            1213.0,
                            359.0
                        ],
                        [
                            1211.43,
                            357.74
                        ],
                        [
                            1210.14,
                            356.52
                        ],
                        [
                            1209.06,
                            355.33
                        ],
                        [
                            1208.19,
                            354.12
                        ],
                        [
                            1207.5,
                            352.89
                        ],
                        [
                            1206.94,
                            351.62
                        ],
                        [
                            1206.48,
                            350.32
                        ],
                        [
                            1206.0,
                            349.0
                        ],
                        [
                            1205.33,
                            347.67
                        ],
                        [
                            1204.65,
                            346.29
                        ],
                        [
                            1204.07,
                            344.8
                        ],
                        [
                            1203.62,
                            343.19
                        ],
                        [
                            1203.37,
                            341.44
                        ],
                        [
                            1203.33,
                            339.52
                        ],
                        [
                            1203.51,
                            337.39
                        ],
                        [
                            1204.0,
                            335.0
                        ],
                        [
                            1204.89,
                            332.24
                        ],
                        [
                            1206.11,
                            329.2
                        ],
                        [
                            1207.61,
                            325.91
                        ],
                        [
                            1209.38,
                            322.38
                        ],
                        [
                            1211.39,
                            318.63
                        ],
                        [
                            1213.66,
                            314.66
                        ],
                        [
                            1216.2,
                            310.45
                        ],
                        [
                            1219.0,
                            306.0
                        ]
                    ],
                    false
                ],
                [
                    12,
                    13,
                    [
                        [
                            1354,
                            434
                        ],
                        [
                            1236,
                            371
                        ]
                    ],
                    true
                ],
                [
                    13,
                    14,
                    [
                        [
                            1422,
                            469
                        ],
                        [
                            1354,
                            434
                        ]
                    ],
                    true
                ]
            ],
            "stations": [
                {
                    "coord": [
                        146,
                        171
                    ],
                    "is_working": true,
                    "name": "Fermi",
                    "rect": [
                        142,
                        142,
                        30,
                        15
                    ],
                    "text_id": 0,
                    "uid": 0
                },
                {
                    "coord": [
                        344,
                        229
                    ],
                    "is_working": true,
                    "name": "Paradiso",
                    "rect": [
                        339,
                        200,
                        46,
                        15
                    ],
                    "text_id": 1,
                    "uid": 1
                },
                {
                    "coord": [
                        473,
                        221
                    ],
                    "is_working": true,
                    "name": "Marche",
                    "rect": [
                        468,
                        193,
                        39,
                        15
                    ],
                    "text_id": 2,
                    "uid": 2
                },
                {
                    "coord": [
                        562,
                        215
                    ],
                    "is_working": true,
                    "name": "Massaua",
                    "rect": [
                        559,
                        188,
                        47,
                        15
                    ],
                    "text_id": 3,
                    "uid": 3
                },
                {
                    "coord": [
                        692,
                        207
                    ],
                    "is_working": true,
                    "name": "Pozzo Strada",
                    "rect": [
                        685,
                        178,
                        66,
                        15
                    ],
                    "text_id": 4,
                    "uid": 4
                },
                {
                    "coord": [
                        798,
                        200
                    ],
                    "is_working": true,
                    "name": "Monte Grappa",
                    "rect": [
                        793,
                        171,
                        71,
                        15
                    ],
                    "text_id": 5,
                    "uid": 5
                },
                {
                    "coord": [
                        898,
                        194
                    ],
                    "is_working": true,
                    "name": "Rivoli",
                    "rect": [
                        893,
                        166,
                        31,
                        15
                    ],
                    "text_id": 6,
                    "uid": 6
                },
                {
                    "coord": [
                        992,
                        188
                    ],
                    "is_working": true,
                    "name": "Racconigi",
                    "rect": [
                        988,
                        160,
                        52,
                        15
                    ],
                    "text_id": 7,
                    "uid": 7
                },
                {
                    "coord": [
                        1096,
                        182
                    ],
                    "is_working": true,
                    "name": "Bernini",
                    "rect": [
                        1091,
                        154,
                        38,
                        15
                    ],
                    "text_id": 8,
                    "uid": 8
                },
                {
                    "coord": [
                        1196,
                        175
                    ],
                    "is_working": true,
                    "name": "Principi d'Acaja",
                    "rect": [
                        1192,
                        148,
                        80,
                        15
                    ],
                    "text_id": 9,
                    "uid": 9
                },
                {
                    "coord": [
                        1256,
                        235
                    ],
                    "is_working": true,
                    "name": "XVIII dicembre",
                    "rect": [
                        1275,
                        229,
                        74,
                        15
                    ],
                    "text_id": 10,
                    "uid": 10
                },
                {
                    "coord": [
                        1219,
                        306
                    ],
                    "is_working": false,
                    "name": "Porta Susa",
                    "rect": [
                        1237,
                        302,
                        56,
                        15
                    ],
                    "text_id": 11,
                    "uid": 11
                },
                {
                    "coord": [
                        1236,
                        371
                    ],
                    "is_working": true,
                    "name": "Vinzaglio",
                    "rect": [
                        1231,
                        344,
                        47,
                        15
                    ],
                    "text_id": 12,
                    "uid": 12
                },
                {
                    "coord": [
                        1354,
                        434
                    ],
                    "is_working": true,
                    "name": "Re Umberto",
                    "rect": [
                        1349,
                        406,
                        61,
                        15
                    ],
                    "text_id": 13,
                    "uid": 13
                },
                {
                    "coord": [
                        1422,
                        469
                    ],
                    "is_working": true,
                    "name": "Porta Nuova",
                    "rect": [
                        1421,
                        441,
                        63,
                        15
                    ],
                    "text_id": 14,
                    "uid": 14
                }
            ],
            "text_id": 15
        }
    ],
    "lines_width": 5,
    "name": "metro",
    "name_text_id": 16,
    "stations_diameter": 15.0,
    "transfers": [],
    "transports": [
        "metro"
    ],
    "type_name": "ROOT",
    "type_text_id": 17,
    "upper_case": false,
    "width": 1572,
    "word_wrap": false
}