{
    "0": "Downtown Mountain View",
    "1": "Evelyn",
    "2": "Whisman",
    "3": "Middlefield",
    "4": "Bayshore NASA",
    "5": "Moffett Park",
    "6": "Lockheed Martin",
    "7": "Borregas",
    "8": "Crossman",
    "9": "Fair Oaks",
    "10": "Vienna",
    "11": "Reamwood",
    "12": "Old Ironsides",
    "13": "Great America",
    "14": "Lick Mill",
    "15": "Champion",
    "16": "Tasman",
    "17": "River Oaks",
    "18": "Orchard",
    "19": "Bonaventura",
    "20": "Component",
    "21": "Karina Court",
    "22": "Metro/Airport",
    "23": "Gish",
    "24": "Civic Center",
    "25": "Japantown/Ayer",
    "26": "Saint James",
    "27": "Santa Clara",
    "28": "Paseo de San Antonio",
    "29": "Convention Center",
    "30": "San Fernando",
    "31": "San Jose Diridon",
    "32": "Race",
    "33": "Fruitdale",
    "34": "Bascom",
    "35": "Hamilton",
    "36": "Downtown Campbell",
    "37": "Winchester",
    "38": "902",
    "39": "Alum Rock",
    "40": "McKee",
    "41": "Penitencia Creek",
    "42": "Berryessa",
    "43": "Hostetter",
    "44": "Cropley",
    "45": "Montague",
    "46": "Great Mall",
    "47": "I-880/Milpitas",
    "48": "Cisco Way",
    "49": "Baypointe",
    "50": "Children's Discovery Museum",
    "51": "Virginia",
    "52": "Tamien",
    "53": "Curtner",
    "54": "Capitol",
    "55": "Branham",
    "56": "Ohlone/Chynoweth",
    "57": "Blossom Hill",
    "58": "Snell",
    "59": "Cottle",
    "60": "Santa Teresa",
    "61": "901",
    "62": "Almaden",
    "63": "Oakridge",
    "64": "900",
    "65": "Электричка",
    "66": "ROOT",
    "67": "Схема от 17.07.2007г.\nАвтор: Варламов Дмитрий (www.chpeks.com)",
    "68": "Imported from http://pmetro.su"
}