{
    "0": "Devjatkino",
    "1": "Grazhdanskij prospekt",
    "2": "Akademicheskaja",
    "3": "Politehnicheskaja",
    "4": "Ploschad' Muzhestva",
    "5": "Lesnaja",
    "6": "Vyborgskaja",
    "7": "Ploschad' Lenina",
    "8": "Chernyshevskaja",
    "9": "Ploschad' Vosstanija",
    "10": "Vladimirskaja",
    "11": "Pushkinskaja",
    "12": "Tehnologicheskij institut-I",
    "13": "Baltijskaja",
    "14": "Narvskaja",
    "15": "Kirovskij zavod",
    "16": "Avtovo",
    "17": "Leninskij prospekt",
    "18": "Prospekt Veteranov",
    "19": "Kirovsko-Vyborgskaja linija",
    "20": "Parnas",
    "21": "Prospekt Prosveschenija",
    "22": "Ozerki",
    "23": "Udel'naja",
    "24": "Pionerskaja",
    "25": "Chernaja rechka",
    "26": "Petrogradskaja",
    "27": "Gor'kovskaja",
    "28": "Nevskij prospekt",
    "29": "Sennaja ploschad'",
    "30": "Tehnologicheskij institut-II",
    "31": "Frunzenskaja",
    "32": "Moskovskie vorota",
    "33": "Elektrosila",
    "34": "Park Pobedy",
    "35": "Moskovskaja",
    "36": "Zvezdnaja",
    "37": "Kupchino",
    "38": "Moskovsko-Petrogradskaja linija",
    "39": "Begovaja",
    "40": "Zenit",
    "41": "Primorskaja",
    "42": "Vasileostrovskaja",
    "43": "Gostinyj dvor",
    "44": "Majakovskaja",
    "45": "Ploschad' Aleksandra Nevskogo-I",
    "46": "Elizarovskaja",
    "47": "Lomonosovskaja",
    "48": "Proletarskaja",
    "49": "Obuhovo",
    "50": "Rybatskoe",
    "51": "Nevsko-Vasileostrovskaja linija",
    "52": "Gornyj institut",
    "53": "Teatral'naja",
    "54": "Spasskaja",
    "55": "Dostoevskaja",
    "56": "Ligovskij prospekt",
    "57": "Ploschad' Aleksandra Nevskogo-II",
    "58": "Novocherkasskaja",
    "59": "Ladozhskaja",
    "60": "Prospekt Bol'shevikov",
    "61": "Ulitsa Dybenko",
    "62": "Pravoberezhnaja linija",
    "63": "Komendantskij prospekt",
    "64": "Staraja Derevnja",
    "65": "Krestovskij ostrov",
    "66": "Chkalovskaja",
    "67": "Sportivnaja",
    "68": "Admiraltejskaja",
    "69": "Sadovaja",
    "70": "Zvenigorodskaja",
    "71": "Obvodnyj kanal",
    "72": "Volkovskaja",
    "73": "Buharestskaja",
    "74": "Mezhdunarodnaja",
    "75": "Prospekt Slavy",
    "76": "Dunajskaja",
    "77": "Shushary",
    "78": "Frunzensko-Primorskaja linija",
    "79": "Jugo-Zapadnaja",
    "80": "Putilovskaja",
    "81": "Bronevaja",
    "82": "Zastavskaja",
    "83": "Borovaja",
    "84": "Obvodnyj kanal-2",
    "85": "Krasnosel'sko-Kalininskaja linija",
    "86": "Baltijskij vokzal",
    "87": "Elektrodepo",
    "88": "Leninskij Prospekt",
    "89": "Dachnoe",
    "90": "Ul'janka",
    "91": "Ligovo",
    "92": "Sosnovaja Poljana",
    "93": "Volodarskaja",
    "94": "Strel'na",
    "95": "Krasnye Zori",
    "96": "Novyj Petergof",
    "97": "Staryj Petergof",
    "98": "Universitet",
    "99": "Martyshkino",
    "100": "Oranienbaum-I",
    "101": "Oranienbaum-II",
    "102": "Kronshtadtskaja Kolonija",
    "103": "Bronka",
    "104": "Dubochki",
    "105": "Bol'shaja Izhora",
    "106": "Chajka",
    "107": "Lebjazh'e",
    "108": "68 km",
    "109": "75 km",
    "110": "80 km",
    "111": "Kalische",
    "112": "Krasnaja Gorka",
    "113": "Krasnoflotsk",
    "114": "Gorelovo",
    "115": "Skachki",
    "116": "Krasnoe Selo",
    "117": "Mozhajskaja",
    "118": "Tajtsy",
    "119": "Pudost'",
    "120": "Marienburg",
    "121": "Gatchina-Baltijskaja",
    "122": "Gatchina-Tovarnaja",
    "123": "Gatchina-Varshavskaja",
    "124": "Elektrichka: Kalische i Gatchina",
    "125": "Predportovaja",
    "126": "Aeroport",
    "127": "Shossejnaja",
    "128": "Aleksandrovskaja",
    "129": "Kondakopshino",
    "130": "Verevo",
    "131": "Staroe Mozino",
    "132": "Novoe Mozino",
    "133": "Tat'janino",
    "134": "Sujda",
    "135": "Pribytkovo",
    "136": "Kartashevskaja",
    "137": "Siverskaja",
    "138": "Lampovo",
    "139": "Stroganovo",
    "140": "Divenskaja",
    "141": "Nizovskaja",
    "142": "Rosinka",
    "143": "Mshinskaja",
    "144": "Raz'ezd Antoniny Petrovoj",
    "145": "Tolmachevo",
    "146": "Partizanskaja",
    "147": "Raz'ezd Generala Omel'chenko",
    "148": "Luga",
    "149": "Elektrichka: Luga",
    "150": "Vitebskij vokzal",
    "151": "Vozduhoplavatel'nyj Park",
    "152": "Parovoznyj Muzej",
    "153": "Detskosel'skaja",
    "154": "Tsarskoe Selo",
    "155": "Pavlovsk",
    "156": "34 km",
    "157": "36 km",
    "158": "40 km",
    "159": "Novolisino",
    "160": "46km",
    "161": "53 km",
    "162": "Lustovka",
    "163": "Kastenskaja",
    "164": "77km",
    "165": "Eglino",
    "166": "Radofinnikovo",
    "167": "101km",
    "168": "104 km",
    "169": "Ogorel'e",
    "170": "Rogavka",
    "171": "Kerest'",
    "172": "Gorenka",
    "173": "Tatino",
    "174": "Vjazhische",
    "175": "Preduzlovaja-Pavlovskaja",
    "176": "Novgorod post",
    "177": "Novgorod",
    "178": "Antropshino",
    "179": "Kobralovo",
    "180": "Semrino",
    "181": "46 km",
    "182": "Susanino",
    "183": "Krasnitsy",
    "184": "Mihajlovka",
    "185": "Vyritsa",
    "186": "63 km",
    "187": "Sluditsy",
    "188": "77 km",
    "189": "Novinka",
    "190": "90 km",
    "191": "92 km",
    "192": "Chascha",
    "193": "100 km",
    "194": "101 km",
    "195": "Cholovo",
    "196": "117 km",
    "197": "Tarkovichi",
    "198": "125 km",
    "199": "Oredezh",
    "200": "133 km",
    "201": "Zaklin'e",
    "202": "143 km",
    "203": "144km",
    "204": "Batetskaja",
    "205": "1-ja pl.",
    "206": "2-ja pl.",
    "207": "3-ja pl.",
    "208": "Poselok",
    "209": "Elektrichka: Vitebskij",
    "210": "Moskovskij vokzal",
    "211": "Navalochnaja",
    "212": "5 km",
    "213": "Farforovskaja",
    "214": "Sortirovochnaja",
    "215": "Slavjanka",
    "216": "Metallostroj",
    "217": "Izhorskij Zavod",
    "218": "Kolpino",
    "219": "Popovka",
    "220": "Sablino",
    "221": "Tosno-II",
    "222": "Tosno-I",
    "223": "Ushaki",
    "224": "Georgievskaja",
    "225": "Rjabovo",
    "226": "Sokolov Ruchej",
    "227": "Bolotnitskaja",
    "228": "Ljuban'",
    "229": "Pomeran'e",
    "230": "93 km",
    "231": "Trubnikovo",
    "232": "Babino",
    "233": "Babino-2",
    "234": "106 km",
    "235": "Torfjanoe",
    "236": "Chudovo",
    "237": "Volhovo",
    "238": "Volhov Most",
    "239": "130 km",
    "240": "Dubtsy",
    "241": "Grjady",
    "242": "144 km",
    "243": "Bol'shaja Vishera",
    "244": "157 km",
    "245": "Malaja Vishera",
    "246": "167 km",
    "247": "170 km",
    "248": "172 km",
    "249": "Krasnenka",
    "250": "179 km",
    "251": "Burga",
    "252": "186 km",
    "253": "Mstinskij Most",
    "254": "190 km",
    "255": "198 km",
    "256": "204 km",
    "257": "211 km",
    "258": "213 km",
    "259": "Torbino",
    "260": "220 km",
    "261": "Vjalka",
    "262": "226 km",
    "263": "Borovenka",
    "264": "Zaozer'e",
    "265": "243 km",
    "266": "246 km",
    "267": "Okulovka",
    "268": "253 km",
    "269": "256 km",
    "270": "Jablonovka",
    "271": "265 km",
    "272": "Uglovka",
    "273": "271 km",
    "274": "274 km",
    "275": "Selische",
    "276": "281 km",
    "277": "284 km",
    "278": "Lykoshino",
    "279": "Zakljuch'e",
    "280": "Aleshinka",
    "281": "301 km",
    "282": "Berezajka",
    "283": "Guzjatino",
    "284": "Poplavenets",
    "285": "Rodionovskaja 318 km",
    "286": "Bologoe",
    "287": "Izhory",
    "288": "Pontonnaja",
    "289": "Sapernaja",
    "290": "29 km",
    "291": "Ivanovskaja",
    "292": "Pella",
    "293": "Gory",
    "294": "45 km",
    "295": "Mga",
    "296": "3 km",
    "297": "Sologubovka",
    "298": "Turyshkino",
    "299": "Staraja Maluksa",
    "300": "Maluksa",
    "301": "Pogost'e",
    "302": "Zharok",
    "303": "52 km",
    "304": "55 km",
    "305": "Posadnikovo",
    "306": "Puteprovod",
    "307": "Volhov-Pristan'",
    "308": "Kirishi",
    "309": "74 km",
    "310": "83 km",
    "311": "Pchevzha",
    "312": "Budogosch'",
    "313": "Mihajlovskaja",
    "314": "Apraksin",
    "315": "Nazija",
    "316": "Poljany",
    "317": "Zhiharevo",
    "318": "Plitnjaki",
    "319": "Vojbokalo",
    "320": "95 km",
    "321": "Novyj Byt",
    "322": "106km",
    "323": "Pupyshevo",
    "324": "115 km",
    "325": "119 km",
    "326": "Volhovstroj-I",
    "327": "Volhovstroj-II",
    "328": "Murmanskie Vorota",
    "329": "Georgievskij",
    "330": "141 km Hamontovo",
    "331": "Kolchanovo",
    "332": "Lungachi",
    "333": "159 km",
    "334": "165 km",
    "335": "Jugi",
    "336": "Sidorovo",
    "337": "184 km",
    "338": "187 km",
    "339": "191 km",
    "340": "Pasha",
    "341": "Ojat'-Volhovstroevskij",
    "342": "Shotkusa",
    "343": "Zaostrov'e",
    "344": "229 km",
    "345": "Shamoksha",
    "346": "Lodejnoe Pole",
    "347": "Janega",
    "348": "259 km",
    "349": "Jandeba",
    "350": "Pereezd 274 km",
    "351": "Podporozh'e",
    "352": "284km",
    "353": "Svir'",
    "354": "Preduzlovaja-P.",
    "355": "64 km",
    "356": "58 km",
    "357": "Podberez'e",
    "358": "Mjasnoj Bor",
    "359": "Spasskaja Polist'",
    "360": "Tregubovo",
    "361": "Chudovo-II",
    "362": "Zarechenskaja",
    "363": "Nurma",
    "364": "13 km",
    "365": "Shapki",
    "366": "Nevdubstroj",
    "367": "11 km",
    "368": "Gribnoe",
    "369": "6km",
    "370": "4km",
    "371": "Pavlovo-na-Neve",
    "372": "Gerojskaja",
    "373": "26km",
    "374": "Ostrovnaja",
    "375": "Manushkino",
    "376": "16km",
    "377": "Koltushi",
    "378": "11km",
    "379": "Mjaglovo",
    "380": "7km",
    "381": "5km",
    "382": "Ladozhskij vokzal",
    "383": "Piskarevka",
    "384": "Kushelevka",
    "385": "Finljandskij vokzal",
    "386": "Chudovo-3",
    "387": "96 km",
    "388": "93km",
    "389": "Vodos",
    "390": "85 km",
    "391": "83km",
    "392": "Tigoda",
    "393": "Irsa",
    "394": "Andreevo",
    "395": "42 km",
    "396": "Glazhevo",
    "397": "35 km",
    "398": "30 km",
    "399": "Terebochevo",
    "400": "23 km",
    "401": "15 km",
    "402": "Gostinopol'e",
    "403": "10 km",
    "404": "Porogi",
    "405": "6 km",
    "406": "4 km",
    "407": "Novooktjabr'skij",
    "408": "Tihvin",
    "409": "Pikalevo-2",
    "410": "Efimovskaja",
    "411": "Podborov'e",
    "412": "Zabor'e",
    "413": "Verhnevol'skij",
    "414": "Teshemlja",
    "415": "Babaevo",
    "416": "Elektrichka: Moskovskij",
    "417": "Ruch'i",
    "418": "Murino",
    "419": "Lavriki",
    "420": "Kapitolovo",
    "421": "Kuz'molovo",
    "422": "Toksovo",
    "423": "Kavgolovo",
    "424": "Osel'ki",
    "425": "Peri",
    "426": "39 km",
    "427": "Gruzino",
    "428": "47 km",
    "429": "Vaskelovo",
    "430": "54 km",
    "431": "Lembolovo",
    "432": "Orehovo",
    "433": "67 km",
    "434": "69 km",
    "435": "Sosnovo",
    "436": "78 km",
    "437": "Petjajarvi",
    "438": "Losevo",
    "439": "Gromovo",
    "440": "Suhodol'e",
    "441": "Otradnoe",
    "442": "Mjulljupel'to",
    "443": "Sinevo",
    "444": "Priozersk",
    "445": "148 km",
    "446": "152 km Borovoe",
    "447": "Kuznechnoe",
    "448": "Lanskaja",
    "449": "Shuvalovo",
    "450": "Pargolovo",
    "451": "Levashovo",
    "452": "Pesochnaja",
    "453": "Dibuny",
    "454": "Beloostrov",
    "455": "Solnechnoe",
    "456": "Repino",
    "457": "Komarovo",
    "458": "Zelenogorsk",
    "459": "Ushkovo",
    "460": "Roschino",
    "461": "Gor'kovskoe",
    "462": "Shevelevo",
    "463": "Kannel'jarvi",
    "464": "Zahodskoe",
    "465": "Kirillovskoe",
    "466": "Lejpjasuo",
    "467": "Gavrilovo",
    "468": "Lebedevka",
    "469": "Verhne-Cherkasovo",
    "470": "Lazarevka",
    "471": "Vyborg",
    "472": "Novaja Derevnja",
    "473": "Jahtennaja",
    "474": "Lahta",
    "475": "Ol'gino",
    "476": "Lisij Nos",
    "477": "Gorskaja",
    "478": "Tarhovka",
    "479": "Razliv",
    "480": "Sestroretsk",
    "481": "Kurort",
    "482": "Molodezhnaja",
    "483": "Privetnenskoe",
    "484": "70 km",
    "485": "72 km",
    "486": "Mester'jarvi",
    "487": "Jappilja",
    "488": "86 km",
    "489": "Tarasovskoe",
    "490": "Kuolemajarvi",
    "491": "Ermilovo",
    "492": "Primorsk",
    "493": "Bor",
    "494": "Pribylovo",
    "495": "Sovetskij",
    "496": "Popovo",
    "497": "Matrosovo",
    "498": "Sokolinskoe",
    "499": "Rzhevka",
    "500": "Kovalevo Post",
    "501": "Kovalevo",
    "502": "Berngardovka",
    "503": "Vsevolozhskaja",
    "504": "Mel'nichnyj Ruchej",
    "505": "Romanovka",
    "506": "Kornevo",
    "507": "Proba",
    "508": "Rah'ja",
    "509": "Irinovka",
    "510": "Borisova Griva",
    "511": "Vaganovo",
    "512": "44 km",
    "513": "Ladozhskoe Ozero",
    "514": "Scheglovo",
    "515": "Kirpichnyj Zavod",
    "516": "Radchenko",
    "517": "Dunaj",
    "518": "19 km",
    "519": "21 km",
    "520": "Petrokrepost'",
    "521": "Sady",
    "522": "Chernaja Rechka",
    "523": "Teplobetonnaja",
    "524": "37 km",
    "525": "Nevskaja Dubrovka",
    "526": "Elektrichka: Finljandskij",
    "527": "147 km",
    "528": "151 km",
    "529": "Serebrjanka",
    "530": "167 km Volosovo",
    "531": "Ljamtsevo",
    "532": "177 km Luzhok",
    "533": "Pljussa",
    "534": "197 km",
    "535": "Strugi-Krasnye",
    "536": "Vladimirskij Lager'",
    "537": "Lapino",
    "538": "Novosel'e",
    "539": "236 km Tserkovschina",
    "540": "Molodi",
    "541": "246 km Palitsy",
    "542": "Toroshino",
    "543": "259 km Shavrovo",
    "544": "262 km",
    "545": "Chernjakovitsy",
    "546": "Ljubjatovo",
    "547": "Pskov",
    "548": "Luga 2",
    "549": "9 km",
    "550": "14 km",
    "551": "Smychkovo",
    "552": "25 km",
    "553": "Rusynja",
    "554": "38 km",
    "555": "Radom",
    "556": "50 km",
    "557": "Mojka",
    "558": "60 km",
    "559": "Ljuboljady",
    "560": "73 km",
    "561": "82 km",
    "562": "88 km",
    "563": "Novgorod Luzhskij",
    "564": "Novgorod Depo",
    "565": "Elektrichka: Luga-Pskov Luga-Novgorod",
    "566": "Metro",
    "567": "ROOT",
    "568": "Metro",
    "569": "Train",
    "570": "railways_bologoe",
    "571": "OTHER",
    "572": "railways_novgorod_pskov",
    "573": "Shema ot 15.03.2021g.\n\nInformatsija o vremeni proezda:\n- Programma MMetro Konstantina Shtennikova,\na takzhe (po informatsii s sajta http://mmetro.al.ru):\n- Mihail Zhukov,\n- Jurij Popov.\n\nInformatsija o vagonah dlja peresadok - Fedor Nikulin, Aleksej Kravchenko, Oleg Timshin, Kostya.\nInformatsija ob ofisah prodazh mobil'nyh operatorov: Petr Miheev, Fedor Nikulin.\nKarty dvizhenija elektrichek: Fedor Nikulin.",
    "574": "Imported from http://pmetro.su"
}