{
    "0": "Девяткино",
    "1": "Гражданский проспект",
    "2": "Академическая",
    "3": "Политехническая",
    "4": "Площадь Мужества",
    "5": "Лесная",
    "6": "Выборгская",
    "7": "Площадь Ленина",
    "8": "Чернышевская",
    "9": "Площадь Восстания",
    "10": "Владимирская",
    "11": "Пушкинская",
    "12": "Технологический институт-I",
    "13": "Балтийская",
    "14": "Нарвская",
    "15": "Кировский завод",
    "16": "Автово",
    "17": "Ленинский проспект",
    "18": "Проспект Ветеранов",
    "19": "Кировско-Выборгская линия",
    "20": "Парнас",
    "21": "Проспект Просвещения",
    "22": "Озерки",
    "23": "Удельная",
    "24": "Пионерская",
    "25": "Чёрная речка",
    "26": "Петроградская",
    "27": "Горьковская",
    "28": "Невский проспект",
    "29": "Сенная площадь",
    "30": "Технологический институт-II",
    "31": "Фрунзенская",
    "32": "Московские ворота",
    "33": "Электросила",
    "34": "Парк Победы",
    "35": "Московская",
    "36": "Звёздная",
    "37": "Купчино",
    "38": "Московско-Петроградская линия",
    "39": "Беговая",
    "40": "Зенит",
    "41": "Приморская",
    "42": "Василеостровская",
    "43": "Гостиный двор",
    "44": "Маяковская",
    "45": "Площадь Александра Невского-I",
    "46": "Елизаровская",
    "47": "Ломоносовская",
    "48": "Пролетарская",
    "49": "Обухово",
    "50": "Рыбацкое",
    "51": "Невско-Василеостровская линия",
    "52": "Горный институт",
    "53": "Театральная",
    "54": "Спасская",
    "55": "Достоевская",
    "56": "Лиговский проспект",
    "57": "Площадь Александра Невского-II",
    "58": "Новочеркасская",
    "59": "Ладожская",
    "60": "Проспект Большевиков",
    "61": "Улица Дыбенко",
    "62": "Правобережная линия",
    "63": "Комендантский проспект",
    "64": "Старая Деревня",
    "65": "Крестовский остров",
    "66": "Чкаловская",
    "67": "Спортивная",
    "68": "Адмиралтейская",
    "69": "Садовая",
    "70": "Звенигородская",
    "71": "Обводный канал",
    "72": "Волковская",
    "73": "Бухарестская",
    "74": "Международная",
    "75": "Проспект Славы",
    "76": "Дунайская",
    "77": "Шушары",
    "78": "Фрунзенско-Приморская линия",
    "79": "Юго-Западная",
    "80": "Путиловская",
    "81": "Броневая",
    "82": "Заставская",
    "83": "Боровая",
    "84": "Обводный канал-2",
    "85": "Красносельско-Калининская линия",
    "86": "Балтийский вокзал",
    "87": "Электродепо",
    "88": "Ленинский Проспект",
    "89": "Дачное",
    "90": "Ульянка",
    "91": "Лигово",
    "92": "Сосновая Поляна",
    "93": "Володарская",
    "94": "Стрельна",
    "95": "Красные Зори",
    "96": "Новый Петергоф",
    "97": "Старый Петергоф",
    "98": "Университет",
    "99": "Мартышкино",
    "100": "Ораниенбаум-I",
    "101": "Ораниенбаум-II",
    "102": "Кронштадтская Колония",
    "103": "Бронка",
    "104": "Дубочки",
    "105": "Большая Ижора",
    "106": "Чайка",
    "107": "Лебяжье",
    "108": "68 км",
    "109": "75 км",
    "110": "80 км",
    "111": "Калище",
    "112": "Красная Горка",
    "113": "Краснофлотск",
    "114": "Горелово",
    "115": "Скачки",
    "116": "Красное Село",
    "117": "Можайская",
    "118": "Тайцы",
    "119": "Пудость",
    "120": "Мариенбург",
    "121": "Гатчина-Балтийская",
    "122": "Гатчина-Товарная",
    "123": "Гатчина-Варшавская",
    "124": "Электричка: Калище и Гатчина",
    "125": "Предпортовая",
    "126": "Аэропорт",
    "127": "Шоссейная",
    "128": "Александровская",
    "129": "Кондакопшино",
    "130": "Верево",
    "131": "Старое Мозино",
    "132": "Новое Мозино",
    "133": "Татьянино",
    "134": "Суйда",
    "135": "Прибытково",
    "136": "Карташевская",
    "137": "Сиверская",
    "138": "Лампово",
    "139": "Строганово",
    "140": "Дивенская",
    "141": "Низовская",
    "142": "Росинка",
    "143": "Мшинская",
    "144": "Разъезд Антонины Петровой",
    "145": "Толмачево",
    "146": "Партизанская",
    "147": "Разъезд Генерала Омельченко",
    "148": "Луга",
    "149": "Электричка: Луга",
    "150": "Витебский вокзал",
    "151": "Воздухоплавательный Парк",
    "152": "Паровозный Музей",
    "153": "Детскосельская",
    "154": "Царское Село",
    "155": "Павловск",
    "156": "34 км",
    "157": "36 км",
    "158": "40 км",
    "159": "Новолисино",
    "160": "46км",
    "161": "53 км",
    "162": "Лустовка",
    "163": "Кастенская",
    "164": "77км",
    "165": "Еглино",
    "166": "Радофинниково",
    "167": "101км",
    "168": "104 км",
    "169": "Огорелье",
    "170": "Рогавка",
    "171": "Кересть",
    "172": "Горенка",
    "173": "Татино",
    "174": "Вяжище",
    "175": "Предузловая-Павловская",
    "176": "Новгород пост",
    "177": "Новгород",
    "178": "Антропшино",
    "179": "Кобралово",
    "180": "Семрино",
    "181": "46 км",
    "182": "Сусанино",
    "183": "Красницы",
    "184": "Михайловка",
    "185": "Вырица",
    "186": "63 км",
    "187": "Слудицы",
    "188": "77 км",
    "189": "Новинка",
    "190": "90 км",
    "191": "92 км",
    "192": "Чаща",
    "193": "100 км",
    "194": "101 км",
    "195": "Чолово",
    "196": "117 км",
    "197": "Тарковичи",
    "198": "125 км",
    "199": "Оредеж",
    "200": "133 км",
    "201": "Заклинье",
    "202": "143 км",
    "203": "144км",
    "204": "Батецкая",
    "205": "1-я пл.",
    "206": "2-я пл.",
    "207": "3-я пл.",
    "208": "Посёлок",
    "209": "Электричка: Витебский",
    "210": "Московский вокзал",
    "211": "Навалочная",
    "212": "5 км",
    "213": "Фарфоровская",
    "214": "Сортировочная",
    "215": "Славянка",
    "216": "Металлострой",
    "217": "Ижорский Завод",
    "218": "Колпино",
    "219": "Поповка",
    "220": "Саблино",
    "221": "Тосно-II",
    "222": "Тосно-I",
    "223": "Ушаки",
    "224": "Георгиевская",
    "225": "Рябово",
    "226": "Соколов Ручей",
    "227": "Болотницкая",
    "228": "Любань",
    "229": "Померанье",
    "230": "93 км",
    "231": "Трубниково",
    "232": "Бабино",
    "233": "Бабино-2",
    "234": "106 км",
    "235": "Торфяное",
    "236": "Чудово",
    "237": "Волхово",
    "238": "Волхов Мост",
    "239": "130 км",
    "240": "Дубцы",
    "241": "Гряды",
    "242": "144 км",
    "243": "Большая Вишера",
    "244": "157 км",
    "245": "Малая Вишера",
    "246": "167 км",
    "247": "170 км",
    "248": "172 км",
    "249": "Красненка",
    "250": "179 км",
    "251": "Бурга",
    "252": "186 км",
    "253": "Мстинский Мост",
    "254": "190 км",
    "255": "198 км",
    "256": "204 км",
    "257": "211 км",
    "258": "213 км",
    "259": "Торбино",
    "260": "220 км",
    "261": "Вялка",
    "262": "226 км",
    "263": "Боровенка",
    "264": "Заозерье",
    "265": "243 км",
    "266": "246 км",
    "267": "Окуловка",
    "268": "253 км",
    "269": "256 км",
    "270": "Яблоновка",
    "271": "265 км",
    "272": "Угловка",
    "273": "271 км",
    "274": "274 км",
    "275": "Селище",
    "276": "281 км",
    "277": "284 км",
    "278": "Лыкошино",
    "279": "Заключье",
    "280": "Алешинка",
    "281": "301 км",
    "282": "Березайка",
    "283": "Гузятино",
    "284": "Поплавенец",
    "285": "Родионовская 318 км",
    "286": "Бологое",
    "287": "Ижоры",
    "288": "Понтонная",
    "289": "Сапёрная",
    "290": "29 км",
    "291": "Ивановская",
    "292": "Пелла",
    "293": "Горы",
    "294": "45 км",
    "295": "Мга",
    "296": "3 км",
    "297": "Сологубовка",
    "298": "Турышкино",
    "299": "Старая Малукса",
    "300": "Малукса",
    "301": "Погостье",
    "302": "Жарок",
    "303": "52 км",
    "304": "55 км",
    "305": "Посадниково",
    "306": "Путепровод",
    "307": "Волхов-Пристань",
    "308": "Кириши",
    "309": "74 км",
    "310": "83 км",
    "311": "Пчевжа",
    "312": "Будогощь",
    "313": "Михайловская",
    "314": "Апраксин",
    "315": "Назия",
    "316": "Поляны",
    "317": "Жихарево",
    "318": "Плитняки",
    "319": "Войбокало",
    "320": "95 км",
    "321": "Новый Быт",
    "322": "106км",
    "323": "Пупышево",
    "324": "115 км",
    "325": "119 км",
    "326": "Волховстрой-I",
    "327": "Волховстрой-II",
    "328": "Мурманские Ворота",
    "329": "Георгиевский",
    "330": "141 км Хамонтово",
    "331": "Колчаново",
    "332": "Лунгачи",
    "333": "159 км",
    "334": "165 км",
    "335": "Юги",
    "336": "Сидорово",
    "337": "184 км",
    "338": "187 км",
    "339": "191 км",
    "340": "Паша",
    "341": "Оять-Волховстроевский",
    "342": "Шоткуса",
    "343": "Заостровье",
    "344": "229 км",
    "345": "Шамокша",
    "346": "Лодейное Поле",
    "347": "Янега",
    "348": "259 км",
    "349": "Яндеба",
    "350": "Переезд 274 км",
    "351": "Подпорожье",
    "352": "284км",
    "353": "Свирь",
    "354": "Предузловая-П.",
    "355": "64 км",
    "356": "58 км",
    "357": "Подберезье",
    "358": "Мясной Бор",
    "359": "Спасская Полисть",
    "360": "Трегубово",
    "361": "Чудово-II",
    "362": "Зареченская",
    "363": "Нурма",
    "364": "13 км",
    "365": "Шапки",
    "366": "Невдубстрой",
    "367": "11 км",
    "368": "Грибное",
    "369": "6км",
    "370": "4км",
    "371": "Павлово-на-Неве",
    "372": "Геройская",
    "373": "26км",
    "374": "Островная",
    "375": "Манушкино",
    "376": "16км",
    "377": "Колтуши",
    "378": "11км",
    "379": "Мяглово",
    "380": "7км",
    "381": "5км",
    "382": "Ладожский вокзал",
    "383": "Пискарёвка",
    "384": "Кушелевка",
    "385": "Финляндский вокзал",
    "386": "Чудово-3",
    "387": "96 км",
    "388": "93км",
    "389": "Водос",
    "390": "85 км",
    "391": "83км",
    "392": "Тигода",
    "393": "Ирса",
    "394": "Андреево",
    "395": "42 км",
    "396": "Глажево",
    "397": "35 км",
    "398": "30 км",
    "399": "Теребочево",
    "400": "23 км",
    "401": "15 км",
    "402": "Гостинополье",
    "403": "10 км",
    "404": "Пороги",
    "405": "6 км",
    "406": "4 км",
    "407": "Новооктябрьский",
    "408": "Тихвин",
    "409": "Пикалево-2",
    "410": "Ефимовская",
    "411": "Подборовье",
    "412": "Заборье",
    "413": "Верхневольский",
    "414": "Тешемля",
    "415": "Бабаево",
    "416": "Электричка: Московский",
    "417": "Ручьи",
    "418": "Мурино",
    "419": "Лаврики",
    "420": "Капитолово",
    "421": "Кузьмолово",
    "422": "Токсово",
    "423": "Кавголово",
    "424": "Осельки",
    "425": "Пери",
    "426": "39 км",
    "427": "Грузино",
    "428": "47 км",
    "429": "Васкелово",
    "430": "54 км",
    "431": "Лемболово",
    "432": "Орехово",
    "433": "67 км",
    "434": "69 км",
    "435": "Сосново",
    "436": "78 км",
    "437": "Петяярви",
    "438": "Лосево",
    "439": "Громово",
    "440": "Суходолье",
    "441": "Отрадное",
    "442": "Мюллюпельто",
    "443": "Синево",
    "444": "Приозерск",
    "445": "148 км",
    "446": "152 км Боровое",
    "447": "Кузнечное",
    "448": "Ланская",
    "449": "Шувалово",
    "450": "Парголово",
    "451": "Левашово",
    "452": "Песочная",
    "453": "Дибуны",
    "454": "Белоостров",
    "455": "Солнечное",
    "456": "Репино",
    "457": "Комарово",
    "458": "Зеленогорск",
    "459": "Ушково",
    "460": "Рощино",
    "461": "Горьковское",
    "462": "Шевелево",
    "463": "Каннельярви",
    "464": "Заходское",
    "465": "Кирилловское",
    "466": "Лейпясуо",
    "467": "Гаврилово",
    "468": "Лебедевка",
    "469": "Верхне-Черкасово",
    "470": "Лазаревка",
    "471": "Выборг",
    "472": "Новая Деревня",
    "473": "Яхтенная",
    "474": "Лахта",
    "475": "Ольгино",
    "476": "Лисий Нос",
    "477": "Горская",
    "478": "Тарховка",
    "479": "Разлив",
    "480": "Сестрорецк",
    "481": "Курорт",
    "482": "Молодёжная",
    "483": "Приветненское",
    "484": "70 км",
    "485": "72 км",
    "486": "Местерьярви",
    "487": "Яппиля",
    "488": "86 км",
    "489": "Тарасовское",
    "490": "Куолемаярви",
    "491": "Ермилово",
    "492": "Приморск",
    "493": "Бор",
    "494": "Прибылово",
    "495": "Советский",
    "496": "Попово",
    "497": "Матросово",
    "498": "Соколинское",
    "499": "Ржевка",
    "500": "Ковалёво Пост",
    "501": "Ковалёво",
    "502": "Бернгардовка",
    "503": "Всеволожская",
    "504": "Мельничный Ручей",
    "505": "Романовка",
    "506": "Корнево",
    "507": "Проба",
    "508": "Рахья",
    "509": "Ириновка",
    "510": "Борисова Грива",
    "511": "Ваганово",
    "512": "44 км",
    "513": "Ладожское Озеро",
    "514": "Щеглово",
    "515": "Кирпичный Завод",
    "516": "Радченко",
    "517": "Дунай",
    "518": "19 км",
    "519": "21 км",
    "520": "Петрокрепость",
    "521": "Сады",
    "522": "Чёрная Речка",
    "523": "Теплобетонная",
    "524": "37 км",
    "525": "Невская Дубровка",
    "526": "Электричка: Финляндский",
    "527": "147 км",
    "528": "151 км",
    "529": "Серебрянка",
    "530": "167 км Волосово",
    "531": "Лямцево",
    "532": "177 км Лужок",
    "533": "Плюсса",
    "534": "197 км",
    "535": "Струги-Красные",
    "536": "Владимирский Лагерь",
    "537": "Лапино",
    "538": "Новоселье",
    "539": "236 км Церковщина",
    "540": "Молоди",
    "541": "246 км Палицы",
    "542": "Торошино",
    "543": "259 км Шаврово",
    "544": "262 км",
    "545": "Черняковицы",
    "546": "Любятово",
    "547": "Псков",
    "548": "Луга 2",
    "549": "9 км",
    "550": "14 км",
    "551": "Смычково",
    "552": "25 км",
    "553": "Русыня",
    "554": "38 км",
    "555": "Радом",
    "556": "50 км",
    "557": "Мойка",
    "558": "60 км",
    "559": "Люболяды",
    "560": "73 км",
    "561": "82 км",
    "562": "88 км",
    "563": "Новгород Лужский",
    "564": "Новгород Депо",
    "565": "Электричка: Луга-Псков Луга-Новгород",
    "566": "Метро",
    "567": "ROOT",
    "568": "Метро",
    "569": "Электричка",
    "570": "railways_bologoe",
    "571": "OTHER",
    "572": "railways_novgorod_pskov",
    "573": "Схема от 27.12.2024г.\n\nИнформация о времени проезда:\n- Программа MMetro Константина Штенникова,\nа также (по информации с сайта http://mmetro.al.ru):\n- Михаил Жуков,\n- Юрий Попов.\n\nИнформация о вагонах для пересадок - Федор Никулин, Алексей Кравченко, Олег Тимшин, Kostya.\nИнформация об офисах продаж мобильных операторов: Пётр Михеев, Федор Никулин.\nКарты движения электричек: Федор Никулин.",
    "574": "Imported from http://pmetro.su"
}