{
    "default_transports": [
        "metro"
    ],
    "height": 714,
    "images": [
        "res/schemes/saransk.png",
        "res/schemes/saransk.svg"
    ],
    "is_vector": false,
    "lines": [
        {
            "labels_bg_color": "-1",
            "labels_color": "000000",
            "line_color": "E41c0c",
            "line_width": 10,
            "name": "Войновско-Севастопольская",
            "segments": [
                [
                    0,
                    1,
                    [
                        [
                            85,
                            128
                        ],
                        [
                            85,
                            68
                        ]
                    ],
                    true
                ],
                [
                    1,
                    2,
                    [
                        [
                            193,
                            200
                        ],
                        [
                            85.0,
                            172.0
                        ],
                        [
                            85,
                            128
                        ]
                    ],
                    true
                ],
                [
                    2,
                    3,
                    [
                        [
                            269,
                            220
                        ],
                        [
                            193,
                            200
                        ]
                    ],
                    true
                ],
                [
                    3,
                    4,
                    [
                        [
                            349,
                            240
                        ],
                        [
                            269,
                            220
                        ]
                    ],
                    true
                ],
                [
                    4,
                    5,
                    [
                        [
                            437,
                            240
                        ],
                        [
                            349,
                            240
                        ]
                    ],
                    true
                ],
                [
                    5,
                    6,
                    [
                        [
                            577,
                            204
                        ],
                        [
                            517.0,
                            240.0
                        ],
                        [
                            437,
                            240
                        ]
                    ],
                    true
                ],
                [
                    6,
                    7,
                    [
                        [
                            649,
                            156
                        ],
                        [
                            577,
                            204
                        ]
                    ],
                    true
                ],
                [
                    7,
                    8,
                    [
                        [
                            763,
                            49
                        ],
                        [
                            649,
                            156
                        ]
                    ],
                    true
                ]
            ],
            "stations": [
                {
                    "coord": [
                        85,
                        68
                    ],
                    "is_working": true,
                    "name": "Зеленая Поляна",
                    "rect": [
                        96,
                        50,
                        47,
                        26
                    ],
                    "text_id": 0,
                    "uid": 0
                },
                {
                    "coord": [
                        85,
                        128
                    ],
                    "is_working": true,
                    "name": "Войновская",
                    "rect": [
                        97,
                        120,
                        68,
                        14
                    ],
                    "text_id": 1,
                    "uid": 1
                },
                {
                    "coord": [
                        193,
                        200
                    ],
                    "is_working": true,
                    "name": "Лесная",
                    "rect": [
                        200,
                        178,
                        40,
                        14
                    ],
                    "text_id": 2,
                    "uid": 2
                },
                {
                    "coord": [
                        269,
                        220
                    ],
                    "is_working": true,
                    "name": "Гагаринская",
                    "rect": [
                        277,
                        198,
                        66,
                        14
                    ],
                    "text_id": 3,
                    "uid": 3
                },
                {
                    "coord": [
                        349,
                        240
                    ],
                    "is_working": true,
                    "name": "Ботевградская",
                    "rect": [
                        260,
                        246,
                        79,
                        14
                    ],
                    "text_id": 4,
                    "uid": 4
                },
                {
                    "coord": [
                        437,
                        240
                    ],
                    "is_working": true,
                    "name": "Проспект Ленина",
                    "rect": [
                        449,
                        248,
                        52,
                        26
                    ],
                    "text_id": 5,
                    "uid": 5
                },
                {
                    "coord": [
                        577,
                        204
                    ],
                    "is_working": true,
                    "name": "Севастопольская",
                    "rect": [
                        589,
                        204,
                        95,
                        14
                    ],
                    "text_id": 6,
                    "uid": 6
                },
                {
                    "coord": [
                        649,
                        156
                    ],
                    "is_working": true,
                    "name": "Химмаш",
                    "rect": [
                        665,
                        150,
                        43,
                        14
                    ],
                    "text_id": 7,
                    "uid": 7
                },
                {
                    "coord": [
                        763,
                        49
                    ],
                    "is_working": true,
                    "name": "Озерная",
                    "rect": [
                        699,
                        27,
                        63,
                        15
                    ],
                    "text_id": 8,
                    "uid": 8
                }
            ],
            "text_id": 9
        },
        {
            "labels_bg_color": "-1",
            "labels_color": "000000",
            "line_color": "339900",
            "line_width": 10,
            "name": "Вокзально-Ялгинская",
            "segments": [
                [
                    9,
                    10,
                    [
                        [
                            435,
                            96
                        ],
                        [
                            387,
                            37
                        ]
                    ],
                    true
                ],
                [
                    10,
                    11,
                    [
                        [
                            437,
                            156
                        ],
                        [
                            435,
                            96
                        ]
                    ],
                    true
                ],
                [
                    11,
                    12,
                    [
                        [
                            437,
                            220
                        ],
                        [
                            437,
                            156
                        ]
                    ],
                    true
                ],
                [
                    12,
                    13,
                    [
                        [
                            353,
                            296
                        ],
                        [
                            417.0,
                            296.0
                        ],
                        [
                            437.0,
                            280.0
                        ],
                        [
                            437,
                            220
                        ]
                    ],
                    true
                ],
                [
                    13,
                    14,
                    [
                        [
                            281,
                            322
                        ],
                        [
                            353,
                            296
                        ]
                    ],
                    true
                ],
                [
                    14,
                    15,
                    [
                        [
                            227,
                            388
                        ],
                        [
                            229.0,
                            344.0
                        ],
                        [
                            281,
                            322
                        ]
                    ],
                    true
                ],
                [
                    15,
                    16,
                    [
                        [
                            297,
                            416
                        ],
                        [
                            227,
                            388
                        ]
                    ],
                    true
                ],
                [
                    16,
                    17,
                    [
                        [
                            327,
                            484
                        ],
                        [
                            327.0,
                            436.0
                        ],
                        [
                            297,
                            416
                        ]
                    ],
                    true
                ],
                [
                    17,
                    18,
                    [
                        [
                            327,
                            564
                        ],
                        [
                            327,
                            484
                        ]
                    ],
                    true
                ]
            ],
            "stations": [
                {
                    "coord": [
                        387,
                        37
                    ],
                    "is_working": true,
                    "name": "Северная",
                    "rect": [
                        398,
                        37,
                        71,
                        14
                    ],
                    "text_id": 10,
                    "uid": 9
                },
                {
                    "coord": [
                        435,
                        96
                    ],
                    "is_working": true,
                    "name": "Энергетическая",
                    "rect": [
                        447,
                        90,
                        86,
                        14
                    ],
                    "text_id": 11,
                    "uid": 10
                },
                {
                    "coord": [
                        437,
                        156
                    ],
                    "is_working": true,
                    "name": "Вокзальная",
                    "rect": [
                        447,
                        148,
                        63,
                        14
                    ],
                    "text_id": 12,
                    "uid": 11
                },
                {
                    "coord": [
                        437,
                        220
                    ],
                    "is_working": true,
                    "name": "Троицкая",
                    "rect": [
                        451,
                        212,
                        51,
                        14
                    ],
                    "text_id": 13,
                    "uid": 12
                },
                {
                    "coord": [
                        353,
                        296
                    ],
                    "is_working": true,
                    "name": "Театральная",
                    "rect": [
                        365,
                        300,
                        65,
                        14
                    ],
                    "text_id": 14,
                    "uid": 13
                },
                {
                    "coord": [
                        281,
                        322
                    ],
                    "is_working": true,
                    "name": "Улица Фурманова",
                    "rect": [
                        297,
                        322,
                        59,
                        26
                    ],
                    "text_id": 15,
                    "uid": 14
                },
                {
                    "coord": [
                        227,
                        388
                    ],
                    "is_working": true,
                    "name": "Юго-Западная",
                    "rect": [
                        237,
                        376,
                        73,
                        14
                    ],
                    "text_id": 16,
                    "uid": 15
                },
                {
                    "coord": [
                        297,
                        416
                    ],
                    "is_working": true,
                    "name": "Транспортная",
                    "rect": [
                        311,
                        404,
                        75,
                        14
                    ],
                    "text_id": 17,
                    "uid": 16
                },
                {
                    "coord": [
                        327,
                        484
                    ],
                    "is_working": true,
                    "name": "Николаевка",
                    "rect": [
                        337,
                        476,
                        62,
                        14
                    ],
                    "text_id": 18,
                    "uid": 17
                },
                {
                    "coord": [
                        327,
                        564
                    ],
                    "is_working": true,
                    "name": "Ялга",
                    "rect": [
                        339,
                        560,
                        25,
                        14
                    ],
                    "text_id": 19,
                    "uid": 18
                }
            ],
            "text_id": 20
        }
    ],
    "lines_width": 10,
    "name": "metro",
    "name_text_id": 21,
    "stations_diameter": 20.0,
    "transfers": [
        [
            5,
            12,
            [
                437,
                240
            ],
            [
                437,
                220
            ]
        ]
    ],
    "transports": [
        "metro"
    ],
    "type_name": "ROOT",
    "type_text_id": 22,
    "upper_case": true,
    "width": 913,
    "word_wrap": true
}