{
    "city_id": 4463523,
    "comments_text_id": 57,
    "default_locale": "ru",
    "delays": [
        {
            "ranges": [
                "08:00-20:00"
            ],
            "type": "day",
            "weekdays": null
        },
        {
            "ranges": [
                "20:00-24:00",
                "00:00-05:00"
            ],
            "type": "night",
            "weekdays": null
        }
    ],
    "description_text_id": 56,
    "file": "Denver.zip",
    "latitude": 35.53125,
    "locales": [
        "ru",
        "en"
    ],
    "longitude": -81.0298,
    "map_id": "Denver.zip",
    "schemes": [
        {
            "default_transports": [
                "metro"
            ],
            "file": "schemes/metro.json",
            "name": "metro",
            "name_text_id": 54,
            "root": true,
            "transports": [
                "metro"
            ],
            "type_name": "ROOT",
            "type_text_id": 55
        }
    ],
    "timestamp": 1368662400.0,
    "transport_types": [
        "Трамвай"
    ],
    "transports": [
        {
            "file": "transports/metro.json",
            "name": "metro",
            "type": "Трамвай"
        }
    ]
}