{
    "default_transports": [
        "metro"
    ],
    "height": 652,
    "images": [
        "res/schemes/wuppertal.svg"
    ],
    "is_vector": true,
    "lines": [
        {
            "labels_bg_color": "-1",
            "labels_color": "F33C1E",
            "line_color": "F33C1E",
            "line_width": 9,
            "name": "Schwebebahn",
            "segments": [
                [
                    0,
                    1,
                    [
                        [
                            123,
                            472
                        ],
                        [
                            90.0,
                            498.0
                        ],
                        [
                            82,
                            502
                        ]
                    ],
                    true
                ],
                [
                    1,
                    2,
                    [
                        [
                            177,
                            455
                        ],
                        [
                            166.0,
                            464.0
                        ],
                        [
                            132.0,
                            464.0
                        ],
                        [
                            123,
                            472
                        ]
                    ],
                    true
                ],
                [
                    2,
                    3,
                    [
                        [
                            224,
                            434
                        ],
                        [
                            196.0,
                            439.0
                        ],
                        [
                            177,
                            455
                        ]
                    ],
                    true
                ],
                [
                    3,
                    4,
                    [
                        [
                            261.0,
                            410.0
                        ],
                        [
                            261.37,
                            411.77
                        ],
                        [
                            261.59,
                            413.47
                        ],
                        [
                            261.68,
                            415.09
                        ],
                        [
                            261.62,
                            416.62
                        ],
                        [
                            261.41,
                            418.09
                        ],
                        [
                            261.07,
                            419.48
                        ],
                        [
                            260.59,
                            420.79
                        ],
                        [
                            260.0,
                            422.0
                        ],
                        [
                            259.35,
                            423.1
                        ],
                        [
                            258.59,
                            424.11
                        ],
                        [
                            257.66,
                            425.06
                        ],
                        [
                            256.56,
                            425.94
                        ],
                        [
                            255.27,
                            426.76
                        ],
                        [
                            253.75,
                            427.54
                        ],
                        [
                            252.01,
                            428.28
                        ],
                        [
                            250.0,
                            429.0
                        ],
                        [
                            247.66,
                            429.72
                        ],
                        [
                            245.03,
                            430.43
                        ],
                        [
                            242.14,
                            431.1
                        ],
                        [
                            239.0,
                            431.75
                        ],
                        [
                            235.62,
                            432.36
                        ],
                        [
                            232.0,
                            432.94
                        ],
                        [
                            228.12,
                            433.48
                        ],
                        [
                            224.0,
                            434.0
                        ]
                    ],
                    true
                ],
                [
                    4,
                    5,
                    [
                        [
                            282.0,
                            366.0
                        ],
                        [
                            281.5,
                            367.12
                        ],
                        [
                            281.0,
                            368.25
                        ],
                        [
                            280.5,
                            369.38
                        ],
                        [
                            280.0,
                            370.5
                        ],
                        [
                            279.5,
                            371.61
                        ],
                        [
                            278.99,
                            372.73
                        ],
                        [
                            278.49,
                            373.85
                        ],
                        [
                            278.0,
                            375.0
                        ],
                        [
                            277.53,
                            376.21
                        ],
                        [
                            277.07,
                            377.43
                        ],
                        [
                            276.6,
                            378.63
                        ],
                        [
                            276.12,
                            379.81
                        ],
                        [
                            275.64,
                            380.97
                        ],
                        [
                            275.12,
                            382.07
                        ],
                        [
                            274.59,
                            383.09
                        ],
                        [
                            274.0,
                            384.0
                        ],
                        [
                            273.34,
                            384.7
                        ],
                        [
                            272.62,
                            385.28
                        ],
                        [
                            271.89,
                            385.79
                        ],
                        [
                            271.12,
                            386.25
                        ],
                        [
                            270.36,
                            386.71
                        ],
                        [
                            269.59,
                            387.16
                        ],
                        [
                            268.8,
                            387.59
                        ],
                        [
                            268.0,
                            388.0
                        ],
                        [
                            267.16,
                            388.37
                        ],
                        [
                            266.32,
                            388.75
                        ],
                        [
                            265.49,
                            389.18
                        ],
                        [
                            264.69,
                            389.69
                        ],
                        [
                            263.92,
                            390.28
                        ],
                        [
                            263.21,
                            391.01
                        ],
                        [
                            262.56,
                            391.9
                        ],
                        [
                            262.0,
                            393.0
                        ],
                        [
                            261.58,
                            394.42
                        ],
                        [
                            261.26,
                            396.08
                        ],
                        [
                            261.03,
                            397.94
                        ],
                        [
                            260.88,
                            400.0
                        ],
                        [
                            260.79,
                            402.22
                        ],
                        [
                            260.78,
                            404.62
                        ],
                        [
                            260.85,
                            407.22
                        ],
                        [
                            261.0,
                            410.0
                        ]
                    ],
                    true
                ],
                [
                    5,
                    6,
                    [
                        [
                            343.0,
                            345.0
                        ],
                        [
                            340.93,
                            344.38
                        ],
                        [
                            338.84,
                            343.91
                        ],
                        [
                            336.74,
                            343.57
                        ],
                        [
                            334.62,
                            343.38
                        ],
                        [
                            332.51,
                            343.28
                        ],
                        [
                            330.38,
                            343.34
                        ],
                        [
                            328.22,
                            343.56
                        ],
                        [
                            326.0,
                            344.0
                        ],
                        [
                            323.66,
                            344.78
                        ],
                        [
                            321.28,
                            345.75
                        ],
                        [
                            318.91,
                            346.81
                        ],
                        [
                            316.56,
                            347.94
                        ],
                        [
                            314.26,
                            349.09
                        ],
                        [
                            312.05,
                            350.2
                        ],
                        [
                            309.94,
                            351.21
                        ],
                        [
                            308.0,
                            352.0
                        ],
                        [
                            306.35,
                            352.33
                        ],
                        [
                            304.89,
                            352.43
                        ],
                        [
                            303.55,
                            352.41
                        ],
                        [
                            302.31,
                            352.31
                        ],
                        [
                            301.13,
                            352.22
                        ],
                        [
                            300.02,
                            352.12
                        ],
                        [
                            298.98,
                            352.04
                        ],
                        [
                            298.0,
                            352.0
                        ],
                        [
                            297.06,
                            352.08
                        ],
                        [
                            296.16,
                            352.25
                        ],
                        [
                            295.29,
                            352.49
                        ],
                        [
                            294.44,
                            352.81
                        ],
                        [
                            293.6,
                            353.2
                        ],
                        [
                            292.76,
                            353.68
                        ],
                        [
                            291.9,
                            354.27
                        ],
                        [
                            291.0,
                            355.0
                        ],
                        [
                            290.01,
                            355.92
                        ],
                        [
                            288.96,
                            356.98
                        ],
                        [
                            287.87,
                            358.18
                        ],
                        [
                            286.75,
                            359.5
                        ],
                        [
                            285.61,
                            360.94
                        ],
                        [
                            284.44,
                            362.5
                        ],
                        [
                            283.23,
                            364.19
                        ],
                        [
                            282.0,
                            366.0
                        ]
                    ],
                    true
                ],
                [
                    6,
                    7,
                    [
                        [
                            376.0,
                            344.0
                        ],
                        [
                            374.88,
                            345.08
                        ],
                        [
                            373.75,
                            346.06
                        ],
                        [
                            372.62,
                            346.95
                        ],
                        [
                            371.5,
                            347.75
                        ],
                        [
                            370.38,
                            348.46
                        ],
                        [
                            369.26,
                            349.07
                        ],
                        [
                            368.13,
                            349.59
                        ],
                        [
                            367.0,
                            350.0
                        ],
                        [
                            365.84,
                            350.28
                        ],
                        [
                            364.68,
                            350.46
                        ],
                        [
                            363.52,
                            350.55
                        ],
                        [
                            362.38,
                            350.56
                        ],
                        [
                            361.24,
                            350.51
                        ],
                        [
                            360.12,
                            350.4
                        ],
                        [
                            359.03,
                            350.23
                        ],
                        [
                            358.0,
                            350.0
                        ],
                        [
                            357.06,
                            349.71
                        ],
                        [
                            356.16,
                            349.38
                        ],
                        [
                            355.29,
                            349.01
                        ],
                        [
                            354.44,
                            348.62
                        ],
                        [
                            353.59,
                            348.21
                        ],
                        [
                            352.74,
                            347.8
                        ],
                        [
                            351.88,
                            347.38
                        ],
                        [
                            351.0,
                            347.0
                        ],
                        [
                            350.07,
                            346.68
                        ],
                        [
                            349.11,
                            346.39
                        ],
                        [
                            348.12,
                            346.12
                        ],
                        [
                            347.12,
                            345.88
                        ],
                        [
                            346.12,
                            345.63
                        ],
                        [
                            345.09,
                            345.41
                        ],
                        [
                            344.05,
                            345.2
                        ],
                        [
                            343.0,
                            345.0
                        ]
                    ],
                    true
                ],
                [
                    7,
                    8,
                    [
                        [
                            414.0,
                            318.0
                        ],
                        [
                            413.02,
                            319.12
                        ],
                        [
                            412.06,
                            320.25
                        ],
                        [
                            411.14,
                            321.38
                        ],
                        [
                            410.25,
                            322.5
                        ],
                        [
                            409.38,
                            323.61
                        ],
                        [
                            408.54,
                            324.71
                        ],
                        [
                            407.74,
                            325.84
                        ],
                        [
                            407.0,
                            327.0
                        ],
                        [
                            406.35,
                            328.27
                        ],
                        [
                            405.74,
                            329.57
                        ],
                        [
                            405.15,
                            330.83
                        ],
                        [
                            404.56,
                            332.06
                        ],
                        [
                            403.98,
                            333.24
                        ],
                        [
                            403.37,
                            334.32
                        ],
                        [
                            402.72,
                            335.27
                        ],
                        [
                            402.0,
                            336.0
                        ],
                        [
                            401.14,
                            336.37
                        ],
                        [
                            400.2,
                            336.53
                        ],
                        [
                            399.21,
                            336.56
                        ],
                        [
                            398.19,
                            336.5
                        ],
                        [
                            397.15,
                            336.4
                        ],
                        [
                            396.1,
                            336.28
                        ],
                        [
                            395.04,
                            336.13
                        ],
                        [
                            394.0,
                            336.0
                        ],
                        [
                            393.02,
                            335.95
                        ],
                        [
                            392.06,
                            335.94
                        ],
                        [
                            391.1,
                            335.98
                        ],
                        [
                            390.12,
                            336.06
                        ],
                        [
                            389.13,
                            336.18
                        ],
                        [
                            388.12,
                            336.36
                        ],
                        [
                            387.08,
                            336.63
                        ],
                        [
                            386.0,
                            337.0
                        ],
                        [
                            384.87,
                            337.52
                        ],
                        [
                            383.7,
                            338.17
                        ],
                        [
                            382.49,
                            338.91
                        ],
                        [
                            381.25,
                            339.75
                        ],
                        [
                            379.98,
                            340.67
                        ],
                        [
                            378.69,
                            341.69
                        ],
                        [
                            377.36,
                            342.8
                        ],
                        [
                            376.0,
                            344.0
                        ]
                    ],
                    true
                ],
                [
                    8,
                    9,
                    [
                        [
                            462.0,
                            289.0
                        ],
                        [
                            460.23,
                            290.3
                        ],
                        [
                            458.44,
                            291.59
                        ],
                        [
                            456.61,
                            292.87
                        ],
                        [
                            454.75,
                            294.12
                        ],
                        [
                            452.87,
                            295.37
                        ],
                        [
                            450.95,
                            296.6
                        ],
                        [
                            449.0,
                            297.81
                        ],
                        [
                            447.0,
                            299.0
                        ],
                        [
                            444.94,
                            300.15
                        ],
                        [
                            442.83,
                            301.27
                        ],
                        [
                            440.71,
                            302.39
                        ],
                        [
                            438.56,
                            303.5
                        ],
                        [
                            436.41,
                            304.61
                        ],
                        [
                            434.26,
                            305.73
                        ],
                        [
                            432.12,
                            306.85
                        ],
                        [
                            430.0,
                            308.0
                        ],
                        [
                            427.93,
                            309.19
                        ],
                        [
                            425.89,
                            310.4
                        ],
                        [
                            423.88,
                            311.63
                        ],
                        [
                            421.88,
                            312.88
                        ],
                        [
                            419.88,
                            314.13
                        ],
                        [
                            417.91,
                            315.41
                        ],
                        [
                            415.95,
                            316.7
                        ],
                        [
                            414.0,
                            318.0
                        ]
                    ],
                    true
                ],
                [
                    9,
                    10,
                    [
                        [
                            490.0,
                            286.0
                        ],
                        [
                            489.36,
                            286.54
                        ],
                        [
                            488.69,
                            287.03
                        ],
                        [
                            487.98,
                            287.48
                        ],
                        [
                            487.25,
                            287.88
                        ],
                        [
                            486.49,
                            288.23
                        ],
                        [
                            485.7,
                            288.54
                        ],
                        [
                            484.87,
                            288.79
                        ],
                        [
                            484.0,
                            289.0
                        ],
                        [
                            483.08,
                            289.15
                        ],
                        [
                            482.12,
                            289.25
                        ],
                        [
                            481.13,
                            289.3
                        ],
                        [
                            480.12,
                            289.31
                        ],
                        [
                            479.11,
                            289.3
                        ],
                        [
                            478.08,
                            289.25
                        ],
                        [
                            477.04,
                            289.15
                        ],
                        [
                            476.0,
                            289.0
                        ],
                        [
                            474.96,
                            288.76
                        ],
                        [
                            473.92,
                            288.47
                        ],
                        [
                            472.89,
                            288.17
                        ],
                        [
                            471.88,
                            287.88
                        ],
                        [
                            470.87,
                            287.59
                        ],
                        [
                            469.88,
                            287.34
                        ],
                        [
                            468.92,
                            287.13
                        ],
                        [
                            468.0,
                            287.0
                        ],
                        [
                            467.13,
                            287.0
                        ],
                        [
                            466.3,
                            287.1
                        ],
                        [
                            465.51,
                            287.27
                        ],
                        [
                            464.75,
                            287.5
                        ],
                        [
                            464.02,
                            287.78
                        ],
                        [
                            463.31,
                            288.12
                        ],
                        [
                            462.64,
                            288.53
                        ],
                        [
                            462.0,
                            289.0
                        ]
                    ],
                    true
                ],
                [
                    10,
                    11,
                    [
                        [
                            523.0,
                            290.0
                        ],
                        [
                            521.89,
                            288.55
                        ],
                        [
                            520.81,
                            287.19
                        ],
                        [
                            519.77,
                            285.92
                        ],
                        [
                            518.75,
                            284.75
                        ],
                        [
                            517.76,
                            283.67
                        ],
                        [
                            516.8,
                            282.68
                        ],
                        [
                            515.87,
                            281.79
                        ],
                        [
                            515.0,
                            281.0
                        ],
                        [
                            514.21,
                            280.31
                        ],
                        [
                            513.45,
                            279.72
                        ],
                        [
                            512.72,
                            279.22
                        ],
                        [
                            512.0,
                            278.81
                        ],
                        [
                            511.28,
                            278.49
                        ],
                        [
                            510.54,
                            278.24
                        ],
                        [
                            509.79,
                            278.08
                        ],
                        [
                            509.0,
                            278.0
                        ],
                        [
                            508.14,
                            278.0
                        ],
                        [
                            507.24,
                            278.07
                        ],
                        [
                            506.29,
                            278.22
                        ],
                        [
                            505.31,
                            278.44
                        ],
                        [
                            504.3,
                            278.73
                        ],
                        [
                            503.25,
                            279.09
                        ],
                        [
                            502.15,
                            279.52
                        ],
                        [
                            501.0,
                            280.0
                        ],
                        [
                            499.79,
                            280.54
                        ],
                        [
                            498.54,
                            281.13
                        ],
                        [
                            497.23,
                            281.78
                        ],
                        [
                            495.88,
                            282.5
                        ],
                        [
                            494.48,
                            283.28
                        ],
                        [
                            493.03,
                            284.12
                        ],
                        [
                            491.54,
                            285.03
                        ],
                        [
                            490.0,
                            286.0
                        ]
                    ],
                    true
                ],
                [
                    11,
                    12,
                    [
                        [
                            562.0,
                            267.0
                        ],
                        [
                            561.05,
                            268.0
                        ],
                        [
                            560.09,
                            269.0
                        ],
                        [
                            559.12,
                            270.0
                        ],
                        [
                            558.12,
                            271.0
                        ],
                        [
                            557.12,
                            272.0
                        ],
                        [
                            556.1,
                            273.0
                        ],
                        [
                            555.06,
                            274.0
                        ],
                        [
                            554.0,
                            275.0
                        ],
                        [
                            552.91,
                            276.0
                        ],
                        [
                            551.81,
                            277.0
                        ],
                        [
                            550.69,
                            278.0
                        ],
                        [
                            549.56,
                            279.0
                        ],
                        [
                            548.43,
                            279.98
                        ],
                        [
                            547.3,
                            280.97
                        ],
                        [
                            546.15,
                            281.97
                        ],
                        [
                            545.0,
                            283.0
                        ],
                        [
                            543.82,
                            284.11
                        ],
                        [
                            542.64,
                            285.25
                        ],
                        [
                            541.47,
                            286.36
                        ],
                        [
                            540.31,
                            287.44
                        ],
                        [
                            539.17,
                            288.47
                        ],
                        [
                            538.06,
                            289.43
                        ],
                        [
                            536.99,
                            290.29
                        ],
                        [
                            536.0,
                            291.0
                        ],
                        [
                            535.14,
                            291.47
                        ],
                        [
                            534.35,
                            291.79
                        ],
                        [
                            533.6,
                            292.01
                        ],
                        [
                            532.88,
                            292.12
                        ],
                        [
                            532.16,
                            292.18
                        ],
                        [
                            531.45,
                            292.17
                        ],
                        [
                            530.74,
                            292.1
                        ],
                        [
                            530.0,
                            292.0
                        ],
                        [
                            529.2,
                            291.9
                        ],
                        [
                            528.36,
                            291.77
                        ],
                        [
                            527.5,
                            291.59
                        ],
                        [
                            526.62,
                            291.38
                        ],
                        [
                            525.74,
                            291.1
                        ],
                        [
                            524.84,
                            290.78
                        ],
                        [
                            523.93,
                            290.41
                        ],
                        [
                            523.0,
                            290.0
                        ]
                    ],
                    true
                ],
                [
                    12,
                    13,
                    [
                        [
                            620.0,
                            230.0
                        ],
                        [
                            619.44,
                            230.14
                        ],
                        [
                            618.75,
                            230.31
                        ],
                        [
                            617.94,
                            230.51
                        ],
                        [
                            617.0,
                            230.75
                        ],
                        [
                            615.96,
                            231.03
                        ],
                        [
                            614.78,
                            231.34
                        ],
                        [
                            613.47,
                            231.67
                        ],
                        [
                            612.0,
                            232.0
                        ],
                        [
                            610.31,
                            232.28
                        ],
                        [
                            608.47,
                            232.57
                        ],
                        [
                            606.53,
                            232.91
                        ],
                        [
                            604.5,
                            233.31
                        ],
                        [
                            602.43,
                            233.78
                        ],
                        [
                            600.31,
                            234.36
                        ],
                        [
                            598.16,
                            235.07
                        ],
                        [
                            596.0,
                            236.0
                        ],
                        [
                            593.84,
                            237.3
                        ],
                        [
                            591.69,
                            238.8
                        ],
                        [
                            589.57,
                            240.42
                        ],
                        [
                            587.5,
                            242.12
                        ],
                        [
                            585.45,
                            243.87
                        ],
                        [
                            583.49,
                            245.61
                        ],
                        [
                            581.65,
                            247.35
                        ],
                        [
                            580.0,
                            249.0
                        ],
                        [
                            578.69,
                            250.45
                        ],
                        [
                            577.57,
                            251.79
                        ],
                        [
                            576.56,
                            253.08
                        ],
                        [
                            575.62,
                            254.31
                        ],
                        [
                            574.72,
                            255.53
                        ],
                        [
                            573.84,
                            256.72
                        ],
                        [
                            572.95,
                            257.88
                        ],
                        [
                            572.0,
                            259.0
                        ],
                        [
                            570.9,
                            260.1
                        ],
                        [
                            569.73,
                            261.18
                        ],
                        [
                            568.51,
                            262.23
                        ],
                        [
                            567.25,
                            263.25
                        ],
                        [
                            565.98,
                            264.23
                        ],
                        [
                            564.69,
                            265.19
                        ],
                        [
                            563.36,
                            266.11
                        ],
                        [
                            562.0,
                            267.0
                        ]
                    ],
                    true
                ],
                [
                    13,
                    14,
                    [
                        [
                            660.0,
                            192.0
                        ],
                        [
                            658.41,
                            191.99
                        ],
                        [
                            656.88,
                            192.09
                        ],
                        [
                            655.41,
                            192.31
                        ],
                        [
                            654.0,
                            192.62
                        ],
                        [
                            652.65,
                            193.04
                        ],
                        [
                            651.37,
                            193.57
                        ],
                        [
                            650.15,
                            194.21
                        ],
                        [
                            649.0,
                            195.0
                        ],
                        [
                            647.94,
                            195.98
                        ],
                        [
                            646.95,
                            197.09
                        ],
                        [
                            646.01,
                            198.29
                        ],
                        [
                            645.12,
                            199.56
                        ],
                        [
                            644.28,
                            200.89
                        ],
                        [
                            643.47,
                            202.25
                        ],
                        [
                            642.71,
                            203.63
                        ],
                        [
                            642.0,
                            205.0
                        ],
                        [
                            641.35,
                            206.3
                        ],
                        [
                            640.75,
                            207.56
                        ],
                        [
                            640.15,
                            208.82
                        ],
                        [
                            639.56,
                            210.06
                        ],
                        [
                            638.97,
                            211.31
                        ],
                        [
                            638.36,
                            212.55
                        ],
                        [
                            637.72,
                            213.78
                        ],
                        [
                            637.0,
                            215.0
                        ],
                        [
                            636.15,
                            216.22
                        ],
                        [
                            635.23,
                            217.42
                        ],
                        [
                            634.26,
                            218.6
                        ],
                        [
                            633.25,
                            219.75
                        ],
                        [
                            632.22,
                            220.87
                        ],
                        [
                            631.16,
                            221.96
                        ],
                        [
                            630.09,
                            223.01
                        ],
                        [
                            629.0,
                            224.0
                        ],
                        [
                            627.92,
                            224.92
                        ],
                        [
                            626.84,
                            225.79
                        ],
                        [
                            625.74,
                            226.61
                        ],
                        [
                            624.62,
                            227.38
                        ],
                        [
                            623.49,
                            228.1
                        ],
                        [
                            622.34,
                            228.78
                        ],
                        [
                            621.18,
                            229.41
                        ],
                        [
                            620.0,
                            230.0
                        ]
                    ],
                    true
                ],
                [
                    14,
                    15,
                    [
                        [
                            704.0,
                            189.0
                        ],
                        [
                            701.71,
                            189.9
                        ],
                        [
                            699.47,
                            190.72
                        ],
                        [
                            697.27,
                            191.46
                        ],
                        [
                            695.12,
                            192.12
                        ],
                        [
                            693.02,
                            192.72
                        ],
                        [
                            690.96,
                            193.23
                        ],
                        [
                            688.95,
                            193.66
                        ],
                        [
                            687.0,
                            194.0
                        ],
                        [
                            685.12,
                            194.23
                        ],
                        [
                            683.29,
                            194.36
                        ],
                        [
                            681.5,
                            194.43
                        ],
                        [
                            679.75,
                            194.44
                        ],
                        [
                            678.03,
                            194.39
                        ],
                        [
                            676.34,
                            194.29
                        ],
                        [
                            674.66,
                            194.16
                        ],
                        [
                            673.0,
                            194.0
                        ],
                        [
                            671.33,
                            193.85
                        ],
                        [
                            669.66,
                            193.68
                        ],
                        [
                            668.01,
                            193.48
                        ],
                        [
                            666.38,
                            193.25
                        ],
                        [
                            664.76,
                            192.99
                        ],
                        [
                            663.16,
                            192.69
                        ],
                        [
                            661.57,
                            192.36
                        ],
                        [
                            660.0,
                            192.0
                        ]
                    ],
                    true
                ],
                [
                    15,
                    16,
                    [
                        [
                            746.0,
                            170.0
                        ],
                        [
                            744.7,
                            169.56
                        ],
                        [
                            743.41,
                            169.25
                        ],
                        [
                            742.13,
                            169.06
                        ],
                        [
                            740.88,
                            169.0
                        ],
                        [
                            739.63,
                            169.04
                        ],
                        [
                            738.39,
                            169.21
                        ],
                        [
                            737.18,
                            169.52
                        ],
                        [
                            736.0,
                            170.0
                        ],
                        [
                            734.87,
                            170.72
                        ],
                        [
                            733.76,
                            171.6
                        ],
                        [
                            732.66,
                            172.57
                        ],
                        [
                            731.56,
                            173.62
                        ],
                        [
                            730.46,
                            174.72
                        ],
                        [
                            729.34,
                            175.84
                        ],
                        [
                            728.19,
                            176.95
                        ],
                        [
                            727.0,
                            178.0
                        ],
                        [
                            725.73,
                            178.89
                        ],
                        [
                            724.41,
                            179.69
                        ],
                        [
                            723.06,
                            180.46
                        ],
                        [
                            721.69,
                            181.19
                        ],
                        [
                            720.29,
                            181.92
                        ],
                        [
                            718.88,
                            182.63
                        ],
                        [
                            717.45,
                            183.32
                        ],
                        [
                            716.0,
                            184.0
                        ],
                        [
                            714.55,
                            184.68
                        ],
                        [
                            713.09,
                            185.34
                        ],
                        [
                            711.61,
                            185.99
                        ],
                        [
                            710.12,
                            186.62
                        ],
                        [
                            708.62,
                            187.24
                        ],
                        [
                            707.09,
                            187.84
                        ],
                        [
                            705.55,
                            188.43
                        ],
                        [
                            704.0,
                            189.0
                        ]
                    ],
                    true
                ],
                [
                    16,
                    17,
                    [
                        [
                            786.0,
                            146.0
                        ],
                        [
                            786.0,
                            146.21
                        ],
                        [
                            786.0,
                            146.47
                        ],
                        [
                            786.0,
                            146.77
                        ],
                        [
                            786.0,
                            147.12
                        ],
                        [
                            786.0,
                            147.51
                        ],
                        [
                            785.99,
                            147.95
                        ],
                        [
                            785.99,
                            148.44
                        ],
                        [
                            786.0,
                            149.0
                        ],
                        [
                            786.03,
                            149.67
                        ],
                        [
                            786.07,
                            150.39
                        ],
                        [
                            786.1,
                            151.16
                        ],
                        [
                            786.12,
                            151.94
                        ],
                        [
                            786.11,
                            152.73
                        ],
                        [
                            786.09,
                            153.51
                        ],
                        [
                            786.04,
                            154.27
                        ],
                        [
                            786.0,
                            155.0
                        ],
                        [
                            786.0,
                            155.65
                        ],
                        [
                            785.98,
                            156.24
                        ],
                        [
                            785.9,
                            156.8
                        ],
                        [
                            785.75,
                            157.31
                        ],
                        [
                            785.55,
                            157.81
                        ],
                        [
                            785.22,
                            158.26
                        ],
                        [
                            784.74,
                            158.67
                        ],
                        [
                            784.0,
                            159.0
                        ],
                        [
                            782.82,
                            159.23
                        ],
                        [
                            781.41,
                            159.39
                        ],
                        [
                            779.87,
                            159.52
                        ],
                        [
                            778.25,
                            159.62
                        ],
                        [
                            776.59,
                            159.72
                        ],
                        [
                            774.96,
                            159.81
                        ],
                        [
                            773.39,
                            159.9
                        ],
                        [
                            772.0,
                            160.0
                        ],
                        [
                            771.01,
                            160.13
                        ],
                        [
                            770.23,
                            160.29
                        ],
                        [
                            769.52,
                            160.47
                        ],
                        [
                            768.88,
                            160.69
                        ],
                        [
                            768.22,
                            160.92
                        ],
                        [
                            767.54,
                            161.2
                        ],
                        [
                            766.83,
                            161.54
                        ],
                        [
                            766.0,
                            162.0
                        ],
                        [
                            764.95,
                            162.65
                        ],
                        [
                            763.77,
                            163.39
                        ],
                        [
                            762.54,
                            164.18
                        ],
                        [
                            761.25,
                            165.0
                        ],
                        [
                            759.95,
                            165.81
                        ],
                        [
                            758.64,
                            166.59
                        ],
                        [
                            757.31,
                            167.34
                        ],
                        [
                            756.0,
                            168.0
                        ],
                        [
                            754.73,
                            168.5
                        ],
                        [
                            753.48,
                            168.91
                        ],
                        [
                            752.24,
                            169.24
                        ],
                        [
                            751.0,
                            169.5
                        ],
                        [
                            749.75,
                            169.72
                        ],
                        [
                            748.5,
                            169.88
                        ],
                        [
                            747.25,
                            169.97
                        ],
                        [
                            746.0,
                            170.0
                        ]
                    ],
                    true
                ],
                [
                    17,
                    18,
                    [
                        [
                            824.0,
                            139.0
                        ],
                        [
                            822.75,
                            138.46
                        ],
                        [
                            821.5,
                            137.97
                        ],
                        [
                            820.25,
                            137.52
                        ],
                        [
                            819.0,
                            137.12
                        ],
                        [
                            817.75,
                            136.78
                        ],
                        [
                            816.5,
                            136.47
                        ],
                        [
                            815.25,
                            136.22
                        ],
                        [
                            814.0,
                            136.0
                        ],
                        [
                            812.75,
                            135.82
                        ],
                        [
                            811.5,
                            135.68
                        ],
                        [
                            810.25,
                            135.6
                        ],
                        [
                            809.0,
                            135.56
                        ],
                        [
                            807.75,
                            135.58
                        ],
                        [
                            806.51,
                            135.65
                        ],
                        [
                            805.26,
                            135.79
                        ],
                        [
                            804.0,
                            136.0
                        ],
                        [
                            802.72,
                            136.31
                        ],
                        [
                            801.43,
                            136.69
                        ],
                        [
                            800.15,
                            137.13
                        ],
                        [
                            798.88,
                            137.62
                        ],
                        [
                            797.62,
                            138.16
                        ],
                        [
                            796.38,
                            138.74
                        ],
                        [
                            795.17,
                            139.36
                        ],
                        [
                            794.0,
                            140.0
                        ],
                        [
                            792.88,
                            140.65
                        ],
                        [
                            791.8,
                            141.32
                        ],
                        [
                            790.76,
                            142.02
                        ],
                        [
                            789.75,
                            142.75
                        ],
                        [
                            788.77,
                            143.52
                        ],
                        [
                            787.81,
                            144.31
                        ],
                        [
                            786.89,
                            145.14
                        ],
                        [
                            786.0,
                            146.0
                        ]
                    ],
                    true
                ],
                [
                    18,
                    19,
                    [
                        [
                            867.0,
                            126.0
                        ],
                        [
                            865.32,
                            126.02
                        ],
                        [
                            863.66,
                            126.06
                        ],
                        [
                            862.01,
                            126.14
                        ],
                        [
                            860.38,
                            126.25
                        ],
                        [
                            858.76,
                            126.38
                        ],
                        [
                            857.17,
                            126.55
                        ],
                        [
                            855.58,
                            126.75
                        ],
                        [
                            854.0,
                            127.0
                        ],
                        [
                            852.4,
                            127.31
                        ],
                        [
                            850.8,
                            127.67
                        ],
                        [
                            849.23,
                            128.04
                        ],
                        [
                            847.69,
                            128.44
                        ],
                        [
                            846.18,
                            128.85
                        ],
                        [
                            844.73,
                            129.26
                        ],
                        [
                            843.33,
                            129.65
                        ],
                        [
                            842.0,
                            130.0
                        ],
                        [
                            840.78,
                            130.24
                        ],
                        [
                            839.65,
                            130.43
                        ],
                        [
                            838.58,
                            130.62
                        ],
                        [
                            837.56,
                            130.81
                        ],
                        [
                            836.59,
                            131.02
                        ],
                        [
                            835.67,
                            131.27
                        ],
                        [
                            834.81,
                            131.57
                        ],
                        [
                            834.0,
                            132.0
                        ],
                        [
                            833.26,
                            132.65
                        ],
                        [
                            832.58,
                            133.42
                        ],
                        [
                            831.93,
                            134.23
                        ],
                        [
                            831.31,
                            135.06
                        ],
                        [
                            830.72,
                            135.88
                        ],
                        [
                            830.14,
                            136.65
                        ],
                        [
                            829.58,
                            137.38
                        ],
                        [
                            829.0,
                            138.0
                        ],
                        [
                            828.39,
                            138.44
                        ],
                        [
                            827.76,
                            138.75
                        ],
                        [
                            827.13,
                            138.98
                        ],
                        [
                            826.5,
                            139.12
                        ],
                        [
                            825.87,
                            139.21
                        ],
                        [
                            825.25,
                            139.22
                        ],
                        [
                            824.62,
                            139.15
                        ],
                        [
                            824.0,
                            139.0
                        ]
                    ],
                    true
                ]
            ],
            "stations": [
                {
                    "coord": [
                        82,
                        502
                    ],
                    "is_working": true,
                    "name": "Vohwinkel",
                    "rect": [
                        76,
                        512,
                        15,
                        53
                    ],
                    "text_id": 0,
                    "uid": 0
                },
                {
                    "coord": [
                        123,
                        472
                    ],
                    "is_working": true,
                    "name": "Bruch",
                    "rect": [
                        119,
                        482,
                        15,
                        32
                    ],
                    "text_id": 1,
                    "uid": 1
                },
                {
                    "coord": [
                        177,
                        455
                    ],
                    "is_working": true,
                    "name": "Hammerstein",
                    "rect": [
                        172,
                        465,
                        15,
                        68
                    ],
                    "text_id": 2,
                    "uid": 2
                },
                {
                    "coord": [
                        224,
                        434
                    ],
                    "is_working": true,
                    "name": "Sonnborner Strasse",
                    "rect": [
                        217,
                        445,
                        15,
                        100
                    ],
                    "text_id": 3,
                    "uid": 3
                },
                {
                    "coord": [
                        261,
                        410
                    ],
                    "is_working": true,
                    "name": "Zoo / Stadion",
                    "rect": [
                        265,
                        425,
                        15,
                        66
                    ],
                    "text_id": 4,
                    "uid": 4
                },
                {
                    "coord": [
                        282,
                        366
                    ],
                    "is_working": true,
                    "name": "Varresbecker Strasse",
                    "rect": [
                        289,
                        372,
                        15,
                        110
                    ],
                    "text_id": 5,
                    "uid": 5
                },
                {
                    "coord": [
                        343,
                        345
                    ],
                    "is_working": true,
                    "name": "Westende",
                    "rect": [
                        335,
                        356,
                        15,
                        51
                    ],
                    "text_id": 6,
                    "uid": 6
                },
                {
                    "coord": [
                        376,
                        344
                    ],
                    "is_working": true,
                    "name": "Pestalozzi Strasse",
                    "rect": [
                        372,
                        356,
                        15,
                        93
                    ],
                    "text_id": 7,
                    "uid": 7
                },
                {
                    "coord": [
                        414,
                        318
                    ],
                    "is_working": true,
                    "name": "Robert-Daum-Platz",
                    "rect": [
                        412,
                        333,
                        15,
                        94
                    ],
                    "text_id": 8,
                    "uid": 8
                },
                {
                    "coord": [
                        462,
                        289
                    ],
                    "is_working": true,
                    "name": "Ohligsmuhle",
                    "rect": [
                        458,
                        302,
                        15,
                        64
                    ],
                    "text_id": 9,
                    "uid": 9
                },
                {
                    "coord": [
                        490,
                        286
                    ],
                    "is_working": true,
                    "name": "Hauptbahnhof",
                    "rect": [
                        484,
                        297,
                        15,
                        70
                    ],
                    "text_id": 10,
                    "uid": 10
                },
                {
                    "coord": [
                        523,
                        290
                    ],
                    "is_working": true,
                    "name": "Kluse",
                    "rect": [
                        517,
                        302,
                        15,
                        31
                    ],
                    "text_id": 11,
                    "uid": 11
                },
                {
                    "coord": [
                        562,
                        267
                    ],
                    "is_working": true,
                    "name": "Landgericht",
                    "rect": [
                        559,
                        280,
                        15,
                        60
                    ],
                    "text_id": 12,
                    "uid": 12
                },
                {
                    "coord": [
                        620,
                        230
                    ],
                    "is_working": true,
                    "name": "Volklinger Strasse",
                    "rect": [
                        614,
                        242,
                        15,
                        93
                    ],
                    "text_id": 13,
                    "uid": 13
                },
                {
                    "coord": [
                        660,
                        192
                    ],
                    "is_working": true,
                    "name": "Loher Brucke",
                    "rect": [
                        654,
                        204,
                        15,
                        69
                    ],
                    "text_id": 14,
                    "uid": 14
                },
                {
                    "coord": [
                        704,
                        189
                    ],
                    "is_working": true,
                    "name": "Adler Brucke",
                    "rect": [
                        701,
                        200,
                        15,
                        68
                    ],
                    "text_id": 15,
                    "uid": 15
                },
                {
                    "coord": [
                        746,
                        170
                    ],
                    "is_working": true,
                    "name": "Alter Markt",
                    "rect": [
                        740,
                        180,
                        15,
                        57
                    ],
                    "text_id": 16,
                    "uid": 16
                },
                {
                    "coord": [
                        786,
                        146
                    ],
                    "is_working": true,
                    "name": "Werther Brucke",
                    "rect": [
                        780,
                        169,
                        15,
                        80
                    ],
                    "text_id": 17,
                    "uid": 17
                },
                {
                    "coord": [
                        824,
                        139
                    ],
                    "is_working": true,
                    "name": "Wupperfeld",
                    "rect": [
                        820,
                        150,
                        15,
                        58
                    ],
                    "text_id": 18,
                    "uid": 18
                },
                {
                    "coord": [
                        867,
                        126
                    ],
                    "is_working": true,
                    "name": "Oberbarmen",
                    "rect": [
                        861,
                        136,
                        15,
                        63
                    ],
                    "text_id": 19,
                    "uid": 19
                }
            ],
            "text_id": 20
        }
    ],
    "lines_width": 9,
    "name": "metro",
    "name_text_id": 21,
    "stations_diameter": 13.0,
    "transfers": [],
    "transports": [
        "metro"
    ],
    "type_name": "ROOT",
    "type_text_id": 22,
    "upper_case": true,
    "width": 1017,
    "word_wrap": true
}