{
    "0": "Owings Mills",
    "1": "Old Court",
    "2": "Milford Mill",
    "3": "Reisterstown Plaza",
    "4": "Rogers Avenue",
    "5": "West Cold Spring",
    "6": "Mondawmin",
    "7": "Penn North",
    "8": "Upton",
    "9": "State Center",
    "10": "Lexington Market",
    "11": "Charles Center",
    "12": "Shot Tower",
    "13": "Hopkins Hospital",
    "14": "Metro Subway",
    "15": "Timonium",
    "16": "Timonium Business Park",
    "17": "Lutherville",
    "18": "Falls Road",
    "19": "Mt. Washington",
    "20": "Cold Spring Lane",
    "21": "Woodberry",
    "22": "North Avenue",
    "23": "University of Baltimore/Mt. Royal",
    "24": "Cultural Center",
    "25": "Centre Street",
    "26": "University Center/Baltimore Street",
    "27": "Convention Center",
    "28": "Camden Yards",
    "29": "Hamburg Street",
    "30": "Westport",
    "31": "Cherry Hill",
    "32": "Patapsco",
    "33": "Baltimore Highlands",
    "34": "Nursery Road",
    "35": "North Linthicum",
    "36": "Linthicum",
    "37": "Ferndale",
    "38": "Cromwell Station/Glen Burnie",
    "39": "Timonium-Cromwell Station/Glen Burnie",
    "40": "Hunt Valley",
    "41": "Pepper Road",
    "42": "McCormick Road",
    "43": "Gilroy Road",
    "44": "Warren Road",
    "45": "BWI Business District",
    "46": "BWI Airport",
    "47": "Hunt Valley-BWI Airport",
    "48": "Penn Station",
    "49": "Penn Station-Camden Yards",
    "50": "Метро",
    "51": "ROOT",
    "52": "Схема от 02.04.2008г.\nАвтор - Игорь Степанов.\nИнформация взята с сайта http://www.mtamaryland.com",
    "53": "Imported from http://pmetro.su"
}