{
    "default_transports": [
        "metro"
    ],
    "height": 1339,
    "images": [
        "res/schemes/cairo.svg"
    ],
    "is_vector": true,
    "lines": [
        {
            "labels_bg_color": "-1",
            "labels_color": "000000",
            "line_color": "003399",
            "line_width": 7,
            "name": "1",
            "segments": [
                [
                    0,
                    1,
                    [
                        [
                            530,
                            63
                        ],
                        [
                            537,
                            20
                        ]
                    ],
                    true
                ],
                [
                    1,
                    2,
                    [
                        [
                            493,
                            110
                        ],
                        [
                            530,
                            63
                        ]
                    ],
                    true
                ],
                [
                    2,
                    3,
                    [
                        [
                            475,
                            142
                        ],
                        [
                            493,
                            110
                        ]
                    ],
                    true
                ],
                [
                    3,
                    4,
                    [
                        [
                            458,
                            176
                        ],
                        [
                            475,
                            142
                        ]
                    ],
                    true
                ],
                [
                    4,
                    5,
                    [
                        [
                            459,
                            203
                        ],
                        [
                            458,
                            176
                        ]
                    ],
                    true
                ],
                [
                    5,
                    6,
                    [
                        [
                            445,
                            238
                        ],
                        [
                            459,
                            203
                        ]
                    ],
                    true
                ],
                [
                    6,
                    7,
                    [
                        [
                            428,
                            265
                        ],
                        [
                            445,
                            238
                        ]
                    ],
                    true
                ],
                [
                    7,
                    8,
                    [
                        [
                            407,
                            294
                        ],
                        [
                            428,
                            265
                        ]
                    ],
                    true
                ],
                [
                    8,
                    9,
                    [
                        [
                            392,
                            307
                        ],
                        [
                            407,
                            294
                        ]
                    ],
                    true
                ],
                [
                    9,
                    10,
                    [
                        [
                            373,
                            324
                        ],
                        [
                            392,
                            307
                        ]
                    ],
                    true
                ],
                [
                    10,
                    11,
                    [
                        [
                            341,
                            341
                        ],
                        [
                            373,
                            324
                        ]
                    ],
                    true
                ],
                [
                    11,
                    12,
                    [
                        [
                            298,
                            373
                        ],
                        [
                            341,
                            341
                        ]
                    ],
                    true
                ],
                [
                    12,
                    13,
                    [
                        [
                            255,
                            393
                        ],
                        [
                            298,
                            373
                        ]
                    ],
                    true
                ],
                [
                    13,
                    14,
                    [
                        [
                            228,
                            417
                        ],
                        [
                            255,
                            393
                        ]
                    ],
                    true
                ],
                [
                    14,
                    15,
                    [
                        [
                            215,
                            429
                        ],
                        [
                            228,
                            417
                        ]
                    ],
                    true
                ],
                [
                    15,
                    16,
                    [
                        [
                            209,
                            451
                        ],
                        [
                            215,
                            429
                        ]
                    ],
                    true
                ],
                [
                    16,
                    17,
                    [
                        [
                            214,
                            494
                        ],
                        [
                            209,
                            451
                        ]
                    ],
                    true
                ],
                [
                    17,
                    18,
                    [
                        [
                            205,
                            524
                        ],
                        [
                            214,
                            494
                        ]
                    ],
                    true
                ],
                [
                    18,
                    19,
                    [
                        [
                            192,
                            568
                        ],
                        [
                            205,
                            524
                        ]
                    ],
                    true
                ],
                [
                    19,
                    20,
                    [
                        [
                            186,
                            608
                        ],
                        [
                            192,
                            568
                        ]
                    ],
                    true
                ],
                [
                    20,
                    21,
                    [
                        [
                            193,
                            649
                        ],
                        [
                            186,
                            608
                        ]
                    ],
                    true
                ],
                [
                    21,
                    22,
                    [
                        [
                            229,
                            698
                        ],
                        [
                            193,
                            649
                        ]
                    ],
                    true
                ],
                [
                    22,
                    23,
                    [
                        [
                            255,
                            742
                        ],
                        [
                            229,
                            698
                        ]
                    ],
                    true
                ],
                [
                    23,
                    24,
                    [
                        [
                            277,
                            779
                        ],
                        [
                            255,
                            742
                        ]
                    ],
                    true
                ],
                [
                    24,
                    25,
                    [
                        [
                            295,
                            807
                        ],
                        [
                            277,
                            779
                        ]
                    ],
                    true
                ],
                [
                    25,
                    26,
                    [
                        [
                            329,
                            830
                        ],
                        [
                            295,
                            807
                        ]
                    ],
                    true
                ],
                [
                    26,
                    27,
                    [
                        [
                            354,
                            868
                        ],
                        [
                            329,
                            830
                        ]
                    ],
                    true
                ],
                [
                    27,
                    28,
                    [
                        [
                            374,
                            907
                        ],
                        [
                            354,
                            868
                        ]
                    ],
                    true
                ],
                [
                    28,
                    29,
                    [
                        [
                            413,
                            981
                        ],
                        [
                            374,
                            907
                        ]
                    ],
                    true
                ],
                [
                    29,
                    30,
                    [
                        [
                            428,
                            1014
                        ],
                        [
                            413,
                            981
                        ]
                    ],
                    true
                ],
                [
                    30,
                    31,
                    [
                        [
                            457,
                            1079
                        ],
                        [
                            428,
                            1014
                        ]
                    ],
                    true
                ],
                [
                    31,
                    32,
                    [
                        [
                            479,
                            1118
                        ],
                        [
                            457,
                            1079
                        ]
                    ],
                    true
                ],
                [
                    32,
                    33,
                    [
                        [
                            495,
                            1143
                        ],
                        [
                            479,
                            1118
                        ]
                    ],
                    true
                ],
                [
                    33,
                    34,
                    [
                        [
                            525,
                            1189
                        ],
                        [
                            495,
                            1143
                        ]
                    ],
                    true
                ]
            ],
            "stations": [
                {
                    "coord": [
                        537,
                        20
                    ],
                    "is_working": true,
                    "name": "New El Marg",
                    "rect": [
                        461,
                        13,
                        65,
                        15
                    ],
                    "text_id": 0,
                    "uid": 0
                },
                {
                    "coord": [
                        530,
                        63
                    ],
                    "is_working": true,
                    "name": "El Marg",
                    "rect": [
                        477,
                        52,
                        40,
                        15
                    ],
                    "text_id": 1,
                    "uid": 1
                },
                {
                    "coord": [
                        493,
                        110
                    ],
                    "is_working": true,
                    "name": "Ezbet El Nakhl",
                    "rect": [
                        409,
                        99,
                        74,
                        15
                    ],
                    "text_id": 2,
                    "uid": 2
                },
                {
                    "coord": [
                        475,
                        142
                    ],
                    "is_working": true,
                    "name": "Ain Shams",
                    "rect": [
                        407,
                        136,
                        56,
                        15
                    ],
                    "text_id": 3,
                    "uid": 3
                },
                {
                    "coord": [
                        458,
                        176
                    ],
                    "is_working": true,
                    "name": "El Matariya",
                    "rect": [
                        389,
                        169,
                        58,
                        15
                    ],
                    "text_id": 4,
                    "uid": 4
                },
                {
                    "coord": [
                        459,
                        203
                    ],
                    "is_working": true,
                    "name": "Helmiyet El Zeitoun",
                    "rect": [
                        350,
                        194,
                        98,
                        15
                    ],
                    "text_id": 5,
                    "uid": 5
                },
                {
                    "coord": [
                        445,
                        238
                    ],
                    "is_working": true,
                    "name": "Hadayek El Zeitoun",
                    "rect": [
                        336,
                        229,
                        98,
                        15
                    ],
                    "text_id": 6,
                    "uid": 6
                },
                {
                    "coord": [
                        428,
                        265
                    ],
                    "is_working": true,
                    "name": "Saray El Kobba",
                    "rect": [
                        336,
                        253,
                        79,
                        15
                    ],
                    "text_id": 7,
                    "uid": 7
                },
                {
                    "coord": [
                        407,
                        294
                    ],
                    "is_working": true,
                    "name": "Hammamat El Kobba",
                    "rect": [
                        293,
                        276,
                        106,
                        15
                    ],
                    "text_id": 8,
                    "uid": 8
                },
                {
                    "coord": [
                        392,
                        307
                    ],
                    "is_working": true,
                    "name": "Kobri El Kobba",
                    "rect": [
                        304,
                        293,
                        77,
                        15
                    ],
                    "text_id": 9,
                    "uid": 9
                },
                {
                    "coord": [
                        373,
                        324
                    ],
                    "is_working": true,
                    "name": "Manshyet El Sadr",
                    "rect": [
                        271,
                        310,
                        89,
                        15
                    ],
                    "text_id": 10,
                    "uid": 10
                },
                {
                    "coord": [
                        341,
                        341
                    ],
                    "is_working": true,
                    "name": "El Demerdash",
                    "rect": [
                        257,
                        328,
                        72,
                        15
                    ],
                    "text_id": 11,
                    "uid": 11
                },
                {
                    "coord": [
                        298,
                        373
                    ],
                    "is_working": true,
                    "name": "Ghamra",
                    "rect": [
                        252,
                        350,
                        41,
                        15
                    ],
                    "text_id": 12,
                    "uid": 12
                },
                {
                    "coord": [
                        255,
                        393
                    ],
                    "is_working": true,
                    "name": "Al Shohadaa",
                    "rect": [
                        165,
                        385,
                        65,
                        15
                    ],
                    "text_id": 13,
                    "uid": 13
                },
                {
                    "coord": [
                        228,
                        417
                    ],
                    "is_working": true,
                    "name": "Orabi",
                    "rect": [
                        189,
                        402,
                        29,
                        15
                    ],
                    "text_id": 14,
                    "uid": 14
                },
                {
                    "coord": [
                        215,
                        429
                    ],
                    "is_working": true,
                    "name": "Nasser",
                    "rect": [
                        168,
                        420,
                        38,
                        15
                    ],
                    "text_id": 15,
                    "uid": 15
                },
                {
                    "coord": [
                        209,
                        451
                    ],
                    "is_working": true,
                    "name": "Sadat",
                    "rect": [
                        166,
                        440,
                        30,
                        15
                    ],
                    "text_id": 16,
                    "uid": 16
                },
                {
                    "coord": [
                        214,
                        494
                    ],
                    "is_working": true,
                    "name": "Saad Zaghloul",
                    "rect": [
                        223,
                        487,
                        72,
                        15
                    ],
                    "text_id": 17,
                    "uid": 17
                },
                {
                    "coord": [
                        205,
                        524
                    ],
                    "is_working": true,
                    "name": "Sayeda Zeinab",
                    "rect": [
                        215,
                        517,
                        75,
                        15
                    ],
                    "text_id": 18,
                    "uid": 18
                },
                {
                    "coord": [
                        192,
                        568
                    ],
                    "is_working": true,
                    "name": "El Malek El Saleh",
                    "rect": [
                        202,
                        561,
                        89,
                        15
                    ],
                    "text_id": 19,
                    "uid": 19
                },
                {
                    "coord": [
                        186,
                        608
                    ],
                    "is_working": true,
                    "name": "Mar Girgis",
                    "rect": [
                        195,
                        602,
                        54,
                        15
                    ],
                    "text_id": 20,
                    "uid": 20
                },
                {
                    "coord": [
                        193,
                        649
                    ],
                    "is_working": true,
                    "name": "Zahra",
                    "rect": [
                        205,
                        638,
                        30,
                        15
                    ],
                    "text_id": 21,
                    "uid": 21
                },
                {
                    "coord": [
                        229,
                        698
                    ],
                    "is_working": true,
                    "name": "Dar El Salam",
                    "rect": [
                        240,
                        686,
                        67,
                        15
                    ],
                    "text_id": 22,
                    "uid": 22
                },
                {
                    "coord": [
                        255,
                        742
                    ],
                    "is_working": true,
                    "name": "Hadayek El Maadi",
                    "rect": [
                        265,
                        727,
                        92,
                        15
                    ],
                    "text_id": 23,
                    "uid": 23
                },
                {
                    "coord": [
                        277,
                        779
                    ],
                    "is_working": true,
                    "name": "El Maadi",
                    "rect": [
                        288,
                        763,
                        45,
                        15
                    ],
                    "text_id": 24,
                    "uid": 24
                },
                {
                    "coord": [
                        295,
                        807
                    ],
                    "is_working": true,
                    "name": "Sakanat El Maadi",
                    "rect": [
                        304,
                        789,
                        88,
                        15
                    ],
                    "text_id": 25,
                    "uid": 25
                },
                {
                    "coord": [
                        329,
                        830
                    ],
                    "is_working": true,
                    "name": "Tura El Balad",
                    "rect": [
                        339,
                        814,
                        69,
                        15
                    ],
                    "text_id": 26,
                    "uid": 26
                },
                {
                    "coord": [
                        354,
                        868
                    ],
                    "is_working": true,
                    "name": "Kozzika",
                    "rect": [
                        364,
                        853,
                        41,
                        15
                    ],
                    "text_id": 27,
                    "uid": 27
                },
                {
                    "coord": [
                        374,
                        907
                    ],
                    "is_working": true,
                    "name": "Tura El Esment",
                    "rect": [
                        385,
                        890,
                        77,
                        15
                    ],
                    "text_id": 28,
                    "uid": 28
                },
                {
                    "coord": [
                        413,
                        981
                    ],
                    "is_working": true,
                    "name": "El Maasara",
                    "rect": [
                        422,
                        965,
                        58,
                        15
                    ],
                    "text_id": 29,
                    "uid": 29
                },
                {
                    "coord": [
                        428,
                        1014
                    ],
                    "is_working": true,
                    "name": "Hadayek Helwan",
                    "rect": [
                        438,
                        1003,
                        86,
                        15
                    ],
                    "text_id": 30,
                    "uid": 30
                },
                {
                    "coord": [
                        457,
                        1079
                    ],
                    "is_working": true,
                    "name": "Wadi Hof",
                    "rect": [
                        469,
                        1070,
                        47,
                        15
                    ],
                    "text_id": 31,
                    "uid": 31
                },
                {
                    "coord": [
                        479,
                        1118
                    ],
                    "is_working": true,
                    "name": "Helwan University",
                    "rect": [
                        488,
                        1102,
                        93,
                        15
                    ],
                    "text_id": 32,
                    "uid": 32
                },
                {
                    "coord": [
                        495,
                        1143
                    ],
                    "is_working": true,
                    "name": "Ain Helwan",
                    "rect": [
                        506,
                        1129,
                        59,
                        15
                    ],
                    "text_id": 33,
                    "uid": 33
                },
                {
                    "coord": [
                        525,
                        1189
                    ],
                    "is_working": true,
                    "name": "Helwan",
                    "rect": [
                        535,
                        1179,
                        39,
                        15
                    ],
                    "text_id": 34,
                    "uid": 34
                }
            ],
            "text_id": 35
        },
        {
            "labels_bg_color": "-1",
            "labels_color": "000000",
            "line_color": "BF2928",
            "line_width": 7,
            "name": "2",
            "segments": [
                [
                    35,
                    36,
                    [
                        [
                            249,
                            206
                        ],
                        [
                            231,
                            167
                        ]
                    ],
                    true
                ],
                [
                    36,
                    37,
                    [
                        [
                            242,
                            239
                        ],
                        [
                            249,
                            206
                        ]
                    ],
                    true
                ],
                [
                    37,
                    38,
                    [
                        [
                            238,
                            267
                        ],
                        [
                            242,
                            239
                        ]
                    ],
                    true
                ],
                [
                    38,
                    39,
                    [
                        [
                            237,
                            302
                        ],
                        [
                            238,
                            267
                        ]
                    ],
                    true
                ],
                [
                    39,
                    40,
                    [
                        [
                            238,
                            329
                        ],
                        [
                            237,
                            302
                        ]
                    ],
                    true
                ],
                [
                    40,
                    41,
                    [
                        [
                            236,
                            367
                        ],
                        [
                            238,
                            329
                        ]
                    ],
                    true
                ],
                [
                    41,
                    42,
                    [
                        [
                            243,
                            401
                        ],
                        [
                            236,
                            367
                        ]
                    ],
                    true
                ],
                [
                    42,
                    43,
                    [
                        [
                            247,
                            444
                        ],
                        [
                            243,
                            401
                        ]
                    ],
                    true
                ],
                [
                    43,
                    44,
                    [
                        [
                            232,
                            461
                        ],
                        [
                            247,
                            444
                        ]
                    ],
                    true
                ],
                [
                    44,
                    45,
                    [
                        [
                            206,
                            465
                        ],
                        [
                            232,
                            461
                        ]
                    ],
                    true
                ],
                [
                    45,
                    46,
                    [
                        [
                            171,
                            473
                        ],
                        [
                            206,
                            465
                        ]
                    ],
                    true
                ],
                [
                    46,
                    47,
                    [
                        [
                            129,
                            487
                        ],
                        [
                            171,
                            473
                        ]
                    ],
                    true
                ],
                [
                    47,
                    48,
                    [
                        [
                            90,
                            496
                        ],
                        [
                            129,
                            487
                        ]
                    ],
                    true
                ],
                [
                    48,
                    49,
                    [
                        [
                            96,
                            534
                        ],
                        [
                            90,
                            496
                        ]
                    ],
                    true
                ],
                [
                    49,
                    50,
                    [
                        [
                            103,
                            566
                        ],
                        [
                            96,
                            534
                        ]
                    ],
                    true
                ],
                [
                    50,
                    51,
                    [
                        [
                            114,
                            590
                        ],
                        [
                            103,
                            566
                        ]
                    ],
                    true
                ],
                [
                    51,
                    52,
                    [
                        [
                            117,
                            613
                        ],
                        [
                            114,
                            590
                        ]
                    ],
                    true
                ],
                [
                    52,
                    53,
                    [
                        [
                            120,
                            649
                        ],
                        [
                            117,
                            613
                        ]
                    ],
                    true
                ],
                [
                    53,
                    54,
                    [
                        [
                            130,
                            701
                        ],
                        [
                            120,
                            649
                        ]
                    ],
                    true
                ]
            ],
            "stations": [
                {
                    "coord": [
                        231,
                        167
                    ],
                    "is_working": true,
                    "name": "Shubra El Kheima",
                    "rect": [
                        131,
                        158,
                        91,
                        15
                    ],
                    "text_id": 36,
                    "uid": 35
                },
                {
                    "coord": [
                        249,
                        206
                    ],
                    "is_working": true,
                    "name": "Koleyet El Zeraah",
                    "rect": [
                        149,
                        200,
                        90,
                        15
                    ],
                    "text_id": 37,
                    "uid": 36
                },
                {
                    "coord": [
                        242,
                        239
                    ],
                    "is_working": true,
                    "name": "El Mazallat",
                    "rect": [
                        177,
                        231,
                        56,
                        15
                    ],
                    "text_id": 38,
                    "uid": 37
                },
                {
                    "coord": [
                        238,
                        267
                    ],
                    "is_working": true,
                    "name": "El Khalafawi",
                    "rect": [
                        165,
                        258,
                        64,
                        15
                    ],
                    "text_id": 39,
                    "uid": 38
                },
                {
                    "coord": [
                        237,
                        302
                    ],
                    "is_working": true,
                    "name": "St. Theresa",
                    "rect": [
                        169,
                        293,
                        58,
                        15
                    ],
                    "text_id": 40,
                    "uid": 39
                },
                {
                    "coord": [
                        238,
                        329
                    ],
                    "is_working": true,
                    "name": "Rod El Farag",
                    "rect": [
                        162,
                        322,
                        66,
                        15
                    ],
                    "text_id": 41,
                    "uid": 40
                },
                {
                    "coord": [
                        236,
                        367
                    ],
                    "is_working": true,
                    "name": "Masarra",
                    "rect": [
                        184,
                        358,
                        43,
                        15
                    ],
                    "text_id": 42,
                    "uid": 41
                },
                {
                    "coord": [
                        243,
                        401
                    ],
                    "is_working": true,
                    "name": "Al Shohadaa",
                    "rect": null,
                    "text_id": 13,
                    "uid": 42
                },
                {
                    "coord": [
                        247,
                        444
                    ],
                    "is_working": true,
                    "name": "Attaba",
                    "rect": [
                        261,
                        438,
                        34,
                        15
                    ],
                    "text_id": 43,
                    "uid": 43
                },
                {
                    "coord": [
                        232,
                        461
                    ],
                    "is_working": true,
                    "name": "Mohamed Naguib",
                    "rect": [
                        240,
                        466,
                        88,
                        15
                    ],
                    "text_id": 44,
                    "uid": 44
                },
                {
                    "coord": [
                        206,
                        465
                    ],
                    "is_working": true,
                    "name": "Sadat",
                    "rect": null,
                    "text_id": 16,
                    "uid": 45
                },
                {
                    "coord": [
                        171,
                        473
                    ],
                    "is_working": true,
                    "name": "Opera",
                    "rect": [
                        132,
                        452,
                        32,
                        15
                    ],
                    "text_id": 45,
                    "uid": 46
                },
                {
                    "coord": [
                        129,
                        487
                    ],
                    "is_working": true,
                    "name": "Dokki",
                    "rect": [
                        91,
                        463,
                        31,
                        15
                    ],
                    "text_id": 46,
                    "uid": 47
                },
                {
                    "coord": [
                        90,
                        496
                    ],
                    "is_working": true,
                    "name": "El Behoos",
                    "rect": [
                        28,
                        487,
                        53,
                        15
                    ],
                    "text_id": 47,
                    "uid": 48
                },
                {
                    "coord": [
                        96,
                        534
                    ],
                    "is_working": true,
                    "name": "Cairo University",
                    "rect": [
                        104,
                        513,
                        83,
                        15
                    ],
                    "text_id": 48,
                    "uid": 49
                },
                {
                    "coord": [
                        103,
                        566
                    ],
                    "is_working": true,
                    "name": "Faysal",
                    "rect": [
                        58,
                        559,
                        35,
                        15
                    ],
                    "text_id": 49,
                    "uid": 50
                },
                {
                    "coord": [
                        114,
                        590
                    ],
                    "is_working": true,
                    "name": "Giza",
                    "rect": [
                        79,
                        583,
                        24,
                        15
                    ],
                    "text_id": 50,
                    "uid": 51
                },
                {
                    "coord": [
                        117,
                        613
                    ],
                    "is_working": true,
                    "name": "Omm El Misryeen",
                    "rect": [
                        16,
                        606,
                        90,
                        15
                    ],
                    "text_id": 51,
                    "uid": 52
                },
                {
                    "coord": [
                        120,
                        649
                    ],
                    "is_working": true,
                    "name": "Sakiet Mekky",
                    "rect": [
                        42,
                        641,
                        69,
                        15
                    ],
                    "text_id": 52,
                    "uid": 53
                },
                {
                    "coord": [
                        130,
                        701
                    ],
                    "is_working": true,
                    "name": "El Monib",
                    "rect": [
                        75,
                        693,
                        45,
                        15
                    ],
                    "text_id": 53,
                    "uid": 54
                }
            ],
            "text_id": 54
        },
        {
            "labels_bg_color": "-1",
            "labels_color": "000000",
            "line_color": "008100",
            "line_width": 7,
            "name": "3",
            "segments": [
                [
                    55,
                    56,
                    [
                        [
                            277,
                            427
                        ],
                        [
                            249,
                            431
                        ]
                    ],
                    true
                ],
                [
                    56,
                    57,
                    [
                        [
                            309,
                            399
                        ],
                        [
                            277,
                            427
                        ]
                    ],
                    true
                ],
                [
                    57,
                    58,
                    [
                        [
                            340,
                            386
                        ],
                        [
                            309,
                            399
                        ]
                    ],
                    true
                ],
                [
                    58,
                    59,
                    [
                        [
                            363,
                            358
                        ],
                        [
                            340,
                            386
                        ]
                    ],
                    true
                ],
                [
                    59,
                    60,
                    [
                        [
                            418,
                            358
                        ],
                        [
                            363,
                            358
                        ]
                    ],
                    true
                ],
                [
                    60,
                    61,
                    [
                        [
                            471,
                            358
                        ],
                        [
                            418,
                            358
                        ]
                    ],
                    true
                ],
                [
                    61,
                    62,
                    [
                        [
                            508,
                            319
                        ],
                        [
                            471,
                            358
                        ]
                    ],
                    true
                ],
                [
                    62,
                    63,
                    [
                        [
                            500,
                            289
                        ],
                        [
                            508,
                            319
                        ]
                    ],
                    true
                ],
                [
                    63,
                    64,
                    [
                        [
                            521,
                            258
                        ],
                        [
                            500,
                            289
                        ]
                    ],
                    true
                ],
                [
                    64,
                    65,
                    [
                        [
                            538,
                            227
                        ],
                        [
                            521,
                            258
                        ]
                    ],
                    false
                ],
                [
                    64,
                    66,
                    [
                        [
                            543,
                            189
                        ],
                        [
                            538.0,
                            227.0
                        ],
                        [
                            521,
                            258
                        ]
                    ],
                    true
                ],
                [
                    65,
                    66,
                    [
                        [
                            543,
                            189
                        ],
                        [
                            538,
                            227
                        ]
                    ],
                    false
                ],
                [
                    66,
                    67,
                    [
                        [
                            543,
                            189
                        ],
                        [
                            562,
                            170
                        ]
                    ],
                    true
                ]
            ],
            "stations": [
                {
                    "coord": [
                        249,
                        431
                    ],
                    "is_working": true,
                    "name": "Attaba",
                    "rect": null,
                    "text_id": 43,
                    "uid": 55
                },
                {
                    "coord": [
                        277,
                        427
                    ],
                    "is_working": true,
                    "name": "Bab El Shaariya",
                    "rect": [
                        295,
                        424,
                        82,
                        15
                    ],
                    "text_id": 55,
                    "uid": 56
                },
                {
                    "coord": [
                        309,
                        399
                    ],
                    "is_working": true,
                    "name": "El Geish",
                    "rect": [
                        314,
                        405,
                        44,
                        15
                    ],
                    "text_id": 56,
                    "uid": 57
                },
                {
                    "coord": [
                        340,
                        386
                    ],
                    "is_working": true,
                    "name": "Abdou Pasha",
                    "rect": [
                        350,
                        386,
                        68,
                        15
                    ],
                    "text_id": 57,
                    "uid": 58
                },
                {
                    "coord": [
                        363,
                        358
                    ],
                    "is_working": true,
                    "name": "El Abassiya",
                    "rect": [
                        368,
                        367,
                        62,
                        15
                    ],
                    "text_id": 58,
                    "uid": 59
                },
                {
                    "coord": [
                        418,
                        358
                    ],
                    "is_working": true,
                    "name": "Fair Zone",
                    "rect": [
                        394,
                        334,
                        48,
                        15
                    ],
                    "text_id": 59,
                    "uid": 60
                },
                {
                    "coord": [
                        471,
                        358
                    ],
                    "is_working": true,
                    "name": "Stadium",
                    "rect": [
                        484,
                        355,
                        42,
                        15
                    ],
                    "text_id": 60,
                    "uid": 61
                },
                {
                    "coord": [
                        508,
                        319
                    ],
                    "is_working": true,
                    "name": "Koleyet El Banat",
                    "rect": [
                        519,
                        311,
                        85,
                        15
                    ],
                    "text_id": 61,
                    "uid": 62
                },
                {
                    "coord": [
                        500,
                        289
                    ],
                    "is_working": true,
                    "name": "El Ahram",
                    "rect": [
                        512,
                        284,
                        48,
                        15
                    ],
                    "text_id": 62,
                    "uid": 63
                },
                {
                    "coord": [
                        521,
                        258
                    ],
                    "is_working": true,
                    "name": "Haroun",
                    "rect": [
                        531,
                        253,
                        38,
                        15
                    ],
                    "text_id": 63,
                    "uid": 64
                },
                {
                    "coord": [
                        538,
                        227
                    ],
                    "is_working": false,
                    "name": "Heliopolis Square",
                    "rect": [
                        548,
                        221,
                        90,
                        15
                    ],
                    "text_id": 64,
                    "uid": 65
                },
                {
                    "coord": [
                        543,
                        189
                    ],
                    "is_working": true,
                    "name": "Alf Maskan",
                    "rect": [
                        552,
                        191,
                        58,
                        15
                    ],
                    "text_id": 65,
                    "uid": 66
                },
                {
                    "coord": [
                        562,
                        170
                    ],
                    "is_working": true,
                    "name": "Nadi El Shams",
                    "rect": [
                        572,
                        163,
                        75,
                        15
                    ],
                    "text_id": 66,
                    "uid": 67
                }
            ],
            "text_id": 67
        }
    ],
    "lines_width": 7,
    "name": "metro",
    "name_text_id": 68,
    "stations_diameter": 13.0,
    "transfers": [
        [
            13,
            42,
            [
                255,
                393
            ],
            [
                243,
                401
            ]
        ],
        [
            55,
            43,
            [
                249,
                431
            ],
            [
                247,
                444
            ]
        ],
        [
            16,
            45,
            [
                209,
                451
            ],
            [
                206,
                465
            ]
        ]
    ],
    "transports": [
        "metro"
    ],
    "type_name": "ROOT",
    "type_text_id": 69,
    "upper_case": false,
    "width": 712,
    "word_wrap": false
}