{
    "0": "Luceros",
    "1": "Mercado",
    "2": "MARQ-CASTILLO",
    "3": "Sangueta",
    "4": "La Isleta",
    "5": "Lucentum",
    "6": "El Campello",
    "7": "Poble Espanyol",
    "8": "Amerador",
    "9": "Coveta Fuma",
    "10": "Cala Piteres",
    "11": "Venta Lanuza",
    "12": "Paradis",
    "13": "La Vila Joiosa",
    "14": "Creueta",
    "15": "Costera Pastor",
    "16": "Hospital Vila",
    "17": "C.C La Marina-Finestrat",
    "18": "Terra Mitica",
    "19": "Benidorm",
    "20": "Benidorm Intermodal",
    "21": "L1",
    "22": "La Goteta-Plaza Mar 2",
    "23": "Bulevar del Pla",
    "24": "Garbinet",
    "25": "Hospital",
    "26": "Maestro Alonso",
    "27": "Pintor Gaston Castello",
    "28": "Virgen del Remedio",
    "29": "Ciudad Jardin",
    "30": "Santa Isabel",
    "31": "Universitat",
    "32": "Sant Vicent del Raspeig",
    "33": "L2",
    "34": "Albufereta",
    "35": "Condomina",
    "36": "Campo de Golf",
    "37": "Costa Blanca",
    "38": "Carrabiners",
    "39": "Muchavista",
    "40": "Les Llances",
    "41": "Fabraquer",
    "42": "Salesians",
    "43": "Pla Barraques",
    "44": "L3",
    "45": "Miriam Blasco",
    "46": "Sergio Cardell",
    "47": "Tridente",
    "48": "Av. Naciones",
    "49": "Cabo Huertas",
    "50": "Av. Benidorm",
    "51": "Londres",
    "52": "Pl. La Coruna",
    "53": "Instituto",
    "54": "P. Escandinavos",
    "55": "Holanda",
    "56": "L4",
    "57": "Porta Del Mar",
    "58": "La Marina",
    "59": "L5",
    "60": "Cami Coves",
    "61": "L'Alfas del Pi",
    "62": "El Albir",
    "63": "Altea",
    "64": "Garganes",
    "65": "Cap Negret",
    "66": "Olla Altea",
    "67": "Calp",
    "68": "Ferrandet",
    "69": "Benissa",
    "70": "Teulada",
    "71": "Gata",
    "72": "La Xara",
    "73": "La Pedrera",
    "74": "Alqueries",
    "75": "Denia",
    "76": "L9",
    "77": "Tram",
    "78": "ROOT",
    "79": "Tram",
    "80": "Skorostnoj tramvaj\nShema ot 31.07.2019g.\nAvtor: Dmitrij Varlamov.\nZa osnovu vzjata shema s sajta www.fgvalicante.com.",
    "81": "Imported from http://pmetro.su"
}