{
    "default_transports": [
        "metro"
    ],
    "height": 710,
    "images": [
        "res/schemes/charlotte.svg"
    ],
    "is_vector": true,
    "lines": [
        {
            "labels_bg_color": "-1",
            "labels_color": "0404A4",
            "line_color": "0404A4",
            "line_width": 6,
            "name": "Blue Line",
            "segments": [
                [
                    0,
                    1,
                    [
                        [
                            310,
                            30
                        ],
                        [
                            325,
                            15
                        ]
                    ],
                    true
                ],
                [
                    1,
                    2,
                    [
                        [
                            295,
                            45
                        ],
                        [
                            310,
                            30
                        ]
                    ],
                    true
                ],
                [
                    2,
                    3,
                    [
                        [
                            280,
                            60
                        ],
                        [
                            295,
                            45
                        ]
                    ],
                    true
                ],
                [
                    3,
                    4,
                    [
                        [
                            265,
                            75
                        ],
                        [
                            280,
                            60
                        ]
                    ],
                    true
                ],
                [
                    4,
                    5,
                    [
                        [
                            250,
                            90
                        ],
                        [
                            265,
                            75
                        ]
                    ],
                    true
                ],
                [
                    5,
                    6,
                    [
                        [
                            235,
                            105
                        ],
                        [
                            250,
                            90
                        ]
                    ],
                    true
                ],
                [
                    6,
                    7,
                    [
                        [
                            185,
                            155
                        ],
                        [
                            235,
                            105
                        ]
                    ],
                    true
                ],
                [
                    7,
                    8,
                    [
                        [
                            170,
                            195
                        ],
                        [
                            170.0,
                            170.0
                        ],
                        [
                            185,
                            155
                        ]
                    ],
                    true
                ],
                [
                    8,
                    9,
                    [
                        [
                            170,
                            240
                        ],
                        [
                            170,
                            195
                        ]
                    ],
                    true
                ],
                [
                    9,
                    10,
                    [
                        [
                            170,
                            290
                        ],
                        [
                            170,
                            240
                        ]
                    ],
                    true
                ],
                [
                    10,
                    11,
                    [
                        [
                            170,
                            345
                        ],
                        [
                            170,
                            290
                        ]
                    ],
                    true
                ],
                [
                    11,
                    12,
                    [
                        [
                            170,
                            410
                        ],
                        [
                            170,
                            345
                        ]
                    ],
                    true
                ],
                [
                    12,
                    13,
                    [
                        [
                            160,
                            470
                        ],
                        [
                            170.0,
                            460.0
                        ],
                        [
                            170,
                            410
                        ]
                    ],
                    true
                ],
                [
                    13,
                    14,
                    [
                        [
                            145,
                            560
                        ],
                        [
                            145.0,
                            485.0
                        ],
                        [
                            160,
                            470
                        ]
                    ],
                    true
                ]
            ],
            "stations": [
                {
                    "coord": [
                        325,
                        15
                    ],
                    "is_working": true,
                    "name": "7th St.",
                    "rect": [
                        335,
                        8,
                        33,
                        15
                    ],
                    "text_id": 0,
                    "uid": 0
                },
                {
                    "coord": [
                        310,
                        30
                    ],
                    "is_working": true,
                    "name": "Charlotte Transportation Center/Arena",
                    "rect": [
                        320,
                        26,
                        190,
                        15
                    ],
                    "text_id": 1,
                    "uid": 1
                },
                {
                    "coord": [
                        295,
                        45
                    ],
                    "is_working": true,
                    "name": "3rd St./Convention Center",
                    "rect": [
                        305,
                        42,
                        129,
                        15
                    ],
                    "text_id": 2,
                    "uid": 2
                },
                {
                    "coord": [
                        280,
                        60
                    ],
                    "is_working": true,
                    "name": "Stonewall",
                    "rect": [
                        290,
                        57,
                        50,
                        15
                    ],
                    "text_id": 3,
                    "uid": 3
                },
                {
                    "coord": [
                        265,
                        75
                    ],
                    "is_working": true,
                    "name": "Carson",
                    "rect": [
                        275,
                        72,
                        38,
                        15
                    ],
                    "text_id": 4,
                    "uid": 4
                },
                {
                    "coord": [
                        250,
                        90
                    ],
                    "is_working": true,
                    "name": "Bland",
                    "rect": [
                        260,
                        87,
                        31,
                        15
                    ],
                    "text_id": 5,
                    "uid": 5
                },
                {
                    "coord": [
                        235,
                        105
                    ],
                    "is_working": true,
                    "name": "East/West Blvd",
                    "rect": [
                        245,
                        102,
                        78,
                        15
                    ],
                    "text_id": 6,
                    "uid": 6
                },
                {
                    "coord": [
                        185,
                        155
                    ],
                    "is_working": true,
                    "name": "New Bern",
                    "rect": [
                        195,
                        154,
                        51,
                        15
                    ],
                    "text_id": 7,
                    "uid": 7
                },
                {
                    "coord": [
                        170,
                        195
                    ],
                    "is_working": true,
                    "name": "Scaleybark",
                    "rect": [
                        180,
                        189,
                        58,
                        15
                    ],
                    "text_id": 8,
                    "uid": 8
                },
                {
                    "coord": [
                        170,
                        240
                    ],
                    "is_working": true,
                    "name": "Woodlawn",
                    "rect": [
                        180,
                        234,
                        53,
                        15
                    ],
                    "text_id": 9,
                    "uid": 9
                },
                {
                    "coord": [
                        170,
                        290
                    ],
                    "is_working": true,
                    "name": "Tyvola",
                    "rect": [
                        180,
                        283,
                        35,
                        15
                    ],
                    "text_id": 10,
                    "uid": 10
                },
                {
                    "coord": [
                        170,
                        345
                    ],
                    "is_working": true,
                    "name": "Archdale",
                    "rect": [
                        180,
                        339,
                        47,
                        15
                    ],
                    "text_id": 11,
                    "uid": 11
                },
                {
                    "coord": [
                        170,
                        410
                    ],
                    "is_working": true,
                    "name": "Arrowood",
                    "rect": [
                        180,
                        404,
                        50,
                        15
                    ],
                    "text_id": 12,
                    "uid": 12
                },
                {
                    "coord": [
                        160,
                        470
                    ],
                    "is_working": true,
                    "name": "Sharon Road West",
                    "rect": [
                        170,
                        469,
                        94,
                        15
                    ],
                    "text_id": 13,
                    "uid": 13
                },
                {
                    "coord": [
                        145,
                        560
                    ],
                    "is_working": true,
                    "name": "I-485/South Blvd",
                    "rect": [
                        155,
                        553,
                        83,
                        15
                    ],
                    "text_id": 14,
                    "uid": 14
                }
            ],
            "text_id": 15
        }
    ],
    "lines_width": 6,
    "name": "metro",
    "name_text_id": 16,
    "stations_diameter": 13.0,
    "transfers": [],
    "transports": [
        "metro"
    ],
    "type_name": "ROOT",
    "type_text_id": 17,
    "upper_case": false,
    "width": 475,
    "word_wrap": false
}