{
    "lines": [
        {
            "delays": [],
            "name": "Линия 1",
            "scheme": null,
            "segments": [
                [
                    0,
                    1,
                    120
                ],
                [
                    1,
                    0,
                    120
                ],
                [
                    1,
                    2,
                    120
                ],
                [
                    2,
                    1,
                    120
                ],
                [
                    2,
                    3,
                    120
                ],
                [
                    3,
                    2,
                    120
                ],
                [
                    3,
                    4,
                    120
                ],
                [
                    4,
                    3,
                    120
                ],
                [
                    4,
                    5,
                    120
                ],
                [
                    5,
                    4,
                    120
                ],
                [
                    5,
                    6,
                    120
                ],
                [
                    6,
                    5,
                    120
                ],
                [
                    6,
                    7,
                    120
                ],
                [
                    7,
                    6,
                    120
                ],
                [
                    7,
                    8,
                    120
                ],
                [
                    8,
                    7,
                    120
                ],
                [
                    8,
                    9,
                    120
                ],
                [
                    9,
                    8,
                    120
                ],
                [
                    9,
                    10,
                    120
                ],
                [
                    10,
                    9,
                    120
                ],
                [
                    10,
                    11,
                    120
                ],
                [
                    11,
                    10,
                    120
                ],
                [
                    11,
                    12,
                    120
                ],
                [
                    12,
                    11,
                    120
                ],
                [
                    12,
                    13,
                    120
                ],
                [
                    13,
                    12,
                    120
                ],
                [
                    13,
                    14,
                    120
                ],
                [
                    14,
                    13,
                    120
                ],
                [
                    14,
                    15,
                    120
                ],
                [
                    15,
                    14,
                    120
                ],
                [
                    15,
                    16,
                    120
                ],
                [
                    16,
                    15,
                    120
                ]
            ],
            "stations": [
                [
                    0,
                    "Грушевая поляна",
                    0
                ],
                [
                    1,
                    "Эсто-садок",
                    1
                ],
                [
                    2,
                    "Красная поляна",
                    2
                ],
                [
                    3,
                    "Аэровокзал",
                    3
                ],
                [
                    4,
                    "Железнодорожный вокзал Адлер",
                    4
                ],
                [
                    5,
                    "Голубые дали",
                    5
                ],
                [
                    6,
                    "Курортный городок",
                    6
                ],
                [
                    7,
                    "Кудепста",
                    7
                ],
                [
                    8,
                    "Хоста",
                    8
                ],
                [
                    9,
                    "Малый Ахун",
                    9
                ],
                [
                    10,
                    "Приморская",
                    10
                ],
                [
                    11,
                    "Курортная",
                    11
                ],
                [
                    12,
                    "Мацеста",
                    12
                ],
                [
                    13,
                    "Бытха",
                    13
                ],
                [
                    14,
                    "Театральная",
                    14
                ],
                [
                    15,
                    "Морской вокзал",
                    15
                ],
                [
                    16,
                    "Железнодорожный вокзал Сочи",
                    16
                ]
            ],
            "text_id": 17
        },
        {
            "delays": [],
            "name": "Линия 2",
            "scheme": null,
            "segments": [
                [
                    17,
                    18,
                    120
                ],
                [
                    18,
                    17,
                    120
                ],
                [
                    18,
                    19,
                    120
                ],
                [
                    19,
                    18,
                    120
                ],
                [
                    19,
                    20,
                    120
                ],
                [
                    20,
                    19,
                    120
                ],
                [
                    20,
                    21,
                    120
                ],
                [
                    21,
                    20,
                    120
                ],
                [
                    21,
                    22,
                    120
                ],
                [
                    22,
                    21,
                    120
                ],
                [
                    22,
                    23,
                    120
                ],
                [
                    23,
                    22,
                    120
                ],
                [
                    23,
                    24,
                    120
                ],
                [
                    24,
                    23,
                    120
                ],
                [
                    24,
                    25,
                    120
                ],
                [
                    25,
                    24,
                    120
                ],
                [
                    25,
                    26,
                    120
                ],
                [
                    26,
                    25,
                    120
                ],
                [
                    26,
                    27,
                    120
                ],
                [
                    27,
                    26,
                    120
                ],
                [
                    27,
                    28,
                    120
                ],
                [
                    28,
                    27,
                    120
                ],
                [
                    28,
                    29,
                    120
                ],
                [
                    29,
                    28,
                    120
                ],
                [
                    29,
                    30,
                    120
                ],
                [
                    30,
                    29,
                    120
                ],
                [
                    30,
                    31,
                    120
                ],
                [
                    31,
                    30,
                    120
                ],
                [
                    31,
                    32,
                    120
                ],
                [
                    32,
                    31,
                    120
                ],
                [
                    32,
                    33,
                    120
                ],
                [
                    33,
                    32,
                    120
                ],
                [
                    33,
                    34,
                    120
                ],
                [
                    34,
                    33,
                    120
                ],
                [
                    34,
                    35,
                    120
                ],
                [
                    35,
                    34,
                    120
                ],
                [
                    35,
                    36,
                    120
                ],
                [
                    36,
                    35,
                    120
                ]
            ],
            "stations": [
                [
                    17,
                    "Олимпийская деревня",
                    18
                ],
                [
                    18,
                    "Рынок",
                    19
                ],
                [
                    19,
                    "Железнодорожный вокзал Адлер",
                    4
                ],
                [
                    20,
                    "Голубые дали",
                    5
                ],
                [
                    21,
                    "Курортный городок",
                    6
                ],
                [
                    22,
                    "Кудепста",
                    7
                ],
                [
                    23,
                    "Хоста",
                    8
                ],
                [
                    24,
                    "Малый Ахун",
                    9
                ],
                [
                    25,
                    "Приморская",
                    10
                ],
                [
                    26,
                    "Курортная",
                    11
                ],
                [
                    27,
                    "Мацеста",
                    12
                ],
                [
                    28,
                    "Бытха",
                    13
                ],
                [
                    29,
                    "Театральная",
                    14
                ],
                [
                    30,
                    "Морской вокзал",
                    15
                ],
                [
                    31,
                    "Железнодорожный вокзал Сочи",
                    16
                ],
                [
                    32,
                    "Гагаринская",
                    20
                ],
                [
                    33,
                    "Виноградная",
                    21
                ],
                [
                    34,
                    "Донская",
                    22
                ],
                [
                    35,
                    "Бочаров ручей",
                    23
                ],
                [
                    36,
                    "Мамайка",
                    24
                ]
            ],
            "text_id": 25
        },
        {
            "delays": [],
            "name": "Линия 3",
            "scheme": null,
            "segments": [
                [
                    37,
                    38,
                    120
                ],
                [
                    38,
                    37,
                    120
                ],
                [
                    38,
                    39,
                    120
                ],
                [
                    39,
                    38,
                    120
                ],
                [
                    39,
                    40,
                    120
                ],
                [
                    40,
                    39,
                    120
                ],
                [
                    40,
                    41,
                    120
                ],
                [
                    41,
                    40,
                    120
                ],
                [
                    41,
                    42,
                    120
                ],
                [
                    42,
                    41,
                    120
                ]
            ],
            "stations": [
                [
                    37,
                    "Грушевая поляна",
                    0
                ],
                [
                    38,
                    "Эсто-садок",
                    1
                ],
                [
                    39,
                    "Красная поляна",
                    2
                ],
                [
                    40,
                    "Аэровокзал",
                    3
                ],
                [
                    41,
                    "Рынок",
                    19
                ],
                [
                    42,
                    "Олимпийская деревня",
                    18
                ]
            ],
            "text_id": 26
        }
    ],
    "name": "metro",
    "transfers": [
        [
            16,
            31,
            120,
            false
        ],
        [
            15,
            30,
            120,
            false
        ],
        [
            14,
            29,
            120,
            false
        ],
        [
            13,
            28,
            120,
            false
        ],
        [
            12,
            27,
            120,
            false
        ],
        [
            11,
            26,
            120,
            false
        ],
        [
            10,
            25,
            120,
            false
        ],
        [
            9,
            24,
            120,
            false
        ],
        [
            8,
            23,
            120,
            false
        ],
        [
            7,
            22,
            120,
            false
        ],
        [
            6,
            21,
            120,
            false
        ],
        [
            5,
            20,
            120,
            false
        ],
        [
            4,
            19,
            120,
            false
        ],
        [
            41,
            18,
            120,
            false
        ],
        [
            42,
            17,
            120,
            false
        ],
        [
            3,
            40,
            120,
            false
        ],
        [
            2,
            39,
            120,
            false
        ],
        [
            1,
            38,
            120,
            false
        ],
        [
            0,
            37,
            120,
            false
        ]
    ],
    "type_name": "Электричка"
}