{
    "lines": [
        {
            "delays": [
                900,
                900,
                900
            ],
            "name": "Речной трамвай",
            "scheme": "rechnoytramvay",
            "segments": [
                [
                    2311,
                    2312,
                    720
                ],
                [
                    2312,
                    2311,
                    720
                ],
                [
                    2312,
                    2313,
                    720
                ],
                [
                    2313,
                    2312,
                    720
                ],
                [
                    2313,
                    2314,
                    720
                ],
                [
                    2314,
                    2313,
                    720
                ],
                [
                    2314,
                    2315,
                    720
                ],
                [
                    2315,
                    2314,
                    720
                ],
                [
                    2315,
                    2316,
                    720
                ],
                [
                    2316,
                    2315,
                    720
                ],
                [
                    2316,
                    2317,
                    720
                ],
                [
                    2317,
                    2316,
                    720
                ],
                [
                    2317,
                    2318,
                    720
                ],
                [
                    2318,
                    2317,
                    720
                ],
                [
                    2318,
                    2319,
                    720
                ],
                [
                    2319,
                    2318,
                    720
                ],
                [
                    2319,
                    2320,
                    720
                ],
                [
                    2320,
                    2319,
                    720
                ]
            ],
            "stations": [
                [
                    2311,
                    "Киевский вокзал",
                    1396
                ],
                [
                    2312,
                    "Воробьевы горы",
                    15
                ],
                [
                    2313,
                    "Фрунзенская набережная",
                    1397
                ],
                [
                    2314,
                    "Парк Культуры",
                    1398
                ],
                [
                    2315,
                    "Крымский мост",
                    1399
                ],
                [
                    2316,
                    "Театр эстрады",
                    1400
                ],
                [
                    2317,
                    "Гостиница \"Россия\"",
                    1401
                ],
                [
                    2318,
                    "Новоспасский мост",
                    1316
                ],
                [
                    2319,
                    "Южный речной вокзал",
                    1402
                ],
                [
                    2320,
                    "Музей-заповедник \"Коломенское\"",
                    1403
                ]
            ],
            "text_id": 1404
        }
    ],
    "name": "tramsriver",
    "transfers": [
        [
            15,
            2312,
            720,
            false
        ],
        [
            371,
            2311,
            360,
            false
        ],
        [
            388,
            2311,
            480,
            false
        ],
        [
            353,
            2311,
            600,
            false
        ],
        [
            12,
            2315,
            540,
            false
        ],
        [
            377,
            2315,
            540,
            false
        ],
        [
            427,
            2318,
            660,
            false
        ],
        [
            399,
            2317,
            600,
            false
        ],
        [
            425,
            2317,
            600,
            false
        ],
        [
            38,
            2316,
            720,
            false
        ],
        [
            10,
            2316,
            720,
            false
        ]
    ],
    "type_name": "Речной трамвай"
}