{
    "lines": [
        {
            "delays": [
                300,
                600
            ],
            "name": "Красная",
            "scheme": "redline",
            "segments": [
                [
                    0,
                    1,
                    149
                ],
                [
                    1,
                    0,
                    149
                ],
                [
                    1,
                    2,
                    120
                ],
                [
                    2,
                    1,
                    120
                ],
                [
                    2,
                    3,
                    120
                ],
                [
                    3,
                    2,
                    120
                ],
                [
                    3,
                    4,
                    120
                ],
                [
                    4,
                    3,
                    120
                ],
                [
                    4,
                    5,
                    120
                ],
                [
                    5,
                    4,
                    120
                ],
                [
                    5,
                    6,
                    209
                ],
                [
                    6,
                    5,
                    209
                ],
                [
                    6,
                    7,
                    180
                ],
                [
                    7,
                    6,
                    180
                ],
                [
                    7,
                    10,
                    240
                ],
                [
                    8,
                    9,
                    149
                ],
                [
                    9,
                    8,
                    149
                ],
                [
                    9,
                    10,
                    120
                ],
                [
                    10,
                    7,
                    240
                ],
                [
                    10,
                    9,
                    120
                ],
                [
                    10,
                    11,
                    209
                ],
                [
                    11,
                    10,
                    209
                ],
                [
                    11,
                    12,
                    149
                ],
                [
                    12,
                    11,
                    149
                ],
                [
                    12,
                    13,
                    209
                ],
                [
                    12,
                    20,
                    180
                ],
                [
                    13,
                    12,
                    209
                ],
                [
                    13,
                    14,
                    240
                ],
                [
                    14,
                    13,
                    240
                ],
                [
                    14,
                    15,
                    120
                ],
                [
                    15,
                    14,
                    120
                ],
                [
                    15,
                    16,
                    120
                ],
                [
                    16,
                    15,
                    120
                ],
                [
                    16,
                    17,
                    120
                ],
                [
                    17,
                    16,
                    120
                ],
                [
                    17,
                    18,
                    120
                ],
                [
                    18,
                    17,
                    120
                ],
                [
                    18,
                    19,
                    120
                ],
                [
                    19,
                    18,
                    120
                ],
                [
                    20,
                    12,
                    180
                ]
            ],
            "stations": [
                [
                    0,
                    "Дарнагюль",
                    0
                ],
                [
                    1,
                    "Азадлыг проспекти",
                    1
                ],
                [
                    2,
                    "Насими",
                    2
                ],
                [
                    3,
                    "Мемар Аджеми",
                    3
                ],
                [
                    4,
                    "20 январ",
                    4
                ],
                [
                    5,
                    "Иншаатчылар",
                    5
                ],
                [
                    6,
                    "Элмляр Академиясы",
                    6
                ],
                [
                    7,
                    "Низами",
                    7
                ],
                [
                    8,
                    "Ичери Шехер",
                    8
                ],
                [
                    9,
                    "Сахил",
                    9
                ],
                [
                    10,
                    "28 Май",
                    10
                ],
                [
                    11,
                    "Гянджлик",
                    11
                ],
                [
                    12,
                    "Нариман Нариманов",
                    12
                ],
                [
                    13,
                    "Улдуз",
                    13
                ],
                [
                    14,
                    "Кероглу",
                    14
                ],
                [
                    15,
                    "Гара Гараев",
                    15
                ],
                [
                    16,
                    "Нефтчиляр",
                    16
                ],
                [
                    17,
                    "Халглар Достлугу",
                    17
                ],
                [
                    18,
                    "Ахмедлы",
                    18
                ],
                [
                    19,
                    "Ази Асланов",
                    19
                ],
                [
                    20,
                    "Бакмил",
                    20
                ]
            ],
            "text_id": 21
        },
        {
            "delays": [
                600,
                900
            ],
            "name": "Зеленая",
            "scheme": "greenline",
            "segments": [
                [
                    21,
                    22,
                    180
                ],
                [
                    22,
                    21,
                    180
                ]
            ],
            "stations": [
                [
                    21,
                    "Джафар Джаббарлы",
                    22
                ],
                [
                    22,
                    "Шах Исмаил Хатаи",
                    23
                ]
            ],
            "text_id": 24
        },
        {
            "delays": [
                600,
                900
            ],
            "name": "Фиолетовая",
            "scheme": null,
            "segments": [
                [
                    23,
                    24,
                    180
                ],
                [
                    24,
                    23,
                    180
                ]
            ],
            "stations": [
                [
                    23,
                    "Мемар Аджеми-2",
                    25
                ],
                [
                    24,
                    "Автовокзал",
                    26
                ]
            ],
            "text_id": 27
        }
    ],
    "name": "metro",
    "transfers": [
        [
            21,
            10,
            120,
            true
        ],
        [
            23,
            3,
            120,
            true
        ]
    ],
    "type_name": "Метро"
}