[
    {
        "caption": "Схема",
        "image": "res/stations/akademgorodok.svg",
        "line": "Святошинско-Броварская",
        "station": "Академгородок"
    },
    {
        "caption": "Схема",
        "image": "res/stations/zhitomirskaya.svg",
        "line": "Святошинско-Броварская",
        "station": "Житомирская"
    },
    {
        "caption": "Схема",
        "image": "res/stations/sviatoshin.svg",
        "line": "Святошинско-Броварская",
        "station": "Святошин"
    },
    {
        "caption": "Схема",
        "image": "res/stations/nivki.svg",
        "line": "Святошинско-Броварская",
        "station": "Нивки"
    },
    {
        "caption": "Схема",
        "image": "res/stations/beresteyskaya.svg",
        "line": "Святошинско-Броварская",
        "station": "Берестейская"
    },
    {
        "caption": "Схема",
        "image": "res/stations/shulyavskaya.svg",
        "line": "Святошинско-Броварская",
        "station": "Шулявская"
    },
    {
        "caption": "Схема",
        "image": "res/stations/politex.svg",
        "line": "Святошинско-Броварская",
        "station": "Политехнический институт"
    },
    {
        "caption": "Схема",
        "image": "res/stations/vokzalnaya.svg",
        "line": "Святошинско-Броварская",
        "station": "Вокзальная"
    },
    {
        "caption": "Схема",
        "image": "res/stations/universitet.svg",
        "line": "Святошинско-Броварская",
        "station": "Университет"
    },
    {
        "caption": "Схема",
        "image": "res/stations/zvorota-teatralnaya.svg",
        "line": "Святошинско-Броварская",
        "station": "Театральная"
    },
    {
        "caption": "Схема",
        "image": "res/stations/kreschatik-maidan.svg",
        "line": "Святошинско-Броварская",
        "station": "Крещатик"
    },
    {
        "caption": "Схема",
        "image": "res/stations/arsenalnaya.svg",
        "line": "Святошинско-Броварская",
        "station": "Арсенальная"
    },
    {
        "caption": "Схема",
        "image": "res/stations/dnepr.svg",
        "line": "Святошинско-Броварская",
        "station": "Днепр"
    },
    {
        "caption": "Схема",
        "image": "res/stations/gidropark.svg",
        "line": "Святошинско-Броварская",
        "station": "Гидропарк"
    },
    {
        "caption": "Схема",
        "image": "res/stations/levoberezhnaya.svg",
        "line": "Святошинско-Броварская",
        "station": "Левобережная"
    },
    {
        "caption": "Схема",
        "image": "res/stations/darnica.svg",
        "line": "Святошинско-Броварская",
        "station": "Дарница"
    },
    {
        "caption": "Схема",
        "image": "res/stations/chernigovskaya.svg",
        "line": "Святошинско-Броварская",
        "station": "Черниговская"
    },
    {
        "caption": "Схема",
        "image": "res/stations/lesnaya.svg",
        "line": "Святошинско-Броварская",
        "station": "Лесная"
    },
    {
        "caption": "Схема",
        "image": "res/stations/geroivdnepra.svg",
        "line": "Оболонско-Теремковская",
        "station": "Героев Днепра"
    },
    {
        "caption": "Схема",
        "image": "res/stations/minskaya.svg",
        "line": "Оболонско-Теремковская",
        "station": "Минская"
    },
    {
        "caption": "Схема",
        "image": "res/stations/obolon.svg",
        "line": "Оболонско-Теремковская",
        "station": "Оболонь"
    },
    {
        "caption": "Схема",
        "image": "res/stations/pochaina.svg",
        "line": "Оболонско-Теремковская",
        "station": "Почайна"
    },
    {
        "caption": "Схема",
        "image": "res/stations/tarasashevchenko.svg",
        "line": "Оболонско-Теремковская",
        "station": "Тараса Шевченко"
    },
    {
        "caption": "Схема",
        "image": "res/stations/kontraktovayapl.svg",
        "line": "Оболонско-Теремковская",
        "station": "Контрактовая площадь"
    },
    {
        "caption": "Схема",
        "image": "res/stations/pochtovayaploshad.svg",
        "line": "Оболонско-Теремковская",
        "station": "Почтовая площадь"
    },
    {
        "caption": "Схема",
        "image": "res/stations/kreschatik-maidan.svg",
        "line": "Оболонско-Теремковская",
        "station": "Площадь Независимости"
    },
    {
        "caption": "Схема",
        "image": "res/stations/dvorecsporta-lvatolstogo.svg",
        "line": "Оболонско-Теремковская",
        "station": "Площадь Льва Толстого"
    },
    {
        "caption": "Схема",
        "image": "res/stations/olimpiyskaya.svg",
        "line": "Оболонско-Теремковская",
        "station": "Олимпийская"
    },
    {
        "caption": "Схема",
        "image": "res/stations/dvoretsukraina.svg",
        "line": "Оболонско-Теремковская",
        "station": "Дворец \"Украина\""
    },
    {
        "caption": "Схема",
        "image": "res/stations/lybedskaya.svg",
        "line": "Оболонско-Теремковская",
        "station": "Лыбедская"
    },
    {
        "caption": "Схема",
        "image": "res/stations/demievskaya.svg",
        "line": "Оболонско-Теремковская",
        "station": "Демиевская"
    },
    {
        "caption": "Схема",
        "image": "res/stations/goloseevskaya.svg",
        "line": "Оболонско-Теремковская",
        "station": "Голосеевская"
    },
    {
        "caption": "Схема",
        "image": "res/stations/vasilkovskaya.svg",
        "line": "Оболонско-Теремковская",
        "station": "Васильковская"
    },
    {
        "caption": "Схема",
        "image": "res/stations/vystavochnycentr.svg",
        "line": "Оболонско-Теремковская",
        "station": "Выставочный центр"
    },
    {
        "caption": "Схема",
        "image": "res/stations/ippodrom.svg",
        "line": "Оболонско-Теремковская",
        "station": "Ипподром"
    },
    {
        "caption": "Схема",
        "image": "res/stations/teremki.svg",
        "line": "Оболонско-Теремковская",
        "station": "Теремки"
    },
    {
        "caption": "Схема",
        "image": "res/stations/syrets.svg",
        "line": "Сырецко-Печерская",
        "station": "Сырец"
    },
    {
        "caption": "Схема",
        "image": "res/stations/dorogozhichi.svg",
        "line": "Сырецко-Печерская",
        "station": "Дорогожичи"
    },
    {
        "caption": "Схема",
        "image": "res/stations/lukyanovskaya.svg",
        "line": "Сырецко-Печерская",
        "station": "Лукьяновская"
    },
    {
        "caption": "Схема",
        "image": "res/stations/zvorota-teatralnaya.svg",
        "line": "Сырецко-Печерская",
        "station": "Золотые ворота"
    },
    {
        "caption": "Схема",
        "image": "res/stations/dvorecsporta-lvatolstogo.svg",
        "line": "Сырецко-Печерская",
        "station": "Дворец спорта"
    },
    {
        "caption": "Схема",
        "image": "res/stations/klovskaya.svg",
        "line": "Сырецко-Печерская",
        "station": "Кловская"
    },
    {
        "caption": "Схема",
        "image": "res/stations/pecherskaya.svg",
        "line": "Сырецко-Печерская",
        "station": "Печерская"
    },
    {
        "caption": "Схема",
        "image": "res/stations/druzhbynarodov.svg",
        "line": "Сырецко-Печерская",
        "station": "Дружбы народов"
    },
    {
        "caption": "Схема",
        "image": "res/stations/vydubichi.svg",
        "line": "Сырецко-Печерская",
        "station": "Выдубичи"
    },
    {
        "caption": "Схема",
        "image": "res/stations/slavutich.svg",
        "line": "Сырецко-Печерская",
        "station": "Славутич"
    },
    {
        "caption": "Схема",
        "image": "res/stations/osokorki.svg",
        "line": "Сырецко-Печерская",
        "station": "Осокорки"
    },
    {
        "caption": "Схема",
        "image": "res/stations/poznyaki.svg",
        "line": "Сырецко-Печерская",
        "station": "Позняки"
    },
    {
        "caption": "Схема",
        "image": "res/stations/kharkovskaya.svg",
        "line": "Сырецко-Печерская",
        "station": "Харьковская"
    },
    {
        "caption": "Схема",
        "image": "res/stations/vyrlitsa.svg",
        "line": "Сырецко-Печерская",
        "station": "Вырлица"
    },
    {
        "caption": "Схема",
        "image": "res/stations/borispolskaya.svg",
        "line": "Сырецко-Печерская",
        "station": "Бориспольская"
    },
    {
        "caption": "Схема",
        "image": "res/stations/krasnyhutor.svg",
        "line": "Сырецко-Печерская",
        "station": "Красный хутор"
    }
]