{
    "default_transports": [
        "train"
    ],
    "height": 1460,
    "images": [
        "res/schemes/brest.svg"
    ],
    "is_vector": true,
    "lines": [
        {
            "labels_bg_color": "-1",
            "labels_color": "990000",
            "line_color": "990000",
            "line_width": 9,
            "name": "Столбцовское направление",
            "segments": [
                [
                    83,
                    84,
                    [
                        [
                            1300,
                            70
                        ],
                        [
                            1320,
                            50
                        ]
                    ],
                    true
                ],
                [
                    84,
                    85,
                    [
                        [
                            1280,
                            90
                        ],
                        [
                            1300,
                            70
                        ]
                    ],
                    true
                ],
                [
                    85,
                    86,
                    [
                        [
                            1260,
                            110
                        ],
                        [
                            1280,
                            90
                        ]
                    ],
                    true
                ],
                [
                    86,
                    87,
                    [
                        [
                            1240,
                            130
                        ],
                        [
                            1260,
                            110
                        ]
                    ],
                    true
                ],
                [
                    87,
                    88,
                    [
                        [
                            1220,
                            150
                        ],
                        [
                            1240,
                            130
                        ]
                    ],
                    true
                ],
                [
                    88,
                    89,
                    [
                        [
                            1200,
                            170
                        ],
                        [
                            1220,
                            150
                        ]
                    ],
                    true
                ],
                [
                    89,
                    90,
                    [
                        [
                            1180,
                            190
                        ],
                        [
                            1200,
                            170
                        ]
                    ],
                    true
                ],
                [
                    90,
                    91,
                    [
                        [
                            1160,
                            210
                        ],
                        [
                            1180,
                            190
                        ]
                    ],
                    true
                ],
                [
                    91,
                    92,
                    [
                        [
                            1140,
                            230
                        ],
                        [
                            1160,
                            210
                        ]
                    ],
                    true
                ],
                [
                    92,
                    93,
                    [
                        [
                            1120,
                            250
                        ],
                        [
                            1140,
                            230
                        ]
                    ],
                    true
                ],
                [
                    93,
                    94,
                    [
                        [
                            1100,
                            270
                        ],
                        [
                            1120,
                            250
                        ]
                    ],
                    true
                ],
                [
                    94,
                    95,
                    [
                        [
                            1080,
                            290
                        ],
                        [
                            1100,
                            270
                        ]
                    ],
                    true
                ],
                [
                    95,
                    96,
                    [
                        [
                            1060,
                            310
                        ],
                        [
                            1080,
                            290
                        ]
                    ],
                    true
                ],
                [
                    96,
                    97,
                    [
                        [
                            1040,
                            330
                        ],
                        [
                            1060,
                            310
                        ]
                    ],
                    true
                ],
                [
                    97,
                    98,
                    [
                        [
                            1020,
                            350
                        ],
                        [
                            1040,
                            330
                        ]
                    ],
                    true
                ],
                [
                    98,
                    99,
                    [
                        [
                            1000,
                            370
                        ],
                        [
                            1020,
                            350
                        ]
                    ],
                    true
                ],
                [
                    99,
                    100,
                    [
                        [
                            980,
                            390
                        ],
                        [
                            1000,
                            370
                        ]
                    ],
                    true
                ],
                [
                    100,
                    101,
                    [
                        [
                            960,
                            410
                        ],
                        [
                            980,
                            390
                        ]
                    ],
                    true
                ],
                [
                    101,
                    102,
                    [
                        [
                            940,
                            430
                        ],
                        [
                            960,
                            410
                        ]
                    ],
                    true
                ],
                [
                    102,
                    103,
                    [
                        [
                            920,
                            450
                        ],
                        [
                            940,
                            430
                        ]
                    ],
                    true
                ],
                [
                    103,
                    104,
                    [
                        [
                            900,
                            470
                        ],
                        [
                            920,
                            450
                        ]
                    ],
                    true
                ],
                [
                    104,
                    105,
                    [
                        [
                            880,
                            490
                        ],
                        [
                            900,
                            470
                        ]
                    ],
                    true
                ],
                [
                    105,
                    106,
                    [
                        [
                            860,
                            510
                        ],
                        [
                            880,
                            490
                        ]
                    ],
                    true
                ],
                [
                    106,
                    107,
                    [
                        [
                            840,
                            530
                        ],
                        [
                            860,
                            510
                        ]
                    ],
                    true
                ],
                [
                    107,
                    108,
                    [
                        [
                            820,
                            550
                        ],
                        [
                            840,
                            530
                        ]
                    ],
                    true
                ],
                [
                    108,
                    109,
                    [
                        [
                            800,
                            570
                        ],
                        [
                            820,
                            550
                        ]
                    ],
                    true
                ],
                [
                    109,
                    110,
                    [
                        [
                            780,
                            590
                        ],
                        [
                            800,
                            570
                        ]
                    ],
                    true
                ],
                [
                    110,
                    111,
                    [
                        [
                            760,
                            610
                        ],
                        [
                            780,
                            590
                        ]
                    ],
                    true
                ],
                [
                    111,
                    112,
                    [
                        [
                            740,
                            630
                        ],
                        [
                            760,
                            610
                        ]
                    ],
                    true
                ],
                [
                    112,
                    113,
                    [
                        [
                            720,
                            650
                        ],
                        [
                            740,
                            630
                        ]
                    ],
                    true
                ],
                [
                    113,
                    114,
                    [
                        [
                            700,
                            670
                        ],
                        [
                            720,
                            650
                        ]
                    ],
                    true
                ],
                [
                    114,
                    115,
                    [
                        [
                            680,
                            690
                        ],
                        [
                            700,
                            670
                        ]
                    ],
                    true
                ],
                [
                    115,
                    116,
                    [
                        [
                            660,
                            710
                        ],
                        [
                            680,
                            690
                        ]
                    ],
                    true
                ],
                [
                    116,
                    117,
                    [
                        [
                            640,
                            730
                        ],
                        [
                            660,
                            710
                        ]
                    ],
                    true
                ],
                [
                    117,
                    118,
                    [
                        [
                            620,
                            750
                        ],
                        [
                            640,
                            730
                        ]
                    ],
                    true
                ],
                [
                    118,
                    119,
                    [
                        [
                            600,
                            770
                        ],
                        [
                            620,
                            750
                        ]
                    ],
                    true
                ],
                [
                    119,
                    120,
                    [
                        [
                            580,
                            790
                        ],
                        [
                            600,
                            770
                        ]
                    ],
                    true
                ],
                [
                    120,
                    121,
                    [
                        [
                            560,
                            810
                        ],
                        [
                            580,
                            790
                        ]
                    ],
                    true
                ],
                [
                    121,
                    122,
                    [
                        [
                            540,
                            830
                        ],
                        [
                            560,
                            810
                        ]
                    ],
                    true
                ],
                [
                    122,
                    123,
                    [
                        [
                            520,
                            850
                        ],
                        [
                            540,
                            830
                        ]
                    ],
                    true
                ],
                [
                    123,
                    124,
                    [
                        [
                            500,
                            870
                        ],
                        [
                            520,
                            850
                        ]
                    ],
                    true
                ],
                [
                    124,
                    125,
                    [
                        [
                            480,
                            890
                        ],
                        [
                            500,
                            870
                        ]
                    ],
                    true
                ],
                [
                    125,
                    126,
                    [
                        [
                            460,
                            910
                        ],
                        [
                            480,
                            890
                        ]
                    ],
                    true
                ],
                [
                    126,
                    127,
                    [
                        [
                            440,
                            930
                        ],
                        [
                            460,
                            910
                        ]
                    ],
                    true
                ],
                [
                    127,
                    128,
                    [
                        [
                            420,
                            950
                        ],
                        [
                            440,
                            930
                        ]
                    ],
                    true
                ],
                [
                    128,
                    129,
                    [
                        [
                            400,
                            970
                        ],
                        [
                            420,
                            950
                        ]
                    ],
                    true
                ],
                [
                    129,
                    130,
                    [
                        [
                            380,
                            990
                        ],
                        [
                            400,
                            970
                        ]
                    ],
                    true
                ],
                [
                    130,
                    131,
                    [
                        [
                            360,
                            1010
                        ],
                        [
                            380,
                            990
                        ]
                    ],
                    true
                ],
                [
                    131,
                    132,
                    [
                        [
                            340,
                            1030
                        ],
                        [
                            360,
                            1010
                        ]
                    ],
                    true
                ],
                [
                    132,
                    133,
                    [
                        [
                            320,
                            1050
                        ],
                        [
                            340,
                            1030
                        ]
                    ],
                    true
                ],
                [
                    133,
                    134,
                    [
                        [
                            300,
                            1070
                        ],
                        [
                            320,
                            1050
                        ]
                    ],
                    true
                ],
                [
                    134,
                    135,
                    [
                        [
                            280,
                            1090
                        ],
                        [
                            300,
                            1070
                        ]
                    ],
                    true
                ],
                [
                    135,
                    136,
                    [
                        [
                            260,
                            1110
                        ],
                        [
                            280,
                            1090
                        ]
                    ],
                    true
                ],
                [
                    136,
                    137,
                    [
                        [
                            240,
                            1130
                        ],
                        [
                            260,
                            1110
                        ]
                    ],
                    true
                ],
                [
                    137,
                    138,
                    [
                        [
                            220,
                            1150
                        ],
                        [
                            240,
                            1130
                        ]
                    ],
                    true
                ],
                [
                    138,
                    139,
                    [
                        [
                            200,
                            1170
                        ],
                        [
                            220,
                            1150
                        ]
                    ],
                    true
                ],
                [
                    139,
                    140,
                    [
                        [
                            180,
                            1190
                        ],
                        [
                            200,
                            1170
                        ]
                    ],
                    true
                ],
                [
                    140,
                    141,
                    [
                        [
                            160,
                            1210
                        ],
                        [
                            180,
                            1190
                        ]
                    ],
                    true
                ],
                [
                    141,
                    142,
                    [
                        [
                            140,
                            1230
                        ],
                        [
                            160,
                            1210
                        ]
                    ],
                    true
                ],
                [
                    142,
                    143,
                    [
                        [
                            120,
                            1250
                        ],
                        [
                            140,
                            1230
                        ]
                    ],
                    true
                ],
                [
                    143,
                    144,
                    [
                        [
                            100,
                            1270
                        ],
                        [
                            120,
                            1250
                        ]
                    ],
                    true
                ],
                [
                    144,
                    145,
                    [
                        [
                            80,
                            1290
                        ],
                        [
                            100,
                            1270
                        ]
                    ],
                    true
                ],
                [
                    145,
                    146,
                    [
                        [
                            60,
                            1310
                        ],
                        [
                            80,
                            1290
                        ]
                    ],
                    true
                ]
            ],
            "stations": [
                {
                    "coord": [
                        1320,
                        50
                    ],
                    "is_working": true,
                    "name": "Минск-Пассажирский",
                    "rect": [
                        1330,
                        46,
                        100,
                        15
                    ],
                    "text_id": 38,
                    "uid": 83
                },
                {
                    "coord": [
                        1300,
                        70
                    ],
                    "is_working": true,
                    "name": "Институт Культуры",
                    "rect": [
                        1312,
                        66,
                        100,
                        15
                    ],
                    "text_id": 4,
                    "uid": 84
                },
                {
                    "coord": [
                        1280,
                        90
                    ],
                    "is_working": true,
                    "name": "Минск-Сортировочный",
                    "rect": [
                        1292,
                        86,
                        100,
                        15
                    ],
                    "text_id": 86,
                    "uid": 85
                },
                {
                    "coord": [
                        1260,
                        110
                    ],
                    "is_working": true,
                    "name": "Столичный",
                    "rect": [
                        1272,
                        106,
                        100,
                        15
                    ],
                    "text_id": 87,
                    "uid": 86
                },
                {
                    "coord": [
                        1240,
                        130
                    ],
                    "is_working": true,
                    "name": "Курасовщина",
                    "rect": [
                        1252,
                        126,
                        100,
                        15
                    ],
                    "text_id": 88,
                    "uid": 87
                },
                {
                    "coord": [
                        1220,
                        150
                    ],
                    "is_working": true,
                    "name": "Роща",
                    "rect": [
                        1232,
                        146,
                        100,
                        15
                    ],
                    "text_id": 89,
                    "uid": 88
                },
                {
                    "coord": [
                        1200,
                        170
                    ],
                    "is_working": true,
                    "name": "Помыслище",
                    "rect": [
                        1212,
                        166,
                        100,
                        15
                    ],
                    "text_id": 90,
                    "uid": 89
                },
                {
                    "coord": [
                        1180,
                        190
                    ],
                    "is_working": true,
                    "name": "Птичь",
                    "rect": [
                        1192,
                        186,
                        100,
                        15
                    ],
                    "text_id": 91,
                    "uid": 90
                },
                {
                    "coord": [
                        1160,
                        210
                    ],
                    "is_working": true,
                    "name": "Волчковичи",
                    "rect": [
                        1172,
                        206,
                        100,
                        15
                    ],
                    "text_id": 92,
                    "uid": 91
                },
                {
                    "coord": [
                        1140,
                        230
                    ],
                    "is_working": true,
                    "name": "Фаниполь",
                    "rect": [
                        1152,
                        226,
                        100,
                        15
                    ],
                    "text_id": 93,
                    "uid": 92
                },
                {
                    "coord": [
                        1120,
                        250
                    ],
                    "is_working": true,
                    "name": "Бережа",
                    "rect": [
                        1132,
                        246,
                        100,
                        15
                    ],
                    "text_id": 94,
                    "uid": 93
                },
                {
                    "coord": [
                        1100,
                        270
                    ],
                    "is_working": true,
                    "name": "Пятигорье",
                    "rect": [
                        1112,
                        266,
                        100,
                        15
                    ],
                    "text_id": 95,
                    "uid": 94
                },
                {
                    "coord": [
                        1080,
                        290
                    ],
                    "is_working": true,
                    "name": "Станьково",
                    "rect": [
                        1092,
                        286,
                        100,
                        15
                    ],
                    "text_id": 96,
                    "uid": 95
                },
                {
                    "coord": [
                        1060,
                        310
                    ],
                    "is_working": true,
                    "name": "Койданово",
                    "rect": [
                        1072,
                        306,
                        100,
                        15
                    ],
                    "text_id": 97,
                    "uid": 96
                },
                {
                    "coord": [
                        1040,
                        330
                    ],
                    "is_working": true,
                    "name": "Дзержинск",
                    "rect": [
                        1052,
                        326,
                        100,
                        15
                    ],
                    "text_id": 98,
                    "uid": 97
                },
                {
                    "coord": [
                        1020,
                        350
                    ],
                    "is_working": true,
                    "name": "Клыповщина",
                    "rect": [
                        1032,
                        346,
                        100,
                        15
                    ],
                    "text_id": 99,
                    "uid": 98
                },
                {
                    "coord": [
                        1000,
                        370
                    ],
                    "is_working": true,
                    "name": "Негорелое",
                    "rect": [
                        1012,
                        366,
                        100,
                        15
                    ],
                    "text_id": 100,
                    "uid": 99
                },
                {
                    "coord": [
                        980,
                        390
                    ],
                    "is_working": true,
                    "name": "Энергетик",
                    "rect": [
                        992,
                        386,
                        100,
                        15
                    ],
                    "text_id": 101,
                    "uid": 100
                },
                {
                    "coord": [
                        960,
                        410
                    ],
                    "is_working": true,
                    "name": "Асино",
                    "rect": [
                        972,
                        406,
                        100,
                        15
                    ],
                    "text_id": 102,
                    "uid": 101
                },
                {
                    "coord": [
                        940,
                        430
                    ],
                    "is_working": true,
                    "name": "Мезиновка",
                    "rect": [
                        952,
                        426,
                        100,
                        15
                    ],
                    "text_id": 103,
                    "uid": 102
                },
                {
                    "coord": [
                        920,
                        450
                    ],
                    "is_working": true,
                    "name": "Колосово",
                    "rect": [
                        932,
                        446,
                        100,
                        15
                    ],
                    "text_id": 104,
                    "uid": 103
                },
                {
                    "coord": [
                        900,
                        470
                    ],
                    "is_working": true,
                    "name": "Отцеда",
                    "rect": [
                        912,
                        466,
                        100,
                        15
                    ],
                    "text_id": 105,
                    "uid": 104
                },
                {
                    "coord": [
                        880,
                        490
                    ],
                    "is_working": true,
                    "name": "Кучкуны",
                    "rect": [
                        892,
                        486,
                        100,
                        15
                    ],
                    "text_id": 106,
                    "uid": 105
                },
                {
                    "coord": [
                        860,
                        510
                    ],
                    "is_working": true,
                    "name": "Тёмные Ляды",
                    "rect": [
                        872,
                        506,
                        100,
                        15
                    ],
                    "text_id": 107,
                    "uid": 106
                },
                {
                    "coord": [
                        840,
                        530
                    ],
                    "is_working": true,
                    "name": "Столбцы",
                    "rect": [
                        852,
                        526,
                        100,
                        15
                    ],
                    "text_id": 108,
                    "uid": 107
                },
                {
                    "coord": [
                        820,
                        550
                    ],
                    "is_working": true,
                    "name": "Синяво",
                    "rect": [
                        832,
                        546,
                        100,
                        15
                    ],
                    "text_id": 109,
                    "uid": 108
                },
                {
                    "coord": [
                        800,
                        570
                    ],
                    "is_working": true,
                    "name": "Осиповщина",
                    "rect": [
                        812,
                        566,
                        100,
                        15
                    ],
                    "text_id": 110,
                    "uid": 109
                },
                {
                    "coord": [
                        780,
                        590
                    ],
                    "is_working": true,
                    "name": "Воротище",
                    "rect": [
                        792,
                        586,
                        100,
                        15
                    ],
                    "text_id": 111,
                    "uid": 110
                },
                {
                    "coord": [
                        760,
                        610
                    ],
                    "is_working": true,
                    "name": "Городея",
                    "rect": [
                        772,
                        606,
                        100,
                        15
                    ],
                    "text_id": 112,
                    "uid": 111
                },
                {
                    "coord": [
                        740,
                        630
                    ],
                    "is_working": true,
                    "name": "Липа",
                    "rect": [
                        752,
                        626,
                        100,
                        15
                    ],
                    "text_id": 113,
                    "uid": 112
                },
                {
                    "coord": [
                        720,
                        650
                    ],
                    "is_working": true,
                    "name": "Хвоево",
                    "rect": [
                        732,
                        646,
                        100,
                        15
                    ],
                    "text_id": 114,
                    "uid": 113
                },
                {
                    "coord": [
                        700,
                        670
                    ],
                    "is_working": true,
                    "name": "Погорельцы",
                    "rect": [
                        712,
                        666,
                        100,
                        15
                    ],
                    "text_id": 115,
                    "uid": 114
                },
                {
                    "coord": [
                        680,
                        690
                    ],
                    "is_working": true,
                    "name": "Юшкевичи",
                    "rect": [
                        692,
                        686,
                        100,
                        15
                    ],
                    "text_id": 116,
                    "uid": 115
                },
                {
                    "coord": [
                        660,
                        710
                    ],
                    "is_working": true,
                    "name": "Победа",
                    "rect": [
                        672,
                        706,
                        100,
                        15
                    ],
                    "text_id": 117,
                    "uid": 116
                },
                {
                    "coord": [
                        640,
                        730
                    ],
                    "is_working": true,
                    "name": "Крошино",
                    "rect": [
                        652,
                        726,
                        100,
                        15
                    ],
                    "text_id": 118,
                    "uid": 117
                },
                {
                    "coord": [
                        620,
                        750
                    ],
                    "is_working": true,
                    "name": "Барановичи-Центральные",
                    "rect": [
                        632,
                        746,
                        100,
                        15
                    ],
                    "text_id": 119,
                    "uid": 118
                },
                {
                    "coord": [
                        600,
                        770
                    ],
                    "is_working": true,
                    "name": "Локомотивное депо",
                    "rect": [
                        612,
                        766,
                        100,
                        15
                    ],
                    "text_id": 120,
                    "uid": 119
                },
                {
                    "coord": [
                        580,
                        790
                    ],
                    "is_working": true,
                    "name": "Грицевец",
                    "rect": [
                        592,
                        786,
                        100,
                        15
                    ],
                    "text_id": 121,
                    "uid": 120
                },
                {
                    "coord": [
                        560,
                        810
                    ],
                    "is_working": true,
                    "name": "Лесная",
                    "rect": [
                        572,
                        806,
                        100,
                        15
                    ],
                    "text_id": 122,
                    "uid": 121
                },
                {
                    "coord": [
                        540,
                        830
                    ],
                    "is_working": true,
                    "name": "Бытень",
                    "rect": [
                        552,
                        826,
                        100,
                        15
                    ],
                    "text_id": 123,
                    "uid": 122
                },
                {
                    "coord": [
                        520,
                        850
                    ],
                    "is_working": true,
                    "name": "Доманово",
                    "rect": [
                        532,
                        846,
                        100,
                        15
                    ],
                    "text_id": 124,
                    "uid": 123
                },
                {
                    "coord": [
                        500,
                        870
                    ],
                    "is_working": true,
                    "name": "Борки",
                    "rect": [
                        512,
                        866,
                        100,
                        15
                    ],
                    "text_id": 125,
                    "uid": 124
                },
                {
                    "coord": [
                        480,
                        890
                    ],
                    "is_working": true,
                    "name": "Ивацевичи",
                    "rect": [
                        492,
                        886,
                        100,
                        15
                    ],
                    "text_id": 126,
                    "uid": 125
                },
                {
                    "coord": [
                        460,
                        910
                    ],
                    "is_working": true,
                    "name": "Коссово-Полесское",
                    "rect": [
                        472,
                        906,
                        100,
                        15
                    ],
                    "text_id": 127,
                    "uid": 126
                },
                {
                    "coord": [
                        440,
                        930
                    ],
                    "is_working": true,
                    "name": "Бронная Гора",
                    "rect": [
                        452,
                        926,
                        100,
                        15
                    ],
                    "text_id": 128,
                    "uid": 127
                },
                {
                    "coord": [
                        420,
                        950
                    ],
                    "is_working": true,
                    "name": "Берёза-город",
                    "rect": [
                        432,
                        946,
                        100,
                        15
                    ],
                    "text_id": 129,
                    "uid": 128
                },
                {
                    "coord": [
                        400,
                        970
                    ],
                    "is_working": true,
                    "name": "Берёза-Картузская",
                    "rect": [
                        412,
                        966,
                        100,
                        15
                    ],
                    "text_id": 130,
                    "uid": 129
                },
                {
                    "coord": [
                        380,
                        990
                    ],
                    "is_working": true,
                    "name": "Кабаки",
                    "rect": [
                        392,
                        986,
                        100,
                        15
                    ],
                    "text_id": 131,
                    "uid": 130
                },
                {
                    "coord": [
                        360,
                        1010
                    ],
                    "is_working": true,
                    "name": "Павловичи",
                    "rect": [
                        372,
                        1006,
                        100,
                        15
                    ],
                    "text_id": 132,
                    "uid": 131
                },
                {
                    "coord": [
                        340,
                        1030
                    ],
                    "is_working": true,
                    "name": "Ткачи",
                    "rect": [
                        352,
                        1026,
                        100,
                        15
                    ],
                    "text_id": 133,
                    "uid": 132
                },
                {
                    "coord": [
                        320,
                        1050
                    ],
                    "is_working": true,
                    "name": "Оранчицы",
                    "rect": [
                        332,
                        1046,
                        100,
                        15
                    ],
                    "text_id": 134,
                    "uid": 133
                },
                {
                    "coord": [
                        300,
                        1070
                    ],
                    "is_working": true,
                    "name": "Прилутчина",
                    "rect": [
                        312,
                        1066,
                        100,
                        15
                    ],
                    "text_id": 135,
                    "uid": 134
                },
                {
                    "coord": [
                        280,
                        1090
                    ],
                    "is_working": true,
                    "name": "Лясы",
                    "rect": [
                        292,
                        1086,
                        100,
                        15
                    ],
                    "text_id": 136,
                    "uid": 135
                },
                {
                    "coord": [
                        260,
                        1110
                    ],
                    "is_working": true,
                    "name": "Тевли",
                    "rect": [
                        272,
                        1106,
                        100,
                        15
                    ],
                    "text_id": 137,
                    "uid": 136
                },
                {
                    "coord": [
                        240,
                        1130
                    ],
                    "is_working": true,
                    "name": "Столпы",
                    "rect": [
                        252,
                        1126,
                        100,
                        15
                    ],
                    "text_id": 138,
                    "uid": 137
                },
                {
                    "coord": [
                        220,
                        1150
                    ],
                    "is_working": true,
                    "name": "Яковчицы",
                    "rect": [
                        232,
                        1146,
                        100,
                        15
                    ],
                    "text_id": 139,
                    "uid": 138
                },
                {
                    "coord": [
                        200,
                        1170
                    ],
                    "is_working": true,
                    "name": "Матвеечи",
                    "rect": [
                        212,
                        1166,
                        100,
                        15
                    ],
                    "text_id": 140,
                    "uid": 139
                },
                {
                    "coord": [
                        180,
                        1190
                    ],
                    "is_working": true,
                    "name": "Жабинка",
                    "rect": [
                        192,
                        1186,
                        100,
                        15
                    ],
                    "text_id": 141,
                    "uid": 140
                },
                {
                    "coord": [
                        160,
                        1210
                    ],
                    "is_working": true,
                    "name": "Сахарный Завод",
                    "rect": [
                        172,
                        1206,
                        100,
                        15
                    ],
                    "text_id": 142,
                    "uid": 141
                },
                {
                    "coord": [
                        140,
                        1230
                    ],
                    "is_working": true,
                    "name": "Нагораны",
                    "rect": [
                        152,
                        1226,
                        100,
                        15
                    ],
                    "text_id": 143,
                    "uid": 142
                },
                {
                    "coord": [
                        120,
                        1250
                    ],
                    "is_working": true,
                    "name": "Харитоны",
                    "rect": [
                        132,
                        1246,
                        100,
                        15
                    ],
                    "text_id": 144,
                    "uid": 143
                },
                {
                    "coord": [
                        100,
                        1270
                    ],
                    "is_working": true,
                    "name": "Кошелево",
                    "rect": [
                        112,
                        1266,
                        100,
                        15
                    ],
                    "text_id": 145,
                    "uid": 144
                },
                {
                    "coord": [
                        80,
                        1290
                    ],
                    "is_working": true,
                    "name": "Брест-Восточный",
                    "rect": [
                        92,
                        1286,
                        100,
                        15
                    ],
                    "text_id": 146,
                    "uid": 145
                },
                {
                    "coord": [
                        60,
                        1310
                    ],
                    "is_working": true,
                    "name": "Брест-Центральный",
                    "rect": [
                        72,
                        1306,
                        100,
                        15
                    ],
                    "text_id": 147,
                    "uid": 146
                }
            ],
            "text_id": 148
        },
        {
            "labels_bg_color": "-1",
            "labels_color": "00009F",
            "line_color": "00009F",
            "line_width": 9,
            "name": "Московская",
            "segments": [],
            "stations": [
                {
                    "coord": null,
                    "is_working": true,
                    "name": "Малиновка",
                    "rect": null,
                    "text_id": 0,
                    "uid": 0
                },
                {
                    "coord": null,
                    "is_working": true,
                    "name": "Петровщина",
                    "rect": null,
                    "text_id": 1,
                    "uid": 1
                },
                {
                    "coord": null,
                    "is_working": true,
                    "name": "Михалово",
                    "rect": null,
                    "text_id": 2,
                    "uid": 2
                },
                {
                    "coord": null,
                    "is_working": true,
                    "name": "Грушевка",
                    "rect": null,
                    "text_id": 3,
                    "uid": 3
                },
                {
                    "coord": [
                        1289,
                        58
                    ],
                    "is_working": true,
                    "name": "Институт Культуры",
                    "rect": [
                        1170,
                        53,
                        108,
                        15
                    ],
                    "text_id": 4,
                    "uid": 4
                },
                {
                    "coord": [
                        1318,
                        34
                    ],
                    "is_working": true,
                    "name": "Площадь Ленина",
                    "rect": [
                        1203,
                        26,
                        108,
                        15
                    ],
                    "text_id": 5,
                    "uid": 5
                },
                {
                    "coord": null,
                    "is_working": true,
                    "name": "Октябрьская",
                    "rect": null,
                    "text_id": 6,
                    "uid": 6
                },
                {
                    "coord": null,
                    "is_working": true,
                    "name": "Площадь Победы",
                    "rect": null,
                    "text_id": 7,
                    "uid": 7
                },
                {
                    "coord": null,
                    "is_working": true,
                    "name": "Площадь Якуба Коласа",
                    "rect": null,
                    "text_id": 8,
                    "uid": 8
                },
                {
                    "coord": null,
                    "is_working": true,
                    "name": "Академия наук",
                    "rect": null,
                    "text_id": 9,
                    "uid": 9
                },
                {
                    "coord": null,
                    "is_working": true,
                    "name": "Парк Челюскинцев",
                    "rect": null,
                    "text_id": 10,
                    "uid": 10
                },
                {
                    "coord": null,
                    "is_working": true,
                    "name": "Московская",
                    "rect": null,
                    "text_id": 11,
                    "uid": 11
                },
                {
                    "coord": null,
                    "is_working": true,
                    "name": "Восток",
                    "rect": null,
                    "text_id": 12,
                    "uid": 12
                },
                {
                    "coord": null,
                    "is_working": true,
                    "name": "Борисовский тракт",
                    "rect": null,
                    "text_id": 13,
                    "uid": 13
                },
                {
                    "coord": null,
                    "is_working": true,
                    "name": "Уручье",
                    "rect": null,
                    "text_id": 14,
                    "uid": 14
                }
            ],
            "text_id": 11
        }
    ],
    "lines_width": 9,
    "name": "brest",
    "name_text_id": 148,
    "stations_diameter": 16.0,
    "transfers": [],
    "transports": [
        "metro",
        "train",
        "tram",
        "childtrain"
    ],
    "type_name": "Электричка",
    "type_text_id": 270,
    "upper_case": true,
    "width": 1470,
    "word_wrap": false
}