{
    "default_transports": [
        "train"
    ],
    "height": 1030,
    "images": [
        "res/schemes/osipovichi.svg"
    ],
    "is_vector": true,
    "lines": [
        {
            "labels_bg_color": "-1",
            "labels_color": "00873A",
            "line_color": "00873A",
            "line_width": 9,
            "name": "Осиповичское направление",
            "segments": [
                [
                    174,
                    175,
                    [
                        [
                            50,
                            100
                        ],
                        [
                            50,
                            70
                        ]
                    ],
                    true
                ],
                [
                    175,
                    176,
                    [
                        [
                            50,
                            130
                        ],
                        [
                            50,
                            100
                        ]
                    ],
                    true
                ],
                [
                    176,
                    177,
                    [
                        [
                            80,
                            160
                        ],
                        [
                            50,
                            130
                        ]
                    ],
                    true
                ],
                [
                    177,
                    178,
                    [
                        [
                            110,
                            190
                        ],
                        [
                            80,
                            160
                        ]
                    ],
                    true
                ],
                [
                    178,
                    179,
                    [
                        [
                            140,
                            220
                        ],
                        [
                            110,
                            190
                        ]
                    ],
                    true
                ],
                [
                    179,
                    180,
                    [
                        [
                            170,
                            250
                        ],
                        [
                            140,
                            220
                        ]
                    ],
                    true
                ],
                [
                    180,
                    181,
                    [
                        [
                            200,
                            280
                        ],
                        [
                            170,
                            250
                        ]
                    ],
                    true
                ],
                [
                    181,
                    182,
                    [
                        [
                            230,
                            310
                        ],
                        [
                            200,
                            280
                        ]
                    ],
                    true
                ],
                [
                    182,
                    183,
                    [
                        [
                            260,
                            340
                        ],
                        [
                            230,
                            310
                        ]
                    ],
                    true
                ],
                [
                    183,
                    184,
                    [
                        [
                            290,
                            370
                        ],
                        [
                            260,
                            340
                        ]
                    ],
                    true
                ],
                [
                    184,
                    185,
                    [
                        [
                            320,
                            400
                        ],
                        [
                            290,
                            370
                        ]
                    ],
                    true
                ],
                [
                    185,
                    186,
                    [
                        [
                            350,
                            430
                        ],
                        [
                            320,
                            400
                        ]
                    ],
                    true
                ],
                [
                    186,
                    187,
                    [
                        [
                            380,
                            460
                        ],
                        [
                            350,
                            430
                        ]
                    ],
                    true
                ],
                [
                    187,
                    188,
                    [
                        [
                            410,
                            490
                        ],
                        [
                            380,
                            460
                        ]
                    ],
                    true
                ],
                [
                    188,
                    189,
                    [
                        [
                            440,
                            520
                        ],
                        [
                            410,
                            490
                        ]
                    ],
                    true
                ],
                [
                    189,
                    190,
                    [
                        [
                            470,
                            550
                        ],
                        [
                            440,
                            520
                        ]
                    ],
                    true
                ],
                [
                    190,
                    191,
                    [
                        [
                            500,
                            580
                        ],
                        [
                            470,
                            550
                        ]
                    ],
                    true
                ],
                [
                    191,
                    192,
                    [
                        [
                            530,
                            610
                        ],
                        [
                            500,
                            580
                        ]
                    ],
                    true
                ],
                [
                    192,
                    193,
                    [
                        [
                            560,
                            640
                        ],
                        [
                            530,
                            610
                        ]
                    ],
                    true
                ],
                [
                    193,
                    194,
                    [
                        [
                            590,
                            670
                        ],
                        [
                            560,
                            640
                        ]
                    ],
                    true
                ],
                [
                    194,
                    195,
                    [
                        [
                            620,
                            700
                        ],
                        [
                            590,
                            670
                        ]
                    ],
                    true
                ],
                [
                    195,
                    196,
                    [
                        [
                            650,
                            730
                        ],
                        [
                            620,
                            700
                        ]
                    ],
                    true
                ],
                [
                    196,
                    197,
                    [
                        [
                            680,
                            760
                        ],
                        [
                            650,
                            730
                        ]
                    ],
                    true
                ],
                [
                    197,
                    198,
                    [
                        [
                            710,
                            790
                        ],
                        [
                            680,
                            760
                        ]
                    ],
                    true
                ],
                [
                    198,
                    199,
                    [
                        [
                            740,
                            820
                        ],
                        [
                            710,
                            790
                        ]
                    ],
                    true
                ],
                [
                    199,
                    200,
                    [
                        [
                            770,
                            850
                        ],
                        [
                            740,
                            820
                        ]
                    ],
                    true
                ],
                [
                    200,
                    201,
                    [
                        [
                            800,
                            880
                        ],
                        [
                            770,
                            850
                        ]
                    ],
                    true
                ]
            ],
            "stations": [
                {
                    "coord": [
                        50,
                        70
                    ],
                    "is_working": true,
                    "name": "Минск-Пассажирский",
                    "rect": [
                        61,
                        63,
                        100,
                        15
                    ],
                    "text_id": 38,
                    "uid": 174
                },
                {
                    "coord": [
                        50,
                        100
                    ],
                    "is_working": true,
                    "name": "Минск-Южный",
                    "rect": [
                        61,
                        93,
                        100,
                        15
                    ],
                    "text_id": 176,
                    "uid": 175
                },
                {
                    "coord": [
                        50,
                        130
                    ],
                    "is_working": true,
                    "name": "Лошица",
                    "rect": [
                        61,
                        118,
                        100,
                        15
                    ],
                    "text_id": 177,
                    "uid": 176
                },
                {
                    "coord": [
                        80,
                        160
                    ],
                    "is_working": true,
                    "name": "Железнодорожный",
                    "rect": [
                        91,
                        148,
                        100,
                        15
                    ],
                    "text_id": 178,
                    "uid": 177
                },
                {
                    "coord": [
                        110,
                        190
                    ],
                    "is_working": true,
                    "name": "Колядичи",
                    "rect": [
                        121,
                        178,
                        100,
                        15
                    ],
                    "text_id": 179,
                    "uid": 178
                },
                {
                    "coord": [
                        140,
                        220
                    ],
                    "is_working": true,
                    "name": "Мачулищи",
                    "rect": [
                        151,
                        208,
                        100,
                        15
                    ],
                    "text_id": 180,
                    "uid": 179
                },
                {
                    "coord": [
                        170,
                        250
                    ],
                    "is_working": true,
                    "name": "Асеевка",
                    "rect": [
                        181,
                        238,
                        100,
                        15
                    ],
                    "text_id": 181,
                    "uid": 180
                },
                {
                    "coord": [
                        200,
                        280
                    ],
                    "is_working": true,
                    "name": "Михановичи",
                    "rect": [
                        211,
                        268,
                        100,
                        15
                    ],
                    "text_id": 182,
                    "uid": 181
                },
                {
                    "coord": [
                        230,
                        310
                    ],
                    "is_working": true,
                    "name": "Седча",
                    "rect": [
                        241,
                        298,
                        100,
                        15
                    ],
                    "text_id": 183,
                    "uid": 182
                },
                {
                    "coord": [
                        260,
                        340
                    ],
                    "is_working": true,
                    "name": "Зазерка",
                    "rect": [
                        271,
                        328,
                        100,
                        15
                    ],
                    "text_id": 184,
                    "uid": 183
                },
                {
                    "coord": [
                        290,
                        370
                    ],
                    "is_working": true,
                    "name": "Рыбцы",
                    "rect": [
                        301,
                        358,
                        100,
                        15
                    ],
                    "text_id": 185,
                    "uid": 184
                },
                {
                    "coord": [
                        320,
                        400
                    ],
                    "is_working": true,
                    "name": "Равнополье",
                    "rect": [
                        331,
                        388,
                        100,
                        15
                    ],
                    "text_id": 186,
                    "uid": 185
                },
                {
                    "coord": [
                        350,
                        430
                    ],
                    "is_working": true,
                    "name": "Руденск",
                    "rect": [
                        361,
                        418,
                        100,
                        15
                    ],
                    "text_id": 187,
                    "uid": 186
                },
                {
                    "coord": [
                        380,
                        460
                    ],
                    "is_working": true,
                    "name": "Новое Село",
                    "rect": [
                        391,
                        448,
                        100,
                        15
                    ],
                    "text_id": 188,
                    "uid": 187
                },
                {
                    "coord": [
                        410,
                        490
                    ],
                    "is_working": true,
                    "name": "Дричин",
                    "rect": [
                        421,
                        478,
                        100,
                        15
                    ],
                    "text_id": 189,
                    "uid": 188
                },
                {
                    "coord": [
                        440,
                        520
                    ],
                    "is_working": true,
                    "name": "Вендеж",
                    "rect": [
                        451,
                        508,
                        100,
                        15
                    ],
                    "text_id": 190,
                    "uid": 189
                },
                {
                    "coord": [
                        470,
                        550
                    ],
                    "is_working": true,
                    "name": "Техникум",
                    "rect": [
                        481,
                        538,
                        100,
                        15
                    ],
                    "text_id": 191,
                    "uid": 190
                },
                {
                    "coord": [
                        500,
                        580
                    ],
                    "is_working": true,
                    "name": "Пуховичи",
                    "rect": [
                        511,
                        568,
                        100,
                        15
                    ],
                    "text_id": 192,
                    "uid": 191
                },
                {
                    "coord": [
                        530,
                        610
                    ],
                    "is_working": true,
                    "name": "Веленский",
                    "rect": [
                        541,
                        598,
                        100,
                        15
                    ],
                    "text_id": 193,
                    "uid": 192
                },
                {
                    "coord": [
                        560,
                        640
                    ],
                    "is_working": true,
                    "name": "Блужа",
                    "rect": [
                        571,
                        628,
                        100,
                        15
                    ],
                    "text_id": 194,
                    "uid": 193
                },
                {
                    "coord": [
                        590,
                        670
                    ],
                    "is_working": true,
                    "name": "Майский",
                    "rect": [
                        601,
                        658,
                        100,
                        15
                    ],
                    "text_id": 195,
                    "uid": 194
                },
                {
                    "coord": [
                        620,
                        700
                    ],
                    "is_working": true,
                    "name": "Веселовский",
                    "rect": [
                        631,
                        688,
                        100,
                        15
                    ],
                    "text_id": 196,
                    "uid": 195
                },
                {
                    "coord": [
                        650,
                        730
                    ],
                    "is_working": true,
                    "name": "Талька",
                    "rect": [
                        661,
                        718,
                        100,
                        15
                    ],
                    "text_id": 197,
                    "uid": 196
                },
                {
                    "coord": [
                        680,
                        760
                    ],
                    "is_working": true,
                    "name": "Верхи",
                    "rect": [
                        691,
                        748,
                        100,
                        15
                    ],
                    "text_id": 198,
                    "uid": 197
                },
                {
                    "coord": [
                        710,
                        790
                    ],
                    "is_working": true,
                    "name": "Верейцы",
                    "rect": [
                        721,
                        778,
                        100,
                        15
                    ],
                    "text_id": 199,
                    "uid": 198
                },
                {
                    "coord": [
                        740,
                        820
                    ],
                    "is_working": true,
                    "name": "Советский",
                    "rect": [
                        751,
                        808,
                        100,
                        15
                    ],
                    "text_id": 200,
                    "uid": 199
                },
                {
                    "coord": [
                        770,
                        850
                    ],
                    "is_working": true,
                    "name": "Юбилейный",
                    "rect": [
                        781,
                        838,
                        100,
                        15
                    ],
                    "text_id": 201,
                    "uid": 200
                },
                {
                    "coord": [
                        800,
                        880
                    ],
                    "is_working": true,
                    "name": "Осиповичи",
                    "rect": [
                        811,
                        868,
                        100,
                        15
                    ],
                    "text_id": 202,
                    "uid": 201
                }
            ],
            "text_id": 203
        },
        {
            "labels_bg_color": "-1",
            "labels_color": "00009F",
            "line_color": "00009F",
            "line_width": 9,
            "name": "Московская",
            "segments": [],
            "stations": [
                {
                    "coord": null,
                    "is_working": true,
                    "name": "Малиновка",
                    "rect": null,
                    "text_id": 0,
                    "uid": 0
                },
                {
                    "coord": null,
                    "is_working": true,
                    "name": "Петровщина",
                    "rect": null,
                    "text_id": 1,
                    "uid": 1
                },
                {
                    "coord": null,
                    "is_working": true,
                    "name": "Михалово",
                    "rect": null,
                    "text_id": 2,
                    "uid": 2
                },
                {
                    "coord": null,
                    "is_working": true,
                    "name": "Грушевка",
                    "rect": null,
                    "text_id": 3,
                    "uid": 3
                },
                {
                    "coord": null,
                    "is_working": true,
                    "name": "Институт Культуры",
                    "rect": null,
                    "text_id": 4,
                    "uid": 4
                },
                {
                    "coord": [
                        50,
                        54
                    ],
                    "is_working": true,
                    "name": "Площадь Ленина",
                    "rect": [
                        60,
                        47,
                        108,
                        15
                    ],
                    "text_id": 5,
                    "uid": 5
                },
                {
                    "coord": null,
                    "is_working": true,
                    "name": "Октябрьская",
                    "rect": null,
                    "text_id": 6,
                    "uid": 6
                },
                {
                    "coord": null,
                    "is_working": true,
                    "name": "Площадь Победы",
                    "rect": null,
                    "text_id": 7,
                    "uid": 7
                },
                {
                    "coord": null,
                    "is_working": true,
                    "name": "Площадь Якуба Коласа",
                    "rect": null,
                    "text_id": 8,
                    "uid": 8
                },
                {
                    "coord": null,
                    "is_working": true,
                    "name": "Академия наук",
                    "rect": null,
                    "text_id": 9,
                    "uid": 9
                },
                {
                    "coord": null,
                    "is_working": true,
                    "name": "Парк Челюскинцев",
                    "rect": null,
                    "text_id": 10,
                    "uid": 10
                },
                {
                    "coord": null,
                    "is_working": true,
                    "name": "Московская",
                    "rect": null,
                    "text_id": 11,
                    "uid": 11
                },
                {
                    "coord": null,
                    "is_working": true,
                    "name": "Восток",
                    "rect": null,
                    "text_id": 12,
                    "uid": 12
                },
                {
                    "coord": null,
                    "is_working": true,
                    "name": "Борисовский тракт",
                    "rect": null,
                    "text_id": 13,
                    "uid": 13
                },
                {
                    "coord": null,
                    "is_working": true,
                    "name": "Уручье",
                    "rect": null,
                    "text_id": 14,
                    "uid": 14
                }
            ],
            "text_id": 11
        }
    ],
    "lines_width": 9,
    "name": "osipovichi",
    "name_text_id": 203,
    "stations_diameter": 16.0,
    "transfers": [],
    "transports": [
        "metro",
        "train",
        "tram",
        "childtrain"
    ],
    "type_name": "Электричка",
    "type_text_id": 270,
    "upper_case": true,
    "width": 950,
    "word_wrap": false
}