{
    "default_transports": [
        "metro",
        "train",
        "childtrain"
    ],
    "height": 898,
    "images": [
        "res/schemes/zd.svg"
    ],
    "is_vector": true,
    "lines": [
        {
            "labels_bg_color": "-1",
            "labels_color": "BFBFE7",
            "line_color": "BFBFE7",
            "line_width": 9,
            "name": "Московская",
            "segments": [
                [
                    0,
                    1,
                    [
                        [
                            228,
                            456
                        ],
                        [
                            163,
                            521
                        ]
                    ],
                    true
                ],
                [
                    1,
                    2,
                    [
                        [
                            280,
                            404
                        ],
                        [
                            228,
                            456
                        ]
                    ],
                    true
                ],
                [
                    2,
                    3,
                    [
                        [
                            325,
                            359
                        ],
                        [
                            280,
                            404
                        ]
                    ],
                    true
                ],
                [
                    3,
                    4,
                    [
                        [
                            414,
                            359
                        ],
                        [
                            325,
                            359
                        ]
                    ],
                    true
                ],
                [
                    4,
                    5,
                    [
                        [
                            455,
                            318
                        ],
                        [
                            414,
                            359
                        ]
                    ],
                    true
                ],
                [
                    5,
                    6,
                    [
                        [
                            500,
                            273
                        ],
                        [
                            455,
                            318
                        ]
                    ],
                    true
                ],
                [
                    6,
                    7,
                    [
                        [
                            529,
                            244
                        ],
                        [
                            500,
                            273
                        ]
                    ],
                    true
                ],
                [
                    7,
                    8,
                    [
                        [
                            569,
                            204
                        ],
                        [
                            529,
                            244
                        ]
                    ],
                    true
                ],
                [
                    8,
                    9,
                    [
                        [
                            612,
                            179
                        ],
                        [
                            569,
                            204
                        ]
                    ],
                    true
                ],
                [
                    9,
                    10,
                    [
                        [
                            657,
                            152
                        ],
                        [
                            612,
                            179
                        ]
                    ],
                    true
                ],
                [
                    10,
                    11,
                    [
                        [
                            704,
                            125
                        ],
                        [
                            657,
                            152
                        ]
                    ],
                    true
                ],
                [
                    11,
                    12,
                    [
                        [
                            749,
                            99
                        ],
                        [
                            704,
                            125
                        ]
                    ],
                    true
                ],
                [
                    12,
                    13,
                    [
                        [
                            795,
                            73
                        ],
                        [
                            749,
                            99
                        ]
                    ],
                    true
                ],
                [
                    13,
                    14,
                    [
                        [
                            841,
                            47
                        ],
                        [
                            795,
                            73
                        ]
                    ],
                    true
                ]
            ],
            "stations": [
                {
                    "coord": [
                        163,
                        521
                    ],
                    "is_working": true,
                    "name": "Малиновка",
                    "rect": [
                        94,
                        513,
                        59,
                        15
                    ],
                    "text_id": 0,
                    "uid": 0
                },
                {
                    "coord": [
                        228,
                        456
                    ],
                    "is_working": true,
                    "name": "Петровщина",
                    "rect": [
                        152,
                        445,
                        66,
                        15
                    ],
                    "text_id": 1,
                    "uid": 1
                },
                {
                    "coord": [
                        280,
                        404
                    ],
                    "is_working": true,
                    "name": "Михалово",
                    "rect": [
                        216,
                        393,
                        54,
                        15
                    ],
                    "text_id": 2,
                    "uid": 2
                },
                {
                    "coord": [
                        325,
                        359
                    ],
                    "is_working": true,
                    "name": "Грушевка",
                    "rect": [
                        262,
                        349,
                        52,
                        15
                    ],
                    "text_id": 3,
                    "uid": 3
                },
                {
                    "coord": [
                        414,
                        359
                    ],
                    "is_working": true,
                    "name": "Институт Культуры",
                    "rect": [
                        365,
                        369,
                        103,
                        15
                    ],
                    "text_id": 4,
                    "uid": 4
                },
                {
                    "coord": [
                        455,
                        318
                    ],
                    "is_working": true,
                    "name": "Площадь Ленина",
                    "rect": [
                        333,
                        304,
                        91,
                        15
                    ],
                    "text_id": 5,
                    "uid": 5
                },
                {
                    "coord": [
                        500,
                        273
                    ],
                    "is_working": true,
                    "name": "Октябрьская",
                    "rect": [
                        514,
                        266,
                        67,
                        15
                    ],
                    "text_id": 6,
                    "uid": 6
                },
                {
                    "coord": [
                        529,
                        244
                    ],
                    "is_working": true,
                    "name": "Площадь Победы",
                    "rect": [
                        539,
                        242,
                        96,
                        15
                    ],
                    "text_id": 7,
                    "uid": 7
                },
                {
                    "coord": [
                        569,
                        204
                    ],
                    "is_working": true,
                    "name": "Площадь Якуба Коласа",
                    "rect": [
                        577,
                        212,
                        125,
                        15
                    ],
                    "text_id": 8,
                    "uid": 8
                },
                {
                    "coord": [
                        612,
                        179
                    ],
                    "is_working": true,
                    "name": "Академия наук",
                    "rect": [
                        521,
                        164,
                        80,
                        15
                    ],
                    "text_id": 9,
                    "uid": 9
                },
                {
                    "coord": [
                        657,
                        152
                    ],
                    "is_working": true,
                    "name": "Парк Челюскинцев",
                    "rect": [
                        546,
                        138,
                        100,
                        15
                    ],
                    "text_id": 10,
                    "uid": 10
                },
                {
                    "coord": [
                        704,
                        125
                    ],
                    "is_working": true,
                    "name": "Московская",
                    "rect": [
                        630,
                        111,
                        63,
                        15
                    ],
                    "text_id": 11,
                    "uid": 11
                },
                {
                    "coord": [
                        749,
                        99
                    ],
                    "is_working": true,
                    "name": "Восток",
                    "rect": [
                        699,
                        84,
                        38,
                        15
                    ],
                    "text_id": 12,
                    "uid": 12
                },
                {
                    "coord": [
                        795,
                        73
                    ],
                    "is_working": true,
                    "name": "Борисовский тракт",
                    "rect": [
                        685,
                        59,
                        99,
                        15
                    ],
                    "text_id": 13,
                    "uid": 13
                },
                {
                    "coord": [
                        841,
                        47
                    ],
                    "is_working": true,
                    "name": "Уручье",
                    "rect": [
                        791,
                        33,
                        38,
                        15
                    ],
                    "text_id": 14,
                    "uid": 14
                }
            ],
            "text_id": 11
        },
        {
            "labels_bg_color": "-1",
            "labels_color": "EFBFD3",
            "line_color": "EFBFD3",
            "line_width": 9,
            "name": "Автозаводская",
            "segments": [
                [
                    15,
                    16,
                    [
                        [
                            705,
                            406
                        ],
                        [
                            752,
                            432
                        ]
                    ],
                    true
                ],
                [
                    16,
                    17,
                    [
                        [
                            660,
                            381
                        ],
                        [
                            705,
                            406
                        ]
                    ],
                    true
                ],
                [
                    17,
                    18,
                    [
                        [
                            634,
                            334
                        ],
                        [
                            660,
                            381
                        ]
                    ],
                    true
                ],
                [
                    18,
                    19,
                    [
                        [
                            580,
                            334
                        ],
                        [
                            634,
                            334
                        ]
                    ],
                    true
                ],
                [
                    19,
                    20,
                    [
                        [
                            538,
                            309
                        ],
                        [
                            580,
                            334
                        ]
                    ],
                    true
                ],
                [
                    20,
                    21,
                    [
                        [
                            500,
                            287
                        ],
                        [
                            538,
                            309
                        ]
                    ],
                    true
                ],
                [
                    21,
                    22,
                    [
                        [
                            446,
                            255
                        ],
                        [
                            500,
                            287
                        ]
                    ],
                    true
                ],
                [
                    22,
                    23,
                    [
                        [
                            402,
                            230
                        ],
                        [
                            446,
                            255
                        ]
                    ],
                    true
                ],
                [
                    23,
                    24,
                    [
                        [
                            354,
                            202
                        ],
                        [
                            402,
                            230
                        ]
                    ],
                    true
                ],
                [
                    24,
                    25,
                    [
                        [
                            301,
                            202
                        ],
                        [
                            354,
                            202
                        ]
                    ],
                    true
                ],
                [
                    25,
                    26,
                    [
                        [
                            248,
                            202
                        ],
                        [
                            301,
                            202
                        ]
                    ],
                    true
                ],
                [
                    26,
                    27,
                    [
                        [
                            195,
                            202
                        ],
                        [
                            248,
                            202
                        ]
                    ],
                    true
                ],
                [
                    27,
                    28,
                    [
                        [
                            142,
                            202
                        ],
                        [
                            195,
                            202
                        ]
                    ],
                    true
                ]
            ],
            "stations": [
                {
                    "coord": [
                        752,
                        432
                    ],
                    "is_working": true,
                    "name": "Могилевская",
                    "rect": [
                        762,
                        423,
                        69,
                        15
                    ],
                    "text_id": 15,
                    "uid": 15
                },
                {
                    "coord": [
                        705,
                        406
                    ],
                    "is_working": true,
                    "name": "Автозаводская",
                    "rect": [
                        717,
                        391,
                        80,
                        15
                    ],
                    "text_id": 16,
                    "uid": 16
                },
                {
                    "coord": [
                        660,
                        381
                    ],
                    "is_working": true,
                    "name": "Партизанская",
                    "rect": [
                        672,
                        366,
                        73,
                        15
                    ],
                    "text_id": 17,
                    "uid": 17
                },
                {
                    "coord": [
                        634,
                        334
                    ],
                    "is_working": true,
                    "name": "Тракторный завод",
                    "rect": [
                        648,
                        324,
                        96,
                        15
                    ],
                    "text_id": 18,
                    "uid": 18
                },
                {
                    "coord": [
                        580,
                        334
                    ],
                    "is_working": true,
                    "name": "Пролетарская",
                    "rect": [
                        548,
                        352,
                        75,
                        15
                    ],
                    "text_id": 19,
                    "uid": 19
                },
                {
                    "coord": [
                        538,
                        309
                    ],
                    "is_working": true,
                    "name": "Первомайская",
                    "rect": [
                        544,
                        286,
                        77,
                        15
                    ],
                    "text_id": 20,
                    "uid": 20
                },
                {
                    "coord": [
                        500,
                        287
                    ],
                    "is_working": true,
                    "name": "Купаловская",
                    "rect": [
                        418,
                        284,
                        68,
                        15
                    ],
                    "text_id": 21,
                    "uid": 21
                },
                {
                    "coord": [
                        446,
                        255
                    ],
                    "is_working": true,
                    "name": "Немига",
                    "rect": [
                        447,
                        225,
                        40,
                        15
                    ],
                    "text_id": 22,
                    "uid": 22
                },
                {
                    "coord": [
                        402,
                        230
                    ],
                    "is_working": true,
                    "name": "Фрунзенская",
                    "rect": [
                        408,
                        203,
                        69,
                        15
                    ],
                    "text_id": 23,
                    "uid": 23
                },
                {
                    "coord": [
                        354,
                        202
                    ],
                    "is_working": true,
                    "name": "Молодежная",
                    "rect": [
                        355,
                        177,
                        68,
                        15
                    ],
                    "text_id": 24,
                    "uid": 24
                },
                {
                    "coord": [
                        301,
                        202
                    ],
                    "is_working": true,
                    "name": "Пушкинская",
                    "rect": [
                        270,
                        211,
                        65,
                        15
                    ],
                    "text_id": 25,
                    "uid": 25
                },
                {
                    "coord": [
                        248,
                        202
                    ],
                    "is_working": true,
                    "name": "Спортивная",
                    "rect": [
                        219,
                        178,
                        63,
                        15
                    ],
                    "text_id": 26,
                    "uid": 26
                },
                {
                    "coord": [
                        195,
                        202
                    ],
                    "is_working": true,
                    "name": "Кунцевщина",
                    "rect": [
                        166,
                        211,
                        65,
                        15
                    ],
                    "text_id": 27,
                    "uid": 27
                },
                {
                    "coord": [
                        142,
                        202
                    ],
                    "is_working": true,
                    "name": "Каменная Горка",
                    "rect": [
                        81,
                        178,
                        84,
                        15
                    ],
                    "text_id": 28,
                    "uid": 28
                }
            ],
            "text_id": 16
        },
        {
            "labels_bg_color": "-1",
            "labels_color": "A0F0A0",
            "line_color": "A0F0A0",
            "line_width": 9,
            "name": "Зеленолужская",
            "segments": [
                [
                    29,
                    30,
                    [
                        [
                            425,
                            269
                        ],
                        [
                            402,
                            246
                        ]
                    ],
                    true
                ],
                [
                    30,
                    31,
                    [
                        [
                            474,
                            318
                        ],
                        [
                            425,
                            269
                        ]
                    ],
                    true
                ],
                [
                    31,
                    32,
                    [
                        [
                            474,
                            404
                        ],
                        [
                            474,
                            318
                        ]
                    ],
                    true
                ],
                [
                    32,
                    33,
                    [
                        [
                            473,
                            446
                        ],
                        [
                            474,
                            404
                        ]
                    ],
                    true
                ],
                [
                    33,
                    34,
                    [
                        [
                            456,
                            542
                        ],
                        [
                            473,
                            446
                        ]
                    ],
                    true
                ],
                [
                    34,
                    35,
                    [
                        [
                            446,
                            597
                        ],
                        [
                            456,
                            542
                        ]
                    ],
                    true
                ]
            ],
            "stations": [
                {
                    "coord": [
                        402,
                        246
                    ],
                    "is_working": true,
                    "name": "Юбилейная площадь",
                    "rect": [
                        278,
                        243,
                        112,
                        15
                    ],
                    "text_id": 29,
                    "uid": 29
                },
                {
                    "coord": [
                        425,
                        269
                    ],
                    "is_working": true,
                    "name": "Площадь Франтишка Богушевича",
                    "rect": [
                        234,
                        264,
                        178,
                        15
                    ],
                    "text_id": 30,
                    "uid": 30
                },
                {
                    "coord": [
                        474,
                        318
                    ],
                    "is_working": true,
                    "name": "Вокзальная",
                    "rect": [
                        486,
                        322,
                        63,
                        15
                    ],
                    "text_id": 31,
                    "uid": 31
                },
                {
                    "coord": [
                        474,
                        404
                    ],
                    "is_working": true,
                    "name": "Ковальская Слобода",
                    "rect": [
                        487,
                        395,
                        111,
                        15
                    ],
                    "text_id": 32,
                    "uid": 32
                },
                {
                    "coord": [
                        473,
                        446
                    ],
                    "is_working": true,
                    "name": "Аэродромная",
                    "rect": [
                        388,
                        437,
                        73,
                        15
                    ],
                    "text_id": 33,
                    "uid": 33
                },
                {
                    "coord": [
                        456,
                        542
                    ],
                    "is_working": true,
                    "name": "Неморшанский сад",
                    "rect": [
                        341,
                        532,
                        102,
                        15
                    ],
                    "text_id": 34,
                    "uid": 34
                },
                {
                    "coord": [
                        446,
                        597
                    ],
                    "is_working": true,
                    "name": "Слуцкий гостинец",
                    "rect": [
                        340,
                        590,
                        94,
                        15
                    ],
                    "text_id": 35,
                    "uid": 35
                }
            ],
            "text_id": 36
        },
        {
            "labels_bg_color": "-1",
            "labels_color": "BF411F",
            "line_color": "BF411F",
            "line_width": 9,
            "name": "Борисовское направление",
            "segments": [
                [
                    39,
                    40,
                    [
                        [
                            562,
                            343
                        ],
                        [
                            454,
                            343
                        ]
                    ],
                    true
                ],
                [
                    40,
                    41,
                    [
                        [
                            654,
                            288
                        ],
                        [
                            562,
                            343
                        ]
                    ],
                    true
                ],
                [
                    41,
                    42,
                    [
                        [
                            746,
                            235
                        ],
                        [
                            654,
                            288
                        ]
                    ],
                    true
                ],
                [
                    42,
                    43,
                    [
                        [
                            837,
                            182
                        ],
                        [
                            746,
                            235
                        ]
                    ],
                    true
                ],
                [
                    43,
                    44,
                    [
                        [
                            930,
                            129
                        ],
                        [
                            837,
                            182
                        ]
                    ],
                    true
                ]
            ],
            "stations": [
                {
                    "coord": [
                        454,
                        343
                    ],
                    "is_working": true,
                    "name": "Минск-Пассажирский",
                    "rect": null,
                    "text_id": 41,
                    "uid": 39
                },
                {
                    "coord": [
                        562,
                        343
                    ],
                    "is_working": true,
                    "name": "Минск-Восточный",
                    "rect": [
                        502,
                        369,
                        95,
                        15
                    ],
                    "text_id": 42,
                    "uid": 40
                },
                {
                    "coord": [
                        654,
                        288
                    ],
                    "is_working": true,
                    "name": "Тракторный",
                    "rect": [
                        662,
                        291,
                        63,
                        15
                    ],
                    "text_id": 43,
                    "uid": 41
                },
                {
                    "coord": [
                        746,
                        235
                    ],
                    "is_working": true,
                    "name": "Товарный двор",
                    "rect": [
                        755,
                        237,
                        87,
                        15
                    ],
                    "text_id": 44,
                    "uid": 42
                },
                {
                    "coord": [
                        837,
                        182
                    ],
                    "is_working": true,
                    "name": "Степянка",
                    "rect": [
                        846,
                        183,
                        50,
                        15
                    ],
                    "text_id": 45,
                    "uid": 43
                },
                {
                    "coord": [
                        930,
                        129
                    ],
                    "is_working": true,
                    "name": "Озерище",
                    "rect": [
                        941,
                        123,
                        48,
                        15
                    ],
                    "text_id": 46,
                    "uid": 44
                },
                {
                    "coord": null,
                    "is_working": true,
                    "name": "Колодищи",
                    "rect": null,
                    "text_id": 47,
                    "uid": 45
                },
                {
                    "coord": null,
                    "is_working": true,
                    "name": "Садовый",
                    "rect": null,
                    "text_id": 48,
                    "uid": 46
                },
                {
                    "coord": null,
                    "is_working": true,
                    "name": "Городище",
                    "rect": null,
                    "text_id": 49,
                    "uid": 47
                },
                {
                    "coord": null,
                    "is_working": true,
                    "name": "Слобода",
                    "rect": null,
                    "text_id": 50,
                    "uid": 48
                },
                {
                    "coord": null,
                    "is_working": true,
                    "name": "Домашаны",
                    "rect": null,
                    "text_id": 51,
                    "uid": 49
                },
                {
                    "coord": null,
                    "is_working": true,
                    "name": "Загорье",
                    "rect": null,
                    "text_id": 52,
                    "uid": 50
                },
                {
                    "coord": null,
                    "is_working": true,
                    "name": "Смолевичи",
                    "rect": null,
                    "text_id": 53,
                    "uid": 51
                },
                {
                    "coord": null,
                    "is_working": true,
                    "name": "Заречное",
                    "rect": null,
                    "text_id": 54,
                    "uid": 52
                },
                {
                    "coord": null,
                    "is_working": true,
                    "name": "Красное Знамя",
                    "rect": null,
                    "text_id": 55,
                    "uid": 53
                },
                {
                    "coord": null,
                    "is_working": true,
                    "name": "Барсуки",
                    "rect": null,
                    "text_id": 56,
                    "uid": 54
                },
                {
                    "coord": null,
                    "is_working": true,
                    "name": "Жодино-Южное",
                    "rect": null,
                    "text_id": 57,
                    "uid": 55
                },
                {
                    "coord": null,
                    "is_working": true,
                    "name": "Жодино",
                    "rect": null,
                    "text_id": 58,
                    "uid": 56
                },
                {
                    "coord": null,
                    "is_working": true,
                    "name": "Пролетарская Победа",
                    "rect": null,
                    "text_id": 59,
                    "uid": 57
                },
                {
                    "coord": null,
                    "is_working": true,
                    "name": "Печинский",
                    "rect": null,
                    "text_id": 60,
                    "uid": 58
                },
                {
                    "coord": null,
                    "is_working": true,
                    "name": "Борисов",
                    "rect": null,
                    "text_id": 61,
                    "uid": 59
                },
                {
                    "coord": null,
                    "is_working": true,
                    "name": "Березина",
                    "rect": null,
                    "text_id": 62,
                    "uid": 60
                },
                {
                    "coord": null,
                    "is_working": true,
                    "name": "Неманица",
                    "rect": null,
                    "text_id": 63,
                    "uid": 61
                },
                {
                    "coord": null,
                    "is_working": true,
                    "name": "Новосады",
                    "rect": null,
                    "text_id": 64,
                    "uid": 62
                },
                {
                    "coord": null,
                    "is_working": true,
                    "name": "Замужанье",
                    "rect": null,
                    "text_id": 65,
                    "uid": 63
                },
                {
                    "coord": null,
                    "is_working": true,
                    "name": "Приямино",
                    "rect": null,
                    "text_id": 66,
                    "uid": 64
                },
                {
                    "coord": null,
                    "is_working": true,
                    "name": "Бережок",
                    "rect": null,
                    "text_id": 67,
                    "uid": 65
                },
                {
                    "coord": null,
                    "is_working": true,
                    "name": "Крупки",
                    "rect": null,
                    "text_id": 68,
                    "uid": 66
                },
                {
                    "coord": null,
                    "is_working": true,
                    "name": "Новая Жизнь",
                    "rect": null,
                    "text_id": 69,
                    "uid": 67
                },
                {
                    "coord": null,
                    "is_working": true,
                    "name": "Бобр",
                    "rect": null,
                    "text_id": 70,
                    "uid": 68
                },
                {
                    "coord": null,
                    "is_working": true,
                    "name": "Красновка",
                    "rect": null,
                    "text_id": 71,
                    "uid": 69
                },
                {
                    "coord": null,
                    "is_working": true,
                    "name": "Славное",
                    "rect": null,
                    "text_id": 72,
                    "uid": 70
                },
                {
                    "coord": null,
                    "is_working": true,
                    "name": "Нарцизово",
                    "rect": null,
                    "text_id": 73,
                    "uid": 71
                },
                {
                    "coord": null,
                    "is_working": true,
                    "name": "Троцилово",
                    "rect": null,
                    "text_id": 74,
                    "uid": 72
                },
                {
                    "coord": null,
                    "is_working": true,
                    "name": "Красная Горка",
                    "rect": null,
                    "text_id": 75,
                    "uid": 73
                },
                {
                    "coord": null,
                    "is_working": true,
                    "name": "Толочин",
                    "rect": null,
                    "text_id": 76,
                    "uid": 74
                },
                {
                    "coord": null,
                    "is_working": true,
                    "name": "Выдерщина",
                    "rect": null,
                    "text_id": 77,
                    "uid": 75
                },
                {
                    "coord": null,
                    "is_working": true,
                    "name": "Перевалочный",
                    "rect": null,
                    "text_id": 78,
                    "uid": 76
                },
                {
                    "coord": null,
                    "is_working": true,
                    "name": "Мартюхово",
                    "rect": null,
                    "text_id": 79,
                    "uid": 77
                },
                {
                    "coord": null,
                    "is_working": true,
                    "name": "Коханово",
                    "rect": null,
                    "text_id": 80,
                    "uid": 78
                },
                {
                    "coord": null,
                    "is_working": true,
                    "name": "Голошевка",
                    "rect": null,
                    "text_id": 81,
                    "uid": 79
                },
                {
                    "coord": null,
                    "is_working": true,
                    "name": "Дятлово",
                    "rect": null,
                    "text_id": 82,
                    "uid": 80
                },
                {
                    "coord": null,
                    "is_working": true,
                    "name": "Солнечный",
                    "rect": null,
                    "text_id": 83,
                    "uid": 81
                },
                {
                    "coord": null,
                    "is_working": true,
                    "name": "Ломачино",
                    "rect": null,
                    "text_id": 84,
                    "uid": 82
                },
                {
                    "coord": null,
                    "is_working": true,
                    "name": "Веровойша",
                    "rect": null,
                    "text_id": 85,
                    "uid": 83
                },
                {
                    "coord": null,
                    "is_working": true,
                    "name": "Хороброво",
                    "rect": null,
                    "text_id": 86,
                    "uid": 84
                },
                {
                    "coord": null,
                    "is_working": true,
                    "name": "Орша-Центральная",
                    "rect": null,
                    "text_id": 87,
                    "uid": 85
                }
            ],
            "text_id": 88
        },
        {
            "labels_bg_color": "-1",
            "labels_color": "990000",
            "line_color": "990000",
            "line_width": 9,
            "name": "Столбцовское направление",
            "segments": [
                [
                    86,
                    87,
                    [
                        [
                            409,
                            390
                        ],
                        [
                            454,
                            343
                        ]
                    ],
                    true
                ],
                [
                    87,
                    88,
                    [
                        [
                            388,
                            426
                        ],
                        [
                            409,
                            390
                        ]
                    ],
                    true
                ],
                [
                    88,
                    89,
                    [
                        [
                            363,
                            469
                        ],
                        [
                            388,
                            426
                        ]
                    ],
                    true
                ],
                [
                    89,
                    90,
                    [
                        [
                            336,
                            516
                        ],
                        [
                            363,
                            469
                        ]
                    ],
                    true
                ],
                [
                    90,
                    91,
                    [
                        [
                            310,
                            562
                        ],
                        [
                            336,
                            516
                        ]
                    ],
                    true
                ]
            ],
            "stations": [
                {
                    "coord": [
                        454,
                        343
                    ],
                    "is_working": true,
                    "name": "Минск-Пассажирский",
                    "rect": null,
                    "text_id": 41,
                    "uid": 86
                },
                {
                    "coord": [
                        409,
                        390
                    ],
                    "is_working": true,
                    "name": "Институт Культуры",
                    "rect": null,
                    "text_id": 4,
                    "uid": 87
                },
                {
                    "coord": [
                        388,
                        426
                    ],
                    "is_working": true,
                    "name": "Минск-Сортировочный",
                    "rect": [
                        253,
                        417,
                        125,
                        15
                    ],
                    "text_id": 89,
                    "uid": 88
                },
                {
                    "coord": [
                        363,
                        469
                    ],
                    "is_working": true,
                    "name": "Столичный",
                    "rect": [
                        289,
                        459,
                        61,
                        15
                    ],
                    "text_id": 90,
                    "uid": 89
                },
                {
                    "coord": [
                        336,
                        516
                    ],
                    "is_working": true,
                    "name": "Курасовщина",
                    "rect": [
                        253,
                        507,
                        71,
                        15
                    ],
                    "text_id": 91,
                    "uid": 90
                },
                {
                    "coord": [
                        310,
                        562
                    ],
                    "is_working": true,
                    "name": "Роща",
                    "rect": [
                        267,
                        553,
                        30,
                        15
                    ],
                    "text_id": 92,
                    "uid": 91
                },
                {
                    "coord": null,
                    "is_working": true,
                    "name": "Помыслище",
                    "rect": null,
                    "text_id": 93,
                    "uid": 92
                },
                {
                    "coord": null,
                    "is_working": true,
                    "name": "Птичь",
                    "rect": null,
                    "text_id": 94,
                    "uid": 93
                },
                {
                    "coord": null,
                    "is_working": true,
                    "name": "Волчковичи",
                    "rect": null,
                    "text_id": 95,
                    "uid": 94
                },
                {
                    "coord": null,
                    "is_working": true,
                    "name": "Фаниполь",
                    "rect": null,
                    "text_id": 96,
                    "uid": 95
                },
                {
                    "coord": null,
                    "is_working": true,
                    "name": "Бережа",
                    "rect": null,
                    "text_id": 97,
                    "uid": 96
                },
                {
                    "coord": null,
                    "is_working": true,
                    "name": "Пятигорье",
                    "rect": null,
                    "text_id": 98,
                    "uid": 97
                },
                {
                    "coord": null,
                    "is_working": true,
                    "name": "Станьково",
                    "rect": null,
                    "text_id": 99,
                    "uid": 98
                },
                {
                    "coord": null,
                    "is_working": true,
                    "name": "Койданово",
                    "rect": null,
                    "text_id": 100,
                    "uid": 99
                },
                {
                    "coord": null,
                    "is_working": true,
                    "name": "Дзержинск",
                    "rect": null,
                    "text_id": 101,
                    "uid": 100
                },
                {
                    "coord": null,
                    "is_working": true,
                    "name": "Клыповщина",
                    "rect": null,
                    "text_id": 102,
                    "uid": 101
                },
                {
                    "coord": null,
                    "is_working": true,
                    "name": "Негорелое",
                    "rect": null,
                    "text_id": 103,
                    "uid": 102
                },
                {
                    "coord": null,
                    "is_working": true,
                    "name": "Энергетик",
                    "rect": null,
                    "text_id": 104,
                    "uid": 103
                },
                {
                    "coord": null,
                    "is_working": true,
                    "name": "Асино",
                    "rect": null,
                    "text_id": 105,
                    "uid": 104
                },
                {
                    "coord": null,
                    "is_working": true,
                    "name": "Мезиновка",
                    "rect": null,
                    "text_id": 106,
                    "uid": 105
                },
                {
                    "coord": null,
                    "is_working": true,
                    "name": "Колосово",
                    "rect": null,
                    "text_id": 107,
                    "uid": 106
                },
                {
                    "coord": null,
                    "is_working": true,
                    "name": "Отцеда",
                    "rect": null,
                    "text_id": 108,
                    "uid": 107
                },
                {
                    "coord": null,
                    "is_working": true,
                    "name": "Кучкуны",
                    "rect": null,
                    "text_id": 109,
                    "uid": 108
                },
                {
                    "coord": null,
                    "is_working": true,
                    "name": "Тёмные Ляды",
                    "rect": null,
                    "text_id": 110,
                    "uid": 109
                },
                {
                    "coord": null,
                    "is_working": true,
                    "name": "Столбцы",
                    "rect": null,
                    "text_id": 111,
                    "uid": 110
                },
                {
                    "coord": null,
                    "is_working": true,
                    "name": "Синяво",
                    "rect": null,
                    "text_id": 112,
                    "uid": 111
                },
                {
                    "coord": null,
                    "is_working": true,
                    "name": "Осиповщина",
                    "rect": null,
                    "text_id": 113,
                    "uid": 112
                },
                {
                    "coord": null,
                    "is_working": true,
                    "name": "Воротище",
                    "rect": null,
                    "text_id": 114,
                    "uid": 113
                },
                {
                    "coord": null,
                    "is_working": true,
                    "name": "Городея",
                    "rect": null,
                    "text_id": 115,
                    "uid": 114
                },
                {
                    "coord": null,
                    "is_working": true,
                    "name": "Липа",
                    "rect": null,
                    "text_id": 116,
                    "uid": 115
                },
                {
                    "coord": null,
                    "is_working": true,
                    "name": "Хвоево",
                    "rect": null,
                    "text_id": 117,
                    "uid": 116
                },
                {
                    "coord": null,
                    "is_working": true,
                    "name": "Погорельцы",
                    "rect": null,
                    "text_id": 118,
                    "uid": 117
                },
                {
                    "coord": null,
                    "is_working": true,
                    "name": "Юшкевичи",
                    "rect": null,
                    "text_id": 119,
                    "uid": 118
                },
                {
                    "coord": null,
                    "is_working": true,
                    "name": "Победа",
                    "rect": null,
                    "text_id": 120,
                    "uid": 119
                },
                {
                    "coord": null,
                    "is_working": true,
                    "name": "Крошино",
                    "rect": null,
                    "text_id": 121,
                    "uid": 120
                },
                {
                    "coord": null,
                    "is_working": true,
                    "name": "Барановичи-Центральные",
                    "rect": null,
                    "text_id": 122,
                    "uid": 121
                },
                {
                    "coord": null,
                    "is_working": true,
                    "name": "Локомотивное депо",
                    "rect": null,
                    "text_id": 123,
                    "uid": 122
                },
                {
                    "coord": null,
                    "is_working": true,
                    "name": "Грицевец",
                    "rect": null,
                    "text_id": 124,
                    "uid": 123
                },
                {
                    "coord": null,
                    "is_working": true,
                    "name": "Лесная",
                    "rect": null,
                    "text_id": 125,
                    "uid": 124
                },
                {
                    "coord": null,
                    "is_working": true,
                    "name": "Бытень",
                    "rect": null,
                    "text_id": 126,
                    "uid": 125
                },
                {
                    "coord": null,
                    "is_working": true,
                    "name": "Доманово",
                    "rect": null,
                    "text_id": 127,
                    "uid": 126
                },
                {
                    "coord": null,
                    "is_working": true,
                    "name": "Борки",
                    "rect": null,
                    "text_id": 128,
                    "uid": 127
                },
                {
                    "coord": null,
                    "is_working": true,
                    "name": "Ивацевичи",
                    "rect": null,
                    "text_id": 129,
                    "uid": 128
                },
                {
                    "coord": null,
                    "is_working": true,
                    "name": "Коссово-Полесское",
                    "rect": null,
                    "text_id": 130,
                    "uid": 129
                },
                {
                    "coord": null,
                    "is_working": true,
                    "name": "Бронная Гора",
                    "rect": null,
                    "text_id": 131,
                    "uid": 130
                },
                {
                    "coord": null,
                    "is_working": true,
                    "name": "Берёза-город",
                    "rect": null,
                    "text_id": 132,
                    "uid": 131
                },
                {
                    "coord": null,
                    "is_working": true,
                    "name": "Берёза-Картузская",
                    "rect": null,
                    "text_id": 133,
                    "uid": 132
                },
                {
                    "coord": null,
                    "is_working": true,
                    "name": "Кабаки",
                    "rect": null,
                    "text_id": 134,
                    "uid": 133
                },
                {
                    "coord": null,
                    "is_working": true,
                    "name": "Павловичи",
                    "rect": null,
                    "text_id": 135,
                    "uid": 134
                },
                {
                    "coord": null,
                    "is_working": true,
                    "name": "Ткачи",
                    "rect": null,
                    "text_id": 136,
                    "uid": 135
                },
                {
                    "coord": null,
                    "is_working": true,
                    "name": "Оранчицы",
                    "rect": null,
                    "text_id": 137,
                    "uid": 136
                },
                {
                    "coord": null,
                    "is_working": true,
                    "name": "Прилутчина",
                    "rect": null,
                    "text_id": 138,
                    "uid": 137
                },
                {
                    "coord": null,
                    "is_working": true,
                    "name": "Лясы",
                    "rect": null,
                    "text_id": 139,
                    "uid": 138
                },
                {
                    "coord": null,
                    "is_working": true,
                    "name": "Тевли",
                    "rect": null,
                    "text_id": 140,
                    "uid": 139
                },
                {
                    "coord": null,
                    "is_working": true,
                    "name": "Столпы",
                    "rect": null,
                    "text_id": 141,
                    "uid": 140
                },
                {
                    "coord": null,
                    "is_working": true,
                    "name": "Яковчицы",
                    "rect": null,
                    "text_id": 142,
                    "uid": 141
                },
                {
                    "coord": null,
                    "is_working": true,
                    "name": "Матвеечи",
                    "rect": null,
                    "text_id": 143,
                    "uid": 142
                },
                {
                    "coord": null,
                    "is_working": true,
                    "name": "Жабинка",
                    "rect": null,
                    "text_id": 144,
                    "uid": 143
                },
                {
                    "coord": null,
                    "is_working": true,
                    "name": "Сахарный Завод",
                    "rect": null,
                    "text_id": 145,
                    "uid": 144
                },
                {
                    "coord": null,
                    "is_working": true,
                    "name": "Нагораны",
                    "rect": null,
                    "text_id": 146,
                    "uid": 145
                },
                {
                    "coord": null,
                    "is_working": true,
                    "name": "Харитоны",
                    "rect": null,
                    "text_id": 147,
                    "uid": 146
                },
                {
                    "coord": null,
                    "is_working": true,
                    "name": "Кошелево",
                    "rect": null,
                    "text_id": 148,
                    "uid": 147
                },
                {
                    "coord": null,
                    "is_working": true,
                    "name": "Брест-Восточный",
                    "rect": null,
                    "text_id": 149,
                    "uid": 148
                },
                {
                    "coord": null,
                    "is_working": true,
                    "name": "Брест-Центральный",
                    "rect": null,
                    "text_id": 150,
                    "uid": 149
                }
            ],
            "text_id": 151
        },
        {
            "labels_bg_color": "-1",
            "labels_color": "EA7B16",
            "line_color": "EA7B16",
            "line_width": 9,
            "name": "Молодечненское направление",
            "segments": [
                [
                    150,
                    151,
                    [
                        [
                            346,
                            229
                        ],
                        [
                            454,
                            343
                        ]
                    ],
                    true
                ],
                [
                    151,
                    152,
                    [
                        [
                            257,
                            119
                        ],
                        [
                            345.0,
                            171.0
                        ],
                        [
                            346,
                            229
                        ]
                    ],
                    true
                ],
                [
                    152,
                    153,
                    [
                        [
                            161,
                            63
                        ],
                        [
                            257,
                            119
                        ]
                    ],
                    true
                ],
                [
                    153,
                    154,
                    [
                        [
                            116,
                            37
                        ],
                        [
                            161,
                            63
                        ]
                    ],
                    true
                ]
            ],
            "stations": [
                {
                    "coord": [
                        454,
                        343
                    ],
                    "is_working": true,
                    "name": "Минск-Пассажирский",
                    "rect": null,
                    "text_id": 41,
                    "uid": 150
                },
                {
                    "coord": [
                        346,
                        229
                    ],
                    "is_working": true,
                    "name": "Минск-Северный",
                    "rect": [
                        245,
                        227,
                        90,
                        15
                    ],
                    "text_id": 152,
                    "uid": 151
                },
                {
                    "coord": [
                        257,
                        119
                    ],
                    "is_working": true,
                    "name": "Масюковщина",
                    "rect": [
                        168,
                        119,
                        76,
                        15
                    ],
                    "text_id": 153,
                    "uid": 152
                },
                {
                    "coord": [
                        161,
                        63
                    ],
                    "is_working": true,
                    "name": "Лебяжий",
                    "rect": [
                        103,
                        64,
                        46,
                        15
                    ],
                    "text_id": 154,
                    "uid": 153
                },
                {
                    "coord": [
                        116,
                        37
                    ],
                    "is_working": true,
                    "name": "Ждановичи",
                    "rect": [
                        46,
                        30,
                        60,
                        15
                    ],
                    "text_id": 155,
                    "uid": 154
                },
                {
                    "coord": null,
                    "is_working": true,
                    "name": "Минское море",
                    "rect": null,
                    "text_id": 156,
                    "uid": 155
                },
                {
                    "coord": null,
                    "is_working": true,
                    "name": "Ратомка",
                    "rect": null,
                    "text_id": 157,
                    "uid": 156
                },
                {
                    "coord": null,
                    "is_working": true,
                    "name": "Крыжовка",
                    "rect": null,
                    "text_id": 158,
                    "uid": 157
                },
                {
                    "coord": null,
                    "is_working": true,
                    "name": "Зелёное",
                    "rect": null,
                    "text_id": 159,
                    "uid": 158
                },
                {
                    "coord": null,
                    "is_working": true,
                    "name": "Беларусь",
                    "rect": null,
                    "text_id": 160,
                    "uid": 159
                },
                {
                    "coord": null,
                    "is_working": true,
                    "name": "Хмелевка",
                    "rect": null,
                    "text_id": 161,
                    "uid": 160
                },
                {
                    "coord": null,
                    "is_working": true,
                    "name": "Анусино",
                    "rect": null,
                    "text_id": 162,
                    "uid": 161
                },
                {
                    "coord": null,
                    "is_working": true,
                    "name": "Радошковичи",
                    "rect": null,
                    "text_id": 163,
                    "uid": 162
                },
                {
                    "coord": null,
                    "is_working": true,
                    "name": "Вязынка",
                    "rect": null,
                    "text_id": 164,
                    "uid": 163
                },
                {
                    "coord": null,
                    "is_working": true,
                    "name": "Пралески",
                    "rect": null,
                    "text_id": 165,
                    "uid": 164
                },
                {
                    "coord": null,
                    "is_working": true,
                    "name": "Дубравы",
                    "rect": null,
                    "text_id": 166,
                    "uid": 165
                },
                {
                    "coord": null,
                    "is_working": true,
                    "name": "Романы",
                    "rect": null,
                    "text_id": 167,
                    "uid": 166
                },
                {
                    "coord": null,
                    "is_working": true,
                    "name": "Олехновичи",
                    "rect": null,
                    "text_id": 168,
                    "uid": 167
                },
                {
                    "coord": null,
                    "is_working": true,
                    "name": "Бояры",
                    "rect": null,
                    "text_id": 169,
                    "uid": 168
                },
                {
                    "coord": null,
                    "is_working": true,
                    "name": "Лоси",
                    "rect": null,
                    "text_id": 170,
                    "uid": 169
                },
                {
                    "coord": null,
                    "is_working": true,
                    "name": "Уша",
                    "rect": null,
                    "text_id": 171,
                    "uid": 170
                },
                {
                    "coord": null,
                    "is_working": true,
                    "name": "Мясота",
                    "rect": null,
                    "text_id": 172,
                    "uid": 171
                },
                {
                    "coord": null,
                    "is_working": true,
                    "name": "Татарщизна",
                    "rect": null,
                    "text_id": 173,
                    "uid": 172
                },
                {
                    "coord": null,
                    "is_working": true,
                    "name": "Криница",
                    "rect": null,
                    "text_id": 174,
                    "uid": 173
                },
                {
                    "coord": null,
                    "is_working": true,
                    "name": "Селивоновка",
                    "rect": null,
                    "text_id": 175,
                    "uid": 174
                },
                {
                    "coord": null,
                    "is_working": true,
                    "name": "Фестивальный",
                    "rect": null,
                    "text_id": 176,
                    "uid": 175
                },
                {
                    "coord": null,
                    "is_working": true,
                    "name": "Молодечно",
                    "rect": null,
                    "text_id": 177,
                    "uid": 176
                }
            ],
            "text_id": 178
        },
        {
            "labels_bg_color": "-1",
            "labels_color": "00873A",
            "line_color": "00873A",
            "line_width": 9,
            "name": "Осиповичское направление",
            "segments": [
                [
                    177,
                    178,
                    [
                        [
                            506,
                            440
                        ],
                        [
                            454,
                            343
                        ]
                    ],
                    true
                ],
                [
                    178,
                    179,
                    [
                        [
                            506,
                            539
                        ],
                        [
                            506,
                            440
                        ]
                    ],
                    true
                ],
                [
                    179,
                    180,
                    [
                        [
                            524,
                            642
                        ],
                        [
                            506,
                            539
                        ]
                    ],
                    true
                ],
                [
                    180,
                    181,
                    [
                        [
                            544,
                            748
                        ],
                        [
                            524,
                            642
                        ]
                    ],
                    true
                ]
            ],
            "stations": [
                {
                    "coord": [
                        454,
                        343
                    ],
                    "is_working": true,
                    "name": "Минск-Пассажирский",
                    "rect": [
                        315,
                        328,
                        111,
                        15
                    ],
                    "text_id": 41,
                    "uid": 177
                },
                {
                    "coord": [
                        506,
                        440
                    ],
                    "is_working": true,
                    "name": "Минск-Южный",
                    "rect": [
                        517,
                        432,
                        76,
                        15
                    ],
                    "text_id": 179,
                    "uid": 178
                },
                {
                    "coord": [
                        506,
                        539
                    ],
                    "is_working": true,
                    "name": "Лошица",
                    "rect": [
                        518,
                        532,
                        42,
                        15
                    ],
                    "text_id": 180,
                    "uid": 179
                },
                {
                    "coord": [
                        524,
                        642
                    ],
                    "is_working": true,
                    "name": "Железнодорожный",
                    "rect": [
                        535,
                        636,
                        100,
                        15
                    ],
                    "text_id": 181,
                    "uid": 180
                },
                {
                    "coord": [
                        544,
                        748
                    ],
                    "is_working": true,
                    "name": "Колядичи",
                    "rect": [
                        555,
                        740,
                        52,
                        15
                    ],
                    "text_id": 182,
                    "uid": 181
                },
                {
                    "coord": null,
                    "is_working": true,
                    "name": "Мачулищи",
                    "rect": null,
                    "text_id": 183,
                    "uid": 182
                },
                {
                    "coord": null,
                    "is_working": true,
                    "name": "Асеевка",
                    "rect": null,
                    "text_id": 184,
                    "uid": 183
                },
                {
                    "coord": null,
                    "is_working": true,
                    "name": "Михановичи",
                    "rect": null,
                    "text_id": 185,
                    "uid": 184
                },
                {
                    "coord": null,
                    "is_working": true,
                    "name": "Седча",
                    "rect": null,
                    "text_id": 186,
                    "uid": 185
                },
                {
                    "coord": null,
                    "is_working": true,
                    "name": "Зазерка",
                    "rect": null,
                    "text_id": 187,
                    "uid": 186
                },
                {
                    "coord": null,
                    "is_working": true,
                    "name": "Рыбцы",
                    "rect": null,
                    "text_id": 188,
                    "uid": 187
                },
                {
                    "coord": null,
                    "is_working": true,
                    "name": "Равнополье",
                    "rect": null,
                    "text_id": 189,
                    "uid": 188
                },
                {
                    "coord": null,
                    "is_working": true,
                    "name": "Руденск",
                    "rect": null,
                    "text_id": 190,
                    "uid": 189
                },
                {
                    "coord": null,
                    "is_working": true,
                    "name": "Новое Село",
                    "rect": null,
                    "text_id": 191,
                    "uid": 190
                },
                {
                    "coord": null,
                    "is_working": true,
                    "name": "Дричин",
                    "rect": null,
                    "text_id": 192,
                    "uid": 191
                },
                {
                    "coord": null,
                    "is_working": true,
                    "name": "Вендеж",
                    "rect": null,
                    "text_id": 193,
                    "uid": 192
                },
                {
                    "coord": null,
                    "is_working": true,
                    "name": "Техникум",
                    "rect": null,
                    "text_id": 194,
                    "uid": 193
                },
                {
                    "coord": null,
                    "is_working": true,
                    "name": "Пуховичи",
                    "rect": null,
                    "text_id": 195,
                    "uid": 194
                },
                {
                    "coord": null,
                    "is_working": true,
                    "name": "Веленский",
                    "rect": null,
                    "text_id": 196,
                    "uid": 195
                },
                {
                    "coord": null,
                    "is_working": true,
                    "name": "Блужа",
                    "rect": null,
                    "text_id": 197,
                    "uid": 196
                },
                {
                    "coord": null,
                    "is_working": true,
                    "name": "Майский",
                    "rect": null,
                    "text_id": 198,
                    "uid": 197
                },
                {
                    "coord": null,
                    "is_working": true,
                    "name": "Веселовский",
                    "rect": null,
                    "text_id": 199,
                    "uid": 198
                },
                {
                    "coord": null,
                    "is_working": true,
                    "name": "Талька",
                    "rect": null,
                    "text_id": 200,
                    "uid": 199
                },
                {
                    "coord": null,
                    "is_working": true,
                    "name": "Верхи",
                    "rect": null,
                    "text_id": 201,
                    "uid": 200
                },
                {
                    "coord": null,
                    "is_working": true,
                    "name": "Верейцы",
                    "rect": null,
                    "text_id": 202,
                    "uid": 201
                },
                {
                    "coord": null,
                    "is_working": true,
                    "name": "Советский",
                    "rect": null,
                    "text_id": 203,
                    "uid": 202
                },
                {
                    "coord": null,
                    "is_working": true,
                    "name": "Юбилейный",
                    "rect": null,
                    "text_id": 204,
                    "uid": 203
                },
                {
                    "coord": null,
                    "is_working": true,
                    "name": "Осиповичи",
                    "rect": null,
                    "text_id": 205,
                    "uid": 204
                }
            ],
            "text_id": 206
        },
        {
            "labels_bg_color": "-1",
            "labels_color": "0071B9",
            "line_color": "0071B9",
            "line_width": 9,
            "name": "Детская ж/д.",
            "segments": [
                [
                    36,
                    37,
                    [
                        [
                            704,
                            201
                        ],
                        [
                            704,
                            149
                        ]
                    ],
                    true
                ],
                [
                    37,
                    38,
                    [
                        [
                            758,
                            201
                        ],
                        [
                            704,
                            201
                        ]
                    ],
                    true
                ]
            ],
            "stations": [
                {
                    "coord": [
                        704,
                        149
                    ],
                    "is_working": true,
                    "name": "Заслоново",
                    "rect": [
                        715,
                        143,
                        58,
                        15
                    ],
                    "text_id": 37,
                    "uid": 36
                },
                {
                    "coord": [
                        704,
                        201
                    ],
                    "is_working": true,
                    "name": "Пионерская",
                    "rect": [
                        630,
                        194,
                        63,
                        15
                    ],
                    "text_id": 38,
                    "uid": 37
                },
                {
                    "coord": [
                        758,
                        201
                    ],
                    "is_working": true,
                    "name": "Сосновый Бор",
                    "rect": [
                        721,
                        175,
                        78,
                        15
                    ],
                    "text_id": 39,
                    "uid": 38
                }
            ],
            "text_id": 40
        }
    ],
    "lines_width": 9,
    "name": "zd",
    "name_text_id": 277,
    "stations_diameter": 16.0,
    "transfers": [
        [
            6,
            21,
            [
                500,
                273
            ],
            [
                500,
                287
            ]
        ],
        [
            29,
            23,
            [
                402,
                246
            ],
            [
                402,
                230
            ]
        ],
        [
            31,
            5,
            [
                474,
                318
            ],
            [
                455,
                318
            ]
        ]
    ],
    "transports": [
        "metro",
        "train",
        "tram",
        "childtrain"
    ],
    "type_name": "OTHER",
    "type_text_id": 276,
    "upper_case": false,
    "width": 1080,
    "word_wrap": false
}