{
    "lines": [
        {
            "delays": [
                300,
                600
            ],
            "name": "Schwebebahn",
            "scheme": null,
            "segments": [
                [
                    0,
                    1,
                    120
                ],
                [
                    1,
                    0,
                    120
                ],
                [
                    1,
                    2,
                    120
                ],
                [
                    2,
                    1,
                    120
                ],
                [
                    2,
                    3,
                    120
                ],
                [
                    3,
                    2,
                    120
                ],
                [
                    3,
                    4,
                    120
                ],
                [
                    4,
                    3,
                    120
                ],
                [
                    4,
                    5,
                    120
                ],
                [
                    5,
                    4,
                    120
                ],
                [
                    5,
                    6,
                    120
                ],
                [
                    6,
                    5,
                    120
                ],
                [
                    6,
                    7,
                    120
                ],
                [
                    7,
                    6,
                    120
                ],
                [
                    7,
                    8,
                    120
                ],
                [
                    8,
                    7,
                    120
                ],
                [
                    8,
                    9,
                    120
                ],
                [
                    9,
                    8,
                    120
                ],
                [
                    9,
                    10,
                    120
                ],
                [
                    10,
                    9,
                    120
                ],
                [
                    10,
                    11,
                    120
                ],
                [
                    11,
                    10,
                    120
                ],
                [
                    11,
                    12,
                    120
                ],
                [
                    12,
                    11,
                    120
                ],
                [
                    12,
                    13,
                    120
                ],
                [
                    13,
                    12,
                    120
                ],
                [
                    13,
                    14,
                    120
                ],
                [
                    14,
                    13,
                    120
                ],
                [
                    14,
                    15,
                    120
                ],
                [
                    15,
                    14,
                    120
                ],
                [
                    15,
                    16,
                    120
                ],
                [
                    16,
                    15,
                    120
                ],
                [
                    16,
                    17,
                    120
                ],
                [
                    17,
                    16,
                    120
                ],
                [
                    17,
                    18,
                    120
                ],
                [
                    18,
                    17,
                    120
                ],
                [
                    18,
                    19,
                    120
                ],
                [
                    19,
                    18,
                    120
                ]
            ],
            "stations": [
                [
                    0,
                    "Vohwinkel",
                    0
                ],
                [
                    1,
                    "Bruch",
                    1
                ],
                [
                    2,
                    "Hammerstein",
                    2
                ],
                [
                    3,
                    "Sonnborner Strasse",
                    3
                ],
                [
                    4,
                    "Zoo / Stadion",
                    4
                ],
                [
                    5,
                    "Varresbecker Strasse",
                    5
                ],
                [
                    6,
                    "Westende",
                    6
                ],
                [
                    7,
                    "Pestalozzi Strasse",
                    7
                ],
                [
                    8,
                    "Robert-Daum-Platz",
                    8
                ],
                [
                    9,
                    "Ohligsmuhle",
                    9
                ],
                [
                    10,
                    "Hauptbahnhof",
                    10
                ],
                [
                    11,
                    "Kluse",
                    11
                ],
                [
                    12,
                    "Landgericht",
                    12
                ],
                [
                    13,
                    "Volklinger Strasse",
                    13
                ],
                [
                    14,
                    "Loher Brucke",
                    14
                ],
                [
                    15,
                    "Adler Brucke",
                    15
                ],
                [
                    16,
                    "Alter Markt",
                    16
                ],
                [
                    17,
                    "Werther Brucke",
                    17
                ],
                [
                    18,
                    "Wupperfeld",
                    18
                ],
                [
                    19,
                    "Oberbarmen",
                    19
                ]
            ],
            "text_id": 20
        }
    ],
    "name": "metro",
    "transfers": [],
    "type_name": "Фуникулер"
}