{
    "0": "?",
    "1": "Barekamutjun",
    "2": "Marshal Bagramjan",
    "3": "Eritasardakan",
    "4": "Hanrapetutjan Hraparak",
    "5": "Zoravar Andranik",
    "6": "Sasuntsi David",
    "7": "Gortsaranain",
    "8": "Shengavit",
    "9": "Garegin Nzhdehi Hraparak",
    "10": "Charbah",
    "11": "1",
    "12": "Metro",
    "13": "ROOT",
    "14": "Shema ot 29.01.2014g.\nInformatsija o vremeni proezda:\n- zhdem Vashej pomoschi...\nKarta vzjata s sajta http://...htm\nInformatsija - c sajta http://metroworld.ruz.net/others/yerevan_maps.htm.",
    "15": "Imported from http://pmetro.su"
}