{
    "0": "?",
    "1": "Барекамутюн",
    "2": "Маршал Баграмян",
    "3": "Еритасардакан",
    "4": "Ханрапетутян Храпарак",
    "5": "Зоравар Андраник",
    "6": "Сасунци Давид",
    "7": "Горцаранаин",
    "8": "Шенгавит",
    "9": "Гарегин Нждехи Храпарак",
    "10": "Чарбах",
    "11": "1",
    "12": "Метро",
    "13": "ROOT",
    "14": "Схема от 29.01.2014г.\nИнформация о времени проезда:\n- ждем Вашей помощи...\nКарта взята с сайта http://...htm\nИнформация - c сайта http://metroworld.ruz.net/others/yerevan_maps.htm.",
    "15": "Imported from http://pmetro.su"
}