{
    "default_transports": [
        "metro"
    ],
    "height": 509,
    "images": [
        "res/schemes/san-juan.svg"
    ],
    "is_vector": true,
    "lines": [
        {
            "labels_bg_color": "-1",
            "labels_color": "000000",
            "line_color": "30309F",
            "line_width": 7,
            "name": "1",
            "segments": [
                [
                    0,
                    1,
                    [
                        [
                            62.0,
                            316.0
                        ],
                        [
                            57.78,
                            316.97
                        ],
                        [
                            53.88,
                            317.38
                        ],
                        [
                            50.28,
                            317.22
                        ],
                        [
                            47.0,
                            316.5
                        ],
                        [
                            44.03,
                            315.22
                        ],
                        [
                            41.38,
                            313.38
                        ],
                        [
                            39.03,
                            310.97
                        ],
                        [
                            37.0,
                            308.0
                        ],
                        [
                            35.28,
                            304.47
                        ],
                        [
                            33.88,
                            300.38
                        ],
                        [
                            32.78,
                            295.72
                        ],
                        [
                            32.0,
                            290.5
                        ],
                        [
                            31.53,
                            284.72
                        ],
                        [
                            31.38,
                            278.38
                        ],
                        [
                            31.53,
                            271.47
                        ],
                        [
                            32.0,
                            264.0
                        ]
                    ],
                    true
                ],
                [
                    1,
                    2,
                    [
                        [
                            188.0,
                            310.0
                        ],
                        [
                            184.27,
                            306.38
                        ],
                        [
                            180.31,
                            303.25
                        ],
                        [
                            176.13,
                            300.64
                        ],
                        [
                            171.75,
                            298.5
                        ],
                        [
                            167.19,
                            296.78
                        ],
                        [
                            162.41,
                            295.57
                        ],
                        [
                            157.37,
                            294.93
                        ],
                        [
                            152.0,
                            295.0
                        ],
                        [
                            146.13,
                            296.1
                        ],
                        [
                            139.97,
                            297.83
                        ],
                        [
                            133.66,
                            299.93
                        ],
                        [
                            127.25,
                            302.31
                        ],
                        [
                            120.81,
                            304.84
                        ],
                        [
                            114.41,
                            307.39
                        ],
                        [
                            108.09,
                            309.86
                        ],
                        [
                            102.0,
                            312.0
                        ],
                        [
                            96.35,
                            313.41
                        ],
                        [
                            90.97,
                            314.39
                        ],
                        [
                            85.78,
                            315.12
                        ],
                        [
                            80.75,
                            315.62
                        ],
                        [
                            75.83,
                            316.01
                        ],
                        [
                            71.06,
                            316.22
                        ],
                        [
                            66.45,
                            316.21
                        ],
                        [
                            62.0,
                            316.0
                        ]
                    ],
                    true
                ],
                [
                    2,
                    3,
                    [
                        [
                            243,
                            339
                        ],
                        [
                            188,
                            310
                        ]
                    ],
                    true
                ],
                [
                    3,
                    4,
                    [
                        [
                            338.0,
                            356.0
                        ],
                        [
                            331.48,
                            355.76
                        ],
                        [
                            325.03,
                            355.41
                        ],
                        [
                            318.66,
                            354.95
                        ],
                        [
                            312.38,
                            354.38
                        ],
                        [
                            306.16,
                            353.7
                        ],
                        [
                            300.03,
                            352.91
                        ],
                        [
                            293.98,
                            352.01
                        ],
                        [
                            288.0,
                            351.0
                        ],
                        [
                            282.1,
                            349.88
                        ],
                        [
                            276.28,
                            348.66
                        ],
                        [
                            270.54,
                            347.32
                        ],
                        [
                            264.88,
                            345.88
                        ],
                        [
                            259.29,
                            344.32
                        ],
                        [
                            253.78,
                            342.66
                        ],
                        [
                            248.35,
                            340.88
                        ],
                        [
                            243.0,
                            339.0
                        ]
                    ],
                    true
                ],
                [
                    4,
                    5,
                    [
                        [
                            411,
                            356
                        ],
                        [
                            338,
                            356
                        ]
                    ],
                    true
                ],
                [
                    5,
                    6,
                    [
                        [
                            499.0,
                            354.0
                        ],
                        [
                            499.12,
                            355.06
                        ],
                        [
                            498.5,
                            356.0
                        ],
                        [
                            497.12,
                            356.81
                        ],
                        [
                            495.0,
                            357.5
                        ],
                        [
                            492.12,
                            358.06
                        ],
                        [
                            488.5,
                            358.5
                        ],
                        [
                            484.12,
                            358.81
                        ],
                        [
                            479.0,
                            359.0
                        ],
                        [
                            473.12,
                            359.06
                        ],
                        [
                            466.5,
                            359.0
                        ],
                        [
                            459.12,
                            358.81
                        ],
                        [
                            451.0,
                            358.5
                        ],
                        [
                            442.12,
                            358.06
                        ],
                        [
                            432.5,
                            357.5
                        ],
                        [
                            422.12,
                            356.81
                        ],
                        [
                            411.0,
                            356.0
                        ]
                    ],
                    true
                ],
                [
                    6,
                    7,
                    [
                        [
                            550.0,
                            344.0
                        ],
                        [
                            544.82,
                            340.88
                        ],
                        [
                            539.91,
                            338.25
                        ],
                        [
                            535.26,
                            336.12
                        ],
                        [
                            530.88,
                            334.5
                        ],
                        [
                            526.76,
                            333.38
                        ],
                        [
                            522.91,
                            332.75
                        ],
                        [
                            519.32,
                            332.62
                        ],
                        [
                            516.0,
                            333.0
                        ],
                        [
                            512.95,
                            333.88
                        ],
                        [
                            510.16,
                            335.25
                        ],
                        [
                            507.63,
                            337.12
                        ],
                        [
                            505.38,
                            339.5
                        ],
                        [
                            503.38,
                            342.38
                        ],
                        [
                            501.66,
                            345.75
                        ],
                        [
                            500.2,
                            349.62
                        ],
                        [
                            499.0,
                            354.0
                        ]
                    ],
                    true
                ],
                [
                    7,
                    8,
                    [
                        [
                            649.0,
                            347.0
                        ],
                        [
                            644.66,
                            347.38
                        ],
                        [
                            640.38,
                            347.75
                        ],
                        [
                            636.16,
                            348.13
                        ],
                        [
                            632.0,
                            348.5
                        ],
                        [
                            627.88,
                            348.85
                        ],
                        [
                            623.83,
                            349.2
                        ],
                        [
                            619.85,
                            349.57
                        ],
                        [
                            616.0,
                            350.0
                        ],
                        [
                            612.35,
                            350.57
                        ],
                        [
                            608.8,
                            351.17
                        ],
                        [
                            605.27,
                            351.74
                        ],
                        [
                            601.75,
                            352.25
                        ],
                        [
                            598.2,
                            352.67
                        ],
                        [
                            594.58,
                            352.95
                        ],
                        [
                            590.87,
                            353.09
                        ],
                        [
                            587.0,
                            353.0
                        ],
                        [
                            582.87,
                            352.58
                        ],
                        [
                            578.55,
                            351.92
                        ],
                        [
                            574.09,
                            351.06
                        ],
                        [
                            569.5,
                            350.0
                        ],
                        [
                            564.81,
                            348.78
                        ],
                        [
                            560.0,
                            347.38
                        ],
                        [
                            555.06,
                            345.78
                        ],
                        [
                            550.0,
                            344.0
                        ]
                    ],
                    true
                ],
                [
                    8,
                    9,
                    [
                        [
                            705.0,
                            290.0
                        ],
                        [
                            703.38,
                            295.55
                        ],
                        [
                            701.5,
                            300.84
                        ],
                        [
                            699.38,
                            305.87
                        ],
                        [
                            697.0,
                            310.62
                        ],
                        [
                            694.38,
                            315.12
                        ],
                        [
                            691.5,
                            319.34
                        ],
                        [
                            688.38,
                            323.3
                        ],
                        [
                            685.0,
                            327.0
                        ],
                        [
                            681.38,
                            330.43
                        ],
                        [
                            677.5,
                            333.59
                        ],
                        [
                            673.38,
                            336.49
                        ],
                        [
                            669.0,
                            339.12
                        ],
                        [
                            664.38,
                            341.49
                        ],
                        [
                            659.5,
                            343.59
                        ],
                        [
                            654.38,
                            345.43
                        ],
                        [
                            649.0,
                            347.0
                        ]
                    ],
                    true
                ],
                [
                    9,
                    10,
                    [
                        [
                            712,
                            239
                        ],
                        [
                            705,
                            290
                        ]
                    ],
                    true
                ],
                [
                    10,
                    11,
                    [
                        [
                            692.0,
                            204.0
                        ],
                        [
                            694.66,
                            206.3
                        ],
                        [
                            697.12,
                            208.59
                        ],
                        [
                            699.41,
                            210.87
                        ],
                        [
                            701.5,
                            213.12
                        ],
                        [
                            703.41,
                            215.37
                        ],
                        [
                            705.12,
                            217.59
                        ],
                        [
                            706.66,
                            219.8
                        ],
                        [
                            708.0,
                            222.0
                        ],
                        [
                            709.16,
                            224.18
                        ],
                        [
                            710.12,
                            226.34
                        ],
                        [
                            710.91,
                            228.49
                        ],
                        [
                            711.5,
                            230.62
                        ],
                        [
                            711.91,
                            232.74
                        ],
                        [
                            712.12,
                            234.84
                        ],
                        [
                            712.16,
                            236.93
                        ],
                        [
                            712.0,
                            239.0
                        ]
                    ],
                    true
                ],
                [
                    11,
                    12,
                    [
                        [
                            676.0,
                            165.0
                        ],
                        [
                            677.7,
                            166.62
                        ],
                        [
                            679.31,
                            168.34
                        ],
                        [
                            680.83,
                            170.18
                        ],
                        [
                            682.25,
                            172.12
                        ],
                        [
                            683.58,
                            174.18
                        ],
                        [
                            684.81,
                            176.34
                        ],
                        [
                            685.95,
                            178.62
                        ],
                        [
                            687.0,
                            181.0
                        ],
                        [
                            687.95,
                            183.49
                        ],
                        [
                            688.81,
                            186.09
                        ],
                        [
                            689.58,
                            188.8
                        ],
                        [
                            690.25,
                            191.62
                        ],
                        [
                            690.83,
                            194.55
                        ],
                        [
                            691.31,
                            197.59
                        ],
                        [
                            691.7,
                            200.74
                        ],
                        [
                            692.0,
                            204.0
                        ]
                    ],
                    true
                ],
                [
                    12,
                    13,
                    [
                        [
                            658.0,
                            114.0
                        ],
                        [
                            660.53,
                            115.2
                        ],
                        [
                            662.88,
                            116.66
                        ],
                        [
                            665.03,
                            118.38
                        ],
                        [
                            667.0,
                            120.38
                        ],
                        [
                            668.78,
                            122.63
                        ],
                        [
                            670.38,
                            125.16
                        ],
                        [
                            671.78,
                            127.95
                        ],
                        [
                            673.0,
                            131.0
                        ],
                        [
                            674.03,
                            134.32
                        ],
                        [
                            674.88,
                            137.91
                        ],
                        [
                            675.53,
                            141.76
                        ],
                        [
                            676.0,
                            145.88
                        ],
                        [
                            676.28,
                            150.26
                        ],
                        [
                            676.38,
                            154.91
                        ],
                        [
                            676.28,
                            159.82
                        ],
                        [
                            676.0,
                            165.0
                        ]
                    ],
                    true
                ],
                [
                    13,
                    14,
                    [
                        [
                            645,
                            73
                        ],
                        [
                            658,
                            114
                        ]
                    ],
                    true
                ],
                [
                    14,
                    15,
                    [
                        [
                            637.0,
                            25.0
                        ],
                        [
                            636.09,
                            27.77
                        ],
                        [
                            635.38,
                            30.56
                        ],
                        [
                            634.84,
                            33.39
                        ],
                        [
                            634.5,
                            36.25
                        ],
                        [
                            634.34,
                            39.14
                        ],
                        [
                            634.38,
                            42.06
                        ],
                        [
                            634.59,
                            45.02
                        ],
                        [
                            635.0,
                            48.0
                        ],
                        [
                            635.59,
                            51.02
                        ],
                        [
                            636.38,
                            54.06
                        ],
                        [
                            637.34,
                            57.14
                        ],
                        [
                            638.5,
                            60.25
                        ],
                        [
                            639.84,
                            63.39
                        ],
                        [
                            641.38,
                            66.56
                        ],
                        [
                            643.09,
                            69.77
                        ],
                        [
                            645.0,
                            73.0
                        ]
                    ],
                    true
                ]
            ],
            "stations": [
                {
                    "coord": [
                        32,
                        264
                    ],
                    "is_working": true,
                    "name": "Bayamon",
                    "rect": [
                        27,
                        235,
                        49,
                        15
                    ],
                    "text_id": 0,
                    "uid": 0
                },
                {
                    "coord": [
                        62,
                        316
                    ],
                    "is_working": true,
                    "name": "Deportivo",
                    "rect": [
                        48,
                        330,
                        50,
                        15
                    ],
                    "text_id": 1,
                    "uid": 1
                },
                {
                    "coord": [
                        188,
                        310
                    ],
                    "is_working": true,
                    "name": "Jardines",
                    "rect": [
                        194,
                        286,
                        45,
                        15
                    ],
                    "text_id": 2,
                    "uid": 2
                },
                {
                    "coord": [
                        243,
                        339
                    ],
                    "is_working": true,
                    "name": "Torrimar",
                    "rect": [
                        209,
                        359,
                        44,
                        15
                    ],
                    "text_id": 3,
                    "uid": 3
                },
                {
                    "coord": [
                        338,
                        356
                    ],
                    "is_working": true,
                    "name": "Martinez Nadal",
                    "rect": [
                        313,
                        326,
                        76,
                        15
                    ],
                    "text_id": 4,
                    "uid": 4
                },
                {
                    "coord": [
                        411,
                        356
                    ],
                    "is_working": true,
                    "name": "Las Lomas",
                    "rect": [
                        384,
                        371,
                        56,
                        15
                    ],
                    "text_id": 5,
                    "uid": 5
                },
                {
                    "coord": [
                        499,
                        354
                    ],
                    "is_working": true,
                    "name": "San Francisco",
                    "rect": [
                        452,
                        378,
                        73,
                        15
                    ],
                    "text_id": 6,
                    "uid": 6
                },
                {
                    "coord": [
                        550,
                        344
                    ],
                    "is_working": true,
                    "name": "Centro Medico",
                    "rect": [
                        548,
                        363,
                        74,
                        15
                    ],
                    "text_id": 7,
                    "uid": 7
                },
                {
                    "coord": [
                        649,
                        347
                    ],
                    "is_working": true,
                    "name": "Cupey",
                    "rect": [
                        652,
                        358,
                        34,
                        15
                    ],
                    "text_id": 8,
                    "uid": 8
                },
                {
                    "coord": [
                        705,
                        290
                    ],
                    "is_working": true,
                    "name": "Rio Piedras",
                    "rect": [
                        628,
                        282,
                        60,
                        15
                    ],
                    "text_id": 9,
                    "uid": 9
                },
                {
                    "coord": [
                        712,
                        239
                    ],
                    "is_working": true,
                    "name": "Universidad",
                    "rect": [
                        636,
                        231,
                        62,
                        15
                    ],
                    "text_id": 10,
                    "uid": 10
                },
                {
                    "coord": [
                        692,
                        204
                    ],
                    "is_working": true,
                    "name": "Pinero",
                    "rect": [
                        702,
                        188,
                        34,
                        15
                    ],
                    "text_id": 11,
                    "uid": 11
                },
                {
                    "coord": [
                        676,
                        165
                    ],
                    "is_working": true,
                    "name": "Domenech",
                    "rect": [
                        609,
                        157,
                        55,
                        15
                    ],
                    "text_id": 12,
                    "uid": 12
                },
                {
                    "coord": [
                        658,
                        114
                    ],
                    "is_working": true,
                    "name": "Roosevelt",
                    "rect": [
                        594,
                        113,
                        52,
                        15
                    ],
                    "text_id": 13,
                    "uid": 13
                },
                {
                    "coord": [
                        645,
                        73
                    ],
                    "is_working": true,
                    "name": "Hato Rey",
                    "rect": [
                        657,
                        65,
                        48,
                        15
                    ],
                    "text_id": 14,
                    "uid": 14
                },
                {
                    "coord": [
                        637,
                        25
                    ],
                    "is_working": true,
                    "name": "Sagrado Corazon",
                    "rect": [
                        651,
                        17,
                        87,
                        15
                    ],
                    "text_id": 15,
                    "uid": 15
                }
            ],
            "text_id": 16
        }
    ],
    "lines_width": 7,
    "name": "metro",
    "name_text_id": 17,
    "stations_diameter": 13.0,
    "transfers": [],
    "transports": [
        "metro"
    ],
    "type_name": "ROOT",
    "type_text_id": 18,
    "upper_case": false,
    "width": 862,
    "word_wrap": false
}