{
    "default_transports": [
        "metro"
    ],
    "height": 771,
    "images": [
        "res/schemes/incheon.svg"
    ],
    "is_vector": true,
    "lines": [
        {
            "labels_bg_color": "-1",
            "labels_color": "000000",
            "line_color": "6F99D0",
            "line_width": 7,
            "name": "1",
            "segments": [
                [
                    0,
                    1,
                    [
                        [
                            663,
                            113
                        ],
                        [
                            702,
                            113
                        ]
                    ],
                    true
                ],
                [
                    1,
                    2,
                    [
                        [
                            623,
                            113
                        ],
                        [
                            663,
                            113
                        ]
                    ],
                    true
                ],
                [
                    2,
                    3,
                    [
                        [
                            583,
                            113
                        ],
                        [
                            623,
                            113
                        ]
                    ],
                    true
                ],
                [
                    3,
                    4,
                    [
                        [
                            540,
                            113
                        ],
                        [
                            583,
                            113
                        ]
                    ],
                    true
                ],
                [
                    4,
                    5,
                    [
                        [
                            494,
                            113
                        ],
                        [
                            540,
                            113
                        ]
                    ],
                    true
                ],
                [
                    5,
                    6,
                    [
                        [
                            454.0,
                            142.0
                        ],
                        [
                            453.22,
                            137.73
                        ],
                        [
                            452.88,
                            133.78
                        ],
                        [
                            452.97,
                            130.16
                        ],
                        [
                            453.5,
                            126.88
                        ],
                        [
                            454.47,
                            123.91
                        ],
                        [
                            455.88,
                            121.28
                        ],
                        [
                            457.72,
                            118.98
                        ],
                        [
                            460.0,
                            117.0
                        ],
                        [
                            462.72,
                            115.35
                        ],
                        [
                            465.88,
                            114.03
                        ],
                        [
                            469.47,
                            113.04
                        ],
                        [
                            473.5,
                            112.38
                        ],
                        [
                            477.97,
                            112.04
                        ],
                        [
                            482.88,
                            112.03
                        ],
                        [
                            488.22,
                            112.35
                        ],
                        [
                            494.0,
                            113.0
                        ]
                    ],
                    true
                ],
                [
                    6,
                    7,
                    [
                        [
                            454,
                            181
                        ],
                        [
                            454,
                            142
                        ]
                    ],
                    true
                ],
                [
                    7,
                    8,
                    [
                        [
                            454,
                            218
                        ],
                        [
                            454,
                            181
                        ]
                    ],
                    true
                ],
                [
                    8,
                    9,
                    [
                        [
                            454,
                            262
                        ],
                        [
                            454,
                            218
                        ]
                    ],
                    true
                ],
                [
                    9,
                    10,
                    [
                        [
                            454,
                            304
                        ],
                        [
                            454,
                            262
                        ]
                    ],
                    true
                ],
                [
                    10,
                    11,
                    [
                        [
                            454,
                            343
                        ],
                        [
                            454,
                            304
                        ]
                    ],
                    true
                ],
                [
                    11,
                    12,
                    [
                        [
                            454,
                            383
                        ],
                        [
                            454,
                            343
                        ]
                    ],
                    true
                ],
                [
                    12,
                    13,
                    [
                        [
                            454,
                            424
                        ],
                        [
                            454,
                            383
                        ]
                    ],
                    true
                ],
                [
                    13,
                    14,
                    [
                        [
                            454,
                            455
                        ],
                        [
                            454,
                            424
                        ]
                    ],
                    true
                ],
                [
                    14,
                    15,
                    [
                        [
                            454,
                            502
                        ],
                        [
                            454,
                            455
                        ]
                    ],
                    true
                ],
                [
                    15,
                    16,
                    [
                        [
                            454,
                            531
                        ],
                        [
                            454,
                            502
                        ]
                    ],
                    true
                ],
                [
                    16,
                    17,
                    [
                        [
                            454,
                            562
                        ],
                        [
                            454,
                            531
                        ]
                    ],
                    true
                ],
                [
                    17,
                    18,
                    [
                        [
                            454,
                            596
                        ],
                        [
                            454,
                            562
                        ]
                    ],
                    true
                ],
                [
                    18,
                    19,
                    [
                        [
                            435.0,
                            621.0
                        ],
                        [
                            437.48,
                            620.73
                        ],
                        [
                            439.78,
                            620.28
                        ],
                        [
                            441.91,
                            619.66
                        ],
                        [
                            443.88,
                            618.88
                        ],
                        [
                            445.66,
                            617.91
                        ],
                        [
                            447.28,
                            616.78
                        ],
                        [
                            448.73,
                            615.48
                        ],
                        [
                            450.0,
                            614.0
                        ],
                        [
                            451.1,
                            612.35
                        ],
                        [
                            452.03,
                            610.53
                        ],
                        [
                            452.79,
                            608.54
                        ],
                        [
                            453.38,
                            606.38
                        ],
                        [
                            453.79,
                            604.04
                        ],
                        [
                            454.03,
                            601.53
                        ],
                        [
                            454.1,
                            598.85
                        ],
                        [
                            454.0,
                            596.0
                        ]
                    ],
                    true
                ],
                [
                    19,
                    20,
                    [
                        [
                            389,
                            621
                        ],
                        [
                            435,
                            621
                        ]
                    ],
                    true
                ],
                [
                    20,
                    21,
                    [
                        [
                            341,
                            621
                        ],
                        [
                            389,
                            621
                        ]
                    ],
                    true
                ],
                [
                    21,
                    22,
                    [
                        [
                            303,
                            621
                        ],
                        [
                            341,
                            621
                        ]
                    ],
                    true
                ],
                [
                    22,
                    23,
                    [
                        [
                            264,
                            621
                        ],
                        [
                            303,
                            621
                        ]
                    ],
                    true
                ],
                [
                    23,
                    24,
                    [
                        [
                            220,
                            621
                        ],
                        [
                            264,
                            621
                        ]
                    ],
                    true
                ],
                [
                    24,
                    25,
                    [
                        [
                            174,
                            621
                        ],
                        [
                            220,
                            621
                        ]
                    ],
                    true
                ],
                [
                    25,
                    26,
                    [
                        [
                            127,
                            621
                        ],
                        [
                            174,
                            621
                        ]
                    ],
                    true
                ],
                [
                    26,
                    27,
                    [
                        [
                            74,
                            621
                        ],
                        [
                            127,
                            621
                        ]
                    ],
                    true
                ],
                [
                    27,
                    28,
                    [
                        [
                            26,
                            621
                        ],
                        [
                            74,
                            621
                        ]
                    ],
                    true
                ]
            ],
            "stations": [
                {
                    "coord": [
                        702,
                        113
                    ],
                    "is_working": true,
                    "name": "Gyeyang",
                    "rect": [
                        694,
                        127,
                        15,
                        46
                    ],
                    "text_id": 0,
                    "uid": 0
                },
                {
                    "coord": [
                        663,
                        113
                    ],
                    "is_working": true,
                    "name": "Gyulhyeon",
                    "rect": [
                        655,
                        127,
                        15,
                        55
                    ],
                    "text_id": 1,
                    "uid": 1
                },
                {
                    "coord": [
                        623,
                        113
                    ],
                    "is_working": true,
                    "name": "Bakchon",
                    "rect": [
                        614,
                        126,
                        15,
                        46
                    ],
                    "text_id": 2,
                    "uid": 2
                },
                {
                    "coord": [
                        583,
                        113
                    ],
                    "is_working": true,
                    "name": "Imhak",
                    "rect": [
                        575,
                        126,
                        15,
                        32
                    ],
                    "text_id": 3,
                    "uid": 3
                },
                {
                    "coord": [
                        540,
                        113
                    ],
                    "is_working": true,
                    "name": "Gyesan",
                    "rect": [
                        533,
                        127,
                        15,
                        40
                    ],
                    "text_id": 4,
                    "uid": 4
                },
                {
                    "coord": [
                        494,
                        113
                    ],
                    "is_working": true,
                    "name": "Gyeongin Nat'l Univ. of Edu.",
                    "rect": [
                        304,
                        109,
                        140,
                        15
                    ],
                    "text_id": 5,
                    "uid": 5
                },
                {
                    "coord": [
                        454,
                        142
                    ],
                    "is_working": true,
                    "name": "Jakjeon",
                    "rect": [
                        466,
                        135,
                        41,
                        15
                    ],
                    "text_id": 6,
                    "uid": 6
                },
                {
                    "coord": [
                        454,
                        181
                    ],
                    "is_working": true,
                    "name": "Galsan",
                    "rect": [
                        467,
                        172,
                        37,
                        15
                    ],
                    "text_id": 7,
                    "uid": 7
                },
                {
                    "coord": [
                        454,
                        218
                    ],
                    "is_working": true,
                    "name": "Bupyeong-gu Office",
                    "rect": [
                        468,
                        211,
                        99,
                        15
                    ],
                    "text_id": 8,
                    "uid": 8
                },
                {
                    "coord": [
                        454,
                        262
                    ],
                    "is_working": true,
                    "name": "Bupyeong Market",
                    "rect": [
                        467,
                        254,
                        89,
                        15
                    ],
                    "text_id": 9,
                    "uid": 9
                },
                {
                    "coord": [
                        454,
                        304
                    ],
                    "is_working": true,
                    "name": "Bupyeong",
                    "rect": [
                        466,
                        298,
                        52,
                        15
                    ],
                    "text_id": 10,
                    "uid": 10
                },
                {
                    "coord": [
                        454,
                        343
                    ],
                    "is_working": true,
                    "name": "Dongsu",
                    "rect": [
                        401,
                        335,
                        40,
                        15
                    ],
                    "text_id": 11,
                    "uid": 11
                },
                {
                    "coord": [
                        454,
                        383
                    ],
                    "is_working": true,
                    "name": "Bupyeongsamgeori",
                    "rect": [
                        344,
                        375,
                        98,
                        15
                    ],
                    "text_id": 12,
                    "uid": 12
                },
                {
                    "coord": [
                        454,
                        424
                    ],
                    "is_working": true,
                    "name": "Ganseogogeori",
                    "rect": [
                        365,
                        416,
                        77,
                        15
                    ],
                    "text_id": 13,
                    "uid": 13
                },
                {
                    "coord": [
                        454,
                        455
                    ],
                    "is_working": true,
                    "name": "Incheon City Hall",
                    "rect": [
                        353,
                        442,
                        87,
                        15
                    ],
                    "text_id": 14,
                    "uid": 14
                },
                {
                    "coord": [
                        454,
                        502
                    ],
                    "is_working": true,
                    "name": "Arts Center",
                    "rect": [
                        466,
                        495,
                        59,
                        15
                    ],
                    "text_id": 15,
                    "uid": 15
                },
                {
                    "coord": [
                        454,
                        531
                    ],
                    "is_working": true,
                    "name": "Incheon Bus Terminal",
                    "rect": [
                        465,
                        523,
                        110,
                        15
                    ],
                    "text_id": 16,
                    "uid": 16
                },
                {
                    "coord": [
                        454,
                        562
                    ],
                    "is_working": true,
                    "name": "Munhak Sports Complex",
                    "rect": [
                        466,
                        554,
                        123,
                        15
                    ],
                    "text_id": 17,
                    "uid": 17
                },
                {
                    "coord": [
                        454,
                        596
                    ],
                    "is_working": true,
                    "name": "Seonhak",
                    "rect": [
                        466,
                        588,
                        45,
                        15
                    ],
                    "text_id": 18,
                    "uid": 18
                },
                {
                    "coord": [
                        435,
                        621
                    ],
                    "is_working": true,
                    "name": "Sinyeonsu",
                    "rect": [
                        465,
                        613,
                        54,
                        15
                    ],
                    "text_id": 19,
                    "uid": 19
                },
                {
                    "coord": [
                        389,
                        621
                    ],
                    "is_working": true,
                    "name": "Woninjae",
                    "rect": [
                        382,
                        562,
                        15,
                        48
                    ],
                    "text_id": 20,
                    "uid": 20
                },
                {
                    "coord": [
                        341,
                        621
                    ],
                    "is_working": true,
                    "name": "Dongchun",
                    "rect": [
                        334,
                        555,
                        15,
                        52
                    ],
                    "text_id": 21,
                    "uid": 21
                },
                {
                    "coord": [
                        303,
                        621
                    ],
                    "is_working": true,
                    "name": "Dongmak",
                    "rect": [
                        297,
                        558,
                        15,
                        49
                    ],
                    "text_id": 22,
                    "uid": 22
                },
                {
                    "coord": [
                        264,
                        621
                    ],
                    "is_working": true,
                    "name": "Campus Town",
                    "rect": [
                        258,
                        535,
                        15,
                        72
                    ],
                    "text_id": 23,
                    "uid": 23
                },
                {
                    "coord": [
                        220,
                        621
                    ],
                    "is_working": true,
                    "name": "Technopark",
                    "rect": [
                        213,
                        547,
                        15,
                        60
                    ],
                    "text_id": 24,
                    "uid": 24
                },
                {
                    "coord": [
                        174,
                        621
                    ],
                    "is_working": true,
                    "name": "BIT Zone",
                    "rect": [
                        167,
                        562,
                        15,
                        46
                    ],
                    "text_id": 25,
                    "uid": 25
                },
                {
                    "coord": [
                        127,
                        621
                    ],
                    "is_working": true,
                    "name": "Incheon Nat'l Univ.",
                    "rect": [
                        121,
                        512,
                        15,
                        95
                    ],
                    "text_id": 26,
                    "uid": 26
                },
                {
                    "coord": [
                        74,
                        621
                    ],
                    "is_working": true,
                    "name": "Central Park",
                    "rect": [
                        68,
                        544,
                        15,
                        64
                    ],
                    "text_id": 27,
                    "uid": 27
                },
                {
                    "coord": [
                        26,
                        621
                    ],
                    "is_working": true,
                    "name": "Int'l Business District",
                    "rect": [
                        20,
                        500,
                        15,
                        108
                    ],
                    "text_id": 28,
                    "uid": 28
                }
            ],
            "text_id": 29
        },
        {
            "labels_bg_color": "-1",
            "labels_color": "000000",
            "line_color": "F04E29",
            "line_width": 7,
            "name": "2",
            "segments": [
                [
                    29,
                    30,
                    [
                        [
                            71,
                            54
                        ],
                        [
                            19,
                            54
                        ]
                    ],
                    true
                ],
                [
                    30,
                    31,
                    [
                        [
                            122,
                            54
                        ],
                        [
                            71,
                            54
                        ]
                    ],
                    true
                ],
                [
                    31,
                    32,
                    [
                        [
                            168,
                            54
                        ],
                        [
                            122,
                            54
                        ]
                    ],
                    true
                ],
                [
                    32,
                    33,
                    [
                        [
                            213,
                            54
                        ],
                        [
                            168,
                            54
                        ]
                    ],
                    true
                ],
                [
                    33,
                    34,
                    [
                        [
                            254,
                            54
                        ],
                        [
                            213,
                            54
                        ]
                    ],
                    true
                ],
                [
                    34,
                    35,
                    [
                        [
                            274.0,
                            92.0
                        ],
                        [
                            274.62,
                            87.05
                        ],
                        [
                            275.0,
                            82.44
                        ],
                        [
                            275.12,
                            78.17
                        ],
                        [
                            275.0,
                            74.25
                        ],
                        [
                            274.62,
                            70.67
                        ],
                        [
                            274.0,
                            67.44
                        ],
                        [
                            273.12,
                            64.55
                        ],
                        [
                            272.0,
                            62.0
                        ],
                        [
                            270.62,
                            59.8
                        ],
                        [
                            269.0,
                            57.94
                        ],
                        [
                            267.12,
                            56.42
                        ],
                        [
                            265.0,
                            55.25
                        ],
                        [
                            262.62,
                            54.42
                        ],
                        [
                            260.0,
                            53.94
                        ],
                        [
                            257.12,
                            53.8
                        ],
                        [
                            254.0,
                            54.0
                        ]
                    ],
                    true
                ],
                [
                    35,
                    36,
                    [
                        [
                            274,
                            132
                        ],
                        [
                            274,
                            92
                        ]
                    ],
                    true
                ],
                [
                    36,
                    37,
                    [
                        [
                            274,
                            170
                        ],
                        [
                            274,
                            132
                        ]
                    ],
                    true
                ],
                [
                    37,
                    38,
                    [
                        [
                            274,
                            207
                        ],
                        [
                            274,
                            170
                        ]
                    ],
                    true
                ],
                [
                    38,
                    39,
                    [
                        [
                            274,
                            245
                        ],
                        [
                            274,
                            207
                        ]
                    ],
                    true
                ],
                [
                    39,
                    40,
                    [
                        [
                            274,
                            284
                        ],
                        [
                            274,
                            245
                        ]
                    ],
                    true
                ],
                [
                    40,
                    41,
                    [
                        [
                            274,
                            321
                        ],
                        [
                            274,
                            284
                        ]
                    ],
                    true
                ],
                [
                    41,
                    42,
                    [
                        [
                            274,
                            359
                        ],
                        [
                            274,
                            321
                        ]
                    ],
                    true
                ],
                [
                    42,
                    43,
                    [
                        [
                            274,
                            397
                        ],
                        [
                            274,
                            359
                        ]
                    ],
                    true
                ],
                [
                    43,
                    44,
                    [
                        [
                            274,
                            433
                        ],
                        [
                            274,
                            397
                        ]
                    ],
                    true
                ],
                [
                    44,
                    45,
                    [
                        [
                            302.0,
                            467.0
                        ],
                        [
                            298.38,
                            467.45
                        ],
                        [
                            295.0,
                            467.56
                        ],
                        [
                            291.88,
                            467.33
                        ],
                        [
                            289.0,
                            466.75
                        ],
                        [
                            286.38,
                            465.83
                        ],
                        [
                            284.0,
                            464.56
                        ],
                        [
                            281.88,
                            462.95
                        ],
                        [
                            280.0,
                            461.0
                        ],
                        [
                            278.38,
                            458.7
                        ],
                        [
                            277.0,
                            456.06
                        ],
                        [
                            275.88,
                            453.08
                        ],
                        [
                            275.0,
                            449.75
                        ],
                        [
                            274.38,
                            446.08
                        ],
                        [
                            274.0,
                            442.06
                        ],
                        [
                            273.88,
                            437.7
                        ],
                        [
                            274.0,
                            433.0
                        ]
                    ],
                    true
                ],
                [
                    45,
                    46,
                    [
                        [
                            340,
                            467
                        ],
                        [
                            302,
                            467
                        ]
                    ],
                    true
                ],
                [
                    46,
                    47,
                    [
                        [
                            383,
                            467
                        ],
                        [
                            340,
                            467
                        ]
                    ],
                    true
                ],
                [
                    47,
                    48,
                    [
                        [
                            421,
                            467
                        ],
                        [
                            383,
                            467
                        ]
                    ],
                    true
                ],
                [
                    48,
                    49,
                    [
                        [
                            454,
                            467
                        ],
                        [
                            421,
                            467
                        ]
                    ],
                    true
                ],
                [
                    49,
                    50,
                    [
                        [
                            499,
                            467
                        ],
                        [
                            454,
                            467
                        ]
                    ],
                    true
                ],
                [
                    50,
                    51,
                    [
                        [
                            544,
                            467
                        ],
                        [
                            499,
                            467
                        ]
                    ],
                    true
                ],
                [
                    51,
                    52,
                    [
                        [
                            589,
                            467
                        ],
                        [
                            544,
                            467
                        ]
                    ],
                    true
                ],
                [
                    52,
                    53,
                    [
                        [
                            634,
                            467
                        ],
                        [
                            589,
                            467
                        ]
                    ],
                    true
                ],
                [
                    53,
                    54,
                    [
                        [
                            678,
                            467
                        ],
                        [
                            634,
                            467
                        ]
                    ],
                    true
                ],
                [
                    54,
                    55,
                    [
                        [
                            718,
                            467
                        ],
                        [
                            678,
                            467
                        ]
                    ],
                    true
                ]
            ],
            "stations": [
                {
                    "coord": [
                        19,
                        54
                    ],
                    "is_working": true,
                    "name": "Geomdan Oryu",
                    "rect": [
                        13,
                        69,
                        15,
                        76
                    ],
                    "text_id": 30,
                    "uid": 29
                },
                {
                    "coord": [
                        71,
                        54
                    ],
                    "is_working": true,
                    "name": "Wanggil",
                    "rect": [
                        64,
                        68,
                        15,
                        42
                    ],
                    "text_id": 31,
                    "uid": 30
                },
                {
                    "coord": [
                        122,
                        54
                    ],
                    "is_working": true,
                    "name": "Geomdan Sageori",
                    "rect": [
                        116,
                        68,
                        15,
                        90
                    ],
                    "text_id": 32,
                    "uid": 31
                },
                {
                    "coord": [
                        168,
                        54
                    ],
                    "is_working": true,
                    "name": "Majeon",
                    "rect": [
                        161,
                        67,
                        15,
                        38
                    ],
                    "text_id": 33,
                    "uid": 32
                },
                {
                    "coord": [
                        213,
                        54
                    ],
                    "is_working": true,
                    "name": "Wanjeong",
                    "rect": [
                        205,
                        65,
                        15,
                        51
                    ],
                    "text_id": 34,
                    "uid": 33
                },
                {
                    "coord": [
                        254,
                        54
                    ],
                    "is_working": true,
                    "name": "Dokjeong",
                    "rect": [
                        285,
                        46,
                        49,
                        15
                    ],
                    "text_id": 35,
                    "uid": 34
                },
                {
                    "coord": [
                        274,
                        92
                    ],
                    "is_working": true,
                    "name": "Geomam",
                    "rect": [
                        286,
                        85,
                        46,
                        15
                    ],
                    "text_id": 36,
                    "uid": 35
                },
                {
                    "coord": [
                        274,
                        132
                    ],
                    "is_working": true,
                    "name": "Geombawi",
                    "rect": [
                        207,
                        124,
                        54,
                        15
                    ],
                    "text_id": 37,
                    "uid": 36
                },
                {
                    "coord": [
                        274,
                        170
                    ],
                    "is_working": true,
                    "name": "Asiad Stadium",
                    "rect": [
                        187,
                        162,
                        74,
                        15
                    ],
                    "text_id": 38,
                    "uid": 37
                },
                {
                    "coord": [
                        274,
                        207
                    ],
                    "is_working": true,
                    "name": "Seo-gu Office",
                    "rect": [
                        193,
                        200,
                        68,
                        15
                    ],
                    "text_id": 39,
                    "uid": 38
                },
                {
                    "coord": [
                        274,
                        245
                    ],
                    "is_working": true,
                    "name": "Gajeong",
                    "rect": [
                        218,
                        238,
                        43,
                        15
                    ],
                    "text_id": 40,
                    "uid": 39
                },
                {
                    "coord": [
                        274,
                        284
                    ],
                    "is_working": true,
                    "name": "Gajeong Jungang Market",
                    "rect": [
                        136,
                        275,
                        125,
                        15
                    ],
                    "text_id": 41,
                    "uid": 40
                },
                {
                    "coord": [
                        274,
                        321
                    ],
                    "is_working": true,
                    "name": "Seongnam",
                    "rect": [
                        207,
                        313,
                        54,
                        15
                    ],
                    "text_id": 42,
                    "uid": 41
                },
                {
                    "coord": [
                        274,
                        359
                    ],
                    "is_working": true,
                    "name": "West Woman's Community Center",
                    "rect": [
                        90,
                        351,
                        170,
                        15
                    ],
                    "text_id": 43,
                    "uid": 42
                },
                {
                    "coord": [
                        274,
                        397
                    ],
                    "is_working": true,
                    "name": "Incheon Gajwa",
                    "rect": [
                        186,
                        390,
                        75,
                        15
                    ],
                    "text_id": 44,
                    "uid": 43
                },
                {
                    "coord": [
                        274,
                        433
                    ],
                    "is_working": true,
                    "name": "Gajaeul",
                    "rect": [
                        221,
                        425,
                        40,
                        15
                    ],
                    "text_id": 45,
                    "uid": 44
                },
                {
                    "coord": [
                        302,
                        467
                    ],
                    "is_working": true,
                    "name": "Juan Nat'l Industrial Complex",
                    "rect": [
                        116,
                        457,
                        147,
                        15
                    ],
                    "text_id": 46,
                    "uid": 45
                },
                {
                    "coord": [
                        340,
                        467
                    ],
                    "is_working": true,
                    "name": "Juan",
                    "rect": [
                        334,
                        481,
                        15,
                        26
                    ],
                    "text_id": 47,
                    "uid": 46
                },
                {
                    "coord": [
                        383,
                        467
                    ],
                    "is_working": true,
                    "name": "Citizens Park",
                    "rect": [
                        378,
                        481,
                        15,
                        68
                    ],
                    "text_id": 48,
                    "uid": 47
                },
                {
                    "coord": [
                        421,
                        467
                    ],
                    "is_working": true,
                    "name": "Seokbawi Market",
                    "rect": [
                        414,
                        481,
                        15,
                        87
                    ],
                    "text_id": 49,
                    "uid": 48
                },
                {
                    "coord": [
                        454,
                        467
                    ],
                    "is_working": true,
                    "name": "Incheon City Hall",
                    "rect": [
                        464,
                        476,
                        87,
                        15
                    ],
                    "text_id": 14,
                    "uid": 49
                },
                {
                    "coord": [
                        499,
                        467
                    ],
                    "is_working": true,
                    "name": "Seokcheon Sageori",
                    "rect": [
                        491,
                        355,
                        15,
                        98
                    ],
                    "text_id": 50,
                    "uid": 50
                },
                {
                    "coord": [
                        544,
                        467
                    ],
                    "is_working": true,
                    "name": "Moraenae Market",
                    "rect": [
                        537,
                        365,
                        15,
                        88
                    ],
                    "text_id": 51,
                    "uid": 51
                },
                {
                    "coord": [
                        589,
                        467
                    ],
                    "is_working": true,
                    "name": "Mansu",
                    "rect": [
                        582,
                        418,
                        15,
                        35
                    ],
                    "text_id": 52,
                    "uid": 52
                },
                {
                    "coord": [
                        634,
                        467
                    ],
                    "is_working": true,
                    "name": "Namdong-gu Office",
                    "rect": [
                        628,
                        357,
                        15,
                        96
                    ],
                    "text_id": 53,
                    "uid": 53
                },
                {
                    "coord": [
                        678,
                        467
                    ],
                    "is_working": true,
                    "name": "Incheon Grand Park",
                    "rect": [
                        672,
                        352,
                        15,
                        100
                    ],
                    "text_id": 54,
                    "uid": 54
                },
                {
                    "coord": [
                        718,
                        467
                    ],
                    "is_working": true,
                    "name": "Unyeon",
                    "rect": [
                        710,
                        411,
                        15,
                        40
                    ],
                    "text_id": 55,
                    "uid": 55
                }
            ],
            "text_id": 56
        }
    ],
    "lines_width": 7,
    "name": "metro",
    "name_text_id": 57,
    "stations_diameter": 13.0,
    "transfers": [
        [
            14,
            49,
            [
                454,
                455
            ],
            [
                454,
                467
            ]
        ]
    ],
    "transports": [
        "metro"
    ],
    "type_name": "ROOT",
    "type_text_id": 58,
    "upper_case": false,
    "width": 868,
    "word_wrap": false
}