{
    "lines": [
        {
            "delays": [
                900,
                1800
            ],
            "name": "Minimetro",
            "scheme": null,
            "segments": [
                [
                    0,
                    1,
                    120
                ],
                [
                    1,
                    0,
                    120
                ],
                [
                    1,
                    2,
                    120
                ],
                [
                    2,
                    1,
                    120
                ],
                [
                    2,
                    3,
                    120
                ],
                [
                    3,
                    2,
                    120
                ],
                [
                    3,
                    4,
                    120
                ],
                [
                    4,
                    3,
                    120
                ],
                [
                    4,
                    5,
                    120
                ],
                [
                    5,
                    4,
                    120
                ],
                [
                    5,
                    6,
                    120
                ],
                [
                    6,
                    5,
                    120
                ]
            ],
            "stations": [
                [
                    0,
                    "Pian di Maasiano",
                    0
                ],
                [
                    1,
                    "Cortonese",
                    1
                ],
                [
                    2,
                    "Madonna Alta",
                    2
                ],
                [
                    3,
                    "Fontivegge FS",
                    3
                ],
                [
                    4,
                    "Case Bruciate",
                    4
                ],
                [
                    5,
                    "Cupa",
                    5
                ],
                [
                    6,
                    "Pincetto",
                    6
                ]
            ],
            "text_id": 7
        }
    ],
    "name": "metro",
    "transfers": [],
    "type_name": "Электричка"
}