{
    "lines": [
        {
            "delays": [],
            "name": "1",
            "scheme": null,
            "segments": [
                [
                    0,
                    1,
                    120
                ],
                [
                    1,
                    0,
                    120
                ],
                [
                    1,
                    2,
                    120
                ],
                [
                    2,
                    1,
                    120
                ],
                [
                    2,
                    3,
                    120
                ],
                [
                    3,
                    2,
                    120
                ],
                [
                    3,
                    4,
                    120
                ],
                [
                    4,
                    3,
                    120
                ],
                [
                    4,
                    5,
                    120
                ],
                [
                    5,
                    4,
                    120
                ],
                [
                    5,
                    6,
                    120
                ],
                [
                    6,
                    5,
                    120
                ],
                [
                    6,
                    7,
                    120
                ],
                [
                    7,
                    6,
                    120
                ],
                [
                    7,
                    8,
                    120
                ],
                [
                    8,
                    7,
                    120
                ],
                [
                    8,
                    9,
                    120
                ],
                [
                    9,
                    8,
                    120
                ],
                [
                    9,
                    10,
                    120
                ],
                [
                    10,
                    9,
                    120
                ],
                [
                    10,
                    11,
                    120
                ],
                [
                    11,
                    10,
                    120
                ],
                [
                    11,
                    12,
                    120
                ],
                [
                    12,
                    11,
                    120
                ],
                [
                    12,
                    13,
                    120
                ],
                [
                    13,
                    12,
                    120
                ]
            ],
            "stations": [
                [
                    0,
                    "Hatay",
                    0
                ],
                [
                    1,
                    "Izmirspor",
                    1
                ],
                [
                    2,
                    "Ucyol",
                    2
                ],
                [
                    3,
                    "Konak",
                    3
                ],
                [
                    4,
                    "Cankaya",
                    4
                ],
                [
                    5,
                    "Basmane",
                    5
                ],
                [
                    6,
                    "Hilal",
                    6
                ],
                [
                    7,
                    "Halkapinar",
                    7
                ],
                [
                    8,
                    "Stadyum",
                    8
                ],
                [
                    9,
                    "Sanayi",
                    9
                ],
                [
                    10,
                    "Bolge",
                    10
                ],
                [
                    11,
                    "Bornova",
                    11
                ],
                [
                    12,
                    "Ege Universitesi",
                    12
                ],
                [
                    13,
                    "Evka-3",
                    13
                ]
            ],
            "text_id": 14
        }
    ],
    "name": "metro",
    "transfers": [],
    "type_name": "Метро"
}