{
    "lines": [
        {
            "delays": [],
            "name": "A",
            "scheme": null,
            "segments": [
                [
                    0,
                    1,
                    120
                ],
                [
                    1,
                    0,
                    120
                ],
                [
                    1,
                    2,
                    120
                ],
                [
                    2,
                    1,
                    120
                ],
                [
                    2,
                    3,
                    120
                ],
                [
                    3,
                    2,
                    120
                ],
                [
                    3,
                    4,
                    120
                ],
                [
                    4,
                    3,
                    120
                ],
                [
                    4,
                    5,
                    120
                ],
                [
                    5,
                    4,
                    120
                ],
                [
                    5,
                    6,
                    120
                ],
                [
                    6,
                    5,
                    120
                ],
                [
                    6,
                    7,
                    120
                ],
                [
                    7,
                    6,
                    120
                ],
                [
                    7,
                    8,
                    120
                ],
                [
                    8,
                    7,
                    120
                ],
                [
                    8,
                    9,
                    120
                ],
                [
                    9,
                    8,
                    120
                ],
                [
                    9,
                    10,
                    120
                ],
                [
                    10,
                    9,
                    120
                ],
                [
                    10,
                    11,
                    120
                ],
                [
                    11,
                    10,
                    120
                ],
                [
                    11,
                    12,
                    120
                ],
                [
                    12,
                    11,
                    120
                ],
                [
                    12,
                    13,
                    120
                ],
                [
                    13,
                    12,
                    120
                ],
                [
                    13,
                    14,
                    120
                ],
                [
                    14,
                    13,
                    120
                ],
                [
                    14,
                    15,
                    120
                ],
                [
                    15,
                    14,
                    120
                ],
                [
                    15,
                    16,
                    120
                ],
                [
                    16,
                    15,
                    120
                ],
                [
                    16,
                    17,
                    120
                ],
                [
                    17,
                    16,
                    120
                ],
                [
                    17,
                    18,
                    120
                ],
                [
                    18,
                    17,
                    120
                ],
                [
                    18,
                    19,
                    120
                ],
                [
                    19,
                    18,
                    120
                ],
                [
                    19,
                    20,
                    120
                ],
                [
                    20,
                    19,
                    120
                ],
                [
                    20,
                    21,
                    120
                ],
                [
                    21,
                    20,
                    120
                ],
                [
                    21,
                    22,
                    120
                ],
                [
                    22,
                    21,
                    120
                ]
            ],
            "stations": [
                [
                    0,
                    "Estadio do Dragao",
                    0
                ],
                [
                    1,
                    "Campanha",
                    1
                ],
                [
                    2,
                    "Heroismo",
                    2
                ],
                [
                    3,
                    "Campo 24 Agosto",
                    3
                ],
                [
                    4,
                    "Bolhao",
                    4
                ],
                [
                    5,
                    "Trindade",
                    5
                ],
                [
                    6,
                    "Lapa",
                    6
                ],
                [
                    7,
                    "Carolina Michaelis",
                    7
                ],
                [
                    8,
                    "Casa da Musica",
                    8
                ],
                [
                    9,
                    "Francos",
                    9
                ],
                [
                    10,
                    "Ramalde",
                    10
                ],
                [
                    11,
                    "Viso",
                    11
                ],
                [
                    12,
                    "Sete Bicas",
                    12
                ],
                [
                    13,
                    "Senhora da Hora",
                    13
                ],
                [
                    14,
                    "Vasco da Gama",
                    14
                ],
                [
                    15,
                    "Estadio do Mar",
                    15
                ],
                [
                    16,
                    "Pedro Hispano",
                    16
                ],
                [
                    17,
                    "Parque Real",
                    17
                ],
                [
                    18,
                    "Camara Matosinhos",
                    18
                ],
                [
                    19,
                    "Matosinhos Sul",
                    19
                ],
                [
                    20,
                    "Brito Capelo",
                    20
                ],
                [
                    21,
                    "Mercado",
                    21
                ],
                [
                    22,
                    "Senhor de Matosinhos",
                    22
                ]
            ],
            "text_id": 23
        },
        {
            "delays": [],
            "name": "B",
            "scheme": null,
            "segments": [
                [
                    23,
                    24,
                    120
                ],
                [
                    24,
                    23,
                    120
                ],
                [
                    24,
                    25,
                    120
                ],
                [
                    25,
                    24,
                    120
                ],
                [
                    25,
                    26,
                    120
                ],
                [
                    26,
                    25,
                    120
                ],
                [
                    26,
                    27,
                    120
                ],
                [
                    27,
                    26,
                    120
                ],
                [
                    27,
                    28,
                    120
                ],
                [
                    28,
                    27,
                    120
                ],
                [
                    28,
                    29,
                    120
                ],
                [
                    29,
                    28,
                    120
                ],
                [
                    29,
                    30,
                    120
                ],
                [
                    30,
                    29,
                    120
                ],
                [
                    30,
                    31,
                    120
                ],
                [
                    31,
                    30,
                    120
                ],
                [
                    31,
                    32,
                    120
                ],
                [
                    32,
                    31,
                    120
                ],
                [
                    32,
                    33,
                    120
                ],
                [
                    33,
                    32,
                    120
                ],
                [
                    33,
                    34,
                    120
                ],
                [
                    34,
                    33,
                    120
                ],
                [
                    34,
                    35,
                    120
                ],
                [
                    35,
                    34,
                    120
                ],
                [
                    35,
                    36,
                    120
                ],
                [
                    36,
                    35,
                    120
                ],
                [
                    36,
                    37,
                    120
                ],
                [
                    37,
                    36,
                    120
                ],
                [
                    37,
                    38,
                    120
                ],
                [
                    38,
                    37,
                    120
                ],
                [
                    38,
                    39,
                    120
                ],
                [
                    39,
                    38,
                    120
                ],
                [
                    39,
                    40,
                    120
                ],
                [
                    40,
                    39,
                    120
                ],
                [
                    40,
                    41,
                    120
                ],
                [
                    41,
                    40,
                    120
                ],
                [
                    41,
                    42,
                    120
                ],
                [
                    42,
                    41,
                    120
                ],
                [
                    42,
                    43,
                    120
                ],
                [
                    43,
                    42,
                    120
                ],
                [
                    43,
                    44,
                    120
                ],
                [
                    44,
                    43,
                    120
                ],
                [
                    44,
                    45,
                    120
                ],
                [
                    45,
                    44,
                    120
                ],
                [
                    45,
                    46,
                    120
                ],
                [
                    46,
                    45,
                    120
                ],
                [
                    46,
                    47,
                    120
                ],
                [
                    47,
                    46,
                    120
                ],
                [
                    47,
                    48,
                    120
                ],
                [
                    48,
                    47,
                    120
                ],
                [
                    48,
                    49,
                    120
                ],
                [
                    49,
                    48,
                    120
                ],
                [
                    49,
                    50,
                    120
                ],
                [
                    50,
                    49,
                    120
                ],
                [
                    50,
                    51,
                    120
                ],
                [
                    51,
                    50,
                    120
                ],
                [
                    51,
                    52,
                    120
                ],
                [
                    52,
                    51,
                    120
                ],
                [
                    52,
                    53,
                    120
                ],
                [
                    53,
                    52,
                    120
                ],
                [
                    53,
                    54,
                    120
                ],
                [
                    54,
                    53,
                    120
                ],
                [
                    54,
                    55,
                    120
                ],
                [
                    55,
                    54,
                    120
                ],
                [
                    55,
                    56,
                    120
                ],
                [
                    56,
                    55,
                    120
                ],
                [
                    56,
                    57,
                    120
                ],
                [
                    57,
                    56,
                    120
                ]
            ],
            "stations": [
                [
                    23,
                    "Estadio do Dragao",
                    0
                ],
                [
                    24,
                    "Campanha",
                    1
                ],
                [
                    25,
                    "Heroismo",
                    2
                ],
                [
                    26,
                    "Campo 24 Agosto",
                    3
                ],
                [
                    27,
                    "Bolhao",
                    4
                ],
                [
                    28,
                    "Trindade",
                    5
                ],
                [
                    29,
                    "Lapa",
                    6
                ],
                [
                    30,
                    "Carolina Michaelis",
                    7
                ],
                [
                    31,
                    "Casa da Musica",
                    8
                ],
                [
                    32,
                    "Francos",
                    9
                ],
                [
                    33,
                    "Ramalde",
                    10
                ],
                [
                    34,
                    "Viso",
                    11
                ],
                [
                    35,
                    "Sete Bicas",
                    12
                ],
                [
                    36,
                    "Senhora da Hora",
                    13
                ],
                [
                    37,
                    "Fonte do Cuco",
                    24
                ],
                [
                    38,
                    "Custoias",
                    25
                ],
                [
                    39,
                    "Esposade",
                    26
                ],
                [
                    40,
                    "Crestins",
                    27
                ],
                [
                    41,
                    "Verdes",
                    28
                ],
                [
                    42,
                    "Pedras Rubras",
                    29
                ],
                [
                    43,
                    "Lidador",
                    30
                ],
                [
                    44,
                    "Vilar do Pinheiro",
                    31
                ],
                [
                    45,
                    "Modivas Sul",
                    32
                ],
                [
                    46,
                    "Modivas Centro",
                    33
                ],
                [
                    47,
                    "Mindelo",
                    34
                ],
                [
                    48,
                    "Espaco Natureza",
                    35
                ],
                [
                    49,
                    "Varziela",
                    36
                ],
                [
                    50,
                    "Arvore",
                    37
                ],
                [
                    51,
                    "Azurara",
                    38
                ],
                [
                    52,
                    "Santa Clara",
                    39
                ],
                [
                    53,
                    "Vila do Conde",
                    40
                ],
                [
                    54,
                    "Alto de Pega",
                    41
                ],
                [
                    55,
                    "Portas Fronhas",
                    42
                ],
                [
                    56,
                    "Sao Bras",
                    43
                ],
                [
                    57,
                    "Povoa de Varzim",
                    44
                ]
            ],
            "text_id": 45
        },
        {
            "delays": [],
            "name": "C",
            "scheme": null,
            "segments": [
                [
                    58,
                    59,
                    120
                ],
                [
                    59,
                    58,
                    120
                ],
                [
                    59,
                    60,
                    120
                ],
                [
                    60,
                    59,
                    120
                ],
                [
                    60,
                    61,
                    120
                ],
                [
                    61,
                    60,
                    120
                ],
                [
                    61,
                    62,
                    120
                ],
                [
                    62,
                    61,
                    120
                ],
                [
                    62,
                    63,
                    120
                ],
                [
                    63,
                    62,
                    120
                ],
                [
                    63,
                    64,
                    120
                ],
                [
                    64,
                    63,
                    120
                ],
                [
                    64,
                    65,
                    120
                ],
                [
                    65,
                    64,
                    120
                ],
                [
                    65,
                    66,
                    120
                ],
                [
                    66,
                    65,
                    120
                ],
                [
                    66,
                    67,
                    120
                ],
                [
                    67,
                    66,
                    120
                ],
                [
                    67,
                    68,
                    120
                ],
                [
                    68,
                    67,
                    120
                ],
                [
                    68,
                    69,
                    120
                ],
                [
                    69,
                    68,
                    120
                ],
                [
                    69,
                    70,
                    120
                ],
                [
                    70,
                    69,
                    120
                ],
                [
                    70,
                    71,
                    120
                ],
                [
                    71,
                    70,
                    120
                ],
                [
                    71,
                    72,
                    120
                ],
                [
                    72,
                    71,
                    120
                ],
                [
                    72,
                    73,
                    120
                ],
                [
                    73,
                    72,
                    120
                ],
                [
                    73,
                    74,
                    120
                ],
                [
                    74,
                    73,
                    120
                ],
                [
                    74,
                    75,
                    120
                ],
                [
                    75,
                    74,
                    120
                ],
                [
                    75,
                    76,
                    120
                ],
                [
                    76,
                    75,
                    120
                ],
                [
                    76,
                    77,
                    120
                ],
                [
                    77,
                    76,
                    120
                ],
                [
                    77,
                    78,
                    120
                ],
                [
                    78,
                    77,
                    120
                ],
                [
                    78,
                    79,
                    120
                ],
                [
                    79,
                    78,
                    120
                ],
                [
                    79,
                    80,
                    120
                ],
                [
                    80,
                    79,
                    120
                ],
                [
                    80,
                    81,
                    120
                ],
                [
                    81,
                    80,
                    120
                ]
            ],
            "stations": [
                [
                    58,
                    "Campanha",
                    1
                ],
                [
                    59,
                    "Heroismo",
                    2
                ],
                [
                    60,
                    "Campo 24 Agosto",
                    3
                ],
                [
                    61,
                    "Bolhao",
                    4
                ],
                [
                    62,
                    "Trindade",
                    5
                ],
                [
                    63,
                    "Lapa",
                    6
                ],
                [
                    64,
                    "Carolina Michaelis",
                    7
                ],
                [
                    65,
                    "Casa da Musica",
                    8
                ],
                [
                    66,
                    "Francos",
                    9
                ],
                [
                    67,
                    "Ramalde",
                    10
                ],
                [
                    68,
                    "Viso",
                    11
                ],
                [
                    69,
                    "Sete Bicas",
                    12
                ],
                [
                    70,
                    "Senhora da Hora",
                    13
                ],
                [
                    71,
                    "Fonte do Cuco",
                    24
                ],
                [
                    72,
                    "Candido dos Reis",
                    46
                ],
                [
                    73,
                    "Pias",
                    47
                ],
                [
                    74,
                    "Araujo",
                    48
                ],
                [
                    75,
                    "Custio",
                    49
                ],
                [
                    76,
                    "Parque Maia",
                    50
                ],
                [
                    77,
                    "Forum Maia",
                    51
                ],
                [
                    78,
                    "Zona Industrial",
                    52
                ],
                [
                    79,
                    "Mandim",
                    53
                ],
                [
                    80,
                    "Castelo da Maia",
                    54
                ],
                [
                    81,
                    "ISMAI",
                    55
                ]
            ],
            "text_id": 56
        },
        {
            "delays": [],
            "name": "D",
            "scheme": null,
            "segments": [
                [
                    82,
                    83,
                    120
                ],
                [
                    83,
                    82,
                    120
                ],
                [
                    83,
                    84,
                    120
                ],
                [
                    84,
                    83,
                    120
                ],
                [
                    84,
                    85,
                    120
                ],
                [
                    85,
                    84,
                    120
                ],
                [
                    85,
                    86,
                    120
                ],
                [
                    86,
                    85,
                    120
                ],
                [
                    86,
                    87,
                    120
                ],
                [
                    87,
                    86,
                    120
                ],
                [
                    87,
                    88,
                    120
                ],
                [
                    88,
                    87,
                    120
                ],
                [
                    88,
                    89,
                    120
                ],
                [
                    89,
                    88,
                    120
                ],
                [
                    89,
                    90,
                    120
                ],
                [
                    90,
                    89,
                    120
                ],
                [
                    90,
                    91,
                    120
                ],
                [
                    91,
                    90,
                    120
                ],
                [
                    91,
                    92,
                    120
                ],
                [
                    92,
                    91,
                    120
                ],
                [
                    92,
                    93,
                    120
                ],
                [
                    93,
                    92,
                    120
                ],
                [
                    93,
                    94,
                    120
                ],
                [
                    94,
                    93,
                    120
                ],
                [
                    94,
                    95,
                    120
                ],
                [
                    95,
                    94,
                    120
                ],
                [
                    95,
                    96,
                    120
                ],
                [
                    96,
                    95,
                    120
                ],
                [
                    96,
                    97,
                    120
                ],
                [
                    97,
                    96,
                    120
                ]
            ],
            "stations": [
                [
                    82,
                    "Santo Ovidio",
                    57
                ],
                [
                    83,
                    "D.Joao II",
                    58
                ],
                [
                    84,
                    "Joao de Deus",
                    59
                ],
                [
                    85,
                    "Camara Gaia",
                    60
                ],
                [
                    86,
                    "General Torres",
                    61
                ],
                [
                    87,
                    "Jardim do Morro",
                    62
                ],
                [
                    88,
                    "Sao Bento",
                    63
                ],
                [
                    89,
                    "Aliados",
                    64
                ],
                [
                    90,
                    "Trindade",
                    5
                ],
                [
                    91,
                    "Faria Guimaraes",
                    65
                ],
                [
                    92,
                    "Marques",
                    66
                ],
                [
                    93,
                    "Combatentes",
                    67
                ],
                [
                    94,
                    "Salgueiros",
                    68
                ],
                [
                    95,
                    "Polo Universitario",
                    69
                ],
                [
                    96,
                    "IPO",
                    70
                ],
                [
                    97,
                    "Hospital Sao Joao",
                    71
                ]
            ],
            "text_id": 72
        },
        {
            "delays": [],
            "name": "E",
            "scheme": null,
            "segments": [
                [
                    98,
                    99,
                    120
                ],
                [
                    99,
                    98,
                    120
                ],
                [
                    99,
                    100,
                    120
                ],
                [
                    100,
                    99,
                    120
                ],
                [
                    100,
                    101,
                    120
                ],
                [
                    101,
                    100,
                    120
                ],
                [
                    101,
                    102,
                    120
                ],
                [
                    102,
                    101,
                    120
                ],
                [
                    102,
                    103,
                    120
                ],
                [
                    103,
                    102,
                    120
                ],
                [
                    103,
                    104,
                    120
                ],
                [
                    104,
                    103,
                    120
                ],
                [
                    104,
                    105,
                    120
                ],
                [
                    105,
                    104,
                    120
                ],
                [
                    105,
                    106,
                    120
                ],
                [
                    106,
                    105,
                    120
                ],
                [
                    106,
                    107,
                    120
                ],
                [
                    107,
                    106,
                    120
                ],
                [
                    107,
                    108,
                    120
                ],
                [
                    108,
                    107,
                    120
                ],
                [
                    108,
                    109,
                    120
                ],
                [
                    109,
                    108,
                    120
                ],
                [
                    109,
                    110,
                    120
                ],
                [
                    110,
                    109,
                    120
                ],
                [
                    110,
                    111,
                    120
                ],
                [
                    111,
                    110,
                    120
                ],
                [
                    111,
                    112,
                    120
                ],
                [
                    112,
                    111,
                    120
                ],
                [
                    112,
                    113,
                    120
                ],
                [
                    113,
                    112,
                    120
                ],
                [
                    113,
                    114,
                    120
                ],
                [
                    114,
                    113,
                    120
                ],
                [
                    114,
                    115,
                    120
                ],
                [
                    115,
                    114,
                    120
                ],
                [
                    115,
                    116,
                    120
                ],
                [
                    116,
                    115,
                    120
                ],
                [
                    116,
                    117,
                    120
                ],
                [
                    117,
                    116,
                    120
                ],
                [
                    117,
                    118,
                    120
                ],
                [
                    118,
                    117,
                    120
                ]
            ],
            "stations": [
                [
                    98,
                    "Estadio do Dragao",
                    0
                ],
                [
                    99,
                    "Campanha",
                    1
                ],
                [
                    100,
                    "Heroismo",
                    2
                ],
                [
                    101,
                    "Campo 24 Agosto",
                    3
                ],
                [
                    102,
                    "Bolhao",
                    4
                ],
                [
                    103,
                    "Trindade",
                    5
                ],
                [
                    104,
                    "Lapa",
                    6
                ],
                [
                    105,
                    "Carolina Michaelis",
                    7
                ],
                [
                    106,
                    "Casa da Musica",
                    8
                ],
                [
                    107,
                    "Francos",
                    9
                ],
                [
                    108,
                    "Ramalde",
                    10
                ],
                [
                    109,
                    "Viso",
                    11
                ],
                [
                    110,
                    "Sete Bicas",
                    12
                ],
                [
                    111,
                    "Senhora da Hora",
                    13
                ],
                [
                    112,
                    "Fonte do Cuco",
                    24
                ],
                [
                    113,
                    "Custoias",
                    25
                ],
                [
                    114,
                    "Esposade",
                    26
                ],
                [
                    115,
                    "Crestins",
                    27
                ],
                [
                    116,
                    "Verdes",
                    28
                ],
                [
                    117,
                    "Botica",
                    73
                ],
                [
                    118,
                    "Aeroporto",
                    74
                ]
            ],
            "text_id": 75
        },
        {
            "delays": [],
            "name": "F",
            "scheme": null,
            "segments": [
                [
                    119,
                    120,
                    120
                ],
                [
                    120,
                    119,
                    120
                ],
                [
                    120,
                    121,
                    120
                ],
                [
                    121,
                    120,
                    120
                ],
                [
                    121,
                    122,
                    120
                ],
                [
                    122,
                    121,
                    120
                ],
                [
                    122,
                    123,
                    120
                ],
                [
                    123,
                    122,
                    120
                ],
                [
                    123,
                    124,
                    120
                ],
                [
                    124,
                    123,
                    120
                ],
                [
                    124,
                    125,
                    120
                ],
                [
                    125,
                    124,
                    120
                ],
                [
                    125,
                    126,
                    120
                ],
                [
                    126,
                    125,
                    120
                ],
                [
                    126,
                    127,
                    120
                ],
                [
                    127,
                    126,
                    120
                ],
                [
                    127,
                    128,
                    120
                ],
                [
                    128,
                    127,
                    120
                ],
                [
                    128,
                    129,
                    120
                ],
                [
                    129,
                    128,
                    120
                ],
                [
                    129,
                    130,
                    120
                ],
                [
                    130,
                    129,
                    120
                ],
                [
                    130,
                    131,
                    120
                ],
                [
                    131,
                    130,
                    120
                ],
                [
                    131,
                    132,
                    120
                ],
                [
                    132,
                    131,
                    120
                ],
                [
                    132,
                    133,
                    120
                ],
                [
                    133,
                    132,
                    120
                ],
                [
                    133,
                    134,
                    120
                ],
                [
                    134,
                    133,
                    120
                ],
                [
                    134,
                    135,
                    120
                ],
                [
                    135,
                    134,
                    120
                ],
                [
                    135,
                    136,
                    120
                ],
                [
                    136,
                    135,
                    120
                ],
                [
                    136,
                    137,
                    120
                ],
                [
                    137,
                    136,
                    120
                ],
                [
                    137,
                    138,
                    120
                ],
                [
                    138,
                    137,
                    120
                ],
                [
                    138,
                    139,
                    120
                ],
                [
                    139,
                    138,
                    120
                ],
                [
                    139,
                    140,
                    120
                ],
                [
                    140,
                    139,
                    120
                ],
                [
                    140,
                    141,
                    120
                ],
                [
                    141,
                    140,
                    120
                ],
                [
                    141,
                    142,
                    120
                ],
                [
                    142,
                    141,
                    120
                ]
            ],
            "stations": [
                [
                    119,
                    "Fanzeres",
                    76
                ],
                [
                    120,
                    "Venda Nova",
                    77
                ],
                [
                    121,
                    "Carreira",
                    78
                ],
                [
                    122,
                    "Baguim",
                    79
                ],
                [
                    123,
                    "Campainha",
                    80
                ],
                [
                    124,
                    "Rio Tinto",
                    81
                ],
                [
                    125,
                    "Levada",
                    82
                ],
                [
                    126,
                    "Nau Vitoria",
                    83
                ],
                [
                    127,
                    "Nasoni",
                    84
                ],
                [
                    128,
                    "Contumil",
                    85
                ],
                [
                    129,
                    "Estadio do Dragao",
                    0
                ],
                [
                    130,
                    "Campanha",
                    1
                ],
                [
                    131,
                    "Heroismo",
                    2
                ],
                [
                    132,
                    "Campo 24 Agosto",
                    3
                ],
                [
                    133,
                    "Bolhao",
                    4
                ],
                [
                    134,
                    "Trindade",
                    5
                ],
                [
                    135,
                    "Lapa",
                    6
                ],
                [
                    136,
                    "Carolina Michaelis",
                    7
                ],
                [
                    137,
                    "Casa da Musica",
                    8
                ],
                [
                    138,
                    "Francos",
                    9
                ],
                [
                    139,
                    "Ramalde",
                    10
                ],
                [
                    140,
                    "Viso",
                    11
                ],
                [
                    141,
                    "Sete Bicas",
                    12
                ],
                [
                    142,
                    "Senhora da Hora",
                    13
                ]
            ],
            "text_id": 86
        }
    ],
    "name": "metro",
    "transfers": [
        [
            130,
            58,
            120,
            true
        ],
        [
            23,
            98,
            120,
            true
        ],
        [
            23,
            0,
            120,
            true
        ],
        [
            23,
            129,
            120,
            true
        ],
        [
            98,
            0,
            120,
            true
        ],
        [
            98,
            129,
            120,
            true
        ],
        [
            0,
            129,
            120,
            true
        ],
        [
            130,
            1,
            120,
            true
        ],
        [
            130,
            99,
            120,
            true
        ],
        [
            130,
            24,
            120,
            true
        ],
        [
            37,
            71,
            120,
            true
        ],
        [
            37,
            112,
            120,
            true
        ],
        [
            71,
            112,
            120,
            true
        ],
        [
            13,
            36,
            120,
            true
        ],
        [
            13,
            70,
            120,
            true
        ],
        [
            13,
            111,
            120,
            true
        ],
        [
            13,
            142,
            120,
            true
        ],
        [
            36,
            70,
            120,
            true
        ],
        [
            36,
            111,
            120,
            true
        ],
        [
            36,
            142,
            120,
            true
        ],
        [
            70,
            111,
            120,
            true
        ],
        [
            70,
            142,
            120,
            true
        ],
        [
            111,
            142,
            120,
            true
        ],
        [
            5,
            28,
            120,
            true
        ],
        [
            5,
            62,
            120,
            true
        ],
        [
            5,
            90,
            120,
            true
        ],
        [
            5,
            103,
            120,
            true
        ],
        [
            5,
            134,
            120,
            true
        ],
        [
            28,
            62,
            120,
            true
        ],
        [
            28,
            90,
            120,
            true
        ],
        [
            28,
            103,
            120,
            true
        ],
        [
            28,
            134,
            120,
            true
        ],
        [
            62,
            90,
            120,
            true
        ],
        [
            62,
            103,
            120,
            true
        ],
        [
            62,
            134,
            120,
            true
        ],
        [
            90,
            103,
            120,
            true
        ],
        [
            90,
            134,
            120,
            true
        ],
        [
            103,
            134,
            120,
            true
        ],
        [
            41,
            116,
            120,
            true
        ],
        [
            1,
            99,
            120,
            true
        ],
        [
            1,
            58,
            120,
            true
        ],
        [
            99,
            24,
            120,
            true
        ],
        [
            99,
            58,
            120,
            true
        ],
        [
            24,
            58,
            120,
            true
        ],
        [
            1,
            24,
            120,
            true
        ]
    ],
    "type_name": "Метро"
}