{
    "lines": [
        {
            "delays": [],
            "name": "1",
            "scheme": null,
            "segments": [
                [
                    0,
                    1,
                    120
                ],
                [
                    1,
                    0,
                    120
                ],
                [
                    1,
                    2,
                    120
                ],
                [
                    2,
                    1,
                    120
                ],
                [
                    2,
                    3,
                    120
                ],
                [
                    3,
                    2,
                    120
                ],
                [
                    3,
                    4,
                    120
                ],
                [
                    4,
                    3,
                    120
                ],
                [
                    4,
                    5,
                    120
                ],
                [
                    5,
                    4,
                    120
                ],
                [
                    5,
                    6,
                    120
                ],
                [
                    6,
                    5,
                    120
                ],
                [
                    6,
                    7,
                    120
                ],
                [
                    7,
                    6,
                    120
                ],
                [
                    7,
                    8,
                    120
                ],
                [
                    8,
                    7,
                    120
                ],
                [
                    8,
                    9,
                    120
                ],
                [
                    9,
                    8,
                    120
                ],
                [
                    9,
                    10,
                    120
                ],
                [
                    10,
                    9,
                    120
                ],
                [
                    10,
                    11,
                    120
                ],
                [
                    11,
                    10,
                    180
                ],
                [
                    11,
                    12,
                    180
                ],
                [
                    12,
                    11,
                    180
                ],
                [
                    12,
                    13,
                    180
                ],
                [
                    13,
                    12,
                    120
                ],
                [
                    13,
                    14,
                    120
                ],
                [
                    14,
                    13,
                    120
                ],
                [
                    14,
                    15,
                    180
                ],
                [
                    15,
                    14,
                    180
                ],
                [
                    15,
                    16,
                    180
                ],
                [
                    16,
                    15,
                    180
                ],
                [
                    16,
                    17,
                    120
                ],
                [
                    17,
                    16,
                    120
                ],
                [
                    17,
                    18,
                    120
                ],
                [
                    18,
                    17,
                    120
                ]
            ],
            "stations": [
                [
                    0,
                    "Vilarinho",
                    0
                ],
                [
                    1,
                    "Floramar",
                    1
                ],
                [
                    2,
                    "Waldomiro Lobo",
                    2
                ],
                [
                    3,
                    "Primeiro de Maio",
                    3
                ],
                [
                    4,
                    "Sao Gabriel",
                    4
                ],
                [
                    5,
                    "Minas Shopping",
                    5
                ],
                [
                    6,
                    "Jose Candido Silveira",
                    6
                ],
                [
                    7,
                    "Santa Ines",
                    7
                ],
                [
                    8,
                    "Horto",
                    8
                ],
                [
                    9,
                    "Santa Tereza",
                    9
                ],
                [
                    10,
                    "Santa Efigenia",
                    10
                ],
                [
                    11,
                    "Central",
                    11
                ],
                [
                    12,
                    "Lagoinha",
                    12
                ],
                [
                    13,
                    "Carlos Prates",
                    13
                ],
                [
                    14,
                    "Calafate",
                    14
                ],
                [
                    15,
                    "Gameleira",
                    15
                ],
                [
                    16,
                    "Vila Oeste",
                    16
                ],
                [
                    17,
                    "Cidade Industrial",
                    17
                ],
                [
                    18,
                    "Eldorado",
                    18
                ]
            ],
            "text_id": 19
        }
    ],
    "name": "metro",
    "transfers": [],
    "type_name": "Метро"
}