{
    "default_transports": [
        "metro"
    ],
    "height": 690,
    "images": [
        "res/schemes/alekseevskaja.svg"
    ],
    "is_vector": true,
    "lines": [
        {
            "labels_bg_color": "-1",
            "labels_color": "000000",
            "line_color": "E41c0c",
            "line_width": 9,
            "name": "Холодногорско-Заводская",
            "segments": [],
            "stations": [
                {
                    "coord": null,
                    "is_working": false,
                    "name": "Залютино",
                    "rect": null,
                    "text_id": 0,
                    "uid": 0
                },
                {
                    "coord": null,
                    "is_working": true,
                    "name": "Холодная Гора",
                    "rect": null,
                    "text_id": 1,
                    "uid": 1
                },
                {
                    "coord": null,
                    "is_working": true,
                    "name": "Южный Вокзал",
                    "rect": null,
                    "text_id": 2,
                    "uid": 2
                },
                {
                    "coord": null,
                    "is_working": true,
                    "name": "Центральный рынок",
                    "rect": null,
                    "text_id": 3,
                    "uid": 3
                },
                {
                    "coord": null,
                    "is_working": true,
                    "name": "Советская",
                    "rect": null,
                    "text_id": 4,
                    "uid": 4
                },
                {
                    "coord": null,
                    "is_working": true,
                    "name": "Проспект Гагарина",
                    "rect": null,
                    "text_id": 5,
                    "uid": 5
                },
                {
                    "coord": [
                        181,
                        220
                    ],
                    "is_working": true,
                    "name": "Спортивная",
                    "rect": [
                        70,
                        210,
                        100,
                        20
                    ],
                    "text_id": 6,
                    "uid": 6
                },
                {
                    "coord": null,
                    "is_working": true,
                    "name": "Завод им. Малышева",
                    "rect": null,
                    "text_id": 7,
                    "uid": 7
                },
                {
                    "coord": null,
                    "is_working": true,
                    "name": "Московский проспект",
                    "rect": null,
                    "text_id": 8,
                    "uid": 8
                },
                {
                    "coord": null,
                    "is_working": true,
                    "name": "Маршала Жукова",
                    "rect": null,
                    "text_id": 9,
                    "uid": 9
                },
                {
                    "coord": null,
                    "is_working": true,
                    "name": "Им.Советской Армии",
                    "rect": null,
                    "text_id": 10,
                    "uid": 10
                },
                {
                    "coord": null,
                    "is_working": true,
                    "name": "Им. А.С.Масельского",
                    "rect": null,
                    "text_id": 11,
                    "uid": 11
                },
                {
                    "coord": null,
                    "is_working": true,
                    "name": "Тракторный Завод",
                    "rect": null,
                    "text_id": 12,
                    "uid": 12
                },
                {
                    "coord": null,
                    "is_working": true,
                    "name": "Пролетарская",
                    "rect": null,
                    "text_id": 13,
                    "uid": 13
                },
                {
                    "coord": null,
                    "is_working": false,
                    "name": "Восточная",
                    "rect": null,
                    "text_id": 14,
                    "uid": 14
                },
                {
                    "coord": null,
                    "is_working": false,
                    "name": "Роганская",
                    "rect": null,
                    "text_id": 15,
                    "uid": 15
                },
                {
                    "coord": null,
                    "is_working": false,
                    "name": "Южная",
                    "rect": null,
                    "text_id": 16,
                    "uid": 16
                }
            ],
            "text_id": 17
        },
        {
            "labels_bg_color": "-1",
            "labels_color": "000000",
            "line_color": "34349C",
            "line_width": 9,
            "name": "Салтовская",
            "segments": [],
            "stations": [
                {
                    "coord": null,
                    "is_working": false,
                    "name": "Октябрьская",
                    "rect": null,
                    "text_id": 18,
                    "uid": 17
                },
                {
                    "coord": null,
                    "is_working": false,
                    "name": "Пл. Урицкого",
                    "rect": null,
                    "text_id": 19,
                    "uid": 18
                },
                {
                    "coord": null,
                    "is_working": true,
                    "name": "Исторический музей",
                    "rect": null,
                    "text_id": 20,
                    "uid": 19
                },
                {
                    "coord": [
                        181,
                        340
                    ],
                    "is_working": true,
                    "name": "Университет",
                    "rect": [
                        70,
                        330,
                        100,
                        20
                    ],
                    "text_id": 21,
                    "uid": 20
                },
                {
                    "coord": null,
                    "is_working": true,
                    "name": "Пушкинская",
                    "rect": null,
                    "text_id": 22,
                    "uid": 21
                },
                {
                    "coord": null,
                    "is_working": true,
                    "name": "Киевская",
                    "rect": null,
                    "text_id": 23,
                    "uid": 22
                },
                {
                    "coord": null,
                    "is_working": true,
                    "name": "Академика Барабашова",
                    "rect": null,
                    "text_id": 24,
                    "uid": 23
                },
                {
                    "coord": null,
                    "is_working": true,
                    "name": "Академика Павлова",
                    "rect": null,
                    "text_id": 25,
                    "uid": 24
                },
                {
                    "coord": null,
                    "is_working": true,
                    "name": "Студенческая",
                    "rect": null,
                    "text_id": 26,
                    "uid": 25
                },
                {
                    "coord": null,
                    "is_working": true,
                    "name": "Героев Труда",
                    "rect": null,
                    "text_id": 27,
                    "uid": 26
                },
                {
                    "coord": null,
                    "is_working": false,
                    "name": "Дружбы Народов",
                    "rect": null,
                    "text_id": 28,
                    "uid": 27
                }
            ],
            "text_id": 29
        },
        {
            "labels_bg_color": "-1",
            "labels_color": "000000",
            "line_color": "046434",
            "line_width": 9,
            "name": "Алексеевская",
            "segments": [
                [
                    28,
                    29,
                    [
                        [
                            200,
                            100
                        ],
                        [
                            200,
                            60
                        ]
                    ],
                    false
                ],
                [
                    29,
                    30,
                    [
                        [
                            200,
                            140
                        ],
                        [
                            200,
                            100
                        ]
                    ],
                    false
                ],
                [
                    30,
                    31,
                    [
                        [
                            200,
                            180
                        ],
                        [
                            200,
                            140
                        ]
                    ],
                    false
                ],
                [
                    31,
                    32,
                    [
                        [
                            200,
                            220
                        ],
                        [
                            200,
                            180
                        ]
                    ],
                    false
                ],
                [
                    32,
                    33,
                    [
                        [
                            200,
                            260
                        ],
                        [
                            200,
                            220
                        ]
                    ],
                    true
                ],
                [
                    33,
                    34,
                    [
                        [
                            200,
                            300
                        ],
                        [
                            200,
                            260
                        ]
                    ],
                    true
                ],
                [
                    34,
                    35,
                    [
                        [
                            200,
                            340
                        ],
                        [
                            200,
                            300
                        ]
                    ],
                    true
                ],
                [
                    35,
                    36,
                    [
                        [
                            200,
                            380
                        ],
                        [
                            200,
                            340
                        ]
                    ],
                    true
                ],
                [
                    36,
                    37,
                    [
                        [
                            200,
                            420
                        ],
                        [
                            200,
                            380
                        ]
                    ],
                    true
                ],
                [
                    37,
                    38,
                    [
                        [
                            200,
                            460
                        ],
                        [
                            200,
                            420
                        ]
                    ],
                    true
                ],
                [
                    38,
                    39,
                    [
                        [
                            200,
                            500
                        ],
                        [
                            200,
                            460
                        ]
                    ],
                    true
                ],
                [
                    39,
                    40,
                    [
                        [
                            200,
                            540
                        ],
                        [
                            200,
                            500
                        ]
                    ],
                    false
                ]
            ],
            "stations": [
                {
                    "coord": [
                        200,
                        60
                    ],
                    "is_working": false,
                    "name": "Аэропорт",
                    "rect": [
                        215,
                        50,
                        100,
                        20
                    ],
                    "text_id": 30,
                    "uid": 28
                },
                {
                    "coord": [
                        200,
                        100
                    ],
                    "is_working": false,
                    "name": "Мотель \"Дружба\"",
                    "rect": [
                        215,
                        90,
                        100,
                        20
                    ],
                    "text_id": 31,
                    "uid": 29
                },
                {
                    "coord": [
                        200,
                        140
                    ],
                    "is_working": false,
                    "name": "Одесская",
                    "rect": [
                        215,
                        130,
                        100,
                        20
                    ],
                    "text_id": 32,
                    "uid": 30
                },
                {
                    "coord": [
                        200,
                        180
                    ],
                    "is_working": false,
                    "name": "Державинская",
                    "rect": [
                        215,
                        170,
                        100,
                        20
                    ],
                    "text_id": 33,
                    "uid": 31
                },
                {
                    "coord": [
                        200,
                        220
                    ],
                    "is_working": true,
                    "name": "Метростроителей",
                    "rect": [
                        215,
                        210,
                        100,
                        20
                    ],
                    "text_id": 34,
                    "uid": 32
                },
                {
                    "coord": [
                        200,
                        260
                    ],
                    "is_working": true,
                    "name": "Площадь Восстания",
                    "rect": [
                        215,
                        250,
                        100,
                        20
                    ],
                    "text_id": 35,
                    "uid": 33
                },
                {
                    "coord": [
                        200,
                        300
                    ],
                    "is_working": true,
                    "name": "Архитектора Бекетова",
                    "rect": [
                        215,
                        290,
                        100,
                        20
                    ],
                    "text_id": 36,
                    "uid": 34
                },
                {
                    "coord": [
                        200,
                        340
                    ],
                    "is_working": true,
                    "name": "Госпром",
                    "rect": [
                        215,
                        330,
                        100,
                        20
                    ],
                    "text_id": 37,
                    "uid": 35
                },
                {
                    "coord": [
                        200,
                        380
                    ],
                    "is_working": true,
                    "name": "Научная",
                    "rect": [
                        215,
                        370,
                        100,
                        20
                    ],
                    "text_id": 38,
                    "uid": 36
                },
                {
                    "coord": [
                        200,
                        420
                    ],
                    "is_working": true,
                    "name": "Ботанический Сад",
                    "rect": [
                        215,
                        410,
                        100,
                        20
                    ],
                    "text_id": 39,
                    "uid": 37
                },
                {
                    "coord": [
                        200,
                        460
                    ],
                    "is_working": true,
                    "name": "23-го Августа",
                    "rect": [
                        215,
                        450,
                        100,
                        20
                    ],
                    "text_id": 40,
                    "uid": 38
                },
                {
                    "coord": [
                        200,
                        500
                    ],
                    "is_working": true,
                    "name": "Алексеевская",
                    "rect": [
                        215,
                        490,
                        100,
                        20
                    ],
                    "text_id": 41,
                    "uid": 39
                },
                {
                    "coord": [
                        200,
                        540
                    ],
                    "is_working": false,
                    "name": "Проспект Победы",
                    "rect": [
                        215,
                        530,
                        100,
                        20
                    ],
                    "text_id": 42,
                    "uid": 40
                }
            ],
            "text_id": 41
        }
    ],
    "lines_width": 9,
    "name": "alekseevskaja",
    "name_text_id": 41,
    "stations_diameter": 16.0,
    "transfers": [
        [
            4,
            19,
            null,
            null
        ],
        [
            20,
            35,
            [
                181,
                340
            ],
            [
                200,
                340
            ]
        ],
        [
            32,
            6,
            [
                200,
                220
            ],
            [
                181,
                220
            ]
        ]
    ],
    "transports": [
        "metro"
    ],
    "type_name": "Метро",
    "type_text_id": 49,
    "upper_case": true,
    "width": 350,
    "word_wrap": true
}