{
    "default_transports": [
        "metro"
    ],
    "height": 900,
    "images": [
        "res/schemes/kharkovv.svg"
    ],
    "is_vector": true,
    "lines": [
        {
            "labels_bg_color": "-1",
            "labels_color": "E41c0c",
            "line_color": "E41c0c",
            "line_width": 10,
            "name": "Холодногорско-Заводская",
            "segments": [
                [
                    0,
                    1,
                    [
                        [
                            66,
                            491
                        ],
                        [
                            25,
                            560
                        ]
                    ],
                    false
                ],
                [
                    1,
                    2,
                    [
                        [
                            123,
                            431
                        ],
                        [
                            66,
                            491
                        ]
                    ],
                    true
                ],
                [
                    2,
                    3,
                    [
                        [
                            164,
                            404
                        ],
                        [
                            123,
                            431
                        ]
                    ],
                    true
                ],
                [
                    3,
                    4,
                    [
                        [
                            195,
                            390
                        ],
                        [
                            164,
                            404
                        ]
                    ],
                    true
                ],
                [
                    4,
                    5,
                    [
                        [
                            237,
                            443
                        ],
                        [
                            195,
                            390
                        ]
                    ],
                    true
                ],
                [
                    5,
                    6,
                    [
                        [
                            301,
                            476
                        ],
                        [
                            237,
                            443
                        ]
                    ],
                    true
                ],
                [
                    6,
                    7,
                    [
                        [
                            351,
                            513
                        ],
                        [
                            301,
                            476
                        ]
                    ],
                    true
                ],
                [
                    7,
                    8,
                    [
                        [
                            408,
                            498
                        ],
                        [
                            351,
                            513
                        ]
                    ],
                    true
                ],
                [
                    8,
                    9,
                    [
                        [
                            464,
                            503
                        ],
                        [
                            408,
                            498
                        ]
                    ],
                    true
                ],
                [
                    9,
                    10,
                    [
                        [
                            521,
                            529
                        ],
                        [
                            464,
                            503
                        ]
                    ],
                    true
                ],
                [
                    10,
                    11,
                    [
                        [
                            568,
                            550
                        ],
                        [
                            521,
                            529
                        ]
                    ],
                    true
                ],
                [
                    11,
                    12,
                    [
                        [
                            623,
                            574
                        ],
                        [
                            568,
                            550
                        ]
                    ],
                    true
                ],
                [
                    12,
                    13,
                    [
                        [
                            694,
                            605
                        ],
                        [
                            623,
                            574
                        ]
                    ],
                    true
                ],
                [
                    13,
                    14,
                    [
                        [
                            743,
                            640
                        ],
                        [
                            694,
                            605
                        ]
                    ],
                    false
                ],
                [
                    14,
                    15,
                    [
                        [
                            782,
                            695
                        ],
                        [
                            743,
                            640
                        ]
                    ],
                    false
                ],
                [
                    15,
                    16,
                    [
                        [
                            786,
                            750
                        ],
                        [
                            782,
                            695
                        ]
                    ],
                    false
                ]
            ],
            "stations": [
                {
                    "coord": [
                        25,
                        560
                    ],
                    "is_working": false,
                    "name": "Залютино",
                    "rect": [
                        34,
                        561,
                        65,
                        15
                    ],
                    "text_id": 0,
                    "uid": 0
                },
                {
                    "coord": [
                        66,
                        491
                    ],
                    "is_working": true,
                    "name": "Холодная Гора",
                    "rect": [
                        75,
                        491,
                        65,
                        28
                    ],
                    "text_id": 1,
                    "uid": 1
                },
                {
                    "coord": [
                        123,
                        431
                    ],
                    "is_working": true,
                    "name": "Южный Вокзал",
                    "rect": [
                        121,
                        443,
                        50,
                        28
                    ],
                    "text_id": 2,
                    "uid": 2
                },
                {
                    "coord": [
                        164,
                        404
                    ],
                    "is_working": true,
                    "name": "Центральный рынок",
                    "rect": [
                        66,
                        383,
                        89,
                        28
                    ],
                    "text_id": 3,
                    "uid": 3
                },
                {
                    "coord": [
                        195,
                        390
                    ],
                    "is_working": true,
                    "name": "Советская",
                    "rect": [
                        188,
                        401,
                        69,
                        15
                    ],
                    "text_id": 4,
                    "uid": 4
                },
                {
                    "coord": [
                        237,
                        443
                    ],
                    "is_working": true,
                    "name": "Проспект Гагарина",
                    "rect": [
                        197,
                        454,
                        62,
                        28
                    ],
                    "text_id": 5,
                    "uid": 5
                },
                {
                    "coord": [
                        301,
                        476
                    ],
                    "is_working": true,
                    "name": "Спортивная",
                    "rect": [
                        311,
                        460,
                        79,
                        15
                    ],
                    "text_id": 6,
                    "uid": 6
                },
                {
                    "coord": [
                        351,
                        513
                    ],
                    "is_working": true,
                    "name": "Завод им. Малышева",
                    "rect": [
                        308,
                        522,
                        92,
                        28
                    ],
                    "text_id": 7,
                    "uid": 7
                },
                {
                    "coord": [
                        408,
                        498
                    ],
                    "is_working": true,
                    "name": "Московский проспект",
                    "rect": [
                        410,
                        460,
                        81,
                        28
                    ],
                    "text_id": 8,
                    "uid": 8
                },
                {
                    "coord": [
                        464,
                        503
                    ],
                    "is_working": true,
                    "name": "Маршала Жукова",
                    "rect": [
                        406,
                        511,
                        61,
                        28
                    ],
                    "text_id": 9,
                    "uid": 9
                },
                {
                    "coord": [
                        521,
                        529
                    ],
                    "is_working": true,
                    "name": "Им.Советской Армии",
                    "rect": [
                        428,
                        541,
                        91,
                        28
                    ],
                    "text_id": 10,
                    "uid": 10
                },
                {
                    "coord": [
                        568,
                        550
                    ],
                    "is_working": true,
                    "name": "Им. А.С.Масельского",
                    "rect": [
                        570,
                        513,
                        107,
                        28
                    ],
                    "text_id": 11,
                    "uid": 11
                },
                {
                    "coord": [
                        623,
                        574
                    ],
                    "is_working": true,
                    "name": "Тракторный Завод",
                    "rect": [
                        630,
                        542,
                        78,
                        28
                    ],
                    "text_id": 12,
                    "uid": 12
                },
                {
                    "coord": [
                        694,
                        605
                    ],
                    "is_working": true,
                    "name": "Пролетарская",
                    "rect": [
                        698,
                        581,
                        90,
                        15
                    ],
                    "text_id": 13,
                    "uid": 13
                },
                {
                    "coord": [
                        743,
                        640
                    ],
                    "is_working": false,
                    "name": "Восточная",
                    "rect": [
                        667,
                        644,
                        71,
                        15
                    ],
                    "text_id": 14,
                    "uid": 14
                },
                {
                    "coord": [
                        782,
                        695
                    ],
                    "is_working": false,
                    "name": "Роганская",
                    "rect": [
                        702,
                        695,
                        69,
                        15
                    ],
                    "text_id": 15,
                    "uid": 15
                },
                {
                    "coord": [
                        786,
                        750
                    ],
                    "is_working": false,
                    "name": "Южная",
                    "rect": [
                        728,
                        745,
                        46,
                        15
                    ],
                    "text_id": 16,
                    "uid": 16
                }
            ],
            "text_id": 17
        },
        {
            "labels_bg_color": "-1",
            "labels_color": "34349C",
            "line_color": "34349C",
            "line_width": 10,
            "name": "Салтовская",
            "segments": [
                [
                    17,
                    18,
                    [
                        [
                            170,
                            516
                        ],
                        [
                            166,
                            595
                        ]
                    ],
                    false
                ],
                [
                    18,
                    19,
                    [
                        [
                            204,
                            379
                        ],
                        [
                            170,
                            516
                        ]
                    ],
                    false
                ],
                [
                    19,
                    20,
                    [
                        [
                            199,
                            351
                        ],
                        [
                            204,
                            379
                        ]
                    ],
                    true
                ],
                [
                    20,
                    21,
                    [
                        [
                            247,
                            312
                        ],
                        [
                            199,
                            351
                        ]
                    ],
                    true
                ],
                [
                    21,
                    22,
                    [
                        [
                            321,
                            333
                        ],
                        [
                            247,
                            312
                        ]
                    ],
                    true
                ],
                [
                    22,
                    23,
                    [
                        [
                            398,
                            329
                        ],
                        [
                            321,
                            333
                        ]
                    ],
                    true
                ],
                [
                    23,
                    24,
                    [
                        [
                            437,
                            299
                        ],
                        [
                            398,
                            329
                        ]
                    ],
                    true
                ],
                [
                    24,
                    25,
                    [
                        [
                            469,
                            260
                        ],
                        [
                            437,
                            299
                        ]
                    ],
                    true
                ],
                [
                    25,
                    26,
                    [
                        [
                            491,
                            224
                        ],
                        [
                            469,
                            260
                        ]
                    ],
                    true
                ],
                [
                    26,
                    27,
                    [
                        [
                            511,
                            180
                        ],
                        [
                            491,
                            224
                        ]
                    ],
                    false
                ]
            ],
            "stations": [
                {
                    "coord": [
                        166,
                        595
                    ],
                    "is_working": false,
                    "name": "Октябрьская",
                    "rect": [
                        175,
                        590,
                        83,
                        15
                    ],
                    "text_id": 18,
                    "uid": 17
                },
                {
                    "coord": [
                        170,
                        516
                    ],
                    "is_working": false,
                    "name": "Пл. Урицкого",
                    "rect": [
                        177,
                        519,
                        59,
                        28
                    ],
                    "text_id": 19,
                    "uid": 18
                },
                {
                    "coord": [
                        204,
                        379
                    ],
                    "is_working": true,
                    "name": "Исторический музей",
                    "rect": [
                        96,
                        355,
                        93,
                        28
                    ],
                    "text_id": 20,
                    "uid": 19
                },
                {
                    "coord": [
                        199,
                        351
                    ],
                    "is_working": true,
                    "name": "Университет",
                    "rect": [
                        108,
                        338,
                        81,
                        15
                    ],
                    "text_id": 21,
                    "uid": 20
                },
                {
                    "coord": [
                        247,
                        312
                    ],
                    "is_working": true,
                    "name": "Пушкинская",
                    "rect": [
                        217,
                        288,
                        78,
                        15
                    ],
                    "text_id": 22,
                    "uid": 21
                },
                {
                    "coord": [
                        321,
                        333
                    ],
                    "is_working": true,
                    "name": "Киевская",
                    "rect": [
                        307,
                        306,
                        61,
                        15
                    ],
                    "text_id": 23,
                    "uid": 22
                },
                {
                    "coord": [
                        398,
                        329
                    ],
                    "is_working": true,
                    "name": "Академика Барабашова",
                    "rect": [
                        328,
                        350,
                        83,
                        28
                    ],
                    "text_id": 24,
                    "uid": 23
                },
                {
                    "coord": [
                        437,
                        299
                    ],
                    "is_working": true,
                    "name": "Академика Павлова",
                    "rect": [
                        448,
                        295,
                        71,
                        28
                    ],
                    "text_id": 25,
                    "uid": 24
                },
                {
                    "coord": [
                        469,
                        260
                    ],
                    "is_working": true,
                    "name": "Студенческая",
                    "rect": [
                        477,
                        262,
                        88,
                        15
                    ],
                    "text_id": 26,
                    "uid": 25
                },
                {
                    "coord": [
                        491,
                        224
                    ],
                    "is_working": true,
                    "name": "Героев Труда",
                    "rect": [
                        500,
                        226,
                        47,
                        28
                    ],
                    "text_id": 27,
                    "uid": 26
                },
                {
                    "coord": [
                        511,
                        180
                    ],
                    "is_working": false,
                    "name": "Дружбы Народов",
                    "rect": [
                        519,
                        173,
                        56,
                        28
                    ],
                    "text_id": 28,
                    "uid": 27
                }
            ],
            "text_id": 29
        },
        {
            "labels_bg_color": "-1",
            "labels_color": "046434",
            "line_color": "046434",
            "line_width": 10,
            "name": "Алексеевская",
            "segments": [
                [
                    28,
                    29,
                    [
                        [
                            302,
                            672
                        ],
                        [
                            340,
                            698
                        ]
                    ],
                    false
                ],
                [
                    29,
                    30,
                    [
                        [
                            291,
                            610
                        ],
                        [
                            302,
                            672
                        ]
                    ],
                    false
                ],
                [
                    30,
                    31,
                    [
                        [
                            294,
                            512
                        ],
                        [
                            291,
                            610
                        ]
                    ],
                    false
                ],
                [
                    31,
                    32,
                    [
                        [
                            298,
                            461
                        ],
                        [
                            294,
                            512
                        ]
                    ],
                    false
                ],
                [
                    32,
                    33,
                    [
                        [
                            268,
                            398
                        ],
                        [
                            298,
                            461
                        ]
                    ],
                    true
                ],
                [
                    33,
                    34,
                    [
                        [
                            227,
                            361
                        ],
                        [
                            268,
                            398
                        ]
                    ],
                    true
                ],
                [
                    34,
                    35,
                    [
                        [
                            200,
                            337
                        ],
                        [
                            227,
                            361
                        ]
                    ],
                    true
                ],
                [
                    35,
                    36,
                    [
                        [
                            187,
                            285
                        ],
                        [
                            200,
                            337
                        ]
                    ],
                    true
                ],
                [
                    36,
                    37,
                    [
                        [
                            185,
                            248
                        ],
                        [
                            187,
                            285
                        ]
                    ],
                    true
                ],
                [
                    37,
                    38,
                    [
                        [
                            180,
                            219
                        ],
                        [
                            185,
                            248
                        ]
                    ],
                    true
                ],
                [
                    38,
                    39,
                    [
                        [
                            144,
                            167
                        ],
                        [
                            180,
                            219
                        ]
                    ],
                    true
                ],
                [
                    39,
                    40,
                    [
                        [
                            99,
                            126
                        ],
                        [
                            144,
                            167
                        ]
                    ],
                    false
                ]
            ],
            "stations": [
                {
                    "coord": [
                        340,
                        698
                    ],
                    "is_working": false,
                    "name": "Аэропорт",
                    "rect": [
                        350,
                        694,
                        61,
                        15
                    ],
                    "text_id": 30,
                    "uid": 28
                },
                {
                    "coord": [
                        302,
                        672
                    ],
                    "is_working": false,
                    "name": "Мотель \"Дружба\"",
                    "rect": [
                        235,
                        672,
                        57,
                        28
                    ],
                    "text_id": 31,
                    "uid": 29
                },
                {
                    "coord": [
                        291,
                        610
                    ],
                    "is_working": false,
                    "name": "Одесская",
                    "rect": [
                        300,
                        604,
                        62,
                        15
                    ],
                    "text_id": 32,
                    "uid": 30
                },
                {
                    "coord": [
                        294,
                        512
                    ],
                    "is_working": false,
                    "name": "Державинская",
                    "rect": [
                        228,
                        502,
                        94,
                        15
                    ],
                    "text_id": 33,
                    "uid": 31
                },
                {
                    "coord": [
                        298,
                        461
                    ],
                    "is_working": true,
                    "name": "Метростроителей",
                    "rect": [
                        306,
                        441,
                        111,
                        15
                    ],
                    "text_id": 34,
                    "uid": 32
                },
                {
                    "coord": [
                        268,
                        398
                    ],
                    "is_working": true,
                    "name": "Площадь Восстания",
                    "rect": [
                        278,
                        385,
                        72,
                        28
                    ],
                    "text_id": 35,
                    "uid": 33
                },
                {
                    "coord": [
                        227,
                        361
                    ],
                    "is_working": true,
                    "name": "Архитектора Бекетова",
                    "rect": [
                        240,
                        342,
                        82,
                        28
                    ],
                    "text_id": 36,
                    "uid": 34
                },
                {
                    "coord": [
                        200,
                        337
                    ],
                    "is_working": true,
                    "name": "Госпром",
                    "rect": [
                        134,
                        321,
                        56,
                        15
                    ],
                    "text_id": 37,
                    "uid": 35
                },
                {
                    "coord": [
                        187,
                        285
                    ],
                    "is_working": true,
                    "name": "Научная",
                    "rect": [
                        125,
                        283,
                        55,
                        15
                    ],
                    "text_id": 38,
                    "uid": 36
                },
                {
                    "coord": [
                        185,
                        248
                    ],
                    "is_working": true,
                    "name": "Ботанический Сад",
                    "rect": [
                        83,
                        241,
                        94,
                        28
                    ],
                    "text_id": 39,
                    "uid": 37
                },
                {
                    "coord": [
                        180,
                        219
                    ],
                    "is_working": true,
                    "name": "23-го Августа",
                    "rect": [
                        190,
                        199,
                        52,
                        28
                    ],
                    "text_id": 40,
                    "uid": 38
                },
                {
                    "coord": [
                        144,
                        167
                    ],
                    "is_working": true,
                    "name": "Алексеевская",
                    "rect": [
                        155,
                        158,
                        90,
                        15
                    ],
                    "text_id": 41,
                    "uid": 39
                },
                {
                    "coord": [
                        99,
                        126
                    ],
                    "is_working": false,
                    "name": "Проспект Победы",
                    "rect": [
                        19,
                        117,
                        62,
                        28
                    ],
                    "text_id": 42,
                    "uid": 40
                }
            ],
            "text_id": 41
        },
        {
            "labels_bg_color": "-1",
            "labels_color": "543C04",
            "line_color": "543C04",
            "line_width": 10,
            "name": "Салтовское ответление",
            "segments": [
                [
                    41,
                    42,
                    [
                        [
                            471,
                            355
                        ],
                        [
                            407,
                            339
                        ]
                    ],
                    false
                ],
                [
                    42,
                    43,
                    [
                        [
                            513,
                            359
                        ],
                        [
                            471,
                            355
                        ]
                    ],
                    false
                ],
                [
                    43,
                    44,
                    [
                        [
                            552,
                            318
                        ],
                        [
                            513,
                            359
                        ]
                    ],
                    false
                ]
            ],
            "stations": [
                {
                    "coord": [
                        407,
                        339
                    ],
                    "is_working": false,
                    "name": "Академика Барабашова",
                    "rect": [
                        328,
                        350,
                        83,
                        28
                    ],
                    "text_id": 24,
                    "uid": 41
                },
                {
                    "coord": [
                        471,
                        355
                    ],
                    "is_working": false,
                    "name": "Гвардейцев Широненцев",
                    "rect": [
                        421,
                        366,
                        81,
                        28
                    ],
                    "text_id": 43,
                    "uid": 42
                },
                {
                    "coord": [
                        513,
                        359
                    ],
                    "is_working": false,
                    "name": "Тракторостроителей",
                    "rect": [
                        520,
                        364,
                        130,
                        15
                    ],
                    "text_id": 44,
                    "uid": 43
                },
                {
                    "coord": [
                        552,
                        318
                    ],
                    "is_working": false,
                    "name": "Восточная Салтовка",
                    "rect": [
                        561,
                        314,
                        73,
                        28
                    ],
                    "text_id": 45,
                    "uid": 44
                }
            ],
            "text_id": 46
        }
    ],
    "lines_width": 10,
    "name": "metro",
    "name_text_id": 47,
    "stations_diameter": 14.0,
    "transfers": [
        [
            4,
            19,
            [
                195,
                390
            ],
            [
                204,
                379
            ]
        ],
        [
            20,
            35,
            [
                199,
                351
            ],
            [
                200,
                337
            ]
        ],
        [
            32,
            6,
            [
                298,
                461
            ],
            [
                301,
                476
            ]
        ],
        [
            23,
            41,
            [
                398,
                329
            ],
            [
                407,
                339
            ]
        ]
    ],
    "transports": [
        "metro"
    ],
    "type_name": "ROOT",
    "type_text_id": 48,
    "upper_case": true,
    "width": 936,
    "word_wrap": true
}