{
    "default_transports": [
        "metro"
    ],
    "height": 1078,
    "images": [
        "res/schemes/hangzhou.svg"
    ],
    "is_vector": true,
    "lines": [
        {
            "labels_bg_color": "-1",
            "labels_color": "DB372B",
            "line_color": "DB372B",
            "line_width": 7,
            "name": "1",
            "segments": [
                [
                    0,
                    1,
                    [
                        [
                            378,
                            799
                        ],
                        [
                            409,
                            830
                        ]
                    ],
                    true
                ],
                [
                    1,
                    2,
                    [
                        [
                            355,
                            750
                        ],
                        [
                            355.0,
                            776.0
                        ],
                        [
                            378,
                            799
                        ]
                    ],
                    true
                ],
                [
                    2,
                    3,
                    [
                        [
                            355,
                            701
                        ],
                        [
                            355,
                            750
                        ]
                    ],
                    true
                ],
                [
                    3,
                    4,
                    [
                        [
                            329,
                            655
                        ],
                        [
                            355.0,
                            681.0
                        ],
                        [
                            355,
                            701
                        ]
                    ],
                    true
                ],
                [
                    4,
                    5,
                    [
                        [
                            276,
                            602
                        ],
                        [
                            329,
                            655
                        ]
                    ],
                    true
                ],
                [
                    5,
                    6,
                    [
                        [
                            246,
                            572
                        ],
                        [
                            276,
                            602
                        ]
                    ],
                    true
                ],
                [
                    6,
                    7,
                    [
                        [
                            217,
                            543
                        ],
                        [
                            246,
                            572
                        ]
                    ],
                    true
                ],
                [
                    7,
                    8,
                    [
                        [
                            168,
                            530
                        ],
                        [
                            204.0,
                            530.0
                        ],
                        [
                            217,
                            543
                        ]
                    ],
                    true
                ],
                [
                    8,
                    9,
                    [
                        [
                            138,
                            502
                        ],
                        [
                            138.0,
                            518.0
                        ],
                        [
                            150.0,
                            530.0
                        ],
                        [
                            168,
                            530
                        ]
                    ],
                    true
                ],
                [
                    9,
                    10,
                    [
                        [
                            138,
                            455
                        ],
                        [
                            138,
                            502
                        ]
                    ],
                    true
                ],
                [
                    10,
                    11,
                    [
                        [
                            138,
                            416
                        ],
                        [
                            138,
                            455
                        ]
                    ],
                    true
                ],
                [
                    11,
                    12,
                    [
                        [
                            164,
                            376
                        ],
                        [
                            138.0,
                            402.0
                        ],
                        [
                            138,
                            416
                        ]
                    ],
                    true
                ],
                [
                    12,
                    13,
                    [
                        [
                            215,
                            362
                        ],
                        [
                            178.0,
                            362.0
                        ],
                        [
                            164,
                            376
                        ]
                    ],
                    true
                ],
                [
                    13,
                    14,
                    [
                        [
                            281,
                            333
                        ],
                        [
                            252.0,
                            362.0
                        ],
                        [
                            215,
                            362
                        ]
                    ],
                    true
                ],
                [
                    14,
                    15,
                    [
                        [
                            337,
                            333
                        ],
                        [
                            281,
                            333
                        ]
                    ],
                    true
                ],
                [
                    15,
                    16,
                    [
                        [
                            387,
                            333
                        ],
                        [
                            337,
                            333
                        ]
                    ],
                    true
                ],
                [
                    16,
                    17,
                    [
                        [
                            433,
                            311
                        ],
                        [
                            411.0,
                            333.0
                        ],
                        [
                            387,
                            333
                        ]
                    ],
                    true
                ],
                [
                    17,
                    18,
                    [
                        [
                            481,
                            291
                        ],
                        [
                            453.0,
                            291.0
                        ],
                        [
                            433,
                            311
                        ]
                    ],
                    true
                ],
                [
                    18,
                    19,
                    [
                        [
                            529,
                            291
                        ],
                        [
                            481,
                            291
                        ]
                    ],
                    true
                ],
                [
                    19,
                    20,
                    [
                        [
                            588,
                            291
                        ],
                        [
                            529,
                            291
                        ]
                    ],
                    true
                ],
                [
                    20,
                    21,
                    [
                        [
                            649,
                            291
                        ],
                        [
                            588,
                            291
                        ]
                    ],
                    true
                ],
                [
                    20,
                    28,
                    [
                        [
                            612,
                            245
                        ],
                        [
                            612.0,
                            267.0
                        ],
                        [
                            588,
                            291
                        ]
                    ],
                    true
                ],
                [
                    21,
                    22,
                    [
                        [
                            711,
                            291
                        ],
                        [
                            649,
                            291
                        ]
                    ],
                    true
                ],
                [
                    22,
                    23,
                    [
                        [
                            771,
                            291
                        ],
                        [
                            711,
                            291
                        ]
                    ],
                    true
                ],
                [
                    23,
                    24,
                    [
                        [
                            828,
                            291
                        ],
                        [
                            771,
                            291
                        ]
                    ],
                    true
                ],
                [
                    24,
                    25,
                    [
                        [
                            881,
                            291
                        ],
                        [
                            828,
                            291
                        ]
                    ],
                    true
                ],
                [
                    25,
                    26,
                    [
                        [
                            914,
                            324
                        ],
                        [
                            881,
                            291
                        ]
                    ],
                    true
                ],
                [
                    26,
                    27,
                    [
                        [
                            914,
                            366
                        ],
                        [
                            914,
                            324
                        ]
                    ],
                    true
                ],
                [
                    28,
                    29,
                    [
                        [
                            612,
                            201
                        ],
                        [
                            612,
                            245
                        ]
                    ],
                    true
                ],
                [
                    29,
                    30,
                    [
                        [
                            612,
                            157
                        ],
                        [
                            612,
                            201
                        ]
                    ],
                    true
                ],
                [
                    30,
                    31,
                    [
                        [
                            612,
                            113
                        ],
                        [
                            612,
                            157
                        ]
                    ],
                    true
                ],
                [
                    31,
                    32,
                    [
                        [
                            612,
                            68
                        ],
                        [
                            612,
                            113
                        ]
                    ],
                    true
                ],
                [
                    32,
                    33,
                    [
                        [
                            612,
                            23
                        ],
                        [
                            612,
                            68
                        ]
                    ],
                    true
                ]
            ],
            "stations": [
                {
                    "coord": [
                        409,
                        830
                    ],
                    "is_working": true,
                    "name": "Xianghu",
                    "rect": [
                        418,
                        823,
                        42,
                        15
                    ],
                    "text_id": 0,
                    "uid": 0
                },
                {
                    "coord": [
                        378,
                        799
                    ],
                    "is_working": true,
                    "name": "Binkang Road",
                    "rect": [
                        387,
                        788,
                        72,
                        15
                    ],
                    "text_id": 1,
                    "uid": 1
                },
                {
                    "coord": [
                        355,
                        750
                    ],
                    "is_working": true,
                    "name": "Xixing",
                    "rect": [
                        364,
                        743,
                        33,
                        15
                    ],
                    "text_id": 2,
                    "uid": 2
                },
                {
                    "coord": [
                        355,
                        701
                    ],
                    "is_working": true,
                    "name": "Binhe Road",
                    "rect": [
                        364,
                        694,
                        60,
                        15
                    ],
                    "text_id": 3,
                    "uid": 3
                },
                {
                    "coord": [
                        329,
                        655
                    ],
                    "is_working": true,
                    "name": "Jiangling Road",
                    "rect": [
                        338,
                        644,
                        76,
                        15
                    ],
                    "text_id": 4,
                    "uid": 4
                },
                {
                    "coord": [
                        276,
                        602
                    ],
                    "is_working": true,
                    "name": "Jinjiang",
                    "rect": [
                        224,
                        597,
                        41,
                        15
                    ],
                    "text_id": 5,
                    "uid": 5
                },
                {
                    "coord": [
                        246,
                        572
                    ],
                    "is_working": true,
                    "name": "Wujiang Road",
                    "rect": [
                        166,
                        568,
                        71,
                        15
                    ],
                    "text_id": 6,
                    "uid": 6
                },
                {
                    "coord": [
                        217,
                        543
                    ],
                    "is_working": true,
                    "name": "Chengzhan",
                    "rect": [
                        226,
                        532,
                        57,
                        15
                    ],
                    "text_id": 7,
                    "uid": 7
                },
                {
                    "coord": [
                        168,
                        530
                    ],
                    "is_working": true,
                    "name": "Ding'an Road",
                    "rect": [
                        127,
                        538,
                        68,
                        15
                    ],
                    "text_id": 8,
                    "uid": 8
                },
                {
                    "coord": [
                        138,
                        502
                    ],
                    "is_working": true,
                    "name": "Longxiangqiao",
                    "rect": [
                        147,
                        495,
                        74,
                        15
                    ],
                    "text_id": 9,
                    "uid": 9
                },
                {
                    "coord": [
                        138,
                        455
                    ],
                    "is_working": true,
                    "name": "Fengqi Road",
                    "rect": [
                        147,
                        448,
                        64,
                        15
                    ],
                    "text_id": 10,
                    "uid": 10
                },
                {
                    "coord": [
                        138,
                        416
                    ],
                    "is_working": true,
                    "name": "Wulin Square",
                    "rect": [
                        147,
                        409,
                        68,
                        15
                    ],
                    "text_id": 11,
                    "uid": 11
                },
                {
                    "coord": [
                        164,
                        376
                    ],
                    "is_working": true,
                    "name": "Xihuwenhua Square",
                    "rect": [
                        172,
                        380,
                        100,
                        15
                    ],
                    "text_id": 12,
                    "uid": 12
                },
                {
                    "coord": [
                        215,
                        362
                    ],
                    "is_working": true,
                    "name": "Datieguan",
                    "rect": [
                        191,
                        340,
                        52,
                        15
                    ],
                    "text_id": 13,
                    "uid": 13
                },
                {
                    "coord": [
                        281,
                        333
                    ],
                    "is_working": true,
                    "name": "Zhalongkou",
                    "rect": [
                        255,
                        310,
                        59,
                        15
                    ],
                    "text_id": 14,
                    "uid": 14
                },
                {
                    "coord": [
                        337,
                        333
                    ],
                    "is_working": true,
                    "name": "East Railway Station",
                    "rect": [
                        291,
                        291,
                        104,
                        15
                    ],
                    "text_id": 15,
                    "uid": 15
                },
                {
                    "coord": [
                        387,
                        333
                    ],
                    "is_working": true,
                    "name": "Pengbu",
                    "rect": [
                        370,
                        308,
                        39,
                        15
                    ],
                    "text_id": 16,
                    "uid": 16
                },
                {
                    "coord": [
                        433,
                        311
                    ],
                    "is_working": true,
                    "name": "Qibao",
                    "rect": [
                        442,
                        308,
                        31,
                        15
                    ],
                    "text_id": 17,
                    "uid": 17
                },
                {
                    "coord": [
                        481,
                        291
                    ],
                    "is_working": true,
                    "name": "Jiuhe Road",
                    "rect": [
                        455,
                        268,
                        58,
                        15
                    ],
                    "text_id": 18,
                    "uid": 18
                },
                {
                    "coord": [
                        529,
                        291
                    ],
                    "is_working": true,
                    "name": "Jiubao",
                    "rect": [
                        510,
                        299,
                        35,
                        15
                    ],
                    "text_id": 19,
                    "uid": 19
                },
                {
                    "coord": [
                        588,
                        291
                    ],
                    "is_working": true,
                    "name": "Coach Center",
                    "rect": [
                        565,
                        299,
                        70,
                        15
                    ],
                    "text_id": 20,
                    "uid": 20
                },
                {
                    "coord": [
                        649,
                        291
                    ],
                    "is_working": true,
                    "name": "West Xiasha",
                    "rect": [
                        631,
                        268,
                        64,
                        15
                    ],
                    "text_id": 21,
                    "uid": 21
                },
                {
                    "coord": [
                        711,
                        291
                    ],
                    "is_working": true,
                    "name": "Jinshahu",
                    "rect": [
                        689,
                        299,
                        47,
                        15
                    ],
                    "text_id": 22,
                    "uid": 22
                },
                {
                    "coord": [
                        771,
                        291
                    ],
                    "is_working": true,
                    "name": "Gaosha Road",
                    "rect": [
                        744,
                        268,
                        69,
                        15
                    ],
                    "text_id": 23,
                    "uid": 23
                },
                {
                    "coord": [
                        828,
                        291
                    ],
                    "is_working": true,
                    "name": "Wenze Road",
                    "rect": [
                        792,
                        299,
                        64,
                        15
                    ],
                    "text_id": 24,
                    "uid": 24
                },
                {
                    "coord": [
                        881,
                        291
                    ],
                    "is_working": true,
                    "name": "South Wenhai Road",
                    "rect": [
                        842,
                        267,
                        99,
                        15
                    ],
                    "text_id": 25,
                    "uid": 25
                },
                {
                    "coord": [
                        914,
                        324
                    ],
                    "is_working": true,
                    "name": "Yunshui",
                    "rect": [
                        863,
                        320,
                        42,
                        15
                    ],
                    "text_id": 26,
                    "uid": 26
                },
                {
                    "coord": [
                        914,
                        366
                    ],
                    "is_working": true,
                    "name": "Xiashajiangbin",
                    "rect": [
                        830,
                        359,
                        75,
                        15
                    ],
                    "text_id": 27,
                    "uid": 27
                },
                {
                    "coord": [
                        612,
                        245
                    ],
                    "is_working": true,
                    "name": "South Qiaosi",
                    "rect": [
                        621,
                        238,
                        65,
                        15
                    ],
                    "text_id": 28,
                    "uid": 28
                },
                {
                    "coord": [
                        612,
                        201
                    ],
                    "is_working": true,
                    "name": "Qiaosi",
                    "rect": [
                        621,
                        194,
                        34,
                        15
                    ],
                    "text_id": 29,
                    "uid": 29
                },
                {
                    "coord": [
                        612,
                        157
                    ],
                    "is_working": true,
                    "name": "Wengmei",
                    "rect": [
                        621,
                        150,
                        48,
                        15
                    ],
                    "text_id": 30,
                    "uid": 30
                },
                {
                    "coord": [
                        612,
                        113
                    ],
                    "is_working": true,
                    "name": "Yuhang Railway Station",
                    "rect": [
                        621,
                        106,
                        119,
                        15
                    ],
                    "text_id": 31,
                    "uid": 31
                },
                {
                    "coord": [
                        612,
                        68
                    ],
                    "is_working": true,
                    "name": "Nanyuan",
                    "rect": [
                        621,
                        61,
                        46,
                        15
                    ],
                    "text_id": 32,
                    "uid": 32
                },
                {
                    "coord": [
                        612,
                        23
                    ],
                    "is_working": true,
                    "name": "Linping",
                    "rect": [
                        621,
                        16,
                        38,
                        15
                    ],
                    "text_id": 33,
                    "uid": 33
                }
            ],
            "text_id": 34
        },
        {
            "labels_bg_color": "-1",
            "labels_color": "FF8000",
            "line_color": "FF8000",
            "line_width": 7,
            "name": "2",
            "segments": [
                [
                    34,
                    35,
                    [
                        [
                            431,
                            547
                        ],
                        [
                            378,
                            494
                        ]
                    ],
                    true
                ],
                [
                    35,
                    36,
                    [
                        [
                            464,
                            580
                        ],
                        [
                            431,
                            547
                        ]
                    ],
                    true
                ],
                [
                    36,
                    37,
                    [
                        [
                            487,
                            603
                        ],
                        [
                            464,
                            580
                        ]
                    ],
                    true
                ],
                [
                    37,
                    38,
                    [
                        [
                            522,
                            638
                        ],
                        [
                            487,
                            603
                        ]
                    ],
                    true
                ],
                [
                    38,
                    39,
                    [
                        [
                            522,
                            673
                        ],
                        [
                            522,
                            638
                        ]
                    ],
                    true
                ],
                [
                    39,
                    40,
                    [
                        [
                            522,
                            707
                        ],
                        [
                            522,
                            673
                        ]
                    ],
                    true
                ],
                [
                    40,
                    41,
                    [
                        [
                            522,
                            745
                        ],
                        [
                            522,
                            707
                        ]
                    ],
                    true
                ],
                [
                    41,
                    42,
                    [
                        [
                            522,
                            779
                        ],
                        [
                            522,
                            745
                        ]
                    ],
                    true
                ],
                [
                    42,
                    43,
                    [
                        [
                            522,
                            815
                        ],
                        [
                            522,
                            779
                        ]
                    ],
                    true
                ],
                [
                    43,
                    44,
                    [
                        [
                            522,
                            853
                        ],
                        [
                            522,
                            815
                        ]
                    ],
                    true
                ],
                [
                    44,
                    45,
                    [
                        [
                            522,
                            890
                        ],
                        [
                            522,
                            853
                        ]
                    ],
                    true
                ],
                [
                    45,
                    46,
                    [
                        [
                            522,
                            928
                        ],
                        [
                            522,
                            890
                        ]
                    ],
                    true
                ]
            ],
            "stations": [
                {
                    "coord": [
                        378,
                        494
                    ],
                    "is_working": true,
                    "name": "Qianjiang Road",
                    "rect": [
                        276,
                        486,
                        78,
                        15
                    ],
                    "text_id": 35,
                    "uid": 34
                },
                {
                    "coord": [
                        431,
                        547
                    ],
                    "is_working": true,
                    "name": "Qianjiang Century City",
                    "rect": [
                        440,
                        536,
                        114,
                        15
                    ],
                    "text_id": 36,
                    "uid": 35
                },
                {
                    "coord": [
                        464,
                        580
                    ],
                    "is_working": true,
                    "name": "Yingfeng Road",
                    "rect": [
                        473,
                        569,
                        74,
                        15
                    ],
                    "text_id": 37,
                    "uid": 36
                },
                {
                    "coord": [
                        487,
                        603
                    ],
                    "is_working": true,
                    "name": "Feihong Road",
                    "rect": [
                        496,
                        592,
                        70,
                        15
                    ],
                    "text_id": 38,
                    "uid": 37
                },
                {
                    "coord": [
                        522,
                        638
                    ],
                    "is_working": true,
                    "name": "Zhenning Road",
                    "rect": [
                        531,
                        631,
                        76,
                        15
                    ],
                    "text_id": 39,
                    "uid": 38
                },
                {
                    "coord": [
                        522,
                        673
                    ],
                    "is_working": true,
                    "name": "Jianshe Third Road",
                    "rect": [
                        531,
                        666,
                        98,
                        15
                    ],
                    "text_id": 40,
                    "uid": 39
                },
                {
                    "coord": [
                        522,
                        707
                    ],
                    "is_working": true,
                    "name": "Jianshe First Road",
                    "rect": [
                        531,
                        700,
                        95,
                        15
                    ],
                    "text_id": 41,
                    "uid": 40
                },
                {
                    "coord": [
                        522,
                        745
                    ],
                    "is_working": true,
                    "name": "Peoples' Square",
                    "rect": [
                        531,
                        738,
                        82,
                        15
                    ],
                    "text_id": 42,
                    "uid": 41
                },
                {
                    "coord": [
                        522,
                        779
                    ],
                    "is_working": true,
                    "name": "Hangzhou Power Plant",
                    "rect": [
                        531,
                        772,
                        113,
                        15
                    ],
                    "text_id": 43,
                    "uid": 42
                },
                {
                    "coord": [
                        522,
                        815
                    ],
                    "is_working": true,
                    "name": "Remin Road",
                    "rect": [
                        531,
                        808,
                        63,
                        15
                    ],
                    "text_id": 44,
                    "uid": 43
                },
                {
                    "coord": [
                        522,
                        853
                    ],
                    "is_working": true,
                    "name": "Panshui",
                    "rect": [
                        531,
                        846,
                        42,
                        15
                    ],
                    "text_id": 45,
                    "uid": 44
                },
                {
                    "coord": [
                        522,
                        890
                    ],
                    "is_working": true,
                    "name": "Caojiaqiao",
                    "rect": [
                        531,
                        883,
                        55,
                        15
                    ],
                    "text_id": 46,
                    "uid": 45
                },
                {
                    "coord": [
                        522,
                        928
                    ],
                    "is_working": true,
                    "name": "Chaoyang",
                    "rect": [
                        531,
                        921,
                        52,
                        15
                    ],
                    "text_id": 47,
                    "uid": 46
                }
            ],
            "text_id": 48
        },
        {
            "labels_bg_color": "-1",
            "labels_color": "00800",
            "line_color": "00800",
            "line_width": 7,
            "name": "4",
            "segments": [
                [
                    47,
                    48,
                    [
                        [
                            337,
                            346
                        ],
                        [
                            387,
                            346
                        ]
                    ],
                    true
                ],
                [
                    48,
                    49,
                    [
                        [
                            337,
                            376
                        ],
                        [
                            337,
                            346
                        ]
                    ],
                    true
                ],
                [
                    49,
                    50,
                    [
                        [
                            365,
                            404
                        ],
                        [
                            337,
                            376
                        ]
                    ],
                    true
                ],
                [
                    50,
                    51,
                    [
                        [
                            365,
                            443
                        ],
                        [
                            365,
                            404
                        ]
                    ],
                    true
                ],
                [
                    51,
                    52,
                    [
                        [
                            365,
                            494
                        ],
                        [
                            365,
                            443
                        ]
                    ],
                    true
                ],
                [
                    52,
                    53,
                    [
                        [
                            365,
                            526
                        ],
                        [
                            365,
                            494
                        ]
                    ],
                    true
                ],
                [
                    53,
                    54,
                    [
                        [
                            342,
                            549
                        ],
                        [
                            365,
                            526
                        ]
                    ],
                    true
                ],
                [
                    54,
                    55,
                    [
                        [
                            316,
                            575
                        ],
                        [
                            342,
                            549
                        ]
                    ],
                    true
                ],
                [
                    55,
                    56,
                    [
                        [
                            289,
                            602
                        ],
                        [
                            316,
                            575
                        ]
                    ],
                    true
                ]
            ],
            "stations": [
                {
                    "coord": [
                        387,
                        346
                    ],
                    "is_working": true,
                    "name": "Pengbu",
                    "rect": [
                        370,
                        308,
                        39,
                        15
                    ],
                    "text_id": 16,
                    "uid": 47
                },
                {
                    "coord": [
                        337,
                        346
                    ],
                    "is_working": true,
                    "name": "East Railway Station",
                    "rect": [
                        291,
                        291,
                        104,
                        15
                    ],
                    "text_id": 15,
                    "uid": 48
                },
                {
                    "coord": [
                        337,
                        376
                    ],
                    "is_working": true,
                    "name": "Xinfeng",
                    "rect": [
                        346,
                        364,
                        39,
                        15
                    ],
                    "text_id": 49,
                    "uid": 49
                },
                {
                    "coord": [
                        365,
                        404
                    ],
                    "is_working": true,
                    "name": "Xintang",
                    "rect": [
                        374,
                        397,
                        39,
                        15
                    ],
                    "text_id": 50,
                    "uid": 50
                },
                {
                    "coord": [
                        365,
                        443
                    ],
                    "is_working": true,
                    "name": "Jingfang",
                    "rect": [
                        374,
                        436,
                        44,
                        15
                    ],
                    "text_id": 51,
                    "uid": 51
                },
                {
                    "coord": [
                        365,
                        494
                    ],
                    "is_working": true,
                    "name": "Qianjiang Road",
                    "rect": [
                        276,
                        486,
                        78,
                        15
                    ],
                    "text_id": 35,
                    "uid": 52
                },
                {
                    "coord": [
                        365,
                        526
                    ],
                    "is_working": true,
                    "name": "Jiangjinlu",
                    "rect": [
                        305,
                        516,
                        50,
                        15
                    ],
                    "text_id": 52,
                    "uid": 53
                },
                {
                    "coord": [
                        342,
                        549
                    ],
                    "is_working": true,
                    "name": "Citizen Center",
                    "rect": [
                        349,
                        554,
                        72,
                        15
                    ],
                    "text_id": 53,
                    "uid": 54
                },
                {
                    "coord": [
                        316,
                        575
                    ],
                    "is_working": true,
                    "name": "Chengxinglu",
                    "rect": [
                        325,
                        571,
                        64,
                        15
                    ],
                    "text_id": 54,
                    "uid": 55
                },
                {
                    "coord": [
                        289,
                        602
                    ],
                    "is_working": true,
                    "name": "Jinjiang",
                    "rect": [
                        224,
                        597,
                        41,
                        15
                    ],
                    "text_id": 5,
                    "uid": 56
                }
            ],
            "text_id": 55
        }
    ],
    "lines_width": 7,
    "name": "metro",
    "name_text_id": 56,
    "stations_diameter": 13.0,
    "transfers": [
        [
            47,
            16,
            [
                387,
                346
            ],
            [
                387,
                333
            ]
        ],
        [
            48,
            15,
            [
                337,
                346
            ],
            [
                337,
                333
            ]
        ],
        [
            34,
            52,
            [
                378,
                494
            ],
            [
                365,
                494
            ]
        ],
        [
            56,
            5,
            [
                289,
                602
            ],
            [
                276,
                602
            ]
        ]
    ],
    "transports": [
        "metro"
    ],
    "type_name": "ROOT",
    "type_text_id": 57,
    "upper_case": false,
    "width": 1064,
    "word_wrap": false
}