{
    "0": "Schloss Strunkede",
    "1": "Herne Bahnhof",
    "2": "Herne Mitte",
    "3": "An der Kreuzkirche",
    "4": "Holkeskampring",
    "5": "Beminghausstrasse",
    "6": "Rensingstrasse",
    "7": "Riemke Markt",
    "8": "Zeche Constantin",
    "9": "Feldsieper Strasse",
    "10": "Deutsches Bergbau-Museum",
    "11": "Rathaus Nord",
    "12": "Bochum Hauptbahnhof",
    "13": "Oskar-Hoffmann-Strasse",
    "14": "Waldring",
    "15": "Wasserstrasse",
    "16": "Brenschederstrasse",
    "17": "Markstrasse",
    "18": "Ruhr-Universitat",
    "19": "Lennershof",
    "20": "Hustadt",
    "21": "U35",
    "22": "Train",
    "23": "ROOT",
    "24": "Shema ot 27.07.2007g.\nAvtor: Varlamov Dmitrij (www.chpeks.com)",
    "25": "Imported from http://pmetro.su"
}