{
    "default_transports": [
        "metro"
    ],
    "height": 976,
    "images": [
        "res/schemes/lille.svg"
    ],
    "is_vector": true,
    "lines": [
        {
            "labels_bg_color": "-1",
            "labels_color": "bfa000",
            "line_color": "dfb000",
            "line_width": 7,
            "name": "1",
            "segments": [
                [
                    0,
                    1,
                    [
                        [
                            624,
                            783
                        ],
                        [
                            624,
                            826
                        ]
                    ],
                    true
                ],
                [
                    1,
                    2,
                    [
                        [
                            624,
                            749
                        ],
                        [
                            624,
                            783
                        ]
                    ],
                    true
                ],
                [
                    2,
                    3,
                    [
                        [
                            577,
                            736
                        ],
                        [
                            611.0,
                            736.0
                        ],
                        [
                            624,
                            749
                        ]
                    ],
                    true
                ],
                [
                    3,
                    4,
                    [
                        [
                            554,
                            696
                        ],
                        [
                            567.0,
                            709.0
                        ],
                        [
                            567.0,
                            726.0
                        ],
                        [
                            577,
                            736
                        ]
                    ],
                    true
                ],
                [
                    4,
                    5,
                    [
                        [
                            497,
                            696
                        ],
                        [
                            554,
                            696
                        ]
                    ],
                    true
                ],
                [
                    5,
                    6,
                    [
                        [
                            481,
                            679
                        ],
                        [
                            497,
                            696
                        ]
                    ],
                    true
                ],
                [
                    6,
                    7,
                    [
                        [
                            457,
                            656
                        ],
                        [
                            481,
                            679
                        ]
                    ],
                    true
                ],
                [
                    7,
                    8,
                    [
                        [
                            434,
                            633
                        ],
                        [
                            457,
                            656
                        ]
                    ],
                    true
                ],
                [
                    8,
                    9,
                    [
                        [
                            427,
                            613
                        ],
                        [
                            434.0,
                            619.0
                        ],
                        [
                            434,
                            633
                        ]
                    ],
                    true
                ],
                [
                    9,
                    10,
                    [
                        [
                            391,
                            596
                        ],
                        [
                            411.0,
                            596.0
                        ],
                        [
                            427,
                            613
                        ]
                    ],
                    true
                ],
                [
                    10,
                    11,
                    [
                        [
                            344,
                            609
                        ],
                        [
                            357.0,
                            596.0
                        ],
                        [
                            391,
                            596
                        ]
                    ],
                    true
                ],
                [
                    11,
                    12,
                    [
                        [
                            327,
                            626
                        ],
                        [
                            344,
                            609
                        ]
                    ],
                    true
                ],
                [
                    12,
                    13,
                    [
                        [
                            311,
                            643
                        ],
                        [
                            327,
                            626
                        ]
                    ],
                    true
                ],
                [
                    13,
                    14,
                    [
                        [
                            291,
                            663
                        ],
                        [
                            311,
                            643
                        ]
                    ],
                    true
                ],
                [
                    14,
                    15,
                    [
                        [
                            291,
                            713
                        ],
                        [
                            291,
                            663
                        ]
                    ],
                    true
                ],
                [
                    15,
                    16,
                    [
                        [
                            247,
                            736
                        ],
                        [
                            261.0,
                            723.0
                        ],
                        [
                            281.0,
                            723.0
                        ],
                        [
                            291,
                            713
                        ]
                    ],
                    true
                ],
                [
                    16,
                    17,
                    [
                        [
                            247,
                            766
                        ],
                        [
                            247,
                            736
                        ]
                    ],
                    true
                ]
            ],
            "stations": [
                {
                    "coord": [
                        624,
                        826
                    ],
                    "is_working": true,
                    "name": "4 Cantons",
                    "rect": [
                        562,
                        821,
                        52,
                        15
                    ],
                    "text_id": 0,
                    "uid": 0
                },
                {
                    "coord": [
                        624,
                        783
                    ],
                    "is_working": true,
                    "name": "Cite Scientifique",
                    "rect": [
                        531,
                        776,
                        83,
                        15
                    ],
                    "text_id": 1,
                    "uid": 1
                },
                {
                    "coord": [
                        624,
                        749
                    ],
                    "is_working": true,
                    "name": "Triolo",
                    "rect": [
                        635,
                        743,
                        30,
                        15
                    ],
                    "text_id": 2,
                    "uid": 2
                },
                {
                    "coord": [
                        577,
                        736
                    ],
                    "is_working": true,
                    "name": "Villeneuve d'Ascq-Hotel de Ville",
                    "rect": [
                        444,
                        744,
                        160,
                        15
                    ],
                    "text_id": 3,
                    "uid": 3
                },
                {
                    "coord": [
                        554,
                        696
                    ],
                    "is_working": true,
                    "name": "Pont de Bois",
                    "rect": [
                        525,
                        676,
                        65,
                        15
                    ],
                    "text_id": 4,
                    "uid": 4
                },
                {
                    "coord": [
                        497,
                        696
                    ],
                    "is_working": true,
                    "name": "Lezennes",
                    "rect": [
                        475,
                        704,
                        49,
                        15
                    ],
                    "text_id": 5,
                    "uid": 5
                },
                {
                    "coord": [
                        481,
                        679
                    ],
                    "is_working": true,
                    "name": "Hellemmes",
                    "rect": [
                        489,
                        662,
                        58,
                        15
                    ],
                    "text_id": 6,
                    "uid": 6
                },
                {
                    "coord": [
                        457,
                        656
                    ],
                    "is_working": true,
                    "name": "Marbrerie",
                    "rect": [
                        465,
                        642,
                        50,
                        15
                    ],
                    "text_id": 7,
                    "uid": 7
                },
                {
                    "coord": [
                        434,
                        633
                    ],
                    "is_working": true,
                    "name": "Fives",
                    "rect": [
                        398,
                        632,
                        29,
                        15
                    ],
                    "text_id": 8,
                    "uid": 8
                },
                {
                    "coord": [
                        427,
                        613
                    ],
                    "is_working": true,
                    "name": "Caulier",
                    "rect": [
                        435,
                        602,
                        38,
                        15
                    ],
                    "text_id": 9,
                    "uid": 9
                },
                {
                    "coord": [
                        391,
                        596
                    ],
                    "is_working": true,
                    "name": "Gare Lille Flandres",
                    "rect": [
                        389,
                        474,
                        15,
                        96
                    ],
                    "text_id": 10,
                    "uid": 10
                },
                {
                    "coord": [
                        344,
                        609
                    ],
                    "is_working": true,
                    "name": "Rihour",
                    "rect": [
                        302,
                        595,
                        35,
                        15
                    ],
                    "text_id": 11,
                    "uid": 11
                },
                {
                    "coord": [
                        327,
                        626
                    ],
                    "is_working": true,
                    "name": "Republique-Beaux Arts",
                    "rect": [
                        202,
                        615,
                        117,
                        15
                    ],
                    "text_id": 12,
                    "uid": 12
                },
                {
                    "coord": [
                        311,
                        643
                    ],
                    "is_working": true,
                    "name": "Gambetta",
                    "rect": [
                        253,
                        631,
                        49,
                        15
                    ],
                    "text_id": 13,
                    "uid": 13
                },
                {
                    "coord": [
                        291,
                        663
                    ],
                    "is_working": true,
                    "name": "Wazemmes",
                    "rect": [
                        296,
                        667,
                        59,
                        15
                    ],
                    "text_id": 14,
                    "uid": 14
                },
                {
                    "coord": [
                        291,
                        713
                    ],
                    "is_working": true,
                    "name": "Porte de Postes",
                    "rect": [
                        195,
                        703,
                        80,
                        15
                    ],
                    "text_id": 15,
                    "uid": 15
                },
                {
                    "coord": [
                        247,
                        736
                    ],
                    "is_working": true,
                    "name": "C.H.R. Oscar Lambret",
                    "rect": [
                        128,
                        730,
                        111,
                        15
                    ],
                    "text_id": 16,
                    "uid": 16
                },
                {
                    "coord": [
                        247,
                        766
                    ],
                    "is_working": true,
                    "name": "C.H.R. B-Calmette",
                    "rect": [
                        146,
                        761,
                        93,
                        15
                    ],
                    "text_id": 17,
                    "uid": 17
                }
            ],
            "text_id": 18
        },
        {
            "labels_bg_color": "-1",
            "labels_color": "af0000",
            "line_color": "cf0000",
            "line_width": 7,
            "name": "2",
            "segments": [
                [
                    18,
                    19,
                    [
                        [
                            31,
                            523
                        ],
                        [
                            17.0,
                            510.0
                        ],
                        [
                            17,
                            493
                        ]
                    ],
                    true
                ],
                [
                    19,
                    20,
                    [
                        [
                            67,
                            523
                        ],
                        [
                            31,
                            523
                        ]
                    ],
                    true
                ],
                [
                    20,
                    21,
                    [
                        [
                            111,
                            523
                        ],
                        [
                            67,
                            523
                        ]
                    ],
                    true
                ],
                [
                    21,
                    22,
                    [
                        [
                            131,
                            543
                        ],
                        [
                            111,
                            523
                        ]
                    ],
                    true
                ],
                [
                    22,
                    23,
                    [
                        [
                            151,
                            563
                        ],
                        [
                            131,
                            543
                        ]
                    ],
                    true
                ],
                [
                    23,
                    24,
                    [
                        [
                            174,
                            586
                        ],
                        [
                            151,
                            563
                        ]
                    ],
                    true
                ],
                [
                    24,
                    25,
                    [
                        [
                            197,
                            609
                        ],
                        [
                            174,
                            586
                        ]
                    ],
                    true
                ],
                [
                    25,
                    26,
                    [
                        [
                            221,
                            633
                        ],
                        [
                            197,
                            609
                        ]
                    ],
                    true
                ],
                [
                    26,
                    27,
                    [
                        [
                            244,
                            656
                        ],
                        [
                            221,
                            633
                        ]
                    ],
                    true
                ],
                [
                    27,
                    28,
                    [
                        [
                            267,
                            679
                        ],
                        [
                            244,
                            656
                        ]
                    ],
                    true
                ],
                [
                    28,
                    29,
                    [
                        [
                            291,
                            703
                        ],
                        [
                            267,
                            679
                        ]
                    ],
                    true
                ],
                [
                    29,
                    30,
                    [
                        [
                            331,
                            703
                        ],
                        [
                            291,
                            703
                        ]
                    ],
                    true
                ],
                [
                    30,
                    31,
                    [
                        [
                            361,
                            703
                        ],
                        [
                            331,
                            703
                        ]
                    ],
                    true
                ],
                [
                    31,
                    32,
                    [
                        [
                            387,
                            676
                        ],
                        [
                            361,
                            703
                        ]
                    ],
                    true
                ],
                [
                    32,
                    33,
                    [
                        [
                            387,
                            649
                        ],
                        [
                            387,
                            676
                        ]
                    ],
                    true
                ],
                [
                    33,
                    34,
                    [
                        [
                            374,
                            603
                        ],
                        [
                            374.0,
                            636.0
                        ],
                        [
                            387,
                            649
                        ]
                    ],
                    true
                ],
                [
                    34,
                    35,
                    [
                        [
                            391,
                            586
                        ],
                        [
                            374,
                            603
                        ]
                    ],
                    true
                ],
                [
                    35,
                    36,
                    [
                        [
                            417,
                            586
                        ],
                        [
                            391,
                            586
                        ]
                    ],
                    true
                ],
                [
                    36,
                    37,
                    [
                        [
                            451,
                            586
                        ],
                        [
                            417,
                            586
                        ]
                    ],
                    true
                ],
                [
                    37,
                    38,
                    [
                        [
                            477,
                            586
                        ],
                        [
                            451,
                            586
                        ]
                    ],
                    true
                ],
                [
                    38,
                    39,
                    [
                        [
                            511,
                            586
                        ],
                        [
                            477,
                            586
                        ]
                    ],
                    true
                ],
                [
                    39,
                    40,
                    [
                        [
                            541,
                            586
                        ],
                        [
                            511,
                            586
                        ]
                    ],
                    true
                ],
                [
                    40,
                    41,
                    [
                        [
                            567,
                            559
                        ],
                        [
                            541,
                            586
                        ]
                    ],
                    true
                ],
                [
                    41,
                    42,
                    [
                        [
                            587,
                            519
                        ],
                        [
                            567.0,
                            539.0
                        ],
                        [
                            567,
                            559
                        ]
                    ],
                    true
                ],
                [
                    42,
                    43,
                    [
                        [
                            561,
                            479
                        ],
                        [
                            587.0,
                            506.0
                        ],
                        [
                            587,
                            519
                        ]
                    ],
                    true
                ],
                [
                    43,
                    44,
                    [
                        [
                            544,
                            449
                        ],
                        [
                            544.0,
                            463.0
                        ],
                        [
                            561,
                            479
                        ]
                    ],
                    true
                ],
                [
                    44,
                    45,
                    [
                        [
                            567,
                            426
                        ],
                        [
                            544,
                            449
                        ]
                    ],
                    true
                ],
                [
                    45,
                    46,
                    [
                        [
                            594,
                            399
                        ],
                        [
                            567,
                            426
                        ]
                    ],
                    true
                ],
                [
                    46,
                    47,
                    [
                        [
                            617,
                            376
                        ],
                        [
                            594,
                            399
                        ]
                    ],
                    true
                ],
                [
                    47,
                    48,
                    [
                        [
                            647,
                            359
                        ],
                        [
                            634.0,
                            359.0
                        ],
                        [
                            617,
                            376
                        ]
                    ],
                    true
                ],
                [
                    48,
                    49,
                    [
                        [
                            671,
                            346
                        ],
                        [
                            657.0,
                            359.0
                        ],
                        [
                            647,
                            359
                        ]
                    ],
                    true
                ],
                [
                    49,
                    50,
                    [
                        [
                            647,
                            329
                        ],
                        [
                            664.0,
                            329.0
                        ],
                        [
                            671.0,
                            336.0
                        ],
                        [
                            671,
                            346
                        ]
                    ],
                    true
                ],
                [
                    50,
                    51,
                    [
                        [
                            627,
                            309
                        ],
                        [
                            647,
                            329
                        ]
                    ],
                    true
                ],
                [
                    51,
                    52,
                    [
                        [
                            627,
                            283
                        ],
                        [
                            627,
                            309
                        ]
                    ],
                    true
                ],
                [
                    52,
                    53,
                    [
                        [
                            627,
                            253
                        ],
                        [
                            627,
                            283
                        ]
                    ],
                    true
                ],
                [
                    53,
                    54,
                    [
                        [
                            627,
                            223
                        ],
                        [
                            627,
                            253
                        ]
                    ],
                    true
                ],
                [
                    54,
                    55,
                    [
                        [
                            627,
                            189
                        ],
                        [
                            627,
                            223
                        ]
                    ],
                    true
                ],
                [
                    55,
                    56,
                    [
                        [
                            611,
                            153
                        ],
                        [
                            627.0,
                            169.0
                        ],
                        [
                            627,
                            189
                        ]
                    ],
                    true
                ],
                [
                    56,
                    57,
                    [
                        [
                            597,
                            119
                        ],
                        [
                            597.0,
                            139.0
                        ],
                        [
                            611,
                            153
                        ]
                    ],
                    true
                ],
                [
                    57,
                    58,
                    [
                        [
                            597,
                            86
                        ],
                        [
                            597,
                            119
                        ]
                    ],
                    true
                ],
                [
                    58,
                    59,
                    [
                        [
                            614,
                            69
                        ],
                        [
                            597,
                            86
                        ]
                    ],
                    true
                ],
                [
                    59,
                    60,
                    [
                        [
                            641,
                            43
                        ],
                        [
                            614,
                            69
                        ]
                    ],
                    true
                ],
                [
                    60,
                    61,
                    [
                        [
                            641,
                            16
                        ],
                        [
                            641,
                            43
                        ]
                    ],
                    true
                ]
            ],
            "stations": [
                {
                    "coord": [
                        17,
                        493
                    ],
                    "is_working": true,
                    "name": "St.Philibert",
                    "rect": [
                        29,
                        476,
                        56,
                        15
                    ],
                    "text_id": 19,
                    "uid": 18
                },
                {
                    "coord": [
                        31,
                        523
                    ],
                    "is_working": true,
                    "name": "Bourg",
                    "rect": [
                        31,
                        498,
                        32,
                        15
                    ],
                    "text_id": 20,
                    "uid": 19
                },
                {
                    "coord": [
                        67,
                        523
                    ],
                    "is_working": true,
                    "name": "Maison des Enfants",
                    "rect": [
                        21,
                        532,
                        99,
                        15
                    ],
                    "text_id": 21,
                    "uid": 20
                },
                {
                    "coord": [
                        111,
                        523
                    ],
                    "is_working": true,
                    "name": "Mitterie",
                    "rect": [
                        100,
                        505,
                        39,
                        15
                    ],
                    "text_id": 22,
                    "uid": 21
                },
                {
                    "coord": [
                        131,
                        543
                    ],
                    "is_working": true,
                    "name": "Pont Superieur",
                    "rect": [
                        139,
                        531,
                        75,
                        15
                    ],
                    "text_id": 23,
                    "uid": 22
                },
                {
                    "coord": [
                        151,
                        563
                    ],
                    "is_working": true,
                    "name": "Lomme Lambersart",
                    "rect": [
                        161,
                        549,
                        97,
                        15
                    ],
                    "text_id": 24,
                    "uid": 23
                },
                {
                    "coord": [
                        174,
                        586
                    ],
                    "is_working": true,
                    "name": "Canteleu",
                    "rect": [
                        180,
                        574,
                        46,
                        15
                    ],
                    "text_id": 25,
                    "uid": 24
                },
                {
                    "coord": [
                        197,
                        609
                    ],
                    "is_working": true,
                    "name": "Bois Blancs",
                    "rect": [
                        205,
                        596,
                        63,
                        15
                    ],
                    "text_id": 26,
                    "uid": 25
                },
                {
                    "coord": [
                        221,
                        633
                    ],
                    "is_working": true,
                    "name": "Port de Lille",
                    "rect": [
                        153,
                        633,
                        61,
                        15
                    ],
                    "text_id": 27,
                    "uid": 26
                },
                {
                    "coord": [
                        244,
                        656
                    ],
                    "is_working": true,
                    "name": "Cormontaigne",
                    "rect": [
                        166,
                        659,
                        71,
                        15
                    ],
                    "text_id": 28,
                    "uid": 27
                },
                {
                    "coord": [
                        267,
                        679
                    ],
                    "is_working": true,
                    "name": "Montebello",
                    "rect": [
                        204,
                        682,
                        56,
                        15
                    ],
                    "text_id": 29,
                    "uid": 28
                },
                {
                    "coord": [
                        291,
                        703
                    ],
                    "is_working": true,
                    "name": "Porte de Postes",
                    "rect": null,
                    "text_id": 15,
                    "uid": 29
                },
                {
                    "coord": [
                        331,
                        703
                    ],
                    "is_working": true,
                    "name": "Porte d'Arras",
                    "rect": [
                        325,
                        711,
                        15,
                        67
                    ],
                    "text_id": 30,
                    "uid": 30
                },
                {
                    "coord": [
                        361,
                        703
                    ],
                    "is_working": true,
                    "name": "Porte de Douai",
                    "rect": [
                        357,
                        711,
                        15,
                        75
                    ],
                    "text_id": 31,
                    "uid": 31
                },
                {
                    "coord": [
                        387,
                        676
                    ],
                    "is_working": true,
                    "name": "Porte de Valenciennes",
                    "rect": [
                        382,
                        687,
                        15,
                        113
                    ],
                    "text_id": 32,
                    "uid": 32
                },
                {
                    "coord": [
                        387,
                        649
                    ],
                    "is_working": true,
                    "name": "Lille Grand Palais",
                    "rect": [
                        322,
                        654,
                        90,
                        15
                    ],
                    "text_id": 33,
                    "uid": 33
                },
                {
                    "coord": [
                        374,
                        603
                    ],
                    "is_working": true,
                    "name": "Mairie de Lille",
                    "rect": [
                        367,
                        515,
                        15,
                        72
                    ],
                    "text_id": 34,
                    "uid": 34
                },
                {
                    "coord": [
                        391,
                        586
                    ],
                    "is_working": true,
                    "name": "Gare Lille Flandres",
                    "rect": null,
                    "text_id": 10,
                    "uid": 35
                },
                {
                    "coord": [
                        417,
                        586
                    ],
                    "is_working": true,
                    "name": "Gare Lille Europe",
                    "rect": [
                        412,
                        490,
                        15,
                        88
                    ],
                    "text_id": 35,
                    "uid": 36
                },
                {
                    "coord": [
                        451,
                        586
                    ],
                    "is_working": true,
                    "name": "St.Maurice Pellevoisin",
                    "rect": [
                        445,
                        465,
                        15,
                        113
                    ],
                    "text_id": 36,
                    "uid": 37
                },
                {
                    "coord": [
                        477,
                        586
                    ],
                    "is_working": true,
                    "name": "Mons Sarts",
                    "rect": [
                        469,
                        520,
                        15,
                        58
                    ],
                    "text_id": 37,
                    "uid": 38
                },
                {
                    "coord": [
                        511,
                        586
                    ],
                    "is_working": true,
                    "name": "Mairie de Mons",
                    "rect": [
                        505,
                        498,
                        15,
                        78
                    ],
                    "text_id": 38,
                    "uid": 39
                },
                {
                    "coord": [
                        541,
                        586
                    ],
                    "is_working": true,
                    "name": "Fort de Mons",
                    "rect": [
                        546,
                        594,
                        66,
                        15
                    ],
                    "text_id": 39,
                    "uid": 40
                },
                {
                    "coord": [
                        567,
                        559
                    ],
                    "is_working": true,
                    "name": "Les Pres",
                    "rect": [
                        575,
                        554,
                        46,
                        15
                    ],
                    "text_id": 40,
                    "uid": 41
                },
                {
                    "coord": [
                        587,
                        519
                    ],
                    "is_working": true,
                    "name": "Jean-Jaures",
                    "rect": [
                        597,
                        515,
                        63,
                        15
                    ],
                    "text_id": 41,
                    "uid": 42
                },
                {
                    "coord": [
                        561,
                        479
                    ],
                    "is_working": true,
                    "name": "Wasquehal-Pave de Lille",
                    "rect": [
                        570,
                        467,
                        124,
                        15
                    ],
                    "text_id": 42,
                    "uid": 43
                },
                {
                    "coord": [
                        544,
                        449
                    ],
                    "is_working": true,
                    "name": "Wasquehal-Hotel de Ville",
                    "rect": [
                        556,
                        445,
                        126,
                        15
                    ],
                    "text_id": 43,
                    "uid": 44
                },
                {
                    "coord": [
                        567,
                        426
                    ],
                    "is_working": true,
                    "name": "Croix-Centre",
                    "rect": [
                        496,
                        412,
                        65,
                        15
                    ],
                    "text_id": 44,
                    "uid": 45
                },
                {
                    "coord": [
                        594,
                        399
                    ],
                    "is_working": true,
                    "name": "Croix-Mairie",
                    "rect": [
                        523,
                        386,
                        63,
                        15
                    ],
                    "text_id": 45,
                    "uid": 46
                },
                {
                    "coord": [
                        617,
                        376
                    ],
                    "is_working": true,
                    "name": "Epeule-Montesquieu",
                    "rect": [
                        507,
                        359,
                        102,
                        15
                    ],
                    "text_id": 46,
                    "uid": 47
                },
                {
                    "coord": [
                        647,
                        359
                    ],
                    "is_working": true,
                    "name": "Roubaix-Charles de Gaulle",
                    "rect": [
                        645,
                        367,
                        135,
                        15
                    ],
                    "text_id": 47,
                    "uid": 48
                },
                {
                    "coord": [
                        671,
                        346
                    ],
                    "is_working": true,
                    "name": "Euroteleport",
                    "rect": [
                        681,
                        341,
                        62,
                        15
                    ],
                    "text_id": 48,
                    "uid": 49
                },
                {
                    "coord": [
                        647,
                        329
                    ],
                    "is_working": true,
                    "name": "Roubaix-Grand Place",
                    "rect": [
                        651,
                        307,
                        107,
                        15
                    ],
                    "text_id": 49,
                    "uid": 50
                },
                {
                    "coord": [
                        627,
                        309
                    ],
                    "is_working": true,
                    "name": "Gare-Jean Lebas",
                    "rect": [
                        532,
                        301,
                        86,
                        15
                    ],
                    "text_id": 50,
                    "uid": 51
                },
                {
                    "coord": [
                        627,
                        283
                    ],
                    "is_working": true,
                    "name": "Alsace",
                    "rect": [
                        582,
                        276,
                        37,
                        15
                    ],
                    "text_id": 51,
                    "uid": 52
                },
                {
                    "coord": [
                        627,
                        253
                    ],
                    "is_working": true,
                    "name": "Mercure",
                    "rect": [
                        576,
                        246,
                        43,
                        15
                    ],
                    "text_id": 52,
                    "uid": 53
                },
                {
                    "coord": [
                        627,
                        223
                    ],
                    "is_working": true,
                    "name": "Carliers",
                    "rect": [
                        576,
                        216,
                        42,
                        15
                    ],
                    "text_id": 53,
                    "uid": 54
                },
                {
                    "coord": [
                        627,
                        189
                    ],
                    "is_working": true,
                    "name": "Tourcoing-Sebastopol",
                    "rect": [
                        635,
                        184,
                        109,
                        15
                    ],
                    "text_id": 54,
                    "uid": 55
                },
                {
                    "coord": [
                        611,
                        153
                    ],
                    "is_working": true,
                    "name": "Tourcoing-Centre",
                    "rect": [
                        618,
                        139,
                        87,
                        15
                    ],
                    "text_id": 55,
                    "uid": 56
                },
                {
                    "coord": [
                        597,
                        119
                    ],
                    "is_working": true,
                    "name": "Colbert",
                    "rect": [
                        550,
                        112,
                        38,
                        15
                    ],
                    "text_id": 56,
                    "uid": 57
                },
                {
                    "coord": [
                        597,
                        86
                    ],
                    "is_working": true,
                    "name": "Phalempins",
                    "rect": [
                        527,
                        79,
                        60,
                        15
                    ],
                    "text_id": 57,
                    "uid": 58
                },
                {
                    "coord": [
                        614,
                        69
                    ],
                    "is_working": true,
                    "name": "Pont de Neuville",
                    "rect": [
                        525,
                        56,
                        83,
                        15
                    ],
                    "text_id": 58,
                    "uid": 59
                },
                {
                    "coord": [
                        641,
                        43
                    ],
                    "is_working": true,
                    "name": "Bourgogne",
                    "rect": [
                        576,
                        33,
                        56,
                        15
                    ],
                    "text_id": 59,
                    "uid": 60
                },
                {
                    "coord": [
                        641,
                        16
                    ],
                    "is_working": true,
                    "name": "C.H.Dron",
                    "rect": [
                        584,
                        11,
                        48,
                        15
                    ],
                    "text_id": 60,
                    "uid": 61
                }
            ],
            "text_id": 61
        }
    ],
    "lines_width": 7,
    "name": "metro",
    "name_text_id": 62,
    "stations_diameter": 13.0,
    "transfers": [
        [
            10,
            35,
            [
                391,
                596
            ],
            [
                391,
                586
            ]
        ],
        [
            15,
            29,
            [
                291,
                713
            ],
            [
                291,
                703
            ]
        ]
    ],
    "transports": [
        "metro"
    ],
    "type_name": "ROOT",
    "type_text_id": 63,
    "upper_case": false,
    "width": 821,
    "word_wrap": false
}