{
    "default_transports": [
        "metro"
    ],
    "height": 799,
    "images": [
        "res/schemes/rouen.svg"
    ],
    "is_vector": true,
    "lines": [
        {
            "labels_bg_color": "-1",
            "labels_color": "000000",
            "line_color": "0000cF",
            "line_width": 9,
            "name": "Metro",
            "segments": [
                [
                    0,
                    1,
                    [
                        [
                            387,
                            33
                        ],
                        [
                            424,
                            50
                        ]
                    ],
                    true
                ],
                [
                    1,
                    2,
                    [
                        [
                            353,
                            36
                        ],
                        [
                            387,
                            33
                        ]
                    ],
                    true
                ],
                [
                    2,
                    3,
                    [
                        [
                            333,
                            92
                        ],
                        [
                            353,
                            36
                        ]
                    ],
                    true
                ],
                [
                    3,
                    4,
                    [
                        [
                            317,
                            131
                        ],
                        [
                            333,
                            92
                        ]
                    ],
                    true
                ],
                [
                    4,
                    5,
                    [
                        [
                            303,
                            162
                        ],
                        [
                            317,
                            131
                        ]
                    ],
                    true
                ],
                [
                    5,
                    6,
                    [
                        [
                            277,
                            199
                        ],
                        [
                            303,
                            162
                        ]
                    ],
                    true
                ],
                [
                    6,
                    7,
                    [
                        [
                            234,
                            216
                        ],
                        [
                            277,
                            199
                        ]
                    ],
                    true
                ],
                [
                    6,
                    18,
                    [
                        [
                            271,
                            231
                        ],
                        [
                            277,
                            199
                        ]
                    ],
                    true
                ],
                [
                    7,
                    8,
                    [
                        [
                            192,
                            230
                        ],
                        [
                            234,
                            216
                        ]
                    ],
                    true
                ],
                [
                    8,
                    9,
                    [
                        [
                            148,
                            247
                        ],
                        [
                            192,
                            230
                        ]
                    ],
                    true
                ],
                [
                    9,
                    10,
                    [
                        [
                            130,
                            275
                        ],
                        [
                            148,
                            247
                        ]
                    ],
                    true
                ],
                [
                    10,
                    11,
                    [
                        [
                            136,
                            312
                        ],
                        [
                            130,
                            275
                        ]
                    ],
                    true
                ],
                [
                    11,
                    12,
                    [
                        [
                            104,
                            342
                        ],
                        [
                            136,
                            312
                        ]
                    ],
                    true
                ],
                [
                    12,
                    13,
                    [
                        [
                            92,
                            391
                        ],
                        [
                            104,
                            342
                        ]
                    ],
                    true
                ],
                [
                    13,
                    14,
                    [
                        [
                            70,
                            415
                        ],
                        [
                            92,
                            391
                        ]
                    ],
                    true
                ],
                [
                    14,
                    15,
                    [
                        [
                            41,
                            441
                        ],
                        [
                            70,
                            415
                        ]
                    ],
                    true
                ],
                [
                    15,
                    16,
                    [
                        [
                            22,
                            467
                        ],
                        [
                            41,
                            441
                        ]
                    ],
                    true
                ],
                [
                    16,
                    17,
                    [
                        [
                            23,
                            504
                        ],
                        [
                            22,
                            467
                        ]
                    ],
                    true
                ],
                [
                    18,
                    19,
                    [
                        [
                            306,
                            252
                        ],
                        [
                            271,
                            231
                        ]
                    ],
                    true
                ],
                [
                    19,
                    20,
                    [
                        [
                            321,
                            281
                        ],
                        [
                            306,
                            252
                        ]
                    ],
                    true
                ],
                [
                    20,
                    21,
                    [
                        [
                            330,
                            322
                        ],
                        [
                            321,
                            281
                        ]
                    ],
                    true
                ],
                [
                    21,
                    22,
                    [
                        [
                            332,
                            367
                        ],
                        [
                            330,
                            322
                        ]
                    ],
                    true
                ],
                [
                    22,
                    23,
                    [
                        [
                            285,
                            416
                        ],
                        [
                            332,
                            367
                        ]
                    ],
                    true
                ],
                [
                    23,
                    24,
                    [
                        [
                            297,
                            470
                        ],
                        [
                            285,
                            416
                        ]
                    ],
                    true
                ],
                [
                    24,
                    25,
                    [
                        [
                            270,
                            496
                        ],
                        [
                            297,
                            470
                        ]
                    ],
                    true
                ],
                [
                    25,
                    26,
                    [
                        [
                            233,
                            492
                        ],
                        [
                            270,
                            496
                        ]
                    ],
                    true
                ],
                [
                    26,
                    27,
                    [
                        [
                            215,
                            520
                        ],
                        [
                            233,
                            492
                        ]
                    ],
                    true
                ],
                [
                    27,
                    28,
                    [
                        [
                            196,
                            555
                        ],
                        [
                            215,
                            520
                        ]
                    ],
                    true
                ],
                [
                    28,
                    29,
                    [
                        [
                            199,
                            581
                        ],
                        [
                            196,
                            555
                        ]
                    ],
                    true
                ],
                [
                    29,
                    30,
                    [
                        [
                            203,
                            649
                        ],
                        [
                            199,
                            581
                        ]
                    ],
                    true
                ]
            ],
            "stations": [
                {
                    "coord": [
                        424,
                        50
                    ],
                    "is_working": true,
                    "name": "Boulingrin",
                    "rect": [
                        434,
                        47,
                        100,
                        20
                    ],
                    "text_id": 0,
                    "uid": 0
                },
                {
                    "coord": [
                        387,
                        33
                    ],
                    "is_working": true,
                    "name": "Beauvoisine",
                    "rect": [
                        343,
                        7,
                        100,
                        20
                    ],
                    "text_id": 1,
                    "uid": 1
                },
                {
                    "coord": [
                        353,
                        36
                    ],
                    "is_working": true,
                    "name": "Gare-Rue Verte",
                    "rect": [
                        188,
                        26,
                        150,
                        20
                    ],
                    "text_id": 2,
                    "uid": 2
                },
                {
                    "coord": [
                        333,
                        92
                    ],
                    "is_working": true,
                    "name": "Palais de Justice",
                    "rect": [
                        344,
                        88,
                        150,
                        20
                    ],
                    "text_id": 3,
                    "uid": 3
                },
                {
                    "coord": [
                        317,
                        131
                    ],
                    "is_working": true,
                    "name": "Theatre des Arts",
                    "rect": [
                        160,
                        116,
                        150,
                        20
                    ],
                    "text_id": 4,
                    "uid": 4
                },
                {
                    "coord": [
                        303,
                        162
                    ],
                    "is_working": true,
                    "name": "Joffre-Mutualite",
                    "rect": [
                        192,
                        147,
                        100,
                        20
                    ],
                    "text_id": 5,
                    "uid": 5
                },
                {
                    "coord": [
                        277,
                        199
                    ],
                    "is_working": true,
                    "name": "Saint-Sever",
                    "rect": [
                        177,
                        173,
                        100,
                        20
                    ],
                    "text_id": 6,
                    "uid": 6
                },
                {
                    "coord": [
                        234,
                        216
                    ],
                    "is_working": true,
                    "name": "Avenue de Caen",
                    "rect": [
                        75,
                        196,
                        150,
                        20
                    ],
                    "text_id": 7,
                    "uid": 7
                },
                {
                    "coord": [
                        192,
                        230
                    ],
                    "is_working": true,
                    "name": "Jean Jaures",
                    "rect": [
                        33,
                        216,
                        150,
                        20
                    ],
                    "text_id": 8,
                    "uid": 8
                },
                {
                    "coord": [
                        148,
                        247
                    ],
                    "is_working": true,
                    "name": "Francois Truffaut",
                    "rect": [
                        1,
                        236,
                        135,
                        20
                    ],
                    "text_id": 9,
                    "uid": 9
                },
                {
                    "coord": [
                        130,
                        275
                    ],
                    "is_working": true,
                    "name": "Place du 8-Mai",
                    "rect": [
                        1,
                        267,
                        120,
                        20
                    ],
                    "text_id": 10,
                    "uid": 10
                },
                {
                    "coord": [
                        136,
                        312
                    ],
                    "is_working": true,
                    "name": "Saint-Julien",
                    "rect": [
                        147,
                        305,
                        100,
                        20
                    ],
                    "text_id": 11,
                    "uid": 11
                },
                {
                    "coord": [
                        104,
                        342
                    ],
                    "is_working": true,
                    "name": "Charles de Gaulle",
                    "rect": [
                        116,
                        342,
                        100,
                        20
                    ],
                    "text_id": 12,
                    "uid": 12
                },
                {
                    "coord": [
                        92,
                        391
                    ],
                    "is_working": true,
                    "name": "Provinces",
                    "rect": [
                        1,
                        378,
                        80,
                        20
                    ],
                    "text_id": 13,
                    "uid": 13
                },
                {
                    "coord": [
                        70,
                        415
                    ],
                    "is_working": true,
                    "name": "J.F. Kennedy",
                    "rect": [
                        82,
                        415,
                        100,
                        20
                    ],
                    "text_id": 14,
                    "uid": 14
                },
                {
                    "coord": [
                        41,
                        441
                    ],
                    "is_working": true,
                    "name": "Leon Blum",
                    "rect": [
                        53,
                        438,
                        100,
                        20
                    ],
                    "text_id": 15,
                    "uid": 15
                },
                {
                    "coord": [
                        22,
                        467
                    ],
                    "is_working": true,
                    "name": "Paul Cezanne",
                    "rect": [
                        34,
                        465,
                        100,
                        20
                    ],
                    "text_id": 16,
                    "uid": 16
                },
                {
                    "coord": [
                        23,
                        504
                    ],
                    "is_working": true,
                    "name": "Georges Braque",
                    "rect": [
                        9,
                        514,
                        100,
                        20
                    ],
                    "text_id": 17,
                    "uid": 17
                },
                {
                    "coord": [
                        271,
                        231
                    ],
                    "is_working": true,
                    "name": "Europe",
                    "rect": [
                        282,
                        216,
                        100,
                        20
                    ],
                    "text_id": 18,
                    "uid": 18
                },
                {
                    "coord": [
                        306,
                        252
                    ],
                    "is_working": true,
                    "name": "Honore de Balzac",
                    "rect": [
                        318,
                        242,
                        100,
                        20
                    ],
                    "text_id": 19,
                    "uid": 19
                },
                {
                    "coord": [
                        321,
                        281
                    ],
                    "is_working": true,
                    "name": "Voltaire",
                    "rect": [
                        331,
                        272,
                        100,
                        20
                    ],
                    "text_id": 20,
                    "uid": 20
                },
                {
                    "coord": [
                        330,
                        322
                    ],
                    "is_working": true,
                    "name": "Garibaldi",
                    "rect": [
                        342,
                        312,
                        100,
                        20
                    ],
                    "text_id": 21,
                    "uid": 21
                },
                {
                    "coord": [
                        332,
                        367
                    ],
                    "is_working": true,
                    "name": "Hotel de Ville-Sotteville",
                    "rect": [
                        345,
                        362,
                        100,
                        20
                    ],
                    "text_id": 22,
                    "uid": 22
                },
                {
                    "coord": [
                        285,
                        416
                    ],
                    "is_working": true,
                    "name": "14-Juillet",
                    "rect": [
                        181,
                        392,
                        100,
                        20
                    ],
                    "text_id": 23,
                    "uid": 23
                },
                {
                    "coord": [
                        297,
                        470
                    ],
                    "is_working": true,
                    "name": "Jean Zay",
                    "rect": [
                        309,
                        462,
                        100,
                        20
                    ],
                    "text_id": 24,
                    "uid": 24
                },
                {
                    "coord": [
                        270,
                        496
                    ],
                    "is_working": true,
                    "name": "Toit Familial",
                    "rect": [
                        279,
                        495,
                        100,
                        20
                    ],
                    "text_id": 25,
                    "uid": 25
                },
                {
                    "coord": [
                        233,
                        492
                    ],
                    "is_working": true,
                    "name": "Champ de Courses",
                    "rect": [
                        162,
                        465,
                        100,
                        20
                    ],
                    "text_id": 26,
                    "uid": 26
                },
                {
                    "coord": [
                        215,
                        520
                    ],
                    "is_working": true,
                    "name": "Ernest Renan",
                    "rect": [
                        224,
                        521,
                        100,
                        20
                    ],
                    "text_id": 27,
                    "uid": 27
                },
                {
                    "coord": [
                        196,
                        555
                    ],
                    "is_working": true,
                    "name": "Le Parc",
                    "rect": [
                        89,
                        547,
                        100,
                        20
                    ],
                    "text_id": 28,
                    "uid": 28
                },
                {
                    "coord": [
                        199,
                        581
                    ],
                    "is_working": true,
                    "name": "Maryse Bastie",
                    "rect": [
                        89,
                        575,
                        100,
                        20
                    ],
                    "text_id": 29,
                    "uid": 29
                },
                {
                    "coord": [
                        203,
                        649
                    ],
                    "is_working": true,
                    "name": "Technopole",
                    "rect": [
                        214,
                        642,
                        100,
                        20
                    ],
                    "text_id": 30,
                    "uid": 30
                }
            ],
            "text_id": 31
        }
    ],
    "lines_width": 9,
    "name": "metro",
    "name_text_id": 32,
    "stations_diameter": 16.0,
    "transfers": [],
    "transports": [
        "metro"
    ],
    "type_name": "ROOT",
    "type_text_id": 33,
    "upper_case": true,
    "width": 574,
    "word_wrap": false
}