{
    "lines": [
        {
            "delays": [],
            "name": "2",
            "scheme": null,
            "segments": [
                [
                    0,
                    1,
                    120
                ],
                [
                    1,
                    0,
                    120
                ],
                [
                    1,
                    2,
                    120
                ],
                [
                    2,
                    1,
                    120
                ],
                [
                    2,
                    3,
                    120
                ],
                [
                    3,
                    2,
                    120
                ],
                [
                    3,
                    4,
                    120
                ],
                [
                    4,
                    3,
                    120
                ],
                [
                    4,
                    5,
                    120
                ],
                [
                    5,
                    4,
                    120
                ],
                [
                    5,
                    6,
                    120
                ],
                [
                    6,
                    5,
                    120
                ],
                [
                    6,
                    7,
                    120
                ],
                [
                    7,
                    6,
                    120
                ],
                [
                    7,
                    8,
                    120
                ],
                [
                    8,
                    7,
                    120
                ],
                [
                    8,
                    9,
                    120
                ],
                [
                    9,
                    8,
                    120
                ],
                [
                    9,
                    10,
                    120
                ],
                [
                    10,
                    9,
                    120
                ],
                [
                    10,
                    11,
                    120
                ],
                [
                    11,
                    10,
                    120
                ],
                [
                    11,
                    12,
                    120
                ],
                [
                    12,
                    11,
                    120
                ],
                [
                    12,
                    13,
                    120
                ],
                [
                    13,
                    12,
                    120
                ],
                [
                    13,
                    14,
                    120
                ],
                [
                    14,
                    13,
                    120
                ],
                [
                    14,
                    15,
                    120
                ],
                [
                    15,
                    14,
                    120
                ],
                [
                    15,
                    16,
                    120
                ],
                [
                    16,
                    15,
                    120
                ],
                [
                    16,
                    17,
                    120
                ],
                [
                    17,
                    16,
                    120
                ],
                [
                    17,
                    18,
                    120
                ],
                [
                    18,
                    17,
                    120
                ],
                [
                    18,
                    19,
                    120
                ],
                [
                    19,
                    18,
                    120
                ],
                [
                    19,
                    20,
                    120
                ],
                [
                    20,
                    19,
                    120
                ],
                [
                    20,
                    21,
                    120
                ],
                [
                    21,
                    20,
                    120
                ],
                [
                    21,
                    22,
                    120
                ],
                [
                    22,
                    21,
                    120
                ]
            ],
            "stations": [
                [
                    0,
                    "West Meixi Lake",
                    0
                ],
                [
                    1,
                    "Luyun Road",
                    1
                ],
                [
                    2,
                    "Culture and Arts Center",
                    2
                ],
                [
                    3,
                    "East Meixi Lake",
                    3
                ],
                [
                    4,
                    "Wangchengpo",
                    4
                ],
                [
                    5,
                    "Jinxing Road",
                    5
                ],
                [
                    6,
                    "Xihu Park",
                    6
                ],
                [
                    7,
                    "Yingwanzhen",
                    7
                ],
                [
                    8,
                    "Juzizhou",
                    8
                ],
                [
                    9,
                    "Xiangjiang Middle Road",
                    9
                ],
                [
                    10,
                    "Wuyi Square",
                    10
                ],
                [
                    11,
                    "Furong Square",
                    11
                ],
                [
                    12,
                    "Yingbin Road",
                    12
                ],
                [
                    13,
                    "Yuanjialing",
                    13
                ],
                [
                    14,
                    "Railway Station",
                    14
                ],
                [
                    15,
                    "Jintai Square",
                    15
                ],
                [
                    16,
                    "Wanjiali Square",
                    16
                ],
                [
                    17,
                    "Renmin East Road",
                    17
                ],
                [
                    18,
                    "Changsha Avenue",
                    18
                ],
                [
                    19,
                    "Shawan Park",
                    19
                ],
                [
                    20,
                    "Duhua Road",
                    20
                ],
                [
                    21,
                    "South Railway Station",
                    21
                ],
                [
                    22,
                    "Guangda",
                    22
                ]
            ],
            "text_id": 23
        }
    ],
    "name": "metro",
    "transfers": [],
    "type_name": "Метро"
}