{
    "lines": [
        {
            "delays": [],
            "name": "Red Line",
            "scheme": null,
            "segments": [
                [
                    0,
                    1,
                    120
                ],
                [
                    1,
                    0,
                    120
                ],
                [
                    1,
                    2,
                    120
                ],
                [
                    2,
                    1,
                    120
                ],
                [
                    2,
                    3,
                    120
                ],
                [
                    3,
                    2,
                    120
                ],
                [
                    3,
                    4,
                    120
                ],
                [
                    4,
                    3,
                    120
                ],
                [
                    4,
                    5,
                    120
                ],
                [
                    5,
                    4,
                    120
                ],
                [
                    5,
                    6,
                    120
                ],
                [
                    5,
                    8,
                    120
                ],
                [
                    6,
                    5,
                    120
                ],
                [
                    6,
                    7,
                    120
                ],
                [
                    7,
                    6,
                    120
                ],
                [
                    8,
                    5,
                    120
                ],
                [
                    8,
                    9,
                    120
                ],
                [
                    9,
                    8,
                    120
                ],
                [
                    9,
                    10,
                    120
                ],
                [
                    10,
                    9,
                    120
                ],
                [
                    10,
                    11,
                    120
                ],
                [
                    11,
                    10,
                    120
                ],
                [
                    11,
                    12,
                    120
                ],
                [
                    12,
                    11,
                    120
                ],
                [
                    12,
                    13,
                    120
                ],
                [
                    13,
                    12,
                    120
                ],
                [
                    13,
                    14,
                    120
                ],
                [
                    14,
                    13,
                    120
                ],
                [
                    14,
                    15,
                    120
                ],
                [
                    15,
                    14,
                    120
                ]
            ],
            "stations": [
                [
                    0,
                    "Union Station",
                    0
                ],
                [
                    1,
                    "Civic Center",
                    1
                ],
                [
                    2,
                    "Pershing Square",
                    2
                ],
                [
                    3,
                    "7th Street/Metro Center",
                    3
                ],
                [
                    4,
                    "Westlake/MacArthur Park",
                    4
                ],
                [
                    5,
                    "Wilshire/Vermont",
                    5
                ],
                [
                    6,
                    "Wilshire/Normandie",
                    6
                ],
                [
                    7,
                    "Wilshire/Western",
                    7
                ],
                [
                    8,
                    "Vermont/Beverly",
                    8
                ],
                [
                    9,
                    "Vermont/Santa Monica",
                    9
                ],
                [
                    10,
                    "Vermont/Sunset",
                    10
                ],
                [
                    11,
                    "Hollywood/Western",
                    11
                ],
                [
                    12,
                    "Hollywood/Vine",
                    12
                ],
                [
                    13,
                    "Hollywood/Highland",
                    13
                ],
                [
                    14,
                    "Universal City",
                    14
                ],
                [
                    15,
                    "North Hollywood",
                    15
                ]
            ],
            "text_id": 16
        },
        {
            "delays": [],
            "name": "Blue Line",
            "scheme": null,
            "segments": [
                [
                    16,
                    17,
                    120
                ],
                [
                    17,
                    16,
                    120
                ],
                [
                    17,
                    18,
                    120
                ],
                [
                    18,
                    17,
                    120
                ],
                [
                    18,
                    19,
                    120
                ],
                [
                    19,
                    18,
                    120
                ],
                [
                    19,
                    20,
                    120
                ],
                [
                    20,
                    19,
                    120
                ],
                [
                    20,
                    21,
                    120
                ],
                [
                    21,
                    20,
                    120
                ],
                [
                    21,
                    22,
                    120
                ],
                [
                    22,
                    21,
                    120
                ],
                [
                    22,
                    23,
                    120
                ],
                [
                    23,
                    22,
                    120
                ],
                [
                    23,
                    24,
                    120
                ],
                [
                    24,
                    23,
                    120
                ],
                [
                    24,
                    25,
                    120
                ],
                [
                    25,
                    24,
                    120
                ],
                [
                    25,
                    26,
                    120
                ],
                [
                    26,
                    25,
                    120
                ],
                [
                    26,
                    27,
                    120
                ],
                [
                    27,
                    26,
                    120
                ],
                [
                    27,
                    28,
                    120
                ],
                [
                    28,
                    27,
                    120
                ],
                [
                    28,
                    29,
                    120
                ],
                [
                    29,
                    28,
                    120
                ],
                [
                    29,
                    30,
                    120
                ],
                [
                    30,
                    29,
                    120
                ],
                [
                    30,
                    31,
                    120
                ],
                [
                    31,
                    30,
                    120
                ],
                [
                    31,
                    32,
                    120
                ],
                [
                    32,
                    31,
                    120
                ],
                [
                    32,
                    33,
                    120
                ],
                [
                    33,
                    32,
                    120
                ],
                [
                    33,
                    34,
                    120
                ],
                [
                    33,
                    37,
                    120
                ],
                [
                    35,
                    34,
                    120
                ],
                [
                    36,
                    35,
                    120
                ],
                [
                    37,
                    36,
                    120
                ]
            ],
            "stations": [
                [
                    16,
                    "7th Street/Metro Center",
                    3
                ],
                [
                    17,
                    "Pico",
                    17
                ],
                [
                    18,
                    "Grand",
                    18
                ],
                [
                    19,
                    "San Pedro",
                    19
                ],
                [
                    20,
                    "Washington",
                    20
                ],
                [
                    21,
                    "Vernon",
                    21
                ],
                [
                    22,
                    "Slauson",
                    22
                ],
                [
                    23,
                    "Florence",
                    23
                ],
                [
                    24,
                    "Firestone",
                    24
                ],
                [
                    25,
                    "103rd Street",
                    25
                ],
                [
                    26,
                    "Imperial/Wilmington",
                    26
                ],
                [
                    27,
                    "Compton",
                    27
                ],
                [
                    28,
                    "Artesia",
                    28
                ],
                [
                    29,
                    "Del Amo",
                    29
                ],
                [
                    30,
                    "Wardlow",
                    30
                ],
                [
                    31,
                    "Willow",
                    31
                ],
                [
                    32,
                    "Pacific Coast Highway",
                    32
                ],
                [
                    33,
                    "Anaheim",
                    33
                ],
                [
                    34,
                    "5th Street",
                    34
                ],
                [
                    35,
                    "1st Street",
                    35
                ],
                [
                    36,
                    "Transit Mall",
                    36
                ],
                [
                    37,
                    "Pacific",
                    37
                ]
            ],
            "text_id": 38
        },
        {
            "delays": [],
            "name": "Green Line",
            "scheme": null,
            "segments": [
                [
                    38,
                    39,
                    120
                ],
                [
                    39,
                    38,
                    120
                ],
                [
                    39,
                    40,
                    120
                ],
                [
                    40,
                    39,
                    120
                ],
                [
                    40,
                    41,
                    120
                ],
                [
                    41,
                    40,
                    120
                ],
                [
                    41,
                    42,
                    120
                ],
                [
                    42,
                    41,
                    120
                ],
                [
                    42,
                    43,
                    120
                ],
                [
                    43,
                    42,
                    120
                ],
                [
                    43,
                    44,
                    120
                ],
                [
                    44,
                    43,
                    120
                ],
                [
                    44,
                    45,
                    120
                ],
                [
                    45,
                    44,
                    120
                ],
                [
                    45,
                    46,
                    120
                ],
                [
                    46,
                    45,
                    120
                ],
                [
                    46,
                    47,
                    120
                ],
                [
                    47,
                    46,
                    120
                ],
                [
                    47,
                    48,
                    120
                ],
                [
                    48,
                    47,
                    120
                ],
                [
                    48,
                    49,
                    120
                ],
                [
                    49,
                    48,
                    120
                ],
                [
                    49,
                    50,
                    120
                ],
                [
                    50,
                    49,
                    120
                ],
                [
                    50,
                    51,
                    120
                ],
                [
                    51,
                    50,
                    120
                ]
            ],
            "stations": [
                [
                    38,
                    "Norwalk",
                    39
                ],
                [
                    39,
                    "Lakewood",
                    40
                ],
                [
                    40,
                    "Long Beach",
                    41
                ],
                [
                    41,
                    "Imperial/Wilmington",
                    26
                ],
                [
                    42,
                    "Avalon",
                    42
                ],
                [
                    43,
                    "Harbor Freeway",
                    43
                ],
                [
                    44,
                    "Vermont",
                    44
                ],
                [
                    45,
                    "Crenshaw",
                    45
                ],
                [
                    46,
                    "Hawthorne",
                    46
                ],
                [
                    47,
                    "Aviation/LAX",
                    47
                ],
                [
                    48,
                    "Mariposa",
                    48
                ],
                [
                    49,
                    "El Segundo",
                    49
                ],
                [
                    50,
                    "Douglas",
                    50
                ],
                [
                    51,
                    "Redondo Beach",
                    51
                ]
            ],
            "text_id": 52
        },
        {
            "delays": [],
            "name": "Gold Line",
            "scheme": null,
            "segments": [
                [
                    52,
                    53,
                    120
                ],
                [
                    53,
                    52,
                    120
                ],
                [
                    53,
                    54,
                    120
                ],
                [
                    54,
                    53,
                    120
                ],
                [
                    54,
                    55,
                    120
                ],
                [
                    55,
                    54,
                    120
                ],
                [
                    55,
                    56,
                    120
                ],
                [
                    56,
                    55,
                    120
                ],
                [
                    56,
                    57,
                    120
                ],
                [
                    57,
                    56,
                    120
                ],
                [
                    57,
                    58,
                    120
                ],
                [
                    58,
                    57,
                    120
                ],
                [
                    58,
                    59,
                    120
                ],
                [
                    59,
                    58,
                    120
                ],
                [
                    59,
                    60,
                    120
                ],
                [
                    60,
                    59,
                    120
                ],
                [
                    60,
                    61,
                    120
                ],
                [
                    61,
                    60,
                    120
                ],
                [
                    61,
                    62,
                    120
                ],
                [
                    62,
                    61,
                    120
                ],
                [
                    62,
                    63,
                    120
                ],
                [
                    63,
                    62,
                    120
                ],
                [
                    63,
                    64,
                    120
                ],
                [
                    64,
                    63,
                    120
                ],
                [
                    64,
                    65,
                    120
                ],
                [
                    65,
                    64,
                    120
                ],
                [
                    65,
                    66,
                    120
                ],
                [
                    66,
                    65,
                    120
                ],
                [
                    66,
                    67,
                    120
                ],
                [
                    67,
                    66,
                    120
                ],
                [
                    67,
                    68,
                    120
                ],
                [
                    68,
                    67,
                    120
                ],
                [
                    68,
                    69,
                    120
                ],
                [
                    69,
                    68,
                    120
                ],
                [
                    69,
                    70,
                    120
                ],
                [
                    70,
                    69,
                    120
                ],
                [
                    70,
                    71,
                    120
                ],
                [
                    71,
                    70,
                    120
                ],
                [
                    71,
                    72,
                    120
                ],
                [
                    72,
                    71,
                    120
                ]
            ],
            "stations": [
                [
                    52,
                    "Atlantic",
                    53
                ],
                [
                    53,
                    "East L.A. Civic Center",
                    54
                ],
                [
                    54,
                    "Maravilla",
                    55
                ],
                [
                    55,
                    "Indiana",
                    56
                ],
                [
                    56,
                    "Soto",
                    57
                ],
                [
                    57,
                    "Mariachi Plaza",
                    58
                ],
                [
                    58,
                    "Pico/Aliso",
                    59
                ],
                [
                    59,
                    "Little Tokyo/Arts District",
                    60
                ],
                [
                    60,
                    "Union Station",
                    0
                ],
                [
                    61,
                    "Chinatown",
                    61
                ],
                [
                    62,
                    "Lincoln/Cypress",
                    62
                ],
                [
                    63,
                    "Heritage Square",
                    63
                ],
                [
                    64,
                    "Southwest Museum",
                    64
                ],
                [
                    65,
                    "Highland Park",
                    65
                ],
                [
                    66,
                    "Mission",
                    66
                ],
                [
                    67,
                    "Fillmore",
                    67
                ],
                [
                    68,
                    "Del Mar",
                    68
                ],
                [
                    69,
                    "Memorial Park",
                    69
                ],
                [
                    70,
                    "Lake",
                    70
                ],
                [
                    71,
                    "Allen",
                    71
                ],
                [
                    72,
                    "Sierra Madre Villa",
                    72
                ]
            ],
            "text_id": 73
        },
        {
            "delays": [],
            "name": "Expo Line",
            "scheme": null,
            "segments": [
                [
                    73,
                    74,
                    120
                ],
                [
                    74,
                    73,
                    120
                ],
                [
                    74,
                    75,
                    120
                ],
                [
                    75,
                    74,
                    120
                ],
                [
                    75,
                    76,
                    120
                ],
                [
                    76,
                    75,
                    120
                ],
                [
                    76,
                    77,
                    120
                ],
                [
                    77,
                    76,
                    120
                ],
                [
                    77,
                    78,
                    120
                ],
                [
                    78,
                    77,
                    120
                ],
                [
                    78,
                    79,
                    120
                ],
                [
                    79,
                    78,
                    120
                ],
                [
                    79,
                    80,
                    120
                ],
                [
                    80,
                    79,
                    120
                ],
                [
                    80,
                    81,
                    120
                ],
                [
                    81,
                    80,
                    120
                ],
                [
                    81,
                    82,
                    120
                ],
                [
                    82,
                    81,
                    120
                ],
                [
                    82,
                    83,
                    120
                ],
                [
                    83,
                    82,
                    120
                ],
                [
                    83,
                    84,
                    120
                ],
                [
                    84,
                    83,
                    120
                ]
            ],
            "stations": [
                [
                    73,
                    "7th Street/Metro Center",
                    3
                ],
                [
                    74,
                    "Pico",
                    17
                ],
                [
                    75,
                    "23rd Street",
                    74
                ],
                [
                    76,
                    "Jefferson/USC",
                    75
                ],
                [
                    77,
                    "Expo Park/USC",
                    76
                ],
                [
                    78,
                    "Expo/Vermont",
                    77
                ],
                [
                    79,
                    "Expo/Western",
                    78
                ],
                [
                    80,
                    "Expo/Crenshaw",
                    79
                ],
                [
                    81,
                    "Farmdale",
                    80
                ],
                [
                    82,
                    "Expo/La Brea",
                    81
                ],
                [
                    83,
                    "La Cienega / Jefferson",
                    82
                ],
                [
                    84,
                    "Culver City",
                    83
                ]
            ],
            "text_id": 84
        }
    ],
    "name": "metro",
    "transfers": [
        [
            0,
            60,
            120,
            true
        ],
        [
            3,
            16,
            120,
            true
        ],
        [
            26,
            41,
            120,
            true
        ],
        [
            73,
            16,
            120,
            true
        ],
        [
            73,
            3,
            120,
            true
        ],
        [
            74,
            17,
            120,
            true
        ]
    ],
    "type_name": "Метро"
}