{
    "lines": [
        {
            "delays": [],
            "name": "1",
            "scheme": null,
            "segments": [
                [
                    0,
                    1,
                    120
                ],
                [
                    1,
                    0,
                    120
                ],
                [
                    1,
                    2,
                    120
                ],
                [
                    2,
                    1,
                    120
                ],
                [
                    2,
                    3,
                    120
                ],
                [
                    3,
                    2,
                    120
                ],
                [
                    3,
                    4,
                    120
                ],
                [
                    4,
                    3,
                    120
                ],
                [
                    4,
                    5,
                    120
                ],
                [
                    5,
                    4,
                    120
                ],
                [
                    5,
                    6,
                    120
                ],
                [
                    6,
                    5,
                    120
                ],
                [
                    6,
                    7,
                    120
                ],
                [
                    7,
                    6,
                    120
                ],
                [
                    7,
                    8,
                    120
                ],
                [
                    8,
                    7,
                    120
                ]
            ],
            "stations": [
                [
                    0,
                    "Jamarat",
                    0
                ],
                [
                    1,
                    "Mina 2",
                    1
                ],
                [
                    2,
                    "Mina 1",
                    2
                ],
                [
                    3,
                    "Muzdalifah 3",
                    3
                ],
                [
                    4,
                    "Muzdalifah 2",
                    4
                ],
                [
                    5,
                    "Muzdalifah 1",
                    5
                ],
                [
                    6,
                    "Arafat 3",
                    6
                ],
                [
                    7,
                    "Arafat 2",
                    7
                ],
                [
                    8,
                    "Arafat 1",
                    8
                ]
            ],
            "text_id": 9
        }
    ],
    "name": "metro",
    "transfers": [],
    "type_name": "Метро"
}