{
    "lines": [
        {
            "delays": [
                900,
                1800
            ],
            "name": "Linea 1",
            "scheme": null,
            "segments": [
                [
                    0,
                    1,
                    120
                ],
                [
                    1,
                    0,
                    120
                ],
                [
                    1,
                    2,
                    120
                ],
                [
                    2,
                    1,
                    120
                ],
                [
                    2,
                    3,
                    120
                ],
                [
                    3,
                    2,
                    120
                ],
                [
                    3,
                    4,
                    120
                ],
                [
                    4,
                    3,
                    120
                ],
                [
                    4,
                    5,
                    120
                ],
                [
                    5,
                    4,
                    120
                ]
            ],
            "stations": [
                [
                    0,
                    "Borgo",
                    0
                ],
                [
                    1,
                    "Giuffrida",
                    1
                ],
                [
                    2,
                    "Italia",
                    2
                ],
                [
                    3,
                    "Galatea",
                    3
                ],
                [
                    4,
                    "Stazione Centrale F.S.",
                    4
                ],
                [
                    5,
                    "Porto",
                    5
                ]
            ],
            "text_id": 6
        }
    ],
    "name": "metro",
    "transfers": [],
    "type_name": "Метро"
}