{
    "city_id": 4650946,
    "comments_text_id": 71,
    "default_locale": "ru",
    "delays": [
        {
            "ranges": [
                "08:00-20:00"
            ],
            "type": "day",
            "weekdays": null
        },
        {
            "ranges": [
                "20:00-24:00",
                "00:00-05:00"
            ],
            "type": "night",
            "weekdays": null
        }
    ],
    "description_text_id": 70,
    "file": "Portland.zip",
    "latitude": 36.58171,
    "locales": [
        "ru",
        "en"
    ],
    "longitude": -86.51638,
    "map_id": "Portland.zip",
    "schemes": [
        {
            "default_transports": [
                "metro"
            ],
            "file": "schemes/metro.json",
            "name": "metro",
            "name_text_id": 68,
            "root": true,
            "transports": [
                "metro"
            ],
            "type_name": "ROOT",
            "type_text_id": 69
        }
    ],
    "timestamp": 1296086400.0,
    "transport_types": [
        "Электричка"
    ],
    "transports": [
        {
            "file": "transports/metro.json",
            "name": "metro",
            "type": "Электричка"
        }
    ]
}