{
    "0": "Koiki-koen-mae",
    "1": "Ozuka",
    "2": "Tomo-chuo",
    "3": "Obara",
    "4": "Tomo",
    "5": "Chorakuji",
    "6": "Takatori",
    "7": "Kamiyasu",
    "8": "Yasuhigashi",
    "9": "Bishamondai",
    "10": "Omachi",
    "11": "Furuichi",
    "12": "Nakasuji",
    "13": "Nishihara",
    "14": "Gion-shinbashi-kita",
    "15": "Fudoin-mae",
    "16": "Ushita",
    "17": "Hakushima",
    "18": "Shin-Hakushima",
    "19": "Johoku",
    "20": "Kencho-mae",
    "21": "Hondori",
    "22": "Astram",
    "23": "Train",
    "24": "ROOT",
    "25": "Shema ot 19.03.2015g.\nAvtor: Varlamov Dmitrij (www.chpeks.com)",
    "26": "Imported from http://pmetro.su"
}