{
    "0": "Ж/д вокзал",
    "1": "Грузовой двор",
    "2": "ул. Ляшко",
    "3": "ул. Гаражная",
    "4": "з-д им. Медведева",
    "5": "ул. Старо-московская",
    "6": "ул. 3-я Курская",
    "7": "Сквер Танкистов",
    "8": "пл. Маркса",
    "9": "ул. 1-я Посадская",
    "10": "ул. Панчука",
    "11": "ул. Садово-Пушкарная",
    "12": "ф-ка \"Восход\"",
    "13": "Карачаевское шоссе",
    "14": "Автовокзал",
    "15": "Магазин \"Уют\"",
    "16": "Ботаника",
    "17": "Магазин \"Стрела\"",
    "18": "ст. Цон",
    "19": "з-д \"Дормаш\"",
    "20": "Трамвай № 1",
    "21": "з-д \"Стройиндустрия\"",
    "22": "з-д \"Живмаш\"",
    "23": "ул. Машиностроительная",
    "24": "з-д \"Химмаш\"",
    "25": "з-д \"ХТМ\"",
    "26": "Трамвай № 2",
    "27": "ул. Пушкина",
    "28": "Школа-интернат",
    "29": "Универмаг",
    "30": "ул. Пугачева",
    "31": "32-я школа",
    "32": "Трамвай № 3",
    "33": "ул. 1-я Курская",
    "34": "Речной пер.",
    "35": "Обувная ф-ка",
    "36": "Женский монастырь",
    "37": "Пятницкий проезд",
    "38": "По требованию",
    "39": "ул. Молдавская",
    "40": "35-я школа",
    "41": "Трамвай № 4",
    "42": "Трамвай",
    "43": "ROOT",
    "44": "Схема трамваев\nСхема от 04.03.2008г.\nАвтор: Варламов Дмитрий (www.chpeks.com)",
    "45": "Imported from http://pmetro.su"
}