{
    "0": "Проспект Космонавтов",
    "1": "Уралмаш",
    "2": "Машиностроителей",
    "3": "Уральская",
    "4": "Динамо",
    "5": "Площадь 1905 года",
    "6": "Геологическая",
    "7": "Бажовская",
    "8": "Чкаловская",
    "9": "Ботаническая",
    "10": "Север-Юг",
    "11": "Металлургическая",
    "12": "Татищевская",
    "13": "Уральских коммунаров",
    "14": "Запад-Восток",
    "15": "Северка",
    "16": "Палкино",
    "17": "Кунгурский",
    "18": "Екатеринбург-Сортировочный",
    "19": "Электродепо",
    "20": "ВИЗ",
    "21": "Екатеринбург-Пассажирский",
    "22": "Первомайская",
    "23": "Шарташ",
    "24": "Лесотехническая",
    "25": "Уктус",
    "26": "Вторчермет",
    "27": "Керамик",
    "28": "О.п.21 км",
    "29": "Сысерть",
    "30": "Городская электричка",
    "31": "Метро",
    "32": "ROOT",
    "33": "Метро",
    "34": "Схема от 06.11.2020г.\nИнформация о времени проезда на метро и о глубине станций:\n- с сайта http://ekbmetro.narod.ru/\nИнформация о городской электричке\n- с сайтов http://www.tr.ru/news/2888 и http://www.ekburg.ru\n\nКарту модернизировали Фёдор Никулин и Олег Мохов",
    "35": "Imported from http://pmetro.su"
}