{
    "city_id": 5391959,
    "comments_text_id": 120,
    "default_locale": "ru",
    "delays": [
        {
            "ranges": [
                "08:00-20:00"
            ],
            "type": "day",
            "weekdays": null
        },
        {
            "ranges": [
                "20:00-24:00",
                "00:00-05:00"
            ],
            "type": "night",
            "weekdays": null
        }
    ],
    "description_text_id": 119,
    "file": "San-Francisco.zip",
    "latitude": 37.77493,
    "locales": [
        "ru",
        "en"
    ],
    "longitude": -122.41942,
    "map_id": "San-Francisco.zip",
    "schemes": [
        {
            "default_transports": [
                "metro"
            ],
            "file": "schemes/metro.json",
            "name": "metro",
            "name_text_id": 117,
            "root": true,
            "transports": [
                "metro"
            ],
            "type_name": "ROOT",
            "type_text_id": 118
        }
    ],
    "timestamp": 1754438400.0,
    "transport_types": [
        "Трамвай"
    ],
    "transports": [
        {
            "file": "transports/metro.json",
            "name": "metro",
            "type": "Трамвай"
        }
    ]
}