{
    "default_transports": [
        "metro"
    ],
    "height": 580,
    "images": [
        "res/schemes/1.svg"
    ],
    "is_vector": true,
    "lines": [
        {
            "labels_bg_color": "-1",
            "labels_color": "000000",
            "line_color": "00861D",
            "line_width": 9,
            "name": "Север-Юг",
            "segments": [
                [
                    0,
                    1,
                    [
                        [
                            180,
                            110
                        ],
                        [
                            180,
                            70
                        ]
                    ],
                    true
                ],
                [
                    1,
                    2,
                    [
                        [
                            180,
                            150
                        ],
                        [
                            180,
                            110
                        ]
                    ],
                    true
                ],
                [
                    2,
                    3,
                    [
                        [
                            180,
                            190
                        ],
                        [
                            180,
                            150
                        ]
                    ],
                    true
                ],
                [
                    3,
                    4,
                    [
                        [
                            180,
                            230
                        ],
                        [
                            180,
                            190
                        ]
                    ],
                    true
                ],
                [
                    4,
                    5,
                    [
                        [
                            180,
                            270
                        ],
                        [
                            180,
                            230
                        ]
                    ],
                    true
                ],
                [
                    5,
                    6,
                    [
                        [
                            180,
                            310
                        ],
                        [
                            180,
                            270
                        ]
                    ],
                    true
                ],
                [
                    6,
                    7,
                    [
                        [
                            180,
                            350
                        ],
                        [
                            180,
                            310
                        ]
                    ],
                    false
                ],
                [
                    6,
                    8,
                    [
                        [
                            180,
                            390
                        ],
                        [
                            180,
                            310
                        ]
                    ],
                    true
                ],
                [
                    7,
                    8,
                    [
                        [
                            180,
                            390
                        ],
                        [
                            180,
                            350
                        ]
                    ],
                    false
                ],
                [
                    8,
                    9,
                    [
                        [
                            180,
                            390
                        ],
                        [
                            180,
                            430
                        ]
                    ],
                    true
                ]
            ],
            "stations": [
                {
                    "coord": [
                        180,
                        70
                    ],
                    "is_working": true,
                    "name": "Проспект Космонавтов",
                    "rect": [
                        195,
                        64,
                        148,
                        15
                    ],
                    "text_id": 0,
                    "uid": 0
                },
                {
                    "coord": [
                        180,
                        110
                    ],
                    "is_working": true,
                    "name": "Уралмаш",
                    "rect": [
                        195,
                        104,
                        57,
                        15
                    ],
                    "text_id": 1,
                    "uid": 1
                },
                {
                    "coord": [
                        180,
                        150
                    ],
                    "is_working": true,
                    "name": "Машиностроителей",
                    "rect": [
                        195,
                        142,
                        125,
                        15
                    ],
                    "text_id": 2,
                    "uid": 2
                },
                {
                    "coord": [
                        180,
                        190
                    ],
                    "is_working": true,
                    "name": "Уральская",
                    "rect": [
                        94,
                        182,
                        68,
                        15
                    ],
                    "text_id": 3,
                    "uid": 3
                },
                {
                    "coord": [
                        180,
                        230
                    ],
                    "is_working": true,
                    "name": "Динамо",
                    "rect": [
                        195,
                        222,
                        50,
                        15
                    ],
                    "text_id": 4,
                    "uid": 4
                },
                {
                    "coord": [
                        180,
                        270
                    ],
                    "is_working": true,
                    "name": "Площадь 1905 года",
                    "rect": [
                        195,
                        262,
                        118,
                        15
                    ],
                    "text_id": 5,
                    "uid": 5
                },
                {
                    "coord": [
                        180,
                        310
                    ],
                    "is_working": true,
                    "name": "Геологическая",
                    "rect": [
                        195,
                        302,
                        96,
                        15
                    ],
                    "text_id": 6,
                    "uid": 6
                },
                {
                    "coord": [
                        180,
                        350
                    ],
                    "is_working": false,
                    "name": "Бажовская",
                    "rect": [
                        195,
                        344,
                        73,
                        15
                    ],
                    "text_id": 7,
                    "uid": 7
                },
                {
                    "coord": [
                        180,
                        390
                    ],
                    "is_working": true,
                    "name": "Чкаловская",
                    "rect": [
                        195,
                        382,
                        76,
                        15
                    ],
                    "text_id": 8,
                    "uid": 8
                },
                {
                    "coord": [
                        180,
                        430
                    ],
                    "is_working": true,
                    "name": "Ботаническая",
                    "rect": [
                        195,
                        423,
                        92,
                        15
                    ],
                    "text_id": 9,
                    "uid": 9
                }
            ],
            "text_id": 10
        },
        {
            "labels_bg_color": "-1",
            "labels_color": "000000",
            "line_color": "8080ff",
            "line_width": 9,
            "name": "Запад-Восток",
            "segments": [],
            "stations": [
                {
                    "coord": null,
                    "is_working": false,
                    "name": "Металлургическая",
                    "rect": null,
                    "text_id": 11,
                    "uid": 10
                },
                {
                    "coord": null,
                    "is_working": false,
                    "name": "Татищевская",
                    "rect": null,
                    "text_id": 12,
                    "uid": 11
                },
                {
                    "coord": null,
                    "is_working": false,
                    "name": "Уральских коммунаров",
                    "rect": null,
                    "text_id": 13,
                    "uid": 12
                },
                {
                    "coord": [
                        158,
                        270
                    ],
                    "is_working": false,
                    "name": "Площадь 1905 года",
                    "rect": [
                        26,
                        262,
                        118,
                        15
                    ],
                    "text_id": 5,
                    "uid": 13
                }
            ],
            "text_id": 14
        },
        {
            "labels_bg_color": "-1",
            "labels_color": "000000",
            "line_color": "BBBBBB",
            "line_width": 9,
            "name": "Городская электричка",
            "segments": [],
            "stations": [
                {
                    "coord": null,
                    "is_working": true,
                    "name": "Северка",
                    "rect": null,
                    "text_id": 15,
                    "uid": 14
                },
                {
                    "coord": null,
                    "is_working": true,
                    "name": "Палкино",
                    "rect": null,
                    "text_id": 16,
                    "uid": 15
                },
                {
                    "coord": null,
                    "is_working": true,
                    "name": "Кунгурский",
                    "rect": null,
                    "text_id": 17,
                    "uid": 16
                },
                {
                    "coord": null,
                    "is_working": true,
                    "name": "Екатеринбург-Сортировочный",
                    "rect": null,
                    "text_id": 18,
                    "uid": 17
                },
                {
                    "coord": null,
                    "is_working": true,
                    "name": "Электродепо",
                    "rect": null,
                    "text_id": 19,
                    "uid": 18
                },
                {
                    "coord": null,
                    "is_working": true,
                    "name": "ВИЗ",
                    "rect": null,
                    "text_id": 20,
                    "uid": 19
                },
                {
                    "coord": [
                        199,
                        190
                    ],
                    "is_working": true,
                    "name": "Екатеринбург-Пассажирский",
                    "rect": [
                        218,
                        184,
                        173,
                        15
                    ],
                    "text_id": 21,
                    "uid": 20
                },
                {
                    "coord": null,
                    "is_working": true,
                    "name": "Первомайская",
                    "rect": null,
                    "text_id": 22,
                    "uid": 21
                },
                {
                    "coord": null,
                    "is_working": true,
                    "name": "Шарташ",
                    "rect": null,
                    "text_id": 23,
                    "uid": 22
                },
                {
                    "coord": null,
                    "is_working": true,
                    "name": "Лесотехническая",
                    "rect": null,
                    "text_id": 24,
                    "uid": 23
                },
                {
                    "coord": null,
                    "is_working": true,
                    "name": "Ботаническая",
                    "rect": null,
                    "text_id": 9,
                    "uid": 24
                },
                {
                    "coord": null,
                    "is_working": true,
                    "name": "Уктус",
                    "rect": null,
                    "text_id": 25,
                    "uid": 25
                },
                {
                    "coord": null,
                    "is_working": true,
                    "name": "Вторчермет",
                    "rect": null,
                    "text_id": 26,
                    "uid": 26
                },
                {
                    "coord": null,
                    "is_working": true,
                    "name": "Керамик",
                    "rect": null,
                    "text_id": 27,
                    "uid": 27
                },
                {
                    "coord": null,
                    "is_working": true,
                    "name": "О.п.21 км",
                    "rect": null,
                    "text_id": 28,
                    "uid": 28
                },
                {
                    "coord": null,
                    "is_working": true,
                    "name": "Сысерть",
                    "rect": null,
                    "text_id": 29,
                    "uid": 29
                }
            ],
            "text_id": 30
        }
    ],
    "lines_width": 9,
    "name": "1",
    "name_text_id": 10,
    "stations_diameter": 16.0,
    "transfers": [
        [
            3,
            20,
            [
                180,
                190
            ],
            [
                199,
                190
            ]
        ],
        [
            9,
            24,
            [
                180,
                430
            ],
            null
        ]
    ],
    "transports": [
        "metro"
    ],
    "type_name": "Метро",
    "type_text_id": 33,
    "upper_case": true,
    "width": 349,
    "word_wrap": false
}