{
    "0": "Shibuya",
    "1": "Omote-sando",
    "2": "Gaiemmae",
    "3": "Aoyama-itchome",
    "4": "Akasaka-mitsuke",
    "5": "Tameike-sanno",
    "6": "Toranomon",
    "7": "Shimbashi",
    "8": "Ginza",
    "9": "Kyobashi",
    "10": "Nihombashi",
    "11": "Mitsukoshimae",
    "12": "Kanda",
    "13": "Suehirocho",
    "14": "Ueno-hirokoji",
    "15": "Ueno",
    "16": "Inaricho",
    "17": "Tawaramachi",
    "18": "Asakusa",
    "19": "Nishi-magome",
    "20": "Magome",
    "21": "Nakanobu",
    "22": "Togoshi",
    "23": "Gotanda",
    "24": "Takanawadai",
    "25": "Sengakuji",
    "26": "Mita",
    "27": "Daimon",
    "28": "Higashi-ginza",
    "29": "Takaracho",
    "30": "Ningyocho",
    "31": "Higashi-nihombashi",
    "32": "Asakusabashi",
    "33": "Kuramae",
    "34": "Honjo-azumabashi",
    "35": "Oshiage",
    "36": "Meguro",
    "37": "Shirokanedai",
    "38": "Shirokane-takanawa",
    "39": "Shibakoen",
    "40": "Onarimon",
    "41": "Uchisaiwaicho",
    "42": "Hibiya",
    "43": "Otemachi",
    "44": "Jimbocho",
    "45": "Suidobashi",
    "46": "Kasuga",
    "47": "Hakusan",
    "48": "Sengoku",
    "49": "Sugamo",
    "50": "Nishi-sugamo",
    "51": "Shin-itabashi",
    "52": "Itabashi-kuyakushomae",
    "53": "Itabashi-honcho",
    "54": "Motohasunuma",
    "55": "Shimura-sakaue",
    "56": "Shimura-sanchome",
    "57": "Hasune",
    "58": "Nishidai",
    "59": "Takashimadaira",
    "60": "Shin-takashimadaira",
    "61": "Nishi-takashimadaira",
    "62": "Shinjuku",
    "63": "Shinjuku-sanchome",
    "64": "Akebonobashi",
    "65": "Ichigaya",
    "66": "Kudanshita",
    "67": "Ogawamachi",
    "68": "Iwamotocho",
    "69": "Bakuro-yokoyama",
    "70": "Hamacho",
    "71": "Morishita",
    "72": "Kikukawa",
    "73": "Sumiyoshi",
    "74": "Nishi-ojima",
    "75": "Ojima",
    "76": "Higashi-ojima",
    "77": "Funabori",
    "78": "Ichinoe",
    "79": "Mizue",
    "80": "Shinozaki",
    "81": "Motoyawata",
    "82": "Shinjuku-nishiguchi",
    "83": "Higashi-shinjuku",
    "84": "Wakamatsu-kawada",
    "85": "Ushigome-yanagicho",
    "86": "Ushigome-kagurazaka",
    "87": "Iidabashi",
    "88": "Hongo-sanchome",
    "89": "Ueno-okachimachi",
    "90": "Shin-okachimachi",
    "91": "Ryogoku",
    "92": "Kiyosumi-shirakawa",
    "93": "Monzen-nakacho",
    "94": "Tsukishima",
    "95": "Kachidoki",
    "96": "Tsukijishijo",
    "97": "Shiodome",
    "98": "Akabanebashi",
    "99": "Azabu-juban",
    "100": "Roppongi",
    "101": "Kokuritsu-kyogijo",
    "102": "Yoyogi",
    "103": "Tochomae",
    "104": "Nishi-shinjuku-gochome",
    "105": "Nakano-sakaue",
    "106": "Higashi-nakano",
    "107": "Nakai",
    "108": "Ochiai-minami-nagasaki",
    "109": "Shin-egota",
    "110": "Nerima",
    "111": "Toshimaen",
    "112": "Nerima-kasugacho",
    "113": "Hikarigaoka",
    "114": "Oedo",
    "115": "Ogikubo",
    "116": "Minami-asagaya",
    "117": "Shin-koenji",
    "118": "Higashi-koenji",
    "119": "Shin-nakano",
    "120": "Nishi-shinjuku",
    "121": "Shinjuku-gyoenmae",
    "122": "Yotsuya-sanchome",
    "123": "Yotsuya",
    "124": "Kokkai-gijidomae",
    "125": "Kasumigaseki",
    "126": "Tokyo",
    "127": "Awajicho",
    "128": "Ochanomizu",
    "129": "Korakuen",
    "130": "Myogadani",
    "131": "Shin-otsuka",
    "132": "Ikebukuro",
    "133": "Honancho",
    "134": "Nakano-fujimicho",
    "135": "Nakano-shimbashi",
    "136": "Marunouchi",
    "137": "Naka-meguro",
    "138": "Ebisu",
    "139": "Hiro-o",
    "140": "Kamiyacho",
    "141": "Tsukiji",
    "142": "Hatchobori",
    "143": "Kayabacho",
    "144": "Kodemmacho",
    "145": "Akihabara",
    "146": "Naka-okachimachi",
    "147": "Iriya",
    "148": "Minowa",
    "149": "Minami-senju",
    "150": "Kita-senju",
    "151": "Nakano",
    "152": "Ochiai",
    "153": "Takadanobaba",
    "154": "Waseda",
    "155": "Kagurazaka",
    "156": "Takebashi",
    "157": "Kiba",
    "158": "Toyocho",
    "159": "Minami-sunamachi",
    "160": "Nishi-kasai",
    "161": "Kasai",
    "162": "Urayasu",
    "163": "Minami-gyotoku",
    "164": "Gyotoku",
    "165": "Myoden",
    "166": "Baraki-nakayama",
    "167": "Nishi-funabashi",
    "168": "Tozai",
    "169": "Yoyogi-uehara",
    "170": "Yoyogi-koen",
    "171": "Meiji-jingumae",
    "172": "Nogizaka",
    "173": "Akasaka",
    "174": "Nijubashimae",
    "175": "Shin-ochanomizu",
    "176": "Yushima",
    "177": "Nezu",
    "178": "Sendagi",
    "179": "Nishi-nippori",
    "180": "Machiya",
    "181": "Ayase",
    "182": "Kita-ayase",
    "183": "Chiyoda",
    "184": "Wakoshi",
    "185": "Chikatetsu-narimasu",
    "186": "Chikatetsu-akatsuka",
    "187": "Heiwadai",
    "188": "Hikawadai",
    "189": "Kotake-mukaihara",
    "190": "Senkawa",
    "191": "Kanamecho",
    "192": "Higashi-ikebukuro",
    "193": "Gokokuji",
    "194": "Edogawabashi",
    "195": "Kojimachi",
    "196": "Nagatacho",
    "197": "Sakuradamon",
    "198": "Yurakucho",
    "199": "Ginza-itchome",
    "200": "Shintomicho",
    "201": "Toyosu",
    "202": "Tatsumi",
    "203": "Shin-kiba",
    "204": "Hanzomon",
    "205": "Suitengumae",
    "206": "Kinshicho",
    "207": "Roppongi-itchome",
    "208": "Todaimae",
    "209": "Hon-komagome",
    "210": "Komagome",
    "211": "Nishigahara",
    "212": "Oji",
    "213": "Oji-kamiya",
    "214": "Shimo",
    "215": "Akabane-iwabuchi",
    "216": "Namboku",
    "217": "Zoshigaya",
    "218": "Nishi-waseda",
    "219": "Kita-sando",
    "220": "Fukutoshin",
    "221": "Метро",
    "222": "ROOT",
    "223": "схема Варламова Дмитрия\nСхема от 09.07.2008г.\nАвтор: Варламов Дмитрий (www.chpeks.com)",
    "224": "Imported from http://pmetro.su"
}