{
    "0": "Holodnaja Gora",
    "1": "Juzhnyj Vokzal",
    "2": "Tsentral'nyj rynok",
    "3": "Ploschad' Konstitutsii",
    "4": "Prospekt Gagarina",
    "5": "Sportivnaja",
    "6": "Zavod im. Malysheva",
    "7": "Turboatom",
    "8": "Dvorets sporta",
    "9": "Armejskaja",
    "10": "Im. A.S.Masel'skogo",
    "11": "Traktornyj Zavod",
    "12": "Industrial'naja",
    "13": "Vostochnaja",
    "14": "Roganskaja",
    "15": "Juzhnaja",
    "16": "Holodnogorsko-Zavodskaja",
    "17": "Oktjabr'skaja",
    "18": "Pl. Uritskogo",
    "19": "Istoricheskij muzej",
    "20": "Universitet",
    "21": "Pushkinskaja",
    "22": "Kievskaja",
    "23": "Akademika Barabashova",
    "24": "Akademika Pavlova",
    "25": "Studencheskaja",
    "26": "Geroev Truda",
    "27": "Druzhby Narodov",
    "28": "Saltovskaja",
    "29": "Metrostroitelej",
    "30": "Zaschitnikov Ukrainy",
    "31": "Arhitektora Beketova",
    "32": "Gosprom",
    "33": "Nauchnaja",
    "34": "Botanicheskij Sad",
    "35": "23-go Avgusta",
    "36": "Alekseevskaja",
    "37": "Pobeda",
    "38": "Har'kov-Passazhirskij",
    "39": "Juzhnyj post",
    "40": "Severnyj post",
    "41": "pl. Podgorodnaja",
    "42": "pl. Lozoven'ka",
    "43": "op. Motornaja",
    "44": "Dergachi",
    "45": "pl. Novye Dergachi",
    "46": "op. Bezrukovka",
    "47": "Slatino",
    "48": "op. Prudjanka",
    "49": "op. Tsupovka",
    "50": "pl. Novaja Kazach'ja",
    "51": "Kazach'ja Lopan'",
    "52": "pl. Grany",
    "53": "pl. Krasnyj hutor",
    "54": "Naumovka",
    "55": "pl. Dmitrotaranovka",
    "56": "Tolokonnoe",
    "57": "Dolbino",
    "58": "pl. Golovino",
    "59": "pl. Bolhovets",
    "60": "pl. 701 km",
    "61": "op. Saljut",
    "62": "Belgorod",
    "63": "Belgorodskaja elektrichka",
    "64": "Novoselovka",
    "65": "Osnova",
    "66": "Preduzlovaja",
    "67": "Bezljudovka",
    "68": "op. Udjanskaja",
    "69": "Zhihor",
    "70": "op. Vasischevo",
    "71": "Borovskaja-Juzhnaja",
    "72": "op. Zvidki",
    "73": "op. Aksjutovka",
    "74": "op. Druzhnyj",
    "75": "op. Levkovka",
    "76": "Zmiev",
    "77": "op. Zid'ki",
    "78": "op. Gineevka",
    "79": "op. Dom otdyha",
    "80": "Zanki",
    "81": "op. Komsomol'skaja",
    "82": "op. Sovhoznaja",
    "83": "op. Andreevka",
    "84": "Shebelinka",
    "85": "op. Oktjabr'skaja",
    "86": "op. Sezonnaja",
    "87": "op. Jankovskij",
    "88": "op. Verbovka",
    "89": "Balakleja",
    "90": "op. Bratskoe ozero",
    "91": "op. Lesnaja",
    "92": "Savintsy",
    "93": "op. Majak",
    "94": "op. Babarikovskaja",
    "95": "Zakomel'skaja",
    "96": "op. Dibrova",
    "97": "op. 360 km",
    "98": "Tsyganskaja",
    "99": "op. Fedorovka",
    "100": "op. 368 km",
    "101": "op. Pimenovka",
    "102": "Izjum",
    "103": "Bukino",
    "104": "Svjatogorsk",
    "105": "Forpostnaja",
    "106": "Krasnyj Liman",
    "107": "Jampol'",
    "108": "Seversk",
    "109": "Zovnaja",
    "110": "Sol'",
    "111": "Shevchenko",
    "112": "Maloil'shevskaja",
    "113": "Artemovsk-2",
    "114": "Kurdjumovka",
    "115": "Majorskaja",
    "116": "Nikitovka",
    "117": "Gorlovka",
    "118": "Krasnozavodskaja",
    "119": "Vereschakovka-Levada",
    "120": "Har'kov-Levada",
    "121": "Bajrak",
    "122": "Uglegorsk",
    "123": "Bulavin",
    "124": "Debal'tsevo",
    "125": "Zmievskaja elektrichka",
    "126": "op. Lipovaja roscha",
    "127": "op. Karachevka",
    "128": "Pokotilovka",
    "129": "op. Nauchnyj",
    "130": "op. Zelenyj gaj",
    "131": "op. Juzhnyj",
    "132": "Komarovka",
    "133": "op. Artemovka",
    "134": "Merefa",
    "135": "op. Most",
    "136": "op. Selektsionnaja",
    "137": "op. Ezerskaja",
    "138": "op. Lipkovatovka",
    "139": "Borki",
    "140": "op. 829 km",
    "141": "op. Spasov Skit",
    "142": "Shurino",
    "143": "op. Shironino",
    "144": "Bespalovka",
    "145": "op. Klimenovka",
    "146": "op. Novoberekskaja",
    "147": "op. Severnaja",
    "148": "Trojchatoe",
    "149": "op. Bereka",
    "150": "op. 865 km",
    "151": "Lihachevo",
    "152": "op. 872 km",
    "153": "op. 878 km",
    "154": "Beljaevka",
    "155": "op. Razdol'skij",
    "156": "op. Shul'skoe",
    "157": "Krasnopavlovka",
    "158": "op. Otdyh",
    "159": "Gersevanovskij",
    "160": "op. Prjadki",
    "161": "Panjutino",
    "162": "op. Hlebnaja",
    "163": "op. Zavodskaja",
    "164": "Lozovaja",
    "165": "op. 934 km",
    "166": "Rudaevo",
    "167": "Bliznetsy",
    "168": "op. 950 km",
    "169": "Burbulatovo",
    "170": "Dubovo",
    "171": "Prigozhe",
    "172": "Gavrilovka",
    "173": "Grigorevka",
    "174": "Jazykovo",
    "175": "Chajkin most",
    "176": "Barvenkovo",
    "177": "Nadezhdovka",
    "178": "Derezovka",
    "179": "Gusarovka",
    "180": "Bantyshevo",
    "181": "Shidlovskaja",
    "182": "Slavjansk",
    "183": "Shpichkino",
    "184": "Kramatorsk",
    "185": "op. Utkovka",
    "186": "Ordovka",
    "187": "op. Dzhgun",
    "188": "Vodolaga",
    "189": "Kvartsevyj",
    "190": "op. Sosonovka",
    "191": "Karavan",
    "192": "op. Stanitsa",
    "193": "Vlasovka",
    "194": "Shirokij",
    "195": "op. 53 km",
    "196": "Berestoven'ki",
    "197": "op. 61 km",
    "198": "Novoverbovka",
    "199": "Krasnograd",
    "200": "pl. 4 km",
    "201": "Mzha",
    "202": "op. 11 km",
    "203": "op. 14 km",
    "204": "op. 16 km",
    "205": "Sokolovo",
    "206": "op. 23 km",
    "207": "op. 27 km",
    "208": "Post 939 km",
    "209": "Samojlovka",
    "210": "Varvarovka",
    "211": "Aromatnaja",
    "212": "Pavlograd-1",
    "213": "Zajtsevo",
    "214": "Post  N 1",
    "215": "Sinel'nekovo-2",
    "216": "Illarionovo",
    "217": "Igren'",
    "218": "N.D.Uzel-Park E",
    "219": "N.D.Uzel-Park Z",
    "220": "Nizhnedneprovsk",
    "221": "Amur",
    "222": "Dnepropetrovsk",
    "223": "Merefjanskaja elektrichka",
    "224": "op. 3 km",
    "225": "op. 5 km",
    "226": "Ternovaja",
    "227": "op. Zelenyj kolodets",
    "228": "Mohnach",
    "229": "op. 41 km",
    "230": "op. Pokrovka",
    "231": "Eshar",
    "232": "op. Dachi",
    "233": "Chuguev",
    "234": "op. Malinovka",
    "235": "Korobochkino",
    "236": "op. Kovyl'nyj",
    "237": "op. Zelenaja roscha",
    "238": "Grakovo",
    "239": "op. Prolesnyj",
    "240": "op. Burlutskij",
    "241": "op. 86 km",
    "242": "Shevchenkovo-Juzhnoe",
    "243": "Pervomajskoe-Juzhnoe",
    "244": "Groza",
    "245": "op. Tishkovskij",
    "246": "Staroverovka",
    "247": "op. Kar'er",
    "248": "op. Osad'kovka",
    "249": "op. 127 km",
    "250": "Prokopovka",
    "251": "op. 130 km",
    "252": "op. Osinovo",
    "253": "Kupjansk-Uzlovoj",
    "254": "op. Rassvet",
    "255": "Rogan'",
    "256": "op. Pjatihatki",
    "257": "op. Obrij",
    "258": "op. Losevo-II",
    "259": "Losevo",
    "260": "Chuguevskaja elektrichka",
    "261": "Novaja Bavarija",
    "262": "op. Minutka",
    "263": "op. Ryzhov",
    "264": "Podvorki",
    "265": "op. Zarechanka",
    "266": "Shpakovka",
    "267": "Kurortnaja",
    "268": "op. 224 km",
    "269": "Peresechnaja",
    "270": "op. Jarotovka",
    "271": "op. 217 km",
    "272": "op. Chepelino",
    "273": "op. Fes'ki",
    "274": "Rogozjanka",
    "275": "op. 205 km",
    "276": "Chernoglazovka",
    "277": "op. Sosnovka",
    "278": "Zolochev",
    "279": "Post 7 km",
    "280": "op. Dikanevka",
    "281": "op. 8 km",
    "282": "Vereschakovka-Balashovskaja",
    "283": "Har'kov-Balashovskij",
    "284": "Kurjazh",
    "285": "op. TETs-5",
    "286": "Zaljutino",
    "287": "Novoselovka-2",
    "288": "Har'kov-Passazhirskij-2",
    "289": "op. 6 km",
    "290": "op. 8 km-2",
    "291": "Vereschakovka-Balashovskaja-2",
    "292": "Har'kov-Balashovskij-2",
    "293": "Novozhanovo",
    "294": "Osnova-2",
    "295": "Krasnozavodskaja-2",
    "296": "Vereschakovka-Levada-2",
    "297": "Har'kov-Levada-2",
    "298": "Zolochevskaja elektrichka",
    "299": "op. Pesochin",
    "300": "op. Raj-Elenovka",
    "301": "op. Korotich",
    "302": "op. 21 km",
    "303": "Kommunar",
    "304": "op. Vodjanoe",
    "305": "Ljubotin",
    "306": "op. Ljubovka",
    "307": "Sovnarkomovskaja",
    "308": "op. Manchenki",
    "309": "op. Orehovaja roscha",
    "310": "op. Prostornoe",
    "311": "Merchik",
    "312": "Ljubotinskaja elektrichka",
    "313": "Park \"N\"",
    "314": "Maksimovka",
    "315": "Gavrishi",
    "316": "Bogoduhov",
    "317": "Gubarevka",
    "318": "Kup'evaha",
    "319": "Spitsyn",
    "320": "Kirikovka",
    "321": "Bakirovka",
    "322": "Smorodino",
    "323": "Skrjagovka",
    "324": "op. 98 km",
    "325": "Boromlja",
    "326": "Grebennikova",
    "327": "Syrovatka",
    "328": "Basy",
    "329": "Sumy-tovarnaja",
    "330": "Sumy",
    "331": "Sumskoj dizel'-poezd",
    "332": "op. Karavannaja",
    "333": "op. Pirogovo",
    "334": "Ogul'tsy",
    "335": "op. Hvorostovo",
    "336": "Rogovka",
    "337": "op. Baranovo",
    "338": "Kovjagi",
    "339": "op. Mar'ino",
    "340": "op. Sadki",
    "341": "Vodjanaja",
    "342": "op. Panasovka",
    "343": "op. 80 km",
    "344": "Kolomak",
    "345": "op. Iskrovka",
    "346": "Skorohodovo",
    "347": "Kochubeevka",
    "348": "op. Storozhevoj",
    "349": "op. Zelenaja",
    "350": "Bozhkov",
    "351": "op. Prigorodnaja",
    "352": "op. Paraskoveevka",
    "353": "op. Kovalevka",
    "354": "Svinovka",
    "355": "op. Lesnye poljany",
    "356": "Vakulentsy",
    "357": "op. Dubljanschina",
    "358": "op. Vostochnyj",
    "359": "Poltava-Juzhnaja",
    "360": "Poltavskij dizel'-poezd",
    "361": "Metro",
    "362": "ROOT",
    "363": "Metro",
    "364": "Train",
    "365": "Shema ot 06.11.2020g.\n\nInformatsija o vremeni proezda:\n- Programma MMetro Konstantina Shtennikova,\na takzhe (po informatsii s sajta http://mmetro.al.ru):\n- Vadim Pudovkin,\n- Nick Bliznyuk,\n- Pavel A Gnezdilov.\n\nKarta narisovana na osnove http://www.metro.kharkov.ua.\n\nInformatsija po ctantsijam - s sajtov www.metro.kharkov.ua, gortransport.kharkov.ua i ot Vladislava Savitskogo.\n\nInformatsija o nazemnom transporte - s sajtov www.metro.kharkov.ua, gortransport.kharkov.ua i ot Vladislava Savitskogo.\n\nShemy elektrichek prislal Vladislav Savitskij.",
    "366": "Imported from http://pmetro.su"
}