{
    "0": "Холодная Гора",
    "1": "Южный Вокзал",
    "2": "Центральный рынок",
    "3": "Площадь Конституции",
    "4": "Проспект Гагарина",
    "5": "Спортивная",
    "6": "Завод им. Малышева",
    "7": "Турбоатом",
    "8": "Дворец спорта",
    "9": "Армейская",
    "10": "Им. А.С.Масельского",
    "11": "Тракторный Завод",
    "12": "Индустриальная",
    "13": "Восточная",
    "14": "Роганская",
    "15": "Южная",
    "16": "Холодногорско-Заводская",
    "17": "Октябрьская",
    "18": "Пл. Урицкого",
    "19": "Исторический музей",
    "20": "Университет",
    "21": "Пушкинская",
    "22": "Киевская",
    "23": "Академика Барабашова",
    "24": "Академика Павлова",
    "25": "Студенческая",
    "26": "Героев Труда",
    "27": "Дружбы Народов",
    "28": "Салтовская",
    "29": "Метростроителей",
    "30": "Защитников Украины",
    "31": "Архитектора Бекетова",
    "32": "Госпром",
    "33": "Научная",
    "34": "Ботанический Сад",
    "35": "23-го Августа",
    "36": "Алексеевская",
    "37": "Победа",
    "38": "Харьков-Пассажирский",
    "39": "Южный пост",
    "40": "Северный пост",
    "41": "пл. Подгородная",
    "42": "пл. Лозовенька",
    "43": "оп. Моторная",
    "44": "Дергачи",
    "45": "пл. Новые Дергачи",
    "46": "оп. Безруковка",
    "47": "Слатино",
    "48": "оп. Прудянка",
    "49": "оп. Цуповка",
    "50": "пл. Новая Казачья",
    "51": "Казачья Лопань",
    "52": "пл. Граны",
    "53": "пл. Красный хутор",
    "54": "Наумовка",
    "55": "пл. Дмитротарановка",
    "56": "Толоконное",
    "57": "Долбино",
    "58": "пл. Головино",
    "59": "пл. Болховец",
    "60": "пл. 701 км",
    "61": "оп. Салют",
    "62": "Белгород",
    "63": "Белгородская электричка",
    "64": "Новоселовка",
    "65": "Основа",
    "66": "Предузловая",
    "67": "Безлюдовка",
    "68": "оп. Удянская",
    "69": "Жихор",
    "70": "оп. Васищево",
    "71": "Боровская-Южная",
    "72": "оп. Звидки",
    "73": "оп. Аксютовка",
    "74": "оп. Дружный",
    "75": "оп. Левковка",
    "76": "Змиев",
    "77": "оп. Зидьки",
    "78": "оп. Гинеевка",
    "79": "оп. Дом отдыха",
    "80": "Занки",
    "81": "оп. Комсомольская",
    "82": "оп. Совхозная",
    "83": "оп. Андреевка",
    "84": "Шебелинка",
    "85": "оп. Октябрьская",
    "86": "оп. Сезонная",
    "87": "оп. Янковский",
    "88": "оп. Вербовка",
    "89": "Балаклея",
    "90": "оп. Братское озеро",
    "91": "оп. Лесная",
    "92": "Савинцы",
    "93": "оп. Маяк",
    "94": "оп. Бабариковская",
    "95": "Закомельская",
    "96": "оп. Диброва",
    "97": "оп. 360 км",
    "98": "Цыганская",
    "99": "оп. Федоровка",
    "100": "оп. 368 км",
    "101": "оп. Пименовка",
    "102": "Изюм",
    "103": "Букино",
    "104": "Святогорск",
    "105": "Форпостная",
    "106": "Красный Лиман",
    "107": "Ямполь",
    "108": "Северск",
    "109": "Зовная",
    "110": "Соль",
    "111": "Шевченко",
    "112": "Малоильшевская",
    "113": "Артёмовск-2",
    "114": "Курдюмовка",
    "115": "Майорская",
    "116": "Никитовка",
    "117": "Горловка",
    "118": "Краснозаводская",
    "119": "Верещаковка-Левада",
    "120": "Харьков-Левада",
    "121": "Байрак",
    "122": "Углегорск",
    "123": "Булавин",
    "124": "Дебальцево",
    "125": "Змиевская электричка",
    "126": "оп. Липовая роща",
    "127": "оп. Карачевка",
    "128": "Покотиловка",
    "129": "оп. Научный",
    "130": "оп. Зеленый гай",
    "131": "оп. Южный",
    "132": "Комаровка",
    "133": "оп. Артемовка",
    "134": "Мерефа",
    "135": "оп. Мост",
    "136": "оп. Селекционная",
    "137": "оп. Езерская",
    "138": "оп. Липковатовка",
    "139": "Борки",
    "140": "оп. 829 км",
    "141": "оп. Спасов Скит",
    "142": "Шурино",
    "143": "оп. Широнино",
    "144": "Беспаловка",
    "145": "оп. Клименовка",
    "146": "оп. Новоберекская",
    "147": "оп. Северная",
    "148": "Тройчатое",
    "149": "оп. Берека",
    "150": "оп. 865 км",
    "151": "Лихачево",
    "152": "оп. 872 км",
    "153": "оп. 878 км",
    "154": "Беляевка",
    "155": "оп. Раздольский",
    "156": "оп. Шульское",
    "157": "Краснопавловка",
    "158": "оп. Отдых",
    "159": "Герсевановский",
    "160": "оп. Прядки",
    "161": "Панютино",
    "162": "оп. Хлебная",
    "163": "оп. Заводская",
    "164": "Лозовая",
    "165": "оп. 934 км",
    "166": "Рудаево",
    "167": "Близнецы",
    "168": "оп. 950 км",
    "169": "Бурбулатово",
    "170": "Дубово",
    "171": "Пригоже",
    "172": "Гавриловка",
    "173": "Григоревка",
    "174": "Языково",
    "175": "Чайкин мост",
    "176": "Барвенково",
    "177": "Надеждовка",
    "178": "Дерезовка",
    "179": "Гусаровка",
    "180": "Бантышево",
    "181": "Шидловская",
    "182": "Славянск",
    "183": "Шпичкино",
    "184": "Краматорск",
    "185": "оп. Утковка",
    "186": "Ордовка",
    "187": "оп. Джгун",
    "188": "Водолага",
    "189": "Кварцевый",
    "190": "оп. Сосоновка",
    "191": "Караван",
    "192": "оп. Станица",
    "193": "Власовка",
    "194": "Широкий",
    "195": "оп. 53 км",
    "196": "Берестовеньки",
    "197": "оп. 61 км",
    "198": "Нововербовка",
    "199": "Красноград",
    "200": "пл. 4 км",
    "201": "Мжа",
    "202": "оп. 11 км",
    "203": "оп. 14 км",
    "204": "оп. 16 км",
    "205": "Соколово",
    "206": "оп. 23 км",
    "207": "оп. 27 км",
    "208": "Пост 939 км",
    "209": "Самойловка",
    "210": "Варваровка",
    "211": "Ароматная",
    "212": "Павлоград-1",
    "213": "Зайцево",
    "214": "Пост  N 1",
    "215": "Синельнеково-2",
    "216": "Илларионово",
    "217": "Игрень",
    "218": "Н.Д.Узел-Парк Е",
    "219": "Н.Д.Узел-Парк З",
    "220": "Нижнеднепровск",
    "221": "Амур",
    "222": "Днепропетровск",
    "223": "Мерефянская электричка",
    "224": "оп. 3 км",
    "225": "оп. 5 км",
    "226": "Терновая",
    "227": "оп. Зеленый колодец",
    "228": "Мохнач",
    "229": "оп. 41 км",
    "230": "оп. Покровка",
    "231": "Эсхар",
    "232": "оп. Дачи",
    "233": "Чугуев",
    "234": "оп. Малиновка",
    "235": "Коробочкино",
    "236": "оп. Ковыльный",
    "237": "оп. Зеленая роща",
    "238": "Граково",
    "239": "оп. Пролесный",
    "240": "оп. Бурлуцкий",
    "241": "оп. 86 км",
    "242": "Шевченково-Южное",
    "243": "Первомайское-Южное",
    "244": "Гроза",
    "245": "оп. Тишковский",
    "246": "Староверовка",
    "247": "оп. Карьер",
    "248": "оп. Осадьковка",
    "249": "оп. 127 км",
    "250": "Прокоповка",
    "251": "оп. 130 км",
    "252": "оп. Осиново",
    "253": "Купянск-Узловой",
    "254": "оп. Рассвет",
    "255": "Рогань",
    "256": "оп. Пятихатки",
    "257": "оп. Обрий",
    "258": "оп. Лосево-II",
    "259": "Лосево",
    "260": "Чугуевская электричка",
    "261": "Новая Бавария",
    "262": "оп. Минутка",
    "263": "оп. Рыжов",
    "264": "Подворки",
    "265": "оп. Заречанка",
    "266": "Шпаковка",
    "267": "Курортная",
    "268": "оп. 224 км",
    "269": "Пересечная",
    "270": "оп. Яротовка",
    "271": "оп. 217 км",
    "272": "оп. Чепелино",
    "273": "оп. Феськи",
    "274": "Рогозянка",
    "275": "оп. 205 км",
    "276": "Черноглазовка",
    "277": "оп. Сосновка",
    "278": "Золочев",
    "279": "Пост 7 км",
    "280": "оп. Диканевка",
    "281": "оп. 8 км",
    "282": "Верещаковка-Балашовская",
    "283": "Харьков-Балашовский",
    "284": "Куряж",
    "285": "оп. ТЭЦ-5",
    "286": "Залютино",
    "287": "Новоселовка-2",
    "288": "Харьков-Пассажирский-2",
    "289": "оп. 6 км",
    "290": "оп. 8 км-2",
    "291": "Верещаковка-Балашовская-2",
    "292": "Харьков-Балашовский-2",
    "293": "Новожаново",
    "294": "Основа-2",
    "295": "Краснозаводская-2",
    "296": "Верещаковка-Левада-2",
    "297": "Харьков-Левада-2",
    "298": "Золочевская электричка",
    "299": "оп. Песочин",
    "300": "оп. Рай-Еленовка",
    "301": "оп. Коротич",
    "302": "оп. 21 км",
    "303": "Коммунар",
    "304": "оп. Водяное",
    "305": "Люботин",
    "306": "оп. Любовка",
    "307": "Совнаркомовская",
    "308": "оп. Манченки",
    "309": "оп. Ореховая роща",
    "310": "оп. Просторное",
    "311": "Мерчик",
    "312": "Люботинская электричка",
    "313": "Парк \"Н\"",
    "314": "Максимовка",
    "315": "Гавриши",
    "316": "Богодухов",
    "317": "Губаревка",
    "318": "Купьеваха",
    "319": "Спицын",
    "320": "Кириковка",
    "321": "Бакировка",
    "322": "Смородино",
    "323": "Скряговка",
    "324": "оп. 98 км",
    "325": "Боромля",
    "326": "Гребенникова",
    "327": "Сыроватка",
    "328": "Басы",
    "329": "Сумы-товарная",
    "330": "Сумы",
    "331": "Сумской дизель-поезд",
    "332": "оп. Караванная",
    "333": "оп. Пирогово",
    "334": "Огульцы",
    "335": "оп. Хворостово",
    "336": "Роговка",
    "337": "оп. Бараново",
    "338": "Ковяги",
    "339": "оп. Марьино",
    "340": "оп. Садки",
    "341": "Водяная",
    "342": "оп. Панасовка",
    "343": "оп. 80 км",
    "344": "Коломак",
    "345": "оп. Искровка",
    "346": "Скороходово",
    "347": "Кочубеевка",
    "348": "оп. Сторожевой",
    "349": "оп. Зелёная",
    "350": "Божков",
    "351": "оп. Пригородная",
    "352": "оп. Парасковеевка",
    "353": "оп. Ковалевка",
    "354": "Свиновка",
    "355": "оп. Лесные поляны",
    "356": "Вакуленцы",
    "357": "оп. Дублянщина",
    "358": "оп. Восточный",
    "359": "Полтава-Южная",
    "360": "Полтавский дизель-поезд",
    "361": "Метро",
    "362": "ROOT",
    "363": "Метро",
    "364": "Электричка",
    "365": "Схема от 06.11.2020г.\n\nИнформация о времени проезда:\n- Программа MMetro Константина Штенникова,\nа также (по информации с сайта http://mmetro.al.ru):\n- Vadim Pudovkin,\n- Nick Bliznyuk,\n- Pavel A Gnezdilov.\n\nКарта нарисована на основе http://www.metro.kharkov.ua.\n\nИнформация по cтанциям - с сайтов www.metro.kharkov.ua, gortransport.kharkov.ua и от Владислава Савицкого.\n\nИнформация о наземном транспорте - с сайтов www.metro.kharkov.ua, gortransport.kharkov.ua и от Владислава Савицкого.\n\nСхемы электричек прислал Владислав Савицкий.",
    "366": "Imported from http://pmetro.su"
}