{
    "lines": [
        {
            "delays": [],
            "name": "1",
            "scheme": null,
            "segments": [
                [
                    0,
                    1,
                    300
                ],
                [
                    1,
                    0,
                    300
                ],
                [
                    1,
                    2,
                    120
                ],
                [
                    2,
                    1,
                    120
                ],
                [
                    2,
                    3,
                    120
                ],
                [
                    3,
                    2,
                    120
                ],
                [
                    3,
                    4,
                    120
                ],
                [
                    4,
                    3,
                    120
                ],
                [
                    4,
                    5,
                    90
                ],
                [
                    5,
                    4,
                    90
                ],
                [
                    5,
                    6,
                    60
                ],
                [
                    6,
                    5,
                    60
                ],
                [
                    6,
                    7,
                    120
                ],
                [
                    7,
                    6,
                    120
                ],
                [
                    7,
                    8,
                    90
                ],
                [
                    8,
                    7,
                    90
                ],
                [
                    8,
                    9,
                    120
                ],
                [
                    9,
                    8,
                    120
                ],
                [
                    9,
                    10,
                    90
                ],
                [
                    10,
                    9,
                    90
                ],
                [
                    10,
                    11,
                    60
                ],
                [
                    11,
                    10,
                    60
                ],
                [
                    11,
                    12,
                    120
                ],
                [
                    12,
                    11,
                    120
                ],
                [
                    12,
                    13,
                    120
                ],
                [
                    13,
                    12,
                    120
                ],
                [
                    13,
                    14,
                    90
                ],
                [
                    14,
                    13,
                    90
                ],
                [
                    14,
                    15,
                    180
                ],
                [
                    15,
                    14,
                    180
                ],
                [
                    15,
                    16,
                    120
                ],
                [
                    16,
                    15,
                    120
                ],
                [
                    16,
                    17,
                    120
                ],
                [
                    17,
                    16,
                    120
                ],
                [
                    17,
                    18,
                    90
                ],
                [
                    18,
                    17,
                    90
                ],
                [
                    18,
                    19,
                    120
                ],
                [
                    19,
                    18,
                    120
                ]
            ],
            "stations": [
                [
                    0,
                    "Nokdong",
                    0
                ],
                [
                    1,
                    "Sotae",
                    1
                ],
                [
                    2,
                    "Hakdong-Jeungsimsa",
                    2
                ],
                [
                    3,
                    "Namgwangju",
                    3
                ],
                [
                    4,
                    "Culture Complex",
                    4
                ],
                [
                    5,
                    "Geumnamno 4-ga",
                    5
                ],
                [
                    6,
                    "Geumnamno 5-ga",
                    6
                ],
                [
                    7,
                    "Yangdong Market",
                    7
                ],
                [
                    8,
                    "Dolgogae",
                    8
                ],
                [
                    9,
                    "Nongseong",
                    9
                ],
                [
                    10,
                    "Hwajeong",
                    10
                ],
                [
                    11,
                    "Ssangcheon",
                    11
                ],
                [
                    12,
                    "Uncheon",
                    12
                ],
                [
                    13,
                    "Sangmu",
                    13
                ],
                [
                    14,
                    "Kim Daejung Convention Center",
                    14
                ],
                [
                    15,
                    "Airport",
                    15
                ],
                [
                    16,
                    "Songjeong Park",
                    16
                ],
                [
                    17,
                    "Gwangju Songjeong Station",
                    17
                ],
                [
                    18,
                    "Dosan",
                    18
                ],
                [
                    19,
                    "Pyeongdong",
                    19
                ]
            ],
            "text_id": 20
        }
    ],
    "name": "metro",
    "transfers": [],
    "type_name": "Метро"
}