{
    "0": "Райымбек батыр",
    "1": "Жибек Жолы",
    "2": "Алмалы",
    "3": "Абай",
    "4": "Байконыр",
    "5": "Театр им. М.Ауэзова",
    "6": "Алатау",
    "7": "Сайран",
    "8": "Москва",
    "9": "Сарыарка",
    "10": "Первая",
    "11": "Метро",
    "12": "ROOT",
    "13": "Схема от 20.04.2015г.\nСмирнов Петр - smpa@mail.ru\nСхема метрополитена города Алматы\nНа карте отображена только центральная часть города",
    "14": "Imported from http://pmetro.su"
}