{
    "default_transports": [
        "metro"
    ],
    "height": 784,
    "images": [
        "res/schemes/newark.svg"
    ],
    "is_vector": true,
    "lines": [
        {
            "labels_bg_color": "-1",
            "labels_color": "3398C3",
            "line_color": "3398C3",
            "line_width": 5,
            "name": "Newark City Subway",
            "segments": [
                [
                    0,
                    1,
                    [
                        [
                            126,
                            107
                        ],
                        [
                            57,
                            107
                        ]
                    ],
                    true
                ],
                [
                    1,
                    2,
                    [
                        [
                            178.0,
                            114.0
                        ],
                        [
                            178.16,
                            111.92
                        ],
                        [
                            178.28,
                            109.94
                        ],
                        [
                            178.35,
                            108.04
                        ],
                        [
                            178.38,
                            106.25
                        ],
                        [
                            178.33,
                            104.57
                        ],
                        [
                            178.24,
                            102.97
                        ],
                        [
                            178.12,
                            101.46
                        ],
                        [
                            178.0,
                            100.0
                        ],
                        [
                            177.95,
                            98.53
                        ],
                        [
                            177.88,
                            97.12
                        ],
                        [
                            177.74,
                            95.84
                        ],
                        [
                            177.5,
                            94.69
                        ],
                        [
                            177.16,
                            93.67
                        ],
                        [
                            176.67,
                            92.85
                        ],
                        [
                            175.98,
                            92.25
                        ],
                        [
                            175.0,
                            92.0
                        ],
                        [
                            173.55,
                            92.27
                        ],
                        [
                            171.8,
                            92.87
                        ],
                        [
                            169.88,
                            93.67
                        ],
                        [
                            167.81,
                            94.62
                        ],
                        [
                            165.66,
                            95.67
                        ],
                        [
                            163.45,
                            96.77
                        ],
                        [
                            161.21,
                            97.91
                        ],
                        [
                            159.0,
                            99.0
                        ],
                        [
                            156.96,
                            99.92
                        ],
                        [
                            154.98,
                            100.76
                        ],
                        [
                            153.02,
                            101.56
                        ],
                        [
                            151.06,
                            102.31
                        ],
                        [
                            149.07,
                            103.06
                        ],
                        [
                            147.06,
                            103.77
                        ],
                        [
                            145.04,
                            104.42
                        ],
                        [
                            143.0,
                            105.0
                        ],
                        [
                            140.93,
                            105.48
                        ],
                        [
                            138.85,
                            105.89
                        ],
                        [
                            136.74,
                            106.23
                        ],
                        [
                            134.62,
                            106.5
                        ],
                        [
                            132.49,
                            106.72
                        ],
                        [
                            130.34,
                            106.88
                        ],
                        [
                            128.18,
                            106.97
                        ],
                        [
                            126.0,
                            107.0
                        ]
                    ],
                    true
                ],
                [
                    2,
                    3,
                    [
                        [
                            147.0,
                            201.0
                        ],
                        [
                            146.66,
                            199.32
                        ],
                        [
                            146.38,
                            197.66
                        ],
                        [
                            146.16,
                            196.01
                        ],
                        [
                            146.0,
                            194.38
                        ],
                        [
                            145.9,
                            192.76
                        ],
                        [
                            145.87,
                            191.16
                        ],
                        [
                            145.9,
                            189.57
                        ],
                        [
                            146.0,
                            188.0
                        ],
                        [
                            146.19,
                            186.43
                        ],
                        [
                            146.45,
                            184.87
                        ],
                        [
                            146.76,
                            183.34
                        ],
                        [
                            147.12,
                            181.81
                        ],
                        [
                            147.55,
                            180.28
                        ],
                        [
                            148.01,
                            178.79
                        ],
                        [
                            148.5,
                            177.34
                        ],
                        [
                            149.0,
                            176.0
                        ],
                        [
                            149.46,
                            174.88
                        ],
                        [
                            149.93,
                            173.84
                        ],
                        [
                            150.44,
                            172.78
                        ],
                        [
                            151.0,
                            171.69
                        ],
                        [
                            151.62,
                            170.52
                        ],
                        [
                            152.31,
                            169.22
                        ],
                        [
                            153.09,
                            167.75
                        ],
                        [
                            154.0,
                            166.0
                        ],
                        [
                            155.09,
                            163.79
                        ],
                        [
                            156.31,
                            161.28
                        ],
                        [
                            157.62,
                            158.57
                        ],
                        [
                            159.0,
                            155.69
                        ],
                        [
                            160.44,
                            152.68
                        ],
                        [
                            161.92,
                            149.56
                        ],
                        [
                            163.45,
                            146.32
                        ],
                        [
                            165.0,
                            143.0
                        ],
                        [
                            166.53,
                            139.67
                        ],
                        [
                            168.08,
                            136.29
                        ],
                        [
                            169.65,
                            132.81
                        ],
                        [
                            171.25,
                            129.25
                        ],
                        [
                            172.89,
                            125.58
                        ],
                        [
                            174.56,
                            121.81
                        ],
                        [
                            176.27,
                            117.95
                        ],
                        [
                            178.0,
                            114.0
                        ]
                    ],
                    true
                ],
                [
                    3,
                    4,
                    [
                        [
                            133.0,
                            281.0
                        ],
                        [
                            133.84,
                            279.2
                        ],
                        [
                            134.72,
                            277.31
                        ],
                        [
                            135.65,
                            275.33
                        ],
                        [
                            136.62,
                            273.25
                        ],
                        [
                            137.62,
                            271.1
                        ],
                        [
                            138.67,
                            268.85
                        ],
                        [
                            139.78,
                            266.49
                        ],
                        [
                            141.0,
                            264.0
                        ],
                        [
                            142.42,
                            261.31
                        ],
                        [
                            143.93,
                            258.5
                        ],
                        [
                            145.44,
                            255.62
                        ],
                        [
                            146.94,
                            252.69
                        ],
                        [
                            148.39,
                            249.73
                        ],
                        [
                            149.74,
                            246.77
                        ],
                        [
                            150.98,
                            243.84
                        ],
                        [
                            152.0,
                            241.0
                        ],
                        [
                            152.68,
                            238.34
                        ],
                        [
                            153.13,
                            235.79
                        ],
                        [
                            153.42,
                            233.28
                        ],
                        [
                            153.56,
                            230.81
                        ],
                        [
                            153.6,
                            228.35
                        ],
                        [
                            153.51,
                            225.89
                        ],
                        [
                            153.31,
                            223.45
                        ],
                        [
                            153.0,
                            221.0
                        ],
                        [
                            152.62,
                            218.51
                        ],
                        [
                            152.14,
                            216.01
                        ],
                        [
                            151.56,
                            213.51
                        ],
                        [
                            150.88,
                            211.0
                        ],
                        [
                            150.07,
                            208.5
                        ],
                        [
                            149.16,
                            206.0
                        ],
                        [
                            148.13,
                            203.5
                        ],
                        [
                            147.0,
                            201.0
                        ]
                    ],
                    true
                ],
                [
                    4,
                    5,
                    [
                        [
                            86.0,
                            362.0
                        ],
                        [
                            87.9,
                            357.68
                        ],
                        [
                            89.72,
                            353.59
                        ],
                        [
                            91.46,
                            349.74
                        ],
                        [
                            93.12,
                            346.12
                        ],
                        [
                            94.72,
                            342.72
                        ],
                        [
                            96.24,
                            339.55
                        ],
                        [
                            97.67,
                            336.63
                        ],
                        [
                            99.0,
                            334.0
                        ],
                        [
                            100.18,
                            331.73
                        ],
                        [
                            101.26,
                            329.73
                        ],
                        [
                            102.28,
                            327.93
                        ],
                        [
                            103.25,
                            326.31
                        ],
                        [
                            104.19,
                            324.82
                        ],
                        [
                            105.12,
                            323.45
                        ],
                        [
                            106.04,
                            322.18
                        ],
                        [
                            107.0,
                            321.0
                        ],
                        [
                            108.04,
                            319.88
                        ],
                        [
                            109.13,
                            318.8
                        ],
                        [
                            110.25,
                            317.74
                        ],
                        [
                            111.38,
                            316.69
                        ],
                        [
                            112.5,
                            315.65
                        ],
                        [
                            113.64,
                            314.55
                        ],
                        [
                            114.8,
                            313.37
                        ],
                        [
                            116.0,
                            312.0
                        ],
                        [
                            117.26,
                            310.3
                        ],
                        [
                            118.55,
                            308.42
                        ],
                        [
                            119.84,
                            306.43
                        ],
                        [
                            121.12,
                            304.38
                        ],
                        [
                            122.4,
                            302.29
                        ],
                        [
                            123.64,
                            300.19
                        ],
                        [
                            124.85,
                            298.07
                        ],
                        [
                            126.0,
                            296.0
                        ],
                        [
                            127.06,
                            294.04
                        ],
                        [
                            128.05,
                            292.12
                        ],
                        [
                            128.99,
                            290.24
                        ],
                        [
                            129.88,
                            288.38
                        ],
                        [
                            130.73,
                            286.51
                        ],
                        [
                            131.53,
                            284.66
                        ],
                        [
                            132.29,
                            282.82
                        ],
                        [
                            133.0,
                            281.0
                        ]
                    ],
                    true
                ],
                [
                    5,
                    6,
                    [
                        [
                            87.0,
                            455.0
                        ],
                        [
                            88.62,
                            453.95
                        ],
                        [
                            90.09,
                            452.81
                        ],
                        [
                            91.43,
                            451.58
                        ],
                        [
                            92.62,
                            450.25
                        ],
                        [
                            93.68,
                            448.83
                        ],
                        [
                            94.6,
                            447.31
                        ],
                        [
                            95.38,
                            445.7
                        ],
                        [
                            96.0,
                            444.0
                        ],
                        [
                            96.46,
                            442.22
                        ],
                        [
                            96.77,
                            440.35
                        ],
                        [
                            96.95,
                            438.38
                        ],
                        [
                            97.0,
                            436.31
                        ],
                        [
                            96.94,
                            434.17
                        ],
                        [
                            96.76,
                            431.91
                        ],
                        [
                            96.45,
                            429.54
                        ],
                        [
                            96.0,
                            427.0
                        ],
                        [
                            95.35,
                            424.23
                        ],
                        [
                            94.58,
                            421.31
                        ],
                        [
                            93.73,
                            418.31
                        ],
                        [
                            92.81,
                            415.25
                        ],
                        [
                            91.86,
                            412.16
                        ],
                        [
                            90.9,
                            409.06
                        ],
                        [
                            89.93,
                            405.99
                        ],
                        [
                            89.0,
                            403.0
                        ],
                        [
                            88.15,
                            400.2
                        ],
                        [
                            87.35,
                            397.5
                        ],
                        [
                            86.61,
                            394.85
                        ],
                        [
                            85.94,
                            392.25
                        ],
                        [
                            85.31,
                            389.66
                        ],
                        [
                            84.77,
                            387.09
                        ],
                        [
                            84.32,
                            384.54
                        ],
                        [
                            84.0,
                            382.0
                        ],
                        [
                            83.85,
                            379.45
                        ],
                        [
                            83.82,
                            376.91
                        ],
                        [
                            83.92,
                            374.39
                        ],
                        [
                            84.12,
                            371.88
                        ],
                        [
                            84.43,
                            369.38
                        ],
                        [
                            84.84,
                            366.91
                        ],
                        [
                            85.37,
                            364.45
                        ],
                        [
                            86.0,
                            362.0
                        ]
                    ],
                    true
                ],
                [
                    6,
                    7,
                    [
                        [
                            105.0,
                            517.0
                        ],
                        [
                            102.49,
                            516.2
                        ],
                        [
                            100.09,
                            515.31
                        ],
                        [
                            97.8,
                            514.33
                        ],
                        [
                            95.62,
                            513.25
                        ],
                        [
                            93.56,
                            512.09
                        ],
                        [
                            91.6,
                            510.83
                        ],
                        [
                            89.75,
                            509.47
                        ],
                        [
                            88.0,
                            508.0
                        ],
                        [
                            86.33,
                            506.39
                        ],
                        [
                            84.77,
                            504.67
                        ],
                        [
                            83.33,
                            502.87
                        ],
                        [
                            82.0,
                            501.0
                        ],
                        [
                            80.8,
                            499.06
                        ],
                        [
                            79.73,
                            497.07
                        ],
                        [
                            78.8,
                            495.04
                        ],
                        [
                            78.0,
                            493.0
                        ],
                        [
                            77.34,
                            491.0
                        ],
                        [
                            76.83,
                            488.99
                        ],
                        [
                            76.46,
                            486.95
                        ],
                        [
                            76.25,
                            484.88
                        ],
                        [
                            76.19,
                            482.74
                        ],
                        [
                            76.29,
                            480.55
                        ],
                        [
                            76.56,
                            478.31
                        ],
                        [
                            77.0,
                            476.0
                        ],
                        [
                            77.64,
                            473.6
                        ],
                        [
                            78.46,
                            471.13
                        ],
                        [
                            79.46,
                            468.6
                        ],
                        [
                            80.62,
                            466.0
                        ],
                        [
                            81.96,
                            463.34
                        ],
                        [
                            83.47,
                            460.62
                        ],
                        [
                            85.15,
                            457.84
                        ],
                        [
                            87.0,
                            455.0
                        ]
                    ],
                    true
                ],
                [
                    7,
                    8,
                    [
                        [
                            121.0,
                            554.0
                        ],
                        [
                            121.48,
                            552.57
                        ],
                        [
                            121.94,
                            551.16
                        ],
                        [
                            122.36,
                            549.76
                        ],
                        [
                            122.75,
                            548.38
                        ],
                        [
                            123.1,
                            547.01
                        ],
                        [
                            123.41,
                            545.66
                        ],
                        [
                            123.71,
                            544.32
                        ],
                        [
                            124.0,
                            543.0
                        ],
                        [
                            124.33,
                            541.68
                        ],
                        [
                            124.65,
                            540.37
                        ],
                        [
                            124.92,
                            539.08
                        ],
                        [
                            125.12,
                            537.81
                        ],
                        [
                            125.26,
                            536.56
                        ],
                        [
                            125.3,
                            535.34
                        ],
                        [
                            125.22,
                            534.15
                        ],
                        [
                            125.0,
                            533.0
                        ],
                        [
                            124.56,
                            531.92
                        ],
                        [
                            123.95,
                            530.88
                        ],
                        [
                            123.22,
                            529.87
                        ],
                        [
                            122.38,
                            528.88
                        ],
                        [
                            121.43,
                            527.9
                        ],
                        [
                            120.38,
                            526.93
                        ],
                        [
                            119.24,
                            525.97
                        ],
                        [
                            118.0,
                            525.0
                        ],
                        [
                            116.69,
                            524.01
                        ],
                        [
                            115.3,
                            523.01
                        ],
                        [
                            113.82,
                            522.0
                        ],
                        [
                            112.25,
                            521.0
                        ],
                        [
                            110.58,
                            520.0
                        ],
                        [
                            108.81,
                            519.0
                        ],
                        [
                            106.95,
                            518.0
                        ],
                        [
                            105.0,
                            517.0
                        ]
                    ],
                    true
                ],
                [
                    8,
                    9,
                    [
                        [
                            187.0,
                            597.0
                        ],
                        [
                            181.86,
                            594.87
                        ],
                        [
                            176.94,
                            592.84
                        ],
                        [
                            172.23,
                            590.93
                        ],
                        [
                            167.75,
                            589.12
                        ],
                        [
                            163.48,
                            587.41
                        ],
                        [
                            159.43,
                            585.81
                        ],
                        [
                            155.6,
                            584.33
                        ],
                        [
                            152.0,
                            583.0
                        ],
                        [
                            148.63,
                            581.89
                        ],
                        [
                            145.47,
                            580.91
                        ],
                        [
                            142.54,
                            580.02
                        ],
                        [
                            139.81,
                            579.19
                        ],
                        [
                            137.28,
                            578.39
                        ],
                        [
                            134.97,
                            577.61
                        ],
                        [
                            132.87,
                            576.83
                        ],
                        [
                            131.0,
                            576.0
                        ],
                        [
                            129.41,
                            575.06
                        ],
                        [
                            128.03,
                            574.04
                        ],
                        [
                            126.84,
                            572.98
                        ],
                        [
                            125.81,
                            571.88
                        ],
                        [
                            124.94,
                            570.74
                        ],
                        [
                            124.19,
                            569.55
                        ],
                        [
                            123.56,
                            568.31
                        ],
                        [
                            123.0,
                            567.0
                        ],
                        [
                            122.45,
                            565.6
                        ],
                        [
                            121.96,
                            564.13
                        ],
                        [
                            121.56,
                            562.6
                        ],
                        [
                            121.25,
                            561.0
                        ],
                        [
                            121.05,
                            559.34
                        ],
                        [
                            120.94,
                            557.62
                        ],
                        [
                            120.92,
                            555.84
                        ],
                        [
                            121.0,
                            554.0
                        ]
                    ],
                    true
                ],
                [
                    9,
                    10,
                    [
                        [
                            215,
                            608
                        ],
                        [
                            187,
                            597
                        ]
                    ],
                    true
                ],
                [
                    10,
                    11,
                    [
                        [
                            274,
                            634
                        ],
                        [
                            215,
                            608
                        ]
                    ],
                    true
                ]
            ],
            "stations": [
                {
                    "coord": [
                        57,
                        107
                    ],
                    "is_working": true,
                    "name": "Grove Street",
                    "rect": [
                        26,
                        84,
                        64,
                        15
                    ],
                    "text_id": 0,
                    "uid": 0
                },
                {
                    "coord": [
                        126,
                        107
                    ],
                    "is_working": true,
                    "name": "Silver Lake",
                    "rect": [
                        98,
                        113,
                        58,
                        15
                    ],
                    "text_id": 1,
                    "uid": 1
                },
                {
                    "coord": [
                        178,
                        114
                    ],
                    "is_working": true,
                    "name": "Branch Brook Park",
                    "rect": [
                        188,
                        108,
                        97,
                        15
                    ],
                    "text_id": 2,
                    "uid": 2
                },
                {
                    "coord": [
                        147,
                        201
                    ],
                    "is_working": true,
                    "name": "Davenport Avenue",
                    "rect": [
                        156,
                        192,
                        94,
                        15
                    ],
                    "text_id": 3,
                    "uid": 3
                },
                {
                    "coord": [
                        133,
                        281
                    ],
                    "is_working": true,
                    "name": "Bloomfield Avenue",
                    "rect": [
                        143,
                        274,
                        96,
                        15
                    ],
                    "text_id": 4,
                    "uid": 4
                },
                {
                    "coord": [
                        86,
                        362
                    ],
                    "is_working": true,
                    "name": "Park Avenue",
                    "rect": [
                        96,
                        355,
                        66,
                        15
                    ],
                    "text_id": 5,
                    "uid": 5
                },
                {
                    "coord": [
                        87,
                        455
                    ],
                    "is_working": true,
                    "name": "Orange Street",
                    "rect": [
                        100,
                        447,
                        70,
                        15
                    ],
                    "text_id": 6,
                    "uid": 6
                },
                {
                    "coord": [
                        105,
                        517
                    ],
                    "is_working": true,
                    "name": "Norfolk Street",
                    "rect": [
                        27,
                        518,
                        70,
                        15
                    ],
                    "text_id": 7,
                    "uid": 7
                },
                {
                    "coord": [
                        121,
                        554
                    ],
                    "is_working": true,
                    "name": "Warren Street",
                    "rect": [
                        41,
                        548,
                        70,
                        15
                    ],
                    "text_id": 8,
                    "uid": 8
                },
                {
                    "coord": [
                        187,
                        597
                    ],
                    "is_working": true,
                    "name": "Washington Street",
                    "rect": [
                        80,
                        593,
                        92,
                        15
                    ],
                    "text_id": 9,
                    "uid": 9
                },
                {
                    "coord": [
                        215,
                        608
                    ],
                    "is_working": true,
                    "name": "Military Park",
                    "rect": [
                        158,
                        617,
                        65,
                        15
                    ],
                    "text_id": 10,
                    "uid": 10
                },
                {
                    "coord": [
                        274,
                        634
                    ],
                    "is_working": true,
                    "name": "Newark Penn Station",
                    "rect": [
                        189,
                        646,
                        105,
                        15
                    ],
                    "text_id": 11,
                    "uid": 11
                }
            ],
            "text_id": 12
        },
        {
            "labels_bg_color": "-1",
            "labels_color": "F7990D",
            "line_color": "F7990D",
            "line_width": 5,
            "name": "Newark Light Rail",
            "segments": [
                [
                    12,
                    13,
                    [
                        [
                            259.0,
                            586.0
                        ],
                        [
                            259.18,
                            586.97
                        ],
                        [
                            259.34,
                            587.88
                        ],
                        [
                            259.49,
                            588.72
                        ],
                        [
                            259.62,
                            589.5
                        ],
                        [
                            259.74,
                            590.24
                        ],
                        [
                            259.83,
                            590.91
                        ],
                        [
                            259.92,
                            591.5
                        ],
                        [
                            260.0,
                            592.0
                        ],
                        [
                            260.1,
                            592.34
                        ],
                        [
                            260.2,
                            592.59
                        ],
                        [
                            260.27,
                            592.81
                        ],
                        [
                            260.31,
                            593.0
                        ],
                        [
                            260.32,
                            593.18
                        ],
                        [
                            260.27,
                            593.38
                        ],
                        [
                            260.17,
                            593.63
                        ],
                        [
                            260.0,
                            594.0
                        ],
                        [
                            259.72,
                            594.59
                        ],
                        [
                            259.35,
                            595.3
                        ],
                        [
                            258.92,
                            596.07
                        ],
                        [
                            258.44,
                            596.88
                        ],
                        [
                            257.91,
                            597.69
                        ],
                        [
                            257.33,
                            598.5
                        ],
                        [
                            256.7,
                            599.28
                        ],
                        [
                            256.0,
                            600.0
                        ],
                        [
                            255.22,
                            600.56
                        ],
                        [
                            254.39,
                            601.04
                        ],
                        [
                            253.51,
                            601.49
                        ],
                        [
                            252.62,
                            601.94
                        ],
                        [
                            251.8,
                            602.41
                        ],
                        [
                            250.95,
                            602.91
                        ],
                        [
                            250.06,
                            603.44
                        ],
                        [
                            249.0,
                            604.0
                        ],
                        [
                            247.55,
                            604.61
                        ],
                        [
                            246.02,
                            605.27
                        ],
                        [
                            244.62,
                            606.01
                        ],
                        [
                            243.44,
                            606.81
                        ],
                        [
                            242.56,
                            607.7
                        ],
                        [
                            242.12,
                            608.68
                        ],
                        [
                            242.19,
                            609.77
                        ],
                        [
                            243.0,
                            611.0
                        ],
                        [
                            244.89,
                            612.42
                        ],
                        [
                            247.6,
                            613.98
                        ],
                        [
                            250.98,
                            615.68
                        ],
                        [
                            255.0,
                            617.5
                        ],
                        [
                            259.57,
                            619.44
                        ],
                        [
                            264.75,
                            621.5
                        ],
                        [
                            270.56,
                            623.69
                        ],
                        [
                            277.0,
                            626.0
                        ]
                    ],
                    true
                ],
                [
                    13,
                    14,
                    [
                        [
                            259.0,
                            586.0
                        ],
                        [
                            258.98,
                            584.09
                        ],
                        [
                            258.94,
                            582.22
                        ],
                        [
                            258.86,
                            580.4
                        ],
                        [
                            258.75,
                            578.62
                        ],
                        [
                            258.61,
                            576.9
                        ],
                        [
                            258.44,
                            575.21
                        ],
                        [
                            258.23,
                            573.58
                        ],
                        [
                            258.0,
                            572.0
                        ],
                        [
                            257.73,
                            570.48
                        ],
                        [
                            257.44,
                            569.0
                        ],
                        [
                            257.11,
                            567.57
                        ],
                        [
                            256.75,
                            566.19
                        ],
                        [
                            256.36,
                            564.84
                        ],
                        [
                            255.93,
                            563.53
                        ],
                        [
                            255.48,
                            562.25
                        ],
                        [
                            255.0,
                            561.0
                        ],
                        [
                            254.5,
                            559.77
                        ],
                        [
                            253.97,
                            558.57
                        ],
                        [
                            253.41,
                            557.4
                        ],
                        [
                            252.81,
                            556.25
                        ],
                        [
                            252.19,
                            555.12
                        ],
                        [
                            251.53,
                            554.02
                        ],
                        [
                            250.81,
                            552.97
                        ],
                        [
                            250.0,
                            552.0
                        ],
                        [
                            249.04,
                            551.18
                        ],
                        [
                            248.0,
                            550.41
                        ],
                        [
                            246.94,
                            549.65
                        ],
                        [
                            245.88,
                            548.88
                        ],
                        [
                            244.82,
                            548.05
                        ],
                        [
                            243.81,
                            547.15
                        ],
                        [
                            242.86,
                            546.15
                        ],
                        [
                            242.0,
                            545.0
                        ],
                        [
                            241.32,
                            543.61
                        ],
                        [
                            240.75,
                            542.04
                        ],
                        [
                            240.27,
                            540.33
                        ],
                        [
                            239.88,
                            538.5
                        ],
                        [
                            239.54,
                            536.56
                        ],
                        [
                            239.28,
                            534.5
                        ],
                        [
                            239.1,
                            532.31
                        ],
                        [
                            239.0,
                            530.0
                        ]
                    ],
                    true
                ],
                [
                    13,
                    17,
                    [
                        [
                            223.0,
                            533.0
                        ],
                        [
                            223.34,
                            535.52
                        ],
                        [
                            223.72,
                            537.81
                        ],
                        [
                            224.15,
                            539.89
                        ],
                        [
                            224.62,
                            541.75
                        ],
                        [
                            225.14,
                            543.42
                        ],
                        [
                            225.71,
                            544.86
                        ],
                        [
                            226.33,
                            546.07
                        ],
                        [
                            227.0,
                            547.0
                        ],
                        [
                            227.74,
                            547.56
                        ],
                        [
                            228.54,
                            547.86
                        ],
                        [
                            229.38,
                            547.97
                        ],
                        [
                            230.25,
                            547.94
                        ],
                        [
                            231.16,
                            547.8
                        ],
                        [
                            232.09,
                            547.58
                        ],
                        [
                            233.04,
                            547.3
                        ],
                        [
                            234.0,
                            547.0
                        ],
                        [
                            234.95,
                            546.74
                        ],
                        [
                            235.91,
                            546.51
                        ],
                        [
                            236.89,
                            546.3
                        ],
                        [
                            237.88,
                            546.12
                        ],
                        [
                            238.87,
                            545.96
                        ],
                        [
                            239.89,
                            545.86
                        ],
                        [
                            240.92,
                            545.85
                        ],
                        [
                            242.0,
                            546.0
                        ],
                        [
                            243.15,
                            546.4
                        ],
                        [
                            244.33,
                            546.95
                        ],
                        [
                            245.51,
                            547.62
                        ],
                        [
                            246.69,
                            548.38
                        ],
                        [
                            247.84,
                            549.2
                        ],
                        [
                            248.96,
                            550.08
                        ],
                        [
                            250.02,
                            551.02
                        ],
                        [
                            251.0,
                            552.0
                        ],
                        [
                            251.83,
                            552.98
                        ],
                        [
                            252.57,
                            553.98
                        ],
                        [
                            253.25,
                            555.03
                        ],
                        [
                            253.88,
                            556.12
                        ],
                        [
                            254.46,
                            557.27
                        ],
                        [
                            255.0,
                            558.46
                        ],
                        [
                            255.51,
                            559.7
                        ],
                        [
                            256.0,
                            561.0
                        ],
                        [
                            256.49,
                            562.37
                        ],
                        [
                            256.96,
                            563.79
                        ],
                        [
                            257.41,
                            565.25
                        ],
                        [
                            257.81,
                            566.75
                        ],
                        [
                            258.18,
                            568.28
                        ],
                        [
                            258.5,
                            569.84
                        ],
                        [
                            258.77,
                            571.41
                        ],
                        [
                            259.0,
                            573.0
                        ],
                        [
                            259.17,
                            574.58
                        ],
                        [
                            259.29,
                            576.16
                        ],
                        [
                            259.35,
                            577.76
                        ],
                        [
                            259.38,
                            579.38
                        ],
                        [
                            259.35,
                            581.01
                        ],
                        [
                            259.28,
                            582.66
                        ],
                        [
                            259.16,
                            584.32
                        ],
                        [
                            259.0,
                            586.0
                        ]
                    ],
                    true
                ],
                [
                    14,
                    15,
                    [
                        [
                            239.0,
                            530.0
                        ],
                        [
                            238.98,
                            528.34
                        ],
                        [
                            238.94,
                            526.72
                        ],
                        [
                            238.86,
                            525.15
                        ],
                        [
                            238.75,
                            523.62
                        ],
                        [
                            238.61,
                            522.15
                        ],
                        [
                            238.44,
                            520.72
                        ],
                        [
                            238.23,
                            519.34
                        ],
                        [
                            238.0,
                            518.0
                        ],
                        [
                            237.73,
                            516.71
                        ],
                        [
                            237.44,
                            515.47
                        ],
                        [
                            237.11,
                            514.27
                        ],
                        [
                            236.75,
                            513.12
                        ],
                        [
                            236.36,
                            512.02
                        ],
                        [
                            235.94,
                            510.97
                        ],
                        [
                            235.48,
                            509.96
                        ],
                        [
                            235.0,
                            509.0
                        ]
                    ],
                    true
                ],
                [
                    15,
                    16,
                    [
                        [
                            235,
                            509
                        ],
                        [
                            201,
                            492
                        ]
                    ],
                    true
                ],
                [
                    16,
                    17,
                    [
                        [
                            201,
                            492
                        ],
                        [
                            219.0,
                            501.0
                        ],
                        [
                            223,
                            533
                        ]
                    ],
                    true
                ]
            ],
            "stations": [
                {
                    "coord": [
                        277,
                        626
                    ],
                    "is_working": true,
                    "name": "Newark Penn Station",
                    "rect": [
                        289,
                        615,
                        105,
                        15
                    ],
                    "text_id": 11,
                    "uid": 12
                },
                {
                    "coord": [
                        259,
                        586
                    ],
                    "is_working": true,
                    "name": "NJPAC/Center Street",
                    "rect": [
                        270,
                        578,
                        107,
                        15
                    ],
                    "text_id": 13,
                    "uid": 13
                },
                {
                    "coord": [
                        239,
                        530
                    ],
                    "is_working": true,
                    "name": "Atlantic Street",
                    "rect": [
                        254,
                        523,
                        72,
                        15
                    ],
                    "text_id": 14,
                    "uid": 14
                },
                {
                    "coord": [
                        235,
                        509
                    ],
                    "is_working": true,
                    "name": "Riverfront Stadium",
                    "rect": [
                        244,
                        494,
                        94,
                        15
                    ],
                    "text_id": 15,
                    "uid": 15
                },
                {
                    "coord": [
                        201,
                        492
                    ],
                    "is_working": true,
                    "name": "Broad Street Station",
                    "rect": [
                        149,
                        468,
                        101,
                        15
                    ],
                    "text_id": 16,
                    "uid": 16
                },
                {
                    "coord": [
                        223,
                        533
                    ],
                    "is_working": true,
                    "name": "Washington Park",
                    "rect": [
                        146,
                        552,
                        86,
                        15
                    ],
                    "text_id": 17,
                    "uid": 17
                }
            ],
            "text_id": 18
        }
    ],
    "lines_width": 5,
    "name": "metro",
    "name_text_id": 19,
    "stations_diameter": 10.0,
    "transfers": [
        [
            11,
            12,
            [
                274,
                634
            ],
            [
                277,
                626
            ]
        ]
    ],
    "transports": [
        "metro"
    ],
    "type_name": "ROOT",
    "type_text_id": 20,
    "upper_case": false,
    "width": 427,
    "word_wrap": false
}