{
    "lines": [
        {
            "delays": [
                180,
                360
            ],
            "name": "North-Sounsh line",
            "scheme": null,
            "segments": [
                [
                    0,
                    1,
                    120
                ],
                [
                    1,
                    0,
                    120
                ],
                [
                    1,
                    2,
                    120
                ],
                [
                    2,
                    1,
                    120
                ],
                [
                    2,
                    3,
                    120
                ],
                [
                    3,
                    2,
                    120
                ],
                [
                    3,
                    4,
                    120
                ],
                [
                    4,
                    3,
                    120
                ],
                [
                    4,
                    5,
                    120
                ],
                [
                    5,
                    4,
                    120
                ],
                [
                    5,
                    6,
                    120
                ],
                [
                    6,
                    5,
                    120
                ],
                [
                    6,
                    7,
                    120
                ],
                [
                    7,
                    6,
                    120
                ],
                [
                    7,
                    8,
                    120
                ],
                [
                    8,
                    7,
                    120
                ],
                [
                    8,
                    9,
                    120
                ],
                [
                    9,
                    8,
                    120
                ],
                [
                    9,
                    10,
                    120
                ],
                [
                    10,
                    9,
                    120
                ],
                [
                    10,
                    11,
                    120
                ],
                [
                    11,
                    10,
                    120
                ],
                [
                    11,
                    12,
                    120
                ],
                [
                    12,
                    11,
                    120
                ],
                [
                    12,
                    13,
                    120
                ],
                [
                    13,
                    12,
                    120
                ],
                [
                    13,
                    14,
                    120
                ],
                [
                    13,
                    19,
                    120
                ],
                [
                    14,
                    13,
                    120
                ],
                [
                    14,
                    15,
                    120
                ],
                [
                    15,
                    14,
                    120
                ],
                [
                    15,
                    16,
                    120
                ],
                [
                    16,
                    15,
                    120
                ],
                [
                    16,
                    17,
                    120
                ],
                [
                    17,
                    16,
                    120
                ],
                [
                    17,
                    18,
                    120
                ],
                [
                    18,
                    17,
                    120
                ],
                [
                    19,
                    13,
                    120
                ],
                [
                    19,
                    20,
                    120
                ],
                [
                    20,
                    19,
                    120
                ],
                [
                    20,
                    21,
                    120
                ],
                [
                    21,
                    20,
                    120
                ],
                [
                    21,
                    22,
                    120
                ],
                [
                    22,
                    21,
                    120
                ]
            ],
            "stations": [
                [
                    0,
                    "Airport",
                    0
                ],
                [
                    1,
                    "College Park",
                    1
                ],
                [
                    2,
                    "East Point",
                    2
                ],
                [
                    3,
                    "Lakewood/Fort McPherson",
                    3
                ],
                [
                    4,
                    "Oakland City",
                    4
                ],
                [
                    5,
                    "West End",
                    5
                ],
                [
                    6,
                    "Garnett",
                    6
                ],
                [
                    7,
                    "Five Points",
                    7
                ],
                [
                    8,
                    "Peachtree Center",
                    8
                ],
                [
                    9,
                    "Civic Center",
                    9
                ],
                [
                    10,
                    "North Avenue",
                    10
                ],
                [
                    11,
                    "Midtown",
                    11
                ],
                [
                    12,
                    "Arts Center",
                    12
                ],
                [
                    13,
                    "Lindbergh",
                    13
                ],
                [
                    14,
                    "Buckhead",
                    14
                ],
                [
                    15,
                    "Medical Center",
                    15
                ],
                [
                    16,
                    "Dunwoody",
                    16
                ],
                [
                    17,
                    "Sandy Springs",
                    17
                ],
                [
                    18,
                    "North Springs",
                    18
                ],
                [
                    19,
                    "Lenox",
                    19
                ],
                [
                    20,
                    "Brookhaven",
                    20
                ],
                [
                    21,
                    "Chamblee",
                    21
                ],
                [
                    22,
                    "Doraville",
                    22
                ]
            ],
            "text_id": 23
        },
        {
            "delays": [
                180,
                360
            ],
            "name": "West-East line",
            "scheme": null,
            "segments": [
                [
                    23,
                    24,
                    120
                ],
                [
                    24,
                    23,
                    120
                ],
                [
                    24,
                    25,
                    120
                ],
                [
                    25,
                    24,
                    120
                ],
                [
                    25,
                    26,
                    120
                ],
                [
                    26,
                    25,
                    120
                ],
                [
                    26,
                    27,
                    120
                ],
                [
                    27,
                    26,
                    120
                ],
                [
                    27,
                    28,
                    120
                ],
                [
                    28,
                    27,
                    120
                ],
                [
                    28,
                    29,
                    120
                ],
                [
                    29,
                    28,
                    120
                ],
                [
                    29,
                    30,
                    120
                ],
                [
                    30,
                    29,
                    120
                ],
                [
                    30,
                    31,
                    120
                ],
                [
                    31,
                    30,
                    120
                ],
                [
                    31,
                    32,
                    120
                ],
                [
                    32,
                    31,
                    120
                ],
                [
                    32,
                    33,
                    120
                ],
                [
                    33,
                    32,
                    120
                ],
                [
                    33,
                    34,
                    120
                ],
                [
                    34,
                    33,
                    120
                ],
                [
                    34,
                    35,
                    120
                ],
                [
                    35,
                    34,
                    120
                ],
                [
                    35,
                    36,
                    120
                ],
                [
                    35,
                    38,
                    120
                ],
                [
                    36,
                    35,
                    120
                ],
                [
                    36,
                    37,
                    120
                ],
                [
                    37,
                    36,
                    120
                ],
                [
                    38,
                    35,
                    120
                ]
            ],
            "stations": [
                [
                    23,
                    "Indian Creek",
                    24
                ],
                [
                    24,
                    "Kensington",
                    25
                ],
                [
                    25,
                    "Avondale",
                    26
                ],
                [
                    26,
                    "Decatur",
                    27
                ],
                [
                    27,
                    "East Lake",
                    28
                ],
                [
                    28,
                    "Edgewood/Candler Park",
                    29
                ],
                [
                    29,
                    "Inman Park/Reynoldstown",
                    30
                ],
                [
                    30,
                    "King Memorial",
                    31
                ],
                [
                    31,
                    "Georgia State",
                    32
                ],
                [
                    32,
                    "Five Points",
                    7
                ],
                [
                    33,
                    "Omni/Dome/GA World Congress Center",
                    33
                ],
                [
                    34,
                    "Vine City",
                    34
                ],
                [
                    35,
                    "Ashby",
                    35
                ],
                [
                    36,
                    "West Lake",
                    36
                ],
                [
                    37,
                    "Hamilton E. Holmes",
                    37
                ],
                [
                    38,
                    "Bankhead",
                    38
                ]
            ],
            "text_id": 39
        }
    ],
    "name": "metro",
    "transfers": [
        [
            7,
            32,
            120,
            true
        ]
    ],
    "type_name": "Метро"
}