{
    "0": "Tbilisskoe More",
    "1": "Mukhiani",
    "2": "Akhmetelis Teatri",
    "3": "Sarajishvili",
    "4": "Guramishvili",
    "5": "Grmagele",
    "6": "Didube",
    "7": "Elektrodepo",
    "8": "Nadzaladevi",
    "9": "Vagzlis Moedani",
    "10": "Mardjanishvili",
    "11": "Rustaveli",
    "12": "Tavisuplebis Moedani",
    "13": "Avlabari",
    "14": "300 Aragveli",
    "15": "Isani",
    "16": "Samgori",
    "17": "Varketili",
    "18": "Vazisubani",
    "19": "Akhmeteli-Varketili",
    "20": "Tsereteli",
    "21": "Politektnikuri",
    "22": "Medikal Institut",
    "23": "Delisi",
    "24": "Vazha Pshavela",
    "25": "University",
    "26": "Saburtalo",
    "27": "Метро",
    "28": "ROOT",
    "29": "Схема от 09.09.2018г.\nИнформация о времени проезда:\n- Сазонов Иван.",
    "30": "Imported from http://pmetro.su"
}