{
    "0": "Malinovka",
    "1": "Petrovschina",
    "2": "Mihalovo",
    "3": "Grushevka",
    "4": "Institut Kul'tury",
    "5": "Ploschad' Lenina",
    "6": "Oktjabr'skaja",
    "7": "Ploschad' Pobedy",
    "8": "Ploschad' Jakuba Kolasa",
    "9": "Akademija nauk",
    "10": "Park Cheljuskintsev",
    "11": "Moskovskaja",
    "12": "Vostok",
    "13": "Borisovskij trakt",
    "14": "Uruch'e",
    "15": "Mogilevskaja",
    "16": "Avtozavodskaja",
    "17": "Partizanskaja",
    "18": "Traktornyj zavod",
    "19": "Proletarskaja",
    "20": "Pervomajskaja",
    "21": "Kupalovskaja",
    "22": "Nemiga",
    "23": "Frunzenskaja",
    "24": "Molodezhnaja",
    "25": "Pushkinskaja",
    "26": "Sportivnaja",
    "27": "Kuntsevschina",
    "28": "Kamennaja Gorka",
    "29": "Jubilejnaja ploschad'",
    "30": "Ploschad' Frantishka Bogushevicha",
    "31": "Vokzal'naja",
    "32": "Koval'skaja Sloboda",
    "33": "Zelenoluzhskaja",
    "34": "Zaslonovo",
    "35": "Pionerskaja",
    "36": "Sosnovyj Bor",
    "37": "Detskaja zh/d.",
    "38": "Minsk-Passazhirskij",
    "39": "Minsk-Vostochnyj",
    "40": "Traktornyj",
    "41": "[Tovarnyj dvor]",
    "42": "Stepjanka",
    "43": "Ozerische",
    "44": "Kolodischi",
    "45": "Sadovyj",
    "46": "Gorodische",
    "47": "Sloboda",
    "48": "Domashany",
    "49": "Zagor'e",
    "50": "Smolevichi",
    "51": "Zarechnoe",
    "52": "Krasnoe Znamja",
    "53": "Barsuki",
    "54": "Zhodino-Juzhnoe",
    "55": "Zhodino",
    "56": "Proletarskaja Pobeda",
    "57": "Pechinskij",
    "58": "Borisov",
    "59": "Berezina",
    "60": "Nemanitsa",
    "61": "Novosady",
    "62": "Zamuzhan'e",
    "63": "Prijamino",
    "64": "Berezhok",
    "65": "Krupki",
    "66": "Novaja Zhizn'",
    "67": "Bobr",
    "68": "Krasnovka",
    "69": "Slavnoe",
    "70": "Nartsizovo",
    "71": "Trotsilovo",
    "72": "Krasnaja Gorka",
    "73": "Tolochin",
    "74": "Vyderschina",
    "75": "Perevalochnyj",
    "76": "Martjuhovo",
    "77": "Kohanovo",
    "78": "Goloshevka",
    "79": "Djatlovo",
    "80": "Solnechnyj",
    "81": "Lomachino",
    "82": "Verovojsha",
    "83": "Horobrovo",
    "84": "Orsha-Tsentral'naja",
    "85": "Borisovskoe napravlenie",
    "86": "[Minsk-Sortirovochnyj]",
    "87": "Stolichnyj",
    "88": "Kurasovschina",
    "89": "Roscha",
    "90": "Pomyslische",
    "91": "Ptich'",
    "92": "Volchkovichi",
    "93": "Fanipol'",
    "94": "Berezha",
    "95": "Pjatigor'e",
    "96": "Stan'kovo",
    "97": "Kojdanovo",
    "98": "Dzerzhinsk",
    "99": "Klypovschina",
    "100": "Negoreloe",
    "101": "Energetik",
    "102": "Asino",
    "103": "Mezinovka",
    "104": "Kolosovo",
    "105": "Ottseda",
    "106": "Kuchkuny",
    "107": "Temnye Ljady",
    "108": "Stolbtsy",
    "109": "Sinjavo",
    "110": "Osipovschina",
    "111": "Vorotische",
    "112": "Gorodeja",
    "113": "Lipa",
    "114": "Hvoevo",
    "115": "Pogorel'tsy",
    "116": "Jushkevichi",
    "117": "Pobeda",
    "118": "Kroshino",
    "119": "Baranovichi-Tsentral'nye",
    "120": "Lokomotivnoe depo",
    "121": "Gritsevets",
    "122": "Lesnaja",
    "123": "Byten'",
    "124": "Domanovo",
    "125": "Borki",
    "126": "Ivatsevichi",
    "127": "Kossovo-Polesskoe",
    "128": "Bronnaja Gora",
    "129": "Bereza-gorod",
    "130": "Bereza-Kartuzskaja",
    "131": "Kabaki",
    "132": "Pavlovichi",
    "133": "Tkachi",
    "134": "Oranchitsy",
    "135": "Prilutchina",
    "136": "Ljasy",
    "137": "Tevli",
    "138": "Stolpy",
    "139": "Jakovchitsy",
    "140": "Matveechi",
    "141": "Zhabinka",
    "142": "Saharnyj Zavod",
    "143": "Nagorany",
    "144": "Haritony",
    "145": "Koshelevo",
    "146": "Brest-Vostochnyj",
    "147": "Brest-Tsentral'nyj",
    "148": "Stolbtsovskoe napravlenie",
    "149": "Minsk-Severnyj",
    "150": "Masjukovschina",
    "151": "Lebjazhij",
    "152": "Zhdanovichi",
    "153": "Minskoe more",
    "154": "Ratomka",
    "155": "Kryzhovka",
    "156": "Zelenoe",
    "157": "Belarus'",
    "158": "Hmelevka",
    "159": "Anusino",
    "160": "Radoshkovichi",
    "161": "Vjazynka",
    "162": "Praleski",
    "163": "Dubravy",
    "164": "Romany",
    "165": "Olehnovichi",
    "166": "Bojary",
    "167": "Losi",
    "168": "Usha",
    "169": "Mjasota",
    "170": "Tatarschizna",
    "171": "Krinitsa",
    "172": "Selivonovka",
    "173": "Festival'nyj",
    "174": "Molodechno",
    "175": "Molodechnenskoe napravlenie",
    "176": "Minsk-Juzhnyj",
    "177": "Loshitsa",
    "178": "Zheleznodorozhnyj",
    "179": "Koljadichi",
    "180": "Machulischi",
    "181": "Aseevka",
    "182": "Mihanovichi",
    "183": "Sedcha",
    "184": "Zazerka",
    "185": "Rybtsy",
    "186": "Ravnopol'e",
    "187": "Rudensk",
    "188": "Novoe Selo",
    "189": "Drichin",
    "190": "Vendezh",
    "191": "Tehnikum",
    "192": "Puhovichi",
    "193": "Velenskij",
    "194": "Bluzha",
    "195": "Majskij",
    "196": "Veselovskij",
    "197": "Tal'ka",
    "198": "Verhi",
    "199": "Verejtsy",
    "200": "Sovetskij",
    "201": "Jubilejnyj",
    "202": "Osipovichi",
    "203": "Osipovichskoe napravlenie",
    "204": "Pl. Mjasnikova",
    "205": "Vokzal",
    "206": "ul. Sverdlova",
    "207": "Stadion \"Dinamo\"",
    "208": "Litsej BGU",
    "209": "Park Gor'kogo",
    "210": "ul. Zaharova",
    "211": "ul. Z. Bjaduli",
    "212": "Prosp. Nezavisimosti",
    "213": "ul. Krasnaja",
    "214": "St. m. \"Pl. Jakuba Kolasa\"",
    "215": "ul. Doroshevicha",
    "216": "ul. Hmel'nitskogo",
    "217": "ul. Chernyshevskogo",
    "218": "ul. Kalinina",
    "219": "ul. Belinskogo",
    "220": "ul. Volgogradskaja",
    "221": "ul. Sevastopol'skaja",
    "222": "Magazin \"Elektronika\"",
    "223": "ul. Kol'tsova",
    "224": "ul. Sedyh",
    "225": "DS Zelenyj Lug",
    "226": "Tramvaj № 1",
    "227": "DS Serebrjanka",
    "228": "Serebrjanka-3",
    "229": "ul. Jakubova",
    "230": "Serebrjanka-9",
    "231": "Prosp. Rokossovskogo",
    "232": "ul. Gorovtsa",
    "233": "ul. Vasnetsova",
    "234": "ul. Narodnaja",
    "235": "Univermag \"Belarus'\"",
    "236": "Park im. 50-letija Oktjabrja",
    "237": "ul. Vaneeva",
    "238": "ul. Budennogo",
    "239": "ul. Ural'skaja",
    "240": "Per. Kozlova",
    "241": "ul. Botanicheskaja",
    "242": "ul. Platonova",
    "243": "ul. Berestjanskaja",
    "244": "Tramvaj № 8",
    "245": "Studgorodok BGU",
    "246": "ul. Oktjabr'skaja",
    "247": "DS Oktjabr'skaja",
    "248": "Tramvaj № 2",
    "249": "ul. Chapaeva",
    "250": "Tramvaj № 7",
    "251": "ul. Kujbysheva",
    "252": "ul. Bogdanovicha",
    "253": "Teatr molodezhi",
    "254": "Komsomol'skoe ozero",
    "255": "Dvorets detej i molodezhi",
    "256": "TD \"Starovilenskij\"",
    "257": "ul. Very Slutskoj",
    "258": "DS Ozero",
    "259": "Tramvaj № 4",
    "260": "Tramvaj № 10",
    "261": "Tramvaj № 3",
    "262": "Tramvaj № 5",
    "263": "ul. Kalinovskogo",
    "264": "BNTU",
    "265": "Tramvaj № 6",
    "266": "Tramvaj № 11",
    "267": "Metro",
    "268": "ROOT",
    "269": "Metro",
    "270": "Train",
    "271": "Tram",
    "272": "only_metro",
    "273": "OTHER",
    "274": "zd",
    "275": "Shema ot 14.12.2020g.\nInformatsija o vremeni proezda: Dmitrij Dunaev.\nVektornuju versiju podgotovil Avtor po fotografii, prislannoj Dmitriem Dunaevym.\nNazemnyj transport - Jurij Kudelin.\nInformatsiju po ctantsijam prislali: Dmitrij Dunaev, Jurij Kudelin, macho.\nKarta dvizhenija elektropoezdov prislana Zhukom Juriem.\nOsnova dlja shem stantsij vzjata s foruma www.forum.esmasoft.com (avtor - Stalker)",
    "276": "Imported from http://pmetro.su"
}