{
    "0": "Малиновка",
    "1": "Петровщина",
    "2": "Михалово",
    "3": "Грушевка",
    "4": "Институт Культуры",
    "5": "Площадь Ленина",
    "6": "Октябрьская",
    "7": "Площадь Победы",
    "8": "Площадь Якуба Коласа",
    "9": "Академия наук",
    "10": "Парк Челюскинцев",
    "11": "Московская",
    "12": "Восток",
    "13": "Борисовский тракт",
    "14": "Уручье",
    "15": "Могилевская",
    "16": "Автозаводская",
    "17": "Партизанская",
    "18": "Тракторный завод",
    "19": "Пролетарская",
    "20": "Первомайская",
    "21": "Купаловская",
    "22": "Немига",
    "23": "Фрунзенская",
    "24": "Молодежная",
    "25": "Пушкинская",
    "26": "Спортивная",
    "27": "Кунцевщина",
    "28": "Каменная Горка",
    "29": "Юбилейная площадь",
    "30": "Площадь Франтишка Богушевича",
    "31": "Вокзальная",
    "32": "Ковальская Слобода",
    "33": "Зеленолужская",
    "34": "Заслоново",
    "35": "Пионерская",
    "36": "Сосновый Бор",
    "37": "Детская ж/д.",
    "38": "Минск-Пассажирский",
    "39": "Минск-Восточный",
    "40": "Тракторный",
    "41": "[Товарный двор]",
    "42": "Степянка",
    "43": "Озерище",
    "44": "Колодищи",
    "45": "Садовый",
    "46": "Городище",
    "47": "Слобода",
    "48": "Домашаны",
    "49": "Загорье",
    "50": "Смолевичи",
    "51": "Заречное",
    "52": "Красное Знамя",
    "53": "Барсуки",
    "54": "Жодино-Южное",
    "55": "Жодино",
    "56": "Пролетарская Победа",
    "57": "Печинский",
    "58": "Борисов",
    "59": "Березина",
    "60": "Неманица",
    "61": "Новосады",
    "62": "Замужанье",
    "63": "Приямино",
    "64": "Бережок",
    "65": "Крупки",
    "66": "Новая Жизнь",
    "67": "Бобр",
    "68": "Красновка",
    "69": "Славное",
    "70": "Нарцизово",
    "71": "Троцилово",
    "72": "Красная Горка",
    "73": "Толочин",
    "74": "Выдерщина",
    "75": "Перевалочный",
    "76": "Мартюхово",
    "77": "Коханово",
    "78": "Голошевка",
    "79": "Дятлово",
    "80": "Солнечный",
    "81": "Ломачино",
    "82": "Веровойша",
    "83": "Хороброво",
    "84": "Орша-Центральная",
    "85": "Борисовское направление",
    "86": "[Минск-Сортировочный]",
    "87": "Столичный",
    "88": "Курасовщина",
    "89": "Роща",
    "90": "Помыслище",
    "91": "Птичь",
    "92": "Волчковичи",
    "93": "Фаниполь",
    "94": "Бережа",
    "95": "Пятигорье",
    "96": "Станьково",
    "97": "Койданово",
    "98": "Дзержинск",
    "99": "Клыповщина",
    "100": "Негорелое",
    "101": "Энергетик",
    "102": "Асино",
    "103": "Мезиновка",
    "104": "Колосово",
    "105": "Отцеда",
    "106": "Кучкуны",
    "107": "Тёмные Ляды",
    "108": "Столбцы",
    "109": "Синяво",
    "110": "Осиповщина",
    "111": "Воротище",
    "112": "Городея",
    "113": "Липа",
    "114": "Хвоево",
    "115": "Погорельцы",
    "116": "Юшкевичи",
    "117": "Победа",
    "118": "Крошино",
    "119": "Барановичи-Центральные",
    "120": "Локомотивное депо",
    "121": "Грицевец",
    "122": "Лесная",
    "123": "Бытень",
    "124": "Доманово",
    "125": "Борки",
    "126": "Ивацевичи",
    "127": "Коссово-Полесское",
    "128": "Бронная Гора",
    "129": "Берёза-город",
    "130": "Берёза-Картузская",
    "131": "Кабаки",
    "132": "Павловичи",
    "133": "Ткачи",
    "134": "Оранчицы",
    "135": "Прилутчина",
    "136": "Лясы",
    "137": "Тевли",
    "138": "Столпы",
    "139": "Яковчицы",
    "140": "Матвеечи",
    "141": "Жабинка",
    "142": "Сахарный Завод",
    "143": "Нагораны",
    "144": "Харитоны",
    "145": "Кошелево",
    "146": "Брест-Восточный",
    "147": "Брест-Центральный",
    "148": "Столбцовское направление",
    "149": "Минск-Северный",
    "150": "Масюковщина",
    "151": "Лебяжий",
    "152": "Ждановичи",
    "153": "Минское море",
    "154": "Ратомка",
    "155": "Крыжовка",
    "156": "Зелёное",
    "157": "Беларусь",
    "158": "Хмелевка",
    "159": "Анусино",
    "160": "Радошковичи",
    "161": "Вязынка",
    "162": "Пралески",
    "163": "Дубравы",
    "164": "Романы",
    "165": "Олехновичи",
    "166": "Бояры",
    "167": "Лоси",
    "168": "Уша",
    "169": "Мясота",
    "170": "Татарщизна",
    "171": "Криница",
    "172": "Селивоновка",
    "173": "Фестивальный",
    "174": "Молодечно",
    "175": "Молодечненское направление",
    "176": "Минск-Южный",
    "177": "Лошица",
    "178": "Железнодорожный",
    "179": "Колядичи",
    "180": "Мачулищи",
    "181": "Асеевка",
    "182": "Михановичи",
    "183": "Седча",
    "184": "Зазерка",
    "185": "Рыбцы",
    "186": "Равнополье",
    "187": "Руденск",
    "188": "Новое Село",
    "189": "Дричин",
    "190": "Вендеж",
    "191": "Техникум",
    "192": "Пуховичи",
    "193": "Веленский",
    "194": "Блужа",
    "195": "Майский",
    "196": "Веселовский",
    "197": "Талька",
    "198": "Верхи",
    "199": "Верейцы",
    "200": "Советский",
    "201": "Юбилейный",
    "202": "Осиповичи",
    "203": "Осиповичское направление",
    "204": "Пл. Мясникова",
    "205": "Вокзал",
    "206": "ул. Свердлова",
    "207": "Стадион \"Динамо\"",
    "208": "Лицей БГУ",
    "209": "Парк Горького",
    "210": "ул. Захарова",
    "211": "ул. З. Бядули",
    "212": "Просп. Независимости",
    "213": "ул. Красная",
    "214": "Ст. м. \"Пл. Якуба Коласа\"",
    "215": "ул. Дорошевича",
    "216": "ул. Хмельницкого",
    "217": "ул. Чернышевского",
    "218": "ул. Калинина",
    "219": "ул. Белинского",
    "220": "ул. Волгоградская",
    "221": "ул. Севастопольская",
    "222": "Магазин \"Электроника\"",
    "223": "ул. Кольцова",
    "224": "ул. Седых",
    "225": "ДС Зеленый Луг",
    "226": "Трамвай № 1",
    "227": "ДС Серебрянка",
    "228": "Серебрянка-3",
    "229": "ул. Якубова",
    "230": "Серебрянка-9",
    "231": "Просп. Рокоссовского",
    "232": "ул. Горовца",
    "233": "ул. Васнецова",
    "234": "ул. Народная",
    "235": "Универмаг \"Беларусь\"",
    "236": "Парк им. 50-летия Октября",
    "237": "ул. Ванеева",
    "238": "ул. Будённого",
    "239": "ул. Уральская",
    "240": "Пер. Козлова",
    "241": "ул. Ботаническая",
    "242": "ул. Платонова",
    "243": "ул. Берестянская",
    "244": "Трамвай № 8",
    "245": "Студгородок БГУ",
    "246": "ул. Октябрьская",
    "247": "ДС Октябрьская",
    "248": "Трамвай № 2",
    "249": "ул. Чапаева",
    "250": "Трамвай № 7",
    "251": "ул. Куйбышева",
    "252": "ул. Богдановича",
    "253": "Театр молодежи",
    "254": "Комсомольское озеро",
    "255": "Дворец детей и молодежи",
    "256": "ТД \"Старовиленский\"",
    "257": "ул. Веры Слуцкой",
    "258": "ДС Озеро",
    "259": "Трамвай № 4",
    "260": "Трамвай № 10",
    "261": "Трамвай № 3",
    "262": "Трамвай № 5",
    "263": "ул. Калиновского",
    "264": "БНТУ",
    "265": "Трамвай № 6",
    "266": "Трамвай № 11",
    "267": "Метро",
    "268": "ROOT",
    "269": "Метро",
    "270": "Электричка",
    "271": "Трамвай",
    "272": "only_metro",
    "273": "OTHER",
    "274": "zd",
    "275": "Схема от 14.12.2020г.\nИнформация о времени проезда: Дмитрий Дунаев.\nВекторную версию подготовил Автор по фотографии, присланной Дмитрием Дунаевым.\nНаземный транспорт - Юрий Куделин.\nИнформацию по cтанциям прислали: Дмитрий Дунаев, Юрий Куделин, macho.\nКарта движения электропоездов прислана Жуком Юрием.\nОснова для схем станций взята с форума www.forum.esmasoft.com (автор - Stalker)",
    "276": "Imported from http://pmetro.su"
}