{
    "0": "Малиновка",
    "1": "Петровщина",
    "2": "Михалово",
    "3": "Грушевка",
    "4": "Институт Культуры",
    "5": "Площадь Ленина",
    "6": "Октябрьская",
    "7": "Площадь Победы",
    "8": "Площадь Якуба Коласа",
    "9": "Академия наук",
    "10": "Парк Челюскинцев",
    "11": "Московская",
    "12": "Восток",
    "13": "Борисовский тракт",
    "14": "Уручье",
    "15": "Могилевская",
    "16": "Автозаводская",
    "17": "Партизанская",
    "18": "Тракторный завод",
    "19": "Пролетарская",
    "20": "Первомайская",
    "21": "Купаловская",
    "22": "Немига",
    "23": "Фрунзенская",
    "24": "Молодежная",
    "25": "Пушкинская",
    "26": "Спортивная",
    "27": "Кунцевщина",
    "28": "Каменная Горка",
    "29": "Юбилейная площадь",
    "30": "Площадь Франтишка Богушевича",
    "31": "Вокзальная",
    "32": "Ковальская Слобода",
    "33": "Аэродромная",
    "34": "Неморшанский сад",
    "35": "Слуцкий гостинец",
    "36": "Зеленолужская",
    "37": "Заслоново",
    "38": "Пионерская",
    "39": "Сосновый Бор",
    "40": "Детская ж/д.",
    "41": "Минск-Пассажирский",
    "42": "Минск-Восточный",
    "43": "Тракторный",
    "44": "[Товарный двор]",
    "45": "Степянка",
    "46": "Озерище",
    "47": "Колодищи",
    "48": "Садовый",
    "49": "Городище",
    "50": "Слобода",
    "51": "Домашаны",
    "52": "Загорье",
    "53": "Смолевичи",
    "54": "Заречное",
    "55": "Красное Знамя",
    "56": "Барсуки",
    "57": "Жодино-Южное",
    "58": "Жодино",
    "59": "Пролетарская Победа",
    "60": "Печинский",
    "61": "Борисов",
    "62": "Березина",
    "63": "Неманица",
    "64": "Новосады",
    "65": "Замужанье",
    "66": "Приямино",
    "67": "Бережок",
    "68": "Крупки",
    "69": "Новая Жизнь",
    "70": "Бобр",
    "71": "Красновка",
    "72": "Славное",
    "73": "Нарцизово",
    "74": "Троцилово",
    "75": "Красная Горка",
    "76": "Толочин",
    "77": "Выдерщина",
    "78": "Перевалочный",
    "79": "Мартюхово",
    "80": "Коханово",
    "81": "Голошевка",
    "82": "Дятлово",
    "83": "Солнечный",
    "84": "Ломачино",
    "85": "Веровойша",
    "86": "Хороброво",
    "87": "Орша-Центральная",
    "88": "Борисовское направление",
    "89": "[Минск-Сортировочный]",
    "90": "Столичный",
    "91": "Курасовщина",
    "92": "Роща",
    "93": "Помыслище",
    "94": "Птичь",
    "95": "Волчковичи",
    "96": "Фаниполь",
    "97": "Бережа",
    "98": "Пятигорье",
    "99": "Станьково",
    "100": "Койданово",
    "101": "Дзержинск",
    "102": "Клыповщина",
    "103": "Негорелое",
    "104": "Энергетик",
    "105": "Асино",
    "106": "Мезиновка",
    "107": "Колосово",
    "108": "Отцеда",
    "109": "Кучкуны",
    "110": "Тёмные Ляды",
    "111": "Столбцы",
    "112": "Синяво",
    "113": "Осиповщина",
    "114": "Воротище",
    "115": "Городея",
    "116": "Липа",
    "117": "Хвоево",
    "118": "Погорельцы",
    "119": "Юшкевичи",
    "120": "Победа",
    "121": "Крошино",
    "122": "Барановичи-Центральные",
    "123": "Локомотивное депо",
    "124": "Грицевец",
    "125": "Лесная",
    "126": "Бытень",
    "127": "Доманово",
    "128": "Борки",
    "129": "Ивацевичи",
    "130": "Коссово-Полесское",
    "131": "Бронная Гора",
    "132": "Берёза-город",
    "133": "Берёза-Картузская",
    "134": "Кабаки",
    "135": "Павловичи",
    "136": "Ткачи",
    "137": "Оранчицы",
    "138": "Прилутчина",
    "139": "Лясы",
    "140": "Тевли",
    "141": "Столпы",
    "142": "Яковчицы",
    "143": "Матвеечи",
    "144": "Жабинка",
    "145": "Сахарный Завод",
    "146": "Нагораны",
    "147": "Харитоны",
    "148": "Кошелево",
    "149": "Брест-Восточный",
    "150": "Брест-Центральный",
    "151": "Столбцовское направление",
    "152": "Минск-Северный",
    "153": "Масюковщина",
    "154": "Лебяжий",
    "155": "Ждановичи",
    "156": "Минское море",
    "157": "Ратомка",
    "158": "Крыжовка",
    "159": "Зелёное",
    "160": "Беларусь",
    "161": "Хмелевка",
    "162": "Анусино",
    "163": "Радошковичи",
    "164": "Вязынка",
    "165": "Пралески",
    "166": "Дубравы",
    "167": "Романы",
    "168": "Олехновичи",
    "169": "Бояры",
    "170": "Лоси",
    "171": "Уша",
    "172": "Мясота",
    "173": "Татарщизна",
    "174": "Криница",
    "175": "Селивоновка",
    "176": "Фестивальный",
    "177": "Молодечно",
    "178": "Молодечненское направление",
    "179": "Минск-Южный",
    "180": "Лошица",
    "181": "Железнодорожный",
    "182": "Колядичи",
    "183": "Мачулищи",
    "184": "Асеевка",
    "185": "Михановичи",
    "186": "Седча",
    "187": "Зазерка",
    "188": "Рыбцы",
    "189": "Равнополье",
    "190": "Руденск",
    "191": "Новое Село",
    "192": "Дричин",
    "193": "Вендеж",
    "194": "Техникум",
    "195": "Пуховичи",
    "196": "Веленский",
    "197": "Блужа",
    "198": "Майский",
    "199": "Веселовский",
    "200": "Талька",
    "201": "Верхи",
    "202": "Верейцы",
    "203": "Советский",
    "204": "Юбилейный",
    "205": "Осиповичи",
    "206": "Осиповичское направление",
    "207": "Пл. Мясникова",
    "208": "Вокзал",
    "209": "ул. Свердлова",
    "210": "Стадион \"Динамо\"",
    "211": "Лицей БГУ",
    "212": "Парк Горького",
    "213": "ул. Захарова",
    "214": "ул. З. Бядули",
    "215": "Просп. Независимости",
    "216": "ул. Красная",
    "217": "Ст. м. \"Пл. Якуба Коласа\"",
    "218": "ул. Дорошевича",
    "219": "ул. Хмельницкого",
    "220": "ул. Чернышевского",
    "221": "ул. Калинина",
    "222": "ул. Белинского",
    "223": "ул. Волгоградская",
    "224": "ул. Севастопольская",
    "225": "Магазин \"Электроника\"",
    "226": "ул. Кольцова",
    "227": "ул. Седых",
    "228": "ДС Зеленый Луг",
    "229": "Трамвай № 1",
    "230": "ДС Серебрянка",
    "231": "Серебрянка-3",
    "232": "ул. Якубова",
    "233": "Серебрянка-9",
    "234": "Просп. Рокоссовского",
    "235": "ул. Горовца",
    "236": "ул. Васнецова",
    "237": "ул. Народная",
    "238": "Универмаг \"Беларусь\"",
    "239": "Парк им. 50-летия Октября",
    "240": "ул. Ванеева",
    "241": "ул. Будённого",
    "242": "ул. Уральская",
    "243": "Пер. Козлова",
    "244": "ул. Ботаническая",
    "245": "ул. Платонова",
    "246": "ул. Берестянская",
    "247": "Трамвай № 8",
    "248": "Студгородок БГУ",
    "249": "ул. Октябрьская",
    "250": "ДС Октябрьская",
    "251": "Трамвай № 2",
    "252": "ул. Чапаева",
    "253": "Трамвай № 7",
    "254": "ул. Куйбышева",
    "255": "ул. Богдановича",
    "256": "Театр молодежи",
    "257": "Комсомольское озеро",
    "258": "Дворец детей и молодежи",
    "259": "ТД \"Старовиленский\"",
    "260": "ул. Веры Слуцкой",
    "261": "ДС Озеро",
    "262": "Трамвай № 4",
    "263": "Трамвай № 10",
    "264": "Трамвай № 3",
    "265": "Трамвай № 5",
    "266": "ул. Калиновского",
    "267": "БНТУ",
    "268": "Трамвай № 6",
    "269": "Трамвай № 11",
    "270": "Метро",
    "271": "ROOT",
    "272": "Метро",
    "273": "Электричка",
    "274": "Трамвай",
    "275": "only_metro",
    "276": "OTHER",
    "277": "zd",
    "278": "Схема от 14.12.2020г.\nИнформация о времени проезда: Дмитрий Дунаев.\nВекторную версию подготовил Автор по фотографии, присланной Дмитрием Дунаевым.\nНаземный транспорт - Юрий Куделин.\nИнформацию по cтанциям прислали: Дмитрий Дунаев, Юрий Куделин, macho.\nКарта движения электропоездов прислана Жуком Юрием.\nОснова для схем станций взята с форума www.forum.esmasoft.com (автор - Stalker)",
    "279": "Imported from http://pmetro.su"
}