{
    "lines": [
        {
            "delays": [],
            "name": "U35",
            "scheme": null,
            "segments": [
                [
                    0,
                    1,
                    120
                ],
                [
                    1,
                    0,
                    120
                ],
                [
                    1,
                    2,
                    120
                ],
                [
                    2,
                    1,
                    120
                ],
                [
                    2,
                    3,
                    120
                ],
                [
                    3,
                    2,
                    120
                ],
                [
                    3,
                    4,
                    120
                ],
                [
                    4,
                    3,
                    120
                ],
                [
                    4,
                    5,
                    120
                ],
                [
                    5,
                    4,
                    120
                ],
                [
                    5,
                    6,
                    120
                ],
                [
                    6,
                    5,
                    120
                ],
                [
                    6,
                    7,
                    120
                ],
                [
                    7,
                    6,
                    120
                ],
                [
                    7,
                    8,
                    120
                ],
                [
                    8,
                    7,
                    120
                ],
                [
                    8,
                    9,
                    120
                ],
                [
                    9,
                    8,
                    120
                ],
                [
                    9,
                    10,
                    120
                ],
                [
                    10,
                    9,
                    120
                ],
                [
                    10,
                    11,
                    120
                ],
                [
                    11,
                    10,
                    120
                ],
                [
                    11,
                    12,
                    120
                ],
                [
                    12,
                    11,
                    120
                ],
                [
                    12,
                    13,
                    120
                ],
                [
                    13,
                    12,
                    120
                ],
                [
                    13,
                    14,
                    120
                ],
                [
                    14,
                    13,
                    120
                ],
                [
                    14,
                    15,
                    120
                ],
                [
                    15,
                    14,
                    120
                ],
                [
                    15,
                    16,
                    120
                ],
                [
                    16,
                    15,
                    120
                ],
                [
                    16,
                    17,
                    120
                ],
                [
                    17,
                    16,
                    120
                ],
                [
                    17,
                    18,
                    120
                ],
                [
                    18,
                    17,
                    120
                ],
                [
                    18,
                    19,
                    120
                ],
                [
                    19,
                    18,
                    120
                ],
                [
                    19,
                    20,
                    120
                ],
                [
                    20,
                    19,
                    120
                ]
            ],
            "stations": [
                [
                    0,
                    "Schloss Strunkede",
                    0
                ],
                [
                    1,
                    "Herne Bahnhof",
                    1
                ],
                [
                    2,
                    "Herne Mitte",
                    2
                ],
                [
                    3,
                    "An der Kreuzkirche",
                    3
                ],
                [
                    4,
                    "Holkeskampring",
                    4
                ],
                [
                    5,
                    "Beminghausstrasse",
                    5
                ],
                [
                    6,
                    "Rensingstrasse",
                    6
                ],
                [
                    7,
                    "Riemke Markt",
                    7
                ],
                [
                    8,
                    "Zeche Constantin",
                    8
                ],
                [
                    9,
                    "Feldsieper Strasse",
                    9
                ],
                [
                    10,
                    "Deutsches Bergbau-Museum",
                    10
                ],
                [
                    11,
                    "Rathaus Nord",
                    11
                ],
                [
                    12,
                    "Bochum Hauptbahnhof",
                    12
                ],
                [
                    13,
                    "Oskar-Hoffmann-Strasse",
                    13
                ],
                [
                    14,
                    "Waldring",
                    14
                ],
                [
                    15,
                    "Wasserstrasse",
                    15
                ],
                [
                    16,
                    "Brenschederstrasse",
                    16
                ],
                [
                    17,
                    "Markstrasse",
                    17
                ],
                [
                    18,
                    "Ruhr-Universitat",
                    18
                ],
                [
                    19,
                    "Lennershof",
                    19
                ],
                [
                    20,
                    "Hustadt",
                    20
                ]
            ],
            "text_id": 21
        }
    ],
    "name": "metro",
    "transfers": [],
    "type_name": "Электричка"
}