{
    "lines": [
        {
            "delays": [],
            "name": "1",
            "scheme": null,
            "segments": [
                [
                    0,
                    1,
                    120
                ],
                [
                    1,
                    0,
                    120
                ],
                [
                    1,
                    2,
                    120
                ],
                [
                    2,
                    1,
                    120
                ],
                [
                    2,
                    3,
                    120
                ],
                [
                    3,
                    2,
                    120
                ],
                [
                    3,
                    4,
                    120
                ],
                [
                    4,
                    3,
                    120
                ],
                [
                    4,
                    5,
                    120
                ],
                [
                    5,
                    4,
                    120
                ],
                [
                    5,
                    6,
                    120
                ],
                [
                    6,
                    5,
                    120
                ],
                [
                    6,
                    7,
                    120
                ],
                [
                    7,
                    6,
                    120
                ],
                [
                    7,
                    8,
                    120
                ],
                [
                    8,
                    7,
                    120
                ],
                [
                    8,
                    9,
                    120
                ],
                [
                    9,
                    8,
                    120
                ],
                [
                    9,
                    10,
                    120
                ],
                [
                    10,
                    9,
                    120
                ],
                [
                    10,
                    11,
                    120
                ],
                [
                    11,
                    10,
                    120
                ],
                [
                    11,
                    12,
                    120
                ],
                [
                    12,
                    11,
                    120
                ],
                [
                    12,
                    13,
                    120
                ],
                [
                    13,
                    12,
                    120
                ],
                [
                    13,
                    14,
                    120
                ],
                [
                    14,
                    13,
                    120
                ]
            ],
            "stations": [
                [
                    0,
                    "University",
                    0
                ],
                [
                    1,
                    "LaSalle",
                    1
                ],
                [
                    2,
                    "Amherst Street",
                    2
                ],
                [
                    3,
                    "Humboldt-Hospital",
                    3
                ],
                [
                    4,
                    "Delavan-Canisius College",
                    4
                ],
                [
                    5,
                    "Utica",
                    5
                ],
                [
                    6,
                    "Summer-Best",
                    6
                ],
                [
                    7,
                    "Allen-Medical Campus",
                    7
                ],
                [
                    8,
                    "Theater",
                    8
                ],
                [
                    9,
                    "Fountain Plaza",
                    9
                ],
                [
                    10,
                    "Lafayette Square",
                    10
                ],
                [
                    11,
                    "Church",
                    11
                ],
                [
                    12,
                    "Seneca",
                    12
                ],
                [
                    13,
                    "Erie Canal-Harbor",
                    13
                ],
                [
                    14,
                    "Special Events",
                    14
                ]
            ],
            "text_id": 15
        }
    ],
    "name": "metro",
    "transfers": [],
    "type_name": "Метро"
}