{
    "0": "axmetelis Teatri",
    "1": "sarajiSvili",
    "2": "guramiSvili",
    "3": "RrmaRele",
    "4": "didube",
    "5": "elektrodepo",
    "6": "naZaladevi",
    "7": "vagzlis moedani",
    "8": "marjaniSvili",
    "9": "rustaveli",
    "10": "Taisuflebis moedani",
    "11": "avlabari",
    "12": "300 aragveli",
    "13": "iSani",
    "14": "samgori",
    "15": "varkeTili",
    "16": "Didube-Samgorskaya",
    "17": "wereTlis gamziri",
    "18": "teqnikuri universiteti",
    "19": "samedicino instituti",
    "20": "delisi",
    "21": "Saburtalinskaya",
    "22": "vazha pshavela",
    "23": "Metro",
    "24": "ROOT",
    "25": "na gruzinskom\nShema ot 19.11.2004g.\nInformatsija o vremeni proezda:\n- Sazonov Ivan.\nKarta vzjata s sajta http://www.metropla.net.",
    "26": "Imported from http://pmetro.su"
}