{
    "lines": [
        {
            "delays": [
                0,
                0
            ],
            "name": "Red Line",
            "scheme": "1",
            "segments": [
                [
                    0,
                    1,
                    120
                ],
                [
                    1,
                    0,
                    120
                ],
                [
                    1,
                    2,
                    120
                ],
                [
                    2,
                    1,
                    120
                ],
                [
                    2,
                    3,
                    120
                ],
                [
                    3,
                    2,
                    120
                ],
                [
                    3,
                    4,
                    120
                ],
                [
                    4,
                    3,
                    120
                ],
                [
                    4,
                    5,
                    120
                ],
                [
                    5,
                    4,
                    120
                ],
                [
                    5,
                    6,
                    120
                ],
                [
                    6,
                    5,
                    120
                ],
                [
                    6,
                    7,
                    120
                ],
                [
                    7,
                    6,
                    120
                ],
                [
                    7,
                    8,
                    120
                ],
                [
                    8,
                    7,
                    120
                ],
                [
                    8,
                    9,
                    120
                ],
                [
                    9,
                    8,
                    120
                ],
                [
                    9,
                    10,
                    120
                ],
                [
                    10,
                    9,
                    120
                ],
                [
                    10,
                    11,
                    120
                ],
                [
                    11,
                    10,
                    120
                ],
                [
                    11,
                    12,
                    120
                ],
                [
                    12,
                    11,
                    120
                ],
                [
                    12,
                    13,
                    120
                ],
                [
                    13,
                    12,
                    120
                ],
                [
                    13,
                    14,
                    120
                ],
                [
                    14,
                    13,
                    120
                ],
                [
                    14,
                    15,
                    120
                ],
                [
                    15,
                    14,
                    120
                ],
                [
                    15,
                    16,
                    120
                ],
                [
                    16,
                    15,
                    120
                ],
                [
                    16,
                    17,
                    120
                ],
                [
                    17,
                    16,
                    120
                ]
            ],
            "stations": [
                [
                    0,
                    "Louis Stokes Station at Windermere",
                    0
                ],
                [
                    1,
                    "Superior",
                    1
                ],
                [
                    2,
                    "Euclid - E. 120",
                    2
                ],
                [
                    3,
                    "University Circle",
                    3
                ],
                [
                    4,
                    "E. 105 - Quincy",
                    4
                ],
                [
                    5,
                    "E. 97th",
                    5
                ],
                [
                    6,
                    "E. 55th",
                    6
                ],
                [
                    7,
                    "E.34 - Campus",
                    7
                ],
                [
                    8,
                    "Tower City - Public Square",
                    8
                ],
                [
                    9,
                    "W. 25 - Ohio City",
                    9
                ],
                [
                    10,
                    "W. 65 - Madison",
                    10
                ],
                [
                    11,
                    "West Blvd - Cudell",
                    11
                ],
                [
                    12,
                    "W. 117 - Madison",
                    12
                ],
                [
                    13,
                    "Triskett",
                    13
                ],
                [
                    14,
                    "West Park",
                    14
                ],
                [
                    15,
                    "Puritas",
                    15
                ],
                [
                    16,
                    "Brookpark",
                    16
                ],
                [
                    17,
                    "Cleveland Hopkins Int'l Airport",
                    17
                ]
            ],
            "text_id": 18
        },
        {
            "delays": [
                0,
                0
            ],
            "name": "Blue Line",
            "scheme": "2",
            "segments": [
                [
                    18,
                    19,
                    120
                ],
                [
                    19,
                    18,
                    120
                ],
                [
                    19,
                    20,
                    120
                ],
                [
                    20,
                    19,
                    120
                ],
                [
                    20,
                    21,
                    120
                ],
                [
                    21,
                    20,
                    120
                ],
                [
                    21,
                    22,
                    120
                ],
                [
                    22,
                    21,
                    120
                ],
                [
                    22,
                    23,
                    120
                ],
                [
                    23,
                    22,
                    120
                ],
                [
                    23,
                    24,
                    120
                ],
                [
                    24,
                    23,
                    120
                ],
                [
                    24,
                    25,
                    120
                ],
                [
                    25,
                    24,
                    120
                ],
                [
                    25,
                    26,
                    120
                ],
                [
                    26,
                    25,
                    120
                ],
                [
                    26,
                    27,
                    120
                ],
                [
                    27,
                    26,
                    120
                ],
                [
                    27,
                    28,
                    120
                ],
                [
                    28,
                    27,
                    120
                ],
                [
                    28,
                    29,
                    120
                ],
                [
                    29,
                    28,
                    120
                ],
                [
                    29,
                    30,
                    120
                ],
                [
                    30,
                    29,
                    120
                ],
                [
                    30,
                    31,
                    120
                ],
                [
                    31,
                    30,
                    120
                ],
                [
                    31,
                    32,
                    120
                ],
                [
                    32,
                    31,
                    120
                ],
                [
                    32,
                    33,
                    120
                ],
                [
                    33,
                    32,
                    120
                ],
                [
                    33,
                    34,
                    120
                ],
                [
                    34,
                    33,
                    120
                ],
                [
                    34,
                    35,
                    120
                ],
                [
                    35,
                    34,
                    120
                ],
                [
                    35,
                    36,
                    120
                ],
                [
                    36,
                    35,
                    120
                ],
                [
                    36,
                    37,
                    120
                ],
                [
                    37,
                    36,
                    120
                ]
            ],
            "stations": [
                [
                    18,
                    "South Harbor",
                    19
                ],
                [
                    19,
                    "North Coast",
                    20
                ],
                [
                    20,
                    "Amtrak",
                    21
                ],
                [
                    21,
                    "West 3rd Street",
                    22
                ],
                [
                    22,
                    "Flats East Bank",
                    23
                ],
                [
                    23,
                    "Settlers Landing",
                    24
                ],
                [
                    24,
                    "Tower City - Public Square",
                    8
                ],
                [
                    25,
                    "E.34 - Campus",
                    7
                ],
                [
                    26,
                    "E. 55th",
                    6
                ],
                [
                    27,
                    "Drexmore",
                    25
                ],
                [
                    28,
                    "S. Woodland",
                    26
                ],
                [
                    29,
                    "Southington",
                    27
                ],
                [
                    30,
                    "Onaway",
                    28
                ],
                [
                    31,
                    "Ashby",
                    29
                ],
                [
                    32,
                    "Lee",
                    30
                ],
                [
                    33,
                    "Avalon",
                    31
                ],
                [
                    34,
                    "Kenmore",
                    32
                ],
                [
                    35,
                    "Lynnfield",
                    33
                ],
                [
                    36,
                    "Farnsleigh",
                    34
                ],
                [
                    37,
                    "Warrensville",
                    35
                ]
            ],
            "text_id": 36
        },
        {
            "delays": [
                0,
                0
            ],
            "name": "Green Line",
            "scheme": "3",
            "segments": [
                [
                    38,
                    39,
                    120
                ],
                [
                    39,
                    38,
                    120
                ],
                [
                    39,
                    40,
                    120
                ],
                [
                    40,
                    39,
                    120
                ],
                [
                    40,
                    41,
                    120
                ],
                [
                    41,
                    40,
                    120
                ],
                [
                    41,
                    42,
                    120
                ],
                [
                    42,
                    41,
                    120
                ],
                [
                    42,
                    43,
                    120
                ],
                [
                    43,
                    42,
                    120
                ],
                [
                    43,
                    44,
                    120
                ],
                [
                    44,
                    43,
                    120
                ],
                [
                    44,
                    45,
                    120
                ],
                [
                    45,
                    44,
                    120
                ],
                [
                    45,
                    46,
                    120
                ],
                [
                    46,
                    45,
                    120
                ],
                [
                    46,
                    47,
                    120
                ],
                [
                    47,
                    46,
                    120
                ],
                [
                    47,
                    48,
                    120
                ],
                [
                    48,
                    47,
                    120
                ],
                [
                    48,
                    49,
                    120
                ],
                [
                    49,
                    48,
                    120
                ],
                [
                    49,
                    50,
                    120
                ],
                [
                    50,
                    49,
                    120
                ],
                [
                    50,
                    51,
                    120
                ],
                [
                    51,
                    50,
                    120
                ],
                [
                    51,
                    52,
                    120
                ],
                [
                    52,
                    51,
                    120
                ],
                [
                    52,
                    53,
                    120
                ],
                [
                    53,
                    52,
                    120
                ],
                [
                    53,
                    54,
                    120
                ],
                [
                    54,
                    53,
                    120
                ],
                [
                    54,
                    55,
                    120
                ],
                [
                    55,
                    54,
                    120
                ],
                [
                    55,
                    56,
                    120
                ],
                [
                    56,
                    55,
                    120
                ],
                [
                    56,
                    57,
                    120
                ],
                [
                    57,
                    56,
                    120
                ],
                [
                    57,
                    58,
                    120
                ],
                [
                    58,
                    57,
                    120
                ],
                [
                    58,
                    59,
                    120
                ],
                [
                    59,
                    58,
                    120
                ],
                [
                    59,
                    60,
                    120
                ],
                [
                    60,
                    59,
                    120
                ],
                [
                    60,
                    61,
                    120
                ],
                [
                    61,
                    60,
                    120
                ]
            ],
            "stations": [
                [
                    38,
                    "South Harbor",
                    19
                ],
                [
                    39,
                    "North Coast",
                    20
                ],
                [
                    40,
                    "Amtrak",
                    21
                ],
                [
                    41,
                    "West 3rd Street",
                    22
                ],
                [
                    42,
                    "Flats East Bank",
                    23
                ],
                [
                    43,
                    "Settlers Landing",
                    24
                ],
                [
                    44,
                    "Tower City - Public Square",
                    8
                ],
                [
                    45,
                    "E.34 - Campus",
                    7
                ],
                [
                    46,
                    "E. 55th",
                    6
                ],
                [
                    47,
                    "E. 79th",
                    37
                ],
                [
                    48,
                    "Woodhill",
                    38
                ],
                [
                    49,
                    "E. 116th",
                    39
                ],
                [
                    50,
                    "Shaker Square",
                    40
                ],
                [
                    51,
                    "Coventry",
                    41
                ],
                [
                    52,
                    "Southington",
                    27
                ],
                [
                    53,
                    "South Park",
                    42
                ],
                [
                    54,
                    "Lee",
                    30
                ],
                [
                    55,
                    "Attleboro",
                    43
                ],
                [
                    56,
                    "Eaton",
                    44
                ],
                [
                    57,
                    "Courtland",
                    45
                ],
                [
                    58,
                    "Warrensville",
                    35
                ],
                [
                    59,
                    "Bellvoir",
                    46
                ],
                [
                    60,
                    "West Green",
                    47
                ],
                [
                    61,
                    "Green",
                    48
                ]
            ],
            "text_id": 49
        }
    ],
    "name": "metro",
    "transfers": [
        [
            18,
            38,
            0,
            true
        ],
        [
            19,
            39,
            0,
            true
        ],
        [
            20,
            40,
            0,
            true
        ],
        [
            21,
            41,
            0,
            true
        ],
        [
            22,
            42,
            0,
            true
        ],
        [
            23,
            43,
            0,
            true
        ],
        [
            24,
            44,
            0,
            true
        ],
        [
            44,
            8,
            0,
            true
        ],
        [
            8,
            24,
            0,
            true
        ],
        [
            25,
            45,
            0,
            true
        ],
        [
            45,
            7,
            0,
            true
        ],
        [
            7,
            25,
            0,
            true
        ],
        [
            26,
            46,
            0,
            true
        ],
        [
            46,
            6,
            0,
            true
        ],
        [
            6,
            26,
            0,
            true
        ]
    ],
    "type_name": "Метро"
}