{
    "0": "Pasir Ris",
    "1": "Tampines",
    "2": "Simei",
    "3": "Tanah Merah",
    "4": "Bedok",
    "5": "Kembangan",
    "6": "Eunos",
    "7": "Paya Lebar",
    "8": "Aljunied",
    "9": "Kallang",
    "10": "Lavender",
    "11": "Bugis",
    "12": "City Hall",
    "13": "Raffles Place",
    "14": "Tanjong Pagar",
    "15": "Outram Park",
    "16": "Tiong Bahru",
    "17": "Redhill",
    "18": "Queenstown",
    "19": "Commonwealth",
    "20": "Buona Vista",
    "21": "Dover",
    "22": "Clementi",
    "23": "Jurong East",
    "24": "Chinese Garden",
    "25": "Lakeside",
    "26": "Boon Lay",
    "27": "Pioneer",
    "28": "Joo Koon",
    "29": "Gul Circle",
    "30": "Tuas Crescent",
    "31": "Tuas West Road",
    "32": "Tuas Link",
    "33": "Expo",
    "34": "Changi Airport",
    "35": "East West",
    "36": "Bukit Batok",
    "37": "Bukit Gombak",
    "38": "Choa Chu Kang",
    "39": "Yew Tee",
    "40": "Kranji",
    "41": "Marsiling",
    "42": "Woodlands",
    "43": "Admiralty",
    "44": "Sembawang",
    "45": "Canberra",
    "46": "Yishun",
    "47": "Khatib",
    "48": "Yio Chu Kang",
    "49": "Ang Mo Kio",
    "50": "Bishan",
    "51": "Braddell",
    "52": "Toa Payoh",
    "53": "Novena",
    "54": "Newton",
    "55": "Orchard",
    "56": "Somerset",
    "57": "Dhoby Ghaut",
    "58": "Marina Bay",
    "59": "Marina South Pier",
    "60": "North South",
    "61": "Harbour Front",
    "62": "Chinatown",
    "63": "Clarke Quay",
    "64": "Little India",
    "65": "Farrer Park",
    "66": "Boon Keng",
    "67": "Potong Pasir",
    "68": "Woodleigh",
    "69": "Serangoon",
    "70": "Kovan",
    "71": "Hougang",
    "72": "Buangkok",
    "73": "Sengkang",
    "74": "Punggol",
    "75": "North East",
    "76": "Bras Basah",
    "77": "Esplanade",
    "78": "Promenade",
    "79": "Nicoll Highway",
    "80": "Stadium",
    "81": "Mountbatten",
    "82": "Dakota",
    "83": "MacPherson",
    "84": "Tai Seng",
    "85": "Bartley",
    "86": "Lorong Chuan",
    "87": "Marymount",
    "88": "Caldecott",
    "89": "Bukit Brown",
    "90": "Botanic Gardens",
    "91": "Farrer Road",
    "92": "Holland Village",
    "93": "one-north",
    "94": "Kent Ridge",
    "95": "Haw Par Villa",
    "96": "Pasir Panjang",
    "97": "Labrador Park",
    "98": "Telok Blangah",
    "99": "Bayfront",
    "100": "Circle",
    "101": "Bukit Panjang",
    "102": "Cashew",
    "103": "Hillview",
    "104": "Beauty World",
    "105": "King Albert Park",
    "106": "Sixth Avenue",
    "107": "Tan Kah Kee",
    "108": "Stevens",
    "109": "Rochor",
    "110": "Downtown",
    "111": "Telok Ayer",
    "112": "Fort Canning",
    "113": "Bencoolen",
    "114": "Jalan Besar",
    "115": "Bendemeer",
    "116": "Geylang Bahru",
    "117": "Mattar",
    "118": "Ubi",
    "119": "Kaki Bukit",
    "120": "Bedok North",
    "121": "Bedok Reservoir",
    "122": "Tampines West",
    "123": "Tampines East",
    "124": "Upper Changi",
    "125": "South View",
    "126": "Keat Hong",
    "127": "Teck Whye",
    "128": "Phoenix",
    "129": "Petir",
    "130": "Pending",
    "131": "Bangkit",
    "132": "Fajar",
    "133": "Segar",
    "134": "Jelapang",
    "135": "Senja",
    "136": "Bukit Panjang LRT",
    "137": "Compassvale",
    "138": "Rumbia",
    "139": "Bakau",
    "140": "Kangkar",
    "141": "Ranggung",
    "142": "Cheng Lim",
    "143": "Farmway",
    "144": "Kupang",
    "145": "Thanggam",
    "146": "Fernvale",
    "147": "Layar",
    "148": "Tongkang",
    "149": "Renjong",
    "150": "Sengkang LRT",
    "151": "Cove",
    "152": "Meridian",
    "153": "Coral Edge",
    "154": "Riviera",
    "155": "Kadaloor",
    "156": "Oasis",
    "157": "Damai",
    "158": "Sam Kee",
    "159": "Teck Lee",
    "160": "Punggol Point",
    "161": "Samudera",
    "162": "Nibong",
    "163": "Sumang",
    "164": "Soo Teck",
    "165": "Punggol LRT",
    "166": "Метро",
    "167": "ROOT",
    "168": "Схема от 02.09.2019г.\nАвтор: Дмитрий Варламов\nИнтервалы с сайта: www.smrt.com.sg",
    "169": "Imported from http://pmetro.su"
}