{
    "0": "Bergbahnhof Urfahr",
    "1": "Muhlkreisbahnhof",
    "2": "Biegung",
    "3": "Rudolfstrasse",
    "4": "Wildbergstrasse",
    "5": "Peuerbachstrasse",
    "6": "Linke Bruckenstrasse",
    "7": "Hauptplatz",
    "8": "Taubenmarkt",
    "9": "Mozartkreuzung",
    "10": "Burgerstrasse",
    "11": "Goethekreuzung",
    "12": "Hauptbahnhof",
    "13": "Unionkreuzung",
    "14": "Herz-Jesu-Kirche",
    "15": "Bulgariplatz",
    "16": "Tram",
    "17": "Tram",
    "18": "ROOT",
    "19": "Shema ot 05.06.2007g.\nAvtor: Varlamov Dmitrij (www.chpeks.com)",
    "20": "Imported from http://pmetro.su"
}