{
    "0": "School Board",
    "1": "Omni",
    "2": "Bicentennial Park",
    "3": "Eleventh Street",
    "4": "Park West",
    "5": "Freedom Tower",
    "6": "College North",
    "7": "Arena/State Plaza",
    "8": "Government Center",
    "9": "Third Street",
    "10": "Knight Center",
    "11": "Bayfront Park",
    "12": "First Street",
    "13": "College/Bayside",
    "14": "Omni Loop",
    "15": "Financial District",
    "16": "Brickell",
    "17": "Tenth Street",
    "18": "Eighth Street",
    "19": "Fifth Street",
    "20": "Riverwalk",
    "21": "Brickell Loop",
    "22": "Miami Avenue",
    "23": "Downtown Loop",
    "24": "Miami International Airport",
    "25": "Palmetto",
    "26": "Okeechobee",
    "27": "Hialeah",
    "28": "Tri-Rail",
    "29": "Northside",
    "30": "Dr Martin Luther King Jr.",
    "31": "Brownsville",
    "32": "Earlington Heights",
    "33": "Allapattah",
    "34": "Santa Clara",
    "35": "Civic Center",
    "36": "Culmer",
    "37": "Overtown/Arena",
    "38": "Vizcaya",
    "39": "Coconut Grove",
    "40": "Douglas Road",
    "41": "University",
    "42": "South Miami",
    "43": "Dadeland North",
    "44": "Dadeland South",
    "45": "Metrorail",
    "46": "Metro",
    "47": "ROOT",
    "48": "Shema ot 30.05.2013g.",
    "49": "Imported from http://pmetro.su"
}