{
    "0": "Ghadir",
    "1": "Etesami",
    "2": "Hafez",
    "3": "Basij",
    "4": "Imam Khomeini",
    "5": "Shariati",
    "6": "Pastor",
    "7": "Taleghani",
    "8": "Phalestine",
    "9": "Khaiyam",
    "10": "Azadi",
    "11": "Park",
    "12": "Kosar",
    "13": "Hashemieh",
    "14": "Daneshamooz",
    "15": "Daneshjoo",
    "16": "Sadaf",
    "17": "Tarbiat",
    "18": "Dandanpezeshkan",
    "19": "Namayeshgah",
    "20": "Koohestan Park",
    "21": "Torghabeh",
    "22": "1",
    "23": "Метро",
    "24": "ROOT",
    "25": "Схема от 11.06.2013г.",
    "26": "Imported from http://pmetro.su"
}