{
    "0": "Medvezh'ja Gora",
    "1": "Pl. Lavas Guba",
    "2": "Predmedgorskij",
    "3": "Perguba",
    "4": "Pl. Unitsa",
    "5": "Kjappesel'ga",
    "6": "Pl. 522 km/Derevnja Kjappesel'ga",
    "7": "Viksheozero",
    "8": "Novyj Poselok",
    "9": "Lizhma",
    "10": "Pl. 489 km/Derevnja Lizhma",
    "11": "Kedrozero",
    "12": "Ilemsel'ga",
    "13": "Mjansel'ga",
    "14": "Pl. 468 km/Mjansel'gskij Pereezd",
    "15": "Nigozero",
    "16": "Kondopoga",
    "17": "Pl. 454 km/Bul'var Junosti",
    "18": "Zadel'e",
    "19": "Suna",
    "20": "Pl. 437 km/Luchevoe-2",
    "21": "Luchevoj",
    "22": "Pl. 427 km/Padas",
    "23": "Shujskaja",
    "24": "417 km/Shujskij Most",
    "25": "Tomitsy",
    "26": "Petrozavodsk-Tovarnyj",
    "27": "Petrozavodsk-Passazhirskij",
    "28": "Medvezh'egorskaja",
    "29": "Golikovka",
    "30": "Onezhskij",
    "31": "Pl. Orzega",
    "32": "Pl. 379 km/Kooperativ \"Berezka\"",
    "33": "Derevjanka",
    "34": "P'jazhieva Sel'ga",
    "35": "Pl. Nyrki",
    "36": "Ladva",
    "37": "Pl. 342 km/Selo Tarzhepol'",
    "38": "Pl. Tarzhepol'",
    "39": "Pl. Paj",
    "40": "Pl. Revsel'ga",
    "41": "Tokari",
    "42": "Pl. Chelma",
    "43": "Svir'",
    "44": "Svirskaja",
    "45": "Suojarvi-1",
    "46": "Pl. Verkko",
    "47": "Hautovaara",
    "48": "Pl. Zastava",
    "49": "Zastava",
    "50": "Novye Peski",
    "51": "Pl. Imatozero",
    "52": "Essojla",
    "53": "Sjan'ga",
    "54": "Pl. Kutizhma",
    "55": "Villagora",
    "56": "Pl. 509 km/Baza Otdyha DOK",
    "57": "Pl. Padozero",
    "58": "Chalna-Onezhskaja",
    "59": "Pl. 528 km/Besovets",
    "60": "Suojarvskaja",
    "61": "Train",
    "62": "ROOT",
    "63": "Shema elektropoezdov\nShema ot 20.11.2007g.\n\nAvtor programmy pMetro: Muradov Boris, http://pmetro.nm.ru\n\nInformatsija o vremeni v puti: Vladimir Belyh\n\nInformatsija o stantsijah, peresadochnyh uzlah: Vladimir Belyh\n\nInformatsija ob elektrichkah: Vladimir Belyh",
    "64": "Imported from http://pmetro.su"
}