{
    "0": "Медвежья Гора",
    "1": "Пл. Лавас Губа",
    "2": "Предмедгорский",
    "3": "Пергуба",
    "4": "Пл. Уница",
    "5": "Кяппесельга",
    "6": "Пл. 522 км/Деревня Кяппесельга",
    "7": "Викшеозеро",
    "8": "Новый Поселок",
    "9": "Лижма",
    "10": "Пл. 489 км/Деревня Лижма",
    "11": "Кедрозеро",
    "12": "Илемсельга",
    "13": "Мянсельга",
    "14": "Пл. 468 км/Мянсельгский Переезд",
    "15": "Нигозеро",
    "16": "Кондопога",
    "17": "Пл. 454 км/Бульвар Юности",
    "18": "Заделье",
    "19": "Суна",
    "20": "Пл. 437 км/Лучевое-2",
    "21": "Лучевой",
    "22": "Пл. 427 км/Падас",
    "23": "Шуйская",
    "24": "417 км/Шуйский Мост",
    "25": "Томицы",
    "26": "Петрозаводск-Товарный",
    "27": "Петрозаводск-Пассажирский",
    "28": "Медвежьегорская",
    "29": "Голиковка",
    "30": "Онежский",
    "31": "Пл. Орзега",
    "32": "Пл. 379 км/Кооператив \"Березка\"",
    "33": "Деревянка",
    "34": "Пьяжиева Сельга",
    "35": "Пл. Нырки",
    "36": "Ладва",
    "37": "Пл. 342 км/Село Таржеполь",
    "38": "Пл. Таржеполь",
    "39": "Пл. Пай",
    "40": "Пл. Ревсельга",
    "41": "Токари",
    "42": "Пл. Челма",
    "43": "Свирь",
    "44": "Свирская",
    "45": "Суоярви-1",
    "46": "Пл. Веркко",
    "47": "Хаутоваара",
    "48": "Пл. Застава",
    "49": "Застава",
    "50": "Новые Пески",
    "51": "Пл. Иматозеро",
    "52": "Эссойла",
    "53": "Сяньга",
    "54": "Пл. Кутижма",
    "55": "Виллагора",
    "56": "Пл. 509 км/База Отдыха ДОК",
    "57": "Пл. Падозеро",
    "58": "Чална-Онежская",
    "59": "Пл. 528 км/Бесовец",
    "60": "Суоярвская",
    "61": "Электричка",
    "62": "ROOT",
    "63": "Схема электропоездов\nСхема от 20.11.2007г.\n\nАвтор программы pMetro: Мурадов Борис, http://pmetro.nm.ru\n\nИнформация о времени в пути: Владимир Белых\n\nИнформация о станциях, пересадочных узлах: Владимир Белых\n\nИнформация об электричках: Владимир Белых",
    "64": "Imported from http://pmetro.su"
}