{
    "lines": [
        {
            "delays": [
                180,
                420
            ],
            "name": "Север-Юг",
            "scheme": "1",
            "segments": [
                [
                    0,
                    1,
                    140
                ],
                [
                    1,
                    0,
                    140
                ],
                [
                    1,
                    2,
                    95
                ],
                [
                    2,
                    1,
                    95
                ],
                [
                    2,
                    3,
                    205
                ],
                [
                    3,
                    2,
                    205
                ],
                [
                    3,
                    4,
                    80
                ],
                [
                    4,
                    3,
                    80
                ],
                [
                    4,
                    5,
                    88
                ],
                [
                    5,
                    4,
                    88
                ],
                [
                    5,
                    6,
                    96
                ],
                [
                    6,
                    5,
                    96
                ],
                [
                    6,
                    7,
                    null
                ],
                [
                    6,
                    8,
                    240
                ],
                [
                    7,
                    6,
                    null
                ],
                [
                    7,
                    8,
                    0
                ],
                [
                    8,
                    6,
                    240
                ],
                [
                    8,
                    7,
                    null
                ],
                [
                    8,
                    9,
                    120
                ]
            ],
            "stations": [
                [
                    0,
                    "Проспект Космонавтов",
                    0
                ],
                [
                    1,
                    "Уралмаш",
                    1
                ],
                [
                    2,
                    "Машиностроителей",
                    2
                ],
                [
                    3,
                    "Уральская",
                    3
                ],
                [
                    4,
                    "Динамо",
                    4
                ],
                [
                    5,
                    "Площадь 1905 года",
                    5
                ],
                [
                    6,
                    "Геологическая",
                    6
                ],
                [
                    7,
                    "Бажовская",
                    7
                ],
                [
                    8,
                    "Чкаловская",
                    8
                ],
                [
                    9,
                    "Ботаническая",
                    9
                ]
            ],
            "text_id": 10
        },
        {
            "delays": [
                180,
                420
            ],
            "name": "Запад-Восток",
            "scheme": "2",
            "segments": [
                [
                    10,
                    11,
                    0
                ],
                [
                    11,
                    10,
                    0
                ],
                [
                    11,
                    12,
                    0
                ],
                [
                    12,
                    11,
                    0
                ],
                [
                    12,
                    13,
                    0
                ],
                [
                    13,
                    12,
                    0
                ]
            ],
            "stations": [
                [
                    10,
                    "Металлургическая",
                    11
                ],
                [
                    11,
                    "Татищевская",
                    12
                ],
                [
                    12,
                    "Уральских коммунаров",
                    13
                ],
                [
                    13,
                    "Площадь 1905 года",
                    5
                ]
            ],
            "text_id": 14
        },
        {
            "delays": [
                0,
                0
            ],
            "name": "Городская электричка",
            "scheme": null,
            "segments": [
                [
                    14,
                    15,
                    300
                ],
                [
                    15,
                    14,
                    300
                ],
                [
                    15,
                    16,
                    300
                ],
                [
                    16,
                    15,
                    300
                ],
                [
                    16,
                    17,
                    300
                ],
                [
                    17,
                    16,
                    300
                ],
                [
                    17,
                    18,
                    360
                ],
                [
                    18,
                    17,
                    360
                ],
                [
                    18,
                    19,
                    300
                ],
                [
                    19,
                    18,
                    300
                ],
                [
                    19,
                    20,
                    600
                ],
                [
                    20,
                    19,
                    600
                ],
                [
                    20,
                    21,
                    600
                ],
                [
                    21,
                    20,
                    600
                ],
                [
                    21,
                    22,
                    240
                ],
                [
                    22,
                    21,
                    240
                ],
                [
                    22,
                    23,
                    300
                ],
                [
                    23,
                    22,
                    300
                ],
                [
                    23,
                    24,
                    240
                ],
                [
                    24,
                    23,
                    240
                ],
                [
                    24,
                    25,
                    300
                ],
                [
                    25,
                    24,
                    300
                ],
                [
                    25,
                    26,
                    300
                ],
                [
                    26,
                    25,
                    300
                ],
                [
                    26,
                    27,
                    240
                ],
                [
                    27,
                    26,
                    240
                ],
                [
                    27,
                    28,
                    420
                ],
                [
                    28,
                    27,
                    420
                ],
                [
                    28,
                    29,
                    480
                ],
                [
                    29,
                    28,
                    480
                ]
            ],
            "stations": [
                [
                    14,
                    "Северка",
                    15
                ],
                [
                    15,
                    "Палкино",
                    16
                ],
                [
                    16,
                    "Кунгурский",
                    17
                ],
                [
                    17,
                    "Екатеринбург-Сортировочный",
                    18
                ],
                [
                    18,
                    "Электродепо",
                    19
                ],
                [
                    19,
                    "ВИЗ",
                    20
                ],
                [
                    20,
                    "Екатеринбург-Пассажирский",
                    21
                ],
                [
                    21,
                    "Первомайская",
                    22
                ],
                [
                    22,
                    "Шарташ",
                    23
                ],
                [
                    23,
                    "Лесотехническая",
                    24
                ],
                [
                    24,
                    "Ботаническая",
                    9
                ],
                [
                    25,
                    "Уктус",
                    25
                ],
                [
                    26,
                    "Вторчермет",
                    26
                ],
                [
                    27,
                    "Керамик",
                    27
                ],
                [
                    28,
                    "О.п.21 км",
                    28
                ],
                [
                    29,
                    "Сысерть",
                    29
                ]
            ],
            "text_id": 30
        }
    ],
    "name": "metro",
    "transfers": [
        [
            3,
            20,
            600,
            true
        ],
        [
            9,
            24,
            600,
            true
        ]
    ],
    "type_name": "Метро"
}