{
    "default_transports": [
        "metro"
    ],
    "height": 680,
    "images": [
        "res/schemes/atlanta.svg"
    ],
    "is_vector": true,
    "lines": [
        {
            "labels_bg_color": "-1",
            "labels_color": "FF9933",
            "line_color": "FF9933",
            "line_width": 7,
            "name": "North-Sounsh line",
            "segments": [
                [
                    0,
                    1,
                    [
                        [
                            177,
                            490
                        ],
                        [
                            177.0,
                            497.0
                        ],
                        [
                            210,
                            530
                        ]
                    ],
                    true
                ],
                [
                    1,
                    2,
                    [
                        [
                            177,
                            466
                        ],
                        [
                            177,
                            490
                        ]
                    ],
                    true
                ],
                [
                    2,
                    3,
                    [
                        [
                            177,
                            431
                        ],
                        [
                            177,
                            466
                        ]
                    ],
                    true
                ],
                [
                    3,
                    4,
                    [
                        [
                            177,
                            407
                        ],
                        [
                            177,
                            431
                        ]
                    ],
                    true
                ],
                [
                    4,
                    5,
                    [
                        [
                            177,
                            384
                        ],
                        [
                            177,
                            407
                        ]
                    ],
                    true
                ],
                [
                    5,
                    6,
                    [
                        [
                            195,
                            357
                        ],
                        [
                            177.0,
                            375.0
                        ],
                        [
                            177,
                            384
                        ]
                    ],
                    true
                ],
                [
                    6,
                    7,
                    [
                        [
                            222,
                            330
                        ],
                        [
                            195,
                            357
                        ]
                    ],
                    true
                ],
                [
                    7,
                    8,
                    [
                        [
                            222,
                            305
                        ],
                        [
                            222,
                            330
                        ]
                    ],
                    true
                ],
                [
                    8,
                    9,
                    [
                        [
                            222,
                            287
                        ],
                        [
                            222,
                            305
                        ]
                    ],
                    true
                ],
                [
                    9,
                    10,
                    [
                        [
                            222,
                            267
                        ],
                        [
                            222,
                            287
                        ]
                    ],
                    true
                ],
                [
                    10,
                    11,
                    [
                        [
                            222,
                            249
                        ],
                        [
                            222,
                            267
                        ]
                    ],
                    true
                ],
                [
                    11,
                    12,
                    [
                        [
                            222,
                            229
                        ],
                        [
                            222,
                            249
                        ]
                    ],
                    true
                ],
                [
                    12,
                    13,
                    [
                        [
                            245,
                            190
                        ],
                        [
                            222.0,
                            213.0
                        ],
                        [
                            222,
                            229
                        ]
                    ],
                    true
                ],
                [
                    13,
                    14,
                    [
                        [
                            265,
                            142
                        ],
                        [
                            265.0,
                            170.0
                        ],
                        [
                            245,
                            190
                        ]
                    ],
                    true
                ],
                [
                    13,
                    19,
                    [
                        [
                            280,
                            156
                        ],
                        [
                            245,
                            190
                        ]
                    ],
                    true
                ],
                [
                    14,
                    15,
                    [
                        [
                            274,
                            85
                        ],
                        [
                            265.0,
                            93.0
                        ],
                        [
                            265,
                            142
                        ]
                    ],
                    true
                ],
                [
                    15,
                    16,
                    [
                        [
                            285,
                            62
                        ],
                        [
                            274.0,
                            72.0
                        ],
                        [
                            274,
                            85
                        ]
                    ],
                    true
                ],
                [
                    16,
                    17,
                    [
                        [
                            291,
                            35
                        ],
                        [
                            291.0,
                            55.0
                        ],
                        [
                            285,
                            62
                        ]
                    ],
                    true
                ],
                [
                    17,
                    18,
                    [
                        [
                            269,
                            10
                        ],
                        [
                            290.0,
                            31.0
                        ],
                        [
                            291,
                            35
                        ]
                    ],
                    true
                ],
                [
                    19,
                    20,
                    [
                        [
                            297,
                            139
                        ],
                        [
                            280,
                            156
                        ]
                    ],
                    true
                ],
                [
                    20,
                    21,
                    [
                        [
                            324,
                            112
                        ],
                        [
                            297,
                            139
                        ]
                    ],
                    true
                ],
                [
                    21,
                    22,
                    [
                        [
                            361,
                            75
                        ],
                        [
                            324,
                            112
                        ]
                    ],
                    true
                ]
            ],
            "stations": [
                {
                    "coord": [
                        210,
                        530
                    ],
                    "is_working": true,
                    "name": "Airport",
                    "rect": [
                        221,
                        518,
                        36,
                        15
                    ],
                    "text_id": 0,
                    "uid": 0
                },
                {
                    "coord": [
                        177,
                        490
                    ],
                    "is_working": true,
                    "name": "College Park",
                    "rect": [
                        99,
                        485,
                        66,
                        15
                    ],
                    "text_id": 1,
                    "uid": 1
                },
                {
                    "coord": [
                        177,
                        466
                    ],
                    "is_working": true,
                    "name": "East Point",
                    "rect": [
                        114,
                        459,
                        52,
                        15
                    ],
                    "text_id": 2,
                    "uid": 2
                },
                {
                    "coord": [
                        177,
                        431
                    ],
                    "is_working": true,
                    "name": "Lakewood/Fort McPherson",
                    "rect": [
                        34,
                        425,
                        133,
                        15
                    ],
                    "text_id": 3,
                    "uid": 3
                },
                {
                    "coord": [
                        177,
                        407
                    ],
                    "is_working": true,
                    "name": "Oakland City",
                    "rect": [
                        101,
                        399,
                        66,
                        15
                    ],
                    "text_id": 4,
                    "uid": 4
                },
                {
                    "coord": [
                        177,
                        384
                    ],
                    "is_working": true,
                    "name": "West End",
                    "rect": [
                        118,
                        377,
                        49,
                        15
                    ],
                    "text_id": 5,
                    "uid": 5
                },
                {
                    "coord": [
                        195,
                        357
                    ],
                    "is_working": true,
                    "name": "Garnett",
                    "rect": [
                        145,
                        348,
                        38,
                        15
                    ],
                    "text_id": 6,
                    "uid": 6
                },
                {
                    "coord": [
                        222,
                        330
                    ],
                    "is_working": true,
                    "name": "Five Points",
                    "rect": [
                        233,
                        309,
                        57,
                        15
                    ],
                    "text_id": 7,
                    "uid": 7
                },
                {
                    "coord": [
                        222,
                        305
                    ],
                    "is_working": true,
                    "name": "Peachtree Center",
                    "rect": [
                        233,
                        295,
                        88,
                        15
                    ],
                    "text_id": 8,
                    "uid": 8
                },
                {
                    "coord": [
                        222,
                        287
                    ],
                    "is_working": true,
                    "name": "Civic Center",
                    "rect": [
                        233,
                        278,
                        64,
                        15
                    ],
                    "text_id": 9,
                    "uid": 9
                },
                {
                    "coord": [
                        222,
                        267
                    ],
                    "is_working": true,
                    "name": "North Avenue",
                    "rect": [
                        233,
                        259,
                        70,
                        15
                    ],
                    "text_id": 10,
                    "uid": 10
                },
                {
                    "coord": [
                        222,
                        249
                    ],
                    "is_working": true,
                    "name": "Midtown",
                    "rect": [
                        233,
                        241,
                        43,
                        15
                    ],
                    "text_id": 11,
                    "uid": 11
                },
                {
                    "coord": [
                        222,
                        229
                    ],
                    "is_working": true,
                    "name": "Arts Center",
                    "rect": [
                        233,
                        222,
                        59,
                        15
                    ],
                    "text_id": 12,
                    "uid": 12
                },
                {
                    "coord": [
                        245,
                        190
                    ],
                    "is_working": true,
                    "name": "Lindbergh",
                    "rect": [
                        255,
                        190,
                        51,
                        15
                    ],
                    "text_id": 13,
                    "uid": 13
                },
                {
                    "coord": [
                        265,
                        142
                    ],
                    "is_working": true,
                    "name": "Buckhead",
                    "rect": [
                        204,
                        135,
                        52,
                        15
                    ],
                    "text_id": 14,
                    "uid": 14
                },
                {
                    "coord": [
                        274,
                        85
                    ],
                    "is_working": true,
                    "name": "Medical Center",
                    "rect": [
                        189,
                        72,
                        77,
                        15
                    ],
                    "text_id": 15,
                    "uid": 15
                },
                {
                    "coord": [
                        285,
                        62
                    ],
                    "is_working": true,
                    "name": "Dunwoody",
                    "rect": [
                        296,
                        55,
                        54,
                        15
                    ],
                    "text_id": 16,
                    "uid": 16
                },
                {
                    "coord": [
                        291,
                        35
                    ],
                    "is_working": true,
                    "name": "Sandy Springs",
                    "rect": [
                        300,
                        29,
                        74,
                        15
                    ],
                    "text_id": 17,
                    "uid": 17
                },
                {
                    "coord": [
                        269,
                        10
                    ],
                    "is_working": true,
                    "name": "North Springs",
                    "rect": [
                        188,
                        3,
                        70,
                        15
                    ],
                    "text_id": 18,
                    "uid": 18
                },
                {
                    "coord": [
                        280,
                        156
                    ],
                    "is_working": true,
                    "name": "Lenox",
                    "rect": [
                        291,
                        154,
                        32,
                        15
                    ],
                    "text_id": 19,
                    "uid": 19
                },
                {
                    "coord": [
                        297,
                        139
                    ],
                    "is_working": true,
                    "name": "Brookhaven",
                    "rect": [
                        307,
                        136,
                        62,
                        15
                    ],
                    "text_id": 20,
                    "uid": 20
                },
                {
                    "coord": [
                        324,
                        112
                    ],
                    "is_working": true,
                    "name": "Chamblee",
                    "rect": [
                        335,
                        109,
                        52,
                        15
                    ],
                    "text_id": 21,
                    "uid": 21
                },
                {
                    "coord": [
                        361,
                        75
                    ],
                    "is_working": true,
                    "name": "Doraville",
                    "rect": [
                        370,
                        70,
                        47,
                        15
                    ],
                    "text_id": 22,
                    "uid": 22
                }
            ],
            "text_id": 23
        },
        {
            "labels_bg_color": "-1",
            "labels_color": "0099CC",
            "line_color": "0099CC",
            "line_width": 7,
            "name": "West-East line",
            "segments": [
                [
                    23,
                    24,
                    [
                        [
                            433,
                            330
                        ],
                        [
                            473,
                            330
                        ]
                    ],
                    true
                ],
                [
                    24,
                    25,
                    [
                        [
                            406,
                            330
                        ],
                        [
                            433,
                            330
                        ]
                    ],
                    true
                ],
                [
                    25,
                    26,
                    [
                        [
                            382,
                            330
                        ],
                        [
                            406,
                            330
                        ]
                    ],
                    true
                ],
                [
                    26,
                    27,
                    [
                        [
                            357,
                            330
                        ],
                        [
                            382,
                            330
                        ]
                    ],
                    true
                ],
                [
                    27,
                    28,
                    [
                        [
                            306,
                            330
                        ],
                        [
                            357,
                            330
                        ]
                    ],
                    true
                ],
                [
                    28,
                    29,
                    [
                        [
                            284,
                            330
                        ],
                        [
                            306,
                            330
                        ]
                    ],
                    true
                ],
                [
                    29,
                    30,
                    [
                        [
                            263,
                            330
                        ],
                        [
                            284,
                            330
                        ]
                    ],
                    true
                ],
                [
                    30,
                    31,
                    [
                        [
                            243,
                            330
                        ],
                        [
                            263,
                            330
                        ]
                    ],
                    true
                ],
                [
                    31,
                    32,
                    [
                        [
                            204,
                            330
                        ],
                        [
                            243,
                            330
                        ]
                    ],
                    true
                ],
                [
                    32,
                    33,
                    [
                        [
                            183,
                            330
                        ],
                        [
                            204,
                            330
                        ]
                    ],
                    true
                ],
                [
                    33,
                    34,
                    [
                        [
                            163,
                            330
                        ],
                        [
                            183,
                            330
                        ]
                    ],
                    true
                ],
                [
                    34,
                    35,
                    [
                        [
                            143,
                            330
                        ],
                        [
                            163,
                            330
                        ]
                    ],
                    true
                ],
                [
                    35,
                    36,
                    [
                        [
                            72,
                            330
                        ],
                        [
                            143,
                            330
                        ]
                    ],
                    true
                ],
                [
                    35,
                    38,
                    [
                        [
                            87,
                            291
                        ],
                        [
                            126.0,
                            330.0
                        ],
                        [
                            143,
                            330
                        ]
                    ],
                    true
                ],
                [
                    36,
                    37,
                    [
                        [
                            40,
                            330
                        ],
                        [
                            72,
                            330
                        ]
                    ],
                    true
                ]
            ],
            "stations": [
                {
                    "coord": [
                        473,
                        330
                    ],
                    "is_working": true,
                    "name": "Indian Creek",
                    "rect": [
                        465,
                        341,
                        15,
                        65
                    ],
                    "text_id": 24,
                    "uid": 23
                },
                {
                    "coord": [
                        433,
                        330
                    ],
                    "is_working": true,
                    "name": "Kensington",
                    "rect": [
                        426,
                        341,
                        15,
                        58
                    ],
                    "text_id": 25,
                    "uid": 24
                },
                {
                    "coord": [
                        406,
                        330
                    ],
                    "is_working": true,
                    "name": "Avondale",
                    "rect": [
                        402,
                        341,
                        15,
                        49
                    ],
                    "text_id": 26,
                    "uid": 25
                },
                {
                    "coord": [
                        382,
                        330
                    ],
                    "is_working": true,
                    "name": "Decatur",
                    "rect": [
                        377,
                        341,
                        15,
                        41
                    ],
                    "text_id": 27,
                    "uid": 26
                },
                {
                    "coord": [
                        357,
                        330
                    ],
                    "is_working": true,
                    "name": "East Lake",
                    "rect": [
                        349,
                        341,
                        15,
                        51
                    ],
                    "text_id": 28,
                    "uid": 27
                },
                {
                    "coord": [
                        306,
                        330
                    ],
                    "is_working": true,
                    "name": "Edgewood/Candler Park",
                    "rect": [
                        301,
                        341,
                        15,
                        121
                    ],
                    "text_id": 29,
                    "uid": 28
                },
                {
                    "coord": [
                        284,
                        330
                    ],
                    "is_working": true,
                    "name": "Inman Park/Reynoldstown",
                    "rect": [
                        278,
                        340,
                        15,
                        131
                    ],
                    "text_id": 30,
                    "uid": 29
                },
                {
                    "coord": [
                        263,
                        330
                    ],
                    "is_working": true,
                    "name": "King Memorial",
                    "rect": [
                        257,
                        340,
                        15,
                        74
                    ],
                    "text_id": 31,
                    "uid": 30
                },
                {
                    "coord": [
                        243,
                        330
                    ],
                    "is_working": true,
                    "name": "Georgia State",
                    "rect": [
                        236,
                        340,
                        15,
                        69
                    ],
                    "text_id": 32,
                    "uid": 31
                },
                {
                    "coord": [
                        204,
                        330
                    ],
                    "is_working": true,
                    "name": "Five Points",
                    "rect": [
                        196,
                        262,
                        15,
                        57
                    ],
                    "text_id": 7,
                    "uid": 32
                },
                {
                    "coord": [
                        183,
                        330
                    ],
                    "is_working": true,
                    "name": "Omni/Dome/GA World Congress Center",
                    "rect": [
                        176,
                        121,
                        15,
                        198
                    ],
                    "text_id": 33,
                    "uid": 33
                },
                {
                    "coord": [
                        163,
                        330
                    ],
                    "is_working": true,
                    "name": "Vine City",
                    "rect": [
                        156,
                        272,
                        15,
                        47
                    ],
                    "text_id": 34,
                    "uid": 34
                },
                {
                    "coord": [
                        143,
                        330
                    ],
                    "is_working": true,
                    "name": "Ashby",
                    "rect": [
                        137,
                        285,
                        15,
                        34
                    ],
                    "text_id": 35,
                    "uid": 35
                },
                {
                    "coord": [
                        72,
                        330
                    ],
                    "is_working": true,
                    "name": "West Lake",
                    "rect": [
                        63,
                        266,
                        15,
                        54
                    ],
                    "text_id": 36,
                    "uid": 36
                },
                {
                    "coord": [
                        40,
                        330
                    ],
                    "is_working": true,
                    "name": "Hamilton E. Holmes",
                    "rect": [
                        34,
                        221,
                        15,
                        100
                    ],
                    "text_id": 37,
                    "uid": 37
                },
                {
                    "coord": [
                        87,
                        291
                    ],
                    "is_working": true,
                    "name": "Bankhead",
                    "rect": [
                        80,
                        229,
                        15,
                        52
                    ],
                    "text_id": 38,
                    "uid": 38
                }
            ],
            "text_id": 39
        }
    ],
    "lines_width": 7,
    "name": "metro",
    "name_text_id": 40,
    "stations_diameter": 13.0,
    "transfers": [
        [
            7,
            32,
            [
                222,
                330
            ],
            [
                204,
                330
            ]
        ]
    ],
    "transports": [
        "metro"
    ],
    "type_name": "ROOT",
    "type_text_id": 41,
    "upper_case": false,
    "width": 623,
    "word_wrap": false
}