{
    "lines": [
        {
            "delays": [
                120,
                360
            ],
            "name": "Seishin-Yamate",
            "scheme": null,
            "segments": [
                [
                    0,
                    1,
                    120
                ],
                [
                    1,
                    0,
                    120
                ],
                [
                    1,
                    2,
                    120
                ],
                [
                    2,
                    1,
                    120
                ],
                [
                    2,
                    3,
                    120
                ],
                [
                    3,
                    2,
                    120
                ],
                [
                    3,
                    4,
                    120
                ],
                [
                    4,
                    3,
                    120
                ],
                [
                    4,
                    5,
                    120
                ],
                [
                    5,
                    4,
                    120
                ],
                [
                    5,
                    6,
                    120
                ],
                [
                    6,
                    5,
                    120
                ],
                [
                    6,
                    7,
                    120
                ],
                [
                    7,
                    6,
                    120
                ],
                [
                    7,
                    8,
                    120
                ],
                [
                    8,
                    7,
                    120
                ],
                [
                    8,
                    9,
                    120
                ],
                [
                    9,
                    8,
                    120
                ],
                [
                    9,
                    10,
                    120
                ],
                [
                    10,
                    9,
                    120
                ],
                [
                    10,
                    11,
                    120
                ],
                [
                    11,
                    10,
                    120
                ],
                [
                    11,
                    12,
                    120
                ],
                [
                    12,
                    11,
                    120
                ],
                [
                    12,
                    13,
                    120
                ],
                [
                    13,
                    12,
                    120
                ],
                [
                    13,
                    14,
                    120
                ],
                [
                    14,
                    13,
                    120
                ],
                [
                    14,
                    15,
                    120
                ],
                [
                    15,
                    14,
                    120
                ],
                [
                    15,
                    16,
                    120
                ],
                [
                    16,
                    15,
                    120
                ]
            ],
            "stations": [
                [
                    0,
                    "Tanigami",
                    0
                ],
                [
                    1,
                    "Shin-Kobe",
                    1
                ],
                [
                    2,
                    "Sannomiya",
                    2
                ],
                [
                    3,
                    "Kenchomae",
                    3
                ],
                [
                    4,
                    "Okurayama",
                    4
                ],
                [
                    5,
                    "Minatogawa Koen",
                    5
                ],
                [
                    6,
                    "Kamisawa",
                    6
                ],
                [
                    7,
                    "Nagata",
                    7
                ],
                [
                    8,
                    "Shin-Nagata",
                    8
                ],
                [
                    9,
                    "Itayado",
                    9
                ],
                [
                    10,
                    "Myohoji",
                    10
                ],
                [
                    11,
                    "Myodani",
                    11
                ],
                [
                    12,
                    "Sogo Undo Koen",
                    12
                ],
                [
                    13,
                    "Gakuen-Toshi",
                    13
                ],
                [
                    14,
                    "Ikawadani",
                    14
                ],
                [
                    15,
                    "Seishin-Minami",
                    15
                ],
                [
                    16,
                    "Seishin-Chuo",
                    16
                ]
            ],
            "text_id": 17
        },
        {
            "delays": [
                120,
                360
            ],
            "name": "Kaigan",
            "scheme": null,
            "segments": [
                [
                    17,
                    18,
                    120
                ],
                [
                    18,
                    17,
                    120
                ],
                [
                    18,
                    19,
                    120
                ],
                [
                    19,
                    18,
                    120
                ],
                [
                    19,
                    20,
                    120
                ],
                [
                    20,
                    19,
                    120
                ],
                [
                    20,
                    21,
                    120
                ],
                [
                    21,
                    20,
                    120
                ],
                [
                    21,
                    22,
                    120
                ],
                [
                    22,
                    21,
                    120
                ],
                [
                    22,
                    23,
                    120
                ],
                [
                    23,
                    22,
                    120
                ],
                [
                    23,
                    24,
                    120
                ],
                [
                    24,
                    23,
                    120
                ],
                [
                    24,
                    25,
                    120
                ],
                [
                    25,
                    24,
                    120
                ],
                [
                    25,
                    26,
                    120
                ],
                [
                    26,
                    25,
                    120
                ]
            ],
            "stations": [
                [
                    17,
                    "Sannomiya-Hanadokeimae",
                    18
                ],
                [
                    18,
                    "Kyukyoryuchi-Daimarumae",
                    19
                ],
                [
                    19,
                    "Minato Motomachi",
                    20
                ],
                [
                    20,
                    "Harborland",
                    21
                ],
                [
                    21,
                    "Chuo-Ichibamae",
                    22
                ],
                [
                    22,
                    "Wadamisaki",
                    23
                ],
                [
                    23,
                    "Misaki-Koen",
                    24
                ],
                [
                    24,
                    "Karumo",
                    25
                ],
                [
                    25,
                    "Komagabayashi",
                    26
                ],
                [
                    26,
                    "Shin-Nagata",
                    8
                ]
            ],
            "text_id": 27
        }
    ],
    "name": "metro",
    "transfers": [
        [
            8,
            26,
            120,
            true
        ],
        [
            2,
            17,
            120,
            true
        ]
    ],
    "type_name": "Метро"
}