{
    "city_id": 2747891,
    "comments_text_id": 55,
    "default_locale": "ru",
    "delays": [
        {
            "ranges": [
                "08:00-20:00"
            ],
            "type": "day",
            "weekdays": null
        },
        {
            "ranges": [
                "20:00-24:00",
                "00:00-05:00"
            ],
            "type": "night",
            "weekdays": null
        }
    ],
    "description_text_id": 54,
    "file": "Rotterdam.zip",
    "latitude": 51.9225,
    "locales": [
        "ru",
        "en"
    ],
    "longitude": 4.47917,
    "map_id": "Rotterdam.zip",
    "schemes": [
        {
            "default_transports": [
                "metro"
            ],
            "file": "schemes/metro.json",
            "name": "metro",
            "name_text_id": 51,
            "root": true,
            "transports": [
                "metro"
            ],
            "type_name": "ROOT",
            "type_text_id": 52
        },
        {
            "default_transports": [
                "metro"
            ],
            "file": "schemes/1.json",
            "name": "1",
            "name_text_id": 18,
            "root": false,
            "transports": [
                "metro"
            ],
            "type_name": "Метро",
            "type_text_id": 53
        },
        {
            "default_transports": [
                "metro"
            ],
            "file": "schemes/2.json",
            "name": "2",
            "name_text_id": 50,
            "root": false,
            "transports": [
                "metro"
            ],
            "type_name": "Метро",
            "type_text_id": 53
        }
    ],
    "timestamp": 1426464000.0,
    "transport_types": [
        "Метро"
    ],
    "transports": [
        {
            "file": "transports/metro.json",
            "name": "metro",
            "type": "Метро"
        }
    ]
}