{
    "0": "Sesto FS 1 Maggio",
    "1": "Sesto Rondo",
    "2": "Sesto Marelli",
    "3": "Villa San Giovanni",
    "4": "Precotto",
    "5": "Gorla",
    "6": "Turro",
    "7": "Rovereto",
    "8": "Pasteur",
    "9": "Loreto",
    "10": "Lima",
    "11": "Porta Venezia",
    "12": "Palestro",
    "13": "San Babila",
    "14": "Duomo",
    "15": "Cordusio",
    "16": "Cairoli",
    "17": "Cadorna",
    "18": "Conciliazioni",
    "19": "Pagano",
    "20": "Buonarroti",
    "21": "Amendola Fiera",
    "22": "Lotto",
    "23": "Q.T.8",
    "24": "Lampugnano",
    "25": "Uruguay",
    "26": "Bonola",
    "27": "San Leonardo",
    "28": "Molino Dorino",
    "29": "Pero",
    "30": "Rho Fiera",
    "31": "Wagner",
    "32": "De Angeli",
    "33": "Gambara",
    "34": "Bande Nere",
    "35": "Primaticcio",
    "36": "Inganni",
    "37": "Bisceglie",
    "38": "M1",
    "39": "Abbiategrasso",
    "40": "Milanofiori Forum",
    "41": "Milanofiori Nord",
    "42": "Famagosta",
    "43": "Romolo FS",
    "44": "Porta Genova FS",
    "45": "Sant Agostino",
    "46": "Sant Ambrogio",
    "47": "Lanza",
    "48": "Moscova",
    "49": "Garibaldi",
    "50": "Gioia",
    "51": "Centrale FS",
    "52": "Caiazzo",
    "53": "Piola",
    "54": "Lambrate FS",
    "55": "Udine",
    "56": "Cimiano",
    "57": "Crescenzago",
    "58": "Cascina Gobba",
    "59": "Vimodrone",
    "60": "Cascina Burrona",
    "61": "Cernusco S.N.",
    "62": "Villa Fiorita",
    "63": "Cassina de' Pecchi",
    "64": "Bussero",
    "65": "Villa Pompea",
    "66": "Gorgonzola",
    "67": "Cascina Antonietta",
    "68": "Gessate",
    "69": "Cologno Sud",
    "70": "Cologno Centro",
    "71": "Cologno Nord",
    "72": "M2",
    "73": "Comasina",
    "74": "Affori FN",
    "75": "Affori Centro",
    "76": "Dergano",
    "77": "Maciachini",
    "78": "Zara",
    "79": "Sondrio",
    "80": "Repubblica",
    "81": "Turati",
    "82": "Monte Napoleone",
    "83": "Missori",
    "84": "Crocetta",
    "85": "Porta Romana",
    "86": "Lodi T.I.B.B.",
    "87": "Brenta",
    "88": "Corvetto",
    "89": "Porto di Mare",
    "90": "Rogoredo",
    "91": "S.Donato",
    "92": "M3",
    "93": "Bignami",
    "94": "Ponale",
    "95": "Bicocca",
    "96": "Ca Granda",
    "97": "Istria",
    "98": "Marche",
    "99": "Isola",
    "100": "Monumentale",
    "101": "Cenisio",
    "102": "Gerusalemme",
    "103": "Domodossola",
    "104": "Tre Torri",
    "105": "Portello",
    "106": "Segesta",
    "107": "San Siro Ippodromo",
    "108": "San Siro Stadio",
    "109": "M5",
    "110": "Metro",
    "111": "ROOT",
    "112": "Metro",
    "113": "Shema ot 17.11.2015g.\nKartu prislal Savitskij Vladislav.\n\nInformatsija po stantsijam - Savitskij Vladislav.\n\nIntervaly dvizhenija - zhdem Vashej pomoschi.",
    "114": "Imported from http://pmetro.su"
}