{
    "0": "Gyeyang",
    "1": "Gyulhyeon",
    "2": "Bakchon",
    "3": "Imhak",
    "4": "Gyesan",
    "5": "Gyeongin Nat'l Univ. of Edu.",
    "6": "Jakjeon",
    "7": "Galsan",
    "8": "Bupyeong-gu Office",
    "9": "Bupyeong Market",
    "10": "Bupyeong",
    "11": "Dongsu",
    "12": "Bupyeongsamgeori",
    "13": "Ganseogogeori",
    "14": "Incheon City Hall",
    "15": "Arts Center",
    "16": "Incheon Bus Terminal",
    "17": "Munhak Sports Complex",
    "18": "Seonhak",
    "19": "Sinyeonsu",
    "20": "Woninjae",
    "21": "Dongchun",
    "22": "Dongmak",
    "23": "Campus Town",
    "24": "Technopark",
    "25": "BIT Zone",
    "26": "Incheon Nat'l Univ.",
    "27": "Central Park",
    "28": "Int'l Business District",
    "29": "1",
    "30": "Geomdan Oryu",
    "31": "Wanggil",
    "32": "Geomdan Sageori",
    "33": "Majeon",
    "34": "Wanjeong",
    "35": "Dokjeong",
    "36": "Geomam",
    "37": "Geombawi",
    "38": "Asiad Stadium",
    "39": "Seo-gu Office",
    "40": "Gajeong",
    "41": "Gajeong Jungang Market",
    "42": "Seongnam",
    "43": "West Woman's Community Center",
    "44": "Incheon Gajwa",
    "45": "Gajaeul",
    "46": "Juan Nat'l Industrial Complex",
    "47": "Juan",
    "48": "Citizens Park",
    "49": "Seokbawi Market",
    "50": "Seokcheon Sageori",
    "51": "Moraenae Market",
    "52": "Mansu",
    "53": "Namdong-gu Office",
    "54": "Incheon Grand Park",
    "55": "Unyeon",
    "56": "2",
    "57": "Metro",
    "58": "ROOT",
    "59": "Shema ot 17.08.2019g.\nAvtor: Dmitrij Varlamov\nInformatsija vzjata s sajta www.ictr.or.kr",
    "60": "Imported from http://pmetro.su"
}