[
    {
        "caption": "Схема",
        "image": "res/stations/pionerskaya.svg",
        "line": "СТ",
        "station": "Пионерская"
    },
    {
        "caption": "Схема",
        "image": "res/stations/komsomolskaya.svg",
        "line": "СТ",
        "station": "Комсомольская"
    },
    {
        "caption": "Схема",
        "image": "res/stations/pllenina.svg",
        "line": "СТ",
        "station": "Площадь Ленина"
    },
    {
        "caption": "Схема",
        "image": "res/stations/cpkio.svg",
        "line": "СТ",
        "station": "ЦПКиО"
    },
    {
        "caption": "Схема",
        "image": "res/stations/centralstadion.svg",
        "line": "СТ",
        "station": "Центральный Стадион"
    },
    {
        "caption": "Схема",
        "image": "res/stations/mamaevkurgan.svg",
        "line": "СТ",
        "station": "Мамаев Курган"
    },
    {
        "caption": "Схема",
        "image": "res/stations/dvorecsporta.svg",
        "line": "СТ",
        "station": "Дворец Спорта"
    },
    {
        "caption": "Схема",
        "image": "res/stations/plvozrozhdeniya.svg",
        "line": "СТ",
        "station": "Площадь Возрождения"
    },
    {
        "caption": "Схема",
        "image": "res/stations/traktorniyzavod.svg",
        "line": "СТ",
        "station": "Тракторный завод"
    }
]