{
    "city_id": 472757,
    "comments_text_id": 35,
    "default_locale": "ru",
    "delays": [
        {
            "ranges": [
                "08:00-20:00"
            ],
            "type": "day",
            "weekdays": null
        },
        {
            "ranges": [
                "20:00-24:00",
                "00:00-05:00"
            ],
            "type": "night",
            "weekdays": null
        }
    ],
    "description_text_id": 34,
    "file": "Volgograd.zip",
    "latitude": 48.71939,
    "locales": [
        "ru",
        "en"
    ],
    "longitude": 44.50183,
    "map_id": "Volgograd.zip",
    "schemes": [
        {
            "default_transports": [
                "metro"
            ],
            "file": "schemes/metro.json",
            "name": "metro",
            "name_text_id": 32,
            "root": true,
            "transports": [
                "metro"
            ],
            "type_name": "ROOT",
            "type_text_id": 33
        }
    ],
    "timestamp": 1369872000.0,
    "transport_types": [
        "Трамвай"
    ],
    "transports": [
        {
            "file": "transports/metro.json",
            "name": "metro",
            "type": "Трамвай"
        }
    ]
}