{
    "lines": [
        {
            "delays": [],
            "name": "m1",
            "scheme": null,
            "segments": [
                [
                    0,
                    1,
                    120
                ],
                [
                    1,
                    0,
                    120
                ],
                [
                    1,
                    2,
                    120
                ],
                [
                    2,
                    1,
                    120
                ],
                [
                    2,
                    3,
                    120
                ],
                [
                    3,
                    2,
                    120
                ],
                [
                    3,
                    4,
                    120
                ],
                [
                    4,
                    3,
                    120
                ],
                [
                    4,
                    5,
                    120
                ],
                [
                    5,
                    4,
                    120
                ],
                [
                    5,
                    6,
                    120
                ],
                [
                    6,
                    5,
                    120
                ],
                [
                    6,
                    7,
                    120
                ],
                [
                    7,
                    6,
                    120
                ],
                [
                    7,
                    8,
                    120
                ],
                [
                    8,
                    7,
                    120
                ],
                [
                    8,
                    9,
                    120
                ],
                [
                    9,
                    8,
                    120
                ],
                [
                    9,
                    10,
                    120
                ],
                [
                    10,
                    9,
                    120
                ],
                [
                    10,
                    11,
                    120
                ],
                [
                    11,
                    10,
                    120
                ],
                [
                    11,
                    12,
                    120
                ],
                [
                    12,
                    11,
                    120
                ],
                [
                    12,
                    13,
                    120
                ],
                [
                    13,
                    12,
                    120
                ],
                [
                    13,
                    14,
                    120
                ],
                [
                    14,
                    13,
                    120
                ]
            ],
            "stations": [
                [
                    0,
                    "Flon",
                    0
                ],
                [
                    1,
                    "Vigie",
                    1
                ],
                [
                    2,
                    "Montelly",
                    2
                ],
                [
                    3,
                    "Provence",
                    3
                ],
                [
                    4,
                    "Malley",
                    4
                ],
                [
                    5,
                    "Bourdonnette",
                    5
                ],
                [
                    6,
                    "Unil-Dorigny",
                    6
                ],
                [
                    7,
                    "Mouline",
                    7
                ],
                [
                    8,
                    "Unil-Sorge",
                    8
                ],
                [
                    9,
                    "EPFL",
                    9
                ],
                [
                    10,
                    "Bassenges",
                    10
                ],
                [
                    11,
                    "Cerisaie",
                    11
                ],
                [
                    12,
                    "Crochy",
                    12
                ],
                [
                    13,
                    "Epenex",
                    13
                ],
                [
                    14,
                    "Renens CFF",
                    14
                ]
            ],
            "text_id": 15
        },
        {
            "delays": [],
            "name": "m2",
            "scheme": null,
            "segments": [
                [
                    15,
                    16,
                    120
                ],
                [
                    16,
                    15,
                    120
                ],
                [
                    16,
                    17,
                    120
                ],
                [
                    17,
                    16,
                    120
                ],
                [
                    17,
                    18,
                    120
                ],
                [
                    18,
                    17,
                    120
                ],
                [
                    18,
                    19,
                    120
                ],
                [
                    19,
                    18,
                    120
                ],
                [
                    19,
                    20,
                    120
                ],
                [
                    20,
                    19,
                    120
                ],
                [
                    20,
                    21,
                    120
                ],
                [
                    21,
                    20,
                    120
                ],
                [
                    21,
                    22,
                    120
                ],
                [
                    22,
                    21,
                    120
                ],
                [
                    22,
                    23,
                    120
                ],
                [
                    23,
                    22,
                    120
                ],
                [
                    23,
                    24,
                    120
                ],
                [
                    24,
                    23,
                    120
                ],
                [
                    24,
                    25,
                    120
                ],
                [
                    25,
                    24,
                    120
                ],
                [
                    25,
                    26,
                    120
                ],
                [
                    26,
                    25,
                    120
                ],
                [
                    26,
                    27,
                    120
                ],
                [
                    27,
                    26,
                    120
                ],
                [
                    27,
                    28,
                    120
                ],
                [
                    28,
                    27,
                    120
                ]
            ],
            "stations": [
                [
                    15,
                    "Croisettes",
                    16
                ],
                [
                    16,
                    "Vennes",
                    17
                ],
                [
                    17,
                    "Fourmi",
                    18
                ],
                [
                    18,
                    "Sallaz",
                    19
                ],
                [
                    19,
                    "CHUV",
                    20
                ],
                [
                    20,
                    "Ours",
                    21
                ],
                [
                    21,
                    "Bessieres",
                    22
                ],
                [
                    22,
                    "Rippone",
                    23
                ],
                [
                    23,
                    "Flon",
                    0
                ],
                [
                    24,
                    "Gare CFF",
                    24
                ],
                [
                    25,
                    "Grancy",
                    25
                ],
                [
                    26,
                    "Delices",
                    26
                ],
                [
                    27,
                    "Jordils",
                    27
                ],
                [
                    28,
                    "Ouchy",
                    28
                ]
            ],
            "text_id": 29
        },
        {
            "delays": [],
            "name": "LEB",
            "scheme": null,
            "segments": [
                [
                    29,
                    30,
                    120
                ],
                [
                    30,
                    29,
                    120
                ],
                [
                    30,
                    31,
                    120
                ],
                [
                    31,
                    30,
                    120
                ],
                [
                    31,
                    32,
                    120
                ],
                [
                    32,
                    31,
                    120
                ],
                [
                    32,
                    33,
                    120
                ],
                [
                    33,
                    32,
                    120
                ],
                [
                    33,
                    34,
                    120
                ],
                [
                    34,
                    33,
                    120
                ]
            ],
            "stations": [
                [
                    29,
                    "Flon",
                    0
                ],
                [
                    30,
                    "Chauderon",
                    30
                ],
                [
                    31,
                    "Montetan",
                    31
                ],
                [
                    32,
                    "Union-Prilly",
                    32
                ],
                [
                    33,
                    "Prilly-Chasseur",
                    33
                ],
                [
                    34,
                    "Cery-Fleur-de-Lys",
                    34
                ]
            ],
            "text_id": 35
        }
    ],
    "name": "metro",
    "transfers": [
        [
            0,
            23,
            120,
            true
        ],
        [
            0,
            29,
            120,
            true
        ],
        [
            23,
            29,
            120,
            true
        ]
    ],
    "type_name": "Метро"
}