{
    "lines": [
        {
            "delays": [],
            "name": "M3",
            "scheme": null,
            "segments": [
                [
                    0,
                    1,
                    120
                ],
                [
                    1,
                    0,
                    120
                ],
                [
                    1,
                    2,
                    120
                ],
                [
                    2,
                    1,
                    120
                ],
                [
                    2,
                    3,
                    120
                ],
                [
                    3,
                    2,
                    120
                ],
                [
                    3,
                    4,
                    120
                ],
                [
                    4,
                    3,
                    120
                ],
                [
                    4,
                    5,
                    120
                ],
                [
                    5,
                    4,
                    120
                ],
                [
                    5,
                    6,
                    120
                ],
                [
                    6,
                    5,
                    120
                ],
                [
                    6,
                    7,
                    120
                ],
                [
                    7,
                    6,
                    120
                ],
                [
                    7,
                    8,
                    120
                ],
                [
                    8,
                    7,
                    120
                ],
                [
                    8,
                    9,
                    120
                ],
                [
                    9,
                    8,
                    120
                ]
            ],
            "stations": [
                [
                    0,
                    "Qingdao Beizhan",
                    0
                ],
                [
                    1,
                    "Yongpinglu",
                    1
                ],
                [
                    2,
                    "Zhenhualu",
                    2
                ],
                [
                    3,
                    "Junfenglu",
                    3
                ],
                [
                    4,
                    "Licun",
                    4
                ],
                [
                    5,
                    "Wannianquanlu",
                    5
                ],
                [
                    6,
                    "Hai'erlu",
                    6
                ],
                [
                    7,
                    "Ditie Dasha",
                    7
                ],
                [
                    8,
                    "Changshalu",
                    8
                ],
                [
                    9,
                    "Shuangshan",
                    9
                ]
            ],
            "text_id": 10
        }
    ],
    "name": "metro",
    "transfers": [],
    "type_name": "Метро"
}