{
    "lines": [
        {
            "delays": [
                120,
                240
            ],
            "name": "1",
            "scheme": null,
            "segments": [
                [
                    0,
                    1,
                    120
                ],
                [
                    1,
                    0,
                    120
                ],
                [
                    1,
                    2,
                    120
                ],
                [
                    2,
                    1,
                    120
                ],
                [
                    2,
                    3,
                    120
                ],
                [
                    3,
                    2,
                    120
                ],
                [
                    3,
                    4,
                    120
                ],
                [
                    4,
                    3,
                    120
                ],
                [
                    4,
                    5,
                    120
                ],
                [
                    5,
                    4,
                    120
                ],
                [
                    5,
                    6,
                    120
                ],
                [
                    6,
                    5,
                    120
                ],
                [
                    6,
                    7,
                    120
                ],
                [
                    7,
                    6,
                    120
                ],
                [
                    7,
                    8,
                    120
                ],
                [
                    8,
                    7,
                    120
                ],
                [
                    8,
                    9,
                    120
                ],
                [
                    9,
                    8,
                    120
                ],
                [
                    9,
                    10,
                    120
                ],
                [
                    10,
                    9,
                    120
                ],
                [
                    10,
                    11,
                    120
                ],
                [
                    11,
                    10,
                    120
                ],
                [
                    11,
                    12,
                    120
                ],
                [
                    12,
                    11,
                    120
                ],
                [
                    12,
                    13,
                    120
                ],
                [
                    13,
                    12,
                    120
                ],
                [
                    13,
                    14,
                    120
                ],
                [
                    14,
                    13,
                    120
                ],
                [
                    14,
                    15,
                    120
                ],
                [
                    15,
                    14,
                    120
                ],
                [
                    15,
                    16,
                    120
                ],
                [
                    16,
                    15,
                    120
                ],
                [
                    16,
                    17,
                    120
                ],
                [
                    17,
                    16,
                    120
                ],
                [
                    17,
                    18,
                    120
                ],
                [
                    18,
                    17,
                    120
                ],
                [
                    18,
                    19,
                    120
                ],
                [
                    19,
                    18,
                    120
                ]
            ],
            "stations": [
                [
                    0,
                    "Observatorio",
                    0
                ],
                [
                    1,
                    "Tacubaya",
                    1
                ],
                [
                    2,
                    "Juanacatlan",
                    2
                ],
                [
                    3,
                    "Chapultepec",
                    3
                ],
                [
                    4,
                    "Sevilla",
                    4
                ],
                [
                    5,
                    "Insurgentes",
                    5
                ],
                [
                    6,
                    "Cuauhtemoc",
                    6
                ],
                [
                    7,
                    "Balderas",
                    7
                ],
                [
                    8,
                    "Salto del Agua",
                    8
                ],
                [
                    9,
                    "Isabel la Catolica",
                    9
                ],
                [
                    10,
                    "Pino Suarez",
                    10
                ],
                [
                    11,
                    "Merced",
                    11
                ],
                [
                    12,
                    "Candelaria",
                    12
                ],
                [
                    13,
                    "San Lazaro",
                    13
                ],
                [
                    14,
                    "Moctezuma",
                    14
                ],
                [
                    15,
                    "Balbuena",
                    15
                ],
                [
                    16,
                    "Boulevard Puerto Aereo",
                    16
                ],
                [
                    17,
                    "Gomez Farias",
                    17
                ],
                [
                    18,
                    "Zaragoza",
                    18
                ],
                [
                    19,
                    "Pantitlan",
                    19
                ]
            ],
            "text_id": 20
        },
        {
            "delays": [
                120,
                240
            ],
            "name": "A",
            "scheme": null,
            "segments": [
                [
                    20,
                    21,
                    120
                ],
                [
                    21,
                    20,
                    120
                ],
                [
                    21,
                    22,
                    120
                ],
                [
                    22,
                    21,
                    120
                ],
                [
                    22,
                    23,
                    120
                ],
                [
                    23,
                    22,
                    120
                ],
                [
                    23,
                    24,
                    120
                ],
                [
                    24,
                    23,
                    120
                ],
                [
                    24,
                    25,
                    120
                ],
                [
                    25,
                    24,
                    120
                ],
                [
                    25,
                    26,
                    120
                ],
                [
                    26,
                    25,
                    120
                ],
                [
                    26,
                    27,
                    120
                ],
                [
                    27,
                    26,
                    120
                ],
                [
                    27,
                    28,
                    120
                ],
                [
                    28,
                    27,
                    120
                ],
                [
                    28,
                    29,
                    120
                ],
                [
                    29,
                    28,
                    120
                ]
            ],
            "stations": [
                [
                    20,
                    "Pantitlan",
                    19
                ],
                [
                    21,
                    "Agricola Oriental",
                    21
                ],
                [
                    22,
                    "Canal de San Juan",
                    22
                ],
                [
                    23,
                    "Tepalcates",
                    23
                ],
                [
                    24,
                    "Guelatao",
                    24
                ],
                [
                    25,
                    "Penon Viejo",
                    25
                ],
                [
                    26,
                    "Acatitla",
                    26
                ],
                [
                    27,
                    "Santa Marta",
                    27
                ],
                [
                    28,
                    "Los Reyes",
                    28
                ],
                [
                    29,
                    "La Paz",
                    29
                ]
            ],
            "text_id": 30
        },
        {
            "delays": [
                120,
                240
            ],
            "name": "B",
            "scheme": null,
            "segments": [
                [
                    30,
                    31,
                    120
                ],
                [
                    31,
                    30,
                    120
                ],
                [
                    31,
                    32,
                    120
                ],
                [
                    32,
                    31,
                    120
                ],
                [
                    32,
                    33,
                    120
                ],
                [
                    33,
                    32,
                    120
                ],
                [
                    33,
                    34,
                    120
                ],
                [
                    34,
                    33,
                    120
                ],
                [
                    34,
                    35,
                    120
                ],
                [
                    35,
                    34,
                    120
                ],
                [
                    35,
                    36,
                    120
                ],
                [
                    36,
                    35,
                    120
                ],
                [
                    36,
                    37,
                    120
                ],
                [
                    37,
                    36,
                    120
                ],
                [
                    37,
                    38,
                    120
                ],
                [
                    38,
                    37,
                    120
                ],
                [
                    38,
                    39,
                    120
                ],
                [
                    39,
                    38,
                    120
                ],
                [
                    39,
                    40,
                    120
                ],
                [
                    40,
                    39,
                    120
                ],
                [
                    40,
                    41,
                    120
                ],
                [
                    41,
                    40,
                    120
                ],
                [
                    41,
                    42,
                    120
                ],
                [
                    42,
                    41,
                    120
                ],
                [
                    42,
                    43,
                    120
                ],
                [
                    43,
                    42,
                    120
                ],
                [
                    43,
                    44,
                    120
                ],
                [
                    44,
                    43,
                    120
                ],
                [
                    44,
                    45,
                    120
                ],
                [
                    45,
                    44,
                    120
                ],
                [
                    45,
                    46,
                    120
                ],
                [
                    46,
                    45,
                    120
                ],
                [
                    46,
                    47,
                    120
                ],
                [
                    47,
                    46,
                    120
                ],
                [
                    47,
                    48,
                    120
                ],
                [
                    48,
                    47,
                    120
                ],
                [
                    48,
                    49,
                    120
                ],
                [
                    49,
                    48,
                    120
                ],
                [
                    49,
                    50,
                    120
                ],
                [
                    50,
                    49,
                    120
                ]
            ],
            "stations": [
                [
                    30,
                    "Ciudad Azteca",
                    31
                ],
                [
                    31,
                    "Plaza Aragon",
                    32
                ],
                [
                    32,
                    "Olimpica",
                    33
                ],
                [
                    33,
                    "Ecatepec",
                    34
                ],
                [
                    34,
                    "Muzquiz",
                    35
                ],
                [
                    35,
                    "Rio de los Remedios",
                    36
                ],
                [
                    36,
                    "Impulsora",
                    37
                ],
                [
                    37,
                    "Nezahualcoyotl",
                    38
                ],
                [
                    38,
                    "Villa de Aragon",
                    39
                ],
                [
                    39,
                    "Bosque de Aragon",
                    40
                ],
                [
                    40,
                    "Deportivo Oceania",
                    41
                ],
                [
                    41,
                    "Oceania",
                    42
                ],
                [
                    42,
                    "Romero Rubio",
                    43
                ],
                [
                    43,
                    "Ricardo Flores Magon",
                    44
                ],
                [
                    44,
                    "San Lazaro",
                    13
                ],
                [
                    45,
                    "Morelos",
                    45
                ],
                [
                    46,
                    "Tepito",
                    46
                ],
                [
                    47,
                    "Lagunilla",
                    47
                ],
                [
                    48,
                    "Garibaldi",
                    48
                ],
                [
                    49,
                    "Guerrero",
                    49
                ],
                [
                    50,
                    "Buenavista",
                    50
                ]
            ],
            "text_id": 51
        },
        {
            "delays": [
                120,
                240
            ],
            "name": "12",
            "scheme": null,
            "segments": [
                [
                    51,
                    52,
                    120
                ],
                [
                    52,
                    51,
                    120
                ],
                [
                    52,
                    53,
                    120
                ],
                [
                    53,
                    52,
                    120
                ],
                [
                    53,
                    54,
                    120
                ],
                [
                    54,
                    53,
                    120
                ],
                [
                    54,
                    55,
                    120
                ],
                [
                    55,
                    54,
                    120
                ],
                [
                    55,
                    56,
                    120
                ],
                [
                    56,
                    55,
                    120
                ],
                [
                    56,
                    57,
                    120
                ],
                [
                    57,
                    56,
                    120
                ],
                [
                    57,
                    58,
                    120
                ],
                [
                    58,
                    57,
                    120
                ],
                [
                    58,
                    59,
                    120
                ],
                [
                    59,
                    58,
                    120
                ],
                [
                    59,
                    60,
                    120
                ],
                [
                    60,
                    59,
                    120
                ],
                [
                    60,
                    61,
                    120
                ],
                [
                    61,
                    60,
                    120
                ],
                [
                    61,
                    62,
                    120
                ],
                [
                    62,
                    61,
                    120
                ],
                [
                    62,
                    63,
                    120
                ],
                [
                    63,
                    62,
                    120
                ],
                [
                    63,
                    64,
                    120
                ],
                [
                    64,
                    63,
                    120
                ],
                [
                    64,
                    65,
                    120
                ],
                [
                    65,
                    64,
                    120
                ],
                [
                    65,
                    66,
                    120
                ],
                [
                    66,
                    65,
                    120
                ],
                [
                    66,
                    67,
                    120
                ],
                [
                    67,
                    66,
                    120
                ],
                [
                    67,
                    68,
                    120
                ],
                [
                    68,
                    67,
                    120
                ],
                [
                    68,
                    69,
                    120
                ],
                [
                    69,
                    68,
                    120
                ],
                [
                    69,
                    70,
                    120
                ],
                [
                    70,
                    69,
                    120
                ]
            ],
            "stations": [
                [
                    51,
                    "Mixcoac",
                    52
                ],
                [
                    52,
                    "Insurgentes Sur",
                    53
                ],
                [
                    53,
                    "20 de Noviembre",
                    54
                ],
                [
                    54,
                    "Zapata",
                    55
                ],
                [
                    55,
                    "Parque de los Venados",
                    56
                ],
                [
                    56,
                    "Eje Central",
                    57
                ],
                [
                    57,
                    "Ermita",
                    58
                ],
                [
                    58,
                    "Mexicaltzingo",
                    59
                ],
                [
                    59,
                    "Atlalilco",
                    60
                ],
                [
                    60,
                    "Culhuacan",
                    61
                ],
                [
                    61,
                    "San Andres Tomatlan",
                    62
                ],
                [
                    62,
                    "Lomas Estrella",
                    63
                ],
                [
                    63,
                    "Calle 11",
                    64
                ],
                [
                    64,
                    "Periferico Oriente",
                    65
                ],
                [
                    65,
                    "Tezonco",
                    66
                ],
                [
                    66,
                    "Olivos",
                    67
                ],
                [
                    67,
                    "Nopalera",
                    68
                ],
                [
                    68,
                    "Zapotitlan",
                    69
                ],
                [
                    69,
                    "Tlaltenco",
                    70
                ],
                [
                    70,
                    "Tlahuac",
                    71
                ]
            ],
            "text_id": 72
        },
        {
            "delays": [
                120,
                240
            ],
            "name": "2",
            "scheme": null,
            "segments": [
                [
                    71,
                    72,
                    120
                ],
                [
                    72,
                    71,
                    120
                ],
                [
                    72,
                    73,
                    120
                ],
                [
                    73,
                    72,
                    120
                ],
                [
                    73,
                    74,
                    120
                ],
                [
                    74,
                    73,
                    120
                ],
                [
                    74,
                    75,
                    120
                ],
                [
                    75,
                    74,
                    120
                ],
                [
                    75,
                    76,
                    120
                ],
                [
                    76,
                    75,
                    120
                ],
                [
                    76,
                    77,
                    120
                ],
                [
                    77,
                    76,
                    120
                ],
                [
                    77,
                    78,
                    120
                ],
                [
                    78,
                    77,
                    120
                ],
                [
                    78,
                    79,
                    120
                ],
                [
                    79,
                    78,
                    120
                ],
                [
                    79,
                    80,
                    120
                ],
                [
                    80,
                    79,
                    120
                ],
                [
                    80,
                    81,
                    120
                ],
                [
                    81,
                    80,
                    120
                ],
                [
                    81,
                    82,
                    120
                ],
                [
                    82,
                    81,
                    120
                ],
                [
                    82,
                    83,
                    120
                ],
                [
                    83,
                    82,
                    120
                ],
                [
                    83,
                    84,
                    120
                ],
                [
                    84,
                    83,
                    120
                ],
                [
                    84,
                    85,
                    120
                ],
                [
                    85,
                    84,
                    120
                ],
                [
                    85,
                    86,
                    120
                ],
                [
                    86,
                    85,
                    120
                ],
                [
                    86,
                    87,
                    120
                ],
                [
                    87,
                    86,
                    120
                ],
                [
                    87,
                    88,
                    120
                ],
                [
                    88,
                    87,
                    120
                ],
                [
                    88,
                    89,
                    120
                ],
                [
                    89,
                    88,
                    120
                ],
                [
                    89,
                    90,
                    120
                ],
                [
                    90,
                    89,
                    120
                ],
                [
                    90,
                    91,
                    120
                ],
                [
                    91,
                    90,
                    120
                ],
                [
                    91,
                    92,
                    120
                ],
                [
                    92,
                    91,
                    120
                ],
                [
                    92,
                    93,
                    120
                ],
                [
                    93,
                    92,
                    120
                ],
                [
                    93,
                    94,
                    120
                ],
                [
                    94,
                    93,
                    120
                ]
            ],
            "stations": [
                [
                    71,
                    "Cuatro Caminos",
                    73
                ],
                [
                    72,
                    "Panteones",
                    74
                ],
                [
                    73,
                    "Tacuba",
                    75
                ],
                [
                    74,
                    "Cuitlahuac",
                    76
                ],
                [
                    75,
                    "Popotla",
                    77
                ],
                [
                    76,
                    "Colegio Militar",
                    78
                ],
                [
                    77,
                    "Normal",
                    79
                ],
                [
                    78,
                    "San Cosme",
                    80
                ],
                [
                    79,
                    "Revolucion",
                    81
                ],
                [
                    80,
                    "Hidalgo",
                    82
                ],
                [
                    81,
                    "Bellas Artes",
                    83
                ],
                [
                    82,
                    "Allende",
                    84
                ],
                [
                    83,
                    "Zocalo",
                    85
                ],
                [
                    84,
                    "Pino Suarez",
                    10
                ],
                [
                    85,
                    "San Antonio Abad",
                    86
                ],
                [
                    86,
                    "Chabacano",
                    87
                ],
                [
                    87,
                    "Viaducto",
                    88
                ],
                [
                    88,
                    "Xola",
                    89
                ],
                [
                    89,
                    "Villa de Cortes",
                    90
                ],
                [
                    90,
                    "Nativitas",
                    91
                ],
                [
                    91,
                    "Portales",
                    92
                ],
                [
                    92,
                    "Ermita",
                    58
                ],
                [
                    93,
                    "General Anaya",
                    93
                ],
                [
                    94,
                    "Tasquena",
                    94
                ]
            ],
            "text_id": 95
        },
        {
            "delays": [
                120,
                240
            ],
            "name": "3",
            "scheme": null,
            "segments": [
                [
                    95,
                    96,
                    120
                ],
                [
                    96,
                    95,
                    120
                ],
                [
                    96,
                    97,
                    120
                ],
                [
                    97,
                    96,
                    120
                ],
                [
                    97,
                    98,
                    120
                ],
                [
                    98,
                    97,
                    120
                ],
                [
                    98,
                    99,
                    120
                ],
                [
                    99,
                    98,
                    120
                ],
                [
                    99,
                    100,
                    120
                ],
                [
                    100,
                    99,
                    120
                ],
                [
                    100,
                    101,
                    120
                ],
                [
                    101,
                    100,
                    120
                ],
                [
                    101,
                    102,
                    120
                ],
                [
                    102,
                    101,
                    120
                ],
                [
                    102,
                    103,
                    120
                ],
                [
                    103,
                    102,
                    120
                ],
                [
                    103,
                    104,
                    120
                ],
                [
                    104,
                    103,
                    120
                ],
                [
                    104,
                    105,
                    120
                ],
                [
                    105,
                    104,
                    120
                ],
                [
                    105,
                    106,
                    120
                ],
                [
                    106,
                    105,
                    120
                ],
                [
                    106,
                    107,
                    120
                ],
                [
                    107,
                    106,
                    120
                ],
                [
                    107,
                    108,
                    120
                ],
                [
                    108,
                    107,
                    120
                ],
                [
                    108,
                    109,
                    120
                ],
                [
                    109,
                    108,
                    120
                ],
                [
                    109,
                    110,
                    120
                ],
                [
                    110,
                    109,
                    120
                ],
                [
                    110,
                    111,
                    120
                ],
                [
                    111,
                    110,
                    120
                ],
                [
                    111,
                    112,
                    120
                ],
                [
                    112,
                    111,
                    120
                ],
                [
                    112,
                    113,
                    120
                ],
                [
                    113,
                    112,
                    120
                ],
                [
                    113,
                    114,
                    120
                ],
                [
                    114,
                    113,
                    120
                ],
                [
                    114,
                    115,
                    120
                ],
                [
                    115,
                    114,
                    120
                ]
            ],
            "stations": [
                [
                    95,
                    "Indios Verdes",
                    96
                ],
                [
                    96,
                    "Deportivo 18 de Marzo",
                    97
                ],
                [
                    97,
                    "Potrero",
                    98
                ],
                [
                    98,
                    "La Raza",
                    99
                ],
                [
                    99,
                    "Tlatelolco",
                    100
                ],
                [
                    100,
                    "Guerrero",
                    49
                ],
                [
                    101,
                    "Hidalgo",
                    82
                ],
                [
                    102,
                    "Juarez",
                    101
                ],
                [
                    103,
                    "Balderas",
                    7
                ],
                [
                    104,
                    "Ninos Heroes",
                    102
                ],
                [
                    105,
                    "Hospital General",
                    103
                ],
                [
                    106,
                    "Centro Medico",
                    104
                ],
                [
                    107,
                    "Etiopia",
                    105
                ],
                [
                    108,
                    "Eugenia",
                    106
                ],
                [
                    109,
                    "Division del Norte",
                    107
                ],
                [
                    110,
                    "Zapata",
                    55
                ],
                [
                    111,
                    "Coyoacan",
                    108
                ],
                [
                    112,
                    "Viveros",
                    109
                ],
                [
                    113,
                    "Miguel Angel de Quevedo",
                    110
                ],
                [
                    114,
                    "Copilco",
                    111
                ],
                [
                    115,
                    "Universidad",
                    112
                ]
            ],
            "text_id": 113
        },
        {
            "delays": [
                120,
                240
            ],
            "name": "4",
            "scheme": null,
            "segments": [
                [
                    116,
                    117,
                    120
                ],
                [
                    117,
                    116,
                    120
                ],
                [
                    117,
                    118,
                    120
                ],
                [
                    118,
                    117,
                    120
                ],
                [
                    118,
                    119,
                    120
                ],
                [
                    119,
                    118,
                    120
                ],
                [
                    119,
                    120,
                    120
                ],
                [
                    120,
                    119,
                    120
                ],
                [
                    120,
                    121,
                    120
                ],
                [
                    121,
                    120,
                    120
                ],
                [
                    121,
                    122,
                    120
                ],
                [
                    122,
                    121,
                    120
                ],
                [
                    122,
                    123,
                    120
                ],
                [
                    123,
                    122,
                    120
                ],
                [
                    123,
                    124,
                    120
                ],
                [
                    124,
                    123,
                    120
                ],
                [
                    124,
                    125,
                    120
                ],
                [
                    125,
                    124,
                    120
                ]
            ],
            "stations": [
                [
                    116,
                    "Martin Carrera",
                    114
                ],
                [
                    117,
                    "Talisman",
                    115
                ],
                [
                    118,
                    "Bondojito",
                    116
                ],
                [
                    119,
                    "Consulado",
                    117
                ],
                [
                    120,
                    "Canal del Norte",
                    118
                ],
                [
                    121,
                    "Morelos",
                    45
                ],
                [
                    122,
                    "Candelaria",
                    12
                ],
                [
                    123,
                    "Fray Servando",
                    119
                ],
                [
                    124,
                    "Jamaica",
                    120
                ],
                [
                    125,
                    "Santa Anita",
                    121
                ]
            ],
            "text_id": 122
        },
        {
            "delays": [
                120,
                240
            ],
            "name": "5",
            "scheme": null,
            "segments": [
                [
                    126,
                    127,
                    120
                ],
                [
                    127,
                    126,
                    120
                ],
                [
                    127,
                    128,
                    120
                ],
                [
                    128,
                    127,
                    120
                ],
                [
                    128,
                    129,
                    120
                ],
                [
                    129,
                    128,
                    120
                ],
                [
                    129,
                    130,
                    120
                ],
                [
                    130,
                    129,
                    120
                ],
                [
                    130,
                    131,
                    120
                ],
                [
                    131,
                    130,
                    120
                ],
                [
                    131,
                    132,
                    120
                ],
                [
                    132,
                    131,
                    120
                ],
                [
                    132,
                    133,
                    120
                ],
                [
                    133,
                    132,
                    120
                ],
                [
                    133,
                    134,
                    120
                ],
                [
                    134,
                    133,
                    120
                ],
                [
                    134,
                    135,
                    120
                ],
                [
                    135,
                    134,
                    120
                ],
                [
                    135,
                    136,
                    120
                ],
                [
                    136,
                    135,
                    120
                ],
                [
                    136,
                    137,
                    120
                ],
                [
                    137,
                    136,
                    120
                ],
                [
                    137,
                    138,
                    120
                ],
                [
                    138,
                    137,
                    120
                ]
            ],
            "stations": [
                [
                    126,
                    "Politecnico",
                    123
                ],
                [
                    127,
                    "Instituto del Petroleo",
                    124
                ],
                [
                    128,
                    "Autobuses del Norte",
                    125
                ],
                [
                    129,
                    "La Raza",
                    99
                ],
                [
                    130,
                    "Misterios",
                    126
                ],
                [
                    131,
                    "Valle Gomez",
                    127
                ],
                [
                    132,
                    "Consulado",
                    117
                ],
                [
                    133,
                    "Eduardo Molina",
                    128
                ],
                [
                    134,
                    "Aragon",
                    129
                ],
                [
                    135,
                    "Oceania",
                    42
                ],
                [
                    136,
                    "Terminal Aerea",
                    130
                ],
                [
                    137,
                    "Hangares",
                    131
                ],
                [
                    138,
                    "Pantitlan",
                    19
                ]
            ],
            "text_id": 132
        },
        {
            "delays": [
                120,
                240
            ],
            "name": "6",
            "scheme": null,
            "segments": [
                [
                    139,
                    140,
                    120
                ],
                [
                    140,
                    139,
                    120
                ],
                [
                    140,
                    141,
                    120
                ],
                [
                    141,
                    140,
                    120
                ],
                [
                    141,
                    142,
                    120
                ],
                [
                    142,
                    141,
                    120
                ],
                [
                    142,
                    143,
                    120
                ],
                [
                    143,
                    142,
                    120
                ],
                [
                    143,
                    144,
                    120
                ],
                [
                    144,
                    143,
                    120
                ],
                [
                    144,
                    145,
                    120
                ],
                [
                    145,
                    144,
                    120
                ],
                [
                    145,
                    146,
                    120
                ],
                [
                    146,
                    145,
                    120
                ],
                [
                    146,
                    147,
                    120
                ],
                [
                    147,
                    146,
                    120
                ],
                [
                    147,
                    148,
                    120
                ],
                [
                    148,
                    147,
                    120
                ],
                [
                    148,
                    149,
                    120
                ],
                [
                    149,
                    148,
                    120
                ]
            ],
            "stations": [
                [
                    139,
                    "El Rosario",
                    133
                ],
                [
                    140,
                    "Tezozomoc",
                    134
                ],
                [
                    141,
                    "Azcapotzalco",
                    135
                ],
                [
                    142,
                    "Ferreria",
                    136
                ],
                [
                    143,
                    "Norte 45",
                    137
                ],
                [
                    144,
                    "Vallejo",
                    138
                ],
                [
                    145,
                    "Instituto del Petroleo",
                    124
                ],
                [
                    146,
                    "Lindavista",
                    139
                ],
                [
                    147,
                    "Deportivo 18 de Marzo",
                    97
                ],
                [
                    148,
                    "La Villa-Basilica",
                    140
                ],
                [
                    149,
                    "Martin Carrera",
                    114
                ]
            ],
            "text_id": 141
        },
        {
            "delays": [
                120,
                240
            ],
            "name": "7",
            "scheme": null,
            "segments": [
                [
                    150,
                    151,
                    120
                ],
                [
                    151,
                    150,
                    120
                ],
                [
                    151,
                    152,
                    120
                ],
                [
                    152,
                    151,
                    120
                ],
                [
                    152,
                    153,
                    120
                ],
                [
                    153,
                    152,
                    120
                ],
                [
                    153,
                    154,
                    120
                ],
                [
                    154,
                    153,
                    120
                ],
                [
                    154,
                    155,
                    120
                ],
                [
                    155,
                    154,
                    120
                ],
                [
                    155,
                    156,
                    120
                ],
                [
                    156,
                    155,
                    120
                ],
                [
                    156,
                    157,
                    120
                ],
                [
                    157,
                    156,
                    120
                ],
                [
                    157,
                    158,
                    120
                ],
                [
                    158,
                    157,
                    120
                ],
                [
                    158,
                    159,
                    120
                ],
                [
                    159,
                    158,
                    120
                ],
                [
                    159,
                    160,
                    120
                ],
                [
                    160,
                    159,
                    120
                ],
                [
                    160,
                    161,
                    120
                ],
                [
                    161,
                    160,
                    120
                ],
                [
                    161,
                    162,
                    120
                ],
                [
                    162,
                    161,
                    120
                ],
                [
                    162,
                    163,
                    120
                ],
                [
                    163,
                    162,
                    120
                ]
            ],
            "stations": [
                [
                    150,
                    "El Rosario",
                    133
                ],
                [
                    151,
                    "Aquiles Serdan",
                    142
                ],
                [
                    152,
                    "Camarones",
                    143
                ],
                [
                    153,
                    "Refineria",
                    144
                ],
                [
                    154,
                    "Tacuba",
                    75
                ],
                [
                    155,
                    "San Joaquin",
                    145
                ],
                [
                    156,
                    "Polanco",
                    146
                ],
                [
                    157,
                    "Auditorio",
                    147
                ],
                [
                    158,
                    "Constituyentes",
                    148
                ],
                [
                    159,
                    "Tacubaya",
                    1
                ],
                [
                    160,
                    "San Pedro de los Pinos",
                    149
                ],
                [
                    161,
                    "San Antonio",
                    150
                ],
                [
                    162,
                    "Mixcoac",
                    52
                ],
                [
                    163,
                    "Barranca del Muerto",
                    151
                ]
            ],
            "text_id": 152
        },
        {
            "delays": [
                120,
                240
            ],
            "name": "8",
            "scheme": null,
            "segments": [
                [
                    164,
                    165,
                    120
                ],
                [
                    165,
                    164,
                    120
                ],
                [
                    165,
                    166,
                    120
                ],
                [
                    166,
                    165,
                    120
                ],
                [
                    166,
                    167,
                    120
                ],
                [
                    167,
                    166,
                    120
                ],
                [
                    167,
                    168,
                    120
                ],
                [
                    168,
                    167,
                    120
                ],
                [
                    168,
                    169,
                    120
                ],
                [
                    169,
                    168,
                    120
                ],
                [
                    169,
                    170,
                    120
                ],
                [
                    170,
                    169,
                    120
                ],
                [
                    170,
                    171,
                    120
                ],
                [
                    171,
                    170,
                    120
                ],
                [
                    171,
                    172,
                    120
                ],
                [
                    172,
                    171,
                    120
                ],
                [
                    172,
                    173,
                    120
                ],
                [
                    173,
                    172,
                    120
                ],
                [
                    173,
                    174,
                    120
                ],
                [
                    174,
                    173,
                    120
                ],
                [
                    174,
                    175,
                    120
                ],
                [
                    175,
                    174,
                    120
                ],
                [
                    175,
                    176,
                    120
                ],
                [
                    176,
                    175,
                    120
                ],
                [
                    176,
                    177,
                    120
                ],
                [
                    177,
                    176,
                    120
                ],
                [
                    177,
                    178,
                    120
                ],
                [
                    178,
                    177,
                    120
                ],
                [
                    178,
                    179,
                    120
                ],
                [
                    179,
                    178,
                    120
                ],
                [
                    179,
                    180,
                    120
                ],
                [
                    180,
                    179,
                    120
                ],
                [
                    180,
                    181,
                    120
                ],
                [
                    181,
                    180,
                    120
                ],
                [
                    181,
                    182,
                    120
                ],
                [
                    182,
                    181,
                    120
                ]
            ],
            "stations": [
                [
                    164,
                    "Garibaldi",
                    48
                ],
                [
                    165,
                    "Bellas Artes",
                    83
                ],
                [
                    166,
                    "San Juan de Letran",
                    153
                ],
                [
                    167,
                    "Salto del Agua",
                    8
                ],
                [
                    168,
                    "Doctores",
                    154
                ],
                [
                    169,
                    "Obrera",
                    155
                ],
                [
                    170,
                    "Chabacano",
                    87
                ],
                [
                    171,
                    "La Viga",
                    156
                ],
                [
                    172,
                    "Santa Anita",
                    121
                ],
                [
                    173,
                    "Coyuya",
                    157
                ],
                [
                    174,
                    "Iztacalco",
                    158
                ],
                [
                    175,
                    "Apatlaco",
                    159
                ],
                [
                    176,
                    "Aculco",
                    160
                ],
                [
                    177,
                    "Escuadron 201",
                    161
                ],
                [
                    178,
                    "Atlalilco",
                    60
                ],
                [
                    179,
                    "Iztapalapa",
                    162
                ],
                [
                    180,
                    "Cerro de la Estrella",
                    163
                ],
                [
                    181,
                    "UAM-I",
                    164
                ],
                [
                    182,
                    "Constitucion de 1917",
                    165
                ]
            ],
            "text_id": 166
        },
        {
            "delays": [
                120,
                240
            ],
            "name": "9",
            "scheme": null,
            "segments": [
                [
                    183,
                    184,
                    120
                ],
                [
                    184,
                    183,
                    120
                ],
                [
                    184,
                    185,
                    120
                ],
                [
                    185,
                    184,
                    120
                ],
                [
                    185,
                    186,
                    120
                ],
                [
                    186,
                    185,
                    120
                ],
                [
                    186,
                    187,
                    120
                ],
                [
                    187,
                    186,
                    120
                ],
                [
                    187,
                    188,
                    120
                ],
                [
                    188,
                    187,
                    120
                ],
                [
                    188,
                    189,
                    120
                ],
                [
                    189,
                    188,
                    120
                ],
                [
                    189,
                    190,
                    120
                ],
                [
                    190,
                    189,
                    120
                ],
                [
                    190,
                    191,
                    120
                ],
                [
                    191,
                    190,
                    120
                ],
                [
                    191,
                    192,
                    120
                ],
                [
                    192,
                    191,
                    120
                ],
                [
                    192,
                    193,
                    120
                ],
                [
                    193,
                    192,
                    120
                ],
                [
                    193,
                    194,
                    120
                ],
                [
                    194,
                    193,
                    120
                ]
            ],
            "stations": [
                [
                    183,
                    "Tacubaya",
                    1
                ],
                [
                    184,
                    "Patriotismo",
                    167
                ],
                [
                    185,
                    "Chilpancingo",
                    168
                ],
                [
                    186,
                    "Centro Medico",
                    104
                ],
                [
                    187,
                    "Lazaro Cardenas",
                    169
                ],
                [
                    188,
                    "Chabacano",
                    87
                ],
                [
                    189,
                    "Jamaica",
                    120
                ],
                [
                    190,
                    "Mixiuhca",
                    170
                ],
                [
                    191,
                    "Velodromo",
                    171
                ],
                [
                    192,
                    "Ciudad Deportiva",
                    172
                ],
                [
                    193,
                    "Puebla",
                    173
                ],
                [
                    194,
                    "Pantitlan",
                    19
                ]
            ],
            "text_id": 174
        }
    ],
    "name": "metro",
    "transfers": [
        [
            150,
            139,
            120,
            true
        ],
        [
            145,
            127,
            120,
            true
        ],
        [
            147,
            96,
            120,
            true
        ],
        [
            149,
            116,
            120,
            true
        ],
        [
            98,
            129,
            120,
            true
        ],
        [
            132,
            119,
            120,
            true
        ],
        [
            154,
            73,
            120,
            true
        ],
        [
            49,
            100,
            120,
            true
        ],
        [
            164,
            48,
            120,
            true
        ],
        [
            80,
            101,
            120,
            true
        ],
        [
            81,
            165,
            120,
            true
        ],
        [
            121,
            45,
            120,
            true
        ],
        [
            122,
            12,
            120,
            true
        ],
        [
            135,
            41,
            120,
            true
        ],
        [
            44,
            13,
            120,
            true
        ],
        [
            84,
            10,
            120,
            true
        ],
        [
            8,
            167,
            120,
            true
        ],
        [
            103,
            7,
            120,
            true
        ],
        [
            138,
            194,
            120,
            true
        ],
        [
            138,
            20,
            120,
            true
        ],
        [
            19,
            138,
            120,
            true
        ],
        [
            194,
            20,
            120,
            true
        ],
        [
            194,
            19,
            120,
            true
        ],
        [
            20,
            19,
            120,
            true
        ],
        [
            189,
            124,
            120,
            true
        ],
        [
            188,
            170,
            120,
            true
        ],
        [
            186,
            106,
            120,
            true
        ],
        [
            183,
            1,
            120,
            true
        ],
        [
            183,
            159,
            120,
            true
        ],
        [
            1,
            159,
            120,
            true
        ],
        [
            162,
            51,
            120,
            true
        ],
        [
            110,
            54,
            120,
            true
        ],
        [
            57,
            92,
            120,
            true
        ],
        [
            59,
            178,
            120,
            true
        ],
        [
            172,
            125,
            120,
            true
        ]
    ],
    "type_name": "Метро"
}