{
    "lines": [
        {
            "delays": [],
            "name": "A",
            "scheme": null,
            "segments": [
                [
                    0,
                    1,
                    120
                ],
                [
                    1,
                    0,
                    120
                ],
                [
                    1,
                    2,
                    120
                ],
                [
                    2,
                    1,
                    120
                ],
                [
                    2,
                    3,
                    120
                ],
                [
                    3,
                    2,
                    120
                ],
                [
                    3,
                    4,
                    120
                ],
                [
                    4,
                    3,
                    120
                ],
                [
                    4,
                    5,
                    120
                ],
                [
                    5,
                    4,
                    120
                ],
                [
                    5,
                    6,
                    120
                ],
                [
                    6,
                    5,
                    120
                ],
                [
                    6,
                    7,
                    120
                ],
                [
                    7,
                    6,
                    120
                ],
                [
                    7,
                    8,
                    120
                ],
                [
                    8,
                    7,
                    120
                ],
                [
                    8,
                    9,
                    120
                ],
                [
                    9,
                    8,
                    120
                ],
                [
                    9,
                    10,
                    120
                ],
                [
                    10,
                    9,
                    120
                ],
                [
                    10,
                    11,
                    120
                ],
                [
                    11,
                    10,
                    120
                ],
                [
                    11,
                    12,
                    120
                ],
                [
                    12,
                    11,
                    120
                ],
                [
                    12,
                    13,
                    120
                ],
                [
                    13,
                    12,
                    120
                ],
                [
                    13,
                    14,
                    120
                ],
                [
                    14,
                    13,
                    120
                ],
                [
                    14,
                    15,
                    120
                ],
                [
                    15,
                    14,
                    120
                ],
                [
                    15,
                    16,
                    120
                ],
                [
                    16,
                    15,
                    120
                ],
                [
                    16,
                    17,
                    120
                ],
                [
                    17,
                    16,
                    120
                ],
                [
                    17,
                    18,
                    120
                ],
                [
                    18,
                    17,
                    120
                ],
                [
                    18,
                    19,
                    120
                ],
                [
                    19,
                    18,
                    120
                ],
                [
                    19,
                    20,
                    120
                ],
                [
                    20,
                    19,
                    120
                ]
            ],
            "stations": [
                [
                    0,
                    "Niquia",
                    0
                ],
                [
                    1,
                    "Bello",
                    1
                ],
                [
                    2,
                    "Madera",
                    2
                ],
                [
                    3,
                    "Acevedo",
                    3
                ],
                [
                    4,
                    "Tricentenario",
                    4
                ],
                [
                    5,
                    "Caribe",
                    5
                ],
                [
                    6,
                    "Universidad",
                    6
                ],
                [
                    7,
                    "Hospital",
                    7
                ],
                [
                    8,
                    "Prado",
                    8
                ],
                [
                    9,
                    "Parque Berrio",
                    9
                ],
                [
                    10,
                    "San Antonio",
                    10
                ],
                [
                    11,
                    "Alpujarra",
                    11
                ],
                [
                    12,
                    "Exposiciones",
                    12
                ],
                [
                    13,
                    "Industriales",
                    13
                ],
                [
                    14,
                    "Poblado",
                    14
                ],
                [
                    15,
                    "Aguacatala",
                    15
                ],
                [
                    16,
                    "Ayura",
                    16
                ],
                [
                    17,
                    "Envigado",
                    17
                ],
                [
                    18,
                    "Itagui",
                    18
                ],
                [
                    19,
                    "Sabaneta",
                    19
                ],
                [
                    20,
                    "La Estrella",
                    20
                ]
            ],
            "text_id": 21
        },
        {
            "delays": [],
            "name": "1",
            "scheme": null,
            "segments": [
                [
                    21,
                    22,
                    120
                ],
                [
                    22,
                    21,
                    120
                ],
                [
                    22,
                    23,
                    120
                ],
                [
                    23,
                    22,
                    120
                ],
                [
                    23,
                    24,
                    120
                ],
                [
                    24,
                    23,
                    120
                ],
                [
                    24,
                    25,
                    120
                ],
                [
                    25,
                    24,
                    120
                ],
                [
                    25,
                    26,
                    120
                ],
                [
                    26,
                    25,
                    120
                ],
                [
                    26,
                    27,
                    120
                ],
                [
                    27,
                    26,
                    120
                ],
                [
                    27,
                    28,
                    120
                ],
                [
                    28,
                    27,
                    120
                ],
                [
                    28,
                    29,
                    120
                ],
                [
                    29,
                    28,
                    120
                ],
                [
                    29,
                    30,
                    120
                ],
                [
                    30,
                    29,
                    120
                ],
                [
                    30,
                    31,
                    120
                ],
                [
                    31,
                    30,
                    120
                ],
                [
                    31,
                    32,
                    120
                ],
                [
                    32,
                    31,
                    120
                ],
                [
                    32,
                    33,
                    120
                ],
                [
                    33,
                    32,
                    120
                ],
                [
                    33,
                    34,
                    120
                ],
                [
                    34,
                    33,
                    120
                ],
                [
                    34,
                    35,
                    120
                ],
                [
                    35,
                    34,
                    120
                ],
                [
                    35,
                    36,
                    120
                ],
                [
                    36,
                    35,
                    120
                ],
                [
                    36,
                    37,
                    120
                ],
                [
                    37,
                    36,
                    120
                ],
                [
                    37,
                    38,
                    120
                ],
                [
                    38,
                    37,
                    120
                ],
                [
                    38,
                    39,
                    120
                ],
                [
                    39,
                    38,
                    120
                ],
                [
                    39,
                    40,
                    120
                ],
                [
                    40,
                    39,
                    120
                ]
            ],
            "stations": [
                [
                    21,
                    "U. de M.",
                    22
                ],
                [
                    22,
                    "Los Alpes",
                    23
                ],
                [
                    23,
                    "La Palma",
                    24
                ],
                [
                    24,
                    "Parque Belen",
                    25
                ],
                [
                    25,
                    "Rosales",
                    26
                ],
                [
                    26,
                    "Fatima",
                    27
                ],
                [
                    27,
                    "Nutibara",
                    28
                ],
                [
                    28,
                    "Industriales",
                    13
                ],
                [
                    29,
                    "Plaza Mayor",
                    29
                ],
                [
                    30,
                    "Cisneros",
                    30
                ],
                [
                    31,
                    "Minorista",
                    31
                ],
                [
                    32,
                    "Chagualo",
                    32
                ],
                [
                    33,
                    "Ruta N – U. de A",
                    33
                ],
                [
                    34,
                    "Hospital",
                    7
                ],
                [
                    35,
                    "Palos Verdes",
                    34
                ],
                [
                    36,
                    "Gardel",
                    35
                ],
                [
                    37,
                    "Manrique",
                    36
                ],
                [
                    38,
                    "Las Esmeraldas",
                    37
                ],
                [
                    39,
                    "Berlin",
                    38
                ],
                [
                    40,
                    "Parque Aranjuez",
                    39
                ]
            ],
            "text_id": 40
        },
        {
            "delays": [],
            "name": "2",
            "scheme": null,
            "segments": [
                [
                    41,
                    42,
                    120
                ],
                [
                    42,
                    41,
                    120
                ],
                [
                    42,
                    43,
                    120
                ],
                [
                    43,
                    42,
                    120
                ],
                [
                    43,
                    44,
                    120
                ],
                [
                    44,
                    43,
                    120
                ],
                [
                    44,
                    45,
                    120
                ],
                [
                    45,
                    44,
                    120
                ],
                [
                    45,
                    46,
                    120
                ],
                [
                    46,
                    45,
                    120
                ],
                [
                    46,
                    47,
                    120
                ],
                [
                    47,
                    46,
                    120
                ],
                [
                    47,
                    48,
                    120
                ],
                [
                    48,
                    47,
                    120
                ],
                [
                    48,
                    49,
                    120
                ],
                [
                    49,
                    48,
                    120
                ],
                [
                    49,
                    50,
                    120
                ],
                [
                    50,
                    49,
                    120
                ],
                [
                    50,
                    51,
                    120
                ],
                [
                    51,
                    50,
                    120
                ],
                [
                    51,
                    52,
                    120
                ],
                [
                    52,
                    51,
                    120
                ],
                [
                    52,
                    53,
                    120
                ],
                [
                    53,
                    52,
                    120
                ],
                [
                    53,
                    54,
                    120
                ],
                [
                    54,
                    53,
                    120
                ],
                [
                    54,
                    55,
                    120
                ],
                [
                    55,
                    54,
                    120
                ],
                [
                    55,
                    56,
                    120
                ],
                [
                    56,
                    55,
                    120
                ],
                [
                    56,
                    57,
                    120
                ],
                [
                    57,
                    56,
                    120
                ],
                [
                    57,
                    58,
                    120
                ],
                [
                    58,
                    57,
                    120
                ],
                [
                    58,
                    59,
                    120
                ],
                [
                    59,
                    58,
                    120
                ],
                [
                    59,
                    60,
                    120
                ],
                [
                    60,
                    59,
                    120
                ]
            ],
            "stations": [
                [
                    41,
                    "U. de M.",
                    22
                ],
                [
                    42,
                    "Los Alpes",
                    23
                ],
                [
                    43,
                    "La Palma",
                    24
                ],
                [
                    44,
                    "Parque Belen",
                    25
                ],
                [
                    45,
                    "Rosales",
                    26
                ],
                [
                    46,
                    "Fatima",
                    27
                ],
                [
                    47,
                    "Nutibara",
                    28
                ],
                [
                    48,
                    "Industriales",
                    13
                ],
                [
                    49,
                    "Barrio Colombia",
                    41
                ],
                [
                    50,
                    "Barrio San Diego",
                    42
                ],
                [
                    51,
                    "Barrio Colon",
                    43
                ],
                [
                    52,
                    "San Jose",
                    44
                ],
                [
                    53,
                    "La Playa",
                    45
                ],
                [
                    54,
                    "Catedral Metropolitana",
                    46
                ],
                [
                    55,
                    "Palos Verdes",
                    34
                ],
                [
                    56,
                    "Gardel",
                    35
                ],
                [
                    57,
                    "Manrique",
                    36
                ],
                [
                    58,
                    "Las Esmeraldas",
                    37
                ],
                [
                    59,
                    "Berlin",
                    38
                ],
                [
                    60,
                    "Parque Aranjuez",
                    39
                ]
            ],
            "text_id": 47
        },
        {
            "delays": [],
            "name": "B",
            "scheme": null,
            "segments": [
                [
                    61,
                    62,
                    120
                ],
                [
                    62,
                    61,
                    120
                ],
                [
                    62,
                    63,
                    120
                ],
                [
                    63,
                    62,
                    120
                ],
                [
                    63,
                    64,
                    120
                ],
                [
                    64,
                    63,
                    120
                ],
                [
                    64,
                    65,
                    120
                ],
                [
                    65,
                    64,
                    120
                ],
                [
                    65,
                    66,
                    120
                ],
                [
                    66,
                    65,
                    120
                ],
                [
                    66,
                    67,
                    120
                ],
                [
                    67,
                    66,
                    120
                ]
            ],
            "stations": [
                [
                    61,
                    "San Antonio",
                    10
                ],
                [
                    62,
                    "Cisnersos",
                    48
                ],
                [
                    63,
                    "Suramericana",
                    49
                ],
                [
                    64,
                    "Estadio",
                    50
                ],
                [
                    65,
                    "Floresta",
                    51
                ],
                [
                    66,
                    "Santa Lucia",
                    52
                ],
                [
                    67,
                    "San Javier",
                    53
                ]
            ],
            "text_id": 54
        },
        {
            "delays": [],
            "name": "H",
            "scheme": null,
            "segments": [
                [
                    68,
                    69,
                    120
                ],
                [
                    69,
                    68,
                    120
                ],
                [
                    69,
                    70,
                    120
                ],
                [
                    70,
                    69,
                    120
                ]
            ],
            "stations": [
                [
                    68,
                    "Oriente",
                    55
                ],
                [
                    69,
                    "Las Torres",
                    56
                ],
                [
                    70,
                    "Villa Sierra",
                    57
                ]
            ],
            "text_id": 58
        },
        {
            "delays": [],
            "name": "J",
            "scheme": null,
            "segments": [
                [
                    71,
                    72,
                    120
                ],
                [
                    72,
                    71,
                    120
                ],
                [
                    72,
                    73,
                    120
                ],
                [
                    73,
                    72,
                    120
                ],
                [
                    73,
                    74,
                    120
                ],
                [
                    74,
                    73,
                    120
                ]
            ],
            "stations": [
                [
                    71,
                    "San Javier",
                    53
                ],
                [
                    72,
                    "Juan XXIII",
                    59
                ],
                [
                    73,
                    "Vallejuelos",
                    60
                ],
                [
                    74,
                    "La Aurora",
                    61
                ]
            ],
            "text_id": 62
        },
        {
            "delays": [],
            "name": "K",
            "scheme": null,
            "segments": [
                [
                    75,
                    76,
                    120
                ],
                [
                    76,
                    75,
                    120
                ],
                [
                    76,
                    77,
                    120
                ],
                [
                    77,
                    76,
                    120
                ],
                [
                    77,
                    78,
                    120
                ],
                [
                    78,
                    77,
                    120
                ]
            ],
            "stations": [
                [
                    75,
                    "Acevedo",
                    3
                ],
                [
                    76,
                    "Andalucia",
                    63
                ],
                [
                    77,
                    "Popular",
                    64
                ],
                [
                    78,
                    "Santo Domingo",
                    65
                ]
            ],
            "text_id": 66
        },
        {
            "delays": [],
            "name": "L",
            "scheme": null,
            "segments": [
                [
                    79,
                    80,
                    120
                ],
                [
                    80,
                    79,
                    120
                ]
            ],
            "stations": [
                [
                    79,
                    "Santo Domingo",
                    65
                ],
                [
                    80,
                    "Arvi",
                    67
                ]
            ],
            "text_id": 68
        },
        {
            "delays": [],
            "name": "M",
            "scheme": null,
            "segments": [
                [
                    81,
                    82,
                    120
                ],
                [
                    82,
                    81,
                    120
                ],
                [
                    82,
                    83,
                    120
                ],
                [
                    83,
                    82,
                    120
                ]
            ],
            "stations": [
                [
                    81,
                    "Miraflores",
                    69
                ],
                [
                    82,
                    "El Pinal",
                    70
                ],
                [
                    83,
                    "Trece de Noviembre",
                    71
                ]
            ],
            "text_id": 72
        },
        {
            "delays": [],
            "name": "P",
            "scheme": null,
            "segments": [
                [
                    84,
                    85,
                    0
                ],
                [
                    85,
                    84,
                    0
                ],
                [
                    85,
                    86,
                    0
                ],
                [
                    86,
                    85,
                    0
                ],
                [
                    86,
                    87,
                    0
                ],
                [
                    87,
                    86,
                    0
                ]
            ],
            "stations": [
                [
                    84,
                    "Acevedo",
                    3
                ],
                [
                    85,
                    "SENA",
                    73
                ],
                [
                    86,
                    "Doce de Octubre",
                    74
                ],
                [
                    87,
                    "El Progresso",
                    75
                ]
            ],
            "text_id": 76
        },
        {
            "delays": [],
            "name": "T-A",
            "scheme": null,
            "segments": [
                [
                    88,
                    89,
                    120
                ],
                [
                    89,
                    88,
                    120
                ],
                [
                    89,
                    90,
                    120
                ],
                [
                    90,
                    89,
                    120
                ],
                [
                    90,
                    91,
                    120
                ],
                [
                    91,
                    90,
                    120
                ],
                [
                    91,
                    92,
                    120
                ],
                [
                    92,
                    91,
                    120
                ],
                [
                    92,
                    93,
                    120
                ],
                [
                    93,
                    92,
                    120
                ],
                [
                    93,
                    94,
                    120
                ],
                [
                    94,
                    93,
                    120
                ],
                [
                    94,
                    95,
                    120
                ],
                [
                    95,
                    94,
                    120
                ],
                [
                    95,
                    96,
                    120
                ],
                [
                    96,
                    95,
                    120
                ]
            ],
            "stations": [
                [
                    88,
                    "San Antonio",
                    10
                ],
                [
                    89,
                    "San Jose",
                    44
                ],
                [
                    90,
                    "Pabellon del Agua EPM",
                    77
                ],
                [
                    91,
                    "Bicentenario",
                    78
                ],
                [
                    92,
                    "Buenos Aires",
                    79
                ],
                [
                    93,
                    "Miraflores",
                    69
                ],
                [
                    94,
                    "Loyola",
                    80
                ],
                [
                    95,
                    "Alejandro Echavarria",
                    81
                ],
                [
                    96,
                    "Oriente",
                    55
                ]
            ],
            "text_id": 82
        }
    ],
    "name": "metro",
    "transfers": [
        [
            28,
            48,
            120,
            true
        ],
        [
            13,
            28,
            120,
            true
        ],
        [
            13,
            48,
            120,
            true
        ],
        [
            10,
            61,
            120,
            true
        ],
        [
            3,
            75,
            120,
            true
        ],
        [
            3,
            84,
            0,
            true
        ],
        [
            10,
            88,
            120,
            true
        ],
        [
            61,
            88,
            120,
            true
        ],
        [
            39,
            59,
            120,
            true
        ],
        [
            62,
            30,
            120,
            true
        ],
        [
            26,
            46,
            120,
            true
        ],
        [
            36,
            56,
            120,
            true
        ],
        [
            7,
            34,
            120,
            true
        ],
        [
            75,
            84,
            0,
            true
        ],
        [
            23,
            43,
            120,
            true
        ],
        [
            38,
            58,
            120,
            true
        ],
        [
            22,
            42,
            120,
            true
        ],
        [
            37,
            57,
            120,
            true
        ],
        [
            81,
            93,
            120,
            true
        ],
        [
            27,
            47,
            120,
            true
        ],
        [
            68,
            96,
            120,
            true
        ],
        [
            35,
            55,
            120,
            true
        ],
        [
            40,
            60,
            120,
            true
        ],
        [
            24,
            44,
            120,
            true
        ],
        [
            25,
            45,
            120,
            true
        ],
        [
            67,
            71,
            120,
            true
        ],
        [
            89,
            52,
            120,
            true
        ],
        [
            78,
            79,
            120,
            true
        ],
        [
            21,
            41,
            120,
            true
        ]
    ],
    "type_name": "Метро"
}