{
    "0": "Central",
    "1": "Galeria",
    "2": "102 Sul",
    "3": "104 Sul",
    "4": "106 Sul",
    "5": "108 Sul",
    "6": "110 Sul",
    "7": "112 Sul",
    "8": "114 Sul",
    "9": "Asa Sul",
    "10": "Shopping",
    "11": "Feira do Guara",
    "12": "Guara",
    "13": "Arniqueiras",
    "14": "Aguas Claras",
    "15": "Taguatinga Sul",
    "16": "Furnas",
    "17": "Samambaia Sul",
    "18": "Terminal Samambaia",
    "19": "Orange Line",
    "20": "Concessionarias",
    "21": "Estrada Parque",
    "22": "Praca de Relogio",
    "23": "Onoyama",
    "24": "Centro Metropolitano",
    "25": "Ceilandia Sul",
    "26": "Guariroba",
    "27": "Ceilandia Centro",
    "28": "Ceilandia Norte",
    "29": "Terminal Ceilandia",
    "30": "Green Line",
    "31": "Metro",
    "32": "ROOT",
    "33": "Shema ot 18.08.2019g.\nAvtor: Dmitrij Varlamov\nInformatsija vzjata s sajta www.urbanrail.net",
    "34": "Imported from http://pmetro.su"
}