{
    "default_transports": [
        "metro"
    ],
    "height": 940,
    "images": [
        "res/schemes/c.svg"
    ],
    "is_vector": true,
    "lines": [
        {
            "labels_bg_color": "-1",
            "labels_color": "000000",
            "line_color": "04A468",
            "line_width": 9,
            "name": "A",
            "segments": [],
            "stations": [
                {
                    "coord": null,
                    "is_working": true,
                    "name": "Nemocnice Motol",
                    "rect": null,
                    "text_id": 0,
                    "uid": 0
                },
                {
                    "coord": null,
                    "is_working": true,
                    "name": "Petriny",
                    "rect": null,
                    "text_id": 1,
                    "uid": 1
                },
                {
                    "coord": null,
                    "is_working": true,
                    "name": "Nadrazi Valeslavin",
                    "rect": null,
                    "text_id": 2,
                    "uid": 2
                },
                {
                    "coord": null,
                    "is_working": true,
                    "name": "Borislavka",
                    "rect": null,
                    "text_id": 3,
                    "uid": 3
                },
                {
                    "coord": null,
                    "is_working": true,
                    "name": "Dejvicka",
                    "rect": null,
                    "text_id": 4,
                    "uid": 4
                },
                {
                    "coord": null,
                    "is_working": true,
                    "name": "Hradcanska",
                    "rect": null,
                    "text_id": 5,
                    "uid": 5
                },
                {
                    "coord": null,
                    "is_working": true,
                    "name": "Malostranska",
                    "rect": null,
                    "text_id": 6,
                    "uid": 6
                },
                {
                    "coord": null,
                    "is_working": true,
                    "name": "Staromestska",
                    "rect": null,
                    "text_id": 7,
                    "uid": 7
                },
                {
                    "coord": null,
                    "is_working": true,
                    "name": "Mustek",
                    "rect": null,
                    "text_id": 8,
                    "uid": 8
                },
                {
                    "coord": [
                        181,
                        390
                    ],
                    "is_working": true,
                    "name": "Muzeum",
                    "rect": [
                        60,
                        380,
                        100,
                        20
                    ],
                    "text_id": 9,
                    "uid": 9
                },
                {
                    "coord": null,
                    "is_working": true,
                    "name": "Namesti Miru",
                    "rect": null,
                    "text_id": 10,
                    "uid": 10
                },
                {
                    "coord": null,
                    "is_working": true,
                    "name": "Jirihi z Poderab",
                    "rect": null,
                    "text_id": 11,
                    "uid": 11
                },
                {
                    "coord": null,
                    "is_working": true,
                    "name": "Flora",
                    "rect": null,
                    "text_id": 12,
                    "uid": 12
                },
                {
                    "coord": null,
                    "is_working": true,
                    "name": "Zelivskeho",
                    "rect": null,
                    "text_id": 13,
                    "uid": 13
                },
                {
                    "coord": null,
                    "is_working": true,
                    "name": "Strasnicka",
                    "rect": null,
                    "text_id": 14,
                    "uid": 14
                },
                {
                    "coord": null,
                    "is_working": true,
                    "name": "Skalka",
                    "rect": null,
                    "text_id": 15,
                    "uid": 15
                },
                {
                    "coord": null,
                    "is_working": true,
                    "name": "Depo Hostivar",
                    "rect": null,
                    "text_id": 16,
                    "uid": 16
                }
            ],
            "text_id": 17
        },
        {
            "labels_bg_color": "-1",
            "labels_color": "000000",
            "line_color": "F49E01",
            "line_width": 9,
            "name": "B",
            "segments": [],
            "stations": [
                {
                    "coord": null,
                    "is_working": true,
                    "name": "Zlicin",
                    "rect": null,
                    "text_id": 18,
                    "uid": 17
                },
                {
                    "coord": null,
                    "is_working": true,
                    "name": "Stodulky",
                    "rect": null,
                    "text_id": 19,
                    "uid": 18
                },
                {
                    "coord": null,
                    "is_working": true,
                    "name": "Luka",
                    "rect": null,
                    "text_id": 20,
                    "uid": 19
                },
                {
                    "coord": null,
                    "is_working": true,
                    "name": "Luziny",
                    "rect": null,
                    "text_id": 21,
                    "uid": 20
                },
                {
                    "coord": null,
                    "is_working": true,
                    "name": "Hurka",
                    "rect": null,
                    "text_id": 22,
                    "uid": 21
                },
                {
                    "coord": null,
                    "is_working": true,
                    "name": "Nove Butovice",
                    "rect": null,
                    "text_id": 23,
                    "uid": 22
                },
                {
                    "coord": null,
                    "is_working": true,
                    "name": "Jinonice",
                    "rect": null,
                    "text_id": 24,
                    "uid": 23
                },
                {
                    "coord": null,
                    "is_working": true,
                    "name": "Radlicka",
                    "rect": null,
                    "text_id": 25,
                    "uid": 24
                },
                {
                    "coord": null,
                    "is_working": true,
                    "name": "Smichovske nadrazi",
                    "rect": null,
                    "text_id": 26,
                    "uid": 25
                },
                {
                    "coord": null,
                    "is_working": true,
                    "name": "Andel",
                    "rect": null,
                    "text_id": 27,
                    "uid": 26
                },
                {
                    "coord": null,
                    "is_working": true,
                    "name": "Karlovo namesti",
                    "rect": null,
                    "text_id": 28,
                    "uid": 27
                },
                {
                    "coord": null,
                    "is_working": false,
                    "name": "Narodni trida",
                    "rect": null,
                    "text_id": 29,
                    "uid": 28
                },
                {
                    "coord": null,
                    "is_working": true,
                    "name": "Mustek",
                    "rect": null,
                    "text_id": 8,
                    "uid": 29
                },
                {
                    "coord": null,
                    "is_working": true,
                    "name": "Namesti Republiky",
                    "rect": null,
                    "text_id": 30,
                    "uid": 30
                },
                {
                    "coord": [
                        181,
                        310
                    ],
                    "is_working": true,
                    "name": "Florenc",
                    "rect": [
                        60,
                        300,
                        100,
                        20
                    ],
                    "text_id": 31,
                    "uid": 31
                },
                {
                    "coord": null,
                    "is_working": true,
                    "name": "Krizikova",
                    "rect": null,
                    "text_id": 32,
                    "uid": 32
                },
                {
                    "coord": null,
                    "is_working": true,
                    "name": "Invalidovna",
                    "rect": null,
                    "text_id": 33,
                    "uid": 33
                },
                {
                    "coord": null,
                    "is_working": true,
                    "name": "Palmovka",
                    "rect": null,
                    "text_id": 34,
                    "uid": 34
                },
                {
                    "coord": null,
                    "is_working": true,
                    "name": "Ceskomoravska",
                    "rect": null,
                    "text_id": 35,
                    "uid": 35
                },
                {
                    "coord": null,
                    "is_working": true,
                    "name": "Vysocanska",
                    "rect": null,
                    "text_id": 36,
                    "uid": 36
                },
                {
                    "coord": null,
                    "is_working": true,
                    "name": "Kolbenova",
                    "rect": null,
                    "text_id": 37,
                    "uid": 37
                },
                {
                    "coord": null,
                    "is_working": true,
                    "name": "Hloubetin",
                    "rect": null,
                    "text_id": 38,
                    "uid": 38
                },
                {
                    "coord": null,
                    "is_working": true,
                    "name": "Rajska zahrada",
                    "rect": null,
                    "text_id": 39,
                    "uid": 39
                },
                {
                    "coord": null,
                    "is_working": true,
                    "name": "Cerny most",
                    "rect": null,
                    "text_id": 40,
                    "uid": 40
                }
            ],
            "text_id": 41
        },
        {
            "labels_bg_color": "-1",
            "labels_color": "000000",
            "line_color": "E45C44",
            "line_width": 9,
            "name": "C",
            "segments": [
                [
                    41,
                    42,
                    [
                        [
                            200,
                            70
                        ],
                        [
                            200,
                            30
                        ]
                    ],
                    true
                ],
                [
                    42,
                    43,
                    [
                        [
                            200,
                            110
                        ],
                        [
                            200,
                            70
                        ]
                    ],
                    true
                ],
                [
                    43,
                    44,
                    [
                        [
                            200,
                            150
                        ],
                        [
                            200,
                            110
                        ]
                    ],
                    true
                ],
                [
                    44,
                    45,
                    [
                        [
                            200,
                            190
                        ],
                        [
                            200,
                            150
                        ]
                    ],
                    true
                ],
                [
                    45,
                    46,
                    [
                        [
                            200,
                            230
                        ],
                        [
                            200,
                            190
                        ]
                    ],
                    true
                ],
                [
                    46,
                    47,
                    [
                        [
                            200,
                            270
                        ],
                        [
                            200,
                            230
                        ]
                    ],
                    true
                ],
                [
                    47,
                    48,
                    [
                        [
                            200,
                            310
                        ],
                        [
                            200,
                            270
                        ]
                    ],
                    true
                ],
                [
                    48,
                    49,
                    [
                        [
                            200,
                            350
                        ],
                        [
                            200,
                            310
                        ]
                    ],
                    true
                ],
                [
                    49,
                    50,
                    [
                        [
                            200,
                            390
                        ],
                        [
                            200,
                            350
                        ]
                    ],
                    true
                ],
                [
                    50,
                    51,
                    [
                        [
                            200,
                            430
                        ],
                        [
                            200,
                            390
                        ]
                    ],
                    true
                ],
                [
                    51,
                    52,
                    [
                        [
                            200,
                            470
                        ],
                        [
                            200,
                            430
                        ]
                    ],
                    true
                ],
                [
                    52,
                    53,
                    [
                        [
                            200,
                            510
                        ],
                        [
                            200,
                            470
                        ]
                    ],
                    true
                ],
                [
                    53,
                    54,
                    [
                        [
                            200,
                            550
                        ],
                        [
                            200,
                            510
                        ]
                    ],
                    true
                ],
                [
                    54,
                    55,
                    [
                        [
                            200,
                            590
                        ],
                        [
                            200,
                            550
                        ]
                    ],
                    true
                ],
                [
                    55,
                    56,
                    [
                        [
                            200,
                            630
                        ],
                        [
                            200,
                            590
                        ]
                    ],
                    true
                ],
                [
                    56,
                    57,
                    [
                        [
                            200,
                            670
                        ],
                        [
                            200,
                            630
                        ]
                    ],
                    true
                ],
                [
                    57,
                    58,
                    [
                        [
                            200,
                            710
                        ],
                        [
                            200,
                            670
                        ]
                    ],
                    true
                ],
                [
                    58,
                    59,
                    [
                        [
                            200,
                            750
                        ],
                        [
                            200,
                            710
                        ]
                    ],
                    true
                ],
                [
                    59,
                    60,
                    [
                        [
                            200,
                            790
                        ],
                        [
                            200,
                            750
                        ]
                    ],
                    true
                ]
            ],
            "stations": [
                {
                    "coord": [
                        200,
                        30
                    ],
                    "is_working": true,
                    "name": "Letnany",
                    "rect": [
                        215,
                        19,
                        100,
                        20
                    ],
                    "text_id": 42,
                    "uid": 41
                },
                {
                    "coord": [
                        200,
                        70
                    ],
                    "is_working": true,
                    "name": "Prosek",
                    "rect": [
                        215,
                        61,
                        100,
                        20
                    ],
                    "text_id": 43,
                    "uid": 42
                },
                {
                    "coord": [
                        200,
                        110
                    ],
                    "is_working": true,
                    "name": "Strizkov",
                    "rect": [
                        215,
                        101,
                        100,
                        20
                    ],
                    "text_id": 44,
                    "uid": 43
                },
                {
                    "coord": [
                        200,
                        150
                    ],
                    "is_working": true,
                    "name": "Ladvi",
                    "rect": [
                        215,
                        140,
                        100,
                        20
                    ],
                    "text_id": 45,
                    "uid": 44
                },
                {
                    "coord": [
                        200,
                        190
                    ],
                    "is_working": true,
                    "name": "Kobylisy",
                    "rect": [
                        215,
                        180,
                        100,
                        20
                    ],
                    "text_id": 46,
                    "uid": 45
                },
                {
                    "coord": [
                        200,
                        230
                    ],
                    "is_working": true,
                    "name": "Nadrazi Holesovice",
                    "rect": [
                        215,
                        220,
                        100,
                        20
                    ],
                    "text_id": 47,
                    "uid": 46
                },
                {
                    "coord": [
                        200,
                        270
                    ],
                    "is_working": true,
                    "name": "Vltavska",
                    "rect": [
                        215,
                        260,
                        100,
                        20
                    ],
                    "text_id": 48,
                    "uid": 47
                },
                {
                    "coord": [
                        200,
                        310
                    ],
                    "is_working": true,
                    "name": "Florenc",
                    "rect": [
                        215,
                        300,
                        100,
                        20
                    ],
                    "text_id": 31,
                    "uid": 48
                },
                {
                    "coord": [
                        200,
                        350
                    ],
                    "is_working": true,
                    "name": "Hlavni nadrazi",
                    "rect": [
                        215,
                        340,
                        100,
                        20
                    ],
                    "text_id": 49,
                    "uid": 49
                },
                {
                    "coord": [
                        200,
                        390
                    ],
                    "is_working": true,
                    "name": "Muzeum",
                    "rect": [
                        215,
                        380,
                        100,
                        20
                    ],
                    "text_id": 9,
                    "uid": 50
                },
                {
                    "coord": [
                        200,
                        430
                    ],
                    "is_working": true,
                    "name": "I.P.Pavlova",
                    "rect": [
                        215,
                        420,
                        100,
                        20
                    ],
                    "text_id": 50,
                    "uid": 51
                },
                {
                    "coord": [
                        200,
                        470
                    ],
                    "is_working": true,
                    "name": "Vysehrad",
                    "rect": [
                        215,
                        460,
                        100,
                        20
                    ],
                    "text_id": 51,
                    "uid": 52
                },
                {
                    "coord": [
                        200,
                        510
                    ],
                    "is_working": true,
                    "name": "Prazskeho povstani",
                    "rect": [
                        215,
                        500,
                        100,
                        20
                    ],
                    "text_id": 52,
                    "uid": 53
                },
                {
                    "coord": [
                        200,
                        550
                    ],
                    "is_working": true,
                    "name": "Pankrac",
                    "rect": [
                        215,
                        540,
                        100,
                        20
                    ],
                    "text_id": 53,
                    "uid": 54
                },
                {
                    "coord": [
                        200,
                        590
                    ],
                    "is_working": true,
                    "name": "Budejovicka",
                    "rect": [
                        215,
                        580,
                        100,
                        20
                    ],
                    "text_id": 54,
                    "uid": 55
                },
                {
                    "coord": [
                        200,
                        630
                    ],
                    "is_working": true,
                    "name": "Kacerov",
                    "rect": [
                        215,
                        620,
                        100,
                        20
                    ],
                    "text_id": 55,
                    "uid": 56
                },
                {
                    "coord": [
                        200,
                        670
                    ],
                    "is_working": true,
                    "name": "Roztyly",
                    "rect": [
                        215,
                        660,
                        100,
                        20
                    ],
                    "text_id": 56,
                    "uid": 57
                },
                {
                    "coord": [
                        200,
                        710
                    ],
                    "is_working": true,
                    "name": "Chodov",
                    "rect": [
                        215,
                        700,
                        100,
                        20
                    ],
                    "text_id": 57,
                    "uid": 58
                },
                {
                    "coord": [
                        200,
                        750
                    ],
                    "is_working": true,
                    "name": "Opatov",
                    "rect": [
                        215,
                        740,
                        100,
                        20
                    ],
                    "text_id": 58,
                    "uid": 59
                },
                {
                    "coord": [
                        200,
                        790
                    ],
                    "is_working": true,
                    "name": "Haje",
                    "rect": [
                        215,
                        780,
                        100,
                        20
                    ],
                    "text_id": 59,
                    "uid": 60
                }
            ],
            "text_id": 60
        }
    ],
    "lines_width": 9,
    "name": "c",
    "name_text_id": 60,
    "stations_diameter": 16.0,
    "transfers": [
        [
            8,
            29,
            null,
            null
        ],
        [
            9,
            50,
            [
                181,
                390
            ],
            [
                200,
                390
            ]
        ],
        [
            31,
            48,
            [
                181,
                310
            ],
            [
                200,
                310
            ]
        ]
    ],
    "transports": [
        "metro"
    ],
    "type_name": "Метро",
    "type_text_id": 63,
    "upper_case": true,
    "width": 350,
    "word_wrap": true
}