{
    "default_transports": [
        "metro"
    ],
    "height": 649,
    "images": [
        "res/schemes/praha.svg"
    ],
    "is_vector": true,
    "lines": [
        {
            "labels_bg_color": "-1",
            "labels_color": "04A468",
            "line_color": "04A468",
            "line_width": 11,
            "name": "A",
            "segments": [
                [
                    0,
                    1,
                    [
                        [
                            99,
                            179
                        ],
                        [
                            99,
                            208
                        ]
                    ],
                    true
                ],
                [
                    1,
                    2,
                    [
                        [
                            109,
                            148
                        ],
                        [
                            99.0,
                            158.0
                        ],
                        [
                            99,
                            179
                        ]
                    ],
                    true
                ],
                [
                    2,
                    3,
                    [
                        [
                            142,
                            138
                        ],
                        [
                            119.0,
                            138.0
                        ],
                        [
                            109,
                            148
                        ]
                    ],
                    true
                ],
                [
                    3,
                    4,
                    [
                        [
                            191,
                            138
                        ],
                        [
                            142,
                            138
                        ]
                    ],
                    true
                ],
                [
                    4,
                    5,
                    [
                        [
                            223,
                            145
                        ],
                        [
                            216.0,
                            138.0
                        ],
                        [
                            191,
                            138
                        ]
                    ],
                    true
                ],
                [
                    5,
                    6,
                    [
                        [
                            238,
                            215
                        ],
                        [
                            231.0,
                            208.0
                        ],
                        [
                            231.0,
                            153.0
                        ],
                        [
                            223,
                            145
                        ]
                    ],
                    true
                ],
                [
                    6,
                    7,
                    [
                        [
                            300,
                            223
                        ],
                        [
                            246.0,
                            223.0
                        ],
                        [
                            238,
                            215
                        ]
                    ],
                    true
                ],
                [
                    7,
                    8,
                    [
                        [
                            359,
                            252
                        ],
                        [
                            330.0,
                            223.0
                        ],
                        [
                            300,
                            223
                        ]
                    ],
                    true
                ],
                [
                    8,
                    9,
                    [
                        [
                            390,
                            283
                        ],
                        [
                            359,
                            252
                        ]
                    ],
                    true
                ],
                [
                    9,
                    10,
                    [
                        [
                            457,
                            323
                        ],
                        [
                            430.0,
                            323.0
                        ],
                        [
                            390,
                            283
                        ]
                    ],
                    true
                ],
                [
                    10,
                    11,
                    [
                        [
                            504,
                            312
                        ],
                        [
                            489.0,
                            312.0
                        ],
                        [
                            478.0,
                            323.0
                        ],
                        [
                            457,
                            323
                        ]
                    ],
                    true
                ],
                [
                    11,
                    12,
                    [
                        [
                            551,
                            312
                        ],
                        [
                            504,
                            312
                        ]
                    ],
                    true
                ],
                [
                    12,
                    13,
                    [
                        [
                            597,
                            312
                        ],
                        [
                            551,
                            312
                        ]
                    ],
                    true
                ],
                [
                    13,
                    14,
                    [
                        [
                            641,
                            340
                        ],
                        [
                            613.0,
                            312.0
                        ],
                        [
                            597,
                            312
                        ]
                    ],
                    true
                ],
                [
                    14,
                    15,
                    [
                        [
                            689,
                            359
                        ],
                        [
                            660.0,
                            359.0
                        ],
                        [
                            641,
                            340
                        ]
                    ],
                    true
                ],
                [
                    15,
                    16,
                    [
                        [
                            737,
                            359
                        ],
                        [
                            689,
                            359
                        ]
                    ],
                    true
                ]
            ],
            "stations": [
                {
                    "coord": [
                        99,
                        208
                    ],
                    "is_working": true,
                    "name": "Nemocnice Motol",
                    "rect": [
                        28,
                        195,
                        60,
                        28
                    ],
                    "text_id": 0,
                    "uid": 0
                },
                {
                    "coord": [
                        99,
                        179
                    ],
                    "is_working": true,
                    "name": "Petriny",
                    "rect": [
                        51,
                        171,
                        37,
                        15
                    ],
                    "text_id": 1,
                    "uid": 1
                },
                {
                    "coord": [
                        109,
                        148
                    ],
                    "is_working": true,
                    "name": "Nadrazi Valeslavin",
                    "rect": [
                        40,
                        132,
                        54,
                        28
                    ],
                    "text_id": 2,
                    "uid": 2
                },
                {
                    "coord": [
                        142,
                        138
                    ],
                    "is_working": true,
                    "name": "Borislavka",
                    "rect": [
                        102,
                        113,
                        56,
                        15
                    ],
                    "text_id": 3,
                    "uid": 3
                },
                {
                    "coord": [
                        191,
                        138
                    ],
                    "is_working": true,
                    "name": "Dejvicka",
                    "rect": [
                        171,
                        113,
                        46,
                        15
                    ],
                    "text_id": 4,
                    "uid": 4
                },
                {
                    "coord": [
                        223,
                        145
                    ],
                    "is_working": true,
                    "name": "Hradcanska",
                    "rect": [
                        233,
                        132,
                        62,
                        15
                    ],
                    "text_id": 5,
                    "uid": 5
                },
                {
                    "coord": [
                        238,
                        215
                    ],
                    "is_working": true,
                    "name": "Malostranska",
                    "rect": [
                        159,
                        214,
                        69,
                        15
                    ],
                    "text_id": 6,
                    "uid": 6
                },
                {
                    "coord": [
                        300,
                        223
                    ],
                    "is_working": true,
                    "name": "Staromestska",
                    "rect": [
                        262,
                        198,
                        70,
                        15
                    ],
                    "text_id": 7,
                    "uid": 7
                },
                {
                    "coord": [
                        359,
                        252
                    ],
                    "is_working": true,
                    "name": "Mustek",
                    "rect": [
                        371,
                        242,
                        38,
                        15
                    ],
                    "text_id": 8,
                    "uid": 8
                },
                {
                    "coord": [
                        390,
                        283
                    ],
                    "is_working": true,
                    "name": "Muzeum",
                    "rect": [
                        341,
                        287,
                        43,
                        15
                    ],
                    "text_id": 9,
                    "uid": 9
                },
                {
                    "coord": [
                        457,
                        323
                    ],
                    "is_working": true,
                    "name": "Namesti Miru",
                    "rect": [
                        440,
                        333,
                        45,
                        28
                    ],
                    "text_id": 10,
                    "uid": 10
                },
                {
                    "coord": [
                        504,
                        312
                    ],
                    "is_working": true,
                    "name": "Jirihi z Poderab",
                    "rect": [
                        484,
                        275,
                        51,
                        28
                    ],
                    "text_id": 11,
                    "uid": 11
                },
                {
                    "coord": [
                        551,
                        312
                    ],
                    "is_working": true,
                    "name": "Flora",
                    "rect": [
                        538,
                        322,
                        27,
                        15
                    ],
                    "text_id": 12,
                    "uid": 12
                },
                {
                    "coord": [
                        597,
                        312
                    ],
                    "is_working": true,
                    "name": "Zelivskeho",
                    "rect": [
                        575,
                        287,
                        56,
                        15
                    ],
                    "text_id": 13,
                    "uid": 13
                },
                {
                    "coord": [
                        641,
                        340
                    ],
                    "is_working": true,
                    "name": "Strasnicka",
                    "rect": [
                        651,
                        321,
                        55,
                        15
                    ],
                    "text_id": 14,
                    "uid": 14
                },
                {
                    "coord": [
                        689,
                        359
                    ],
                    "is_working": true,
                    "name": "Skalka",
                    "rect": [
                        671,
                        369,
                        36,
                        15
                    ],
                    "text_id": 15,
                    "uid": 15
                },
                {
                    "coord": [
                        737,
                        359
                    ],
                    "is_working": true,
                    "name": "Depo Hostivar",
                    "rect": [
                        726,
                        320,
                        44,
                        28
                    ],
                    "text_id": 16,
                    "uid": 16
                }
            ],
            "text_id": 17
        },
        {
            "labels_bg_color": "-1",
            "labels_color": "F49E01",
            "line_color": "F49E01",
            "line_width": 11,
            "name": "B",
            "segments": [
                [
                    17,
                    18,
                    [
                        [
                            46,
                            402
                        ],
                        [
                            26.0,
                            382.0
                        ],
                        [
                            13,
                            382
                        ]
                    ],
                    true
                ],
                [
                    18,
                    19,
                    [
                        [
                            68,
                            424
                        ],
                        [
                            46,
                            402
                        ]
                    ],
                    true
                ],
                [
                    19,
                    20,
                    [
                        [
                            103,
                            433
                        ],
                        [
                            77.0,
                            433.0
                        ],
                        [
                            68,
                            424
                        ]
                    ],
                    true
                ],
                [
                    20,
                    21,
                    [
                        [
                            134,
                            433
                        ],
                        [
                            103,
                            433
                        ]
                    ],
                    true
                ],
                [
                    21,
                    22,
                    [
                        [
                            166,
                            433
                        ],
                        [
                            134,
                            433
                        ]
                    ],
                    true
                ],
                [
                    22,
                    23,
                    [
                        [
                            196,
                            433
                        ],
                        [
                            166,
                            433
                        ]
                    ],
                    true
                ],
                [
                    23,
                    24,
                    [
                        [
                            225,
                            433
                        ],
                        [
                            196,
                            433
                        ]
                    ],
                    true
                ],
                [
                    24,
                    25,
                    [
                        [
                            252,
                            399
                        ],
                        [
                            252.0,
                            418.0
                        ],
                        [
                            237.0,
                            433.0
                        ],
                        [
                            225,
                            433
                        ]
                    ],
                    true
                ],
                [
                    25,
                    26,
                    [
                        [
                            260,
                            363
                        ],
                        [
                            252.0,
                            371.0
                        ],
                        [
                            252,
                            399
                        ]
                    ],
                    true
                ],
                [
                    26,
                    27,
                    [
                        [
                            322,
                            345
                        ],
                        [
                            313.0,
                            354.0
                        ],
                        [
                            269.0,
                            354.0
                        ],
                        [
                            260,
                            363
                        ]
                    ],
                    true
                ],
                [
                    27,
                    28,
                    [
                        [
                            330,
                            281
                        ],
                        [
                            330.0,
                            337.0
                        ],
                        [
                            322,
                            345
                        ]
                    ],
                    false
                ],
                [
                    27,
                    29,
                    [
                        [
                            343,
                            252
                        ],
                        [
                            330.0,
                            265.0
                        ],
                        [
                            330.0,
                            337.0
                        ],
                        [
                            322,
                            345
                        ]
                    ],
                    true
                ],
                [
                    28,
                    29,
                    [
                        [
                            343,
                            252
                        ],
                        [
                            330.0,
                            265.0
                        ],
                        [
                            330,
                            281
                        ]
                    ],
                    false
                ],
                [
                    29,
                    30,
                    [
                        [
                            393,
                            228
                        ],
                        [
                            367.0,
                            228.0
                        ],
                        [
                            343,
                            252
                        ]
                    ],
                    true
                ],
                [
                    30,
                    31,
                    [
                        [
                            464,
                            228
                        ],
                        [
                            393,
                            228
                        ]
                    ],
                    true
                ],
                [
                    31,
                    32,
                    [
                        [
                            510,
                            228
                        ],
                        [
                            464,
                            228
                        ]
                    ],
                    true
                ],
                [
                    32,
                    33,
                    [
                        [
                            557,
                            193
                        ],
                        [
                            522.0,
                            228.0
                        ],
                        [
                            510,
                            228
                        ]
                    ],
                    true
                ],
                [
                    33,
                    34,
                    [
                        [
                            605,
                            145
                        ],
                        [
                            557,
                            193
                        ]
                    ],
                    true
                ],
                [
                    34,
                    35,
                    [
                        [
                            651,
                            118
                        ],
                        [
                            632.0,
                            118.0
                        ],
                        [
                            605,
                            145
                        ]
                    ],
                    true
                ],
                [
                    35,
                    36,
                    [
                        [
                            679,
                            118
                        ],
                        [
                            651,
                            118
                        ]
                    ],
                    true
                ],
                [
                    36,
                    37,
                    [
                        [
                            708,
                            118
                        ],
                        [
                            679,
                            118
                        ]
                    ],
                    true
                ],
                [
                    37,
                    38,
                    [
                        [
                            736,
                            118
                        ],
                        [
                            708,
                            118
                        ]
                    ],
                    true
                ],
                [
                    38,
                    39,
                    [
                        [
                            764,
                            118
                        ],
                        [
                            736,
                            118
                        ]
                    ],
                    true
                ],
                [
                    39,
                    40,
                    [
                        [
                            793,
                            118
                        ],
                        [
                            764,
                            118
                        ]
                    ],
                    true
                ]
            ],
            "stations": [
                {
                    "coord": [
                        13,
                        382
                    ],
                    "is_working": true,
                    "name": "Zlicin",
                    "rect": [
                        5,
                        342,
                        15,
                        29
                    ],
                    "text_id": 18,
                    "uid": 17
                },
                {
                    "coord": [
                        46,
                        402
                    ],
                    "is_working": true,
                    "name": "Stodulky",
                    "rect": [
                        43,
                        346,
                        15,
                        45
                    ],
                    "text_id": 19,
                    "uid": 18
                },
                {
                    "coord": [
                        68,
                        424
                    ],
                    "is_working": true,
                    "name": "Luka",
                    "rect": [
                        65,
                        387,
                        15,
                        26
                    ],
                    "text_id": 20,
                    "uid": 19
                },
                {
                    "coord": [
                        103,
                        433
                    ],
                    "is_working": true,
                    "name": "Luziny",
                    "rect": [
                        95,
                        388,
                        15,
                        34
                    ],
                    "text_id": 21,
                    "uid": 20
                },
                {
                    "coord": [
                        134,
                        433
                    ],
                    "is_working": true,
                    "name": "Hurka",
                    "rect": [
                        127,
                        390,
                        15,
                        32
                    ],
                    "text_id": 22,
                    "uid": 21
                },
                {
                    "coord": [
                        166,
                        433
                    ],
                    "is_working": true,
                    "name": "Nove Butovice",
                    "rect": [
                        158,
                        347,
                        15,
                        75
                    ],
                    "text_id": 23,
                    "uid": 22
                },
                {
                    "coord": [
                        196,
                        433
                    ],
                    "is_working": true,
                    "name": "Jinonice",
                    "rect": [
                        188,
                        378,
                        15,
                        44
                    ],
                    "text_id": 24,
                    "uid": 23
                },
                {
                    "coord": [
                        225,
                        433
                    ],
                    "is_working": true,
                    "name": "Radlicka",
                    "rect": [
                        217,
                        376,
                        15,
                        46
                    ],
                    "text_id": 25,
                    "uid": 24
                },
                {
                    "coord": [
                        252,
                        399
                    ],
                    "is_working": true,
                    "name": "Smichovske nadrazi",
                    "rect": [
                        263,
                        386,
                        65,
                        28
                    ],
                    "text_id": 26,
                    "uid": 25
                },
                {
                    "coord": [
                        260,
                        363
                    ],
                    "is_working": true,
                    "name": "Andel",
                    "rect": [
                        219,
                        350,
                        31,
                        15
                    ],
                    "text_id": 27,
                    "uid": 26
                },
                {
                    "coord": [
                        322,
                        345
                    ],
                    "is_working": true,
                    "name": "Karlovo namesti",
                    "rect": [
                        271,
                        313,
                        43,
                        28
                    ],
                    "text_id": 28,
                    "uid": 27
                },
                {
                    "coord": [
                        330,
                        281
                    ],
                    "is_working": false,
                    "name": "Narodni trida",
                    "rect": [
                        277,
                        266,
                        43,
                        28
                    ],
                    "text_id": 29,
                    "uid": 28
                },
                {
                    "coord": [
                        343,
                        252
                    ],
                    "is_working": true,
                    "name": "Mustek",
                    "rect": [
                        293,
                        240,
                        38,
                        15
                    ],
                    "text_id": 8,
                    "uid": 29
                },
                {
                    "coord": [
                        393,
                        228
                    ],
                    "is_working": true,
                    "name": "Namesti Republiky",
                    "rect": [
                        341,
                        191,
                        52,
                        28
                    ],
                    "text_id": 30,
                    "uid": 30
                },
                {
                    "coord": [
                        464,
                        228
                    ],
                    "is_working": true,
                    "name": "Florenc",
                    "rect": [
                        460,
                        204,
                        39,
                        15
                    ],
                    "text_id": 31,
                    "uid": 31
                },
                {
                    "coord": [
                        510,
                        228
                    ],
                    "is_working": true,
                    "name": "Krizikova",
                    "rect": [
                        488,
                        238,
                        49,
                        15
                    ],
                    "text_id": 32,
                    "uid": 32
                },
                {
                    "coord": [
                        557,
                        193
                    ],
                    "is_working": true,
                    "name": "Invalidovna",
                    "rect": [
                        559,
                        205,
                        59,
                        15
                    ],
                    "text_id": 33,
                    "uid": 33
                },
                {
                    "coord": [
                        605,
                        145
                    ],
                    "is_working": true,
                    "name": "Palmovka",
                    "rect": [
                        544,
                        126,
                        51,
                        15
                    ],
                    "text_id": 34,
                    "uid": 34
                },
                {
                    "coord": [
                        651,
                        118
                    ],
                    "is_working": true,
                    "name": "Ceskomoravska",
                    "rect": [
                        643,
                        130,
                        15,
                        83
                    ],
                    "text_id": 35,
                    "uid": 35
                },
                {
                    "coord": [
                        679,
                        118
                    ],
                    "is_working": true,
                    "name": "Vysocanska",
                    "rect": [
                        672,
                        130,
                        15,
                        63
                    ],
                    "text_id": 36,
                    "uid": 36
                },
                {
                    "coord": [
                        708,
                        118
                    ],
                    "is_working": true,
                    "name": "Kolbenova",
                    "rect": [
                        700,
                        130,
                        15,
                        55
                    ],
                    "text_id": 37,
                    "uid": 37
                },
                {
                    "coord": [
                        736,
                        118
                    ],
                    "is_working": true,
                    "name": "Hloubetin",
                    "rect": [
                        729,
                        130,
                        15,
                        49
                    ],
                    "text_id": 38,
                    "uid": 38
                },
                {
                    "coord": [
                        764,
                        118
                    ],
                    "is_working": true,
                    "name": "Rajska zahrada",
                    "rect": [
                        758,
                        130,
                        15,
                        79
                    ],
                    "text_id": 39,
                    "uid": 39
                },
                {
                    "coord": [
                        793,
                        118
                    ],
                    "is_working": true,
                    "name": "Cerny most",
                    "rect": [
                        785,
                        130,
                        15,
                        59
                    ],
                    "text_id": 40,
                    "uid": 40
                }
            ],
            "text_id": 41
        },
        {
            "labels_bg_color": "-1",
            "labels_color": "E45C44",
            "line_color": "E45C44",
            "line_width": 11,
            "name": "C",
            "segments": [
                [
                    41,
                    42,
                    [
                        [
                            609,
                            58
                        ],
                        [
                            655,
                            58
                        ]
                    ],
                    true
                ],
                [
                    42,
                    43,
                    [
                        [
                            579,
                            36
                        ],
                        [
                            601.0,
                            58.0
                        ],
                        [
                            609,
                            58
                        ]
                    ],
                    true
                ],
                [
                    43,
                    44,
                    [
                        [
                            537,
                            22
                        ],
                        [
                            565.0,
                            22.0
                        ],
                        [
                            579,
                            36
                        ]
                    ],
                    true
                ],
                [
                    44,
                    45,
                    [
                        [
                            476,
                            22
                        ],
                        [
                            537,
                            22
                        ]
                    ],
                    true
                ],
                [
                    45,
                    46,
                    [
                        [
                            448,
                            111
                        ],
                        [
                            448.0,
                            33.0
                        ],
                        [
                            459.0,
                            22.0
                        ],
                        [
                            476,
                            22
                        ]
                    ],
                    true
                ],
                [
                    46,
                    47,
                    [
                        [
                            448,
                            166
                        ],
                        [
                            448,
                            111
                        ]
                    ],
                    true
                ],
                [
                    47,
                    48,
                    [
                        [
                            448,
                            228
                        ],
                        [
                            448,
                            166
                        ]
                    ],
                    true
                ],
                [
                    48,
                    49,
                    [
                        [
                            424,
                            265
                        ],
                        [
                            448.0,
                            241.0
                        ],
                        [
                            448,
                            228
                        ]
                    ],
                    true
                ],
                [
                    49,
                    50,
                    [
                        [
                            406,
                            283
                        ],
                        [
                            424,
                            265
                        ]
                    ],
                    true
                ],
                [
                    50,
                    51,
                    [
                        [
                            378,
                            350
                        ],
                        [
                            378.0,
                            311.0
                        ],
                        [
                            406,
                            283
                        ]
                    ],
                    true
                ],
                [
                    51,
                    52,
                    [
                        [
                            378,
                            405
                        ],
                        [
                            378,
                            350
                        ]
                    ],
                    true
                ],
                [
                    52,
                    53,
                    [
                        [
                            395,
                            438
                        ],
                        [
                            378.0,
                            421.0
                        ],
                        [
                            378,
                            405
                        ]
                    ],
                    true
                ],
                [
                    53,
                    54,
                    [
                        [
                            421,
                            464
                        ],
                        [
                            395,
                            438
                        ]
                    ],
                    true
                ],
                [
                    54,
                    55,
                    [
                        [
                            448,
                            491
                        ],
                        [
                            421,
                            464
                        ]
                    ],
                    true
                ],
                [
                    55,
                    56,
                    [
                        [
                            490,
                            499
                        ],
                        [
                            456.0,
                            499.0
                        ],
                        [
                            448,
                            491
                        ]
                    ],
                    true
                ],
                [
                    56,
                    57,
                    [
                        [
                            547,
                            499
                        ],
                        [
                            490,
                            499
                        ]
                    ],
                    true
                ],
                [
                    57,
                    58,
                    [
                        [
                            605,
                            499
                        ],
                        [
                            547,
                            499
                        ]
                    ],
                    true
                ],
                [
                    58,
                    59,
                    [
                        [
                            661,
                            499
                        ],
                        [
                            605,
                            499
                        ]
                    ],
                    true
                ],
                [
                    59,
                    60,
                    [
                        [
                            718,
                            499
                        ],
                        [
                            661,
                            499
                        ]
                    ],
                    true
                ]
            ],
            "stations": [
                {
                    "coord": [
                        655,
                        58
                    ],
                    "is_working": true,
                    "name": "Letnany",
                    "rect": [
                        641,
                        68,
                        41,
                        15
                    ],
                    "text_id": 42,
                    "uid": 41
                },
                {
                    "coord": [
                        609,
                        58
                    ],
                    "is_working": true,
                    "name": "Prosek",
                    "rect": [
                        589,
                        68,
                        37,
                        15
                    ],
                    "text_id": 43,
                    "uid": 42
                },
                {
                    "coord": [
                        579,
                        36
                    ],
                    "is_working": true,
                    "name": "Strizkov",
                    "rect": [
                        590,
                        23,
                        42,
                        15
                    ],
                    "text_id": 44,
                    "uid": 43
                },
                {
                    "coord": [
                        537,
                        22
                    ],
                    "is_working": true,
                    "name": "Ladvi",
                    "rect": [
                        523,
                        -3,
                        29,
                        15
                    ],
                    "text_id": 45,
                    "uid": 44
                },
                {
                    "coord": [
                        476,
                        22
                    ],
                    "is_working": true,
                    "name": "Kobylisy",
                    "rect": [
                        462,
                        32,
                        46,
                        15
                    ],
                    "text_id": 46,
                    "uid": 45
                },
                {
                    "coord": [
                        448,
                        111
                    ],
                    "is_working": true,
                    "name": "Nadrazi Holesovice",
                    "rect": [
                        380,
                        101,
                        58,
                        28
                    ],
                    "text_id": 47,
                    "uid": 46
                },
                {
                    "coord": [
                        448,
                        166
                    ],
                    "is_working": true,
                    "name": "Vltavska",
                    "rect": [
                        393,
                        160,
                        45,
                        15
                    ],
                    "text_id": 48,
                    "uid": 47
                },
                {
                    "coord": [
                        448,
                        228
                    ],
                    "is_working": true,
                    "name": "Florenc",
                    "rect": [
                        402,
                        205,
                        39,
                        15
                    ],
                    "text_id": 31,
                    "uid": 48
                },
                {
                    "coord": [
                        424,
                        265
                    ],
                    "is_working": true,
                    "name": "Hlavni nadrazi",
                    "rect": [
                        437,
                        257,
                        38,
                        28
                    ],
                    "text_id": 49,
                    "uid": 49
                },
                {
                    "coord": [
                        406,
                        283
                    ],
                    "is_working": true,
                    "name": "Muzeum",
                    "rect": [
                        418,
                        284,
                        43,
                        15
                    ],
                    "text_id": 9,
                    "uid": 50
                },
                {
                    "coord": [
                        378,
                        350
                    ],
                    "is_working": true,
                    "name": "I.P.Pavlova",
                    "rect": [
                        389,
                        349,
                        58,
                        15
                    ],
                    "text_id": 50,
                    "uid": 51
                },
                {
                    "coord": [
                        378,
                        405
                    ],
                    "is_working": true,
                    "name": "Vysehrad",
                    "rect": [
                        389,
                        397,
                        49,
                        15
                    ],
                    "text_id": 51,
                    "uid": 52
                },
                {
                    "coord": [
                        395,
                        438
                    ],
                    "is_working": true,
                    "name": "Prazskeho povstani",
                    "rect": [
                        328,
                        435,
                        56,
                        28
                    ],
                    "text_id": 52,
                    "uid": 53
                },
                {
                    "coord": [
                        421,
                        464
                    ],
                    "is_working": true,
                    "name": "Pankrac",
                    "rect": [
                        431,
                        451,
                        43,
                        15
                    ],
                    "text_id": 53,
                    "uid": 54
                },
                {
                    "coord": [
                        448,
                        491
                    ],
                    "is_working": true,
                    "name": "Budejovicka",
                    "rect": [
                        373,
                        488,
                        64,
                        15
                    ],
                    "text_id": 54,
                    "uid": 55
                },
                {
                    "coord": [
                        490,
                        499
                    ],
                    "is_working": true,
                    "name": "Kacerov",
                    "rect": [
                        469,
                        473,
                        44,
                        15
                    ],
                    "text_id": 55,
                    "uid": 56
                },
                {
                    "coord": [
                        547,
                        499
                    ],
                    "is_working": true,
                    "name": "Roztyly",
                    "rect": [
                        530,
                        509,
                        39,
                        15
                    ],
                    "text_id": 56,
                    "uid": 57
                },
                {
                    "coord": [
                        605,
                        499
                    ],
                    "is_working": true,
                    "name": "Chodov",
                    "rect": [
                        586,
                        474,
                        40,
                        15
                    ],
                    "text_id": 57,
                    "uid": 58
                },
                {
                    "coord": [
                        661,
                        499
                    ],
                    "is_working": true,
                    "name": "Opatov",
                    "rect": [
                        645,
                        509,
                        37,
                        15
                    ],
                    "text_id": 58,
                    "uid": 59
                },
                {
                    "coord": [
                        718,
                        499
                    ],
                    "is_working": true,
                    "name": "Haje",
                    "rect": [
                        707,
                        473,
                        25,
                        15
                    ],
                    "text_id": 59,
                    "uid": 60
                }
            ],
            "text_id": 60
        }
    ],
    "lines_width": 11,
    "name": "metro",
    "name_text_id": 61,
    "stations_diameter": 17.0,
    "transfers": [
        [
            8,
            29,
            [
                359,
                252
            ],
            [
                343,
                252
            ]
        ],
        [
            9,
            50,
            [
                390,
                283
            ],
            [
                406,
                283
            ]
        ],
        [
            31,
            48,
            [
                464,
                228
            ],
            [
                448,
                228
            ]
        ]
    ],
    "transports": [
        "metro"
    ],
    "type_name": "ROOT",
    "type_text_id": 62,
    "upper_case": true,
    "width": 943,
    "word_wrap": true
}