{
    "0": "Dadaepo Beach",
    "1": "Dadaepo Harbor",
    "2": "Natgae",
    "3": "Sinjangnim",
    "4": "Jangnim",
    "5": "Dongmae",
    "6": "Sinpyeong",
    "7": "Hadan",
    "8": "Dangni",
    "9": "Saha",
    "10": "Goejeong",
    "11": "Daeti",
    "12": "Seodaesin",
    "13": "Dongdaesin",
    "14": "Toseong",
    "15": "Jagalchi",
    "16": "Nampo",
    "17": "Jungang",
    "18": "Busan Station",
    "19": "Choryang",
    "20": "Busanjin",
    "21": "Jwacheon",
    "22": "Beomil",
    "23": "Beomnaegol",
    "24": "Seomyeon",
    "25": "Bujeon",
    "26": "Yangjeong",
    "27": "City Hall",
    "28": "Yeonsan",
    "29": "Busan Nat'l Univ. of Edu.",
    "30": "Dongnae",
    "31": "Myeongnyun",
    "32": "Oncheonjang",
    "33": "Pusan Nat'l Univ.",
    "34": "Jangjeon",
    "35": "Guseo",
    "36": "Dusil",
    "37": "Namsan",
    "38": "Beomeosa",
    "39": "Nopo",
    "40": "1",
    "41": "Jangsan",
    "42": "Jung-dong",
    "43": "Haeundae",
    "44": "Dongbaek",
    "45": "BEXCO",
    "46": "Centum City",
    "47": "Millak",
    "48": "Suyeong",
    "49": "Gwangan",
    "50": "Geumnyeonsan",
    "51": "Namcheon",
    "52": "Kyungsung Univ. - Pukyong Nat'l Univ.",
    "53": "Daeyeon",
    "54": "Motgol",
    "55": "Jigegol",
    "56": "Munhyeon",
    "57": "Busan Int'l Finance Center-Busan Bank",
    "58": "Jeonpo",
    "59": "Buam",
    "60": "Gaya",
    "61": "Dongeui Univ.",
    "62": "Gaegeum",
    "63": "Naengjeong",
    "64": "Jurye",
    "65": "Gamjeon",
    "66": "Sasang",
    "67": "Deokpo",
    "68": "Modeok",
    "69": "Mora",
    "70": "Gunam",
    "71": "Gumyeong",
    "72": "Deokcheon",
    "73": "Sujeong",
    "74": "Hwamyeong",
    "75": "Yulli",
    "76": "Dongwon",
    "77": "Geumgok",
    "78": "Hopo",
    "79": "Jeungsan",
    "80": "Pusan Nat'l Univ. Yangsan Campus",
    "81": "Namyangsan",
    "82": "Yangsan",
    "83": "2",
    "84": "Mangmi",
    "85": "Baesan",
    "86": "Mulmangol",
    "87": "Geoje",
    "88": "Sports Complex",
    "89": "Sajik",
    "90": "Minam",
    "91": "Mandeok",
    "92": "Namsanjeong",
    "93": "Sukdeung",
    "94": "Gupo",
    "95": "Gangseo-gu Office",
    "96": "Sports Park",
    "97": "Daejeo",
    "98": "3",
    "99": "Suan",
    "100": "Nangmin",
    "101": "Chungnyeolsa",
    "102": "Myeongjang",
    "103": "Seo-dong",
    "104": "Geumsa",
    "105": "Banyeo Agricultural Market",
    "106": "Seokdae",
    "107": "Youngsan Univ.",
    "108": "Dong-Pusan College",
    "109": "Gochon",
    "110": "Anpyeong",
    "111": "4",
    "112": "Gwaebeop Renecite",
    "113": "Seobusan Yutongjigu",
    "114": "Gimhae International Airport",
    "115": "Deokdu",
    "116": "Deunggu",
    "117": "Pyeonggang",
    "118": "Daesa",
    "119": "Buram",
    "120": "Jinae",
    "121": "Gimhae College",
    "122": "Inje Univ.",
    "123": "Gimhae City Hall",
    "124": "Buwon",
    "125": "Bonghwang",
    "126": "Royal Tomb of King Suro",
    "127": "Gimhae National Museum",
    "128": "Yeonji Park",
    "129": "Presbyterian Univ.",
    "130": "Kaya Univ.",
    "131": "Busan–Gimhae",
    "132": "Geojehaemaji",
    "133": "Allak",
    "134": "Wondong",
    "135": "Jaesong",
    "136": "Centum",
    "137": "Shin-Haeundae",
    "138": "Songjeong",
    "139": "OSIRIA",
    "140": "Gijang",
    "141": "Ilgwang",
    "142": "Donghae",
    "143": "Метро",
    "144": "ROOT",
    "145": "Схема от 09.08.2019г.\nАвтор: Дмитрий Варламов\nИнформация взята с сайтов www.urbanrail.net и www.humetro.busan.kr",
    "146": "Imported from http://pmetro.su"
}