{
    "0": "Puerto",
    "1": "Bellavista",
    "2": "Francia",
    "3": "Baron",
    "4": "Portales",
    "5": "Recreo",
    "6": "Miramar",
    "7": "Vina del Mar",
    "8": "Hospital Gustavo Fricke",
    "9": "Chorrillos",
    "10": "El Salto",
    "11": "Quilpue",
    "12": "El Sol",
    "13": "El Belloto",
    "14": "Las Americas",
    "15": "La Concepcion",
    "16": "Villa Alemana",
    "17": "Sargento Aldea",
    "18": "Penablanca",
    "19": "Limache",
    "20": "1",
    "21": "Metro",
    "22": "ROOT",
    "23": "Shema ot 27.10.2006g.\nAvtor: Varlamov Dmitrij (www.chpeks.com)\nInformatsija vzjata s sajtov www.urbanrail.net i www.metroval1.tk",
    "24": "Imported from http://pmetro.su"
}