{
    "lines": [
        {
            "delays": [],
            "name": "Tsuen Wan Line",
            "scheme": null,
            "segments": [
                [
                    0,
                    1,
                    120
                ],
                [
                    1,
                    0,
                    120
                ],
                [
                    1,
                    2,
                    120
                ],
                [
                    2,
                    1,
                    120
                ],
                [
                    2,
                    3,
                    120
                ],
                [
                    3,
                    2,
                    120
                ],
                [
                    3,
                    4,
                    120
                ],
                [
                    4,
                    3,
                    120
                ],
                [
                    4,
                    5,
                    120
                ],
                [
                    5,
                    4,
                    120
                ],
                [
                    5,
                    6,
                    120
                ],
                [
                    6,
                    5,
                    120
                ],
                [
                    6,
                    7,
                    120
                ],
                [
                    7,
                    6,
                    120
                ],
                [
                    7,
                    8,
                    120
                ],
                [
                    8,
                    7,
                    120
                ],
                [
                    8,
                    9,
                    120
                ],
                [
                    9,
                    8,
                    120
                ],
                [
                    9,
                    10,
                    120
                ],
                [
                    10,
                    9,
                    120
                ],
                [
                    10,
                    11,
                    120
                ],
                [
                    11,
                    10,
                    120
                ],
                [
                    11,
                    12,
                    120
                ],
                [
                    12,
                    11,
                    120
                ],
                [
                    12,
                    13,
                    120
                ],
                [
                    13,
                    12,
                    120
                ],
                [
                    13,
                    14,
                    120
                ],
                [
                    14,
                    13,
                    120
                ],
                [
                    14,
                    15,
                    120
                ],
                [
                    15,
                    14,
                    120
                ]
            ],
            "stations": [
                [
                    0,
                    "Tsuen Wan",
                    0
                ],
                [
                    1,
                    "Tai Wo Hau",
                    1
                ],
                [
                    2,
                    "Kwai Hing",
                    2
                ],
                [
                    3,
                    "Kwai Fong",
                    3
                ],
                [
                    4,
                    "Lai King",
                    4
                ],
                [
                    5,
                    "Mei Foo",
                    5
                ],
                [
                    6,
                    "Lai Chi Kok",
                    6
                ],
                [
                    7,
                    "Cheung Sha Wan",
                    7
                ],
                [
                    8,
                    "Sham Shui Po",
                    8
                ],
                [
                    9,
                    "Prince Edward",
                    9
                ],
                [
                    10,
                    "Mong Kok",
                    10
                ],
                [
                    11,
                    "Yau Ma Tei",
                    11
                ],
                [
                    12,
                    "Jordan",
                    12
                ],
                [
                    13,
                    "Tsim Sha Tsui",
                    13
                ],
                [
                    14,
                    "Admiralty",
                    14
                ],
                [
                    15,
                    "Central",
                    15
                ]
            ],
            "text_id": 16
        },
        {
            "delays": [],
            "name": "West Rail",
            "scheme": null,
            "segments": [
                [
                    16,
                    17,
                    120
                ],
                [
                    17,
                    16,
                    120
                ],
                [
                    17,
                    18,
                    120
                ],
                [
                    18,
                    17,
                    120
                ],
                [
                    18,
                    19,
                    120
                ],
                [
                    19,
                    18,
                    120
                ],
                [
                    19,
                    20,
                    120
                ],
                [
                    20,
                    19,
                    120
                ],
                [
                    20,
                    21,
                    120
                ],
                [
                    21,
                    20,
                    120
                ],
                [
                    21,
                    22,
                    120
                ],
                [
                    22,
                    21,
                    120
                ],
                [
                    22,
                    23,
                    120
                ],
                [
                    23,
                    22,
                    120
                ],
                [
                    23,
                    24,
                    120
                ],
                [
                    24,
                    23,
                    120
                ],
                [
                    24,
                    25,
                    120
                ],
                [
                    25,
                    24,
                    120
                ],
                [
                    25,
                    26,
                    120
                ],
                [
                    26,
                    25,
                    120
                ],
                [
                    26,
                    27,
                    120
                ],
                [
                    27,
                    26,
                    120
                ],
                [
                    27,
                    28,
                    120
                ],
                [
                    28,
                    27,
                    120
                ]
            ],
            "stations": [
                [
                    16,
                    "Hung Hom",
                    17
                ],
                [
                    17,
                    "East Tsim Sha Tsui",
                    18
                ],
                [
                    18,
                    "Austin",
                    19
                ],
                [
                    19,
                    "Nam Cheong",
                    20
                ],
                [
                    20,
                    "Mei Foo",
                    5
                ],
                [
                    21,
                    "Tsuen Wan West",
                    21
                ],
                [
                    22,
                    "Kam Sheung Road",
                    22
                ],
                [
                    23,
                    "Yuen Long",
                    23
                ],
                [
                    24,
                    "Long Ping",
                    24
                ],
                [
                    25,
                    "Tin Shui Wai",
                    25
                ],
                [
                    26,
                    "Hung Shui Kiu",
                    26
                ],
                [
                    27,
                    "Siu Hong",
                    27
                ],
                [
                    28,
                    "Tuen Mun",
                    28
                ]
            ],
            "text_id": 29
        },
        {
            "delays": [],
            "name": "South Island Line",
            "scheme": null,
            "segments": [
                [
                    29,
                    30,
                    120
                ],
                [
                    30,
                    29,
                    120
                ],
                [
                    30,
                    31,
                    120
                ],
                [
                    31,
                    30,
                    120
                ],
                [
                    31,
                    32,
                    120
                ],
                [
                    32,
                    31,
                    120
                ],
                [
                    32,
                    33,
                    120
                ],
                [
                    33,
                    32,
                    120
                ]
            ],
            "stations": [
                [
                    29,
                    "Admiralty",
                    14
                ],
                [
                    30,
                    "Ocean Park",
                    30
                ],
                [
                    31,
                    "Wong Chuk Hang",
                    31
                ],
                [
                    32,
                    "Lei Tung",
                    32
                ],
                [
                    33,
                    "South Horizons",
                    33
                ]
            ],
            "text_id": 34
        },
        {
            "delays": [],
            "name": "Tung Chung Line",
            "scheme": null,
            "segments": [
                [
                    34,
                    35,
                    120
                ],
                [
                    35,
                    34,
                    120
                ],
                [
                    35,
                    36,
                    120
                ],
                [
                    36,
                    35,
                    120
                ],
                [
                    36,
                    37,
                    120
                ],
                [
                    37,
                    36,
                    120
                ],
                [
                    37,
                    38,
                    120
                ],
                [
                    38,
                    37,
                    120
                ],
                [
                    38,
                    39,
                    120
                ],
                [
                    39,
                    38,
                    120
                ],
                [
                    39,
                    40,
                    120
                ],
                [
                    40,
                    39,
                    120
                ],
                [
                    40,
                    41,
                    120
                ],
                [
                    41,
                    40,
                    120
                ]
            ],
            "stations": [
                [
                    34,
                    "Tung Chung",
                    35
                ],
                [
                    35,
                    "Sunny Bay",
                    36
                ],
                [
                    36,
                    "Tsing Yi",
                    37
                ],
                [
                    37,
                    "Lai King",
                    4
                ],
                [
                    38,
                    "Nam Cheong",
                    20
                ],
                [
                    39,
                    "Olympic",
                    38
                ],
                [
                    40,
                    "Kowloon",
                    39
                ],
                [
                    41,
                    "Hong Kong",
                    40
                ]
            ],
            "text_id": 41
        },
        {
            "delays": [],
            "name": "Kwun Tong Line",
            "scheme": null,
            "segments": [
                [
                    42,
                    43,
                    120
                ],
                [
                    43,
                    42,
                    120
                ],
                [
                    43,
                    44,
                    120
                ],
                [
                    44,
                    43,
                    120
                ],
                [
                    44,
                    45,
                    120
                ],
                [
                    45,
                    44,
                    120
                ],
                [
                    45,
                    46,
                    120
                ],
                [
                    46,
                    45,
                    120
                ],
                [
                    46,
                    47,
                    120
                ],
                [
                    47,
                    46,
                    120
                ],
                [
                    47,
                    48,
                    120
                ],
                [
                    48,
                    47,
                    120
                ],
                [
                    48,
                    49,
                    120
                ],
                [
                    49,
                    48,
                    120
                ],
                [
                    49,
                    50,
                    120
                ],
                [
                    50,
                    49,
                    120
                ],
                [
                    50,
                    51,
                    120
                ],
                [
                    51,
                    50,
                    120
                ],
                [
                    51,
                    52,
                    120
                ],
                [
                    52,
                    51,
                    120
                ],
                [
                    52,
                    53,
                    120
                ],
                [
                    53,
                    52,
                    120
                ],
                [
                    53,
                    54,
                    120
                ],
                [
                    54,
                    53,
                    120
                ],
                [
                    54,
                    55,
                    120
                ],
                [
                    55,
                    54,
                    120
                ],
                [
                    55,
                    56,
                    120
                ],
                [
                    56,
                    55,
                    120
                ],
                [
                    56,
                    57,
                    120
                ],
                [
                    57,
                    56,
                    120
                ],
                [
                    57,
                    58,
                    120
                ],
                [
                    58,
                    57,
                    120
                ]
            ],
            "stations": [
                [
                    42,
                    "Whampoa",
                    42
                ],
                [
                    43,
                    "Ho Man Tin",
                    43
                ],
                [
                    44,
                    "Yau Ma Tei",
                    11
                ],
                [
                    45,
                    "Mong Kok",
                    10
                ],
                [
                    46,
                    "Prince Edward",
                    9
                ],
                [
                    47,
                    "Shek Kip Mei",
                    44
                ],
                [
                    48,
                    "Kowloon Tong",
                    45
                ],
                [
                    49,
                    "Lok Fu",
                    46
                ],
                [
                    50,
                    "Wong Tai Sin",
                    47
                ],
                [
                    51,
                    "Diamond Hill",
                    48
                ],
                [
                    52,
                    "Choi Hung",
                    49
                ],
                [
                    53,
                    "Kowloon Bay",
                    50
                ],
                [
                    54,
                    "Ngau Tau Kok",
                    51
                ],
                [
                    55,
                    "Kwun Tong",
                    52
                ],
                [
                    56,
                    "Lam Tin",
                    53
                ],
                [
                    57,
                    "Yau Tong",
                    54
                ],
                [
                    58,
                    "Tiu Keng Leng",
                    55
                ]
            ],
            "text_id": 56
        },
        {
            "delays": [],
            "name": "Airport Express",
            "scheme": null,
            "segments": [
                [
                    59,
                    60,
                    120
                ],
                [
                    60,
                    59,
                    120
                ],
                [
                    60,
                    61,
                    120
                ],
                [
                    61,
                    60,
                    120
                ],
                [
                    61,
                    62,
                    120
                ],
                [
                    62,
                    61,
                    120
                ],
                [
                    62,
                    63,
                    120
                ],
                [
                    63,
                    62,
                    120
                ]
            ],
            "stations": [
                [
                    59,
                    "AsiaWorld Expo",
                    57
                ],
                [
                    60,
                    "Airport",
                    58
                ],
                [
                    61,
                    "Tsing Yi",
                    37
                ],
                [
                    62,
                    "Kowloon",
                    39
                ],
                [
                    63,
                    "Hong Kong",
                    40
                ]
            ],
            "text_id": 59
        },
        {
            "delays": [],
            "name": "Island Line",
            "scheme": null,
            "segments": [
                [
                    64,
                    65,
                    120
                ],
                [
                    65,
                    64,
                    120
                ],
                [
                    65,
                    66,
                    120
                ],
                [
                    66,
                    65,
                    120
                ],
                [
                    66,
                    67,
                    120
                ],
                [
                    67,
                    66,
                    120
                ],
                [
                    67,
                    68,
                    120
                ],
                [
                    68,
                    67,
                    120
                ],
                [
                    68,
                    69,
                    120
                ],
                [
                    69,
                    68,
                    120
                ],
                [
                    69,
                    70,
                    120
                ],
                [
                    70,
                    69,
                    120
                ],
                [
                    70,
                    71,
                    120
                ],
                [
                    71,
                    70,
                    120
                ],
                [
                    71,
                    72,
                    120
                ],
                [
                    72,
                    71,
                    120
                ],
                [
                    72,
                    73,
                    120
                ],
                [
                    73,
                    72,
                    120
                ],
                [
                    73,
                    74,
                    120
                ],
                [
                    74,
                    73,
                    120
                ],
                [
                    74,
                    75,
                    120
                ],
                [
                    75,
                    74,
                    120
                ],
                [
                    75,
                    76,
                    120
                ],
                [
                    76,
                    75,
                    120
                ],
                [
                    76,
                    77,
                    120
                ],
                [
                    77,
                    76,
                    120
                ],
                [
                    77,
                    78,
                    120
                ],
                [
                    78,
                    77,
                    120
                ],
                [
                    78,
                    79,
                    120
                ],
                [
                    79,
                    78,
                    120
                ],
                [
                    79,
                    80,
                    120
                ],
                [
                    80,
                    79,
                    120
                ]
            ],
            "stations": [
                [
                    64,
                    "Kennedy Town",
                    60
                ],
                [
                    65,
                    "HKU",
                    61
                ],
                [
                    66,
                    "Sai Ying Pun",
                    62
                ],
                [
                    67,
                    "Sheung Wan",
                    63
                ],
                [
                    68,
                    "Central",
                    15
                ],
                [
                    69,
                    "Admiralty",
                    14
                ],
                [
                    70,
                    "Wan Chai",
                    64
                ],
                [
                    71,
                    "Causeway Bay",
                    65
                ],
                [
                    72,
                    "Tin Hau",
                    66
                ],
                [
                    73,
                    "Fortress Hill",
                    67
                ],
                [
                    74,
                    "North Point",
                    68
                ],
                [
                    75,
                    "Quarry Bay",
                    69
                ],
                [
                    76,
                    "Tai Koo",
                    70
                ],
                [
                    77,
                    "Sai Wan Ho",
                    71
                ],
                [
                    78,
                    "Shau Kei Wan",
                    72
                ],
                [
                    79,
                    "Feng Fa Chuen",
                    73
                ],
                [
                    80,
                    "Chai Wan",
                    74
                ]
            ],
            "text_id": 75
        },
        {
            "delays": [],
            "name": "KCR East Rail",
            "scheme": null,
            "segments": [
                [
                    81,
                    82,
                    120
                ],
                [
                    82,
                    81,
                    120
                ],
                [
                    82,
                    83,
                    120
                ],
                [
                    83,
                    82,
                    120
                ],
                [
                    83,
                    84,
                    120
                ],
                [
                    84,
                    83,
                    120
                ],
                [
                    84,
                    85,
                    120
                ],
                [
                    85,
                    84,
                    120
                ],
                [
                    85,
                    86,
                    120
                ],
                [
                    86,
                    85,
                    120
                ],
                [
                    86,
                    87,
                    120
                ],
                [
                    87,
                    86,
                    120
                ],
                [
                    87,
                    88,
                    120
                ],
                [
                    88,
                    87,
                    120
                ],
                [
                    88,
                    89,
                    120
                ],
                [
                    89,
                    88,
                    120
                ],
                [
                    89,
                    90,
                    120
                ],
                [
                    90,
                    89,
                    120
                ],
                [
                    90,
                    91,
                    120
                ],
                [
                    91,
                    90,
                    120
                ],
                [
                    91,
                    92,
                    120
                ],
                [
                    91,
                    93,
                    120
                ],
                [
                    92,
                    91,
                    120
                ],
                [
                    93,
                    91,
                    120
                ]
            ],
            "stations": [
                [
                    81,
                    "Hung Hom",
                    17
                ],
                [
                    82,
                    "Mong Kok",
                    10
                ],
                [
                    83,
                    "Kowloon Tong",
                    45
                ],
                [
                    84,
                    "Tai Wai",
                    76
                ],
                [
                    85,
                    "Sha Tin",
                    77
                ],
                [
                    86,
                    "Fo Tan/Racecourse",
                    78
                ],
                [
                    87,
                    "University",
                    79
                ],
                [
                    88,
                    "Tai Po Market",
                    80
                ],
                [
                    89,
                    "Tai Wo",
                    81
                ],
                [
                    90,
                    "Fanling",
                    82
                ],
                [
                    91,
                    "Sheung Shui",
                    83
                ],
                [
                    92,
                    "Lo Wu",
                    84
                ],
                [
                    93,
                    "Lok Ma Chau",
                    85
                ]
            ],
            "text_id": 86
        },
        {
            "delays": [],
            "name": "Tseung Kwan O Line",
            "scheme": null,
            "segments": [
                [
                    94,
                    95,
                    120
                ],
                [
                    95,
                    94,
                    120
                ],
                [
                    95,
                    96,
                    120
                ],
                [
                    96,
                    95,
                    120
                ],
                [
                    96,
                    97,
                    120
                ],
                [
                    97,
                    96,
                    120
                ],
                [
                    97,
                    98,
                    120
                ],
                [
                    98,
                    97,
                    120
                ],
                [
                    98,
                    99,
                    120
                ],
                [
                    98,
                    101,
                    120
                ],
                [
                    99,
                    98,
                    120
                ],
                [
                    99,
                    100,
                    120
                ],
                [
                    100,
                    99,
                    120
                ],
                [
                    101,
                    98,
                    120
                ]
            ],
            "stations": [
                [
                    94,
                    "North Point",
                    68
                ],
                [
                    95,
                    "Quarry Bay",
                    69
                ],
                [
                    96,
                    "Yau Tong",
                    54
                ],
                [
                    97,
                    "Tiu Keng Leng",
                    55
                ],
                [
                    98,
                    "Tseung Kwan O",
                    87
                ],
                [
                    99,
                    "Hang Hau",
                    88
                ],
                [
                    100,
                    "Po Lam",
                    89
                ],
                [
                    101,
                    "LOHAS Park",
                    90
                ]
            ],
            "text_id": 91
        },
        {
            "delays": [],
            "name": "Disneyland Resort Line",
            "scheme": null,
            "segments": [
                [
                    102,
                    103,
                    120
                ],
                [
                    103,
                    102,
                    120
                ]
            ],
            "stations": [
                [
                    102,
                    "Sunny Bay",
                    36
                ],
                [
                    103,
                    "Disneyland Resort",
                    92
                ]
            ],
            "text_id": 93
        },
        {
            "delays": [],
            "name": "Ma On Shan Line",
            "scheme": null,
            "segments": [
                [
                    104,
                    105,
                    120
                ],
                [
                    105,
                    104,
                    120
                ],
                [
                    105,
                    106,
                    120
                ],
                [
                    106,
                    105,
                    120
                ],
                [
                    106,
                    107,
                    120
                ],
                [
                    107,
                    106,
                    120
                ],
                [
                    107,
                    108,
                    120
                ],
                [
                    108,
                    107,
                    120
                ],
                [
                    108,
                    109,
                    120
                ],
                [
                    109,
                    108,
                    120
                ],
                [
                    109,
                    110,
                    120
                ],
                [
                    110,
                    109,
                    120
                ],
                [
                    110,
                    111,
                    120
                ],
                [
                    111,
                    110,
                    120
                ],
                [
                    111,
                    112,
                    120
                ],
                [
                    112,
                    111,
                    120
                ]
            ],
            "stations": [
                [
                    104,
                    "Tai Wai",
                    76
                ],
                [
                    105,
                    "Che King Temple",
                    94
                ],
                [
                    106,
                    "Sha Tin Wai",
                    95
                ],
                [
                    107,
                    "City One",
                    96
                ],
                [
                    108,
                    "Shek Mun",
                    97
                ],
                [
                    109,
                    "Tai Shui Hang",
                    98
                ],
                [
                    110,
                    "Hang On",
                    99
                ],
                [
                    111,
                    "Ma On Shan",
                    100
                ],
                [
                    112,
                    "Wu Kai Sha",
                    101
                ]
            ],
            "text_id": 102
        }
    ],
    "name": "metro",
    "transfers": [
        [
            4,
            37,
            120,
            true
        ],
        [
            9,
            46,
            120,
            true
        ],
        [
            11,
            44,
            120,
            true
        ],
        [
            14,
            69,
            120,
            true
        ],
        [
            15,
            68,
            120,
            true
        ],
        [
            36,
            61,
            120,
            true
        ],
        [
            40,
            62,
            120,
            true
        ],
        [
            41,
            63,
            120,
            true
        ],
        [
            45,
            10,
            120,
            true
        ],
        [
            74,
            94,
            120,
            true
        ],
        [
            75,
            95,
            120,
            true
        ],
        [
            96,
            57,
            120,
            true
        ],
        [
            97,
            58,
            120,
            true
        ],
        [
            102,
            35,
            120,
            true
        ],
        [
            83,
            48,
            120,
            true
        ],
        [
            104,
            84,
            120,
            true
        ],
        [
            16,
            81,
            120,
            true
        ],
        [
            17,
            13,
            120,
            true
        ],
        [
            19,
            38,
            120,
            true
        ],
        [
            20,
            5,
            120,
            true
        ],
        [
            14,
            29,
            120,
            true
        ],
        [
            69,
            29,
            120,
            true
        ]
    ],
    "type_name": "Метро"
}