{
    "default_transports": [
        "metro"
    ],
    "height": 1155,
    "images": [
        "res/schemes/stockholm.svg"
    ],
    "is_vector": true,
    "lines": [
        {
            "labels_bg_color": "-1",
            "labels_color": "FF185A",
            "line_color": "FF185A",
            "line_width": 11,
            "name": "1",
            "segments": [
                [
                    0,
                    1,
                    [
                        [
                            72,
                            791
                        ],
                        [
                            40,
                            791
                        ]
                    ],
                    true
                ],
                [
                    1,
                    2,
                    [
                        [
                            104,
                            791
                        ],
                        [
                            72,
                            791
                        ]
                    ],
                    true
                ],
                [
                    2,
                    3,
                    [
                        [
                            149,
                            777
                        ],
                        [
                            136.0,
                            791.0
                        ],
                        [
                            104,
                            791
                        ]
                    ],
                    true
                ],
                [
                    3,
                    4,
                    [
                        [
                            178,
                            748
                        ],
                        [
                            149,
                            777
                        ]
                    ],
                    true
                ],
                [
                    4,
                    5,
                    [
                        [
                            207,
                            719
                        ],
                        [
                            178,
                            748
                        ]
                    ],
                    true
                ],
                [
                    5,
                    6,
                    [
                        [
                            236,
                            690
                        ],
                        [
                            207,
                            719
                        ]
                    ],
                    true
                ],
                [
                    6,
                    7,
                    [
                        [
                            264,
                            662
                        ],
                        [
                            236,
                            690
                        ]
                    ],
                    true
                ],
                [
                    7,
                    8,
                    [
                        [
                            297,
                            629
                        ],
                        [
                            264,
                            662
                        ]
                    ],
                    true
                ],
                [
                    8,
                    9,
                    [
                        [
                            329,
                            597
                        ],
                        [
                            297,
                            629
                        ]
                    ],
                    true
                ],
                [
                    9,
                    10,
                    [
                        [
                            367,
                            559
                        ],
                        [
                            329,
                            597
                        ]
                    ],
                    true
                ],
                [
                    10,
                    11,
                    [
                        [
                            423,
                            559
                        ],
                        [
                            367,
                            559
                        ]
                    ],
                    true
                ],
                [
                    11,
                    12,
                    [
                        [
                            479,
                            559
                        ],
                        [
                            423,
                            559
                        ]
                    ],
                    true
                ],
                [
                    12,
                    13,
                    [
                        [
                            533,
                            559
                        ],
                        [
                            479,
                            559
                        ]
                    ],
                    true
                ],
                [
                    13,
                    14,
                    [
                        [
                            601,
                            559
                        ],
                        [
                            533,
                            559
                        ]
                    ],
                    true
                ],
                [
                    14,
                    15,
                    [
                        [
                            636,
                            559
                        ],
                        [
                            601,
                            559
                        ]
                    ],
                    true
                ],
                [
                    14,
                    32,
                    [
                        [
                            555,
                            605
                        ],
                        [
                            601,
                            559
                        ]
                    ],
                    true
                ],
                [
                    15,
                    16,
                    [
                        [
                            670,
                            559
                        ],
                        [
                            636,
                            559
                        ]
                    ],
                    true
                ],
                [
                    16,
                    17,
                    [
                        [
                            704,
                            559
                        ],
                        [
                            670,
                            559
                        ]
                    ],
                    true
                ],
                [
                    17,
                    18,
                    [
                        [
                            750,
                            513
                        ],
                        [
                            704,
                            559
                        ]
                    ],
                    true
                ],
                [
                    18,
                    19,
                    [
                        [
                            750,
                            458
                        ],
                        [
                            750,
                            513
                        ]
                    ],
                    true
                ],
                [
                    19,
                    20,
                    [
                        [
                            750,
                            401
                        ],
                        [
                            750,
                            458
                        ]
                    ],
                    true
                ],
                [
                    20,
                    21,
                    [
                        [
                            830,
                            361
                        ],
                        [
                            750,
                            401
                        ]
                    ],
                    true
                ],
                [
                    21,
                    22,
                    [
                        [
                            830,
                            286
                        ],
                        [
                            830,
                            361
                        ]
                    ],
                    true
                ],
                [
                    21,
                    33,
                    [
                        [
                            892,
                            330
                        ],
                        [
                            830,
                            361
                        ]
                    ],
                    true
                ],
                [
                    22,
                    23,
                    [
                        [
                            830,
                            248
                        ],
                        [
                            830,
                            286
                        ]
                    ],
                    true
                ],
                [
                    23,
                    24,
                    [
                        [
                            830,
                            202
                        ],
                        [
                            830,
                            248
                        ]
                    ],
                    true
                ],
                [
                    24,
                    25,
                    [
                        [
                            830,
                            154
                        ],
                        [
                            830,
                            202
                        ]
                    ],
                    true
                ],
                [
                    25,
                    26,
                    [
                        [
                            830,
                            112
                        ],
                        [
                            830,
                            154
                        ]
                    ],
                    true
                ],
                [
                    26,
                    27,
                    [
                        [
                            830,
                            66
                        ],
                        [
                            830,
                            112
                        ]
                    ],
                    true
                ],
                [
                    28,
                    29,
                    [
                        [
                            407,
                            753
                        ],
                        [
                            354,
                            806
                        ]
                    ],
                    true
                ],
                [
                    29,
                    30,
                    [
                        [
                            459,
                            701
                        ],
                        [
                            407,
                            753
                        ]
                    ],
                    true
                ],
                [
                    30,
                    31,
                    [
                        [
                            508,
                            652
                        ],
                        [
                            459,
                            701
                        ]
                    ],
                    true
                ],
                [
                    31,
                    32,
                    [
                        [
                            555,
                            605
                        ],
                        [
                            508,
                            652
                        ]
                    ],
                    true
                ],
                [
                    33,
                    34,
                    [
                        [
                            942,
                            305
                        ],
                        [
                            892,
                            330
                        ]
                    ],
                    true
                ],
                [
                    34,
                    35,
                    [
                        [
                            991,
                            280
                        ],
                        [
                            942,
                            305
                        ]
                    ],
                    true
                ]
            ],
            "stations": [
                {
                    "coord": [
                        40,
                        791
                    ],
                    "is_working": true,
                    "name": "Norsborg",
                    "rect": [
                        8,
                        765,
                        65,
                        15
                    ],
                    "text_id": 0,
                    "uid": 0
                },
                {
                    "coord": [
                        72,
                        791
                    ],
                    "is_working": true,
                    "name": "Hallunda",
                    "rect": [
                        49,
                        804,
                        62,
                        15
                    ],
                    "text_id": 1,
                    "uid": 1
                },
                {
                    "coord": [
                        104,
                        791
                    ],
                    "is_working": true,
                    "name": "Alby",
                    "rect": [
                        89,
                        765,
                        31,
                        15
                    ],
                    "text_id": 2,
                    "uid": 2
                },
                {
                    "coord": [
                        149,
                        777
                    ],
                    "is_working": true,
                    "name": "Fittja",
                    "rect": [
                        162,
                        775,
                        37,
                        15
                    ],
                    "text_id": 3,
                    "uid": 3
                },
                {
                    "coord": [
                        178,
                        748
                    ],
                    "is_working": true,
                    "name": "Masmo",
                    "rect": [
                        190,
                        747,
                        43,
                        15
                    ],
                    "text_id": 4,
                    "uid": 4
                },
                {
                    "coord": [
                        207,
                        719
                    ],
                    "is_working": true,
                    "name": "Varby Gard",
                    "rect": [
                        219,
                        717,
                        75,
                        15
                    ],
                    "text_id": 5,
                    "uid": 5
                },
                {
                    "coord": [
                        236,
                        690
                    ],
                    "is_working": true,
                    "name": "Varberg",
                    "rect": [
                        248,
                        688,
                        56,
                        15
                    ],
                    "text_id": 6,
                    "uid": 6
                },
                {
                    "coord": [
                        264,
                        662
                    ],
                    "is_working": true,
                    "name": "Skarholmen",
                    "rect": [
                        276,
                        659,
                        79,
                        15
                    ],
                    "text_id": 7,
                    "uid": 7
                },
                {
                    "coord": [
                        297,
                        629
                    ],
                    "is_working": true,
                    "name": "Satra",
                    "rect": [
                        309,
                        627,
                        39,
                        15
                    ],
                    "text_id": 8,
                    "uid": 8
                },
                {
                    "coord": [
                        329,
                        597
                    ],
                    "is_working": true,
                    "name": "Bredang",
                    "rect": [
                        341,
                        594,
                        57,
                        15
                    ],
                    "text_id": 9,
                    "uid": 9
                },
                {
                    "coord": [
                        367,
                        559
                    ],
                    "is_working": true,
                    "name": "Malarhojden",
                    "rect": [
                        357,
                        460,
                        15,
                        86
                    ],
                    "text_id": 10,
                    "uid": 10
                },
                {
                    "coord": [
                        423,
                        559
                    ],
                    "is_working": true,
                    "name": "Axelsberg",
                    "rect": [
                        416,
                        479,
                        15,
                        68
                    ],
                    "text_id": 11,
                    "uid": 11
                },
                {
                    "coord": [
                        479,
                        559
                    ],
                    "is_working": true,
                    "name": "Ornsberg",
                    "rect": [
                        471,
                        482,
                        15,
                        64
                    ],
                    "text_id": 12,
                    "uid": 12
                },
                {
                    "coord": [
                        533,
                        559
                    ],
                    "is_working": true,
                    "name": "Aspudden",
                    "rect": [
                        525,
                        483,
                        15,
                        63
                    ],
                    "text_id": 13,
                    "uid": 13
                },
                {
                    "coord": [
                        601,
                        559
                    ],
                    "is_working": true,
                    "name": "Liljeholmen",
                    "rect": [
                        595,
                        470,
                        15,
                        76
                    ],
                    "text_id": 14,
                    "uid": 14
                },
                {
                    "coord": [
                        636,
                        559
                    ],
                    "is_working": true,
                    "name": "Hornstull",
                    "rect": [
                        629,
                        479,
                        15,
                        67
                    ],
                    "text_id": 15,
                    "uid": 15
                },
                {
                    "coord": [
                        670,
                        559
                    ],
                    "is_working": true,
                    "name": "Zinkensdamm",
                    "rect": [
                        662,
                        463,
                        15,
                        83
                    ],
                    "text_id": 16,
                    "uid": 16
                },
                {
                    "coord": [
                        704,
                        559
                    ],
                    "is_working": true,
                    "name": "Mariatorget",
                    "rect": [
                        672,
                        574,
                        81,
                        15
                    ],
                    "text_id": 17,
                    "uid": 17
                },
                {
                    "coord": [
                        750,
                        513
                    ],
                    "is_working": true,
                    "name": "Slussen",
                    "rect": [
                        688,
                        491,
                        52,
                        15
                    ],
                    "text_id": 18,
                    "uid": 18
                },
                {
                    "coord": [
                        750,
                        458
                    ],
                    "is_working": true,
                    "name": "Gamla Stan",
                    "rect": [
                        665,
                        439,
                        73,
                        15
                    ],
                    "text_id": 19,
                    "uid": 19
                },
                {
                    "coord": [
                        750,
                        401
                    ],
                    "is_working": true,
                    "name": "T-Centralen",
                    "rect": [
                        785,
                        390,
                        77,
                        15
                    ],
                    "text_id": 20,
                    "uid": 20
                },
                {
                    "coord": [
                        830,
                        361
                    ],
                    "is_working": true,
                    "name": "Ostermalmstorg",
                    "rect": [
                        841,
                        365,
                        107,
                        15
                    ],
                    "text_id": 21,
                    "uid": 21
                },
                {
                    "coord": [
                        830,
                        286
                    ],
                    "is_working": true,
                    "name": "Stadion",
                    "rect": [
                        843,
                        279,
                        50,
                        15
                    ],
                    "text_id": 22,
                    "uid": 22
                },
                {
                    "coord": [
                        830,
                        248
                    ],
                    "is_working": true,
                    "name": "Tekniska Hogskolan",
                    "rect": [
                        843,
                        240,
                        129,
                        15
                    ],
                    "text_id": 23,
                    "uid": 23
                },
                {
                    "coord": [
                        830,
                        202
                    ],
                    "is_working": true,
                    "name": "Universitetet",
                    "rect": [
                        843,
                        195,
                        85,
                        15
                    ],
                    "text_id": 24,
                    "uid": 24
                },
                {
                    "coord": [
                        830,
                        154
                    ],
                    "is_working": true,
                    "name": "Bergshamra",
                    "rect": [
                        843,
                        147,
                        81,
                        15
                    ],
                    "text_id": 25,
                    "uid": 25
                },
                {
                    "coord": [
                        830,
                        112
                    ],
                    "is_working": true,
                    "name": "Danderyds Sjukhus",
                    "rect": [
                        843,
                        106,
                        126,
                        15
                    ],
                    "text_id": 26,
                    "uid": 26
                },
                {
                    "coord": [
                        830,
                        66
                    ],
                    "is_working": true,
                    "name": "Morby Centrum",
                    "rect": [
                        843,
                        58,
                        99,
                        15
                    ],
                    "text_id": 27,
                    "uid": 27
                },
                {
                    "coord": [
                        354,
                        806
                    ],
                    "is_working": true,
                    "name": "Fruangen",
                    "rect": [
                        364,
                        808,
                        63,
                        15
                    ],
                    "text_id": 28,
                    "uid": 28
                },
                {
                    "coord": [
                        407,
                        753
                    ],
                    "is_working": true,
                    "name": "Vastertorp",
                    "rect": [
                        420,
                        752,
                        74,
                        15
                    ],
                    "text_id": 29,
                    "uid": 29
                },
                {
                    "coord": [
                        459,
                        701
                    ],
                    "is_working": true,
                    "name": "Hagerstensasen",
                    "rect": [
                        471,
                        701,
                        106,
                        15
                    ],
                    "text_id": 30,
                    "uid": 30
                },
                {
                    "coord": [
                        508,
                        652
                    ],
                    "is_working": true,
                    "name": "Telefonplan",
                    "rect": [
                        520,
                        654,
                        79,
                        15
                    ],
                    "text_id": 31,
                    "uid": 31
                },
                {
                    "coord": [
                        555,
                        605
                    ],
                    "is_working": true,
                    "name": "Midsommarkransen",
                    "rect": [
                        567,
                        606,
                        125,
                        15
                    ],
                    "text_id": 32,
                    "uid": 32
                },
                {
                    "coord": [
                        892,
                        330
                    ],
                    "is_working": true,
                    "name": "Karlaplan",
                    "rect": [
                        904,
                        333,
                        69,
                        15
                    ],
                    "text_id": 33,
                    "uid": 33
                },
                {
                    "coord": [
                        942,
                        305
                    ],
                    "is_working": true,
                    "name": "Gardet",
                    "rect": [
                        954,
                        310,
                        47,
                        15
                    ],
                    "text_id": 34,
                    "uid": 34
                },
                {
                    "coord": [
                        991,
                        280
                    ],
                    "is_working": true,
                    "name": "Ropsten",
                    "rect": [
                        1000,
                        285,
                        53,
                        15
                    ],
                    "text_id": 35,
                    "uid": 35
                }
            ],
            "text_id": 36
        },
        {
            "labels_bg_color": "-1",
            "labels_color": "009429",
            "line_color": "009429",
            "line_width": 11,
            "name": "2",
            "segments": [
                [
                    36,
                    37,
                    [
                        [
                            70,
                            346
                        ],
                        [
                            25,
                            346
                        ]
                    ],
                    true
                ],
                [
                    37,
                    38,
                    [
                        [
                            108,
                            346
                        ],
                        [
                            70,
                            346
                        ]
                    ],
                    true
                ],
                [
                    38,
                    39,
                    [
                        [
                            145,
                            346
                        ],
                        [
                            108,
                            346
                        ]
                    ],
                    true
                ],
                [
                    39,
                    40,
                    [
                        [
                            186,
                            346
                        ],
                        [
                            145,
                            346
                        ]
                    ],
                    true
                ],
                [
                    40,
                    41,
                    [
                        [
                            224,
                            346
                        ],
                        [
                            186,
                            346
                        ]
                    ],
                    true
                ],
                [
                    41,
                    42,
                    [
                        [
                            261,
                            346
                        ],
                        [
                            224,
                            346
                        ]
                    ],
                    true
                ],
                [
                    42,
                    43,
                    [
                        [
                            295,
                            346
                        ],
                        [
                            261,
                            346
                        ]
                    ],
                    true
                ],
                [
                    43,
                    44,
                    [
                        [
                            337,
                            346
                        ],
                        [
                            295,
                            346
                        ]
                    ],
                    true
                ],
                [
                    44,
                    45,
                    [
                        [
                            379,
                            346
                        ],
                        [
                            337,
                            346
                        ]
                    ],
                    true
                ],
                [
                    45,
                    46,
                    [
                        [
                            417,
                            346
                        ],
                        [
                            379,
                            346
                        ]
                    ],
                    true
                ],
                [
                    46,
                    47,
                    [
                        [
                            452,
                            346
                        ],
                        [
                            417,
                            346
                        ]
                    ],
                    true
                ],
                [
                    47,
                    48,
                    [
                        [
                            492,
                            346
                        ],
                        [
                            452,
                            346
                        ]
                    ],
                    true
                ],
                [
                    48,
                    49,
                    [
                        [
                            534,
                            346
                        ],
                        [
                            492,
                            346
                        ]
                    ],
                    true
                ],
                [
                    49,
                    50,
                    [
                        [
                            579,
                            346
                        ],
                        [
                            534,
                            346
                        ]
                    ],
                    true
                ],
                [
                    50,
                    51,
                    [
                        [
                            639,
                            346
                        ],
                        [
                            579,
                            346
                        ]
                    ],
                    true
                ],
                [
                    51,
                    52,
                    [
                        [
                            682,
                            303
                        ],
                        [
                            639,
                            346
                        ]
                    ],
                    true
                ],
                [
                    52,
                    53,
                    [
                        [
                            719,
                            303
                        ],
                        [
                            682,
                            303
                        ]
                    ],
                    true
                ],
                [
                    53,
                    54,
                    [
                        [
                            754,
                            303
                        ],
                        [
                            719,
                            303
                        ]
                    ],
                    true
                ],
                [
                    54,
                    55,
                    [
                        [
                            767,
                            353
                        ],
                        [
                            767.0,
                            315.0
                        ],
                        [
                            754,
                            303
                        ]
                    ],
                    true
                ],
                [
                    55,
                    56,
                    [
                        [
                            767,
                            401
                        ],
                        [
                            767,
                            353
                        ]
                    ],
                    true
                ],
                [
                    56,
                    57,
                    [
                        [
                            767,
                            458
                        ],
                        [
                            767,
                            401
                        ]
                    ],
                    true
                ],
                [
                    57,
                    58,
                    [
                        [
                            767,
                            513
                        ],
                        [
                            767,
                            458
                        ]
                    ],
                    true
                ],
                [
                    58,
                    59,
                    [
                        [
                            767,
                            542
                        ],
                        [
                            767,
                            513
                        ]
                    ],
                    true
                ],
                [
                    59,
                    60,
                    [
                        [
                            767,
                            572
                        ],
                        [
                            767,
                            542
                        ]
                    ],
                    true
                ],
                [
                    60,
                    61,
                    [
                        [
                            767,
                            610
                        ],
                        [
                            767,
                            572
                        ]
                    ],
                    true
                ],
                [
                    61,
                    62,
                    [
                        [
                            748,
                            660
                        ],
                        [
                            767.0,
                            641.0
                        ],
                        [
                            767,
                            610
                        ]
                    ],
                    true
                ],
                [
                    61,
                    71,
                    [
                        [
                            784,
                            658
                        ],
                        [
                            767.0,
                            641.0
                        ],
                        [
                            767,
                            610
                        ]
                    ],
                    true
                ],
                [
                    62,
                    63,
                    [
                        [
                            709,
                            699
                        ],
                        [
                            748,
                            660
                        ]
                    ],
                    true
                ],
                [
                    63,
                    64,
                    [
                        [
                            709,
                            733
                        ],
                        [
                            709,
                            699
                        ]
                    ],
                    true
                ],
                [
                    64,
                    65,
                    [
                        [
                            709,
                            775
                        ],
                        [
                            709,
                            733
                        ]
                    ],
                    true
                ],
                [
                    65,
                    66,
                    [
                        [
                            709,
                            832
                        ],
                        [
                            709,
                            775
                        ]
                    ],
                    true
                ],
                [
                    66,
                    67,
                    [
                        [
                            683,
                            858
                        ],
                        [
                            709,
                            832
                        ]
                    ],
                    true
                ],
                [
                    67,
                    68,
                    [
                        [
                            655,
                            886
                        ],
                        [
                            683,
                            858
                        ]
                    ],
                    true
                ],
                [
                    68,
                    69,
                    [
                        [
                            628,
                            913
                        ],
                        [
                            655,
                            886
                        ]
                    ],
                    true
                ],
                [
                    69,
                    70,
                    [
                        [
                            598,
                            943
                        ],
                        [
                            628,
                            913
                        ]
                    ],
                    true
                ],
                [
                    71,
                    72,
                    [
                        [
                            812,
                            708
                        ],
                        [
                            812.0,
                            686.0
                        ],
                        [
                            784,
                            658
                        ]
                    ],
                    true
                ],
                [
                    71,
                    80,
                    [
                        [
                            896,
                            700
                        ],
                        [
                            882.0,
                            686.0
                        ],
                        [
                            812.0,
                            686.0
                        ],
                        [
                            784,
                            658
                        ]
                    ],
                    true
                ],
                [
                    72,
                    73,
                    [
                        [
                            812,
                            754
                        ],
                        [
                            812,
                            708
                        ]
                    ],
                    true
                ],
                [
                    73,
                    74,
                    [
                        [
                            812,
                            803
                        ],
                        [
                            812,
                            754
                        ]
                    ],
                    true
                ],
                [
                    74,
                    75,
                    [
                        [
                            812,
                            845
                        ],
                        [
                            812,
                            803
                        ]
                    ],
                    true
                ],
                [
                    75,
                    76,
                    [
                        [
                            812,
                            884
                        ],
                        [
                            812,
                            845
                        ]
                    ],
                    true
                ],
                [
                    76,
                    77,
                    [
                        [
                            812,
                            927
                        ],
                        [
                            812,
                            884
                        ]
                    ],
                    true
                ],
                [
                    77,
                    78,
                    [
                        [
                            812,
                            967
                        ],
                        [
                            812,
                            927
                        ]
                    ],
                    true
                ],
                [
                    78,
                    79,
                    [
                        [
                            812,
                            1005
                        ],
                        [
                            812,
                            967
                        ]
                    ],
                    true
                ],
                [
                    80,
                    81,
                    [
                        [
                            945,
                            749
                        ],
                        [
                            896,
                            700
                        ]
                    ],
                    true
                ],
                [
                    81,
                    82,
                    [
                        [
                            992,
                            796
                        ],
                        [
                            945,
                            749
                        ]
                    ],
                    true
                ],
                [
                    82,
                    83,
                    [
                        [
                            1038,
                            842
                        ],
                        [
                            992,
                            796
                        ]
                    ],
                    true
                ],
                [
                    83,
                    84,
                    [
                        [
                            1082,
                            886
                        ],
                        [
                            1038,
                            842
                        ]
                    ],
                    true
                ]
            ],
            "stations": [
                {
                    "coord": [
                        25,
                        346
                    ],
                    "is_working": true,
                    "name": "Hasselby Strand",
                    "rect": [
                        17,
                        358,
                        15,
                        108
                    ],
                    "text_id": 37,
                    "uid": 36
                },
                {
                    "coord": [
                        70,
                        346
                    ],
                    "is_working": true,
                    "name": "Hasselby Gard",
                    "rect": [
                        63,
                        358,
                        15,
                        95
                    ],
                    "text_id": 38,
                    "uid": 37
                },
                {
                    "coord": [
                        108,
                        346
                    ],
                    "is_working": true,
                    "name": "Johannelund",
                    "rect": [
                        100,
                        358,
                        15,
                        85
                    ],
                    "text_id": 39,
                    "uid": 38
                },
                {
                    "coord": [
                        145,
                        346
                    ],
                    "is_working": true,
                    "name": "Vallingby",
                    "rect": [
                        138,
                        358,
                        15,
                        63
                    ],
                    "text_id": 40,
                    "uid": 39
                },
                {
                    "coord": [
                        186,
                        346
                    ],
                    "is_working": true,
                    "name": "Racksta",
                    "rect": [
                        179,
                        358,
                        15,
                        55
                    ],
                    "text_id": 41,
                    "uid": 40
                },
                {
                    "coord": [
                        224,
                        346
                    ],
                    "is_working": true,
                    "name": "Blackeberg",
                    "rect": [
                        218,
                        358,
                        15,
                        78
                    ],
                    "text_id": 42,
                    "uid": 41
                },
                {
                    "coord": [
                        261,
                        346
                    ],
                    "is_working": true,
                    "name": "Islandstorget",
                    "rect": [
                        254,
                        358,
                        15,
                        92
                    ],
                    "text_id": 43,
                    "uid": 42
                },
                {
                    "coord": [
                        295,
                        346
                    ],
                    "is_working": true,
                    "name": "Angbyplan",
                    "rect": [
                        288,
                        358,
                        15,
                        70
                    ],
                    "text_id": 44,
                    "uid": 43
                },
                {
                    "coord": [
                        337,
                        346
                    ],
                    "is_working": true,
                    "name": "Akeshov",
                    "rect": [
                        330,
                        358,
                        15,
                        55
                    ],
                    "text_id": 45,
                    "uid": 44
                },
                {
                    "coord": [
                        379,
                        346
                    ],
                    "is_working": true,
                    "name": "Brommaplan",
                    "rect": [
                        372,
                        358,
                        15,
                        81
                    ],
                    "text_id": 46,
                    "uid": 45
                },
                {
                    "coord": [
                        417,
                        346
                    ],
                    "is_working": true,
                    "name": "Abrahamsberg",
                    "rect": [
                        410,
                        358,
                        15,
                        97
                    ],
                    "text_id": 47,
                    "uid": 46
                },
                {
                    "coord": [
                        452,
                        346
                    ],
                    "is_working": true,
                    "name": "Stora Mossen",
                    "rect": [
                        445,
                        358,
                        15,
                        88
                    ],
                    "text_id": 48,
                    "uid": 47
                },
                {
                    "coord": [
                        492,
                        346
                    ],
                    "is_working": true,
                    "name": "Alvik",
                    "rect": [
                        486,
                        358,
                        15,
                        34
                    ],
                    "text_id": 49,
                    "uid": 48
                },
                {
                    "coord": [
                        534,
                        346
                    ],
                    "is_working": true,
                    "name": "Kristineberg",
                    "rect": [
                        527,
                        358,
                        15,
                        83
                    ],
                    "text_id": 50,
                    "uid": 49
                },
                {
                    "coord": [
                        579,
                        346
                    ],
                    "is_working": true,
                    "name": "Thorildsplan",
                    "rect": [
                        572,
                        358,
                        15,
                        85
                    ],
                    "text_id": 51,
                    "uid": 50
                },
                {
                    "coord": [
                        639,
                        346
                    ],
                    "is_working": true,
                    "name": "Fridhemsplan",
                    "rect": [
                        630,
                        359,
                        15,
                        87
                    ],
                    "text_id": 52,
                    "uid": 51
                },
                {
                    "coord": [
                        682,
                        303
                    ],
                    "is_working": true,
                    "name": "Sankt Eriksplan",
                    "rect": [
                        675,
                        188,
                        15,
                        104
                    ],
                    "text_id": 53,
                    "uid": 52
                },
                {
                    "coord": [
                        719,
                        303
                    ],
                    "is_working": true,
                    "name": "Odenplan",
                    "rect": [
                        712,
                        230,
                        15,
                        62
                    ],
                    "text_id": 54,
                    "uid": 53
                },
                {
                    "coord": [
                        754,
                        303
                    ],
                    "is_working": true,
                    "name": "Radmansgatan",
                    "rect": [
                        749,
                        196,
                        15,
                        96
                    ],
                    "text_id": 55,
                    "uid": 54
                },
                {
                    "coord": [
                        767,
                        353
                    ],
                    "is_working": true,
                    "name": "Hotorget",
                    "rect": [
                        696,
                        335,
                        61,
                        15
                    ],
                    "text_id": 56,
                    "uid": 55
                },
                {
                    "coord": [
                        767,
                        401
                    ],
                    "is_working": true,
                    "name": "T-Centralen",
                    "rect": [
                        785,
                        390,
                        77,
                        15
                    ],
                    "text_id": 20,
                    "uid": 56
                },
                {
                    "coord": [
                        767,
                        458
                    ],
                    "is_working": true,
                    "name": "Gamla Stan",
                    "rect": [
                        781,
                        451,
                        73,
                        15
                    ],
                    "text_id": 19,
                    "uid": 57
                },
                {
                    "coord": [
                        767,
                        513
                    ],
                    "is_working": true,
                    "name": "Slussen",
                    "rect": [
                        781,
                        507,
                        52,
                        15
                    ],
                    "text_id": 18,
                    "uid": 58
                },
                {
                    "coord": [
                        767,
                        542
                    ],
                    "is_working": true,
                    "name": "Medborgarplatsen",
                    "rect": [
                        779,
                        535,
                        123,
                        15
                    ],
                    "text_id": 57,
                    "uid": 59
                },
                {
                    "coord": [
                        767,
                        572
                    ],
                    "is_working": true,
                    "name": "Skanstull",
                    "rect": [
                        779,
                        564,
                        66,
                        15
                    ],
                    "text_id": 58,
                    "uid": 60
                },
                {
                    "coord": [
                        767,
                        610
                    ],
                    "is_working": true,
                    "name": "Gullmarsplan",
                    "rect": [
                        779,
                        603,
                        91,
                        15
                    ],
                    "text_id": 59,
                    "uid": 61
                },
                {
                    "coord": [
                        748,
                        660
                    ],
                    "is_working": true,
                    "name": "Globen",
                    "rect": [
                        689,
                        647,
                        47,
                        15
                    ],
                    "text_id": 60,
                    "uid": 62
                },
                {
                    "coord": [
                        709,
                        699
                    ],
                    "is_working": true,
                    "name": "Enskede Gard",
                    "rect": [
                        608,
                        692,
                        89,
                        15
                    ],
                    "text_id": 61,
                    "uid": 63
                },
                {
                    "coord": [
                        709,
                        733
                    ],
                    "is_working": true,
                    "name": "Sockenplan",
                    "rect": [
                        620,
                        726,
                        77,
                        15
                    ],
                    "text_id": 62,
                    "uid": 64
                },
                {
                    "coord": [
                        709,
                        775
                    ],
                    "is_working": true,
                    "name": "Svedmyra",
                    "rect": [
                        634,
                        768,
                        63,
                        15
                    ],
                    "text_id": 63,
                    "uid": 65
                },
                {
                    "coord": [
                        709,
                        832
                    ],
                    "is_working": true,
                    "name": "Stureby",
                    "rect": [
                        644,
                        815,
                        53,
                        15
                    ],
                    "text_id": 64,
                    "uid": 66
                },
                {
                    "coord": [
                        683,
                        858
                    ],
                    "is_working": true,
                    "name": "Bandhagen",
                    "rect": [
                        695,
                        855,
                        73,
                        15
                    ],
                    "text_id": 65,
                    "uid": 67
                },
                {
                    "coord": [
                        655,
                        886
                    ],
                    "is_working": true,
                    "name": "Hogdalen",
                    "rect": [
                        667,
                        884,
                        63,
                        15
                    ],
                    "text_id": 66,
                    "uid": 68
                },
                {
                    "coord": [
                        628,
                        913
                    ],
                    "is_working": true,
                    "name": "Ragsved",
                    "rect": [
                        640,
                        910,
                        55,
                        15
                    ],
                    "text_id": 67,
                    "uid": 69
                },
                {
                    "coord": [
                        598,
                        943
                    ],
                    "is_working": true,
                    "name": "Hagsatra",
                    "rect": [
                        610,
                        940,
                        63,
                        15
                    ],
                    "text_id": 68,
                    "uid": 70
                },
                {
                    "coord": [
                        784,
                        658
                    ],
                    "is_working": true,
                    "name": "Skarmarbrink",
                    "rect": [
                        796,
                        644,
                        93,
                        15
                    ],
                    "text_id": 69,
                    "uid": 71
                },
                {
                    "coord": [
                        812,
                        708
                    ],
                    "is_working": true,
                    "name": "Blasut",
                    "rect": [
                        825,
                        701,
                        45,
                        15
                    ],
                    "text_id": 70,
                    "uid": 72
                },
                {
                    "coord": [
                        812,
                        754
                    ],
                    "is_working": true,
                    "name": "Sandsborg",
                    "rect": [
                        825,
                        746,
                        72,
                        15
                    ],
                    "text_id": 71,
                    "uid": 73
                },
                {
                    "coord": [
                        812,
                        803
                    ],
                    "is_working": true,
                    "name": "Skogskyrkogarden",
                    "rect": [
                        825,
                        796,
                        126,
                        15
                    ],
                    "text_id": 72,
                    "uid": 74
                },
                {
                    "coord": [
                        812,
                        845
                    ],
                    "is_working": true,
                    "name": "Tallkrogen",
                    "rect": [
                        825,
                        837,
                        75,
                        15
                    ],
                    "text_id": 73,
                    "uid": 75
                },
                {
                    "coord": [
                        812,
                        884
                    ],
                    "is_working": true,
                    "name": "Gubbangen",
                    "rect": [
                        825,
                        878,
                        73,
                        15
                    ],
                    "text_id": 74,
                    "uid": 76
                },
                {
                    "coord": [
                        812,
                        927
                    ],
                    "is_working": true,
                    "name": "Hokarangen",
                    "rect": [
                        825,
                        921,
                        81,
                        15
                    ],
                    "text_id": 75,
                    "uid": 77
                },
                {
                    "coord": [
                        812,
                        967
                    ],
                    "is_working": true,
                    "name": "Farsta",
                    "rect": [
                        825,
                        960,
                        45,
                        15
                    ],
                    "text_id": 76,
                    "uid": 78
                },
                {
                    "coord": [
                        812,
                        1005
                    ],
                    "is_working": true,
                    "name": "Farsta Strand",
                    "rect": [
                        825,
                        998,
                        93,
                        15
                    ],
                    "text_id": 77,
                    "uid": 79
                },
                {
                    "coord": [
                        896,
                        700
                    ],
                    "is_working": true,
                    "name": "Hammarbyhojden",
                    "rect": [
                        908,
                        685,
                        112,
                        15
                    ],
                    "text_id": 78,
                    "uid": 80
                },
                {
                    "coord": [
                        945,
                        749
                    ],
                    "is_working": true,
                    "name": "Bjorkhagen",
                    "rect": [
                        957,
                        734,
                        79,
                        15
                    ],
                    "text_id": 79,
                    "uid": 81
                },
                {
                    "coord": [
                        992,
                        796
                    ],
                    "is_working": true,
                    "name": "Karrtorp",
                    "rect": [
                        1004,
                        782,
                        63,
                        15
                    ],
                    "text_id": 80,
                    "uid": 82
                },
                {
                    "coord": [
                        1038,
                        842
                    ],
                    "is_working": true,
                    "name": "Bagarmossen",
                    "rect": [
                        938,
                        840,
                        88,
                        15
                    ],
                    "text_id": 81,
                    "uid": 83
                },
                {
                    "coord": [
                        1082,
                        886
                    ],
                    "is_working": true,
                    "name": "Skarpnack",
                    "rect": [
                        998,
                        884,
                        72,
                        15
                    ],
                    "text_id": 82,
                    "uid": 84
                }
            ],
            "text_id": 83
        },
        {
            "labels_bg_color": "-1",
            "labels_color": "187BB5",
            "line_color": "187BB5",
            "line_width": 11,
            "name": "3",
            "segments": [
                [
                    85,
                    86,
                    [
                        [
                            262,
                            89
                        ],
                        [
                            233,
                            60
                        ]
                    ],
                    true
                ],
                [
                    86,
                    87,
                    [
                        [
                            290,
                            117
                        ],
                        [
                            262,
                            89
                        ]
                    ],
                    true
                ],
                [
                    87,
                    88,
                    [
                        [
                            318,
                            145
                        ],
                        [
                            290,
                            117
                        ]
                    ],
                    true
                ],
                [
                    88,
                    89,
                    [
                        [
                            347,
                            174
                        ],
                        [
                            318,
                            145
                        ]
                    ],
                    true
                ],
                [
                    89,
                    90,
                    [
                        [
                            375,
                            202
                        ],
                        [
                            347,
                            174
                        ]
                    ],
                    true
                ],
                [
                    90,
                    91,
                    [
                        [
                            403,
                            230
                        ],
                        [
                            375,
                            202
                        ]
                    ],
                    true
                ],
                [
                    91,
                    92,
                    [
                        [
                            435,
                            262
                        ],
                        [
                            403,
                            230
                        ]
                    ],
                    true
                ],
                [
                    92,
                    93,
                    [
                        [
                            571,
                            262
                        ],
                        [
                            435,
                            262
                        ]
                    ],
                    true
                ],
                [
                    93,
                    94,
                    [
                        [
                            607,
                            298
                        ],
                        [
                            571,
                            262
                        ]
                    ],
                    true
                ],
                [
                    93,
                    104,
                    [
                        [
                            499,
                            190
                        ],
                        [
                            571,
                            262
                        ]
                    ],
                    true
                ],
                [
                    94,
                    95,
                    [
                        [
                            639,
                            330
                        ],
                        [
                            607,
                            298
                        ]
                    ],
                    true
                ],
                [
                    95,
                    96,
                    [
                        [
                            687,
                            378
                        ],
                        [
                            639,
                            330
                        ]
                    ],
                    true
                ],
                [
                    96,
                    97,
                    [
                        [
                            733,
                            401
                        ],
                        [
                            710.0,
                            401.0
                        ],
                        [
                            687,
                            378
                        ]
                    ],
                    true
                ],
                [
                    97,
                    98,
                    [
                        [
                            812,
                            430
                        ],
                        [
                            783.0,
                            401.0
                        ],
                        [
                            733,
                            401
                        ]
                    ],
                    true
                ],
                [
                    99,
                    100,
                    [
                        [
                            371,
                            62
                        ],
                        [
                            339,
                            30
                        ]
                    ],
                    true
                ],
                [
                    100,
                    101,
                    [
                        [
                            403,
                            94
                        ],
                        [
                            371,
                            62
                        ]
                    ],
                    true
                ],
                [
                    101,
                    102,
                    [
                        [
                            435,
                            126
                        ],
                        [
                            403,
                            94
                        ]
                    ],
                    true
                ],
                [
                    102,
                    103,
                    [
                        [
                            467,
                            158
                        ],
                        [
                            435,
                            126
                        ]
                    ],
                    true
                ],
                [
                    103,
                    104,
                    [
                        [
                            499,
                            190
                        ],
                        [
                            467,
                            158
                        ]
                    ],
                    true
                ]
            ],
            "stations": [
                {
                    "coord": [
                        233,
                        60
                    ],
                    "is_working": true,
                    "name": "Hjulsta",
                    "rect": [
                        170,
                        53,
                        51,
                        15
                    ],
                    "text_id": 84,
                    "uid": 85
                },
                {
                    "coord": [
                        262,
                        89
                    ],
                    "is_working": true,
                    "name": "Tensta",
                    "rect": [
                        206,
                        87,
                        44,
                        15
                    ],
                    "text_id": 85,
                    "uid": 86
                },
                {
                    "coord": [
                        290,
                        117
                    ],
                    "is_working": true,
                    "name": "Rinkeby",
                    "rect": [
                        227,
                        114,
                        51,
                        15
                    ],
                    "text_id": 86,
                    "uid": 87
                },
                {
                    "coord": [
                        318,
                        145
                    ],
                    "is_working": true,
                    "name": "Rissne",
                    "rect": [
                        264,
                        142,
                        42,
                        15
                    ],
                    "text_id": 87,
                    "uid": 88
                },
                {
                    "coord": [
                        347,
                        174
                    ],
                    "is_working": true,
                    "name": "Duvbo",
                    "rect": [
                        294,
                        171,
                        41,
                        15
                    ],
                    "text_id": 88,
                    "uid": 89
                },
                {
                    "coord": [
                        375,
                        202
                    ],
                    "is_working": true,
                    "name": "Sundbybergs Centrum",
                    "rect": [
                        220,
                        199,
                        143,
                        15
                    ],
                    "text_id": 89,
                    "uid": 90
                },
                {
                    "coord": [
                        403,
                        230
                    ],
                    "is_working": true,
                    "name": "Solna strand",
                    "rect": [
                        304,
                        227,
                        87,
                        15
                    ],
                    "text_id": 90,
                    "uid": 91
                },
                {
                    "coord": [
                        435,
                        262
                    ],
                    "is_working": true,
                    "name": "Huvudsta",
                    "rect": [
                        361,
                        259,
                        62,
                        15
                    ],
                    "text_id": 91,
                    "uid": 92
                },
                {
                    "coord": [
                        571,
                        262
                    ],
                    "is_working": true,
                    "name": "Vastra Skogen",
                    "rect": [
                        477,
                        273,
                        95,
                        15
                    ],
                    "text_id": 92,
                    "uid": 93
                },
                {
                    "coord": [
                        607,
                        298
                    ],
                    "is_working": true,
                    "name": "Stadshagen",
                    "rect": [
                        518,
                        296,
                        77,
                        15
                    ],
                    "text_id": 93,
                    "uid": 94
                },
                {
                    "coord": [
                        639,
                        330
                    ],
                    "is_working": true,
                    "name": "Fridhemsplan",
                    "rect": [
                        533,
                        322,
                        87,
                        15
                    ],
                    "text_id": 52,
                    "uid": 95
                },
                {
                    "coord": [
                        687,
                        378
                    ],
                    "is_working": true,
                    "name": "Radhuset",
                    "rect": [
                        683,
                        353,
                        62,
                        15
                    ],
                    "text_id": 94,
                    "uid": 96
                },
                {
                    "coord": [
                        733,
                        401
                    ],
                    "is_working": true,
                    "name": "T-Centralen",
                    "rect": [
                        661,
                        412,
                        77,
                        15
                    ],
                    "text_id": 20,
                    "uid": 97
                },
                {
                    "coord": [
                        812,
                        430
                    ],
                    "is_working": true,
                    "name": "Kungstradgarden",
                    "rect": [
                        823,
                        422,
                        118,
                        15
                    ],
                    "text_id": 95,
                    "uid": 98
                },
                {
                    "coord": [
                        339,
                        30
                    ],
                    "is_working": true,
                    "name": "Akalla",
                    "rect": [
                        352,
                        18,
                        46,
                        15
                    ],
                    "text_id": 96,
                    "uid": 99
                },
                {
                    "coord": [
                        371,
                        62
                    ],
                    "is_working": true,
                    "name": "Husby",
                    "rect": [
                        384,
                        51,
                        40,
                        15
                    ],
                    "text_id": 97,
                    "uid": 100
                },
                {
                    "coord": [
                        403,
                        94
                    ],
                    "is_working": true,
                    "name": "Kista",
                    "rect": [
                        415,
                        82,
                        34,
                        15
                    ],
                    "text_id": 98,
                    "uid": 101
                },
                {
                    "coord": [
                        435,
                        126
                    ],
                    "is_working": true,
                    "name": "Hallonbergen",
                    "rect": [
                        447,
                        113,
                        92,
                        15
                    ],
                    "text_id": 99,
                    "uid": 102
                },
                {
                    "coord": [
                        467,
                        158
                    ],
                    "is_working": true,
                    "name": "Nackrosen",
                    "rect": [
                        479,
                        146,
                        72,
                        15
                    ],
                    "text_id": 100,
                    "uid": 103
                },
                {
                    "coord": [
                        499,
                        190
                    ],
                    "is_working": true,
                    "name": "Solna Centrum",
                    "rect": [
                        511,
                        177,
                        96,
                        15
                    ],
                    "text_id": 101,
                    "uid": 104
                }
            ],
            "text_id": 102
        }
    ],
    "lines_width": 11,
    "name": "metro",
    "name_text_id": 103,
    "stations_diameter": 18.0,
    "transfers": [
        [
            18,
            58,
            [
                750,
                513
            ],
            [
                767,
                513
            ]
        ],
        [
            19,
            57,
            [
                750,
                458
            ],
            [
                767,
                458
            ]
        ],
        [
            20,
            56,
            [
                750,
                401
            ],
            [
                767,
                401
            ]
        ],
        [
            20,
            97,
            [
                750,
                401
            ],
            [
                733,
                401
            ]
        ],
        [
            56,
            97,
            [
                767,
                401
            ],
            [
                733,
                401
            ]
        ],
        [
            51,
            95,
            [
                639,
                346
            ],
            [
                639,
                330
            ]
        ]
    ],
    "transports": [
        "metro"
    ],
    "type_name": "ROOT",
    "type_text_id": 104,
    "upper_case": true,
    "width": 1232,
    "word_wrap": false
}