{
    "0": "Union Station",
    "1": "Civic Center",
    "2": "Pershing Square",
    "3": "7th Street/Metro Center",
    "4": "Westlake/MacArthur Park",
    "5": "Wilshire/Vermont",
    "6": "Wilshire/Normandie",
    "7": "Wilshire/Western",
    "8": "Vermont/Beverly",
    "9": "Vermont/Santa Monica",
    "10": "Vermont/Sunset",
    "11": "Hollywood/Western",
    "12": "Hollywood/Vine",
    "13": "Hollywood/Highland",
    "14": "Universal City",
    "15": "North Hollywood",
    "16": "Red Line",
    "17": "Pico",
    "18": "Grand",
    "19": "San Pedro",
    "20": "Washington",
    "21": "Vernon",
    "22": "Slauson",
    "23": "Florence",
    "24": "Firestone",
    "25": "103rd Street",
    "26": "Imperial/Wilmington",
    "27": "Compton",
    "28": "Artesia",
    "29": "Del Amo",
    "30": "Wardlow",
    "31": "Willow",
    "32": "Pacific Coast Highway",
    "33": "Anaheim",
    "34": "5th Street",
    "35": "1st Street",
    "36": "Transit Mall",
    "37": "Pacific",
    "38": "Blue Line",
    "39": "Norwalk",
    "40": "Lakewood",
    "41": "Long Beach",
    "42": "Avalon",
    "43": "Harbor Freeway",
    "44": "Vermont",
    "45": "Crenshaw",
    "46": "Hawthorne",
    "47": "Aviation/LAX",
    "48": "Mariposa",
    "49": "El Segundo",
    "50": "Douglas",
    "51": "Redondo Beach",
    "52": "Green Line",
    "53": "Atlantic",
    "54": "East L.A. Civic Center",
    "55": "Maravilla",
    "56": "Indiana",
    "57": "Soto",
    "58": "Mariachi Plaza",
    "59": "Pico/Aliso",
    "60": "Little Tokyo/Arts District",
    "61": "Chinatown",
    "62": "Lincoln/Cypress",
    "63": "Heritage Square",
    "64": "Southwest Museum",
    "65": "Highland Park",
    "66": "Mission",
    "67": "Fillmore",
    "68": "Del Mar",
    "69": "Memorial Park",
    "70": "Lake",
    "71": "Allen",
    "72": "Sierra Madre Villa",
    "73": "Gold Line",
    "74": "23rd Street",
    "75": "Jefferson/USC",
    "76": "Expo Park/USC",
    "77": "Expo/Vermont",
    "78": "Expo/Western",
    "79": "Expo/Crenshaw",
    "80": "Farmdale",
    "81": "Expo/La Brea",
    "82": "La Cienega / Jefferson",
    "83": "Culver City",
    "84": "Expo Line",
    "85": "Metro",
    "86": "ROOT",
    "87": "Shema ot 05.06.2013g.\nAvtor: Varlamov Dmitrij (www.chpeks.com)",
    "88": "Imported from http://pmetro.su"
}