{
    "lines": [
        {
            "delays": [],
            "name": "1",
            "scheme": null,
            "segments": [
                [
                    0,
                    1,
                    0
                ],
                [
                    1,
                    0,
                    0
                ],
                [
                    1,
                    2,
                    0
                ],
                [
                    2,
                    1,
                    0
                ],
                [
                    2,
                    3,
                    0
                ],
                [
                    3,
                    2,
                    0
                ],
                [
                    3,
                    4,
                    0
                ],
                [
                    4,
                    3,
                    0
                ],
                [
                    4,
                    5,
                    0
                ],
                [
                    5,
                    4,
                    0
                ],
                [
                    5,
                    6,
                    0
                ],
                [
                    6,
                    5,
                    0
                ],
                [
                    6,
                    7,
                    120
                ],
                [
                    7,
                    6,
                    120
                ],
                [
                    7,
                    8,
                    120
                ],
                [
                    8,
                    7,
                    120
                ],
                [
                    8,
                    9,
                    120
                ],
                [
                    9,
                    8,
                    120
                ],
                [
                    9,
                    10,
                    120
                ],
                [
                    10,
                    9,
                    120
                ],
                [
                    10,
                    11,
                    120
                ],
                [
                    11,
                    10,
                    120
                ],
                [
                    11,
                    12,
                    120
                ],
                [
                    12,
                    11,
                    120
                ],
                [
                    12,
                    13,
                    120
                ],
                [
                    13,
                    12,
                    120
                ],
                [
                    13,
                    14,
                    120
                ],
                [
                    14,
                    13,
                    120
                ],
                [
                    14,
                    15,
                    120
                ],
                [
                    15,
                    14,
                    120
                ],
                [
                    15,
                    16,
                    120
                ],
                [
                    16,
                    15,
                    120
                ],
                [
                    16,
                    17,
                    120
                ],
                [
                    17,
                    16,
                    120
                ]
            ],
            "stations": [
                [
                    0,
                    "Huancheng Nanlu",
                    0
                ],
                [
                    1,
                    "Kunming Huochezhan",
                    1
                ],
                [
                    2,
                    "Fude",
                    2
                ],
                [
                    3,
                    "Rixin Lu",
                    3
                ],
                [
                    4,
                    "Wujiaba",
                    4
                ],
                [
                    5,
                    "Changhong Xilu",
                    5
                ],
                [
                    6,
                    "Xiaodong Cun",
                    6
                ],
                [
                    7,
                    "Erji Lu",
                    7
                ],
                [
                    8,
                    "Xingyao Lu",
                    8
                ],
                [
                    9,
                    "Xin Yazhou Tiyucheng",
                    9
                ],
                [
                    10,
                    "South Bus Station",
                    10
                ],
                [
                    11,
                    "Dounan",
                    11
                ],
                [
                    12,
                    "Chunrong Jie",
                    12
                ],
                [
                    13,
                    "Tuofeng Jie",
                    13
                ],
                [
                    14,
                    "Lianda Jie",
                    14
                ],
                [
                    15,
                    "Yikang Nanlu",
                    15
                ],
                [
                    16,
                    "University City",
                    16
                ],
                [
                    17,
                    "University City South",
                    17
                ]
            ],
            "text_id": 18
        },
        {
            "delays": [],
            "name": "2",
            "scheme": null,
            "segments": [
                [
                    18,
                    19,
                    0
                ],
                [
                    19,
                    18,
                    0
                ],
                [
                    19,
                    20,
                    0
                ],
                [
                    20,
                    19,
                    0
                ],
                [
                    20,
                    21,
                    0
                ],
                [
                    21,
                    20,
                    0
                ],
                [
                    21,
                    22,
                    0
                ],
                [
                    22,
                    21,
                    0
                ],
                [
                    22,
                    23,
                    0
                ],
                [
                    23,
                    22,
                    0
                ],
                [
                    23,
                    24,
                    0
                ],
                [
                    24,
                    23,
                    0
                ],
                [
                    24,
                    25,
                    0
                ],
                [
                    25,
                    24,
                    0
                ],
                [
                    25,
                    26,
                    0
                ],
                [
                    26,
                    25,
                    0
                ],
                [
                    26,
                    27,
                    0
                ],
                [
                    27,
                    26,
                    0
                ],
                [
                    27,
                    28,
                    0
                ],
                [
                    28,
                    27,
                    0
                ],
                [
                    28,
                    29,
                    0
                ],
                [
                    29,
                    28,
                    0
                ],
                [
                    29,
                    30,
                    0
                ],
                [
                    30,
                    29,
                    0
                ],
                [
                    30,
                    31,
                    0
                ],
                [
                    31,
                    30,
                    0
                ]
            ],
            "stations": [
                [
                    18,
                    "North Bus Stn",
                    19
                ],
                [
                    19,
                    "Longtou Jie",
                    20
                ],
                [
                    20,
                    "Sijia Ying",
                    21
                ],
                [
                    21,
                    "Yangchang Cun",
                    22
                ],
                [
                    22,
                    "Linyuqiao",
                    23
                ],
                [
                    23,
                    "Beichen",
                    24
                ],
                [
                    24,
                    "Jinxing",
                    25
                ],
                [
                    25,
                    "Baiyun Lu",
                    26
                ],
                [
                    26,
                    "Huoche Beizhan",
                    27
                ],
                [
                    27,
                    "Chuanxin Gulou",
                    28
                ],
                [
                    28,
                    "Jiaosanqiao",
                    29
                ],
                [
                    29,
                    "Dongfeng Guangchang",
                    30
                ],
                [
                    30,
                    "Tangzi Xiang",
                    31
                ],
                [
                    31,
                    "Huancheng Nanlu",
                    0
                ]
            ],
            "text_id": 32
        },
        {
            "delays": [],
            "name": "3",
            "scheme": null,
            "segments": [
                [
                    32,
                    33,
                    0
                ],
                [
                    33,
                    32,
                    0
                ],
                [
                    33,
                    34,
                    0
                ],
                [
                    34,
                    33,
                    0
                ],
                [
                    34,
                    35,
                    0
                ],
                [
                    35,
                    34,
                    0
                ],
                [
                    35,
                    36,
                    0
                ],
                [
                    36,
                    35,
                    0
                ],
                [
                    36,
                    37,
                    0
                ],
                [
                    37,
                    36,
                    0
                ],
                [
                    37,
                    38,
                    0
                ],
                [
                    38,
                    37,
                    0
                ],
                [
                    38,
                    39,
                    0
                ],
                [
                    39,
                    38,
                    0
                ],
                [
                    39,
                    40,
                    0
                ],
                [
                    40,
                    39,
                    0
                ],
                [
                    40,
                    41,
                    0
                ],
                [
                    41,
                    40,
                    0
                ],
                [
                    41,
                    42,
                    0
                ],
                [
                    42,
                    41,
                    0
                ],
                [
                    42,
                    43,
                    0
                ],
                [
                    43,
                    42,
                    0
                ],
                [
                    43,
                    44,
                    0
                ],
                [
                    44,
                    43,
                    0
                ],
                [
                    44,
                    45,
                    0
                ],
                [
                    45,
                    44,
                    0
                ],
                [
                    45,
                    46,
                    0
                ],
                [
                    46,
                    45,
                    0
                ],
                [
                    46,
                    47,
                    0
                ],
                [
                    47,
                    46,
                    0
                ],
                [
                    47,
                    48,
                    0
                ],
                [
                    48,
                    47,
                    0
                ]
            ],
            "stations": [
                [
                    32,
                    "Shizui",
                    33
                ],
                [
                    33,
                    "Dayu Lu",
                    34
                ],
                [
                    34,
                    "West Bus Station",
                    35
                ],
                [
                    35,
                    "Mianshan",
                    36
                ],
                [
                    36,
                    "Changyuan Zhonglu",
                    37
                ],
                [
                    37,
                    "Xiyuan",
                    38
                ],
                [
                    38,
                    "Liangjia He",
                    39
                ],
                [
                    39,
                    "Shi Tiyuguan",
                    40
                ],
                [
                    40,
                    "Panjiawan",
                    41
                ],
                [
                    41,
                    "Wuyi Lu",
                    42
                ],
                [
                    42,
                    "Dongfeng Guangchang",
                    30
                ],
                [
                    43,
                    "Tuodong Tiyuguan",
                    43
                ],
                [
                    44,
                    "Dashuying",
                    44
                ],
                [
                    45,
                    "Jinma Si",
                    45
                ],
                [
                    46,
                    "Taiping Cun",
                    46
                ],
                [
                    47,
                    "Hongqiao",
                    47
                ],
                [
                    48,
                    "East Bus Station",
                    48
                ]
            ],
            "text_id": 49
        },
        {
            "delays": [],
            "name": "6",
            "scheme": null,
            "segments": [
                [
                    49,
                    50,
                    null
                ],
                [
                    49,
                    52,
                    360
                ],
                [
                    50,
                    49,
                    null
                ],
                [
                    50,
                    51,
                    0
                ],
                [
                    51,
                    50,
                    0
                ],
                [
                    51,
                    52,
                    0
                ],
                [
                    52,
                    49,
                    360
                ],
                [
                    52,
                    51,
                    null
                ]
            ],
            "stations": [
                [
                    49,
                    "East Bus Station",
                    48
                ],
                [
                    50,
                    "Dabanqiao",
                    50
                ],
                [
                    51,
                    "Airport Front",
                    51
                ],
                [
                    52,
                    "Airport Center",
                    52
                ]
            ],
            "text_id": 53
        }
    ],
    "name": "metro",
    "transfers": [
        [
            48,
            49,
            120,
            true
        ],
        [
            42,
            29,
            120,
            true
        ],
        [
            0,
            31,
            120,
            true
        ]
    ],
    "type_name": "Метро"
}