{
    "default_transports": [
        "metro"
    ],
    "height": 713,
    "images": [
        "res/schemes/kitakyushu.svg"
    ],
    "is_vector": true,
    "lines": [
        {
            "labels_bg_color": "-1",
            "labels_color": "3333CC",
            "line_color": "3333CC",
            "line_width": 7,
            "name": "Monorail",
            "segments": [
                [
                    0,
                    1,
                    [
                        [
                            262,
                            123
                        ],
                        [
                            266,
                            104
                        ]
                    ],
                    true
                ],
                [
                    1,
                    2,
                    [
                        [
                            255.0,
                            141.0
                        ],
                        [
                            255.55,
                            139.88
                        ],
                        [
                            256.09,
                            138.75
                        ],
                        [
                            256.62,
                            137.62
                        ],
                        [
                            257.12,
                            136.5
                        ],
                        [
                            257.62,
                            135.38
                        ],
                        [
                            258.09,
                            134.25
                        ],
                        [
                            258.55,
                            133.12
                        ],
                        [
                            259.0,
                            132.0
                        ],
                        [
                            259.43,
                            130.88
                        ],
                        [
                            259.84,
                            129.75
                        ],
                        [
                            260.24,
                            128.62
                        ],
                        [
                            260.62,
                            127.5
                        ],
                        [
                            260.99,
                            126.38
                        ],
                        [
                            261.34,
                            125.25
                        ],
                        [
                            261.68,
                            124.12
                        ],
                        [
                            262.0,
                            123.0
                        ]
                    ],
                    true
                ],
                [
                    2,
                    3,
                    [
                        [
                            258.0,
                            192.0
                        ],
                        [
                            258.09,
                            189.09
                        ],
                        [
                            258.12,
                            186.22
                        ],
                        [
                            258.09,
                            183.4
                        ],
                        [
                            258.0,
                            180.62
                        ],
                        [
                            257.87,
                            177.91
                        ],
                        [
                            257.67,
                            175.24
                        ],
                        [
                            257.4,
                            172.61
                        ],
                        [
                            257.0,
                            170.0
                        ],
                        [
                            256.4,
                            167.36
                        ],
                        [
                            255.7,
                            164.76
                        ],
                        [
                            254.98,
                            162.22
                        ],
                        [
                            254.25,
                            159.75
                        ],
                        [
                            253.55,
                            157.38
                        ],
                        [
                            252.92,
                            155.12
                        ],
                        [
                            252.38,
                            152.98
                        ],
                        [
                            252.0,
                            151.0
                        ],
                        [
                            251.88,
                            149.23
                        ],
                        [
                            251.95,
                            147.63
                        ],
                        [
                            252.16,
                            146.18
                        ],
                        [
                            252.5,
                            144.88
                        ],
                        [
                            252.94,
                            143.7
                        ],
                        [
                            253.5,
                            142.66
                        ],
                        [
                            254.19,
                            141.76
                        ],
                        [
                            255.0,
                            141.0
                        ]
                    ],
                    true
                ],
                [
                    3,
                    4,
                    [
                        [
                            256,
                            245
                        ],
                        [
                            258,
                            192
                        ]
                    ],
                    true
                ],
                [
                    4,
                    5,
                    [
                        [
                            253.0,
                            295.0
                        ],
                        [
                            253.3,
                            292.81
                        ],
                        [
                            253.59,
                            290.5
                        ],
                        [
                            253.87,
                            288.06
                        ],
                        [
                            254.12,
                            285.5
                        ],
                        [
                            254.37,
                            282.81
                        ],
                        [
                            254.59,
                            280.0
                        ],
                        [
                            254.8,
                            277.06
                        ],
                        [
                            255.0,
                            274.0
                        ],
                        [
                            255.18,
                            270.81
                        ],
                        [
                            255.34,
                            267.5
                        ],
                        [
                            255.49,
                            264.06
                        ],
                        [
                            255.62,
                            260.5
                        ],
                        [
                            255.74,
                            256.81
                        ],
                        [
                            255.84,
                            253.0
                        ],
                        [
                            255.93,
                            249.06
                        ],
                        [
                            256.0,
                            245.0
                        ]
                    ],
                    true
                ],
                [
                    5,
                    6,
                    [
                        [
                            244,
                            356
                        ],
                        [
                            253,
                            295
                        ]
                    ],
                    true
                ],
                [
                    6,
                    7,
                    [
                        [
                            236,
                            401
                        ],
                        [
                            244,
                            356
                        ]
                    ],
                    true
                ],
                [
                    7,
                    8,
                    [
                        [
                            212.0,
                            445.0
                        ],
                        [
                            213.97,
                            442.95
                        ],
                        [
                            215.88,
                            440.81
                        ],
                        [
                            217.72,
                            438.58
                        ],
                        [
                            219.5,
                            436.25
                        ],
                        [
                            221.22,
                            433.83
                        ],
                        [
                            222.88,
                            431.31
                        ],
                        [
                            224.47,
                            428.7
                        ],
                        [
                            226.0,
                            426.0
                        ],
                        [
                            227.47,
                            423.2
                        ],
                        [
                            228.88,
                            420.31
                        ],
                        [
                            230.22,
                            417.33
                        ],
                        [
                            231.5,
                            414.25
                        ],
                        [
                            232.72,
                            411.08
                        ],
                        [
                            233.88,
                            407.81
                        ],
                        [
                            234.97,
                            404.45
                        ],
                        [
                            236.0,
                            401.0
                        ]
                    ],
                    true
                ],
                [
                    8,
                    9,
                    [
                        [
                            183.0,
                            486.0
                        ],
                        [
                            183.29,
                            484.49
                        ],
                        [
                            183.78,
                            482.84
                        ],
                        [
                            184.48,
                            481.05
                        ],
                        [
                            185.38,
                            479.12
                        ],
                        [
                            186.48,
                            477.05
                        ],
                        [
                            187.78,
                            474.84
                        ],
                        [
                            189.29,
                            472.49
                        ],
                        [
                            191.0,
                            470.0
                        ],
                        [
                            192.91,
                            467.37
                        ],
                        [
                            195.03,
                            464.59
                        ],
                        [
                            197.35,
                            461.68
                        ],
                        [
                            199.88,
                            458.62
                        ],
                        [
                            202.6,
                            455.43
                        ],
                        [
                            205.53,
                            452.09
                        ],
                        [
                            208.66,
                            448.62
                        ],
                        [
                            212.0,
                            445.0
                        ]
                    ],
                    true
                ],
                [
                    9,
                    10,
                    [
                        [
                            163,
                            526
                        ],
                        [
                            183,
                            486
                        ]
                    ],
                    true
                ],
                [
                    10,
                    11,
                    [
                        [
                            208.0,
                            542.0
                        ],
                        [
                            205.9,
                            540.69
                        ],
                        [
                            203.72,
                            539.5
                        ],
                        [
                            201.45,
                            538.44
                        ],
                        [
                            199.12,
                            537.5
                        ],
                        [
                            196.77,
                            536.65
                        ],
                        [
                            194.32,
                            535.93
                        ],
                        [
                            191.77,
                            535.35
                        ],
                        [
                            189.0,
                            535.0
                        ],
                        [
                            185.84,
                            534.99
                        ],
                        [
                            182.52,
                            535.17
                        ],
                        [
                            179.2,
                            535.41
                        ],
                        [
                            175.94,
                            535.69
                        ],
                        [
                            172.81,
                            535.94
                        ],
                        [
                            169.89,
                            536.11
                        ],
                        [
                            167.23,
                            536.17
                        ],
                        [
                            165.0,
                            536.0
                        ],
                        [
                            163.43,
                            535.44
                        ],
                        [
                            162.33,
                            534.61
                        ],
                        [
                            161.61,
                            533.58
                        ],
                        [
                            161.25,
                            532.38
                        ],
                        [
                            161.18,
                            531.03
                        ],
                        [
                            161.44,
                            529.53
                        ],
                        [
                            162.05,
                            527.85
                        ],
                        [
                            163.0,
                            526.0
                        ]
                    ],
                    true
                ],
                [
                    11,
                    12,
                    [
                        [
                            240,
                            563
                        ],
                        [
                            208,
                            542
                        ]
                    ],
                    true
                ]
            ],
            "stations": [
                {
                    "coord": [
                        266,
                        104
                    ],
                    "is_working": true,
                    "name": "Kokura",
                    "rect": [
                        219,
                        96,
                        38,
                        15
                    ],
                    "text_id": 0,
                    "uid": 0
                },
                {
                    "coord": [
                        262,
                        123
                    ],
                    "is_working": true,
                    "name": "Heiwadori",
                    "rect": [
                        200,
                        115,
                        52,
                        15
                    ],
                    "text_id": 1,
                    "uid": 1
                },
                {
                    "coord": [
                        255,
                        141
                    ],
                    "is_working": true,
                    "name": "Tanga",
                    "rect": [
                        265,
                        137,
                        32,
                        15
                    ],
                    "text_id": 2,
                    "uid": 2
                },
                {
                    "coord": [
                        258,
                        192
                    ],
                    "is_working": true,
                    "name": "Kawaraguchi Mihagino",
                    "rect": [
                        267,
                        186,
                        115,
                        15
                    ],
                    "text_id": 3,
                    "uid": 3
                },
                {
                    "coord": [
                        256,
                        245
                    ],
                    "is_working": true,
                    "name": "Katano",
                    "rect": [
                        266,
                        239,
                        37,
                        15
                    ],
                    "text_id": 4,
                    "uid": 4
                },
                {
                    "coord": [
                        253,
                        295
                    ],
                    "is_working": true,
                    "name": "Jono",
                    "rect": [
                        217,
                        287,
                        26,
                        15
                    ],
                    "text_id": 5,
                    "uid": 5
                },
                {
                    "coord": [
                        244,
                        356
                    ],
                    "is_working": true,
                    "name": "Kitagata",
                    "rect": [
                        191,
                        348,
                        43,
                        15
                    ],
                    "text_id": 6,
                    "uid": 6
                },
                {
                    "coord": [
                        236,
                        401
                    ],
                    "is_working": true,
                    "name": "Keibajomae",
                    "rect": [
                        165,
                        393,
                        61,
                        15
                    ],
                    "text_id": 7,
                    "uid": 7
                },
                {
                    "coord": [
                        212,
                        445
                    ],
                    "is_working": true,
                    "name": "Moritsune",
                    "rect": [
                        151,
                        434,
                        51,
                        15
                    ],
                    "text_id": 8,
                    "uid": 8
                },
                {
                    "coord": [
                        183,
                        486
                    ],
                    "is_working": true,
                    "name": "Tokuriki Kodanmae",
                    "rect": [
                        75,
                        477,
                        98,
                        15
                    ],
                    "text_id": 9,
                    "uid": 9
                },
                {
                    "coord": [
                        163,
                        526
                    ],
                    "is_working": true,
                    "name": "Tokuriki Arashiyamaguchi",
                    "rect": [
                        21,
                        518,
                        132,
                        15
                    ],
                    "text_id": 10,
                    "uid": 10
                },
                {
                    "coord": [
                        208,
                        542
                    ],
                    "is_working": true,
                    "name": "Shii",
                    "rect": [
                        178,
                        543,
                        21,
                        15
                    ],
                    "text_id": 11,
                    "uid": 11
                },
                {
                    "coord": [
                        240,
                        563
                    ],
                    "is_working": true,
                    "name": "Kikugaoka",
                    "rect": [
                        190,
                        573,
                        55,
                        15
                    ],
                    "text_id": 12,
                    "uid": 12
                }
            ],
            "text_id": 13
        }
    ],
    "lines_width": 7,
    "name": "metro",
    "name_text_id": 14,
    "stations_diameter": 13.0,
    "transfers": [],
    "transports": [
        "metro"
    ],
    "type_name": "ROOT",
    "type_text_id": 15,
    "upper_case": false,
    "width": 416,
    "word_wrap": false
}