{
    "0": "Colma",
    "1": "Daly City",
    "2": "Balboa Park",
    "3": "Glen Park",
    "4": "24th Street Mission",
    "5": "16th Street Mission",
    "6": "Civic Center",
    "7": "Powell Street",
    "8": "Montgomery Street",
    "9": "Embarcadero",
    "10": "West Oakland",
    "11": "Oakland City Center/12 Street",
    "12": "19 Street Oakland",
    "13": "Macarthur",
    "14": "Ashby",
    "15": "Downtown Berkeley",
    "16": "North Berkeley",
    "17": "El Cerrito Plaza",
    "18": "El Cerrito Del Norte",
    "19": "Richmond",
    "20": "L1",
    "21": "San Francisco Airport International Terminal",
    "22": "A1",
    "23": "Airport Terminal A",
    "24": "A2",
    "25": "Lake Merritt",
    "26": "Fruitvale",
    "27": "Coliseum Oakland Airport",
    "28": "San Leandro",
    "29": "Bay Fair",
    "30": "Hayward",
    "31": "South Hayward",
    "32": "Union City",
    "33": "Fremont",
    "34": "L2",
    "35": "L3",
    "36": "Rockridge",
    "37": "Orinda",
    "38": "Lafayette",
    "39": "Walnut Creek",
    "40": "Pleasant Hill",
    "41": "Concord",
    "42": "North Concord/Martinez",
    "43": "Pittsburg Bay Point",
    "44": "L4",
    "45": "Castro Valley",
    "46": "Dublin/Pleasanton",
    "47": "L5",
    "48": "Oakland International Airport",
    "49": "Air-Bart Shuttle",
    "50": "Fremont Dumbarton",
    "51": "Newark",
    "52": "Menlo Park1",
    "53": "Palo Alto",
    "54": "Dumbarton Express",
    "55": "Old Ironsides",
    "56": "Great America",
    "57": "Lick Mill",
    "58": "Champion",
    "59": "Tasman",
    "60": "River Oaks",
    "61": "Orchard",
    "62": "Bonaventura",
    "63": "Component",
    "64": "Karina",
    "65": "Metro/Airport",
    "66": "Gish",
    "67": "Civic Center1",
    "68": "Japantown/Ayer",
    "69": "St James",
    "70": "Santa Clara",
    "71": "Paseo de San Antonio",
    "72": "Convention Center",
    "73": "Technology Center",
    "74": "Virginia",
    "75": "Tamien",
    "76": "Curtner",
    "77": "Capitol",
    "78": "Brahnam",
    "79": "Ohlone/Chynoweth",
    "80": "Blossom Hill",
    "81": "Snell",
    "82": "Cottle",
    "83": "San Teresa",
    "84": "Oakridge",
    "85": "Almaden",
    "86": "SCVTA Light Rail Transit",
    "87": "San Francisco",
    "88": "22nd Street",
    "89": "Paul Avenue",
    "90": "Bayshore",
    "91": "South San Francisco",
    "92": "San Bruno",
    "93": "Millbrae",
    "94": "Broadway",
    "95": "Burlingame",
    "96": "San Mateo",
    "97": "Hayward Park",
    "98": "Hillsdale",
    "99": "Belmont",
    "100": "San Carlos",
    "101": "Redwood City",
    "102": "Atherton",
    "103": "Menlo Park",
    "104": "California Avenue",
    "105": "San Antonio",
    "106": "Castro",
    "107": "Mountain View",
    "108": "Sunnyvale",
    "109": "Lawrence",
    "110": "Santa Clara1",
    "111": "College Park",
    "112": "San Jose Diridon",
    "113": "Morgan Hill",
    "114": "San Martin",
    "115": "Gilroy",
    "116": "Caltrain",
    "117": "Tram",
    "118": "ROOT",
    "119": "Shema ot 11.09.2006g.",
    "120": "Imported from http://pmetro.su"
}