{
    "0": "Dubravnaja",
    "1": "Prospekt Pobedy",
    "2": "Gorki",
    "3": "Amet'evo",
    "4": "Sukonnaja sloboda",
    "5": "Ploschad' Tukaja",
    "6": "Kremlevskaja",
    "7": "Koz'ja sloboda",
    "8": "Jash'lek",
    "9": "Severnyj vokzal",
    "10": "Aviastroitel'naja",
    "11": "Pervaja",
    "12": "Metro",
    "13": "ROOT",
    "14": "Shema ot 09.09.2018g.\nInformatsija o vremeni proezda:\n- zhdem Vashej pomoschi...\nKarta vzjata s sajta .\nInformatsija po stantsijam - kazan1000.ru, http://kazantransport.by.ru/\nInformatsija o nazemnom transporte - http://kazantransport.by.ru/.",
    "15": "Imported from http://pmetro.su"
}