{
    "0": "Teatral'naja",
    "1": "Samarskaja",
    "2": "Alabinskaja",
    "3": "Rossijskaja",
    "4": "Moskovskaja",
    "5": "Gagarinskaja",
    "6": "Sportivnaja",
    "7": "Sovetskaja",
    "8": "Pobeda",
    "9": "Bezymjanka",
    "10": "Kirovskaja",
    "11": "Jungorodok",
    "12": "Kryl'ja Sovetov",
    "13": "1",
    "14": "Metro",
    "15": "ROOT",
    "16": "Shema ot 28.02.2018g.\nInformatsija o vremeni proezda:\n- Buslov Anton.\nKarta vzjata s sajta http://www.1234567.ru/trans/samara.htm, informatsija po stantsijam - s http://www.metrowalks.ru/samara.",
    "17": "Imported from http://pmetro.su"
}