{
    "0": "Batu Caves",
    "1": "Taman Wahyu",
    "2": "Kampung Batu",
    "3": "Batu Kentomen",
    "4": "Sentul",
    "5": "Putra",
    "6": "Bank Negara",
    "7": "Kuala Lumpur",
    "8": "KL Sentral",
    "9": "Mid Valley",
    "10": "Seputeh",
    "11": "Salak Selatan",
    "12": "Bandar Tasik Selatan",
    "13": "Serdang",
    "14": "Kajang",
    "15": "UKM",
    "16": "Bangi",
    "17": "Batang Benar",
    "18": "Nilai",
    "19": "Labu",
    "20": "Tiroi",
    "21": "Seremban",
    "22": "Senawang",
    "23": "Sungai Gadut",
    "24": "Rembau",
    "25": "Pulau Sebang/Tampin",
    "26": "1",
    "27": "Subang Jaya",
    "28": "Terminal Skypark",
    "29": "10",
    "30": "Sunway-Setia Jaya",
    "31": "Mentari",
    "32": "Sunway Lagoon",
    "33": "SunMed",
    "34": "SunU-Monash",
    "35": "South Quay-USJ1",
    "36": "USJ 7",
    "37": "B1",
    "38": "Tanjung Malim",
    "39": "Kuala Kubu Bharu",
    "40": "Rasa",
    "41": "Batang Kali",
    "42": "Serendah",
    "43": "Rawang",
    "44": "Kuang",
    "45": "Sungai Buloh",
    "46": "Kepong Sentral",
    "47": "Kepong",
    "48": "Segambut",
    "49": "Abdullah Hukum",
    "50": "Angkasapuri",
    "51": "Pantai Dalam",
    "52": "Petaling",
    "53": "Jalan Templer",
    "54": "Kampung Dato Harun",
    "55": "Seri Setia",
    "56": "Setia Jaya",
    "57": "Batu Tiga",
    "58": "Shah Alam",
    "59": "Padang Jawa",
    "60": "Bukit Badak",
    "61": "Klang",
    "62": "Teluk Pulai",
    "63": "Teluk Gadong",
    "64": "Kampung Raja Uda",
    "65": "Jalan Kastam",
    "66": "Port Klang",
    "67": "2",
    "68": "Sentul Timur",
    "69": "Titiwangsa",
    "70": "PWTC",
    "71": "Sultan Ismail",
    "72": "Bandaraya",
    "73": "Masjid Jamek",
    "74": "Plaza Rakyat",
    "75": "Hang Tuah",
    "76": "Pudu",
    "77": "Chan Sow Lin",
    "78": "Miharja",
    "79": "Maluri",
    "80": "Pandan Jaya",
    "81": "Pandan Indah",
    "82": "Cempaka",
    "83": "Cahaya",
    "84": "Ampang",
    "85": "3",
    "86": "Cheras",
    "87": "Bandar Tun Razak",
    "88": "Sungai Besi",
    "89": "Bukit Jalil",
    "90": "Sri Petaling",
    "91": "Awan Besar",
    "92": "Muhibbah",
    "93": "Alam Sutera",
    "94": "Kinrara BK5",
    "95": "IOI Puchong Jaya",
    "96": "Pusat Bandar Puchong",
    "97": "Taman Perindustrian Puchong",
    "98": "Bandar Puteri",
    "99": "Puchong Perdana",
    "100": "Puchong Prima",
    "101": "Putra Heights",
    "102": "4",
    "103": "Gombak",
    "104": "Taman Melati",
    "105": "Wangsa Maju",
    "106": "Sri Rampai",
    "107": "Setiawangsa",
    "108": "Jelatek",
    "109": "Dato' Keramat",
    "110": "Damai",
    "111": "Ampang Park",
    "112": "KLCC",
    "113": "Kampung Baru",
    "114": "Dang Wangi",
    "115": "Pasar Seni",
    "116": "Bangsar",
    "117": "Kerinchi",
    "118": "Universiti",
    "119": "Taman Jaya",
    "120": "Asia Jaya",
    "121": "Taman Paramount",
    "122": "Taman Bahagia",
    "123": "Kelana Jaya",
    "124": "Lembah Subang",
    "125": "Ara Damansara",
    "126": "Glenmarie",
    "127": "SS15",
    "128": "SS18",
    "129": "USJ7",
    "130": "Taipan",
    "131": "Wawasan",
    "132": "USJ21",
    "133": "Alam Megah",
    "134": "Subang Alam",
    "135": "5",
    "136": "KLIA",
    "137": "klia2",
    "138": "6",
    "139": "Putrajaya/Cyberjaya",
    "140": "Salak Tinggi",
    "141": "7",
    "142": "Tun Sambanthan",
    "143": "Maharajalela",
    "144": "Imbi",
    "145": "Bukit Bintang",
    "146": "Raja Chulan",
    "147": "Bukit Nanas",
    "148": "Medan Tuanku",
    "149": "Chow Kit",
    "150": "8",
    "151": "Kampung Selamat",
    "152": "Kwasa Damansara",
    "153": "Kwasa Sentral",
    "154": "Kota Damansara",
    "155": "Surian",
    "156": "Mutiara Damansara",
    "157": "Bandar Utama",
    "158": "TTDI",
    "159": "Phileo Damansara",
    "160": "Pusat Bandar Damansara",
    "161": "Semantan",
    "162": "Muzium Negara",
    "163": "Merdeka",
    "164": "Tun Razak Exchange",
    "165": "Cochrane",
    "166": "Taman Pertama",
    "167": "Taman Midah",
    "168": "Taman Mutiara",
    "169": "Taman Connaught",
    "170": "Taman Suntex",
    "171": "Sri Raya",
    "172": "Bandar Tun Hussein Onn",
    "173": "Batu 11 Cheras",
    "174": "Bukit Dukung",
    "175": "Sungai Jernih",
    "176": "Stadium Kajang",
    "177": "9",
    "178": "Метро",
    "179": "ROOT",
    "180": "Схема от 27.08.2019г.\nАвтор: Дмитрий Варламов\nИнформация взята с сайтов www.myrapid.com.my и www.yourmetro.app",
    "181": "Imported from http://pmetro.su"
}