{
    "0": "Gillespie Field",
    "1": "Arnele Avenue",
    "2": "El Cajon Transit Center",
    "3": "Amaya Drive",
    "4": "Grossmont Transit Center",
    "5": "La Mesa Boulevard",
    "6": "Spring Street",
    "7": "Lemon Grove Depot",
    "8": "Massachusetts Avenue",
    "9": "Encanto/62nd Street",
    "10": "Euclid Avenue",
    "11": "47th Street",
    "12": "32nd & Commercial",
    "13": "25th & Commercial",
    "14": "12th & Imperial Transit Center 1",
    "15": "Park & Market",
    "16": "City College",
    "17": "Fifth Avenue",
    "18": "Civic Center",
    "19": "America Plaza",
    "20": "Seaport Village",
    "21": "Convention Center",
    "22": "Gaslamp Quarter",
    "23": "12th & Imperial Transit Center 2",
    "24": "Orange",
    "25": "Old Town Transit Center",
    "26": "Washington Street",
    "27": "Middletown",
    "28": "County Center/Little Italy",
    "29": "Santa Fe Depot",
    "30": "Barrio Logan",
    "31": "Harborside",
    "32": "Pacific Fleet",
    "33": "8th Street",
    "34": "24th Street",
    "35": "Bayfront/E Street",
    "36": "H Street",
    "37": "Palomar Street",
    "38": "Palm Avenue",
    "39": "Iris Avenue",
    "40": "Beyer Boulevard",
    "41": "San Ysidro Transit Center",
    "42": "Blue",
    "43": "Santee Town Center",
    "44": "70th Street",
    "45": "Alvarado Medical Center",
    "46": "SDSU Transit Center",
    "47": "Grantville",
    "48": "Mission San Diego",
    "49": "Qualcomm Stadium",
    "50": "Fenton Parkway",
    "51": "Rio Vista",
    "52": "Mission Valley Center",
    "53": "Hazard Center",
    "54": "Fashion Valley Transit Center",
    "55": "Morena/Linda Vista",
    "56": "Green",
    "57": "Tram",
    "58": "ROOT",
    "59": "Shema ot 03.07.2007g.\nAvtor: Varlamov Dmitrij (www.chpeks.com)",
    "60": "Imported from http://pmetro.su"
}