{
    "lines": [
        {
            "delays": [
                180,
                360
            ],
            "name": "I linia",
            "scheme": "1",
            "segments": [
                [
                    0,
                    1,
                    120
                ],
                [
                    1,
                    0,
                    120
                ],
                [
                    1,
                    2,
                    120
                ],
                [
                    2,
                    1,
                    120
                ],
                [
                    2,
                    3,
                    180
                ],
                [
                    3,
                    2,
                    180
                ],
                [
                    3,
                    4,
                    120
                ],
                [
                    4,
                    3,
                    120
                ],
                [
                    4,
                    5,
                    120
                ],
                [
                    5,
                    4,
                    120
                ],
                [
                    5,
                    6,
                    120
                ],
                [
                    6,
                    5,
                    120
                ],
                [
                    6,
                    7,
                    180
                ],
                [
                    7,
                    6,
                    180
                ],
                [
                    7,
                    8,
                    120
                ],
                [
                    8,
                    7,
                    120
                ],
                [
                    8,
                    9,
                    60
                ],
                [
                    9,
                    8,
                    60
                ],
                [
                    9,
                    10,
                    120
                ],
                [
                    10,
                    9,
                    120
                ],
                [
                    10,
                    11,
                    120
                ],
                [
                    11,
                    10,
                    120
                ],
                [
                    11,
                    12,
                    120
                ],
                [
                    12,
                    11,
                    120
                ],
                [
                    12,
                    13,
                    60
                ],
                [
                    13,
                    12,
                    60
                ],
                [
                    13,
                    14,
                    120
                ],
                [
                    14,
                    13,
                    120
                ],
                [
                    14,
                    15,
                    120
                ],
                [
                    15,
                    14,
                    120
                ],
                [
                    15,
                    16,
                    120
                ],
                [
                    16,
                    15,
                    120
                ],
                [
                    16,
                    17,
                    60
                ],
                [
                    17,
                    16,
                    60
                ],
                [
                    17,
                    18,
                    120
                ],
                [
                    18,
                    17,
                    120
                ],
                [
                    18,
                    19,
                    120
                ],
                [
                    19,
                    18,
                    120
                ],
                [
                    19,
                    20,
                    120
                ],
                [
                    20,
                    19,
                    120
                ]
            ],
            "stations": [
                [
                    0,
                    "Mlociny",
                    0
                ],
                [
                    1,
                    "Wawrzyszew",
                    1
                ],
                [
                    2,
                    "Stare Bielany",
                    2
                ],
                [
                    3,
                    "Slodowiec",
                    3
                ],
                [
                    4,
                    "Marymont",
                    4
                ],
                [
                    5,
                    "Plac Wilsona",
                    5
                ],
                [
                    6,
                    "Dworzec Gdanski",
                    6
                ],
                [
                    7,
                    "Ratusz-Arsenal",
                    7
                ],
                [
                    8,
                    "Swietokrzyska",
                    8
                ],
                [
                    9,
                    "Centrum",
                    9
                ],
                [
                    10,
                    "Politechnika",
                    10
                ],
                [
                    11,
                    "Pole Mokotowskie",
                    11
                ],
                [
                    12,
                    "Raclawicka",
                    12
                ],
                [
                    13,
                    "Wierzbno",
                    13
                ],
                [
                    14,
                    "Wilanowska",
                    14
                ],
                [
                    15,
                    "Sluzew",
                    15
                ],
                [
                    16,
                    "Ursynow",
                    16
                ],
                [
                    17,
                    "Stoklosy",
                    17
                ],
                [
                    18,
                    "Imielin",
                    18
                ],
                [
                    19,
                    "Natolin",
                    19
                ],
                [
                    20,
                    "Kabaty",
                    20
                ]
            ],
            "text_id": 21
        }
    ],
    "name": "metro",
    "transfers": [],
    "type_name": "Метро"
}