{
    "lines": [
        {
            "delays": [
                180,
                360
            ],
            "name": "I linia",
            "scheme": "1",
            "segments": [
                [
                    0,
                    1,
                    120
                ],
                [
                    1,
                    0,
                    120
                ],
                [
                    1,
                    2,
                    120
                ],
                [
                    2,
                    1,
                    120
                ],
                [
                    2,
                    3,
                    180
                ],
                [
                    3,
                    2,
                    180
                ],
                [
                    3,
                    4,
                    120
                ],
                [
                    4,
                    3,
                    120
                ],
                [
                    4,
                    5,
                    120
                ],
                [
                    5,
                    4,
                    120
                ],
                [
                    5,
                    6,
                    120
                ],
                [
                    6,
                    5,
                    120
                ],
                [
                    6,
                    7,
                    180
                ],
                [
                    7,
                    6,
                    180
                ],
                [
                    7,
                    8,
                    120
                ],
                [
                    8,
                    7,
                    120
                ],
                [
                    8,
                    9,
                    60
                ],
                [
                    9,
                    8,
                    60
                ],
                [
                    9,
                    10,
                    120
                ],
                [
                    10,
                    9,
                    120
                ],
                [
                    10,
                    11,
                    120
                ],
                [
                    11,
                    10,
                    120
                ],
                [
                    11,
                    12,
                    120
                ],
                [
                    12,
                    11,
                    120
                ],
                [
                    12,
                    13,
                    60
                ],
                [
                    13,
                    12,
                    60
                ],
                [
                    13,
                    14,
                    120
                ],
                [
                    14,
                    13,
                    120
                ],
                [
                    14,
                    15,
                    120
                ],
                [
                    15,
                    14,
                    120
                ],
                [
                    15,
                    16,
                    120
                ],
                [
                    16,
                    15,
                    120
                ],
                [
                    16,
                    17,
                    60
                ],
                [
                    17,
                    16,
                    60
                ],
                [
                    17,
                    18,
                    120
                ],
                [
                    18,
                    17,
                    120
                ],
                [
                    18,
                    19,
                    120
                ],
                [
                    19,
                    18,
                    120
                ],
                [
                    19,
                    20,
                    120
                ],
                [
                    20,
                    19,
                    120
                ]
            ],
            "stations": [
                [
                    0,
                    "Mlociny",
                    0
                ],
                [
                    1,
                    "Wawrzyszew",
                    1
                ],
                [
                    2,
                    "Stare Bielany",
                    2
                ],
                [
                    3,
                    "Slodowiec",
                    3
                ],
                [
                    4,
                    "Marymont",
                    4
                ],
                [
                    5,
                    "Plac Wilsona",
                    5
                ],
                [
                    6,
                    "Dworzec Gdanski",
                    6
                ],
                [
                    7,
                    "Ratusz Arsenal",
                    7
                ],
                [
                    8,
                    "Swietokrzyska",
                    8
                ],
                [
                    9,
                    "Centrum",
                    9
                ],
                [
                    10,
                    "Politechnika",
                    10
                ],
                [
                    11,
                    "Pole Mokotowskie",
                    11
                ],
                [
                    12,
                    "Raclawicka",
                    12
                ],
                [
                    13,
                    "Wierzbno",
                    13
                ],
                [
                    14,
                    "Wilanowska",
                    14
                ],
                [
                    15,
                    "Sluzew",
                    15
                ],
                [
                    16,
                    "Ursynow",
                    16
                ],
                [
                    17,
                    "Stoklosy",
                    17
                ],
                [
                    18,
                    "Imielin",
                    18
                ],
                [
                    19,
                    "Natolin",
                    19
                ],
                [
                    20,
                    "Kabaty",
                    20
                ]
            ],
            "text_id": 21
        },
        {
            "delays": [
                180,
                360
            ],
            "name": "II linia",
            "scheme": null,
            "segments": [
                [
                    21,
                    22,
                    0
                ],
                [
                    22,
                    21,
                    0
                ],
                [
                    22,
                    23,
                    0
                ],
                [
                    23,
                    22,
                    0
                ],
                [
                    23,
                    24,
                    0
                ],
                [
                    24,
                    23,
                    0
                ],
                [
                    24,
                    25,
                    0
                ],
                [
                    25,
                    24,
                    0
                ],
                [
                    25,
                    26,
                    0
                ],
                [
                    26,
                    25,
                    0
                ],
                [
                    26,
                    27,
                    0
                ],
                [
                    27,
                    26,
                    0
                ],
                [
                    27,
                    28,
                    0
                ],
                [
                    28,
                    27,
                    0
                ],
                [
                    28,
                    29,
                    120
                ],
                [
                    29,
                    28,
                    120
                ],
                [
                    29,
                    30,
                    120
                ],
                [
                    30,
                    29,
                    120
                ],
                [
                    30,
                    31,
                    120
                ],
                [
                    31,
                    30,
                    120
                ],
                [
                    31,
                    32,
                    120
                ],
                [
                    32,
                    31,
                    120
                ],
                [
                    32,
                    33,
                    120
                ],
                [
                    33,
                    32,
                    120
                ],
                [
                    33,
                    34,
                    120
                ],
                [
                    34,
                    33,
                    120
                ],
                [
                    34,
                    35,
                    0
                ],
                [
                    35,
                    34,
                    0
                ],
                [
                    35,
                    36,
                    0
                ],
                [
                    36,
                    35,
                    0
                ],
                [
                    36,
                    37,
                    0
                ],
                [
                    37,
                    36,
                    0
                ],
                [
                    37,
                    38,
                    0
                ],
                [
                    38,
                    37,
                    0
                ],
                [
                    38,
                    39,
                    0
                ],
                [
                    39,
                    38,
                    0
                ]
            ],
            "stations": [
                [
                    21,
                    "Chrzanow",
                    22
                ],
                [
                    22,
                    "Lazurowa",
                    23
                ],
                [
                    23,
                    "Powstancow Slaskich",
                    24
                ],
                [
                    24,
                    "Czluchowska",
                    25
                ],
                [
                    25,
                    "Wolska",
                    26
                ],
                [
                    26,
                    "Bema",
                    27
                ],
                [
                    27,
                    "Plocka",
                    28
                ],
                [
                    28,
                    "Rondo Daszynskiego",
                    29
                ],
                [
                    29,
                    "ONZ Rondo",
                    30
                ],
                [
                    30,
                    "Swietokrzyska",
                    8
                ],
                [
                    31,
                    "Nowy Swiat-Uniwersytet",
                    31
                ],
                [
                    32,
                    "Centrum Nauki Kopernik",
                    32
                ],
                [
                    33,
                    "Stadion Narodowy",
                    33
                ],
                [
                    34,
                    "Dworzec Wilenski",
                    34
                ],
                [
                    35,
                    "Szwedzka",
                    35
                ],
                [
                    36,
                    "Targowek",
                    36
                ],
                [
                    37,
                    "Zacisze",
                    37
                ],
                [
                    38,
                    "Kondratowicza",
                    38
                ],
                [
                    39,
                    "Rembielinska",
                    39
                ]
            ],
            "text_id": 40
        },
        {
            "delays": [
                180,
                360
            ],
            "name": "III linia",
            "scheme": null,
            "segments": [
                [
                    40,
                    41,
                    0
                ],
                [
                    41,
                    40,
                    0
                ],
                [
                    41,
                    42,
                    0
                ],
                [
                    42,
                    41,
                    0
                ],
                [
                    42,
                    43,
                    0
                ],
                [
                    43,
                    42,
                    0
                ],
                [
                    43,
                    44,
                    0
                ],
                [
                    44,
                    43,
                    0
                ],
                [
                    44,
                    45,
                    0
                ],
                [
                    45,
                    44,
                    0
                ],
                [
                    45,
                    46,
                    0
                ],
                [
                    46,
                    45,
                    0
                ]
            ],
            "stations": [
                [
                    40,
                    "Praga Centrum",
                    41
                ],
                [
                    41,
                    "Dw.Wschodni",
                    42
                ],
                [
                    42,
                    "Podskarbinska",
                    43
                ],
                [
                    43,
                    "R.Wiatraczna",
                    44
                ],
                [
                    44,
                    "Ostrobramska",
                    45
                ],
                [
                    45,
                    "Orlik",
                    46
                ],
                [
                    46,
                    "Wilga",
                    47
                ]
            ],
            "text_id": 48
        }
    ],
    "name": "metro",
    "transfers": [
        [
            30,
            8,
            120,
            true
        ]
    ],
    "type_name": "Метро"
}