{
    "lines": [
        {
            "delays": [
                600,
                230,
                300,
                300,
                420,
                900
            ],
            "name": "Line 1",
            "scheme": "1",
            "segments": [
                [
                    0,
                    1,
                    120
                ],
                [
                    1,
                    0,
                    120
                ],
                [
                    1,
                    2,
                    149
                ],
                [
                    2,
                    1,
                    149
                ],
                [
                    2,
                    3,
                    180
                ],
                [
                    3,
                    2,
                    180
                ],
                [
                    3,
                    4,
                    120
                ],
                [
                    4,
                    3,
                    120
                ],
                [
                    4,
                    5,
                    149
                ],
                [
                    5,
                    4,
                    149
                ],
                [
                    5,
                    6,
                    90
                ],
                [
                    6,
                    5,
                    90
                ],
                [
                    6,
                    7,
                    149
                ],
                [
                    7,
                    6,
                    149
                ],
                [
                    7,
                    8,
                    90
                ],
                [
                    8,
                    7,
                    90
                ],
                [
                    8,
                    9,
                    90
                ],
                [
                    9,
                    8,
                    90
                ],
                [
                    9,
                    10,
                    149
                ],
                [
                    10,
                    9,
                    149
                ],
                [
                    10,
                    11,
                    90
                ],
                [
                    11,
                    10,
                    90
                ],
                [
                    11,
                    12,
                    120
                ],
                [
                    12,
                    11,
                    120
                ],
                [
                    12,
                    13,
                    90
                ],
                [
                    13,
                    12,
                    90
                ],
                [
                    13,
                    14,
                    120
                ],
                [
                    14,
                    13,
                    120
                ],
                [
                    14,
                    15,
                    120
                ],
                [
                    15,
                    14,
                    120
                ],
                [
                    15,
                    16,
                    99
                ],
                [
                    16,
                    15,
                    99
                ],
                [
                    16,
                    17,
                    65
                ],
                [
                    17,
                    16,
                    65
                ],
                [
                    17,
                    18,
                    130
                ],
                [
                    18,
                    17,
                    130
                ],
                [
                    18,
                    19,
                    85
                ],
                [
                    19,
                    18,
                    85
                ],
                [
                    19,
                    20,
                    70
                ],
                [
                    20,
                    19,
                    70
                ],
                [
                    20,
                    21,
                    110
                ],
                [
                    21,
                    20,
                    110
                ],
                [
                    21,
                    22,
                    155
                ],
                [
                    22,
                    21,
                    155
                ],
                [
                    22,
                    23,
                    200
                ],
                [
                    23,
                    22,
                    200
                ]
            ],
            "stations": [
                [
                    0,
                    "Kifissia",
                    0
                ],
                [
                    1,
                    "KAT",
                    1
                ],
                [
                    2,
                    "Maroussi",
                    2
                ],
                [
                    3,
                    "Neratziotissa",
                    3
                ],
                [
                    4,
                    "Irini",
                    4
                ],
                [
                    5,
                    "Iraklio",
                    5
                ],
                [
                    6,
                    "Nea Ionia",
                    6
                ],
                [
                    7,
                    "Pefkakia",
                    7
                ],
                [
                    8,
                    "Perissos",
                    8
                ],
                [
                    9,
                    "Ano Patissia",
                    9
                ],
                [
                    10,
                    "Aghios Eleftherios",
                    10
                ],
                [
                    11,
                    "Kato Patissia",
                    11
                ],
                [
                    12,
                    "Aghios Nikolaos",
                    12
                ],
                [
                    13,
                    "Attiki",
                    13
                ],
                [
                    14,
                    "Victoria",
                    14
                ],
                [
                    15,
                    "Omonia",
                    15
                ],
                [
                    16,
                    "Monastiraki",
                    16
                ],
                [
                    17,
                    "Thissio",
                    17
                ],
                [
                    18,
                    "Petralona",
                    18
                ],
                [
                    19,
                    "Tavros",
                    19
                ],
                [
                    20,
                    "Kalithea",
                    20
                ],
                [
                    21,
                    "Moschato",
                    21
                ],
                [
                    22,
                    "Faliro",
                    22
                ],
                [
                    23,
                    "Piraeus",
                    23
                ]
            ],
            "text_id": 24
        },
        {
            "delays": [
                600,
                240,
                420,
                300,
                600,
                900
            ],
            "name": "Line 2",
            "scheme": "2",
            "segments": [
                [
                    24,
                    25,
                    120
                ],
                [
                    25,
                    24,
                    120
                ],
                [
                    25,
                    26,
                    120
                ],
                [
                    26,
                    25,
                    120
                ],
                [
                    26,
                    27,
                    60
                ],
                [
                    27,
                    26,
                    60
                ],
                [
                    27,
                    28,
                    120
                ],
                [
                    28,
                    27,
                    120
                ],
                [
                    28,
                    29,
                    60
                ],
                [
                    29,
                    28,
                    120
                ],
                [
                    29,
                    30,
                    120
                ],
                [
                    30,
                    29,
                    60
                ],
                [
                    30,
                    31,
                    60
                ],
                [
                    31,
                    30,
                    60
                ],
                [
                    31,
                    32,
                    120
                ],
                [
                    32,
                    31,
                    120
                ],
                [
                    32,
                    33,
                    60
                ],
                [
                    33,
                    32,
                    60
                ],
                [
                    33,
                    34,
                    120
                ],
                [
                    34,
                    33,
                    120
                ],
                [
                    34,
                    35,
                    60
                ],
                [
                    35,
                    34,
                    60
                ],
                [
                    35,
                    36,
                    120
                ],
                [
                    36,
                    35,
                    120
                ],
                [
                    36,
                    37,
                    60
                ],
                [
                    37,
                    36,
                    60
                ],
                [
                    37,
                    38,
                    120
                ],
                [
                    38,
                    37,
                    120
                ],
                [
                    38,
                    39,
                    60
                ],
                [
                    39,
                    38,
                    60
                ],
                [
                    39,
                    40,
                    120
                ],
                [
                    40,
                    39,
                    120
                ],
                [
                    40,
                    41,
                    120
                ],
                [
                    41,
                    40,
                    120
                ],
                [
                    41,
                    42,
                    120
                ],
                [
                    42,
                    41,
                    120
                ],
                [
                    42,
                    43,
                    120
                ],
                [
                    43,
                    42,
                    120
                ]
            ],
            "stations": [
                [
                    24,
                    "Anthoupoli",
                    25
                ],
                [
                    25,
                    "Peristeri",
                    26
                ],
                [
                    26,
                    "Aghios Antonios",
                    27
                ],
                [
                    27,
                    "Sepolia",
                    28
                ],
                [
                    28,
                    "Attiki",
                    13
                ],
                [
                    29,
                    "St. Larissis",
                    29
                ],
                [
                    30,
                    "Metaxourghio",
                    30
                ],
                [
                    31,
                    "Omonia",
                    15
                ],
                [
                    32,
                    "Panepistimio",
                    31
                ],
                [
                    33,
                    "Syntagma",
                    32
                ],
                [
                    34,
                    "Akropoli",
                    33
                ],
                [
                    35,
                    "Syngrou-Fix",
                    34
                ],
                [
                    36,
                    "Neos Kosmos",
                    35
                ],
                [
                    37,
                    "Aghios Ioannis",
                    36
                ],
                [
                    38,
                    "Dafni",
                    37
                ],
                [
                    39,
                    "Aghios Dimitrios/Alexandros Panagoulis",
                    38
                ],
                [
                    40,
                    "Ilioupoli",
                    39
                ],
                [
                    41,
                    "Alimos",
                    40
                ],
                [
                    42,
                    "Argyroupoli",
                    41
                ],
                [
                    43,
                    "Elliniko",
                    42
                ]
            ],
            "text_id": 43
        },
        {
            "delays": [
                600,
                290,
                420,
                420,
                600,
                900
            ],
            "name": "Line 3",
            "scheme": "3",
            "segments": [
                [
                    44,
                    45,
                    0
                ],
                [
                    45,
                    44,
                    0
                ],
                [
                    45,
                    46,
                    0
                ],
                [
                    46,
                    45,
                    0
                ],
                [
                    46,
                    47,
                    0
                ],
                [
                    47,
                    46,
                    0
                ],
                [
                    47,
                    48,
                    0
                ],
                [
                    48,
                    47,
                    0
                ],
                [
                    48,
                    49,
                    0
                ],
                [
                    49,
                    48,
                    0
                ],
                [
                    49,
                    50,
                    0
                ],
                [
                    50,
                    49,
                    0
                ],
                [
                    50,
                    51,
                    120
                ],
                [
                    51,
                    50,
                    120
                ],
                [
                    51,
                    52,
                    120
                ],
                [
                    52,
                    51,
                    120
                ],
                [
                    52,
                    53,
                    120
                ],
                [
                    53,
                    52,
                    120
                ],
                [
                    53,
                    54,
                    120
                ],
                [
                    54,
                    53,
                    120
                ],
                [
                    54,
                    55,
                    120
                ],
                [
                    55,
                    54,
                    180
                ],
                [
                    55,
                    56,
                    120
                ],
                [
                    56,
                    55,
                    60
                ],
                [
                    56,
                    57,
                    60
                ],
                [
                    57,
                    56,
                    60
                ],
                [
                    57,
                    58,
                    120
                ],
                [
                    58,
                    57,
                    120
                ],
                [
                    58,
                    59,
                    120
                ],
                [
                    59,
                    58,
                    120
                ],
                [
                    59,
                    60,
                    120
                ],
                [
                    60,
                    59,
                    60
                ],
                [
                    60,
                    61,
                    60
                ],
                [
                    61,
                    60,
                    120
                ],
                [
                    61,
                    62,
                    120
                ],
                [
                    62,
                    61,
                    60
                ],
                [
                    62,
                    63,
                    120
                ],
                [
                    63,
                    62,
                    120
                ],
                [
                    63,
                    64,
                    60
                ],
                [
                    64,
                    63,
                    120
                ],
                [
                    64,
                    65,
                    120
                ],
                [
                    65,
                    64,
                    60
                ],
                [
                    65,
                    66,
                    120
                ],
                [
                    66,
                    65,
                    120
                ],
                [
                    66,
                    67,
                    480
                ],
                [
                    67,
                    66,
                    480
                ],
                [
                    67,
                    68,
                    120
                ],
                [
                    68,
                    67,
                    120
                ],
                [
                    68,
                    69,
                    360
                ],
                [
                    69,
                    68,
                    360
                ],
                [
                    69,
                    70,
                    300
                ],
                [
                    70,
                    69,
                    300
                ]
            ],
            "stations": [
                [
                    44,
                    "Dimotiko Theatro",
                    44
                ],
                [
                    45,
                    "Piraeus",
                    23
                ],
                [
                    46,
                    "Maniatika",
                    45
                ],
                [
                    47,
                    "Nikea",
                    46
                ],
                [
                    48,
                    "Korydallos",
                    47
                ],
                [
                    49,
                    "Aghia Varvara",
                    48
                ],
                [
                    50,
                    "Aghia Marina",
                    49
                ],
                [
                    51,
                    "Egaleo",
                    50
                ],
                [
                    52,
                    "Eleonas",
                    51
                ],
                [
                    53,
                    "Kerameikos",
                    52
                ],
                [
                    54,
                    "Monastiraki",
                    16
                ],
                [
                    55,
                    "Syntagma",
                    32
                ],
                [
                    56,
                    "Evangelismos",
                    53
                ],
                [
                    57,
                    "Megaro Moussikis",
                    54
                ],
                [
                    58,
                    "Ambelokipi",
                    55
                ],
                [
                    59,
                    "Panormou",
                    56
                ],
                [
                    60,
                    "Katehaki",
                    57
                ],
                [
                    61,
                    "Ethniki Amyna",
                    58
                ],
                [
                    62,
                    "Holargos",
                    59
                ],
                [
                    63,
                    "Nomismatokopio",
                    60
                ],
                [
                    64,
                    "Aghia Paraskevi",
                    61
                ],
                [
                    65,
                    "Halandri",
                    62
                ],
                [
                    66,
                    "Doukissis Plakentias",
                    63
                ],
                [
                    67,
                    "Pallini",
                    64
                ],
                [
                    68,
                    "Peania-Kantza",
                    65
                ],
                [
                    69,
                    "Koropi",
                    66
                ],
                [
                    70,
                    "Aerothromio",
                    67
                ]
            ],
            "text_id": 68
        }
    ],
    "name": "metro",
    "transfers": [
        [
            13,
            28,
            120,
            true
        ],
        [
            16,
            54,
            120,
            true
        ],
        [
            55,
            33,
            60,
            true
        ],
        [
            15,
            31,
            120,
            true
        ],
        [
            23,
            45,
            120,
            true
        ]
    ],
    "type_name": "Metro"
}