{
    "default_transports": [
        "metro"
    ],
    "height": 887,
    "images": [
        "res/schemes/dallas.svg"
    ],
    "is_vector": true,
    "lines": [
        {
            "labels_bg_color": "-1",
            "labels_color": "cf0000",
            "line_color": "cf0000",
            "line_width": 7,
            "name": "Red Line",
            "segments": [
                [
                    0,
                    1,
                    [
                        [
                            133,
                            97
                        ],
                        [
                            133,
                            70
                        ]
                    ],
                    true
                ],
                [
                    1,
                    2,
                    [
                        [
                            133,
                            123
                        ],
                        [
                            133,
                            97
                        ]
                    ],
                    true
                ],
                [
                    2,
                    3,
                    [
                        [
                            133,
                            150
                        ],
                        [
                            133,
                            123
                        ]
                    ],
                    true
                ],
                [
                    3,
                    4,
                    [
                        [
                            133,
                            177
                        ],
                        [
                            133,
                            150
                        ]
                    ],
                    true
                ],
                [
                    4,
                    5,
                    [
                        [
                            133,
                            203
                        ],
                        [
                            133,
                            177
                        ]
                    ],
                    true
                ],
                [
                    5,
                    6,
                    [
                        [
                            133,
                            230
                        ],
                        [
                            133,
                            203
                        ]
                    ],
                    true
                ],
                [
                    6,
                    7,
                    [
                        [
                            133,
                            257
                        ],
                        [
                            133,
                            230
                        ]
                    ],
                    true
                ],
                [
                    7,
                    8,
                    [
                        [
                            133,
                            283
                        ],
                        [
                            133,
                            257
                        ]
                    ],
                    true
                ],
                [
                    8,
                    9,
                    [
                        [
                            133,
                            310
                        ],
                        [
                            133,
                            283
                        ]
                    ],
                    true
                ],
                [
                    9,
                    10,
                    [
                        [
                            133,
                            337
                        ],
                        [
                            133,
                            310
                        ]
                    ],
                    true
                ],
                [
                    10,
                    11,
                    [
                        [
                            160,
                            363
                        ],
                        [
                            133,
                            337
                        ]
                    ],
                    true
                ],
                [
                    11,
                    12,
                    [
                        [
                            160,
                            390
                        ],
                        [
                            160,
                            363
                        ]
                    ],
                    true
                ],
                [
                    12,
                    13,
                    [
                        [
                            160,
                            417
                        ],
                        [
                            160,
                            390
                        ]
                    ],
                    true
                ],
                [
                    13,
                    14,
                    [
                        [
                            160,
                            443
                        ],
                        [
                            160,
                            417
                        ]
                    ],
                    true
                ],
                [
                    14,
                    15,
                    [
                        [
                            160,
                            470
                        ],
                        [
                            160,
                            443
                        ]
                    ],
                    true
                ],
                [
                    15,
                    16,
                    [
                        [
                            160,
                            497
                        ],
                        [
                            160,
                            470
                        ]
                    ],
                    true
                ],
                [
                    16,
                    17,
                    [
                        [
                            160,
                            523
                        ],
                        [
                            160,
                            497
                        ]
                    ],
                    true
                ],
                [
                    17,
                    18,
                    [
                        [
                            160,
                            550
                        ],
                        [
                            160,
                            523
                        ]
                    ],
                    true
                ],
                [
                    17,
                    25,
                    [
                        [
                            107,
                            470
                        ],
                        [
                            160,
                            523
                        ]
                    ],
                    true
                ],
                [
                    18,
                    19,
                    [
                        [
                            160,
                            577
                        ],
                        [
                            160,
                            550
                        ]
                    ],
                    true
                ],
                [
                    19,
                    20,
                    [
                        [
                            160,
                            603
                        ],
                        [
                            160,
                            577
                        ]
                    ],
                    true
                ],
                [
                    20,
                    21,
                    [
                        [
                            133,
                            630
                        ],
                        [
                            160,
                            603
                        ]
                    ],
                    true
                ],
                [
                    21,
                    22,
                    [
                        [
                            133,
                            657
                        ],
                        [
                            133,
                            630
                        ]
                    ],
                    true
                ],
                [
                    22,
                    23,
                    [
                        [
                            133,
                            683
                        ],
                        [
                            133,
                            657
                        ]
                    ],
                    true
                ],
                [
                    23,
                    24,
                    [
                        [
                            133,
                            710
                        ],
                        [
                            133,
                            683
                        ]
                    ],
                    true
                ]
            ],
            "stations": [
                {
                    "coord": [
                        133,
                        70
                    ],
                    "is_working": true,
                    "name": "Parker Road",
                    "rect": [
                        60,
                        64,
                        64,
                        15
                    ],
                    "text_id": 0,
                    "uid": 0
                },
                {
                    "coord": [
                        133,
                        97
                    ],
                    "is_working": true,
                    "name": "Downtown Plano",
                    "rect": [
                        40,
                        90,
                        84,
                        15
                    ],
                    "text_id": 1,
                    "uid": 1
                },
                {
                    "coord": [
                        133,
                        123
                    ],
                    "is_working": true,
                    "name": "Bush Turnpike",
                    "rect": [
                        50,
                        116,
                        74,
                        15
                    ],
                    "text_id": 2,
                    "uid": 2
                },
                {
                    "coord": [
                        133,
                        150
                    ],
                    "is_working": true,
                    "name": "Galatyn Park",
                    "rect": [
                        58,
                        144,
                        66,
                        15
                    ],
                    "text_id": 3,
                    "uid": 3
                },
                {
                    "coord": [
                        133,
                        177
                    ],
                    "is_working": true,
                    "name": "Arapaho Center",
                    "rect": [
                        43,
                        170,
                        80,
                        15
                    ],
                    "text_id": 4,
                    "uid": 4
                },
                {
                    "coord": [
                        133,
                        203
                    ],
                    "is_working": true,
                    "name": "Spring Valley",
                    "rect": [
                        55,
                        197,
                        68,
                        15
                    ],
                    "text_id": 5,
                    "uid": 5
                },
                {
                    "coord": [
                        133,
                        230
                    ],
                    "is_working": true,
                    "name": "LBJ/Central",
                    "rect": [
                        63,
                        224,
                        61,
                        15
                    ],
                    "text_id": 6,
                    "uid": 6
                },
                {
                    "coord": [
                        133,
                        257
                    ],
                    "is_working": true,
                    "name": "Forest Lane",
                    "rect": [
                        64,
                        250,
                        60,
                        15
                    ],
                    "text_id": 7,
                    "uid": 7
                },
                {
                    "coord": [
                        133,
                        283
                    ],
                    "is_working": true,
                    "name": "Walnut Hill",
                    "rect": [
                        68,
                        276,
                        56,
                        15
                    ],
                    "text_id": 8,
                    "uid": 8
                },
                {
                    "coord": [
                        133,
                        310
                    ],
                    "is_working": true,
                    "name": "Park Lane",
                    "rect": [
                        72,
                        304,
                        52,
                        15
                    ],
                    "text_id": 9,
                    "uid": 9
                },
                {
                    "coord": [
                        133,
                        337
                    ],
                    "is_working": true,
                    "name": "Lovers Lane",
                    "rect": [
                        61,
                        330,
                        63,
                        15
                    ],
                    "text_id": 10,
                    "uid": 10
                },
                {
                    "coord": [
                        160,
                        363
                    ],
                    "is_working": true,
                    "name": "Mockingbird",
                    "rect": [
                        87,
                        364,
                        63,
                        15
                    ],
                    "text_id": 11,
                    "uid": 11
                },
                {
                    "coord": [
                        160,
                        390
                    ],
                    "is_working": true,
                    "name": "Cityplace",
                    "rect": [
                        101,
                        385,
                        49,
                        15
                    ],
                    "text_id": 12,
                    "uid": 12
                },
                {
                    "coord": [
                        160,
                        417
                    ],
                    "is_working": true,
                    "name": "Pearl",
                    "rect": [
                        122,
                        411,
                        28,
                        15
                    ],
                    "text_id": 13,
                    "uid": 13
                },
                {
                    "coord": [
                        160,
                        443
                    ],
                    "is_working": true,
                    "name": "St. Paul",
                    "rect": [
                        110,
                        436,
                        40,
                        15
                    ],
                    "text_id": 14,
                    "uid": 14
                },
                {
                    "coord": [
                        160,
                        470
                    ],
                    "is_working": true,
                    "name": "Akard",
                    "rect": [
                        183,
                        463,
                        32,
                        15
                    ],
                    "text_id": 15,
                    "uid": 15
                },
                {
                    "coord": [
                        160,
                        497
                    ],
                    "is_working": true,
                    "name": "West End",
                    "rect": [
                        183,
                        490,
                        49,
                        15
                    ],
                    "text_id": 16,
                    "uid": 16
                },
                {
                    "coord": [
                        160,
                        523
                    ],
                    "is_working": true,
                    "name": "Union Station",
                    "rect": [
                        81,
                        519,
                        68,
                        15
                    ],
                    "text_id": 17,
                    "uid": 17
                },
                {
                    "coord": [
                        160,
                        550
                    ],
                    "is_working": true,
                    "name": "Convention Center",
                    "rect": [
                        58,
                        544,
                        94,
                        15
                    ],
                    "text_id": 18,
                    "uid": 18
                },
                {
                    "coord": [
                        160,
                        577
                    ],
                    "is_working": true,
                    "name": "Cedars",
                    "rect": [
                        114,
                        570,
                        38,
                        15
                    ],
                    "text_id": 19,
                    "uid": 19
                },
                {
                    "coord": [
                        160,
                        603
                    ],
                    "is_working": true,
                    "name": "8th & Corinth",
                    "rect": [
                        81,
                        594,
                        67,
                        15
                    ],
                    "text_id": 20,
                    "uid": 20
                },
                {
                    "coord": [
                        133,
                        630
                    ],
                    "is_working": true,
                    "name": "Dallas Zoo",
                    "rect": [
                        68,
                        623,
                        55,
                        15
                    ],
                    "text_id": 21,
                    "uid": 21
                },
                {
                    "coord": [
                        133,
                        657
                    ],
                    "is_working": true,
                    "name": "Tyler/Vernon",
                    "rect": [
                        59,
                        651,
                        65,
                        15
                    ],
                    "text_id": 22,
                    "uid": 22
                },
                {
                    "coord": [
                        133,
                        683
                    ],
                    "is_working": true,
                    "name": "Hampton",
                    "rect": [
                        78,
                        677,
                        46,
                        15
                    ],
                    "text_id": 23,
                    "uid": 23
                },
                {
                    "coord": [
                        133,
                        710
                    ],
                    "is_working": true,
                    "name": "Westmoreland",
                    "rect": [
                        51,
                        705,
                        73,
                        15
                    ],
                    "text_id": 24,
                    "uid": 24
                },
                {
                    "coord": [
                        107,
                        470
                    ],
                    "is_working": true,
                    "name": "Victory",
                    "rect": [
                        61,
                        464,
                        37,
                        15
                    ],
                    "text_id": 25,
                    "uid": 25
                }
            ],
            "text_id": 26
        },
        {
            "labels_bg_color": "-1",
            "labels_color": "0000cf",
            "line_color": "0000cf",
            "line_width": 7,
            "name": "Blue Line",
            "segments": [
                [
                    26,
                    27,
                    [
                        [
                            199,
                            283
                        ],
                        [
                            199,
                            257
                        ]
                    ],
                    true
                ],
                [
                    27,
                    28,
                    [
                        [
                            199,
                            310
                        ],
                        [
                            199,
                            283
                        ]
                    ],
                    true
                ],
                [
                    28,
                    29,
                    [
                        [
                            199,
                            337
                        ],
                        [
                            199,
                            310
                        ]
                    ],
                    true
                ],
                [
                    29,
                    30,
                    [
                        [
                            172,
                            363
                        ],
                        [
                            199,
                            337
                        ]
                    ],
                    true
                ],
                [
                    30,
                    31,
                    [
                        [
                            172,
                            390
                        ],
                        [
                            172,
                            363
                        ]
                    ],
                    true
                ],
                [
                    31,
                    32,
                    [
                        [
                            172,
                            417
                        ],
                        [
                            172,
                            390
                        ]
                    ],
                    true
                ],
                [
                    32,
                    33,
                    [
                        [
                            172,
                            443
                        ],
                        [
                            172,
                            417
                        ]
                    ],
                    true
                ],
                [
                    33,
                    34,
                    [
                        [
                            172,
                            470
                        ],
                        [
                            172,
                            443
                        ]
                    ],
                    true
                ],
                [
                    34,
                    35,
                    [
                        [
                            172,
                            497
                        ],
                        [
                            172,
                            470
                        ]
                    ],
                    true
                ],
                [
                    35,
                    36,
                    [
                        [
                            172,
                            523
                        ],
                        [
                            172,
                            497
                        ]
                    ],
                    true
                ],
                [
                    36,
                    37,
                    [
                        [
                            172,
                            550
                        ],
                        [
                            172,
                            523
                        ]
                    ],
                    true
                ],
                [
                    36,
                    45,
                    [
                        [
                            119,
                            470
                        ],
                        [
                            172,
                            523
                        ]
                    ],
                    true
                ],
                [
                    37,
                    38,
                    [
                        [
                            172,
                            577
                        ],
                        [
                            172,
                            550
                        ]
                    ],
                    true
                ],
                [
                    38,
                    39,
                    [
                        [
                            172,
                            603
                        ],
                        [
                            172,
                            577
                        ]
                    ],
                    true
                ],
                [
                    39,
                    40,
                    [
                        [
                            199,
                            630
                        ],
                        [
                            172,
                            603
                        ]
                    ],
                    true
                ],
                [
                    40,
                    41,
                    [
                        [
                            199,
                            657
                        ],
                        [
                            199,
                            630
                        ]
                    ],
                    true
                ],
                [
                    41,
                    42,
                    [
                        [
                            199,
                            683
                        ],
                        [
                            199,
                            657
                        ]
                    ],
                    true
                ],
                [
                    42,
                    43,
                    [
                        [
                            199,
                            710
                        ],
                        [
                            199,
                            683
                        ]
                    ],
                    true
                ],
                [
                    43,
                    44,
                    [
                        [
                            199,
                            737
                        ],
                        [
                            199,
                            710
                        ]
                    ],
                    true
                ]
            ],
            "stations": [
                {
                    "coord": [
                        199,
                        257
                    ],
                    "is_working": true,
                    "name": "Downtown Garland",
                    "rect": [
                        209,
                        249,
                        95,
                        15
                    ],
                    "text_id": 27,
                    "uid": 26
                },
                {
                    "coord": [
                        199,
                        283
                    ],
                    "is_working": true,
                    "name": "Forest/Jupiter",
                    "rect": [
                        209,
                        275,
                        70,
                        15
                    ],
                    "text_id": 28,
                    "uid": 27
                },
                {
                    "coord": [
                        199,
                        310
                    ],
                    "is_working": true,
                    "name": "LBJ/Skillman",
                    "rect": [
                        210,
                        304,
                        68,
                        15
                    ],
                    "text_id": 29,
                    "uid": 28
                },
                {
                    "coord": [
                        199,
                        337
                    ],
                    "is_working": true,
                    "name": "White Rock",
                    "rect": [
                        210,
                        330,
                        59,
                        15
                    ],
                    "text_id": 30,
                    "uid": 29
                },
                {
                    "coord": [
                        172,
                        363
                    ],
                    "is_working": true,
                    "name": "Mockingbird",
                    "rect": null,
                    "text_id": 11,
                    "uid": 30
                },
                {
                    "coord": [
                        172,
                        390
                    ],
                    "is_working": true,
                    "name": "Cityplace",
                    "rect": null,
                    "text_id": 12,
                    "uid": 31
                },
                {
                    "coord": [
                        172,
                        417
                    ],
                    "is_working": true,
                    "name": "Pearl",
                    "rect": null,
                    "text_id": 13,
                    "uid": 32
                },
                {
                    "coord": [
                        172,
                        443
                    ],
                    "is_working": true,
                    "name": "St. Paul",
                    "rect": null,
                    "text_id": 14,
                    "uid": 33
                },
                {
                    "coord": [
                        172,
                        470
                    ],
                    "is_working": true,
                    "name": "Akard",
                    "rect": null,
                    "text_id": 15,
                    "uid": 34
                },
                {
                    "coord": [
                        172,
                        497
                    ],
                    "is_working": true,
                    "name": "West End",
                    "rect": null,
                    "text_id": 16,
                    "uid": 35
                },
                {
                    "coord": [
                        172,
                        523
                    ],
                    "is_working": true,
                    "name": "Union Station",
                    "rect": null,
                    "text_id": 17,
                    "uid": 36
                },
                {
                    "coord": [
                        172,
                        550
                    ],
                    "is_working": true,
                    "name": "Convention Center",
                    "rect": null,
                    "text_id": 18,
                    "uid": 37
                },
                {
                    "coord": [
                        172,
                        577
                    ],
                    "is_working": true,
                    "name": "Cedars",
                    "rect": null,
                    "text_id": 19,
                    "uid": 38
                },
                {
                    "coord": [
                        172,
                        603
                    ],
                    "is_working": true,
                    "name": "8th & Corinth",
                    "rect": null,
                    "text_id": 20,
                    "uid": 39
                },
                {
                    "coord": [
                        199,
                        630
                    ],
                    "is_working": true,
                    "name": "Morrell",
                    "rect": [
                        209,
                        624,
                        37,
                        15
                    ],
                    "text_id": 31,
                    "uid": 40
                },
                {
                    "coord": [
                        199,
                        657
                    ],
                    "is_working": true,
                    "name": "Illinois",
                    "rect": [
                        209,
                        650,
                        35,
                        15
                    ],
                    "text_id": 32,
                    "uid": 41
                },
                {
                    "coord": [
                        199,
                        683
                    ],
                    "is_working": true,
                    "name": "Kiest",
                    "rect": [
                        209,
                        676,
                        28,
                        15
                    ],
                    "text_id": 33,
                    "uid": 42
                },
                {
                    "coord": [
                        199,
                        710
                    ],
                    "is_working": true,
                    "name": "VA Medical Center",
                    "rect": [
                        209,
                        703,
                        95,
                        15
                    ],
                    "text_id": 34,
                    "uid": 43
                },
                {
                    "coord": [
                        199,
                        737
                    ],
                    "is_working": true,
                    "name": "Ledbetter",
                    "rect": [
                        209,
                        730,
                        48,
                        15
                    ],
                    "text_id": 35,
                    "uid": 44
                },
                {
                    "coord": [
                        119,
                        470
                    ],
                    "is_working": true,
                    "name": "Victory",
                    "rect": null,
                    "text_id": 25,
                    "uid": 45
                }
            ],
            "text_id": 36
        }
    ],
    "lines_width": 7,
    "name": "metro",
    "name_text_id": 37,
    "stations_diameter": 13.0,
    "transfers": [],
    "transports": [
        "metro"
    ],
    "type_name": "ROOT",
    "type_text_id": 38,
    "upper_case": false,
    "width": 349,
    "word_wrap": false
}