{
    "0": "Hankou North",
    "1": "Shekouxincheng",
    "2": "Tengzigang",
    "3": "Dijiao",
    "4": "Xinrong",
    "5": "Danshuichi",
    "6": "Xuzhouxincun",
    "7": "Erqilu",
    "8": "Toudaojie",
    "9": "Huangpulu",
    "10": "Sanyanglu",
    "11": "Dazhilu",
    "12": "Xunlimen",
    "13": "Youyilu",
    "14": "Lijibeilu",
    "15": "Chongrenlu",
    "16": "Qiaokoulu",
    "17": "Taipingyang",
    "18": "Zongguan",
    "19": "Hanxiyilu",
    "20": "Gutiansilu",
    "21": "Gutiansanlu",
    "22": "Gutianerlu",
    "23": "Gutianyilu",
    "24": "Duoluokou",
    "25": "Zhuyehai",
    "26": "Etouwan",
    "27": "Wuhuandadao",
    "28": "Dongwudadao",
    "29": "Jinshandadao",
    "30": "1",
    "31": "Jinyintan",
    "32": "Changqing Huayuan",
    "33": "Changgang Rd",
    "34": "Hankou Railway Station",
    "35": "Fanhu",
    "36": "Wangjiadun East",
    "37": "Qingnian Rd",
    "38": "Zhongshan Park",
    "39": "Jianghan Rd",
    "40": "Jiyuqiao",
    "41": "Pangxiejia",
    "42": "Xiaoguishan",
    "43": "Hongshan Square",
    "44": "Zhongnan Rd",
    "45": "Baotong Temple",
    "46": "Jiedaokou",
    "47": "Guangbutun",
    "48": "Huquan",
    "49": "Yangjiawan",
    "50": "Optics Valley Square",
    "51": "2",
    "52": "Hongtu Boulevard",
    "53": "Citizens Home",
    "54": "Houhu Boulevard",
    "55": "Xingye Road",
    "56": "Erqi Branch Road",
    "57": "Luojiazhuang",
    "58": "Zhaojiatiao",
    "59": "Huiji 2nd Road",
    "60": "Xianggang Road",
    "61": "Lingjiaohu",
    "62": "Yunfei Road",
    "63": "Wuhan Business District",
    "64": "Shuangdun",
    "65": "Wangjiawan",
    "66": "Longyangcun",
    "67": "Taojialing",
    "68": "Sixin Boulevard",
    "69": "Hanyang Long-Distance Bus Station",
    "70": "Sanjiaohu",
    "71": "Sports Center",
    "72": "Dongfeng Motor Corporation",
    "73": "Zhuanyang Boulevard",
    "74": "3",
    "75": "Huangjinkou",
    "76": "Mengjiapu",
    "77": "Yong'antang",
    "78": "Yulong Road",
    "79": "Shilipu",
    "80": "Qilimiao",
    "81": "Wulidun",
    "82": "Hanyang Railway Station",
    "83": "Zhongjiacun",
    "84": "Lanjiang Road",
    "85": "Fuxing Road",
    "86": "Shouyi Road",
    "87": "Wuchang Railway Station",
    "88": "Meiyuanxiaoqu",
    "89": "Chuhe Hanjie",
    "90": "Qingyuzui",
    "91": "Dongting",
    "92": "Yuejiazui",
    "93": "Tieji Road",
    "94": "Luojiagang",
    "95": "Yuanlin Road",
    "96": "Renhe Road",
    "97": "Gongye Fourth Road",
    "98": "Yangchunhu",
    "99": "Wuhan Railway Station",
    "100": "4",
    "101": "Метро",
    "102": "ROOT",
    "103": "Схема от 13.03.2016г.",
    "104": "Imported from http://pmetro.su"
}