{
    "lines": [
        {
            "delays": [
                0,
                3120,
                4949,
                7560,
                47220,
                6300,
                44700
            ],
            "name": "Медвежьегорская",
            "scheme": "medvezhya_gora",
            "segments": [
                [
                    0,
                    1,
                    495
                ],
                [
                    1,
                    0,
                    495
                ],
                [
                    1,
                    2,
                    435
                ],
                [
                    2,
                    1,
                    435
                ],
                [
                    2,
                    3,
                    584
                ],
                [
                    3,
                    2,
                    584
                ],
                [
                    3,
                    4,
                    780
                ],
                [
                    4,
                    3,
                    780
                ],
                [
                    4,
                    5,
                    540
                ],
                [
                    5,
                    4,
                    540
                ],
                [
                    5,
                    6,
                    360
                ],
                [
                    6,
                    5,
                    360
                ],
                [
                    6,
                    7,
                    570
                ],
                [
                    7,
                    6,
                    570
                ],
                [
                    7,
                    8,
                    750
                ],
                [
                    8,
                    7,
                    750
                ],
                [
                    8,
                    9,
                    764
                ],
                [
                    9,
                    8,
                    764
                ],
                [
                    9,
                    10,
                    480
                ],
                [
                    10,
                    9,
                    480
                ],
                [
                    10,
                    11,
                    300
                ],
                [
                    11,
                    10,
                    300
                ],
                [
                    11,
                    12,
                    524
                ],
                [
                    12,
                    11,
                    524
                ],
                [
                    12,
                    13,
                    480
                ],
                [
                    13,
                    12,
                    480
                ],
                [
                    13,
                    14,
                    420
                ],
                [
                    14,
                    13,
                    420
                ],
                [
                    14,
                    15,
                    480
                ],
                [
                    15,
                    14,
                    480
                ],
                [
                    15,
                    16,
                    570
                ],
                [
                    16,
                    15,
                    570
                ],
                [
                    16,
                    17,
                    360
                ],
                [
                    17,
                    16,
                    360
                ],
                [
                    17,
                    18,
                    510
                ],
                [
                    18,
                    17,
                    510
                ],
                [
                    18,
                    19,
                    540
                ],
                [
                    19,
                    18,
                    540
                ],
                [
                    19,
                    20,
                    465
                ],
                [
                    20,
                    19,
                    465
                ],
                [
                    20,
                    21,
                    385
                ],
                [
                    21,
                    20,
                    385
                ],
                [
                    21,
                    22,
                    480
                ],
                [
                    22,
                    21,
                    480
                ],
                [
                    22,
                    23,
                    420
                ],
                [
                    23,
                    22,
                    420
                ],
                [
                    23,
                    24,
                    465
                ],
                [
                    24,
                    23,
                    465
                ],
                [
                    24,
                    25,
                    405
                ],
                [
                    25,
                    24,
                    405
                ],
                [
                    25,
                    26,
                    570
                ],
                [
                    26,
                    25,
                    570
                ],
                [
                    26,
                    27,
                    300
                ],
                [
                    27,
                    26,
                    300
                ]
            ],
            "stations": [
                [
                    0,
                    "Медвежья Гора",
                    0
                ],
                [
                    1,
                    "Пл. Лавас Губа",
                    1
                ],
                [
                    2,
                    "Предмедгорский",
                    2
                ],
                [
                    3,
                    "Пергуба",
                    3
                ],
                [
                    4,
                    "Пл. Уница",
                    4
                ],
                [
                    5,
                    "Кяппесельга",
                    5
                ],
                [
                    6,
                    "Пл. 522 км/Деревня Кяппесельга",
                    6
                ],
                [
                    7,
                    "Викшеозеро",
                    7
                ],
                [
                    8,
                    "Новый Поселок",
                    8
                ],
                [
                    9,
                    "Лижма",
                    9
                ],
                [
                    10,
                    "Пл. 489 км/Деревня Лижма",
                    10
                ],
                [
                    11,
                    "Кедрозеро",
                    11
                ],
                [
                    12,
                    "Илемсельга",
                    12
                ],
                [
                    13,
                    "Мянсельга",
                    13
                ],
                [
                    14,
                    "Пл. 468 км/Мянсельгский Переезд",
                    14
                ],
                [
                    15,
                    "Нигозеро",
                    15
                ],
                [
                    16,
                    "Кондопога",
                    16
                ],
                [
                    17,
                    "Пл. 454 км/Бульвар Юности",
                    17
                ],
                [
                    18,
                    "Заделье",
                    18
                ],
                [
                    19,
                    "Суна",
                    19
                ],
                [
                    20,
                    "Пл. 437 км/Лучевое-2",
                    20
                ],
                [
                    21,
                    "Лучевой",
                    21
                ],
                [
                    22,
                    "Пл. 427 км/Падас",
                    22
                ],
                [
                    23,
                    "Шуйская",
                    23
                ],
                [
                    24,
                    "417 км/Шуйский Мост",
                    24
                ],
                [
                    25,
                    "Томицы",
                    25
                ],
                [
                    26,
                    "Петрозаводск-Товарный",
                    26
                ],
                [
                    27,
                    "Петрозаводск-Пассажирский",
                    27
                ]
            ],
            "text_id": 28
        },
        {
            "delays": [
                0,
                3120,
                4949,
                7560,
                47220,
                6300,
                44700
            ],
            "name": "Свирская",
            "scheme": "svir",
            "segments": [
                [
                    28,
                    29,
                    389
                ],
                [
                    29,
                    28,
                    389
                ],
                [
                    29,
                    30,
                    465
                ],
                [
                    30,
                    29,
                    465
                ],
                [
                    30,
                    31,
                    840
                ],
                [
                    31,
                    30,
                    840
                ],
                [
                    31,
                    32,
                    389
                ],
                [
                    32,
                    31,
                    389
                ],
                [
                    32,
                    33,
                    449
                ],
                [
                    33,
                    32,
                    449
                ],
                [
                    33,
                    34,
                    690
                ],
                [
                    34,
                    33,
                    690
                ],
                [
                    34,
                    35,
                    930
                ],
                [
                    35,
                    34,
                    930
                ],
                [
                    35,
                    36,
                    704
                ],
                [
                    36,
                    35,
                    704
                ],
                [
                    36,
                    37,
                    329
                ],
                [
                    37,
                    36,
                    329
                ],
                [
                    37,
                    38,
                    420
                ],
                [
                    38,
                    37,
                    420
                ],
                [
                    38,
                    39,
                    480
                ],
                [
                    39,
                    38,
                    480
                ],
                [
                    39,
                    40,
                    360
                ],
                [
                    40,
                    39,
                    360
                ],
                [
                    40,
                    41,
                    420
                ],
                [
                    41,
                    40,
                    420
                ],
                [
                    41,
                    42,
                    720
                ],
                [
                    42,
                    41,
                    720
                ],
                [
                    42,
                    43,
                    1080
                ],
                [
                    43,
                    42,
                    1080
                ]
            ],
            "stations": [
                [
                    28,
                    "Петрозаводск-Пассажирский",
                    27
                ],
                [
                    29,
                    "Голиковка",
                    29
                ],
                [
                    30,
                    "Онежский",
                    30
                ],
                [
                    31,
                    "Пл. Орзега",
                    31
                ],
                [
                    32,
                    "Пл. 379 км/Кооператив \"Березка\"",
                    32
                ],
                [
                    33,
                    "Деревянка",
                    33
                ],
                [
                    34,
                    "Пьяжиева Сельга",
                    34
                ],
                [
                    35,
                    "Пл. Нырки",
                    35
                ],
                [
                    36,
                    "Ладва",
                    36
                ],
                [
                    37,
                    "Пл. 342 км/Село Таржеполь",
                    37
                ],
                [
                    38,
                    "Пл. Таржеполь",
                    38
                ],
                [
                    39,
                    "Пл. Пай",
                    39
                ],
                [
                    40,
                    "Пл. Ревсельга",
                    40
                ],
                [
                    41,
                    "Токари",
                    41
                ],
                [
                    42,
                    "Пл. Челма",
                    42
                ],
                [
                    43,
                    "Свирь",
                    43
                ]
            ],
            "text_id": 44
        },
        {
            "delays": [
                0,
                3120,
                4949,
                7560,
                47220,
                6300,
                44700
            ],
            "name": "Суоярвская",
            "scheme": "suoyarvi",
            "segments": [
                [
                    44,
                    45,
                    1140
                ],
                [
                    45,
                    44,
                    1140
                ],
                [
                    45,
                    46,
                    1020
                ],
                [
                    46,
                    45,
                    1020
                ],
                [
                    46,
                    47,
                    1080
                ],
                [
                    47,
                    46,
                    1080
                ],
                [
                    47,
                    48,
                    269
                ],
                [
                    48,
                    47,
                    269
                ],
                [
                    48,
                    49,
                    990
                ],
                [
                    49,
                    48,
                    990
                ],
                [
                    49,
                    50,
                    840
                ],
                [
                    50,
                    49,
                    840
                ],
                [
                    50,
                    51,
                    810
                ],
                [
                    51,
                    50,
                    810
                ],
                [
                    51,
                    52,
                    900
                ],
                [
                    52,
                    51,
                    900
                ],
                [
                    52,
                    53,
                    1020
                ],
                [
                    53,
                    52,
                    1020
                ],
                [
                    53,
                    54,
                    900
                ],
                [
                    54,
                    53,
                    900
                ],
                [
                    54,
                    55,
                    660
                ],
                [
                    55,
                    54,
                    660
                ],
                [
                    55,
                    56,
                    510
                ],
                [
                    56,
                    55,
                    510
                ],
                [
                    56,
                    57,
                    840
                ],
                [
                    57,
                    56,
                    840
                ],
                [
                    57,
                    58,
                    540
                ],
                [
                    58,
                    57,
                    540
                ],
                [
                    58,
                    59,
                    570
                ],
                [
                    59,
                    58,
                    570
                ],
                [
                    59,
                    60,
                    690
                ],
                [
                    60,
                    59,
                    690
                ],
                [
                    60,
                    61,
                    720
                ],
                [
                    61,
                    60,
                    720
                ]
            ],
            "stations": [
                [
                    44,
                    "Суоярви-1",
                    45
                ],
                [
                    45,
                    "Пл. Веркко",
                    46
                ],
                [
                    46,
                    "Хаутоваара",
                    47
                ],
                [
                    47,
                    "Пл. Застава",
                    48
                ],
                [
                    48,
                    "Застава",
                    49
                ],
                [
                    49,
                    "Новые Пески",
                    50
                ],
                [
                    50,
                    "Пл. Иматозеро",
                    51
                ],
                [
                    51,
                    "Эссойла",
                    52
                ],
                [
                    52,
                    "Сяньга",
                    53
                ],
                [
                    53,
                    "Пл. Кутижма",
                    54
                ],
                [
                    54,
                    "Виллагора",
                    55
                ],
                [
                    55,
                    "Пл. 509 км/База Отдыха ДОК",
                    56
                ],
                [
                    56,
                    "Пл. Падозеро",
                    57
                ],
                [
                    57,
                    "Чална-Онежская",
                    58
                ],
                [
                    58,
                    "Пл. 528 км/Бесовец",
                    59
                ],
                [
                    59,
                    "Томицы",
                    25
                ],
                [
                    60,
                    "Петрозаводск-Товарный",
                    26
                ],
                [
                    61,
                    "Петрозаводск-Пассажирский",
                    27
                ]
            ],
            "text_id": 60
        }
    ],
    "name": "metro",
    "transfers": [
        [
            28,
            27,
            0,
            false
        ],
        [
            28,
            61,
            0,
            false
        ],
        [
            27,
            61,
            0,
            false
        ],
        [
            25,
            59,
            0,
            false
        ]
    ],
    "type_name": "Электричка"
}