{
    "lines": [
        {
            "delays": [
                180,
                300
            ],
            "name": "Холодногірсько-Заводська",
            "scheme": "holod-zav",
            "segments": [
                [
                    0,
                    1,
                    0
                ],
                [
                    1,
                    0,
                    0
                ],
                [
                    1,
                    2,
                    180
                ],
                [
                    2,
                    1,
                    180
                ],
                [
                    2,
                    3,
                    120
                ],
                [
                    3,
                    2,
                    120
                ],
                [
                    3,
                    4,
                    60
                ],
                [
                    4,
                    3,
                    60
                ],
                [
                    4,
                    5,
                    120
                ],
                [
                    5,
                    4,
                    120
                ],
                [
                    5,
                    6,
                    120
                ],
                [
                    6,
                    5,
                    120
                ],
                [
                    6,
                    7,
                    120
                ],
                [
                    7,
                    6,
                    120
                ],
                [
                    7,
                    8,
                    120
                ],
                [
                    8,
                    7,
                    120
                ],
                [
                    8,
                    9,
                    120
                ],
                [
                    9,
                    8,
                    120
                ],
                [
                    9,
                    10,
                    180
                ],
                [
                    10,
                    9,
                    180
                ],
                [
                    10,
                    11,
                    120
                ],
                [
                    11,
                    10,
                    120
                ],
                [
                    11,
                    12,
                    120
                ],
                [
                    12,
                    11,
                    120
                ],
                [
                    12,
                    13,
                    120
                ],
                [
                    13,
                    12,
                    120
                ],
                [
                    13,
                    14,
                    0
                ],
                [
                    14,
                    13,
                    0
                ],
                [
                    14,
                    15,
                    0
                ],
                [
                    15,
                    14,
                    0
                ],
                [
                    15,
                    16,
                    0
                ],
                [
                    16,
                    15,
                    0
                ]
            ],
            "stations": [
                [
                    0,
                    "Залютіне",
                    0
                ],
                [
                    1,
                    "Холодна Гора",
                    1
                ],
                [
                    2,
                    "Південний Вокзал",
                    2
                ],
                [
                    3,
                    "Центральний ринок",
                    3
                ],
                [
                    4,
                    "Радянська",
                    4
                ],
                [
                    5,
                    "Проспект Гагаріна",
                    5
                ],
                [
                    6,
                    "Спортивна",
                    6
                ],
                [
                    7,
                    "Завод ім. Малишева",
                    7
                ],
                [
                    8,
                    "Московський проспект",
                    8
                ],
                [
                    9,
                    "Маршала Жукова",
                    9
                ],
                [
                    10,
                    "Радяньскої Армии",
                    10
                ],
                [
                    11,
                    "Ім. О.С.Масельского",
                    11
                ],
                [
                    12,
                    "Тракторний Завод",
                    12
                ],
                [
                    13,
                    "Пролетарська",
                    13
                ],
                [
                    14,
                    "Східна",
                    14
                ],
                [
                    15,
                    "Роганьска",
                    15
                ],
                [
                    16,
                    "Південна",
                    16
                ]
            ],
            "text_id": 17
        },
        {
            "delays": [
                180,
                480
            ],
            "name": "Салтівська",
            "scheme": "saltovskaja",
            "segments": [
                [
                    17,
                    18,
                    0
                ],
                [
                    18,
                    17,
                    0
                ],
                [
                    18,
                    19,
                    0
                ],
                [
                    19,
                    18,
                    0
                ],
                [
                    19,
                    20,
                    120
                ],
                [
                    20,
                    19,
                    120
                ],
                [
                    20,
                    21,
                    120
                ],
                [
                    21,
                    20,
                    120
                ],
                [
                    21,
                    22,
                    120
                ],
                [
                    22,
                    21,
                    120
                ],
                [
                    22,
                    23,
                    180
                ],
                [
                    23,
                    22,
                    180
                ],
                [
                    23,
                    24,
                    120
                ],
                [
                    24,
                    23,
                    120
                ],
                [
                    24,
                    25,
                    120
                ],
                [
                    25,
                    24,
                    120
                ],
                [
                    25,
                    26,
                    120
                ],
                [
                    26,
                    25,
                    120
                ],
                [
                    26,
                    27,
                    0
                ],
                [
                    27,
                    26,
                    0
                ]
            ],
            "stations": [
                [
                    17,
                    "Жовтнева",
                    18
                ],
                [
                    18,
                    "Пл. Урицького",
                    19
                ],
                [
                    19,
                    "Історичний музей",
                    20
                ],
                [
                    20,
                    "Університет",
                    21
                ],
                [
                    21,
                    "Пушкінська",
                    22
                ],
                [
                    22,
                    "Київська",
                    23
                ],
                [
                    23,
                    "Академіка Барабашова",
                    24
                ],
                [
                    24,
                    "Академіка Павлова",
                    25
                ],
                [
                    25,
                    "Студентська",
                    26
                ],
                [
                    26,
                    "Героїв праці",
                    27
                ],
                [
                    27,
                    "Дружби Народів",
                    28
                ]
            ],
            "text_id": 29
        },
        {
            "delays": [
                300,
                600
            ],
            "name": "Олексіївська",
            "scheme": "alekseevskaja",
            "segments": [
                [
                    28,
                    29,
                    0
                ],
                [
                    29,
                    28,
                    0
                ],
                [
                    29,
                    30,
                    0
                ],
                [
                    30,
                    29,
                    0
                ],
                [
                    30,
                    31,
                    0
                ],
                [
                    31,
                    30,
                    0
                ],
                [
                    31,
                    32,
                    0
                ],
                [
                    32,
                    31,
                    0
                ],
                [
                    32,
                    33,
                    120
                ],
                [
                    33,
                    32,
                    120
                ],
                [
                    33,
                    34,
                    180
                ],
                [
                    34,
                    33,
                    180
                ],
                [
                    34,
                    35,
                    60
                ],
                [
                    35,
                    34,
                    60
                ],
                [
                    35,
                    36,
                    120
                ],
                [
                    36,
                    35,
                    120
                ],
                [
                    36,
                    37,
                    120
                ],
                [
                    37,
                    36,
                    120
                ],
                [
                    37,
                    38,
                    120
                ],
                [
                    38,
                    37,
                    120
                ],
                [
                    38,
                    39,
                    120
                ],
                [
                    39,
                    38,
                    120
                ],
                [
                    39,
                    40,
                    0
                ],
                [
                    40,
                    39,
                    0
                ]
            ],
            "stations": [
                [
                    28,
                    "Аеропорт",
                    30
                ],
                [
                    29,
                    "Мотель \"Дружба\"",
                    31
                ],
                [
                    30,
                    "Одеська",
                    32
                ],
                [
                    31,
                    "Державінська",
                    33
                ],
                [
                    32,
                    "Метробудівників",
                    34
                ],
                [
                    33,
                    "Пл. Повстання",
                    35
                ],
                [
                    34,
                    "Архітектора Бекетова",
                    36
                ],
                [
                    35,
                    "Держпром",
                    37
                ],
                [
                    36,
                    "Наукова",
                    38
                ],
                [
                    37,
                    "Ботанічний сад",
                    39
                ],
                [
                    38,
                    "23-го Серпня",
                    40
                ],
                [
                    39,
                    "Олексіївська",
                    41
                ],
                [
                    40,
                    "Пр.Перемоги",
                    42
                ]
            ],
            "text_id": 41
        },
        {
            "delays": [
                null,
                null
            ],
            "name": "Салтівське відгалуження",
            "scheme": "saltovske-otv",
            "segments": [
                [
                    41,
                    42,
                    0
                ],
                [
                    42,
                    41,
                    0
                ],
                [
                    42,
                    43,
                    0
                ],
                [
                    43,
                    42,
                    0
                ],
                [
                    43,
                    44,
                    0
                ],
                [
                    44,
                    43,
                    0
                ]
            ],
            "stations": [
                [
                    41,
                    "Академіка Барабашова",
                    24
                ],
                [
                    42,
                    "Гвардійців Широнінців",
                    43
                ],
                [
                    43,
                    "Тракторобудівників",
                    44
                ],
                [
                    44,
                    "Східна Салтівка",
                    45
                ]
            ],
            "text_id": 46
        }
    ],
    "name": "metro",
    "transfers": [
        [
            4,
            19,
            60,
            true
        ],
        [
            20,
            35,
            120,
            true
        ],
        [
            32,
            6,
            180,
            true
        ],
        [
            23,
            41,
            60,
            true
        ]
    ],
    "type_name": "Метро"
}