{
    "0": "Ploschad' Truda",
    "1": "Oktjabr'skaja",
    "2": "Gorodskaja Bol'nitsa",
    "3": "Ploschad' Artema",
    "4": "Dzerzhinskaja",
    "5": "Dom Sovetov",
    "6": "Prospekt Metallurgov",
    "7": "Kol'tsevaja",
    "8": "1",
    "9": "Zarechnaja",
    "10": "Elektrozavodskaja",
    "11": "Industrial'naja",
    "12": "2",
    "13": "Metro",
    "14": "ROOT",
    "15": "skorostnoj tramvaj\nShema ot 07.03.2009g.\nVektornuju versiju podgotovil Kirill Chetvertak.\nKarta vzjata s sajta http://www.urbanrail.net.",
    "16": "Imported from http://pmetro.su"
}