{
    "0": "Площадь Труда",
    "1": "Октябрьская",
    "2": "Городская Больница",
    "3": "Площадь Артёма",
    "4": "Дзержинская",
    "5": "Дом Советов",
    "6": "Проспект Металлургов",
    "7": "Кольцевая",
    "8": "1",
    "9": "Заречная",
    "10": "Электрозаводская",
    "11": "Индустриальная",
    "12": "2",
    "13": "Метро",
    "14": "ROOT",
    "15": "скоростной трамвай\nСхема от 07.03.2009г.\nВекторную версию подготовил Кирилл Четвертак.\nКарта взята с сайта http://www.urbanrail.net.",
    "16": "Imported from http://pmetro.su"
}