{
    "lines": [
        {
            "delays": [],
            "name": "Monorail",
            "scheme": null,
            "segments": [
                [
                    0,
                    1,
                    120
                ],
                [
                    1,
                    0,
                    120
                ],
                [
                    1,
                    2,
                    120
                ],
                [
                    2,
                    1,
                    120
                ],
                [
                    2,
                    3,
                    120
                ],
                [
                    3,
                    2,
                    120
                ],
                [
                    3,
                    4,
                    120
                ],
                [
                    4,
                    3,
                    120
                ],
                [
                    4,
                    5,
                    120
                ],
                [
                    5,
                    4,
                    120
                ],
                [
                    5,
                    6,
                    120
                ],
                [
                    6,
                    5,
                    120
                ],
                [
                    6,
                    7,
                    120
                ],
                [
                    7,
                    6,
                    120
                ],
                [
                    7,
                    8,
                    120
                ],
                [
                    8,
                    7,
                    120
                ],
                [
                    8,
                    9,
                    120
                ],
                [
                    9,
                    8,
                    120
                ],
                [
                    9,
                    10,
                    120
                ],
                [
                    10,
                    9,
                    120
                ],
                [
                    10,
                    11,
                    120
                ],
                [
                    11,
                    10,
                    120
                ],
                [
                    11,
                    12,
                    120
                ],
                [
                    12,
                    11,
                    120
                ]
            ],
            "stations": [
                [
                    0,
                    "Kokura",
                    0
                ],
                [
                    1,
                    "Heiwadori",
                    1
                ],
                [
                    2,
                    "Tanga",
                    2
                ],
                [
                    3,
                    "Kawaraguchi Mihagino",
                    3
                ],
                [
                    4,
                    "Katano",
                    4
                ],
                [
                    5,
                    "Jono",
                    5
                ],
                [
                    6,
                    "Kitagata",
                    6
                ],
                [
                    7,
                    "Keibajomae",
                    7
                ],
                [
                    8,
                    "Moritsune",
                    8
                ],
                [
                    9,
                    "Tokuriki Kodanmae",
                    9
                ],
                [
                    10,
                    "Tokuriki Arashiyamaguchi",
                    10
                ],
                [
                    11,
                    "Shii",
                    11
                ],
                [
                    12,
                    "Kikugaoka",
                    12
                ]
            ],
            "text_id": 13
        }
    ],
    "name": "metro",
    "transfers": [],
    "type_name": "Электричка"
}