{
    "default_transports": [
        "metro"
    ],
    "height": 843,
    "images": [
        "res/schemes/nn.svg"
    ],
    "is_vector": false,
    "lines": [
        {
            "labels_bg_color": "-1",
            "labels_color": "CF0000",
            "line_color": "CF0000",
            "line_width": 9,
            "name": "Автозаводская",
            "segments": [
                [
                    1,
                    2,
                    [
                        [
                            250.0,
                            258.0
                        ],
                        [
                            252.14,
                            255.93
                        ],
                        [
                            254.81,
                            254.09
                        ],
                        [
                            258.02,
                            252.5
                        ],
                        [
                            261.75,
                            251.12
                        ],
                        [
                            265.94,
                            249.95
                        ],
                        [
                            270.67,
                            249.02
                        ],
                        [
                            275.98,
                            248.35
                        ],
                        [
                            282.0,
                            248.0
                        ],
                        [
                            288.97,
                            248.09
                        ],
                        [
                            296.58,
                            248.48
                        ],
                        [
                            304.61,
                            249.04
                        ],
                        [
                            313.0,
                            249.75
                        ],
                        [
                            321.64,
                            250.55
                        ],
                        [
                            330.42,
                            251.4
                        ],
                        [
                            339.28,
                            252.25
                        ],
                        [
                            348.0,
                            253.0
                        ],
                        [
                            356.27,
                            253.49
                        ],
                        [
                            364.33,
                            253.85
                        ],
                        [
                            372.31,
                            254.14
                        ],
                        [
                            380.25,
                            254.38
                        ],
                        [
                            388.23,
                            254.6
                        ],
                        [
                            396.19,
                            254.78
                        ],
                        [
                            404.11,
                            254.91
                        ],
                        [
                            412.0,
                            255.0
                        ]
                    ],
                    true
                ],
                [
                    2,
                    3,
                    [
                        [
                            226.0,
                            304.0
                        ],
                        [
                            226.56,
                            300.19
                        ],
                        [
                            227.25,
                            296.5
                        ],
                        [
                            228.06,
                            292.94
                        ],
                        [
                            229.0,
                            289.5
                        ],
                        [
                            230.06,
                            286.19
                        ],
                        [
                            231.25,
                            283.0
                        ],
                        [
                            232.56,
                            279.94
                        ],
                        [
                            234.0,
                            277.0
                        ],
                        [
                            235.56,
                            274.19
                        ],
                        [
                            237.25,
                            271.5
                        ],
                        [
                            239.06,
                            268.94
                        ],
                        [
                            241.0,
                            266.5
                        ],
                        [
                            243.06,
                            264.19
                        ],
                        [
                            245.25,
                            262.0
                        ],
                        [
                            247.56,
                            259.94
                        ],
                        [
                            250.0,
                            258.0
                        ]
                    ],
                    true
                ],
                [
                    3,
                    4,
                    [
                        [
                            246.0,
                            370.0
                        ],
                        [
                            246.52,
                            368.58
                        ],
                        [
                            246.81,
                            367.06
                        ],
                        [
                            246.88,
                            365.45
                        ],
                        [
                            246.75,
                            363.75
                        ],
                        [
                            246.45,
                            361.94
                        ],
                        [
                            245.92,
                            360.04
                        ],
                        [
                            245.14,
                            358.05
                        ],
                        [
                            244.0,
                            356.0
                        ],
                        [
                            242.31,
                            353.92
                        ],
                        [
                            240.33,
                            351.77
                        ],
                        [
                            238.21,
                            349.51
                        ],
                        [
                            236.0,
                            347.12
                        ],
                        [
                            233.79,
                            344.6
                        ],
                        [
                            231.67,
                            341.91
                        ],
                        [
                            229.69,
                            339.06
                        ],
                        [
                            228.0,
                            336.0
                        ],
                        [
                            226.86,
                            332.68
                        ],
                        [
                            226.08,
                            329.15
                        ],
                        [
                            225.55,
                            325.42
                        ],
                        [
                            225.25,
                            321.5
                        ],
                        [
                            225.12,
                            317.4
                        ],
                        [
                            225.19,
                            313.12
                        ],
                        [
                            225.48,
                            308.66
                        ],
                        [
                            226.0,
                            304.0
                        ]
                    ],
                    true
                ],
                [
                    4,
                    5,
                    [
                        [
                            229,
                            444
                        ],
                        [
                            246,
                            370
                        ]
                    ],
                    true
                ],
                [
                    5,
                    6,
                    [
                        [
                            215,
                            502
                        ],
                        [
                            229,
                            444
                        ]
                    ],
                    true
                ],
                [
                    6,
                    7,
                    [
                        [
                            203,
                            552
                        ],
                        [
                            215,
                            502
                        ]
                    ],
                    true
                ],
                [
                    7,
                    8,
                    [
                        [
                            185.0,
                            589.0
                        ],
                        [
                            186.59,
                            587.04
                        ],
                        [
                            188.12,
                            585.03
                        ],
                        [
                            189.59,
                            582.98
                        ],
                        [
                            191.0,
                            580.88
                        ],
                        [
                            192.34,
                            578.73
                        ],
                        [
                            193.62,
                            576.53
                        ],
                        [
                            194.84,
                            574.29
                        ],
                        [
                            196.0,
                            572.0
                        ],
                        [
                            197.09,
                            569.66
                        ],
                        [
                            198.12,
                            567.28
                        ],
                        [
                            199.09,
                            564.85
                        ],
                        [
                            200.0,
                            562.38
                        ],
                        [
                            200.84,
                            559.85
                        ],
                        [
                            201.62,
                            557.28
                        ],
                        [
                            202.34,
                            554.66
                        ],
                        [
                            203.0,
                            552.0
                        ]
                    ],
                    true
                ],
                [
                    8,
                    9,
                    [
                        [
                            148,
                            626
                        ],
                        [
                            185,
                            589
                        ]
                    ],
                    true
                ],
                [
                    9,
                    10,
                    [
                        [
                            118,
                            656
                        ],
                        [
                            148,
                            626
                        ]
                    ],
                    true
                ],
                [
                    10,
                    11,
                    [
                        [
                            81,
                            693
                        ],
                        [
                            118,
                            656
                        ]
                    ],
                    true
                ]
            ],
            "stations": [
                {
                    "coord": null,
                    "is_working": false,
                    "name": "Оперный театр",
                    "rect": null,
                    "text_id": 0,
                    "uid": 0
                },
                {
                    "coord": [
                        412,
                        255
                    ],
                    "is_working": true,
                    "name": "Горьковская",
                    "rect": [
                        377,
                        233,
                        83,
                        15
                    ],
                    "text_id": 1,
                    "uid": 1
                },
                {
                    "coord": [
                        250,
                        258
                    ],
                    "is_working": true,
                    "name": "Московская",
                    "rect": [
                        263,
                        261,
                        79,
                        15
                    ],
                    "text_id": 2,
                    "uid": 2
                },
                {
                    "coord": [
                        226,
                        304
                    ],
                    "is_working": true,
                    "name": "Чкаловская",
                    "rect": [
                        236,
                        297,
                        76,
                        15
                    ],
                    "text_id": 3,
                    "uid": 3
                },
                {
                    "coord": [
                        246,
                        370
                    ],
                    "is_working": true,
                    "name": "Ленинская",
                    "rect": [
                        256,
                        363,
                        70,
                        15
                    ],
                    "text_id": 4,
                    "uid": 4
                },
                {
                    "coord": [
                        229,
                        444
                    ],
                    "is_working": true,
                    "name": "Заречная",
                    "rect": [
                        239,
                        437,
                        62,
                        15
                    ],
                    "text_id": 5,
                    "uid": 5
                },
                {
                    "coord": [
                        215,
                        502
                    ],
                    "is_working": true,
                    "name": "Двигатель Революции",
                    "rect": [
                        225,
                        495,
                        142,
                        15
                    ],
                    "text_id": 6,
                    "uid": 6
                },
                {
                    "coord": [
                        203,
                        552
                    ],
                    "is_working": true,
                    "name": "Пролетарская",
                    "rect": [
                        213,
                        545,
                        90,
                        15
                    ],
                    "text_id": 7,
                    "uid": 7
                },
                {
                    "coord": [
                        185,
                        589
                    ],
                    "is_working": true,
                    "name": "Автозаводская",
                    "rect": [
                        195,
                        585,
                        100,
                        15
                    ],
                    "text_id": 8,
                    "uid": 8
                },
                {
                    "coord": [
                        148,
                        626
                    ],
                    "is_working": true,
                    "name": "Комсомольская",
                    "rect": [
                        158,
                        624,
                        103,
                        15
                    ],
                    "text_id": 9,
                    "uid": 9
                },
                {
                    "coord": [
                        118,
                        656
                    ],
                    "is_working": true,
                    "name": "Кировская",
                    "rect": [
                        128,
                        653,
                        69,
                        15
                    ],
                    "text_id": 10,
                    "uid": 10
                },
                {
                    "coord": [
                        81,
                        693
                    ],
                    "is_working": true,
                    "name": "Парк Культуры",
                    "rect": [
                        92,
                        690,
                        90,
                        15
                    ],
                    "text_id": 11,
                    "uid": 11
                }
            ],
            "text_id": 8
        },
        {
            "labels_bg_color": "-1",
            "labels_color": "085888",
            "line_color": "085888",
            "line_width": 9,
            "name": "Сормовская",
            "segments": [
                [
                    14,
                    15,
                    [
                        [
                            135,
                            246
                        ],
                        [
                            82,
                            219
                        ]
                    ],
                    true
                ],
                [
                    15,
                    16,
                    [
                        [
                            182,
                            266
                        ],
                        [
                            135,
                            246
                        ]
                    ],
                    true
                ],
                [
                    16,
                    17,
                    [
                        [
                            244.0,
                            250.0
                        ],
                        [
                            239.66,
                            253.11
                        ],
                        [
                            235.38,
                            255.94
                        ],
                        [
                            231.16,
                            258.48
                        ],
                        [
                            227.0,
                            260.75
                        ],
                        [
                            222.91,
                            262.73
                        ],
                        [
                            218.88,
                            264.44
                        ],
                        [
                            214.91,
                            265.86
                        ],
                        [
                            211.0,
                            267.0
                        ],
                        [
                            207.16,
                            267.86
                        ],
                        [
                            203.38,
                            268.44
                        ],
                        [
                            199.66,
                            268.73
                        ],
                        [
                            196.0,
                            268.75
                        ],
                        [
                            192.41,
                            268.48
                        ],
                        [
                            188.88,
                            267.94
                        ],
                        [
                            185.41,
                            267.11
                        ],
                        [
                            182.0,
                            266.0
                        ]
                    ],
                    true
                ],
                [
                    17,
                    18,
                    [
                        [
                            284.0,
                            178.0
                        ],
                        [
                            286.85,
                            178.71
                        ],
                        [
                            289.28,
                            179.72
                        ],
                        [
                            291.29,
                            181.03
                        ],
                        [
                            292.88,
                            182.62
                        ],
                        [
                            294.06,
                            184.46
                        ],
                        [
                            294.81,
                            186.61
                        ],
                        [
                            295.14,
                            189.09
                        ],
                        [
                            295.0,
                            192.0
                        ],
                        [
                            294.35,
                            195.52
                        ],
                        [
                            293.25,
                            199.42
                        ],
                        [
                            291.75,
                            203.53
                        ],
                        [
                            289.88,
                            207.81
                        ],
                        [
                            287.64,
                            212.18
                        ],
                        [
                            285.06,
                            216.55
                        ],
                        [
                            282.17,
                            220.88
                        ],
                        [
                            279.0,
                            225.0
                        ],
                        [
                            275.63,
                            228.68
                        ],
                        [
                            272.0,
                            232.11
                        ],
                        [
                            268.08,
                            235.37
                        ],
                        [
                            263.88,
                            238.5
                        ],
                        [
                            259.35,
                            241.56
                        ],
                        [
                            254.53,
                            244.5
                        ],
                        [
                            249.41,
                            247.31
                        ],
                        [
                            244.0,
                            250.0
                        ]
                    ],
                    true
                ],
                [
                    18,
                    19,
                    [
                        [
                            190.0,
                            166.0
                        ],
                        [
                            197.31,
                            169.26
                        ],
                        [
                            204.25,
                            172.16
                        ],
                        [
                            210.81,
                            174.69
                        ],
                        [
                            217.0,
                            176.88
                        ],
                        [
                            222.86,
                            178.77
                        ],
                        [
                            228.34,
                            180.29
                        ],
                        [
                            233.41,
                            181.4
                        ],
                        [
                            238.0,
                            182.0
                        ],
                        [
                            241.96,
                            181.85
                        ],
                        [
                            245.48,
                            181.25
                        ],
                        [
                            248.68,
                            180.38
                        ],
                        [
                            251.62,
                            179.31
                        ],
                        [
                            254.36,
                            178.15
                        ],
                        [
                            256.96,
                            176.97
                        ],
                        [
                            259.46,
                            175.86
                        ],
                        [
                            262.0,
                            175.0
                        ],
                        [
                            264.76,
                            174.68
                        ],
                        [
                            267.6,
                            174.68
                        ],
                        [
                            270.44,
                            174.88
                        ],
                        [
                            273.25,
                            175.25
                        ],
                        [
                            275.99,
                            175.71
                        ],
                        [
                            278.69,
                            176.31
                        ],
                        [
                            281.36,
                            177.08
                        ],
                        [
                            284.0,
                            178.0
                        ]
                    ],
                    false
                ]
            ],
            "stations": [
                {
                    "coord": null,
                    "is_working": false,
                    "name": "Сормовская",
                    "rect": null,
                    "text_id": 12,
                    "uid": 12
                },
                {
                    "coord": null,
                    "is_working": false,
                    "name": "Варя",
                    "rect": null,
                    "text_id": 13,
                    "uid": 13
                },
                {
                    "coord": [
                        82,
                        219
                    ],
                    "is_working": true,
                    "name": "Буревестник",
                    "rect": [
                        43,
                        197,
                        81,
                        15
                    ],
                    "text_id": 14,
                    "uid": 14
                },
                {
                    "coord": [
                        135,
                        246
                    ],
                    "is_working": true,
                    "name": "Бурнаковская",
                    "rect": [
                        35,
                        251,
                        91,
                        15
                    ],
                    "text_id": 15,
                    "uid": 15
                },
                {
                    "coord": [
                        182,
                        266
                    ],
                    "is_working": true,
                    "name": "Канавинская",
                    "rect": [
                        138,
                        275,
                        86,
                        15
                    ],
                    "text_id": 16,
                    "uid": 16
                },
                {
                    "coord": [
                        244,
                        250
                    ],
                    "is_working": true,
                    "name": "Московская",
                    "rect": null,
                    "text_id": 2,
                    "uid": 17
                },
                {
                    "coord": [
                        284,
                        178
                    ],
                    "is_working": true,
                    "name": "Стрелка",
                    "rect": [
                        259,
                        156,
                        51,
                        15
                    ],
                    "text_id": 17,
                    "uid": 18
                },
                {
                    "coord": [
                        190,
                        166
                    ],
                    "is_working": false,
                    "name": "Волга",
                    "rect": [
                        171,
                        144,
                        39,
                        15
                    ],
                    "text_id": 18,
                    "uid": 19
                }
            ],
            "text_id": 12
        }
    ],
    "lines_width": 9,
    "name": "metro",
    "name_text_id": 19,
    "stations_diameter": 16.0,
    "transfers": [
        [
            2,
            17,
            [
                250,
                258
            ],
            [
                244,
                250
            ]
        ]
    ],
    "transports": [
        "metro"
    ],
    "type_name": "ROOT",
    "type_text_id": 20,
    "upper_case": true,
    "width": 562,
    "word_wrap": false
}