{
    "lines": [
        {
            "delays": [
                240,
                720
            ],
            "name": "U1",
            "scheme": null,
            "segments": [
                [
                    0,
                    1,
                    120
                ],
                [
                    1,
                    0,
                    120
                ],
                [
                    1,
                    2,
                    120
                ],
                [
                    2,
                    1,
                    120
                ],
                [
                    2,
                    3,
                    120
                ],
                [
                    3,
                    2,
                    120
                ],
                [
                    3,
                    4,
                    120
                ],
                [
                    4,
                    3,
                    120
                ],
                [
                    4,
                    5,
                    120
                ],
                [
                    5,
                    4,
                    120
                ],
                [
                    5,
                    6,
                    60
                ],
                [
                    6,
                    5,
                    60
                ],
                [
                    6,
                    7,
                    120
                ],
                [
                    7,
                    6,
                    120
                ],
                [
                    7,
                    8,
                    120
                ],
                [
                    8,
                    7,
                    120
                ],
                [
                    8,
                    9,
                    60
                ],
                [
                    9,
                    8,
                    60
                ],
                [
                    9,
                    10,
                    120
                ],
                [
                    10,
                    9,
                    120
                ],
                [
                    10,
                    11,
                    60
                ],
                [
                    11,
                    10,
                    60
                ],
                [
                    11,
                    12,
                    60
                ],
                [
                    12,
                    11,
                    60
                ]
            ],
            "stations": [
                [
                    0,
                    "Warschauer Strasse",
                    0
                ],
                [
                    1,
                    "Schlesisches Tor",
                    1
                ],
                [
                    2,
                    "Gorlitzer Bahnhof",
                    2
                ],
                [
                    3,
                    "Kottbusser Tor",
                    3
                ],
                [
                    4,
                    "Prinzenstrasse",
                    4
                ],
                [
                    5,
                    "Hallesches Tor",
                    5
                ],
                [
                    6,
                    "Mockernbrucke",
                    6
                ],
                [
                    7,
                    "Gleisdreieck",
                    7
                ],
                [
                    8,
                    "Kurfurstenstrasse",
                    8
                ],
                [
                    9,
                    "Nollendorfplatz",
                    9
                ],
                [
                    10,
                    "Wittenbergplatz",
                    10
                ],
                [
                    11,
                    "Kurfurstendamm",
                    11
                ],
                [
                    12,
                    "Uhlandstrasse",
                    12
                ]
            ],
            "text_id": 13
        },
        {
            "delays": [],
            "name": "U55",
            "scheme": null,
            "segments": [
                [
                    13,
                    14,
                    0
                ],
                [
                    14,
                    13,
                    0
                ],
                [
                    14,
                    15,
                    0
                ],
                [
                    15,
                    14,
                    0
                ]
            ],
            "stations": [
                [
                    13,
                    "Hauptbahnhof",
                    14
                ],
                [
                    14,
                    "Bundestag",
                    15
                ],
                [
                    15,
                    "Unter den Linden",
                    16
                ]
            ],
            "text_id": 17
        },
        {
            "delays": [
                240,
                720
            ],
            "name": "U2",
            "scheme": null,
            "segments": [
                [
                    16,
                    17,
                    120
                ],
                [
                    17,
                    16,
                    120
                ],
                [
                    17,
                    18,
                    120
                ],
                [
                    18,
                    17,
                    120
                ],
                [
                    18,
                    19,
                    120
                ],
                [
                    19,
                    18,
                    120
                ],
                [
                    19,
                    20,
                    60
                ],
                [
                    20,
                    19,
                    60
                ],
                [
                    20,
                    21,
                    120
                ],
                [
                    21,
                    20,
                    120
                ],
                [
                    21,
                    22,
                    60
                ],
                [
                    22,
                    21,
                    60
                ],
                [
                    22,
                    23,
                    60
                ],
                [
                    23,
                    22,
                    60
                ],
                [
                    23,
                    24,
                    120
                ],
                [
                    24,
                    23,
                    120
                ],
                [
                    24,
                    25,
                    120
                ],
                [
                    25,
                    24,
                    120
                ],
                [
                    25,
                    26,
                    180
                ],
                [
                    26,
                    25,
                    180
                ],
                [
                    26,
                    27,
                    120
                ],
                [
                    27,
                    26,
                    120
                ],
                [
                    27,
                    28,
                    60
                ],
                [
                    28,
                    27,
                    60
                ],
                [
                    28,
                    29,
                    180
                ],
                [
                    29,
                    28,
                    180
                ],
                [
                    29,
                    30,
                    120
                ],
                [
                    30,
                    29,
                    120
                ],
                [
                    30,
                    31,
                    60
                ],
                [
                    31,
                    30,
                    60
                ],
                [
                    31,
                    32,
                    120
                ],
                [
                    32,
                    31,
                    120
                ],
                [
                    32,
                    33,
                    60
                ],
                [
                    33,
                    32,
                    60
                ],
                [
                    33,
                    34,
                    120
                ],
                [
                    34,
                    33,
                    120
                ],
                [
                    34,
                    35,
                    60
                ],
                [
                    35,
                    34,
                    60
                ],
                [
                    35,
                    36,
                    120
                ],
                [
                    36,
                    35,
                    120
                ],
                [
                    36,
                    37,
                    60
                ],
                [
                    37,
                    36,
                    60
                ],
                [
                    37,
                    38,
                    120
                ],
                [
                    38,
                    37,
                    120
                ],
                [
                    38,
                    39,
                    120
                ],
                [
                    39,
                    38,
                    120
                ],
                [
                    39,
                    40,
                    120
                ],
                [
                    40,
                    39,
                    120
                ],
                [
                    40,
                    41,
                    120
                ],
                [
                    41,
                    40,
                    120
                ],
                [
                    41,
                    42,
                    120
                ],
                [
                    42,
                    41,
                    120
                ],
                [
                    42,
                    43,
                    120
                ],
                [
                    43,
                    42,
                    120
                ],
                [
                    43,
                    44,
                    120
                ],
                [
                    44,
                    43,
                    120
                ]
            ],
            "stations": [
                [
                    16,
                    "Pankow",
                    18
                ],
                [
                    17,
                    "Vinetastrasse",
                    19
                ],
                [
                    18,
                    "Schonhauser Allee",
                    20
                ],
                [
                    19,
                    "Eberswalder Strasse",
                    21
                ],
                [
                    20,
                    "Senefelderplatz",
                    22
                ],
                [
                    21,
                    "Rosa-Luxemburg-Platz",
                    23
                ],
                [
                    22,
                    "Alexanderplatz",
                    24
                ],
                [
                    23,
                    "Klosterstrasse",
                    25
                ],
                [
                    24,
                    "Markisches Museum",
                    26
                ],
                [
                    25,
                    "Spittelmarkt",
                    27
                ],
                [
                    26,
                    "Hausvogteiplatz",
                    28
                ],
                [
                    27,
                    "Stadtmitte",
                    29
                ],
                [
                    28,
                    "Mohrenstrasse",
                    30
                ],
                [
                    29,
                    "Potsdamer Platz",
                    31
                ],
                [
                    30,
                    "Mendelssohn-Bartholdy-Park",
                    32
                ],
                [
                    31,
                    "Gleisdreieck",
                    7
                ],
                [
                    32,
                    "Bulowstrasse",
                    33
                ],
                [
                    33,
                    "Nollendorfplatz",
                    9
                ],
                [
                    34,
                    "Wittenbergplatz",
                    10
                ],
                [
                    35,
                    "Zoologischer Garten",
                    34
                ],
                [
                    36,
                    "Ernst-Reuter-Platz",
                    35
                ],
                [
                    37,
                    "Deutsche Oper",
                    36
                ],
                [
                    38,
                    "Bismarckstrasse",
                    37
                ],
                [
                    39,
                    "Sophie-Charlotte-Platz",
                    38
                ],
                [
                    40,
                    "Kaiserdamm",
                    39
                ],
                [
                    41,
                    "Theodor-Heuss-Platz",
                    40
                ],
                [
                    42,
                    "Neu-Westend",
                    41
                ],
                [
                    43,
                    "Olympia-Stadion",
                    42
                ],
                [
                    44,
                    "Ruhleben",
                    43
                ]
            ],
            "text_id": 44
        },
        {
            "delays": [
                240,
                720
            ],
            "name": "U3",
            "scheme": null,
            "segments": [
                [
                    45,
                    46,
                    120
                ],
                [
                    46,
                    45,
                    120
                ],
                [
                    46,
                    47,
                    180
                ],
                [
                    47,
                    46,
                    180
                ],
                [
                    47,
                    48,
                    60
                ],
                [
                    48,
                    47,
                    60
                ],
                [
                    48,
                    49,
                    120
                ],
                [
                    49,
                    48,
                    120
                ],
                [
                    49,
                    50,
                    60
                ],
                [
                    50,
                    49,
                    60
                ],
                [
                    50,
                    51,
                    120
                ],
                [
                    51,
                    50,
                    120
                ],
                [
                    51,
                    52,
                    120
                ],
                [
                    52,
                    51,
                    120
                ],
                [
                    52,
                    53,
                    60
                ],
                [
                    53,
                    52,
                    60
                ],
                [
                    53,
                    54,
                    120
                ],
                [
                    54,
                    53,
                    120
                ],
                [
                    54,
                    55,
                    60
                ],
                [
                    55,
                    54,
                    60
                ],
                [
                    55,
                    56,
                    120
                ],
                [
                    56,
                    55,
                    120
                ],
                [
                    56,
                    57,
                    120
                ],
                [
                    57,
                    56,
                    120
                ],
                [
                    57,
                    58,
                    120
                ],
                [
                    58,
                    57,
                    120
                ],
                [
                    58,
                    59,
                    120
                ],
                [
                    59,
                    58,
                    120
                ]
            ],
            "stations": [
                [
                    45,
                    "Nollendorfplatz",
                    9
                ],
                [
                    46,
                    "Wittenbergplatz",
                    10
                ],
                [
                    47,
                    "Augsburger Strasse",
                    45
                ],
                [
                    48,
                    "Spichernstrasse",
                    46
                ],
                [
                    49,
                    "Hohenzollernplatz",
                    47
                ],
                [
                    50,
                    "Fehrbelliner Platz",
                    48
                ],
                [
                    51,
                    "Heidelberger Platz",
                    49
                ],
                [
                    52,
                    "Rudesheimer Platz",
                    50
                ],
                [
                    53,
                    "Breitenbachplatz",
                    51
                ],
                [
                    54,
                    "Podbielskiallee",
                    52
                ],
                [
                    55,
                    "Dahlem-Dorf",
                    53
                ],
                [
                    56,
                    "Thielplatz",
                    54
                ],
                [
                    57,
                    "Oskar-Helene-Heim",
                    55
                ],
                [
                    58,
                    "Onkel Toms Hutte",
                    56
                ],
                [
                    59,
                    "Krumme Lanke",
                    57
                ]
            ],
            "text_id": 58
        },
        {
            "delays": [
                240,
                720
            ],
            "name": "U4",
            "scheme": null,
            "segments": [
                [
                    60,
                    61,
                    120
                ],
                [
                    61,
                    60,
                    120
                ],
                [
                    61,
                    62,
                    60
                ],
                [
                    62,
                    61,
                    60
                ],
                [
                    62,
                    63,
                    120
                ],
                [
                    63,
                    62,
                    120
                ],
                [
                    63,
                    64,
                    60
                ],
                [
                    64,
                    63,
                    60
                ]
            ],
            "stations": [
                [
                    60,
                    "Nollendorfplatz",
                    9
                ],
                [
                    61,
                    "Victoria-Luise-Platz",
                    59
                ],
                [
                    62,
                    "Bayerischer Platz",
                    60
                ],
                [
                    63,
                    "Rathaus Schoneberg",
                    61
                ],
                [
                    64,
                    "Innsbrucker Platz",
                    62
                ]
            ],
            "text_id": 63
        },
        {
            "delays": [
                240,
                720
            ],
            "name": "U5",
            "scheme": null,
            "segments": [
                [
                    65,
                    66,
                    120
                ],
                [
                    66,
                    65,
                    120
                ],
                [
                    66,
                    67,
                    60
                ],
                [
                    67,
                    66,
                    60
                ],
                [
                    67,
                    68,
                    120
                ],
                [
                    68,
                    67,
                    120
                ],
                [
                    68,
                    69,
                    60
                ],
                [
                    69,
                    68,
                    60
                ],
                [
                    69,
                    70,
                    120
                ],
                [
                    70,
                    69,
                    120
                ],
                [
                    70,
                    71,
                    120
                ],
                [
                    71,
                    70,
                    120
                ],
                [
                    71,
                    72,
                    120
                ],
                [
                    72,
                    71,
                    120
                ],
                [
                    72,
                    73,
                    120
                ],
                [
                    73,
                    72,
                    120
                ],
                [
                    73,
                    74,
                    180
                ],
                [
                    74,
                    73,
                    180
                ],
                [
                    74,
                    75,
                    120
                ],
                [
                    75,
                    74,
                    120
                ],
                [
                    75,
                    76,
                    120
                ],
                [
                    76,
                    75,
                    120
                ],
                [
                    76,
                    77,
                    60
                ],
                [
                    77,
                    76,
                    60
                ],
                [
                    77,
                    78,
                    120
                ],
                [
                    78,
                    77,
                    120
                ],
                [
                    78,
                    79,
                    60
                ],
                [
                    79,
                    78,
                    60
                ],
                [
                    79,
                    80,
                    120
                ],
                [
                    80,
                    79,
                    120
                ],
                [
                    80,
                    81,
                    60
                ],
                [
                    81,
                    80,
                    60
                ],
                [
                    81,
                    82,
                    60
                ],
                [
                    82,
                    81,
                    60
                ],
                [
                    82,
                    83,
                    120
                ],
                [
                    83,
                    82,
                    120
                ],
                [
                    83,
                    84,
                    60
                ],
                [
                    84,
                    83,
                    60
                ]
            ],
            "stations": [
                [
                    65,
                    "Honow",
                    64
                ],
                [
                    66,
                    "Louis-Lewin-Strasse",
                    65
                ],
                [
                    67,
                    "Hellersdorf",
                    66
                ],
                [
                    68,
                    "Cottbusser Platz",
                    67
                ],
                [
                    69,
                    "Neue Grottkauer Strasse",
                    68
                ],
                [
                    70,
                    "Kaulsdorf-Nord",
                    69
                ],
                [
                    71,
                    "Wuhletal",
                    70
                ],
                [
                    72,
                    "Elsterwerdaer Platz",
                    71
                ],
                [
                    73,
                    "Biesdorf Sud",
                    72
                ],
                [
                    74,
                    "Tierpark",
                    73
                ],
                [
                    75,
                    "Friedrichsfelde",
                    74
                ],
                [
                    76,
                    "Lichtenberg",
                    75
                ],
                [
                    77,
                    "Magdalenenstrasse",
                    76
                ],
                [
                    78,
                    "Frankfurter Allee",
                    77
                ],
                [
                    79,
                    "Samariterstrasse",
                    78
                ],
                [
                    80,
                    "Frankfurter Tor",
                    79
                ],
                [
                    81,
                    "Weberwiese",
                    80
                ],
                [
                    82,
                    "Strausberger Platz",
                    81
                ],
                [
                    83,
                    "Schillingstrasse",
                    82
                ],
                [
                    84,
                    "Alexanderplatz",
                    24
                ]
            ],
            "text_id": 83
        },
        {
            "delays": [
                240,
                720
            ],
            "name": "U6",
            "scheme": null,
            "segments": [
                [
                    85,
                    86,
                    60
                ],
                [
                    86,
                    85,
                    60
                ],
                [
                    86,
                    87,
                    60
                ],
                [
                    87,
                    86,
                    60
                ],
                [
                    87,
                    88,
                    120
                ],
                [
                    88,
                    87,
                    120
                ],
                [
                    88,
                    89,
                    60
                ],
                [
                    89,
                    88,
                    60
                ],
                [
                    89,
                    90,
                    120
                ],
                [
                    90,
                    89,
                    120
                ],
                [
                    90,
                    91,
                    60
                ],
                [
                    91,
                    90,
                    60
                ],
                [
                    91,
                    92,
                    60
                ],
                [
                    92,
                    91,
                    60
                ],
                [
                    92,
                    93,
                    120
                ],
                [
                    93,
                    92,
                    120
                ],
                [
                    93,
                    94,
                    60
                ],
                [
                    94,
                    93,
                    60
                ],
                [
                    94,
                    95,
                    60
                ],
                [
                    95,
                    94,
                    60
                ],
                [
                    95,
                    96,
                    60
                ],
                [
                    96,
                    95,
                    60
                ],
                [
                    96,
                    97,
                    120
                ],
                [
                    97,
                    96,
                    120
                ],
                [
                    97,
                    98,
                    60
                ],
                [
                    98,
                    97,
                    60
                ],
                [
                    98,
                    99,
                    60
                ],
                [
                    99,
                    98,
                    60
                ],
                [
                    99,
                    100,
                    120
                ],
                [
                    100,
                    99,
                    120
                ],
                [
                    100,
                    101,
                    60
                ],
                [
                    101,
                    100,
                    60
                ],
                [
                    101,
                    102,
                    60
                ],
                [
                    102,
                    101,
                    60
                ],
                [
                    102,
                    103,
                    60
                ],
                [
                    103,
                    102,
                    60
                ],
                [
                    103,
                    104,
                    120
                ],
                [
                    104,
                    103,
                    120
                ],
                [
                    104,
                    105,
                    60
                ],
                [
                    105,
                    104,
                    60
                ],
                [
                    105,
                    106,
                    120
                ],
                [
                    106,
                    105,
                    120
                ],
                [
                    106,
                    107,
                    60
                ],
                [
                    107,
                    106,
                    60
                ],
                [
                    107,
                    108,
                    120
                ],
                [
                    108,
                    107,
                    120
                ],
                [
                    108,
                    109,
                    60
                ],
                [
                    109,
                    108,
                    60
                ],
                [
                    109,
                    110,
                    60
                ],
                [
                    110,
                    109,
                    60
                ],
                [
                    110,
                    111,
                    60
                ],
                [
                    111,
                    110,
                    60
                ],
                [
                    111,
                    112,
                    120
                ],
                [
                    112,
                    111,
                    120
                ],
                [
                    112,
                    113,
                    60
                ],
                [
                    113,
                    112,
                    60
                ]
            ],
            "stations": [
                [
                    85,
                    "Alt-Tegel",
                    84
                ],
                [
                    86,
                    "Borsigwerke",
                    85
                ],
                [
                    87,
                    "Holzhauser Strasse",
                    86
                ],
                [
                    88,
                    "Otisstrasse",
                    87
                ],
                [
                    89,
                    "Scharnweberstrasse",
                    88
                ],
                [
                    90,
                    "Kurt-Schumacher-Platz",
                    89
                ],
                [
                    91,
                    "Afrikanische Strasse",
                    90
                ],
                [
                    92,
                    "Rehberge",
                    91
                ],
                [
                    93,
                    "Seestrasse",
                    92
                ],
                [
                    94,
                    "Leopoldplatz",
                    93
                ],
                [
                    95,
                    "Wedding",
                    94
                ],
                [
                    96,
                    "Reinickendorfer Strasse",
                    95
                ],
                [
                    97,
                    "Schwartzkopffstrasse",
                    96
                ],
                [
                    98,
                    "Zinnowitzer Strasse",
                    97
                ],
                [
                    99,
                    "Oranienburger Tor",
                    98
                ],
                [
                    100,
                    "Friedrichstrasse",
                    99
                ],
                [
                    101,
                    "Franzosische Strasse",
                    100
                ],
                [
                    102,
                    "Stadtmitte",
                    29
                ],
                [
                    103,
                    "Kochstrasse",
                    101
                ],
                [
                    104,
                    "Hallesches Tor",
                    5
                ],
                [
                    105,
                    "Mehringdamm",
                    102
                ],
                [
                    106,
                    "Platz der Luftbrucke",
                    103
                ],
                [
                    107,
                    "Paradestrasse",
                    104
                ],
                [
                    108,
                    "Tempelhof",
                    105
                ],
                [
                    109,
                    "Alt-Tempelhof",
                    106
                ],
                [
                    110,
                    "Kaiserin-Augusta-Strasse",
                    107
                ],
                [
                    111,
                    "Ullsteinstrasse",
                    108
                ],
                [
                    112,
                    "Westphalweg",
                    109
                ],
                [
                    113,
                    "Alt-Mariendorf",
                    110
                ]
            ],
            "text_id": 111
        },
        {
            "delays": [
                240,
                720
            ],
            "name": "U7",
            "scheme": null,
            "segments": [
                [
                    114,
                    115,
                    60
                ],
                [
                    115,
                    114,
                    60
                ],
                [
                    115,
                    116,
                    60
                ],
                [
                    116,
                    115,
                    60
                ],
                [
                    116,
                    117,
                    120
                ],
                [
                    117,
                    116,
                    120
                ],
                [
                    117,
                    118,
                    120
                ],
                [
                    118,
                    117,
                    120
                ],
                [
                    118,
                    119,
                    60
                ],
                [
                    119,
                    118,
                    60
                ],
                [
                    119,
                    120,
                    120
                ],
                [
                    120,
                    119,
                    120
                ],
                [
                    120,
                    121,
                    60
                ],
                [
                    121,
                    120,
                    60
                ],
                [
                    121,
                    122,
                    60
                ],
                [
                    122,
                    121,
                    60
                ],
                [
                    122,
                    123,
                    120
                ],
                [
                    123,
                    122,
                    120
                ],
                [
                    123,
                    124,
                    60
                ],
                [
                    124,
                    123,
                    60
                ],
                [
                    124,
                    125,
                    120
                ],
                [
                    125,
                    124,
                    120
                ],
                [
                    125,
                    126,
                    60
                ],
                [
                    126,
                    125,
                    60
                ],
                [
                    126,
                    127,
                    60
                ],
                [
                    127,
                    126,
                    60
                ],
                [
                    127,
                    128,
                    120
                ],
                [
                    128,
                    127,
                    120
                ],
                [
                    128,
                    129,
                    60
                ],
                [
                    129,
                    128,
                    60
                ],
                [
                    129,
                    130,
                    60
                ],
                [
                    130,
                    129,
                    60
                ],
                [
                    130,
                    131,
                    120
                ],
                [
                    131,
                    130,
                    120
                ],
                [
                    131,
                    132,
                    60
                ],
                [
                    132,
                    131,
                    60
                ],
                [
                    132,
                    133,
                    60
                ],
                [
                    133,
                    132,
                    60
                ],
                [
                    133,
                    134,
                    60
                ],
                [
                    134,
                    133,
                    60
                ],
                [
                    134,
                    135,
                    120
                ],
                [
                    135,
                    134,
                    120
                ],
                [
                    135,
                    136,
                    60
                ],
                [
                    136,
                    135,
                    60
                ],
                [
                    136,
                    137,
                    120
                ],
                [
                    137,
                    136,
                    120
                ],
                [
                    137,
                    138,
                    120
                ],
                [
                    138,
                    137,
                    120
                ],
                [
                    138,
                    139,
                    60
                ],
                [
                    139,
                    138,
                    60
                ],
                [
                    139,
                    140,
                    120
                ],
                [
                    140,
                    139,
                    120
                ],
                [
                    140,
                    141,
                    120
                ],
                [
                    141,
                    140,
                    120
                ],
                [
                    141,
                    142,
                    60
                ],
                [
                    142,
                    141,
                    60
                ],
                [
                    142,
                    143,
                    120
                ],
                [
                    143,
                    142,
                    120
                ],
                [
                    143,
                    144,
                    60
                ],
                [
                    144,
                    143,
                    60
                ],
                [
                    144,
                    145,
                    120
                ],
                [
                    145,
                    144,
                    120
                ],
                [
                    145,
                    146,
                    60
                ],
                [
                    146,
                    145,
                    60
                ],
                [
                    146,
                    147,
                    120
                ],
                [
                    147,
                    146,
                    120
                ],
                [
                    147,
                    148,
                    60
                ],
                [
                    148,
                    147,
                    60
                ],
                [
                    148,
                    149,
                    120
                ],
                [
                    149,
                    148,
                    120
                ],
                [
                    149,
                    150,
                    60
                ],
                [
                    150,
                    149,
                    60
                ],
                [
                    150,
                    151,
                    120
                ],
                [
                    151,
                    150,
                    120
                ],
                [
                    151,
                    152,
                    60
                ],
                [
                    152,
                    151,
                    60
                ],
                [
                    152,
                    153,
                    60
                ],
                [
                    153,
                    152,
                    60
                ]
            ],
            "stations": [
                [
                    114,
                    "Rathaus Spandau",
                    112
                ],
                [
                    115,
                    "Altstadt Spandau",
                    113
                ],
                [
                    116,
                    "Zitadelle",
                    114
                ],
                [
                    117,
                    "Haselhorst",
                    115
                ],
                [
                    118,
                    "Paulsternstrasse",
                    116
                ],
                [
                    119,
                    "Rohrdamm",
                    117
                ],
                [
                    120,
                    "Siemensdamm",
                    118
                ],
                [
                    121,
                    "Halemweg",
                    119
                ],
                [
                    122,
                    "Jakob-Kaiser-Platz",
                    120
                ],
                [
                    123,
                    "Jungfernheide",
                    121
                ],
                [
                    124,
                    "Mierendorffplatz",
                    122
                ],
                [
                    125,
                    "Richard-Wagner-Platz",
                    123
                ],
                [
                    126,
                    "Bismarckstrasse",
                    37
                ],
                [
                    127,
                    "Wilmersdorfer Strasse",
                    124
                ],
                [
                    128,
                    "Adenauerplatz",
                    125
                ],
                [
                    129,
                    "Konstanzer Strasse",
                    126
                ],
                [
                    130,
                    "Fehrbelliner Platz",
                    48
                ],
                [
                    131,
                    "Blissestrasse",
                    127
                ],
                [
                    132,
                    "Berliner Strasse",
                    128
                ],
                [
                    133,
                    "Bayerischer Platz",
                    60
                ],
                [
                    134,
                    "Eisenacher Strasse",
                    129
                ],
                [
                    135,
                    "Kleistpark",
                    130
                ],
                [
                    136,
                    "Yorckstrasse",
                    131
                ],
                [
                    137,
                    "Mockernbrucke",
                    6
                ],
                [
                    138,
                    "Mehringdamm",
                    102
                ],
                [
                    139,
                    "Gneisenaustrasse",
                    132
                ],
                [
                    140,
                    "Sudstern",
                    133
                ],
                [
                    141,
                    "Hermannplatz",
                    134
                ],
                [
                    142,
                    "Rathaus Neukolln",
                    135
                ],
                [
                    143,
                    "Karl-Marx-Strasse",
                    136
                ],
                [
                    144,
                    "Neukolln",
                    137
                ],
                [
                    145,
                    "Grenzallee",
                    138
                ],
                [
                    146,
                    "Blaschkoallee",
                    139
                ],
                [
                    147,
                    "Parchimer Allee",
                    140
                ],
                [
                    148,
                    "Britz-Sud",
                    141
                ],
                [
                    149,
                    "Johannisthaler Chaussee",
                    142
                ],
                [
                    150,
                    "Lipschitzallee",
                    143
                ],
                [
                    151,
                    "Wutzkyallee",
                    144
                ],
                [
                    152,
                    "Zwickauer Damm",
                    145
                ],
                [
                    153,
                    "Rudow",
                    146
                ]
            ],
            "text_id": 147
        },
        {
            "delays": [
                240,
                720
            ],
            "name": "U8",
            "scheme": null,
            "segments": [
                [
                    154,
                    155,
                    60
                ],
                [
                    155,
                    154,
                    60
                ],
                [
                    155,
                    156,
                    120
                ],
                [
                    156,
                    155,
                    120
                ],
                [
                    156,
                    157,
                    60
                ],
                [
                    157,
                    156,
                    60
                ],
                [
                    157,
                    158,
                    60
                ],
                [
                    158,
                    157,
                    60
                ],
                [
                    158,
                    159,
                    120
                ],
                [
                    159,
                    158,
                    120
                ],
                [
                    159,
                    160,
                    60
                ],
                [
                    160,
                    159,
                    60
                ],
                [
                    160,
                    161,
                    120
                ],
                [
                    161,
                    160,
                    120
                ],
                [
                    161,
                    162,
                    60
                ],
                [
                    162,
                    161,
                    60
                ],
                [
                    162,
                    163,
                    120
                ],
                [
                    163,
                    162,
                    120
                ],
                [
                    163,
                    164,
                    60
                ],
                [
                    164,
                    163,
                    60
                ],
                [
                    164,
                    165,
                    60
                ],
                [
                    165,
                    164,
                    60
                ],
                [
                    165,
                    166,
                    120
                ],
                [
                    166,
                    165,
                    120
                ],
                [
                    166,
                    167,
                    60
                ],
                [
                    167,
                    166,
                    60
                ],
                [
                    167,
                    168,
                    120
                ],
                [
                    168,
                    167,
                    120
                ],
                [
                    168,
                    169,
                    120
                ],
                [
                    169,
                    168,
                    120
                ],
                [
                    169,
                    170,
                    60
                ],
                [
                    170,
                    169,
                    60
                ],
                [
                    170,
                    171,
                    120
                ],
                [
                    171,
                    170,
                    120
                ],
                [
                    171,
                    172,
                    60
                ],
                [
                    172,
                    171,
                    60
                ],
                [
                    172,
                    173,
                    120
                ],
                [
                    173,
                    172,
                    120
                ],
                [
                    173,
                    174,
                    120
                ],
                [
                    174,
                    173,
                    120
                ],
                [
                    174,
                    175,
                    60
                ],
                [
                    175,
                    174,
                    60
                ],
                [
                    175,
                    176,
                    120
                ],
                [
                    176,
                    175,
                    120
                ],
                [
                    176,
                    177,
                    60
                ],
                [
                    177,
                    176,
                    60
                ]
            ],
            "stations": [
                [
                    154,
                    "Wittenau",
                    148
                ],
                [
                    155,
                    "Rathaus Reinickendorf",
                    149
                ],
                [
                    156,
                    "Karl-Bonhoeffer-Nervenklinik",
                    150
                ],
                [
                    157,
                    "Lindauer Allee",
                    151
                ],
                [
                    158,
                    "Paracelsus-Bad",
                    152
                ],
                [
                    159,
                    "Residenzstrasse",
                    153
                ],
                [
                    160,
                    "Franz-Neumann-Platz",
                    154
                ],
                [
                    161,
                    "Osloer Strasse",
                    155
                ],
                [
                    162,
                    "Pankstrasse",
                    156
                ],
                [
                    163,
                    "Gesundbrunnen",
                    157
                ],
                [
                    164,
                    "Voltastrasse",
                    158
                ],
                [
                    165,
                    "Bernauer Strasse",
                    159
                ],
                [
                    166,
                    "Rosenthaler Platz",
                    160
                ],
                [
                    167,
                    "Weinmeisterstrasse",
                    161
                ],
                [
                    168,
                    "Alexanderplatz",
                    24
                ],
                [
                    169,
                    "Jannowitzbrucke",
                    162
                ],
                [
                    170,
                    "Heinrich-Heine-Strasse",
                    163
                ],
                [
                    171,
                    "Moritzplatz",
                    164
                ],
                [
                    172,
                    "Kottbusser Tor",
                    3
                ],
                [
                    173,
                    "Schonleinstrasse",
                    165
                ],
                [
                    174,
                    "Hermannplatz",
                    134
                ],
                [
                    175,
                    "Boddinstrasse",
                    166
                ],
                [
                    176,
                    "Leinestrasse",
                    167
                ],
                [
                    177,
                    "Hermannstrasse",
                    168
                ]
            ],
            "text_id": 169
        },
        {
            "delays": [
                240,
                720
            ],
            "name": "U9",
            "scheme": null,
            "segments": [
                [
                    178,
                    179,
                    60
                ],
                [
                    179,
                    178,
                    60
                ],
                [
                    179,
                    180,
                    60
                ],
                [
                    180,
                    179,
                    60
                ],
                [
                    180,
                    181,
                    120
                ],
                [
                    181,
                    180,
                    120
                ],
                [
                    181,
                    182,
                    60
                ],
                [
                    182,
                    181,
                    60
                ],
                [
                    182,
                    183,
                    60
                ],
                [
                    183,
                    182,
                    60
                ],
                [
                    183,
                    184,
                    120
                ],
                [
                    184,
                    183,
                    120
                ],
                [
                    184,
                    185,
                    60
                ],
                [
                    185,
                    184,
                    60
                ],
                [
                    185,
                    186,
                    120
                ],
                [
                    186,
                    185,
                    120
                ],
                [
                    186,
                    187,
                    120
                ],
                [
                    187,
                    186,
                    120
                ],
                [
                    187,
                    188,
                    60
                ],
                [
                    188,
                    187,
                    60
                ],
                [
                    188,
                    189,
                    60
                ],
                [
                    189,
                    188,
                    60
                ],
                [
                    189,
                    190,
                    60
                ],
                [
                    190,
                    189,
                    60
                ],
                [
                    190,
                    191,
                    120
                ],
                [
                    191,
                    190,
                    120
                ],
                [
                    191,
                    192,
                    60
                ],
                [
                    192,
                    191,
                    60
                ],
                [
                    192,
                    193,
                    60
                ],
                [
                    193,
                    192,
                    60
                ],
                [
                    193,
                    194,
                    120
                ],
                [
                    194,
                    193,
                    120
                ],
                [
                    194,
                    195,
                    60
                ],
                [
                    195,
                    194,
                    60
                ]
            ],
            "stations": [
                [
                    178,
                    "Osloer Strasse",
                    155
                ],
                [
                    179,
                    "Nauener Platz",
                    170
                ],
                [
                    180,
                    "Leopoldplatz",
                    93
                ],
                [
                    181,
                    "Amrumer Strasse",
                    171
                ],
                [
                    182,
                    "Westhafen",
                    172
                ],
                [
                    183,
                    "Birkenstrasse",
                    173
                ],
                [
                    184,
                    "Turmstrasse",
                    174
                ],
                [
                    185,
                    "Hansaplatz",
                    175
                ],
                [
                    186,
                    "Zoologischer Garten",
                    34
                ],
                [
                    187,
                    "Kurfurstendamm",
                    11
                ],
                [
                    188,
                    "Spichernstrasse",
                    46
                ],
                [
                    189,
                    "Guntzelstrasse",
                    176
                ],
                [
                    190,
                    "Berliner Strasse",
                    128
                ],
                [
                    191,
                    "Bundesplatz",
                    177
                ],
                [
                    192,
                    "Friedrich-Wilhelm-Platz",
                    178
                ],
                [
                    193,
                    "Walther-Schreiber-Platz",
                    179
                ],
                [
                    194,
                    "Schlossstrasse",
                    180
                ],
                [
                    195,
                    "Rathaus Steglitz",
                    181
                ]
            ],
            "text_id": 182
        }
    ],
    "name": "metro",
    "transfers": [
        [
            3,
            172,
            120,
            true
        ],
        [
            5,
            104,
            120,
            true
        ],
        [
            6,
            137,
            120,
            true
        ],
        [
            7,
            31,
            120,
            true
        ],
        [
            9,
            33,
            120,
            true
        ],
        [
            9,
            45,
            120,
            true
        ],
        [
            9,
            60,
            120,
            true
        ],
        [
            10,
            34,
            120,
            true
        ],
        [
            10,
            46,
            120,
            true
        ],
        [
            11,
            187,
            120,
            true
        ],
        [
            22,
            84,
            120,
            true
        ],
        [
            22,
            168,
            120,
            true
        ],
        [
            27,
            102,
            120,
            true
        ],
        [
            33,
            45,
            120,
            true
        ],
        [
            33,
            60,
            120,
            true
        ],
        [
            34,
            46,
            120,
            true
        ],
        [
            35,
            186,
            120,
            true
        ],
        [
            38,
            126,
            120,
            true
        ],
        [
            45,
            60,
            120,
            true
        ],
        [
            48,
            188,
            120,
            true
        ],
        [
            50,
            130,
            120,
            true
        ],
        [
            62,
            133,
            120,
            true
        ],
        [
            84,
            168,
            120,
            true
        ],
        [
            94,
            180,
            120,
            true
        ],
        [
            105,
            138,
            120,
            true
        ],
        [
            132,
            190,
            120,
            true
        ],
        [
            141,
            174,
            120,
            true
        ],
        [
            161,
            178,
            120,
            true
        ]
    ],
    "type_name": "U-bahn"
}