{
    "0": "Mo Chit",
    "1": "Saphan Khwai",
    "2": "Ari",
    "3": "Sanam Pao",
    "4": "Victory Monument",
    "5": "Phaya Thai",
    "6": "Ratchthewi",
    "7": "Siam Central",
    "8": "Chit Lom",
    "9": "Phloen Chit",
    "10": "Nana",
    "11": "Asok",
    "12": "Phrom Phong",
    "13": "Thong Lo",
    "14": "Ekkamai",
    "15": "Phra Khanong",
    "16": "On Nut",
    "17": "Bang Chak",
    "18": "Punnawithi",
    "19": "Udom Suk",
    "20": "Bang Na",
    "21": "Bearing",
    "22": "Sukhumvit",
    "23": "National Stadium",
    "24": "Ratchadamri",
    "25": "Sala Daeng",
    "26": "Chong Nonsi",
    "27": "Surasak",
    "28": "Saphan Taksin",
    "29": "Krung Thon Buri",
    "30": "Wongwean Yai",
    "31": "Pho Nimit",
    "32": "Talat Phlu",
    "33": "Silom",
    "34": "Bang Sue",
    "35": "Kamphaeng Phet",
    "36": "Chatuchak Park",
    "37": "Phahon Yothin",
    "38": "Lat Phrao",
    "39": "Ratchadaphisek",
    "40": "Suthisarn",
    "41": "Huai Khwang",
    "42": "Thailand Cultural Centre",
    "43": "Phra Ram 9",
    "44": "Phetchaburi",
    "45": "Queen Sirikit National Convention Centre",
    "46": "Klong Toei",
    "47": "Lumphini",
    "48": "Si Lom",
    "49": "Sam Yan",
    "50": "Hua Lamphong",
    "51": "MRTA",
    "52": "Метро",
    "53": "ROOT",
    "54": "Схема от 21.05.2013г.\nАвтор: Варламов Дмитрий (www.chpeks.com)\nИнформация о времени проезда: www.bangkokmetro.co.th и www.bts.co.th",
    "55": "Imported from http://pmetro.su"
}