{
    "0": "Louis Stokes Station at Windermere",
    "1": "Superior",
    "2": "Euclid - E. 120",
    "3": "University Circle",
    "4": "E. 105 - Quincy",
    "5": "E. 97th",
    "6": "E. 55th",
    "7": "E.34 - Campus",
    "8": "Tower City - Public Square",
    "9": "W. 25 - Ohio City",
    "10": "W. 65 - Madison",
    "11": "West Blvd - Cudell",
    "12": "W. 117 - Madison",
    "13": "Triskett",
    "14": "West Park",
    "15": "Puritas",
    "16": "Brookpark",
    "17": "Cleveland Hopkins Int'l Airport",
    "18": "Red Line",
    "19": "South Harbor",
    "20": "North Coast",
    "21": "Amtrak",
    "22": "West 3rd Street",
    "23": "Flats East Bank",
    "24": "Settlers Landing",
    "25": "Drexmore",
    "26": "S. Woodland",
    "27": "Southington",
    "28": "Onaway",
    "29": "Ashby",
    "30": "Lee",
    "31": "Avalon",
    "32": "Kenmore",
    "33": "Lynnfield",
    "34": "Farnsleigh",
    "35": "Warrensville",
    "36": "Blue Line",
    "37": "E. 79th",
    "38": "Woodhill",
    "39": "E. 116th",
    "40": "Shaker Square",
    "41": "Coventry",
    "42": "South Park",
    "43": "Attleboro",
    "44": "Eaton",
    "45": "Courtland",
    "46": "Bellvoir",
    "47": "West Green",
    "48": "Green",
    "49": "Green Line",
    "50": "Метро",
    "51": "ROOT",
    "52": "Метро",
    "53": "Схема от 13.09.2006г.\nАвтор: Варламов Дмитрий (www.chpeks.com)\nИнформация взята с сайта www.urbanrail.net\nВ текущей версии:\n- все интервалы движения поездов равны 2 минутам\n- схемы линий\n- даты открытия станций\n- аэропорт\nВозможны неточности.",
    "54": "Imported from http://pmetro.su"
}