{
    "default_transports": [
        "metro"
    ],
    "height": 758,
    "images": [
        "res/schemes/istanbul.svg"
    ],
    "is_vector": true,
    "lines": [
        {
            "labels_bg_color": "-1",
            "labels_color": "E3191E",
            "line_color": "E3191E",
            "line_width": 7,
            "name": "M1",
            "segments": [
                [
                    0,
                    1,
                    [
                        [
                            385,
                            475
                        ],
                        [
                            403,
                            493
                        ]
                    ],
                    true
                ],
                [
                    1,
                    2,
                    [
                        [
                            367,
                            457
                        ],
                        [
                            385,
                            475
                        ]
                    ],
                    true
                ],
                [
                    2,
                    3,
                    [
                        [
                            349,
                            439
                        ],
                        [
                            367,
                            457
                        ]
                    ],
                    true
                ],
                [
                    3,
                    4,
                    [
                        [
                            326,
                            416
                        ],
                        [
                            349,
                            439
                        ]
                    ],
                    true
                ],
                [
                    4,
                    5,
                    [
                        [
                            285,
                            375
                        ],
                        [
                            326,
                            416
                        ]
                    ],
                    true
                ],
                [
                    5,
                    6,
                    [
                        [
                            272,
                            362
                        ],
                        [
                            285,
                            375
                        ]
                    ],
                    true
                ],
                [
                    6,
                    7,
                    [
                        [
                            238,
                            377
                        ],
                        [
                            253.0,
                            362.0
                        ],
                        [
                            272,
                            362
                        ]
                    ],
                    true
                ],
                [
                    7,
                    8,
                    [
                        [
                            238,
                            407
                        ],
                        [
                            238,
                            377
                        ]
                    ],
                    true
                ],
                [
                    7,
                    18,
                    [
                        [
                            224,
                            391
                        ],
                        [
                            238,
                            377
                        ]
                    ],
                    true
                ],
                [
                    8,
                    9,
                    [
                        [
                            238,
                            432
                        ],
                        [
                            238,
                            407
                        ]
                    ],
                    true
                ],
                [
                    9,
                    10,
                    [
                        [
                            238,
                            460
                        ],
                        [
                            238,
                            432
                        ]
                    ],
                    true
                ],
                [
                    10,
                    11,
                    [
                        [
                            238,
                            477
                        ],
                        [
                            238,
                            460
                        ]
                    ],
                    true
                ],
                [
                    11,
                    12,
                    [
                        [
                            225,
                            490
                        ],
                        [
                            238,
                            477
                        ]
                    ],
                    true
                ],
                [
                    12,
                    13,
                    [
                        [
                            205,
                            490
                        ],
                        [
                            225,
                            490
                        ]
                    ],
                    true
                ],
                [
                    13,
                    14,
                    [
                        [
                            180,
                            490
                        ],
                        [
                            205,
                            490
                        ]
                    ],
                    true
                ],
                [
                    14,
                    15,
                    [
                        [
                            155,
                            490
                        ],
                        [
                            180,
                            490
                        ]
                    ],
                    true
                ],
                [
                    15,
                    16,
                    [
                        [
                            135,
                            495
                        ],
                        [
                            140.0,
                            490.0
                        ],
                        [
                            155,
                            490
                        ]
                    ],
                    true
                ],
                [
                    16,
                    17,
                    [
                        [
                            100,
                            505
                        ],
                        [
                            125.0,
                            505.0
                        ],
                        [
                            135,
                            495
                        ]
                    ],
                    true
                ],
                [
                    18,
                    19,
                    [
                        [
                            208,
                            407
                        ],
                        [
                            224,
                            391
                        ]
                    ],
                    true
                ],
                [
                    19,
                    20,
                    [
                        [
                            186,
                            407
                        ],
                        [
                            208,
                            407
                        ]
                    ],
                    true
                ],
                [
                    20,
                    21,
                    [
                        [
                            162,
                            407
                        ],
                        [
                            186,
                            407
                        ]
                    ],
                    true
                ],
                [
                    21,
                    22,
                    [
                        [
                            148,
                            393
                        ],
                        [
                            162,
                            407
                        ]
                    ],
                    true
                ]
            ],
            "stations": [
                {
                    "coord": [
                        403,
                        493
                    ],
                    "is_working": true,
                    "name": "Yenikapi",
                    "rect": [
                        390,
                        504,
                        45,
                        15
                    ],
                    "text_id": 0,
                    "uid": 0
                },
                {
                    "coord": [
                        385,
                        475
                    ],
                    "is_working": true,
                    "name": "Aksaray",
                    "rect": [
                        332,
                        472,
                        44,
                        15
                    ],
                    "text_id": 1,
                    "uid": 1
                },
                {
                    "coord": [
                        367,
                        457
                    ],
                    "is_working": true,
                    "name": "Emniyet",
                    "rect": [
                        376,
                        445,
                        42,
                        15
                    ],
                    "text_id": 2,
                    "uid": 2
                },
                {
                    "coord": [
                        349,
                        439
                    ],
                    "is_working": true,
                    "name": "Ulubatli Topkapi",
                    "rect": [
                        361,
                        428,
                        82,
                        15
                    ],
                    "text_id": 3,
                    "uid": 3
                },
                {
                    "coord": [
                        326,
                        416
                    ],
                    "is_working": true,
                    "name": "Bayrampasa",
                    "rect": [
                        253,
                        413,
                        65,
                        15
                    ],
                    "text_id": 4,
                    "uid": 4
                },
                {
                    "coord": [
                        285,
                        375
                    ],
                    "is_working": true,
                    "name": "Sagmalcilar",
                    "rect": [
                        256,
                        384,
                        61,
                        15
                    ],
                    "text_id": 5,
                    "uid": 5
                },
                {
                    "coord": [
                        272,
                        362
                    ],
                    "is_working": true,
                    "name": "Kartaltepe",
                    "rect": [
                        237,
                        338,
                        53,
                        15
                    ],
                    "text_id": 6,
                    "uid": 6
                },
                {
                    "coord": [
                        238,
                        377
                    ],
                    "is_working": true,
                    "name": "Otogar",
                    "rect": [
                        194,
                        364,
                        35,
                        15
                    ],
                    "text_id": 7,
                    "uid": 7
                },
                {
                    "coord": [
                        238,
                        407
                    ],
                    "is_working": true,
                    "name": "Terazidere",
                    "rect": [
                        245,
                        400,
                        54,
                        15
                    ],
                    "text_id": 8,
                    "uid": 8
                },
                {
                    "coord": [
                        238,
                        432
                    ],
                    "is_working": true,
                    "name": "Davutpasa",
                    "rect": [
                        246,
                        426,
                        55,
                        15
                    ],
                    "text_id": 9,
                    "uid": 9
                },
                {
                    "coord": [
                        238,
                        460
                    ],
                    "is_working": true,
                    "name": "Merter",
                    "rect": [
                        246,
                        453,
                        34,
                        15
                    ],
                    "text_id": 10,
                    "uid": 10
                },
                {
                    "coord": [
                        238,
                        477
                    ],
                    "is_working": true,
                    "name": "Zeytinburnu",
                    "rect": [
                        235,
                        487,
                        15,
                        60
                    ],
                    "text_id": 11,
                    "uid": 11
                },
                {
                    "coord": [
                        225,
                        490
                    ],
                    "is_working": true,
                    "name": "Bakirkoy",
                    "rect": [
                        218,
                        500,
                        15,
                        47
                    ],
                    "text_id": 12,
                    "uid": 12
                },
                {
                    "coord": [
                        205,
                        490
                    ],
                    "is_working": true,
                    "name": "Bahcelievler",
                    "rect": [
                        198,
                        500,
                        15,
                        65
                    ],
                    "text_id": 13,
                    "uid": 13
                },
                {
                    "coord": [
                        180,
                        490
                    ],
                    "is_working": true,
                    "name": "Atakoy",
                    "rect": [
                        173,
                        500,
                        15,
                        37
                    ],
                    "text_id": 14,
                    "uid": 14
                },
                {
                    "coord": [
                        155,
                        490
                    ],
                    "is_working": true,
                    "name": "Yeni Bosna",
                    "rect": [
                        148,
                        500,
                        15,
                        59
                    ],
                    "text_id": 15,
                    "uid": 15
                },
                {
                    "coord": [
                        135,
                        495
                    ],
                    "is_working": true,
                    "name": "DTM-CNR/Expo",
                    "rect": [
                        131,
                        505,
                        15,
                        80
                    ],
                    "text_id": 16,
                    "uid": 16
                },
                {
                    "coord": [
                        100,
                        505
                    ],
                    "is_working": true,
                    "name": "Havaalani",
                    "rect": [
                        93,
                        515,
                        15,
                        52
                    ],
                    "text_id": 17,
                    "uid": 17
                },
                {
                    "coord": [
                        224,
                        391
                    ],
                    "is_working": true,
                    "name": "Esenler",
                    "rect": [
                        175,
                        379,
                        40,
                        15
                    ],
                    "text_id": 18,
                    "uid": 18
                },
                {
                    "coord": [
                        208,
                        407
                    ],
                    "is_working": true,
                    "name": "Menderes",
                    "rect": [
                        201,
                        416,
                        15,
                        51
                    ],
                    "text_id": 19,
                    "uid": 19
                },
                {
                    "coord": [
                        186,
                        407
                    ],
                    "is_working": true,
                    "name": "Uc Yuzlu",
                    "rect": [
                        179,
                        416,
                        15,
                        46
                    ],
                    "text_id": 20,
                    "uid": 20
                },
                {
                    "coord": [
                        162,
                        407
                    ],
                    "is_working": true,
                    "name": "Bagcilar",
                    "rect": [
                        155,
                        416,
                        15,
                        44
                    ],
                    "text_id": 21,
                    "uid": 21
                },
                {
                    "coord": [
                        148,
                        393
                    ],
                    "is_working": true,
                    "name": "Kirazli",
                    "rect": [
                        95,
                        385,
                        34,
                        15
                    ],
                    "text_id": 22,
                    "uid": 22
                }
            ],
            "text_id": 23
        },
        {
            "labels_bg_color": "-1",
            "labels_color": "1A984B",
            "line_color": "1A984B",
            "line_width": 7,
            "name": "M2",
            "segments": [
                [
                    23,
                    28,
                    [
                        [
                            580,
                            180
                        ],
                        [
                            554.0,
                            154.0
                        ],
                        [
                            521,
                            154
                        ]
                    ],
                    true
                ],
                [
                    24,
                    25,
                    [
                        [
                            615,
                            90
                        ],
                        [
                            615,
                            60
                        ]
                    ],
                    true
                ],
                [
                    25,
                    26,
                    [
                        [
                            615,
                            117
                        ],
                        [
                            615,
                            90
                        ]
                    ],
                    true
                ],
                [
                    26,
                    27,
                    [
                        [
                            615,
                            145
                        ],
                        [
                            615,
                            117
                        ]
                    ],
                    true
                ],
                [
                    27,
                    28,
                    [
                        [
                            580,
                            180
                        ],
                        [
                            615,
                            145
                        ]
                    ],
                    true
                ],
                [
                    28,
                    29,
                    [
                        [
                            580,
                            225
                        ],
                        [
                            580,
                            180
                        ]
                    ],
                    true
                ],
                [
                    29,
                    30,
                    [
                        [
                            555,
                            250
                        ],
                        [
                            580,
                            225
                        ]
                    ],
                    true
                ],
                [
                    30,
                    31,
                    [
                        [
                            540,
                            281
                        ],
                        [
                            540.0,
                            265.0
                        ],
                        [
                            555,
                            250
                        ]
                    ],
                    true
                ],
                [
                    31,
                    32,
                    [
                        [
                            540,
                            308
                        ],
                        [
                            540,
                            281
                        ]
                    ],
                    true
                ],
                [
                    32,
                    33,
                    [
                        [
                            540,
                            338
                        ],
                        [
                            540,
                            308
                        ]
                    ],
                    true
                ],
                [
                    33,
                    34,
                    [
                        [
                            540,
                            371
                        ],
                        [
                            540,
                            338
                        ]
                    ],
                    true
                ],
                [
                    34,
                    35,
                    [
                        [
                            507,
                            404
                        ],
                        [
                            540,
                            371
                        ]
                    ],
                    true
                ],
                [
                    35,
                    36,
                    [
                        [
                            478,
                            433
                        ],
                        [
                            507,
                            404
                        ]
                    ],
                    true
                ],
                [
                    36,
                    37,
                    [
                        [
                            448,
                            463
                        ],
                        [
                            478,
                            433
                        ]
                    ],
                    true
                ],
                [
                    37,
                    38,
                    [
                        [
                            418,
                            493
                        ],
                        [
                            448,
                            463
                        ]
                    ],
                    true
                ]
            ],
            "stations": [
                {
                    "coord": [
                        521,
                        154
                    ],
                    "is_working": true,
                    "name": "Seyrantepe",
                    "rect": [
                        494,
                        130,
                        58,
                        15
                    ],
                    "text_id": 24,
                    "uid": 23
                },
                {
                    "coord": [
                        615,
                        60
                    ],
                    "is_working": true,
                    "name": "Haciosman",
                    "rect": [
                        625,
                        53,
                        58,
                        15
                    ],
                    "text_id": 25,
                    "uid": 24
                },
                {
                    "coord": [
                        615,
                        90
                    ],
                    "is_working": true,
                    "name": "Darussafaka",
                    "rect": [
                        625,
                        83,
                        65,
                        15
                    ],
                    "text_id": 26,
                    "uid": 25
                },
                {
                    "coord": [
                        615,
                        117
                    ],
                    "is_working": true,
                    "name": "Ataturk Oto Sanayi",
                    "rect": [
                        625,
                        110,
                        95,
                        15
                    ],
                    "text_id": 27,
                    "uid": 26
                },
                {
                    "coord": [
                        615,
                        145
                    ],
                    "is_working": true,
                    "name": "ITU Maslak",
                    "rect": [
                        625,
                        138,
                        58,
                        15
                    ],
                    "text_id": 28,
                    "uid": 27
                },
                {
                    "coord": [
                        580,
                        180
                    ],
                    "is_working": true,
                    "name": "Sanayi Mah.",
                    "rect": [
                        590,
                        176,
                        63,
                        15
                    ],
                    "text_id": 29,
                    "uid": 28
                },
                {
                    "coord": [
                        580,
                        225
                    ],
                    "is_working": true,
                    "name": "4 Levent",
                    "rect": [
                        589,
                        216,
                        44,
                        15
                    ],
                    "text_id": 30,
                    "uid": 29
                },
                {
                    "coord": [
                        555,
                        250
                    ],
                    "is_working": true,
                    "name": "Levent",
                    "rect": [
                        509,
                        234,
                        35,
                        15
                    ],
                    "text_id": 31,
                    "uid": 30
                },
                {
                    "coord": [
                        540,
                        281
                    ],
                    "is_working": true,
                    "name": "Gayrettepe",
                    "rect": [
                        549,
                        274,
                        56,
                        15
                    ],
                    "text_id": 32,
                    "uid": 31
                },
                {
                    "coord": [
                        540,
                        308
                    ],
                    "is_working": true,
                    "name": "Sisli",
                    "rect": [
                        549,
                        301,
                        24,
                        15
                    ],
                    "text_id": 33,
                    "uid": 32
                },
                {
                    "coord": [
                        540,
                        338
                    ],
                    "is_working": true,
                    "name": "Osmanbey",
                    "rect": [
                        549,
                        331,
                        55,
                        15
                    ],
                    "text_id": 34,
                    "uid": 33
                },
                {
                    "coord": [
                        540,
                        371
                    ],
                    "is_working": true,
                    "name": "Taksim",
                    "rect": [
                        549,
                        365,
                        38,
                        15
                    ],
                    "text_id": 35,
                    "uid": 34
                },
                {
                    "coord": [
                        507,
                        404
                    ],
                    "is_working": true,
                    "name": "Sishane",
                    "rect": [
                        516,
                        401,
                        42,
                        15
                    ],
                    "text_id": 36,
                    "uid": 35
                },
                {
                    "coord": [
                        478,
                        433
                    ],
                    "is_working": true,
                    "name": "Halic",
                    "rect": [
                        487,
                        430,
                        28,
                        15
                    ],
                    "text_id": 37,
                    "uid": 36
                },
                {
                    "coord": [
                        448,
                        463
                    ],
                    "is_working": true,
                    "name": "Vezneciler",
                    "rect": [
                        457,
                        460,
                        54,
                        15
                    ],
                    "text_id": 38,
                    "uid": 37
                },
                {
                    "coord": [
                        418,
                        493
                    ],
                    "is_working": true,
                    "name": "Yenikapi",
                    "rect": [
                        390,
                        504,
                        45,
                        15
                    ],
                    "text_id": 0,
                    "uid": 38
                }
            ],
            "text_id": 39
        },
        {
            "labels_bg_color": "-1",
            "labels_color": "2F93CC",
            "line_color": "2F93CC",
            "line_width": 7,
            "name": "M3",
            "segments": [
                [
                    39,
                    40,
                    [
                        [
                            124,
                            369
                        ],
                        [
                            139,
                            384
                        ]
                    ],
                    true
                ],
                [
                    40,
                    41,
                    [
                        [
                            109,
                            354
                        ],
                        [
                            124,
                            369
                        ]
                    ],
                    true
                ],
                [
                    41,
                    42,
                    [
                        [
                            91,
                            336
                        ],
                        [
                            109,
                            354
                        ]
                    ],
                    true
                ],
                [
                    42,
                    43,
                    [
                        [
                            72,
                            317
                        ],
                        [
                            91,
                            336
                        ]
                    ],
                    true
                ],
                [
                    43,
                    44,
                    [
                        [
                            72,
                            286
                        ],
                        [
                            72,
                            317
                        ]
                    ],
                    true
                ],
                [
                    43,
                    48,
                    [
                        [
                            44,
                            317
                        ],
                        [
                            72,
                            317
                        ]
                    ],
                    true
                ],
                [
                    44,
                    45,
                    [
                        [
                            72,
                            259
                        ],
                        [
                            72,
                            286
                        ]
                    ],
                    true
                ],
                [
                    45,
                    46,
                    [
                        [
                            72,
                            233
                        ],
                        [
                            72,
                            259
                        ]
                    ],
                    true
                ],
                [
                    46,
                    47,
                    [
                        [
                            95,
                            210
                        ],
                        [
                            72,
                            233
                        ]
                    ],
                    true
                ],
                [
                    48,
                    49,
                    [
                        [
                            44,
                            317
                        ],
                        [
                            24,
                            337
                        ]
                    ],
                    true
                ]
            ],
            "stations": [
                {
                    "coord": [
                        139,
                        384
                    ],
                    "is_working": true,
                    "name": "Kirazli",
                    "rect": [
                        95,
                        385,
                        34,
                        15
                    ],
                    "text_id": 22,
                    "uid": 39
                },
                {
                    "coord": [
                        124,
                        369
                    ],
                    "is_working": true,
                    "name": "Yenimahalle",
                    "rect": [
                        53,
                        368,
                        63,
                        15
                    ],
                    "text_id": 40,
                    "uid": 40
                },
                {
                    "coord": [
                        109,
                        354
                    ],
                    "is_working": true,
                    "name": "Mahmutbey",
                    "rect": [
                        40,
                        350,
                        59,
                        15
                    ],
                    "text_id": 41,
                    "uid": 41
                },
                {
                    "coord": [
                        91,
                        336
                    ],
                    "is_working": true,
                    "name": "Istoc",
                    "rect": [
                        101,
                        325,
                        26,
                        15
                    ],
                    "text_id": 42,
                    "uid": 42
                },
                {
                    "coord": [
                        72,
                        317
                    ],
                    "is_working": true,
                    "name": "Ikitelli Sanayi",
                    "rect": [
                        82,
                        306,
                        69,
                        15
                    ],
                    "text_id": 43,
                    "uid": 43
                },
                {
                    "coord": [
                        72,
                        286
                    ],
                    "is_working": true,
                    "name": "Turgut Ozal",
                    "rect": [
                        82,
                        279,
                        58,
                        15
                    ],
                    "text_id": 44,
                    "uid": 44
                },
                {
                    "coord": [
                        72,
                        259
                    ],
                    "is_working": true,
                    "name": "Siteler",
                    "rect": [
                        82,
                        252,
                        34,
                        15
                    ],
                    "text_id": 45,
                    "uid": 45
                },
                {
                    "coord": [
                        72,
                        233
                    ],
                    "is_working": true,
                    "name": "Basak Konutlari",
                    "rect": [
                        82,
                        229,
                        82,
                        15
                    ],
                    "text_id": 46,
                    "uid": 46
                },
                {
                    "coord": [
                        95,
                        210
                    ],
                    "is_working": true,
                    "name": "MetroKent",
                    "rect": [
                        105,
                        203,
                        53,
                        15
                    ],
                    "text_id": 47,
                    "uid": 47
                },
                {
                    "coord": [
                        44,
                        317
                    ],
                    "is_working": true,
                    "name": "Ziya Gokalp Mahallesi",
                    "rect": [
                        36,
                        196,
                        15,
                        112
                    ],
                    "text_id": 48,
                    "uid": 48
                },
                {
                    "coord": [
                        24,
                        337
                    ],
                    "is_working": true,
                    "name": "Olimpiyat Parki",
                    "rect": [
                        12,
                        250,
                        15,
                        78
                    ],
                    "text_id": 49,
                    "uid": 49
                }
            ],
            "text_id": 50
        },
        {
            "labels_bg_color": "-1",
            "labels_color": "E33A8B",
            "line_color": "E33A8B",
            "line_width": 7,
            "name": "M4",
            "segments": [
                [
                    50,
                    51,
                    [
                        [
                            619,
                            430
                        ],
                        [
                            591,
                            458
                        ]
                    ],
                    true
                ],
                [
                    51,
                    52,
                    [
                        [
                            655,
                            430
                        ],
                        [
                            619,
                            430
                        ]
                    ],
                    true
                ],
                [
                    52,
                    53,
                    [
                        [
                            692,
                            430
                        ],
                        [
                            655,
                            430
                        ]
                    ],
                    true
                ],
                [
                    53,
                    54,
                    [
                        [
                            728,
                            430
                        ],
                        [
                            692,
                            430
                        ]
                    ],
                    true
                ],
                [
                    54,
                    55,
                    [
                        [
                            766,
                            430
                        ],
                        [
                            728,
                            430
                        ]
                    ],
                    true
                ],
                [
                    55,
                    56,
                    [
                        [
                            785,
                            449
                        ],
                        [
                            766,
                            430
                        ]
                    ],
                    true
                ],
                [
                    56,
                    57,
                    [
                        [
                            803,
                            467
                        ],
                        [
                            785,
                            449
                        ]
                    ],
                    true
                ],
                [
                    57,
                    58,
                    [
                        [
                            821,
                            485
                        ],
                        [
                            803,
                            467
                        ]
                    ],
                    true
                ],
                [
                    58,
                    59,
                    [
                        [
                            839,
                            503
                        ],
                        [
                            821,
                            485
                        ]
                    ],
                    true
                ],
                [
                    59,
                    60,
                    [
                        [
                            857,
                            521
                        ],
                        [
                            839,
                            503
                        ]
                    ],
                    true
                ],
                [
                    60,
                    61,
                    [
                        [
                            875,
                            539
                        ],
                        [
                            857,
                            521
                        ]
                    ],
                    true
                ],
                [
                    61,
                    62,
                    [
                        [
                            893,
                            557
                        ],
                        [
                            875,
                            539
                        ]
                    ],
                    true
                ],
                [
                    62,
                    63,
                    [
                        [
                            910,
                            574
                        ],
                        [
                            893,
                            557
                        ]
                    ],
                    true
                ],
                [
                    63,
                    64,
                    [
                        [
                            927,
                            591
                        ],
                        [
                            910,
                            574
                        ]
                    ],
                    true
                ],
                [
                    64,
                    65,
                    [
                        [
                            944,
                            608
                        ],
                        [
                            927,
                            591
                        ]
                    ],
                    true
                ]
            ],
            "stations": [
                {
                    "coord": [
                        591,
                        458
                    ],
                    "is_working": true,
                    "name": "Kadikoy",
                    "rect": [
                        538,
                        451,
                        43,
                        15
                    ],
                    "text_id": 51,
                    "uid": 50
                },
                {
                    "coord": [
                        619,
                        430
                    ],
                    "is_working": true,
                    "name": "Ayrilikcesmesi",
                    "rect": [
                        574,
                        406,
                        77,
                        15
                    ],
                    "text_id": 52,
                    "uid": 51
                },
                {
                    "coord": [
                        655,
                        430
                    ],
                    "is_working": true,
                    "name": "Acibadem",
                    "rect": [
                        630,
                        439,
                        52,
                        15
                    ],
                    "text_id": 53,
                    "uid": 52
                },
                {
                    "coord": [
                        692,
                        430
                    ],
                    "is_working": true,
                    "name": "Unalan",
                    "rect": [
                        673,
                        406,
                        37,
                        15
                    ],
                    "text_id": 54,
                    "uid": 53
                },
                {
                    "coord": [
                        728,
                        430
                    ],
                    "is_working": true,
                    "name": "Goztepe",
                    "rect": [
                        707,
                        439,
                        42,
                        15
                    ],
                    "text_id": 55,
                    "uid": 54
                },
                {
                    "coord": [
                        766,
                        430
                    ],
                    "is_working": true,
                    "name": "Yenisahra",
                    "rect": [
                        742,
                        406,
                        52,
                        15
                    ],
                    "text_id": 56,
                    "uid": 55
                },
                {
                    "coord": [
                        785,
                        449
                    ],
                    "is_working": true,
                    "name": "Kozyatagi",
                    "rect": [
                        795,
                        438,
                        51,
                        15
                    ],
                    "text_id": 57,
                    "uid": 56
                },
                {
                    "coord": [
                        803,
                        467
                    ],
                    "is_working": true,
                    "name": "Bostanci",
                    "rect": [
                        813,
                        456,
                        46,
                        15
                    ],
                    "text_id": 58,
                    "uid": 57
                },
                {
                    "coord": [
                        821,
                        485
                    ],
                    "is_working": true,
                    "name": "Kucukyali",
                    "rect": [
                        831,
                        474,
                        52,
                        15
                    ],
                    "text_id": 59,
                    "uid": 58
                },
                {
                    "coord": [
                        839,
                        503
                    ],
                    "is_working": true,
                    "name": "Maltepe",
                    "rect": [
                        849,
                        492,
                        41,
                        15
                    ],
                    "text_id": 60,
                    "uid": 59
                },
                {
                    "coord": [
                        857,
                        521
                    ],
                    "is_working": true,
                    "name": "Huzurevi",
                    "rect": [
                        867,
                        510,
                        46,
                        15
                    ],
                    "text_id": 61,
                    "uid": 60
                },
                {
                    "coord": [
                        875,
                        539
                    ],
                    "is_working": true,
                    "name": "Gulsuyu",
                    "rect": [
                        885,
                        528,
                        43,
                        15
                    ],
                    "text_id": 62,
                    "uid": 61
                },
                {
                    "coord": [
                        893,
                        557
                    ],
                    "is_working": true,
                    "name": "Cevizli",
                    "rect": [
                        903,
                        546,
                        36,
                        15
                    ],
                    "text_id": 63,
                    "uid": 62
                },
                {
                    "coord": [
                        910,
                        574
                    ],
                    "is_working": true,
                    "name": "Hastane",
                    "rect": [
                        920,
                        563,
                        43,
                        15
                    ],
                    "text_id": 64,
                    "uid": 63
                },
                {
                    "coord": [
                        927,
                        591
                    ],
                    "is_working": true,
                    "name": "Soganlik",
                    "rect": [
                        937,
                        580,
                        45,
                        15
                    ],
                    "text_id": 65,
                    "uid": 64
                },
                {
                    "coord": [
                        944,
                        608
                    ],
                    "is_working": true,
                    "name": "Kartal",
                    "rect": [
                        954,
                        601,
                        32,
                        15
                    ],
                    "text_id": 66,
                    "uid": 65
                }
            ],
            "text_id": 67
        },
        {
            "labels_bg_color": "-1",
            "labels_color": "008000",
            "line_color": "008000",
            "line_width": 7,
            "name": "M6",
            "segments": [
                [
                    66,
                    67,
                    [
                        [
                            614,
                            250
                        ],
                        [
                            569,
                            250
                        ]
                    ],
                    true
                ],
                [
                    67,
                    68,
                    [
                        [
                            658,
                            250
                        ],
                        [
                            614,
                            250
                        ]
                    ],
                    true
                ],
                [
                    68,
                    69,
                    [
                        [
                            703,
                            250
                        ],
                        [
                            658,
                            250
                        ]
                    ],
                    true
                ]
            ],
            "stations": [
                {
                    "coord": [
                        569,
                        250
                    ],
                    "is_working": true,
                    "name": "Levent",
                    "rect": [
                        509,
                        234,
                        35,
                        15
                    ],
                    "text_id": 31,
                    "uid": 66
                },
                {
                    "coord": [
                        614,
                        250
                    ],
                    "is_working": true,
                    "name": "Nispetiye",
                    "rect": [
                        592,
                        258,
                        49,
                        15
                    ],
                    "text_id": 68,
                    "uid": 67
                },
                {
                    "coord": [
                        658,
                        250
                    ],
                    "is_working": true,
                    "name": "Etiler",
                    "rect": [
                        644,
                        227,
                        28,
                        15
                    ],
                    "text_id": 69,
                    "uid": 68
                },
                {
                    "coord": [
                        703,
                        250
                    ],
                    "is_working": true,
                    "name": "Bogazici Universitesi",
                    "rect": [
                        711,
                        243,
                        108,
                        15
                    ],
                    "text_id": 70,
                    "uid": 69
                }
            ],
            "text_id": 71
        },
        {
            "labels_bg_color": "-1",
            "labels_color": "EE9A48",
            "line_color": "EE9A48",
            "line_width": 5,
            "name": "T4",
            "segments": [
                [
                    70,
                    71,
                    [
                        [
                            263,
                            47
                        ],
                        [
                            263,
                            23
                        ]
                    ],
                    false
                ],
                [
                    71,
                    72,
                    [
                        [
                            263,
                            70
                        ],
                        [
                            263,
                            47
                        ]
                    ],
                    true
                ],
                [
                    72,
                    73,
                    [
                        [
                            263,
                            93
                        ],
                        [
                            263,
                            70
                        ]
                    ],
                    true
                ],
                [
                    73,
                    74,
                    [
                        [
                            246,
                            110
                        ],
                        [
                            263,
                            93
                        ]
                    ],
                    true
                ],
                [
                    74,
                    75,
                    [
                        [
                            230,
                            126
                        ],
                        [
                            246,
                            110
                        ]
                    ],
                    true
                ],
                [
                    75,
                    76,
                    [
                        [
                            214,
                            142
                        ],
                        [
                            230,
                            126
                        ]
                    ],
                    true
                ],
                [
                    76,
                    77,
                    [
                        [
                            197,
                            159
                        ],
                        [
                            214,
                            142
                        ]
                    ],
                    true
                ],
                [
                    77,
                    78,
                    [
                        [
                            180,
                            176
                        ],
                        [
                            197,
                            159
                        ]
                    ],
                    true
                ],
                [
                    78,
                    79,
                    [
                        [
                            180,
                            197
                        ],
                        [
                            180,
                            176
                        ]
                    ],
                    true
                ],
                [
                    79,
                    80,
                    [
                        [
                            180,
                            220
                        ],
                        [
                            180,
                            197
                        ]
                    ],
                    true
                ],
                [
                    80,
                    81,
                    [
                        [
                            200,
                            240
                        ],
                        [
                            180,
                            220
                        ]
                    ],
                    true
                ],
                [
                    81,
                    82,
                    [
                        [
                            220,
                            260
                        ],
                        [
                            200,
                            240
                        ]
                    ],
                    true
                ],
                [
                    82,
                    83,
                    [
                        [
                            240,
                            280
                        ],
                        [
                            220,
                            260
                        ]
                    ],
                    true
                ],
                [
                    83,
                    84,
                    [
                        [
                            260,
                            300
                        ],
                        [
                            240,
                            280
                        ]
                    ],
                    true
                ],
                [
                    84,
                    85,
                    [
                        [
                            280,
                            320
                        ],
                        [
                            260,
                            300
                        ]
                    ],
                    true
                ],
                [
                    85,
                    86,
                    [
                        [
                            300,
                            340
                        ],
                        [
                            280,
                            320
                        ]
                    ],
                    true
                ],
                [
                    86,
                    87,
                    [
                        [
                            320,
                            360
                        ],
                        [
                            300,
                            340
                        ]
                    ],
                    true
                ],
                [
                    87,
                    88,
                    [
                        [
                            340,
                            380
                        ],
                        [
                            320,
                            360
                        ]
                    ],
                    true
                ],
                [
                    88,
                    89,
                    [
                        [
                            340,
                            403
                        ],
                        [
                            340,
                            380
                        ]
                    ],
                    true
                ],
                [
                    89,
                    90,
                    [
                        [
                            340,
                            429
                        ],
                        [
                            340,
                            403
                        ]
                    ],
                    true
                ],
                [
                    90,
                    91,
                    [
                        [
                            319,
                            450
                        ],
                        [
                            340,
                            429
                        ]
                    ],
                    true
                ],
                [
                    91,
                    92,
                    [
                        [
                            300,
                            469
                        ],
                        [
                            319,
                            450
                        ]
                    ],
                    true
                ]
            ],
            "stations": [
                {
                    "coord": [
                        263,
                        23
                    ],
                    "is_working": false,
                    "name": "Habibler",
                    "rect": [
                        273,
                        16,
                        44,
                        15
                    ],
                    "text_id": 72,
                    "uid": 70
                },
                {
                    "coord": [
                        263,
                        47
                    ],
                    "is_working": true,
                    "name": "Mescid-i Selam",
                    "rect": [
                        273,
                        40,
                        78,
                        15
                    ],
                    "text_id": 73,
                    "uid": 71
                },
                {
                    "coord": [
                        263,
                        70
                    ],
                    "is_working": true,
                    "name": "Cebeci",
                    "rect": [
                        273,
                        63,
                        37,
                        15
                    ],
                    "text_id": 74,
                    "uid": 72
                },
                {
                    "coord": [
                        263,
                        93
                    ],
                    "is_working": true,
                    "name": "Sultanciftligi",
                    "rect": [
                        273,
                        86,
                        63,
                        15
                    ],
                    "text_id": 75,
                    "uid": 73
                },
                {
                    "coord": [
                        246,
                        110
                    ],
                    "is_working": true,
                    "name": "Yeni Mah.",
                    "rect": [
                        256,
                        106,
                        51,
                        15
                    ],
                    "text_id": 76,
                    "uid": 74
                },
                {
                    "coord": [
                        230,
                        126
                    ],
                    "is_working": true,
                    "name": "Haci Sukru",
                    "rect": [
                        240,
                        122,
                        57,
                        15
                    ],
                    "text_id": 77,
                    "uid": 75
                },
                {
                    "coord": [
                        214,
                        142
                    ],
                    "is_working": true,
                    "name": "50. Yil - Bastabya",
                    "rect": [
                        224,
                        138,
                        89,
                        15
                    ],
                    "text_id": 78,
                    "uid": 76
                },
                {
                    "coord": [
                        197,
                        159
                    ],
                    "is_working": true,
                    "name": "Cumhuriyet Mah.",
                    "rect": [
                        207,
                        155,
                        86,
                        15
                    ],
                    "text_id": 79,
                    "uid": 77
                },
                {
                    "coord": [
                        180,
                        176
                    ],
                    "is_working": true,
                    "name": "Metris",
                    "rect": [
                        190,
                        172,
                        33,
                        15
                    ],
                    "text_id": 80,
                    "uid": 78
                },
                {
                    "coord": [
                        180,
                        197
                    ],
                    "is_working": true,
                    "name": "Karadeniz",
                    "rect": [
                        190,
                        190,
                        52,
                        15
                    ],
                    "text_id": 81,
                    "uid": 79
                },
                {
                    "coord": [
                        180,
                        220
                    ],
                    "is_working": true,
                    "name": "Tas Kopru",
                    "rect": [
                        190,
                        209,
                        53,
                        15
                    ],
                    "text_id": 82,
                    "uid": 80
                },
                {
                    "coord": [
                        200,
                        240
                    ],
                    "is_working": true,
                    "name": "Ali Fuat Basgil",
                    "rect": [
                        210,
                        229,
                        75,
                        15
                    ],
                    "text_id": 83,
                    "uid": 81
                },
                {
                    "coord": [
                        220,
                        260
                    ],
                    "is_working": true,
                    "name": "Cukucesme Ulubatli",
                    "rect": [
                        230,
                        249,
                        102,
                        15
                    ],
                    "text_id": 84,
                    "uid": 82
                },
                {
                    "coord": [
                        240,
                        280
                    ],
                    "is_working": true,
                    "name": "Sagmalcilar",
                    "rect": [
                        250,
                        269,
                        61,
                        15
                    ],
                    "text_id": 5,
                    "uid": 83
                },
                {
                    "coord": [
                        260,
                        300
                    ],
                    "is_working": true,
                    "name": "Uluyol - Berec",
                    "rect": [
                        270,
                        289,
                        73,
                        15
                    ],
                    "text_id": 85,
                    "uid": 84
                },
                {
                    "coord": [
                        280,
                        320
                    ],
                    "is_working": true,
                    "name": "Rami",
                    "rect": [
                        290,
                        309,
                        28,
                        15
                    ],
                    "text_id": 86,
                    "uid": 85
                },
                {
                    "coord": [
                        300,
                        340
                    ],
                    "is_working": true,
                    "name": "Topcular",
                    "rect": [
                        310,
                        329,
                        45,
                        15
                    ],
                    "text_id": 87,
                    "uid": 86
                },
                {
                    "coord": [
                        320,
                        360
                    ],
                    "is_working": true,
                    "name": "Demirkapi",
                    "rect": [
                        330,
                        349,
                        53,
                        15
                    ],
                    "text_id": 88,
                    "uid": 87
                },
                {
                    "coord": [
                        340,
                        380
                    ],
                    "is_working": true,
                    "name": "Sehitlik",
                    "rect": [
                        350,
                        372,
                        39,
                        15
                    ],
                    "text_id": 89,
                    "uid": 88
                },
                {
                    "coord": [
                        340,
                        403
                    ],
                    "is_working": true,
                    "name": "Edirnekapi",
                    "rect": [
                        350,
                        396,
                        55,
                        15
                    ],
                    "text_id": 90,
                    "uid": 89
                },
                {
                    "coord": [
                        340,
                        429
                    ],
                    "is_working": true,
                    "name": "Vatan",
                    "rect": [
                        352,
                        413,
                        30,
                        15
                    ],
                    "text_id": 91,
                    "uid": 90
                },
                {
                    "coord": [
                        319,
                        450
                    ],
                    "is_working": true,
                    "name": "Fetihkapi",
                    "rect": [
                        263,
                        440,
                        47,
                        15
                    ],
                    "text_id": 92,
                    "uid": 91
                },
                {
                    "coord": [
                        300,
                        469
                    ],
                    "is_working": true,
                    "name": "Topkapi",
                    "rect": [
                        280,
                        478,
                        41,
                        15
                    ],
                    "text_id": 93,
                    "uid": 92
                }
            ],
            "text_id": 94
        }
    ],
    "lines_width": 7,
    "name": "metro",
    "name_text_id": 95,
    "stations_diameter": 13.0,
    "transfers": [
        [
            3,
            90,
            [
                349,
                439
            ],
            [
                340,
                429
            ]
        ],
        [
            22,
            39,
            [
                148,
                393
            ],
            [
                139,
                384
            ]
        ],
        [
            66,
            30,
            [
                569,
                250
            ],
            [
                555,
                250
            ]
        ],
        [
            38,
            0,
            [
                418,
                493
            ],
            [
                403,
                493
            ]
        ]
    ],
    "transports": [
        "metro"
    ],
    "type_name": "ROOT",
    "type_text_id": 96,
    "upper_case": false,
    "width": 1094,
    "word_wrap": false
}