{
    "lines": [
        {
            "delays": [
                120,
                240
            ],
            "name": "Святошинско-Броварская",
            "scheme": "svjat-brov",
            "segments": [
                [
                    0,
                    1,
                    120
                ],
                [
                    1,
                    0,
                    120
                ],
                [
                    1,
                    2,
                    180
                ],
                [
                    2,
                    1,
                    180
                ],
                [
                    2,
                    3,
                    120
                ],
                [
                    3,
                    2,
                    120
                ],
                [
                    3,
                    4,
                    120
                ],
                [
                    4,
                    3,
                    120
                ],
                [
                    4,
                    5,
                    180
                ],
                [
                    5,
                    4,
                    180
                ],
                [
                    5,
                    6,
                    120
                ],
                [
                    6,
                    5,
                    120
                ],
                [
                    6,
                    7,
                    180
                ],
                [
                    7,
                    6,
                    180
                ],
                [
                    7,
                    8,
                    120
                ],
                [
                    8,
                    7,
                    120
                ],
                [
                    8,
                    9,
                    120
                ],
                [
                    9,
                    8,
                    120
                ],
                [
                    9,
                    10,
                    120
                ],
                [
                    10,
                    9,
                    120
                ],
                [
                    10,
                    11,
                    180
                ],
                [
                    11,
                    10,
                    180
                ],
                [
                    11,
                    12,
                    120
                ],
                [
                    12,
                    11,
                    120
                ],
                [
                    12,
                    13,
                    120
                ],
                [
                    13,
                    12,
                    120
                ],
                [
                    13,
                    14,
                    120
                ],
                [
                    14,
                    13,
                    120
                ],
                [
                    14,
                    15,
                    120
                ],
                [
                    15,
                    14,
                    120
                ],
                [
                    15,
                    16,
                    120
                ],
                [
                    16,
                    15,
                    120
                ],
                [
                    16,
                    17,
                    120
                ],
                [
                    17,
                    16,
                    120
                ]
            ],
            "stations": [
                [
                    0,
                    "Академгородок",
                    0
                ],
                [
                    1,
                    "Житомирская",
                    1
                ],
                [
                    2,
                    "Святошин",
                    2
                ],
                [
                    3,
                    "Нивки",
                    3
                ],
                [
                    4,
                    "Берестейская",
                    4
                ],
                [
                    5,
                    "Шулявская",
                    5
                ],
                [
                    6,
                    "Политехнический институт",
                    6
                ],
                [
                    7,
                    "Вокзальная",
                    7
                ],
                [
                    8,
                    "Университет",
                    8
                ],
                [
                    9,
                    "Театральная",
                    9
                ],
                [
                    10,
                    "Крещатик",
                    10
                ],
                [
                    11,
                    "Арсенальная",
                    11
                ],
                [
                    12,
                    "Днепр",
                    12
                ],
                [
                    13,
                    "Гидропарк",
                    13
                ],
                [
                    14,
                    "Левобережная",
                    14
                ],
                [
                    15,
                    "Дарница",
                    15
                ],
                [
                    16,
                    "Черниговская",
                    16
                ],
                [
                    17,
                    "Лесная",
                    17
                ]
            ],
            "text_id": 18
        },
        {
            "delays": [
                120,
                300
            ],
            "name": "Оболонско-Теремковская",
            "scheme": "kyr-kras",
            "segments": [
                [
                    18,
                    19,
                    120
                ],
                [
                    19,
                    18,
                    120
                ],
                [
                    19,
                    20,
                    120
                ],
                [
                    20,
                    19,
                    120
                ],
                [
                    20,
                    21,
                    180
                ],
                [
                    21,
                    20,
                    180
                ],
                [
                    21,
                    22,
                    120
                ],
                [
                    22,
                    21,
                    120
                ],
                [
                    22,
                    23,
                    120
                ],
                [
                    23,
                    22,
                    120
                ],
                [
                    23,
                    24,
                    120
                ],
                [
                    24,
                    23,
                    120
                ],
                [
                    24,
                    25,
                    120
                ],
                [
                    25,
                    24,
                    120
                ],
                [
                    25,
                    26,
                    120
                ],
                [
                    26,
                    25,
                    120
                ],
                [
                    26,
                    27,
                    120
                ],
                [
                    27,
                    26,
                    120
                ],
                [
                    27,
                    28,
                    120
                ],
                [
                    28,
                    27,
                    120
                ],
                [
                    28,
                    29,
                    120
                ],
                [
                    29,
                    28,
                    120
                ],
                [
                    29,
                    30,
                    120
                ],
                [
                    30,
                    29,
                    120
                ],
                [
                    30,
                    31,
                    120
                ],
                [
                    31,
                    30,
                    120
                ],
                [
                    31,
                    32,
                    120
                ],
                [
                    32,
                    31,
                    120
                ],
                [
                    32,
                    33,
                    120
                ],
                [
                    33,
                    32,
                    120
                ],
                [
                    33,
                    34,
                    90
                ],
                [
                    34,
                    33,
                    90
                ],
                [
                    34,
                    35,
                    120
                ],
                [
                    35,
                    34,
                    120
                ]
            ],
            "stations": [
                [
                    18,
                    "Героев Днепра",
                    19
                ],
                [
                    19,
                    "Минская",
                    20
                ],
                [
                    20,
                    "Оболонь",
                    21
                ],
                [
                    21,
                    "Почайна",
                    22
                ],
                [
                    22,
                    "Тараса Шевченко",
                    23
                ],
                [
                    23,
                    "Контрактовая площадь",
                    24
                ],
                [
                    24,
                    "Почтовая площадь",
                    25
                ],
                [
                    25,
                    "Площадь Независимости",
                    26
                ],
                [
                    26,
                    "Площадь Льва Толстого",
                    27
                ],
                [
                    27,
                    "Олимпийская",
                    28
                ],
                [
                    28,
                    "Дворец \"Украина\"",
                    29
                ],
                [
                    29,
                    "Лыбедская",
                    30
                ],
                [
                    30,
                    "Демиевская",
                    31
                ],
                [
                    31,
                    "Голосеевская",
                    32
                ],
                [
                    32,
                    "Васильковская",
                    33
                ],
                [
                    33,
                    "Выставочный центр",
                    34
                ],
                [
                    34,
                    "Ипподром",
                    35
                ],
                [
                    35,
                    "Теремки",
                    36
                ]
            ],
            "text_id": 37
        },
        {
            "delays": [
                180,
                480
            ],
            "name": "Сырецко-Печерская",
            "scheme": "sur-pech",
            "segments": [
                [
                    36,
                    37,
                    90
                ],
                [
                    37,
                    36,
                    90
                ],
                [
                    37,
                    38,
                    240
                ],
                [
                    38,
                    37,
                    240
                ],
                [
                    38,
                    39,
                    300
                ],
                [
                    39,
                    38,
                    300
                ],
                [
                    39,
                    40,
                    120
                ],
                [
                    40,
                    39,
                    120
                ],
                [
                    40,
                    41,
                    120
                ],
                [
                    41,
                    40,
                    120
                ],
                [
                    41,
                    42,
                    60
                ],
                [
                    42,
                    41,
                    60
                ],
                [
                    42,
                    43,
                    60
                ],
                [
                    43,
                    42,
                    60
                ],
                [
                    43,
                    44,
                    180
                ],
                [
                    44,
                    43,
                    180
                ],
                [
                    44,
                    45,
                    300
                ],
                [
                    45,
                    44,
                    300
                ],
                [
                    45,
                    46,
                    120
                ],
                [
                    46,
                    45,
                    120
                ],
                [
                    46,
                    47,
                    120
                ],
                [
                    47,
                    46,
                    120
                ],
                [
                    47,
                    48,
                    120
                ],
                [
                    48,
                    47,
                    120
                ],
                [
                    48,
                    49,
                    120
                ],
                [
                    49,
                    48,
                    120
                ],
                [
                    49,
                    50,
                    120
                ],
                [
                    50,
                    49,
                    120
                ],
                [
                    50,
                    51,
                    120
                ],
                [
                    51,
                    50,
                    120
                ]
            ],
            "stations": [
                [
                    36,
                    "Сырец",
                    38
                ],
                [
                    37,
                    "Дорогожичи",
                    39
                ],
                [
                    38,
                    "Лукьяновская",
                    40
                ],
                [
                    39,
                    "Золотые ворота",
                    41
                ],
                [
                    40,
                    "Дворец спорта",
                    42
                ],
                [
                    41,
                    "Кловская",
                    43
                ],
                [
                    42,
                    "Печерская",
                    44
                ],
                [
                    43,
                    "Дружбы народов",
                    45
                ],
                [
                    44,
                    "Выдубичи",
                    46
                ],
                [
                    45,
                    "Славутич",
                    47
                ],
                [
                    46,
                    "Осокорки",
                    48
                ],
                [
                    47,
                    "Позняки",
                    49
                ],
                [
                    48,
                    "Харьковская",
                    50
                ],
                [
                    49,
                    "Вырлица",
                    51
                ],
                [
                    50,
                    "Бориспольская",
                    52
                ],
                [
                    51,
                    "Красный хутор",
                    53
                ]
            ],
            "text_id": 54
        }
    ],
    "name": "metro",
    "transfers": [
        [
            10,
            25,
            120,
            true
        ],
        [
            39,
            9,
            120,
            true
        ],
        [
            26,
            40,
            120,
            true
        ]
    ],
    "type_name": "Метро"
}