{
    "0": "Crowfoot",
    "1": "Dalhousie",
    "2": "Brentwood",
    "3": "University",
    "4": "Banff Trail",
    "5": "Lions Park",
    "6": "SAIT/ACAD/Jubilee",
    "7": "Sunnyside",
    "8": "8 St",
    "9": "7 St",
    "10": "6 St",
    "11": "4 St",
    "12": "3 St",
    "13": "1 St",
    "14": "Centre St",
    "15": "Olympic Plaza",
    "16": "City Hall",
    "17": "Victoria Park - Stampede",
    "18": "Erlton - Stampede",
    "19": "39 Avenue",
    "20": "Chinook",
    "21": "Heritage",
    "22": "Southland",
    "23": "Anderson",
    "24": "Canyon Meadows",
    "25": "Fish Creek - Lacombe",
    "26": "Shawnessy",
    "27": "Somerset-Bridlewood",
    "28": "201",
    "29": "69 St SW",
    "30": "Sirocco",
    "31": "45 St SW",
    "32": "Westbrook",
    "33": "Shaganappi Point",
    "34": "Sunalta",
    "35": "Downtown West - Kerby",
    "36": "3 St SE",
    "37": "Bridgeland/Memorial",
    "38": "Zoo",
    "39": "Barlow/Max Bell",
    "40": "Franklin",
    "41": "Marlborough",
    "42": "Rundle",
    "43": "Whitehorn",
    "44": "McKnight - Westwinds",
    "45": "Martindale",
    "46": "Saddletowne",
    "47": "202",
    "48": "Электричка",
    "49": "ROOT",
    "50": "Схема от 22.05.2013г.\nАвтор: Варламов Дмитрий (www.chpeks.com)",
    "51": "Imported from http://pmetro.su"
}