{
    "city_id": 4275586,
    "comments_text_id": 21,
    "default_locale": "ru",
    "delays": [
        {
            "ranges": [
                "08:00-20:00"
            ],
            "type": "day",
            "weekdays": null
        },
        {
            "ranges": [
                "20:00-24:00",
                "00:00-05:00"
            ],
            "type": "night",
            "weekdays": null
        }
    ],
    "description_text_id": 20,
    "file": "Minneapolis.zip",
    "latitude": 39.12194,
    "locales": [
        "ru",
        "en"
    ],
    "longitude": -97.7067,
    "map_id": "Minneapolis.zip",
    "schemes": [
        {
            "default_transports": [
                "metro"
            ],
            "file": "schemes/metro.json",
            "name": "metro",
            "name_text_id": 18,
            "root": true,
            "transports": [
                "metro"
            ],
            "type_name": "ROOT",
            "type_text_id": 19
        }
    ],
    "timestamp": 1426723200.0,
    "transport_types": [
        "Трамвай"
    ],
    "transports": [
        {
            "file": "transports/metro.json",
            "name": "metro",
            "type": "Трамвай"
        }
    ]
}