{
    "0": "Оперный театр",
    "1": "Горьковская",
    "2": "Московская",
    "3": "Чкаловская",
    "4": "Ленинская",
    "5": "Заречная",
    "6": "Двигатель Революции",
    "7": "Пролетарская",
    "8": "Автозаводская",
    "9": "Комсомольская",
    "10": "Кировская",
    "11": "Парк Культуры",
    "12": "Сормовская",
    "13": "Варя",
    "14": "Буревестник",
    "15": "Бурнаковская",
    "16": "Канавинская",
    "17": "Стрелка",
    "18": "Волга",
    "19": "Метро",
    "20": "ROOT",
    "21": "Метро",
    "22": "Схема от 15.03.2021г.\nИнформация о времени проезда:\n- Кузер.\nКарта взята с сайта http://www.metrowalks.ru.\nИнформация по cтанциям - с сайта http://www.metrowalks.ru.\nИнформацию по городскому транспорту и крупным городским объектам прислал Александр Никольский.",
    "23": "Imported from http://pmetro.su"
}