{
    "default_transports": [
        "metro"
    ],
    "height": 742,
    "images": [
        "res/schemes/u4.svg"
    ],
    "is_vector": true,
    "lines": [
        {
            "labels_bg_color": "-1",
            "labels_color": "000000",
            "line_color": "E41c0c",
            "line_width": 9,
            "name": "U1",
            "segments": [],
            "stations": [
                {
                    "coord": null,
                    "is_working": true,
                    "name": "Leopoldau",
                    "rect": null,
                    "text_id": 0,
                    "uid": 0
                },
                {
                    "coord": null,
                    "is_working": true,
                    "name": "Grossfeldsiedlung",
                    "rect": null,
                    "text_id": 1,
                    "uid": 1
                },
                {
                    "coord": null,
                    "is_working": true,
                    "name": "Aderklaaer Strasse",
                    "rect": null,
                    "text_id": 2,
                    "uid": 2
                },
                {
                    "coord": null,
                    "is_working": true,
                    "name": "Rennbahnweg",
                    "rect": null,
                    "text_id": 3,
                    "uid": 3
                },
                {
                    "coord": null,
                    "is_working": true,
                    "name": "Karganer Platz",
                    "rect": null,
                    "text_id": 4,
                    "uid": 4
                },
                {
                    "coord": null,
                    "is_working": true,
                    "name": "Kagran",
                    "rect": null,
                    "text_id": 5,
                    "uid": 5
                },
                {
                    "coord": null,
                    "is_working": true,
                    "name": "Alte Donau",
                    "rect": null,
                    "text_id": 6,
                    "uid": 6
                },
                {
                    "coord": null,
                    "is_working": true,
                    "name": "Kaisermuhlan - VIC",
                    "rect": null,
                    "text_id": 7,
                    "uid": 7
                },
                {
                    "coord": null,
                    "is_working": true,
                    "name": "Donauinsel",
                    "rect": null,
                    "text_id": 8,
                    "uid": 8
                },
                {
                    "coord": null,
                    "is_working": true,
                    "name": "Vorgartenstrasse",
                    "rect": null,
                    "text_id": 9,
                    "uid": 9
                },
                {
                    "coord": null,
                    "is_working": true,
                    "name": "Praterstern",
                    "rect": null,
                    "text_id": 10,
                    "uid": 10
                },
                {
                    "coord": null,
                    "is_working": true,
                    "name": "Nestroyplatz",
                    "rect": null,
                    "text_id": 11,
                    "uid": 11
                },
                {
                    "coord": [
                        231,
                        180
                    ],
                    "is_working": true,
                    "name": "Schweden- platz",
                    "rect": [
                        105,
                        170,
                        100,
                        20
                    ],
                    "text_id": 12,
                    "uid": 12
                },
                {
                    "coord": null,
                    "is_working": true,
                    "name": "Stephans- platz",
                    "rect": null,
                    "text_id": 13,
                    "uid": 13
                },
                {
                    "coord": [
                        231,
                        243
                    ],
                    "is_working": true,
                    "name": "Karls- platz",
                    "rect": [
                        105,
                        228,
                        100,
                        20
                    ],
                    "text_id": 14,
                    "uid": 14
                },
                {
                    "coord": null,
                    "is_working": true,
                    "name": "Taubstummengasse",
                    "rect": null,
                    "text_id": 15,
                    "uid": 15
                },
                {
                    "coord": null,
                    "is_working": true,
                    "name": "Sudtiroler Platz",
                    "rect": null,
                    "text_id": 16,
                    "uid": 16
                },
                {
                    "coord": null,
                    "is_working": true,
                    "name": "Keplrerplatz",
                    "rect": null,
                    "text_id": 17,
                    "uid": 17
                },
                {
                    "coord": null,
                    "is_working": true,
                    "name": "Reumannplatz",
                    "rect": null,
                    "text_id": 18,
                    "uid": 18
                }
            ],
            "text_id": 19
        },
        {
            "labels_bg_color": "-1",
            "labels_color": "000000",
            "line_color": "AC24AC",
            "line_width": 9,
            "name": "U2",
            "segments": [],
            "stations": [
                {
                    "coord": null,
                    "is_working": true,
                    "name": "Aspernstrasse",
                    "rect": null,
                    "text_id": 20,
                    "uid": 19
                },
                {
                    "coord": null,
                    "is_working": true,
                    "name": "Donauspital",
                    "rect": null,
                    "text_id": 21,
                    "uid": 20
                },
                {
                    "coord": null,
                    "is_working": true,
                    "name": "Hardegggasse",
                    "rect": null,
                    "text_id": 22,
                    "uid": 21
                },
                {
                    "coord": null,
                    "is_working": true,
                    "name": "Stadlau",
                    "rect": null,
                    "text_id": 23,
                    "uid": 22
                },
                {
                    "coord": null,
                    "is_working": true,
                    "name": "Donaustadtbrucke",
                    "rect": null,
                    "text_id": 24,
                    "uid": 23
                },
                {
                    "coord": null,
                    "is_working": true,
                    "name": "Donaumarina",
                    "rect": null,
                    "text_id": 25,
                    "uid": 24
                },
                {
                    "coord": null,
                    "is_working": true,
                    "name": "Stadion",
                    "rect": null,
                    "text_id": 26,
                    "uid": 25
                },
                {
                    "coord": null,
                    "is_working": true,
                    "name": "Krieau",
                    "rect": null,
                    "text_id": 27,
                    "uid": 26
                },
                {
                    "coord": null,
                    "is_working": true,
                    "name": "Messe-Prater",
                    "rect": null,
                    "text_id": 28,
                    "uid": 27
                },
                {
                    "coord": null,
                    "is_working": true,
                    "name": "Praterstern",
                    "rect": null,
                    "text_id": 10,
                    "uid": 28
                },
                {
                    "coord": null,
                    "is_working": true,
                    "name": "Taborstrasse",
                    "rect": null,
                    "text_id": 29,
                    "uid": 29
                },
                {
                    "coord": [
                        231,
                        156
                    ],
                    "is_working": true,
                    "name": "Schottenring",
                    "rect": [
                        105,
                        146,
                        100,
                        20
                    ],
                    "text_id": 30,
                    "uid": 30
                },
                {
                    "coord": null,
                    "is_working": true,
                    "name": "Shottentor Universitat",
                    "rect": null,
                    "text_id": 31,
                    "uid": 31
                },
                {
                    "coord": null,
                    "is_working": true,
                    "name": "Rathaus",
                    "rect": null,
                    "text_id": 32,
                    "uid": 32
                },
                {
                    "coord": null,
                    "is_working": true,
                    "name": "Volks- theater",
                    "rect": null,
                    "text_id": 33,
                    "uid": 33
                },
                {
                    "coord": null,
                    "is_working": true,
                    "name": "Museumsquartier",
                    "rect": null,
                    "text_id": 34,
                    "uid": 34
                },
                {
                    "coord": [
                        231,
                        263
                    ],
                    "is_working": true,
                    "name": "Karls- platz",
                    "rect": [
                        105,
                        256,
                        100,
                        20
                    ],
                    "text_id": 14,
                    "uid": 35
                }
            ],
            "text_id": 35
        },
        {
            "labels_bg_color": "-1",
            "labels_color": "000000",
            "line_color": "FC9C54",
            "line_width": 9,
            "name": "U3",
            "segments": [],
            "stations": [
                {
                    "coord": null,
                    "is_working": true,
                    "name": "Ottarking",
                    "rect": null,
                    "text_id": 36,
                    "uid": 36
                },
                {
                    "coord": null,
                    "is_working": true,
                    "name": "Kendlerstrasse",
                    "rect": null,
                    "text_id": 37,
                    "uid": 37
                },
                {
                    "coord": null,
                    "is_working": true,
                    "name": "Hutteldorfer Strasse",
                    "rect": null,
                    "text_id": 38,
                    "uid": 38
                },
                {
                    "coord": null,
                    "is_working": true,
                    "name": "Johnstrasse",
                    "rect": null,
                    "text_id": 39,
                    "uid": 39
                },
                {
                    "coord": null,
                    "is_working": true,
                    "name": "Schweglerstrasse",
                    "rect": null,
                    "text_id": 40,
                    "uid": 40
                },
                {
                    "coord": null,
                    "is_working": true,
                    "name": "West- bahnhof",
                    "rect": null,
                    "text_id": 41,
                    "uid": 41
                },
                {
                    "coord": null,
                    "is_working": true,
                    "name": "Ziegler- gasse",
                    "rect": null,
                    "text_id": 42,
                    "uid": 42
                },
                {
                    "coord": null,
                    "is_working": true,
                    "name": "Neubau- gasse",
                    "rect": null,
                    "text_id": 43,
                    "uid": 43
                },
                {
                    "coord": null,
                    "is_working": true,
                    "name": "Volks- theater",
                    "rect": null,
                    "text_id": 33,
                    "uid": 44
                },
                {
                    "coord": null,
                    "is_working": true,
                    "name": "Herren- gasse",
                    "rect": null,
                    "text_id": 44,
                    "uid": 45
                },
                {
                    "coord": null,
                    "is_working": true,
                    "name": "Stephansplatz",
                    "rect": null,
                    "text_id": 45,
                    "uid": 46
                },
                {
                    "coord": null,
                    "is_working": true,
                    "name": "Stubentor",
                    "rect": null,
                    "text_id": 46,
                    "uid": 47
                },
                {
                    "coord": [
                        231,
                        202
                    ],
                    "is_working": true,
                    "name": "Landstrasse",
                    "rect": [
                        105,
                        192,
                        100,
                        20
                    ],
                    "text_id": 47,
                    "uid": 48
                },
                {
                    "coord": null,
                    "is_working": true,
                    "name": "Rochusgasse",
                    "rect": null,
                    "text_id": 48,
                    "uid": 49
                },
                {
                    "coord": null,
                    "is_working": true,
                    "name": "Kardinal-Nagl-Platz",
                    "rect": null,
                    "text_id": 49,
                    "uid": 50
                },
                {
                    "coord": null,
                    "is_working": true,
                    "name": "Schlachthausgasse",
                    "rect": null,
                    "text_id": 50,
                    "uid": 51
                },
                {
                    "coord": null,
                    "is_working": true,
                    "name": "Erdberg",
                    "rect": null,
                    "text_id": 51,
                    "uid": 52
                },
                {
                    "coord": null,
                    "is_working": true,
                    "name": "Gasometer",
                    "rect": null,
                    "text_id": 52,
                    "uid": 53
                },
                {
                    "coord": null,
                    "is_working": true,
                    "name": "Zippererstrasse",
                    "rect": null,
                    "text_id": 53,
                    "uid": 54
                },
                {
                    "coord": null,
                    "is_working": true,
                    "name": "Enkplatz",
                    "rect": null,
                    "text_id": 54,
                    "uid": 55
                },
                {
                    "coord": null,
                    "is_working": true,
                    "name": "Simmering",
                    "rect": null,
                    "text_id": 55,
                    "uid": 56
                }
            ],
            "text_id": 56
        },
        {
            "labels_bg_color": "-1",
            "labels_color": "000000",
            "line_color": "84BC54",
            "line_width": 9,
            "name": "U4",
            "segments": [
                [
                    57,
                    58,
                    [
                        [
                            251,
                            79
                        ],
                        [
                            251,
                            55
                        ]
                    ],
                    true
                ],
                [
                    58,
                    59,
                    [
                        [
                            251,
                            105
                        ],
                        [
                            251,
                            79
                        ]
                    ],
                    true
                ],
                [
                    59,
                    60,
                    [
                        [
                            251,
                            131
                        ],
                        [
                            251,
                            105
                        ]
                    ],
                    true
                ],
                [
                    60,
                    61,
                    [
                        [
                            251,
                            156
                        ],
                        [
                            251,
                            131
                        ]
                    ],
                    true
                ],
                [
                    61,
                    62,
                    [
                        [
                            251,
                            180
                        ],
                        [
                            251,
                            156
                        ]
                    ],
                    true
                ],
                [
                    62,
                    63,
                    [
                        [
                            251,
                            202
                        ],
                        [
                            251,
                            180
                        ]
                    ],
                    true
                ],
                [
                    63,
                    64,
                    [
                        [
                            251,
                            226
                        ],
                        [
                            251,
                            202
                        ]
                    ],
                    true
                ],
                [
                    64,
                    65,
                    [
                        [
                            251,
                            253
                        ],
                        [
                            251,
                            226
                        ]
                    ],
                    true
                ],
                [
                    65,
                    66,
                    [
                        [
                            251,
                            281
                        ],
                        [
                            251,
                            253
                        ]
                    ],
                    true
                ],
                [
                    66,
                    67,
                    [
                        [
                            251,
                            312
                        ],
                        [
                            251,
                            281
                        ]
                    ],
                    true
                ],
                [
                    67,
                    68,
                    [
                        [
                            251,
                            363
                        ],
                        [
                            251,
                            312
                        ]
                    ],
                    true
                ],
                [
                    68,
                    69,
                    [
                        [
                            251,
                            402
                        ],
                        [
                            251,
                            363
                        ]
                    ],
                    true
                ],
                [
                    69,
                    70,
                    [
                        [
                            251,
                            428
                        ],
                        [
                            251,
                            402
                        ]
                    ],
                    true
                ],
                [
                    70,
                    71,
                    [
                        [
                            251,
                            456
                        ],
                        [
                            251,
                            428
                        ]
                    ],
                    true
                ],
                [
                    71,
                    72,
                    [
                        [
                            251,
                            482
                        ],
                        [
                            251,
                            456
                        ]
                    ],
                    true
                ],
                [
                    72,
                    73,
                    [
                        [
                            251,
                            508
                        ],
                        [
                            251,
                            482
                        ]
                    ],
                    true
                ],
                [
                    73,
                    74,
                    [
                        [
                            251,
                            536
                        ],
                        [
                            251,
                            508
                        ]
                    ],
                    true
                ],
                [
                    74,
                    75,
                    [
                        [
                            251,
                            566
                        ],
                        [
                            251,
                            536
                        ]
                    ],
                    true
                ],
                [
                    75,
                    76,
                    [
                        [
                            251,
                            592
                        ],
                        [
                            251,
                            566
                        ]
                    ],
                    true
                ]
            ],
            "stations": [
                {
                    "coord": [
                        251,
                        55
                    ],
                    "is_working": true,
                    "name": "Heiligenstadt",
                    "rect": [
                        266,
                        43,
                        100,
                        20
                    ],
                    "text_id": 57,
                    "uid": 57
                },
                {
                    "coord": [
                        251,
                        79
                    ],
                    "is_working": true,
                    "name": "Spittelau",
                    "rect": [
                        266,
                        69,
                        100,
                        20
                    ],
                    "text_id": 58,
                    "uid": 58
                },
                {
                    "coord": [
                        251,
                        105
                    ],
                    "is_working": true,
                    "name": "Friedensbrucke",
                    "rect": [
                        266,
                        95,
                        100,
                        20
                    ],
                    "text_id": 59,
                    "uid": 59
                },
                {
                    "coord": [
                        251,
                        131
                    ],
                    "is_working": true,
                    "name": "Rossauer Lande",
                    "rect": [
                        266,
                        120,
                        100,
                        20
                    ],
                    "text_id": 60,
                    "uid": 60
                },
                {
                    "coord": [
                        251,
                        156
                    ],
                    "is_working": true,
                    "name": "Schottenring",
                    "rect": [
                        266,
                        146,
                        100,
                        20
                    ],
                    "text_id": 30,
                    "uid": 61
                },
                {
                    "coord": [
                        251,
                        180
                    ],
                    "is_working": true,
                    "name": "Schwedenplatz",
                    "rect": [
                        266,
                        170,
                        100,
                        20
                    ],
                    "text_id": 61,
                    "uid": 62
                },
                {
                    "coord": [
                        251,
                        202
                    ],
                    "is_working": true,
                    "name": "Landstrasse",
                    "rect": [
                        266,
                        192,
                        100,
                        20
                    ],
                    "text_id": 47,
                    "uid": 63
                },
                {
                    "coord": [
                        251,
                        226
                    ],
                    "is_working": true,
                    "name": "Stadtpark",
                    "rect": [
                        266,
                        216,
                        100,
                        20
                    ],
                    "text_id": 62,
                    "uid": 64
                },
                {
                    "coord": [
                        251,
                        253
                    ],
                    "is_working": true,
                    "name": "Karls- platz",
                    "rect": [
                        266,
                        243,
                        100,
                        20
                    ],
                    "text_id": 14,
                    "uid": 65
                },
                {
                    "coord": [
                        251,
                        281
                    ],
                    "is_working": true,
                    "name": "Kettenbruckengasse",
                    "rect": [
                        266,
                        271,
                        100,
                        20
                    ],
                    "text_id": 63,
                    "uid": 66
                },
                {
                    "coord": [
                        251,
                        312
                    ],
                    "is_working": true,
                    "name": "Pilgramgasse",
                    "rect": [
                        266,
                        302,
                        100,
                        20
                    ],
                    "text_id": 64,
                    "uid": 67
                },
                {
                    "coord": [
                        251,
                        363
                    ],
                    "is_working": true,
                    "name": "Margareten- gurtel",
                    "rect": [
                        266,
                        354,
                        100,
                        20
                    ],
                    "text_id": 65,
                    "uid": 68
                },
                {
                    "coord": [
                        251,
                        402
                    ],
                    "is_working": true,
                    "name": "Langenfeldgasse",
                    "rect": [
                        266,
                        391,
                        100,
                        20
                    ],
                    "text_id": 66,
                    "uid": 69
                },
                {
                    "coord": [
                        251,
                        428
                    ],
                    "is_working": true,
                    "name": "Meidling Haupstrasse",
                    "rect": [
                        266,
                        417,
                        100,
                        20
                    ],
                    "text_id": 67,
                    "uid": 70
                },
                {
                    "coord": [
                        251,
                        456
                    ],
                    "is_working": true,
                    "name": "Schonbrunn",
                    "rect": [
                        266,
                        445,
                        100,
                        20
                    ],
                    "text_id": 68,
                    "uid": 71
                },
                {
                    "coord": [
                        251,
                        482
                    ],
                    "is_working": true,
                    "name": "Hiezing",
                    "rect": [
                        266,
                        473,
                        100,
                        20
                    ],
                    "text_id": 69,
                    "uid": 72
                },
                {
                    "coord": [
                        251,
                        508
                    ],
                    "is_working": true,
                    "name": "Braunschweiggasse",
                    "rect": [
                        266,
                        499,
                        100,
                        20
                    ],
                    "text_id": 70,
                    "uid": 73
                },
                {
                    "coord": [
                        251,
                        536
                    ],
                    "is_working": true,
                    "name": "Unter St. Veit",
                    "rect": [
                        266,
                        526,
                        100,
                        20
                    ],
                    "text_id": 71,
                    "uid": 74
                },
                {
                    "coord": [
                        251,
                        566
                    ],
                    "is_working": true,
                    "name": "Ober St.Veit",
                    "rect": [
                        266,
                        556,
                        100,
                        20
                    ],
                    "text_id": 72,
                    "uid": 75
                },
                {
                    "coord": [
                        251,
                        592
                    ],
                    "is_working": true,
                    "name": "Hutteldorf",
                    "rect": [
                        266,
                        583,
                        100,
                        20
                    ],
                    "text_id": 73,
                    "uid": 76
                }
            ],
            "text_id": 74
        },
        {
            "labels_bg_color": "-1",
            "labels_color": "000000",
            "line_color": "543C04",
            "line_width": 9,
            "name": "U6",
            "segments": [],
            "stations": [
                {
                    "coord": null,
                    "is_working": true,
                    "name": "Floridsdorf",
                    "rect": null,
                    "text_id": 75,
                    "uid": 77
                },
                {
                    "coord": null,
                    "is_working": true,
                    "name": "Neue Donau",
                    "rect": null,
                    "text_id": 76,
                    "uid": 78
                },
                {
                    "coord": null,
                    "is_working": true,
                    "name": "Handelskai",
                    "rect": null,
                    "text_id": 77,
                    "uid": 79
                },
                {
                    "coord": null,
                    "is_working": true,
                    "name": "Dresdner Strasse",
                    "rect": null,
                    "text_id": 78,
                    "uid": 80
                },
                {
                    "coord": null,
                    "is_working": true,
                    "name": "Jagerstrasse",
                    "rect": null,
                    "text_id": 79,
                    "uid": 81
                },
                {
                    "coord": [
                        231,
                        79
                    ],
                    "is_working": true,
                    "name": "Spittelau",
                    "rect": [
                        105,
                        69,
                        100,
                        20
                    ],
                    "text_id": 58,
                    "uid": 82
                },
                {
                    "coord": null,
                    "is_working": true,
                    "name": "Nussdorfer Strasse",
                    "rect": null,
                    "text_id": 80,
                    "uid": 83
                },
                {
                    "coord": null,
                    "is_working": true,
                    "name": "Vahringer Strasse - Volksoper",
                    "rect": null,
                    "text_id": 81,
                    "uid": 84
                },
                {
                    "coord": null,
                    "is_working": true,
                    "name": "Michelbeuern -AKH",
                    "rect": null,
                    "text_id": 82,
                    "uid": 85
                },
                {
                    "coord": null,
                    "is_working": true,
                    "name": "Alser Strasse",
                    "rect": null,
                    "text_id": 83,
                    "uid": 86
                },
                {
                    "coord": null,
                    "is_working": true,
                    "name": "Josefstadter Strasse",
                    "rect": null,
                    "text_id": 84,
                    "uid": 87
                },
                {
                    "coord": null,
                    "is_working": true,
                    "name": "Thaliastrasse",
                    "rect": null,
                    "text_id": 85,
                    "uid": 88
                },
                {
                    "coord": null,
                    "is_working": true,
                    "name": "Burgasse Stadthalle",
                    "rect": null,
                    "text_id": 86,
                    "uid": 89
                },
                {
                    "coord": null,
                    "is_working": true,
                    "name": "West- bahnhof",
                    "rect": null,
                    "text_id": 41,
                    "uid": 90
                },
                {
                    "coord": null,
                    "is_working": true,
                    "name": "Gumpendorfer Strasse",
                    "rect": null,
                    "text_id": 87,
                    "uid": 91
                },
                {
                    "coord": [
                        231,
                        402
                    ],
                    "is_working": true,
                    "name": "Langenfeldgasse",
                    "rect": [
                        105,
                        392,
                        100,
                        20
                    ],
                    "text_id": 66,
                    "uid": 92
                },
                {
                    "coord": null,
                    "is_working": true,
                    "name": "Niederhofstrasse",
                    "rect": null,
                    "text_id": 88,
                    "uid": 93
                },
                {
                    "coord": null,
                    "is_working": true,
                    "name": "Philadelphiabrucke",
                    "rect": null,
                    "text_id": 89,
                    "uid": 94
                },
                {
                    "coord": null,
                    "is_working": true,
                    "name": "Tscherttegasse",
                    "rect": null,
                    "text_id": 90,
                    "uid": 95
                },
                {
                    "coord": null,
                    "is_working": true,
                    "name": "Am Schopfwerk",
                    "rect": null,
                    "text_id": 91,
                    "uid": 96
                },
                {
                    "coord": null,
                    "is_working": true,
                    "name": "Alterlaa",
                    "rect": null,
                    "text_id": 92,
                    "uid": 97
                },
                {
                    "coord": null,
                    "is_working": true,
                    "name": "Erlaaer Strasse",
                    "rect": null,
                    "text_id": 93,
                    "uid": 98
                },
                {
                    "coord": null,
                    "is_working": true,
                    "name": "Perfektastrasse",
                    "rect": null,
                    "text_id": 94,
                    "uid": 99
                },
                {
                    "coord": null,
                    "is_working": true,
                    "name": "Siebenhirten",
                    "rect": null,
                    "text_id": 95,
                    "uid": 100
                }
            ],
            "text_id": 96
        }
    ],
    "lines_width": 9,
    "name": "u4",
    "name_text_id": 74,
    "stations_diameter": 16.0,
    "transfers": [
        [
            14,
            35,
            [
                231,
                243
            ],
            [
                231,
                263
            ]
        ],
        [
            69,
            92,
            [
                251,
                402
            ],
            [
                231,
                402
            ]
        ],
        [
            65,
            35,
            [
                251,
                253
            ],
            [
                231,
                263
            ]
        ],
        [
            28,
            10,
            null,
            null
        ],
        [
            33,
            44,
            null,
            null
        ],
        [
            13,
            46,
            null,
            null
        ],
        [
            41,
            90,
            null,
            null
        ],
        [
            58,
            82,
            [
                251,
                79
            ],
            [
                231,
                79
            ]
        ],
        [
            61,
            30,
            [
                251,
                156
            ],
            [
                231,
                156
            ]
        ],
        [
            62,
            12,
            [
                251,
                180
            ],
            [
                231,
                180
            ]
        ],
        [
            63,
            48,
            [
                251,
                202
            ],
            [
                231,
                202
            ]
        ],
        [
            65,
            14,
            [
                251,
                253
            ],
            [
                231,
                243
            ]
        ]
    ],
    "transports": [
        "metro"
    ],
    "type_name": "Метро",
    "type_text_id": 99,
    "upper_case": true,
    "width": 401,
    "word_wrap": true
}