{
    "0": "Gdansk Srodmiescie",
    "1": "Gdansk Glowny",
    "2": "Gdansk Stocznia",
    "3": "Gdansk Politechnika",
    "4": "Gdansk Wrzeszcz",
    "5": "Gdansk Zaspa",
    "6": "Gdansk Przymorze-Politechnika",
    "7": "Gdansk Oliwa",
    "8": "Gdansk Zabianka",
    "9": "Sopot Wyscigi",
    "10": "Sopot",
    "11": "Sopot Kamienny Potok",
    "12": "Gdynia Orlowo",
    "13": "Gdynia Redlowo",
    "14": "Gdynia Wzgorze Sw. Maksymiliana",
    "15": "Gdynia Glowna Osobowa",
    "16": "Gdynia Stocznia",
    "17": "Gdynia Grabowek",
    "18": "Gdynia Leszczynki",
    "19": "Gdynia Chylonia",
    "20": "Gdynia Cisowa",
    "21": "Rumia Janowo",
    "22": "Rumia",
    "23": "Reda",
    "24": "Reda Pieleszewo",
    "25": "Wejherowo Smiechowo",
    "26": "Wejherowo Nanice",
    "27": "Wejherowo",
    "28": "Rapid Railway",
    "29": "Train",
    "30": "ROOT",
    "31": "Shema ot 30.04.2015g.\nAvtor: Varlamov Dmitrij (www.chpeks.com)",
    "32": "Imported from http://pmetro.su"
}