{
    "default_transports": [
        "metro"
    ],
    "height": 798,
    "images": [
        "res/schemes/sapporo.svg"
    ],
    "is_vector": true,
    "lines": [
        {
            "labels_bg_color": "-1",
            "labels_color": "008000",
            "line_color": "008000",
            "line_width": 7,
            "name": "Namboku",
            "segments": [
                [
                    0,
                    1,
                    [
                        [
                            342,
                            70
                        ],
                        [
                            342,
                            33
                        ]
                    ],
                    true
                ],
                [
                    1,
                    2,
                    [
                        [
                            342,
                            104
                        ],
                        [
                            342,
                            70
                        ]
                    ],
                    true
                ],
                [
                    2,
                    3,
                    [
                        [
                            342,
                            136
                        ],
                        [
                            342,
                            104
                        ]
                    ],
                    true
                ],
                [
                    3,
                    4,
                    [
                        [
                            342,
                            169
                        ],
                        [
                            342,
                            136
                        ]
                    ],
                    true
                ],
                [
                    4,
                    5,
                    [
                        [
                            342,
                            235
                        ],
                        [
                            342,
                            169
                        ]
                    ],
                    true
                ],
                [
                    5,
                    6,
                    [
                        [
                            342,
                            298
                        ],
                        [
                            342,
                            235
                        ]
                    ],
                    true
                ],
                [
                    6,
                    7,
                    [
                        [
                            342,
                            334
                        ],
                        [
                            342,
                            298
                        ]
                    ],
                    true
                ],
                [
                    7,
                    8,
                    [
                        [
                            342,
                            370
                        ],
                        [
                            342,
                            334
                        ]
                    ],
                    true
                ],
                [
                    8,
                    9,
                    [
                        [
                            361,
                            419
                        ],
                        [
                            342.0,
                            400.0
                        ],
                        [
                            342,
                            370
                        ]
                    ],
                    true
                ],
                [
                    9,
                    10,
                    [
                        [
                            382,
                            460
                        ],
                        [
                            382.0,
                            440.0
                        ],
                        [
                            361,
                            419
                        ]
                    ],
                    true
                ],
                [
                    10,
                    11,
                    [
                        [
                            382,
                            497
                        ],
                        [
                            382,
                            460
                        ]
                    ],
                    true
                ],
                [
                    11,
                    12,
                    [
                        [
                            382,
                            534
                        ],
                        [
                            382,
                            497
                        ]
                    ],
                    true
                ],
                [
                    12,
                    13,
                    [
                        [
                            382,
                            572
                        ],
                        [
                            382,
                            534
                        ]
                    ],
                    true
                ],
                [
                    13,
                    14,
                    [
                        [
                            382,
                            610
                        ],
                        [
                            382,
                            572
                        ]
                    ],
                    true
                ],
                [
                    14,
                    15,
                    [
                        [
                            382,
                            648
                        ],
                        [
                            382,
                            610
                        ]
                    ],
                    true
                ]
            ],
            "stations": [
                {
                    "coord": [
                        342,
                        33
                    ],
                    "is_working": true,
                    "name": "Asabu",
                    "rect": [
                        353,
                        25,
                        34,
                        15
                    ],
                    "text_id": 0,
                    "uid": 0
                },
                {
                    "coord": [
                        342,
                        70
                    ],
                    "is_working": true,
                    "name": "Kita-Sanjuyo-Jo",
                    "rect": [
                        353,
                        63,
                        80,
                        15
                    ],
                    "text_id": 1,
                    "uid": 1
                },
                {
                    "coord": [
                        342,
                        104
                    ],
                    "is_working": true,
                    "name": "Kita-Nijuyo-Jo",
                    "rect": [
                        352,
                        97,
                        72,
                        15
                    ],
                    "text_id": 2,
                    "uid": 2
                },
                {
                    "coord": [
                        342,
                        136
                    ],
                    "is_working": true,
                    "name": "Kita-Juhachi-Jo",
                    "rect": [
                        352,
                        128,
                        79,
                        15
                    ],
                    "text_id": 3,
                    "uid": 3
                },
                {
                    "coord": [
                        342,
                        169
                    ],
                    "is_working": true,
                    "name": "Kita-Juni-Jo",
                    "rect": [
                        352,
                        161,
                        61,
                        15
                    ],
                    "text_id": 4,
                    "uid": 4
                },
                {
                    "coord": [
                        342,
                        235
                    ],
                    "is_working": true,
                    "name": "Sapporo",
                    "rect": [
                        286,
                        227,
                        43,
                        15
                    ],
                    "text_id": 5,
                    "uid": 5
                },
                {
                    "coord": [
                        342,
                        298
                    ],
                    "is_working": true,
                    "name": "Odori",
                    "rect": [
                        307,
                        273,
                        29,
                        15
                    ],
                    "text_id": 6,
                    "uid": 6
                },
                {
                    "coord": [
                        342,
                        334
                    ],
                    "is_working": true,
                    "name": "Susukino",
                    "rect": [
                        285,
                        328,
                        48,
                        15
                    ],
                    "text_id": 7,
                    "uid": 7
                },
                {
                    "coord": [
                        342,
                        370
                    ],
                    "is_working": true,
                    "name": "Nakajima-Koen",
                    "rect": [
                        255,
                        363,
                        78,
                        15
                    ],
                    "text_id": 8,
                    "uid": 8
                },
                {
                    "coord": [
                        361,
                        419
                    ],
                    "is_working": true,
                    "name": "Horohira-Bashi",
                    "rect": [
                        275,
                        417,
                        77,
                        15
                    ],
                    "text_id": 9,
                    "uid": 9
                },
                {
                    "coord": [
                        382,
                        460
                    ],
                    "is_working": true,
                    "name": "Nakanoshima",
                    "rect": [
                        303,
                        453,
                        70,
                        15
                    ],
                    "text_id": 10,
                    "uid": 10
                },
                {
                    "coord": [
                        382,
                        497
                    ],
                    "is_working": true,
                    "name": "Hiragishi",
                    "rect": [
                        326,
                        490,
                        47,
                        15
                    ],
                    "text_id": 11,
                    "uid": 11
                },
                {
                    "coord": [
                        382,
                        534
                    ],
                    "is_working": true,
                    "name": "Minami-Hiragishi",
                    "rect": [
                        287,
                        529,
                        86,
                        15
                    ],
                    "text_id": 12,
                    "uid": 12
                },
                {
                    "coord": [
                        382,
                        572
                    ],
                    "is_working": true,
                    "name": "Sumikawa",
                    "rect": [
                        320,
                        565,
                        53,
                        15
                    ],
                    "text_id": 13,
                    "uid": 13
                },
                {
                    "coord": [
                        382,
                        610
                    ],
                    "is_working": true,
                    "name": "Jieitai-Mae",
                    "rect": [
                        317,
                        603,
                        56,
                        15
                    ],
                    "text_id": 14,
                    "uid": 14
                },
                {
                    "coord": [
                        382,
                        648
                    ],
                    "is_working": true,
                    "name": "Makomanai",
                    "rect": [
                        314,
                        640,
                        59,
                        15
                    ],
                    "text_id": 15,
                    "uid": 15
                }
            ],
            "text_id": 16
        },
        {
            "labels_bg_color": "-1",
            "labels_color": "FFA500",
            "line_color": "FFA500",
            "line_width": 7,
            "name": "Tozai",
            "segments": [
                [
                    16,
                    17,
                    [
                        [
                            56,
                            178
                        ],
                        [
                            27,
                            149
                        ]
                    ],
                    true
                ],
                [
                    17,
                    18,
                    [
                        [
                            89,
                            211
                        ],
                        [
                            56,
                            178
                        ]
                    ],
                    true
                ],
                [
                    18,
                    19,
                    [
                        [
                            122,
                            244
                        ],
                        [
                            89,
                            211
                        ]
                    ],
                    true
                ],
                [
                    19,
                    20,
                    [
                        [
                            157,
                            279
                        ],
                        [
                            122,
                            244
                        ]
                    ],
                    true
                ],
                [
                    20,
                    21,
                    [
                        [
                            198,
                            298
                        ],
                        [
                            176.0,
                            298.0
                        ],
                        [
                            157,
                            279
                        ]
                    ],
                    true
                ],
                [
                    21,
                    22,
                    [
                        [
                            232,
                            298
                        ],
                        [
                            198,
                            298
                        ]
                    ],
                    true
                ],
                [
                    22,
                    23,
                    [
                        [
                            266,
                            298
                        ],
                        [
                            232,
                            298
                        ]
                    ],
                    true
                ],
                [
                    23,
                    24,
                    [
                        [
                            324,
                            298
                        ],
                        [
                            266,
                            298
                        ]
                    ],
                    true
                ],
                [
                    24,
                    25,
                    [
                        [
                            423,
                            298
                        ],
                        [
                            324,
                            298
                        ]
                    ],
                    true
                ],
                [
                    25,
                    26,
                    [
                        [
                            459,
                            316
                        ],
                        [
                            441.0,
                            298.0
                        ],
                        [
                            423,
                            298
                        ]
                    ],
                    true
                ],
                [
                    26,
                    27,
                    [
                        [
                            506,
                            363
                        ],
                        [
                            459,
                            316
                        ]
                    ],
                    true
                ],
                [
                    27,
                    28,
                    [
                        [
                            550,
                            407
                        ],
                        [
                            506,
                            363
                        ]
                    ],
                    true
                ],
                [
                    28,
                    29,
                    [
                        [
                            600,
                            457
                        ],
                        [
                            550,
                            407
                        ]
                    ],
                    true
                ],
                [
                    29,
                    30,
                    [
                        [
                            658,
                            515
                        ],
                        [
                            600,
                            457
                        ]
                    ],
                    true
                ],
                [
                    30,
                    31,
                    [
                        [
                            709,
                            566
                        ],
                        [
                            658,
                            515
                        ]
                    ],
                    true
                ],
                [
                    31,
                    32,
                    [
                        [
                            769,
                            626
                        ],
                        [
                            709,
                            566
                        ]
                    ],
                    true
                ],
                [
                    32,
                    33,
                    [
                        [
                            817,
                            626
                        ],
                        [
                            769,
                            626
                        ]
                    ],
                    true
                ],
                [
                    33,
                    34,
                    [
                        [
                            888,
                            626
                        ],
                        [
                            817,
                            626
                        ]
                    ],
                    true
                ]
            ],
            "stations": [
                {
                    "coord": [
                        27,
                        149
                    ],
                    "is_working": true,
                    "name": "Miyanosawa",
                    "rect": [
                        37,
                        138,
                        64,
                        15
                    ],
                    "text_id": 17,
                    "uid": 16
                },
                {
                    "coord": [
                        56,
                        178
                    ],
                    "is_working": true,
                    "name": "Hassamu-Minami",
                    "rect": [
                        66,
                        167,
                        88,
                        15
                    ],
                    "text_id": 18,
                    "uid": 17
                },
                {
                    "coord": [
                        89,
                        211
                    ],
                    "is_working": true,
                    "name": "Kotoni",
                    "rect": [
                        99,
                        200,
                        34,
                        15
                    ],
                    "text_id": 19,
                    "uid": 18
                },
                {
                    "coord": [
                        122,
                        244
                    ],
                    "is_working": true,
                    "name": "Nijuyon-Ken",
                    "rect": [
                        49,
                        240,
                        63,
                        15
                    ],
                    "text_id": 20,
                    "uid": 19
                },
                {
                    "coord": [
                        157,
                        279
                    ],
                    "is_working": true,
                    "name": "Nishi-Nijuhatchome",
                    "rect": [
                        48,
                        275,
                        99,
                        15
                    ],
                    "text_id": 21,
                    "uid": 20
                },
                {
                    "coord": [
                        198,
                        298
                    ],
                    "is_working": true,
                    "name": "Maruyama-Koen",
                    "rect": [
                        190,
                        206,
                        15,
                        83
                    ],
                    "text_id": 22,
                    "uid": 21
                },
                {
                    "coord": [
                        232,
                        298
                    ],
                    "is_working": true,
                    "name": "Nishi-Juhatchome",
                    "rect": [
                        224,
                        198,
                        15,
                        91
                    ],
                    "text_id": 23,
                    "uid": 22
                },
                {
                    "coord": [
                        266,
                        298
                    ],
                    "is_working": true,
                    "name": "Nishi-Juitchome",
                    "rect": [
                        258,
                        208,
                        15,
                        82
                    ],
                    "text_id": 24,
                    "uid": 23
                },
                {
                    "coord": [
                        324,
                        298
                    ],
                    "is_working": true,
                    "name": "Odori",
                    "rect": [
                        299,
                        310,
                        29,
                        15
                    ],
                    "text_id": 6,
                    "uid": 24
                },
                {
                    "coord": [
                        423,
                        298
                    ],
                    "is_working": true,
                    "name": "Bus Center-Mae",
                    "rect": [
                        393,
                        276,
                        91,
                        15
                    ],
                    "text_id": 25,
                    "uid": 25
                },
                {
                    "coord": [
                        459,
                        316
                    ],
                    "is_working": true,
                    "name": "Kikusui",
                    "rect": [
                        469,
                        304,
                        40,
                        15
                    ],
                    "text_id": 26,
                    "uid": 26
                },
                {
                    "coord": [
                        506,
                        363
                    ],
                    "is_working": true,
                    "name": "Higashi-Sapporo",
                    "rect": [
                        516,
                        351,
                        84,
                        15
                    ],
                    "text_id": 27,
                    "uid": 27
                },
                {
                    "coord": [
                        550,
                        407
                    ],
                    "is_working": true,
                    "name": "Shiroishi",
                    "rect": [
                        560,
                        396,
                        46,
                        15
                    ],
                    "text_id": 28,
                    "uid": 28
                },
                {
                    "coord": [
                        600,
                        457
                    ],
                    "is_working": true,
                    "name": "Nango-Nana-Chome",
                    "rect": [
                        610,
                        445,
                        101,
                        15
                    ],
                    "text_id": 29,
                    "uid": 29
                },
                {
                    "coord": [
                        658,
                        515
                    ],
                    "is_working": true,
                    "name": "Nango-Jusan-Chome",
                    "rect": [
                        668,
                        503,
                        105,
                        15
                    ],
                    "text_id": 30,
                    "uid": 30
                },
                {
                    "coord": [
                        709,
                        566
                    ],
                    "is_working": true,
                    "name": "Nango-Juhatchome",
                    "rect": [
                        719,
                        555,
                        97,
                        15
                    ],
                    "text_id": 31,
                    "uid": 31
                },
                {
                    "coord": [
                        769,
                        626
                    ],
                    "is_working": true,
                    "name": "Oyachi",
                    "rect": [
                        722,
                        622,
                        37,
                        15
                    ],
                    "text_id": 32,
                    "uid": 32
                },
                {
                    "coord": [
                        817,
                        626
                    ],
                    "is_working": true,
                    "name": "Hibarigaoka",
                    "rect": [
                        789,
                        604,
                        62,
                        15
                    ],
                    "text_id": 33,
                    "uid": 33
                },
                {
                    "coord": [
                        888,
                        626
                    ],
                    "is_working": true,
                    "name": "Shin-Sapporo",
                    "rect": [
                        828,
                        635,
                        68,
                        15
                    ],
                    "text_id": 34,
                    "uid": 34
                }
            ],
            "text_id": 35
        },
        {
            "labels_bg_color": "-1",
            "labels_color": "0080FF",
            "line_color": "0080FF",
            "line_width": 7,
            "name": "Toho",
            "segments": [
                [
                    35,
                    36,
                    [
                        [
                            466,
                            70
                        ],
                        [
                            466,
                            33
                        ]
                    ],
                    true
                ],
                [
                    36,
                    37,
                    [
                        [
                            466,
                            104
                        ],
                        [
                            466,
                            70
                        ]
                    ],
                    true
                ],
                [
                    37,
                    38,
                    [
                        [
                            466,
                            136
                        ],
                        [
                            466,
                            104
                        ]
                    ],
                    true
                ],
                [
                    38,
                    39,
                    [
                        [
                            452,
                            184
                        ],
                        [
                            466.0,
                            184.0
                        ],
                        [
                            466,
                            136
                        ]
                    ],
                    true
                ],
                [
                    39,
                    40,
                    [
                        [
                            388,
                            184
                        ],
                        [
                            452,
                            184
                        ]
                    ],
                    true
                ],
                [
                    40,
                    41,
                    [
                        [
                            360,
                            235
                        ],
                        [
                            360.0,
                            184.0
                        ],
                        [
                            388,
                            184
                        ]
                    ],
                    true
                ],
                [
                    41,
                    42,
                    [
                        [
                            360,
                            298
                        ],
                        [
                            360,
                            235
                        ]
                    ],
                    true
                ],
                [
                    42,
                    43,
                    [
                        [
                            360,
                            351
                        ],
                        [
                            360,
                            298
                        ]
                    ],
                    true
                ],
                [
                    43,
                    44,
                    [
                        [
                            360,
                            393
                        ],
                        [
                            360,
                            351
                        ]
                    ],
                    true
                ],
                [
                    44,
                    45,
                    [
                        [
                            413,
                            446
                        ],
                        [
                            360,
                            393
                        ]
                    ],
                    true
                ],
                [
                    45,
                    46,
                    [
                        [
                            475,
                            508
                        ],
                        [
                            413,
                            446
                        ]
                    ],
                    true
                ],
                [
                    46,
                    47,
                    [
                        [
                            528,
                            561
                        ],
                        [
                            475,
                            508
                        ]
                    ],
                    true
                ],
                [
                    47,
                    48,
                    [
                        [
                            580,
                            613
                        ],
                        [
                            528,
                            561
                        ]
                    ],
                    true
                ]
            ],
            "stations": [
                {
                    "coord": [
                        466,
                        33
                    ],
                    "is_working": true,
                    "name": "Sakaemachi",
                    "rect": [
                        476,
                        24,
                        63,
                        15
                    ],
                    "text_id": 36,
                    "uid": 35
                },
                {
                    "coord": [
                        466,
                        70
                    ],
                    "is_working": true,
                    "name": "Shindo-Higashi",
                    "rect": [
                        478,
                        63,
                        77,
                        15
                    ],
                    "text_id": 37,
                    "uid": 36
                },
                {
                    "coord": [
                        466,
                        104
                    ],
                    "is_working": true,
                    "name": "Motomachi",
                    "rect": [
                        479,
                        95,
                        56,
                        15
                    ],
                    "text_id": 38,
                    "uid": 37
                },
                {
                    "coord": [
                        466,
                        136
                    ],
                    "is_working": true,
                    "name": "Kanjo-Dori-Higashi",
                    "rect": [
                        478,
                        126,
                        96,
                        15
                    ],
                    "text_id": 39,
                    "uid": 38
                },
                {
                    "coord": [
                        452,
                        184
                    ],
                    "is_working": true,
                    "name": "Higashi-Kuyakusho-Mae",
                    "rect": [
                        474,
                        175,
                        123,
                        15
                    ],
                    "text_id": 40,
                    "uid": 39
                },
                {
                    "coord": [
                        388,
                        184
                    ],
                    "is_working": true,
                    "name": "Kita-Jusan-Jo-Higashi",
                    "rect": [
                        378,
                        195,
                        111,
                        15
                    ],
                    "text_id": 41,
                    "uid": 40
                },
                {
                    "coord": [
                        360,
                        235
                    ],
                    "is_working": true,
                    "name": "Sapporo",
                    "rect": [
                        374,
                        227,
                        43,
                        15
                    ],
                    "text_id": 5,
                    "uid": 41
                },
                {
                    "coord": [
                        360,
                        298
                    ],
                    "is_working": true,
                    "name": "Odori",
                    "rect": [
                        368,
                        305,
                        29,
                        15
                    ],
                    "text_id": 6,
                    "uid": 42
                },
                {
                    "coord": [
                        360,
                        351
                    ],
                    "is_working": true,
                    "name": "Hosui-Susukino",
                    "rect": [
                        371,
                        344,
                        80,
                        15
                    ],
                    "text_id": 42,
                    "uid": 43
                },
                {
                    "coord": [
                        360,
                        393
                    ],
                    "is_working": true,
                    "name": "Gakuen-Mae",
                    "rect": [
                        370,
                        378,
                        64,
                        15
                    ],
                    "text_id": 43,
                    "uid": 44
                },
                {
                    "coord": [
                        413,
                        446
                    ],
                    "is_working": true,
                    "name": "Toyohira-Koen",
                    "rect": [
                        423,
                        433,
                        74,
                        15
                    ],
                    "text_id": 44,
                    "uid": 45
                },
                {
                    "coord": [
                        475,
                        508
                    ],
                    "is_working": true,
                    "name": "Misono",
                    "rect": [
                        485,
                        496,
                        38,
                        15
                    ],
                    "text_id": 45,
                    "uid": 46
                },
                {
                    "coord": [
                        528,
                        561
                    ],
                    "is_working": true,
                    "name": "Tsukisamu-Chuo",
                    "rect": [
                        538,
                        549,
                        85,
                        15
                    ],
                    "text_id": 46,
                    "uid": 47
                },
                {
                    "coord": [
                        580,
                        613
                    ],
                    "is_working": true,
                    "name": "Fukuzumi",
                    "rect": [
                        590,
                        605,
                        49,
                        15
                    ],
                    "text_id": 47,
                    "uid": 48
                }
            ],
            "text_id": 48
        }
    ],
    "lines_width": 7,
    "name": "metro",
    "name_text_id": 49,
    "stations_diameter": 13.0,
    "transfers": [
        [
            24,
            42,
            [
                324,
                298
            ],
            [
                360,
                298
            ]
        ],
        [
            42,
            6,
            [
                360,
                298
            ],
            [
                342,
                298
            ]
        ],
        [
            24,
            6,
            [
                324,
                298
            ],
            [
                342,
                298
            ]
        ],
        [
            5,
            41,
            [
                342,
                235
            ],
            [
                360,
                235
            ]
        ]
    ],
    "transports": [
        "metro"
    ],
    "type_name": "ROOT",
    "type_text_id": 50,
    "upper_case": false,
    "width": 1038,
    "word_wrap": false
}