{
    "0": "Roosevelt",
    "1": "Balintawak",
    "2": "Monumento",
    "3": "5th Avenue",
    "4": "R Papa",
    "5": "Abad Santos",
    "6": "Blumentritt",
    "7": "Tayuman",
    "8": "Bambang",
    "9": "Doroteo Jose",
    "10": "Carriedo",
    "11": "Central Terminal",
    "12": "United Nations Avenue",
    "13": "Pedro Gil",
    "14": "Quirino Avenue",
    "15": "Vito Cruz",
    "16": "Gil Puyat",
    "17": "Libertad",
    "18": "EDSA/Pasay",
    "19": "Baclaran",
    "20": "1",
    "21": "Recto",
    "22": "Legarda",
    "23": "Pureza",
    "24": "V. Mapa",
    "25": "J. Ruiz",
    "26": "Gilmore",
    "27": "Betty Go Belmonte",
    "28": "Cubao",
    "29": "Anonas",
    "30": "Katipunan",
    "31": "Santolan",
    "32": "2",
    "33": "North Avenue",
    "34": "Quezon Avenue",
    "35": "Kamuning",
    "36": "Ortigas",
    "37": "Shaw Boulevard",
    "38": "Boni",
    "39": "Guadalupe",
    "40": "Buendia",
    "41": "Ayala",
    "42": "Magellanes",
    "43": "Taft Avenue",
    "44": "3",
    "45": "Tutuban",
    "46": "Laong Laan",
    "47": "Espana",
    "48": "Santa Mesa",
    "49": "Pandacan",
    "50": "Paco",
    "51": "San Andres",
    "52": "Pasay Road",
    "53": "EDSA",
    "54": "Villamor",
    "55": "FTI",
    "56": "Bicutan",
    "57": "Sucat",
    "58": "Alabang",
    "59": "Muntinlupa",
    "60": "Tunasan",
    "61": "San Pedro",
    "62": "Pacita MG",
    "63": "Golden City I",
    "64": "Binan",
    "65": "4",
    "66": "Metro",
    "67": "ROOT",
    "68": "Shema ot 14.02.2011g.\nAvtor: Varlamov Dmitrij (www.chpeks.com)",
    "69": "Imported from http://pmetro.su"
}