{
    "default_transports": [
        "metro"
    ],
    "height": 550,
    "images": [
        "res/schemes/toronto.svg"
    ],
    "is_vector": true,
    "lines": [
        {
            "labels_bg_color": "-1",
            "labels_color": "FBBB24",
            "line_color": "FBBB24",
            "line_width": 9,
            "name": "Yonge-University-Spadina",
            "segments": [
                [
                    0,
                    1,
                    [
                        [
                            920,
                            39
                        ],
                        [
                            920,
                            21
                        ]
                    ],
                    true
                ],
                [
                    1,
                    2,
                    [
                        [
                            920,
                            64
                        ],
                        [
                            920,
                            39
                        ]
                    ],
                    true
                ],
                [
                    2,
                    3,
                    [
                        [
                            920,
                            90
                        ],
                        [
                            920,
                            64
                        ]
                    ],
                    true
                ],
                [
                    3,
                    4,
                    [
                        [
                            920,
                            117
                        ],
                        [
                            920,
                            90
                        ]
                    ],
                    true
                ],
                [
                    4,
                    5,
                    [
                        [
                            920,
                            147
                        ],
                        [
                            920,
                            117
                        ]
                    ],
                    true
                ],
                [
                    5,
                    6,
                    [
                        [
                            920,
                            167
                        ],
                        [
                            920,
                            147
                        ]
                    ],
                    true
                ],
                [
                    6,
                    7,
                    [
                        [
                            920,
                            186
                        ],
                        [
                            920,
                            167
                        ]
                    ],
                    true
                ],
                [
                    7,
                    8,
                    [
                        [
                            920,
                            203
                        ],
                        [
                            920,
                            186
                        ]
                    ],
                    true
                ],
                [
                    8,
                    9,
                    [
                        [
                            920,
                            222
                        ],
                        [
                            920,
                            203
                        ]
                    ],
                    true
                ],
                [
                    9,
                    10,
                    [
                        [
                            920,
                            241
                        ],
                        [
                            920,
                            222
                        ]
                    ],
                    true
                ],
                [
                    10,
                    11,
                    [
                        [
                            920,
                            291
                        ],
                        [
                            920,
                            241
                        ]
                    ],
                    true
                ],
                [
                    11,
                    12,
                    [
                        [
                            920,
                            316
                        ],
                        [
                            920,
                            291
                        ]
                    ],
                    true
                ],
                [
                    12,
                    13,
                    [
                        [
                            920,
                            341
                        ],
                        [
                            920,
                            316
                        ]
                    ],
                    true
                ],
                [
                    13,
                    14,
                    [
                        [
                            920,
                            365
                        ],
                        [
                            920,
                            341
                        ]
                    ],
                    true
                ],
                [
                    14,
                    15,
                    [
                        [
                            920,
                            387
                        ],
                        [
                            920,
                            365
                        ]
                    ],
                    true
                ],
                [
                    15,
                    16,
                    [
                        [
                            869,
                            400
                        ],
                        [
                            898.0,
                            400.0
                        ],
                        [
                            920,
                            387
                        ]
                    ],
                    true
                ],
                [
                    16,
                    17,
                    [
                        [
                            818,
                            387
                        ],
                        [
                            841.0,
                            400.0
                        ],
                        [
                            869,
                            400
                        ]
                    ],
                    true
                ],
                [
                    17,
                    18,
                    [
                        [
                            818,
                            365
                        ],
                        [
                            818,
                            387
                        ]
                    ],
                    true
                ],
                [
                    18,
                    19,
                    [
                        [
                            818,
                            341
                        ],
                        [
                            818,
                            365
                        ]
                    ],
                    true
                ],
                [
                    19,
                    20,
                    [
                        [
                            818,
                            316
                        ],
                        [
                            818,
                            341
                        ]
                    ],
                    true
                ],
                [
                    20,
                    21,
                    [
                        [
                            818,
                            291
                        ],
                        [
                            818,
                            316
                        ]
                    ],
                    true
                ],
                [
                    21,
                    22,
                    [
                        [
                            818,
                            241
                        ],
                        [
                            818,
                            291
                        ]
                    ],
                    true
                ],
                [
                    22,
                    23,
                    [
                        [
                            784,
                            241
                        ],
                        [
                            818,
                            241
                        ]
                    ],
                    true
                ],
                [
                    23,
                    24,
                    [
                        [
                            784,
                            220
                        ],
                        [
                            784,
                            241
                        ]
                    ],
                    true
                ],
                [
                    24,
                    25,
                    [
                        [
                            757,
                            188
                        ],
                        [
                            784,
                            220
                        ]
                    ],
                    true
                ],
                [
                    25,
                    26,
                    [
                        [
                            726,
                            153
                        ],
                        [
                            757,
                            188
                        ]
                    ],
                    true
                ],
                [
                    26,
                    27,
                    [
                        [
                            726,
                            135
                        ],
                        [
                            726,
                            153
                        ]
                    ],
                    true
                ],
                [
                    27,
                    28,
                    [
                        [
                            726,
                            118
                        ],
                        [
                            726,
                            135
                        ]
                    ],
                    true
                ],
                [
                    28,
                    29,
                    [
                        [
                            726,
                            99
                        ],
                        [
                            726,
                            118
                        ]
                    ],
                    true
                ],
                [
                    29,
                    30,
                    [
                        [
                            726,
                            82
                        ],
                        [
                            726,
                            99
                        ]
                    ],
                    true
                ],
                [
                    30,
                    31,
                    [
                        [
                            726,
                            64
                        ],
                        [
                            726,
                            82
                        ]
                    ],
                    true
                ]
            ],
            "stations": [
                {
                    "coord": [
                        920,
                        21
                    ],
                    "is_working": true,
                    "name": "Finch",
                    "rect": [
                        870,
                        14,
                        35,
                        15
                    ],
                    "text_id": 0,
                    "uid": 0
                },
                {
                    "coord": [
                        920,
                        39
                    ],
                    "is_working": true,
                    "name": "North York Centre",
                    "rect": [
                        935,
                        22,
                        80,
                        28
                    ],
                    "text_id": 1,
                    "uid": 1
                },
                {
                    "coord": [
                        920,
                        64
                    ],
                    "is_working": true,
                    "name": "Sheppard-Yonge",
                    "rect": [
                        805,
                        59,
                        103,
                        15
                    ],
                    "text_id": 2,
                    "uid": 2
                },
                {
                    "coord": [
                        920,
                        90
                    ],
                    "is_working": true,
                    "name": "York Mills",
                    "rect": [
                        933,
                        78,
                        35,
                        28
                    ],
                    "text_id": 3,
                    "uid": 3
                },
                {
                    "coord": [
                        920,
                        117
                    ],
                    "is_working": true,
                    "name": "Lawrence",
                    "rect": [
                        845,
                        112,
                        64,
                        15
                    ],
                    "text_id": 4,
                    "uid": 4
                },
                {
                    "coord": [
                        920,
                        147
                    ],
                    "is_working": true,
                    "name": "Eglinton",
                    "rect": [
                        932,
                        140,
                        56,
                        15
                    ],
                    "text_id": 5,
                    "uid": 5
                },
                {
                    "coord": [
                        920,
                        167
                    ],
                    "is_working": true,
                    "name": "Davisville",
                    "rect": [
                        844,
                        160,
                        64,
                        15
                    ],
                    "text_id": 6,
                    "uid": 6
                },
                {
                    "coord": [
                        920,
                        186
                    ],
                    "is_working": true,
                    "name": "St.Clair",
                    "rect": [
                        933,
                        177,
                        51,
                        15
                    ],
                    "text_id": 7,
                    "uid": 7
                },
                {
                    "coord": [
                        920,
                        203
                    ],
                    "is_working": true,
                    "name": "Summerhill",
                    "rect": [
                        836,
                        199,
                        73,
                        15
                    ],
                    "text_id": 8,
                    "uid": 8
                },
                {
                    "coord": [
                        920,
                        222
                    ],
                    "is_working": true,
                    "name": "Rosedale",
                    "rect": [
                        934,
                        215,
                        61,
                        15
                    ],
                    "text_id": 9,
                    "uid": 9
                },
                {
                    "coord": [
                        920,
                        241
                    ],
                    "is_working": true,
                    "name": "Bloor-Yonge",
                    "rect": [
                        834,
                        269,
                        81,
                        15
                    ],
                    "text_id": 10,
                    "uid": 10
                },
                {
                    "coord": [
                        920,
                        291
                    ],
                    "is_working": true,
                    "name": "Wellesley",
                    "rect": [
                        931,
                        287,
                        65,
                        15
                    ],
                    "text_id": 11,
                    "uid": 11
                },
                {
                    "coord": [
                        920,
                        316
                    ],
                    "is_working": true,
                    "name": "College",
                    "rect": [
                        933,
                        311,
                        52,
                        15
                    ],
                    "text_id": 12,
                    "uid": 12
                },
                {
                    "coord": [
                        920,
                        341
                    ],
                    "is_working": true,
                    "name": "Dundas",
                    "rect": [
                        934,
                        336,
                        49,
                        15
                    ],
                    "text_id": 13,
                    "uid": 13
                },
                {
                    "coord": [
                        920,
                        365
                    ],
                    "is_working": true,
                    "name": "Queen",
                    "rect": [
                        933,
                        361,
                        40,
                        15
                    ],
                    "text_id": 14,
                    "uid": 14
                },
                {
                    "coord": [
                        920,
                        387
                    ],
                    "is_working": true,
                    "name": "King",
                    "rect": [
                        933,
                        383,
                        29,
                        15
                    ],
                    "text_id": 15,
                    "uid": 15
                },
                {
                    "coord": [
                        869,
                        400
                    ],
                    "is_working": true,
                    "name": "Union",
                    "rect": [
                        853,
                        409,
                        37,
                        15
                    ],
                    "text_id": 16,
                    "uid": 16
                },
                {
                    "coord": [
                        818,
                        387
                    ],
                    "is_working": true,
                    "name": "St.Andrew",
                    "rect": [
                        738,
                        385,
                        67,
                        15
                    ],
                    "text_id": 17,
                    "uid": 17
                },
                {
                    "coord": [
                        818,
                        365
                    ],
                    "is_working": true,
                    "name": "Osgoode",
                    "rect": [
                        751,
                        360,
                        56,
                        15
                    ],
                    "text_id": 18,
                    "uid": 18
                },
                {
                    "coord": [
                        818,
                        341
                    ],
                    "is_working": true,
                    "name": "St.Patrick",
                    "rect": [
                        740,
                        338,
                        66,
                        15
                    ],
                    "text_id": 19,
                    "uid": 19
                },
                {
                    "coord": [
                        818,
                        316
                    ],
                    "is_working": true,
                    "name": "Queens Park",
                    "rect": [
                        757,
                        307,
                        49,
                        28
                    ],
                    "text_id": 20,
                    "uid": 20
                },
                {
                    "coord": [
                        818,
                        291
                    ],
                    "is_working": true,
                    "name": "Museum",
                    "rect": [
                        756,
                        287,
                        50,
                        15
                    ],
                    "text_id": 21,
                    "uid": 21
                },
                {
                    "coord": [
                        818,
                        241
                    ],
                    "is_working": true,
                    "name": "St.George",
                    "rect": [
                        804,
                        215,
                        64,
                        15
                    ],
                    "text_id": 22,
                    "uid": 22
                },
                {
                    "coord": [
                        784,
                        241
                    ],
                    "is_working": true,
                    "name": "Spadina",
                    "rect": [
                        751,
                        270,
                        51,
                        15
                    ],
                    "text_id": 23,
                    "uid": 23
                },
                {
                    "coord": [
                        784,
                        220
                    ],
                    "is_working": true,
                    "name": "Dupont",
                    "rect": [
                        725,
                        215,
                        47,
                        15
                    ],
                    "text_id": 24,
                    "uid": 24
                },
                {
                    "coord": [
                        757,
                        188
                    ],
                    "is_working": true,
                    "name": "St.Clair West",
                    "rect": [
                        692,
                        183,
                        53,
                        28
                    ],
                    "text_id": 25,
                    "uid": 25
                },
                {
                    "coord": [
                        726,
                        153
                    ],
                    "is_working": true,
                    "name": "Eglinton West",
                    "rect": [
                        655,
                        145,
                        58,
                        28
                    ],
                    "text_id": 26,
                    "uid": 26
                },
                {
                    "coord": [
                        726,
                        135
                    ],
                    "is_working": true,
                    "name": "Glencairn",
                    "rect": [
                        739,
                        128,
                        66,
                        15
                    ],
                    "text_id": 27,
                    "uid": 27
                },
                {
                    "coord": [
                        726,
                        118
                    ],
                    "is_working": true,
                    "name": "Lawrence West",
                    "rect": [
                        649,
                        104,
                        66,
                        28
                    ],
                    "text_id": 28,
                    "uid": 28
                },
                {
                    "coord": [
                        726,
                        99
                    ],
                    "is_working": true,
                    "name": "Yorkdale",
                    "rect": [
                        739,
                        92,
                        62,
                        15
                    ],
                    "text_id": 29,
                    "uid": 29
                },
                {
                    "coord": [
                        726,
                        82
                    ],
                    "is_working": true,
                    "name": "Wilson",
                    "rect": [
                        670,
                        74,
                        44,
                        15
                    ],
                    "text_id": 30,
                    "uid": 30
                },
                {
                    "coord": [
                        726,
                        64
                    ],
                    "is_working": true,
                    "name": "Downsview",
                    "rect": [
                        694,
                        39,
                        70,
                        15
                    ],
                    "text_id": 31,
                    "uid": 31
                }
            ],
            "text_id": 32
        },
        {
            "labels_bg_color": "-1",
            "labels_color": "34B454",
            "line_color": "34B454",
            "line_width": 9,
            "name": "Bloor-Danforth",
            "segments": [
                [
                    32,
                    33,
                    [
                        [
                            1511,
                            218
                        ],
                        [
                            1532,
                            197
                        ]
                    ],
                    true
                ],
                [
                    33,
                    34,
                    [
                        [
                            1485,
                            244
                        ],
                        [
                            1511,
                            218
                        ]
                    ],
                    true
                ],
                [
                    34,
                    35,
                    [
                        [
                            1452,
                            258
                        ],
                        [
                            1471.0,
                            258.0
                        ],
                        [
                            1485,
                            244
                        ]
                    ],
                    true
                ],
                [
                    35,
                    36,
                    [
                        [
                            1399,
                            258
                        ],
                        [
                            1452,
                            258
                        ]
                    ],
                    true
                ],
                [
                    36,
                    37,
                    [
                        [
                            1346,
                            258
                        ],
                        [
                            1399,
                            258
                        ]
                    ],
                    true
                ],
                [
                    37,
                    38,
                    [
                        [
                            1293,
                            258
                        ],
                        [
                            1346,
                            258
                        ]
                    ],
                    true
                ],
                [
                    38,
                    39,
                    [
                        [
                            1240,
                            258
                        ],
                        [
                            1293,
                            258
                        ]
                    ],
                    true
                ],
                [
                    39,
                    40,
                    [
                        [
                            1186,
                            258
                        ],
                        [
                            1240,
                            258
                        ]
                    ],
                    true
                ],
                [
                    40,
                    41,
                    [
                        [
                            1134,
                            258
                        ],
                        [
                            1186,
                            258
                        ]
                    ],
                    true
                ],
                [
                    41,
                    42,
                    [
                        [
                            1081,
                            258
                        ],
                        [
                            1134,
                            258
                        ]
                    ],
                    true
                ],
                [
                    42,
                    43,
                    [
                        [
                            1028,
                            258
                        ],
                        [
                            1081,
                            258
                        ]
                    ],
                    true
                ],
                [
                    43,
                    44,
                    [
                        [
                            974,
                            258
                        ],
                        [
                            1028,
                            258
                        ]
                    ],
                    true
                ],
                [
                    44,
                    45,
                    [
                        [
                            920,
                            258
                        ],
                        [
                            974,
                            258
                        ]
                    ],
                    true
                ],
                [
                    45,
                    46,
                    [
                        [
                            869,
                            258
                        ],
                        [
                            920,
                            258
                        ]
                    ],
                    true
                ],
                [
                    46,
                    47,
                    [
                        [
                            818,
                            258
                        ],
                        [
                            869,
                            258
                        ]
                    ],
                    true
                ],
                [
                    47,
                    48,
                    [
                        [
                            784,
                            258
                        ],
                        [
                            818,
                            258
                        ]
                    ],
                    true
                ],
                [
                    48,
                    49,
                    [
                        [
                            731,
                            258
                        ],
                        [
                            784,
                            258
                        ]
                    ],
                    true
                ],
                [
                    49,
                    50,
                    [
                        [
                            678,
                            258
                        ],
                        [
                            731,
                            258
                        ]
                    ],
                    true
                ],
                [
                    50,
                    51,
                    [
                        [
                            625,
                            258
                        ],
                        [
                            678,
                            258
                        ]
                    ],
                    true
                ],
                [
                    51,
                    52,
                    [
                        [
                            571,
                            258
                        ],
                        [
                            625,
                            258
                        ]
                    ],
                    true
                ],
                [
                    52,
                    53,
                    [
                        [
                            518,
                            258
                        ],
                        [
                            571,
                            258
                        ]
                    ],
                    true
                ],
                [
                    53,
                    54,
                    [
                        [
                            465,
                            258
                        ],
                        [
                            518,
                            258
                        ]
                    ],
                    true
                ],
                [
                    54,
                    55,
                    [
                        [
                            412,
                            258
                        ],
                        [
                            465,
                            258
                        ]
                    ],
                    true
                ],
                [
                    55,
                    56,
                    [
                        [
                            358,
                            258
                        ],
                        [
                            412,
                            258
                        ]
                    ],
                    true
                ],
                [
                    56,
                    57,
                    [
                        [
                            305,
                            258
                        ],
                        [
                            358,
                            258
                        ]
                    ],
                    true
                ],
                [
                    57,
                    58,
                    [
                        [
                            252,
                            258
                        ],
                        [
                            305,
                            258
                        ]
                    ],
                    true
                ],
                [
                    58,
                    59,
                    [
                        [
                            199,
                            258
                        ],
                        [
                            252,
                            258
                        ]
                    ],
                    true
                ],
                [
                    59,
                    60,
                    [
                        [
                            146,
                            258
                        ],
                        [
                            199,
                            258
                        ]
                    ],
                    true
                ],
                [
                    60,
                    61,
                    [
                        [
                            97,
                            258
                        ],
                        [
                            146,
                            258
                        ]
                    ],
                    true
                ],
                [
                    61,
                    62,
                    [
                        [
                            35,
                            270
                        ],
                        [
                            67.0,
                            258.0
                        ],
                        [
                            97,
                            258
                        ]
                    ],
                    true
                ]
            ],
            "stations": [
                {
                    "coord": [
                        1532,
                        197
                    ],
                    "is_working": true,
                    "name": "Kennedy",
                    "rect": [
                        1551,
                        183,
                        55,
                        15
                    ],
                    "text_id": 33,
                    "uid": 32
                },
                {
                    "coord": [
                        1511,
                        218
                    ],
                    "is_working": true,
                    "name": "Warden",
                    "rect": [
                        1455,
                        194,
                        51,
                        15
                    ],
                    "text_id": 34,
                    "uid": 33
                },
                {
                    "coord": [
                        1485,
                        244
                    ],
                    "is_working": true,
                    "name": "Victoria Park",
                    "rect": [
                        1495,
                        250,
                        55,
                        28
                    ],
                    "text_id": 35,
                    "uid": 34
                },
                {
                    "coord": [
                        1452,
                        258
                    ],
                    "is_working": true,
                    "name": "Main Street",
                    "rect": [
                        1428,
                        270,
                        43,
                        28
                    ],
                    "text_id": 36,
                    "uid": 35
                },
                {
                    "coord": [
                        1399,
                        258
                    ],
                    "is_working": true,
                    "name": "Woodbine",
                    "rect": [
                        1372,
                        230,
                        62,
                        15
                    ],
                    "text_id": 37,
                    "uid": 36
                },
                {
                    "coord": [
                        1346,
                        258
                    ],
                    "is_working": true,
                    "name": "Coxwell",
                    "rect": [
                        1324,
                        269,
                        54,
                        15
                    ],
                    "text_id": 38,
                    "uid": 37
                },
                {
                    "coord": [
                        1293,
                        258
                    ],
                    "is_working": true,
                    "name": "Greenwood",
                    "rect": [
                        1264,
                        234,
                        74,
                        15
                    ],
                    "text_id": 39,
                    "uid": 38
                },
                {
                    "coord": [
                        1240,
                        258
                    ],
                    "is_working": true,
                    "name": "Donlands",
                    "rect": [
                        1219,
                        269,
                        63,
                        15
                    ],
                    "text_id": 40,
                    "uid": 39
                },
                {
                    "coord": [
                        1186,
                        258
                    ],
                    "is_working": true,
                    "name": "Pape",
                    "rect": [
                        1177,
                        233,
                        31,
                        15
                    ],
                    "text_id": 41,
                    "uid": 40
                },
                {
                    "coord": [
                        1134,
                        258
                    ],
                    "is_working": true,
                    "name": "Chester",
                    "rect": [
                        1112,
                        269,
                        53,
                        15
                    ],
                    "text_id": 42,
                    "uid": 41
                },
                {
                    "coord": [
                        1081,
                        258
                    ],
                    "is_working": true,
                    "name": "Broadview",
                    "rect": [
                        1056,
                        233,
                        69,
                        15
                    ],
                    "text_id": 43,
                    "uid": 42
                },
                {
                    "coord": [
                        1028,
                        258
                    ],
                    "is_working": true,
                    "name": "Castle Frank",
                    "rect": [
                        1012,
                        270,
                        46,
                        28
                    ],
                    "text_id": 44,
                    "uid": 43
                },
                {
                    "coord": [
                        974,
                        258
                    ],
                    "is_working": true,
                    "name": "Sherbourne",
                    "rect": [
                        946,
                        232,
                        79,
                        15
                    ],
                    "text_id": 45,
                    "uid": 44
                },
                {
                    "coord": [
                        920,
                        258
                    ],
                    "is_working": true,
                    "name": "Bloor-Yonge",
                    "rect": [
                        834,
                        269,
                        81,
                        15
                    ],
                    "text_id": 10,
                    "uid": 45
                },
                {
                    "coord": [
                        869,
                        258
                    ],
                    "is_working": true,
                    "name": "Bay",
                    "rect": [
                        864,
                        234,
                        25,
                        15
                    ],
                    "text_id": 46,
                    "uid": 46
                },
                {
                    "coord": [
                        818,
                        258
                    ],
                    "is_working": true,
                    "name": "St.George",
                    "rect": [
                        804,
                        215,
                        64,
                        15
                    ],
                    "text_id": 22,
                    "uid": 47
                },
                {
                    "coord": [
                        784,
                        258
                    ],
                    "is_working": true,
                    "name": "Spadina",
                    "rect": [
                        751,
                        270,
                        51,
                        15
                    ],
                    "text_id": 23,
                    "uid": 48
                },
                {
                    "coord": [
                        731,
                        258
                    ],
                    "is_working": true,
                    "name": "Bathurst",
                    "rect": [
                        698,
                        231,
                        61,
                        15
                    ],
                    "text_id": 47,
                    "uid": 49
                },
                {
                    "coord": [
                        678,
                        258
                    ],
                    "is_working": true,
                    "name": "Christie",
                    "rect": [
                        658,
                        268,
                        52,
                        15
                    ],
                    "text_id": 48,
                    "uid": 50
                },
                {
                    "coord": [
                        625,
                        258
                    ],
                    "is_working": true,
                    "name": "Ossington",
                    "rect": [
                        602,
                        232,
                        65,
                        15
                    ],
                    "text_id": 49,
                    "uid": 51
                },
                {
                    "coord": [
                        571,
                        258
                    ],
                    "is_working": true,
                    "name": "Dufferin",
                    "rect": [
                        548,
                        272,
                        56,
                        15
                    ],
                    "text_id": 50,
                    "uid": 52
                },
                {
                    "coord": [
                        518,
                        258
                    ],
                    "is_working": true,
                    "name": "Lansdowne",
                    "rect": [
                        477,
                        232,
                        72,
                        15
                    ],
                    "text_id": 51,
                    "uid": 53
                },
                {
                    "coord": [
                        465,
                        258
                    ],
                    "is_working": true,
                    "name": "Dundas West",
                    "rect": [
                        441,
                        271,
                        51,
                        28
                    ],
                    "text_id": 52,
                    "uid": 54
                },
                {
                    "coord": [
                        412,
                        258
                    ],
                    "is_working": true,
                    "name": "Keele",
                    "rect": [
                        391,
                        232,
                        37,
                        15
                    ],
                    "text_id": 53,
                    "uid": 55
                },
                {
                    "coord": [
                        358,
                        258
                    ],
                    "is_working": true,
                    "name": "High Park",
                    "rect": [
                        345,
                        269,
                        33,
                        28
                    ],
                    "text_id": 54,
                    "uid": 56
                },
                {
                    "coord": [
                        305,
                        258
                    ],
                    "is_working": true,
                    "name": "Runnymede",
                    "rect": [
                        271,
                        232,
                        72,
                        15
                    ],
                    "text_id": 55,
                    "uid": 57
                },
                {
                    "coord": [
                        252,
                        258
                    ],
                    "is_working": true,
                    "name": "Jane",
                    "rect": [
                        238,
                        271,
                        31,
                        15
                    ],
                    "text_id": 56,
                    "uid": 58
                },
                {
                    "coord": [
                        199,
                        258
                    ],
                    "is_working": true,
                    "name": "Old Mill",
                    "rect": [
                        185,
                        218,
                        30,
                        28
                    ],
                    "text_id": 57,
                    "uid": 59
                },
                {
                    "coord": [
                        146,
                        258
                    ],
                    "is_working": true,
                    "name": "Royal York",
                    "rect": [
                        132,
                        271,
                        41,
                        28
                    ],
                    "text_id": 58,
                    "uid": 60
                },
                {
                    "coord": [
                        97,
                        258
                    ],
                    "is_working": true,
                    "name": "Islington",
                    "rect": [
                        80,
                        233,
                        59,
                        15
                    ],
                    "text_id": 59,
                    "uid": 61
                },
                {
                    "coord": [
                        35,
                        270
                    ],
                    "is_working": true,
                    "name": "Kipling",
                    "rect": [
                        25,
                        281,
                        45,
                        15
                    ],
                    "text_id": 60,
                    "uid": 62
                }
            ],
            "text_id": 61
        },
        {
            "labels_bg_color": "-1",
            "labels_color": "05AAE9",
            "line_color": "05AAE9",
            "line_width": 9,
            "name": "Scarborough RT",
            "segments": [
                [
                    63,
                    64,
                    [
                        [
                            1620,
                            91
                        ],
                        [
                            1667,
                            91
                        ]
                    ],
                    true
                ],
                [
                    64,
                    65,
                    [
                        [
                            1578,
                            91
                        ],
                        [
                            1620,
                            91
                        ]
                    ],
                    true
                ],
                [
                    65,
                    66,
                    [
                        [
                            1532,
                            91
                        ],
                        [
                            1578,
                            91
                        ]
                    ],
                    true
                ],
                [
                    66,
                    67,
                    [
                        [
                            1532,
                            122
                        ],
                        [
                            1532,
                            91
                        ]
                    ],
                    true
                ],
                [
                    67,
                    68,
                    [
                        [
                            1532,
                            178
                        ],
                        [
                            1532,
                            122
                        ]
                    ],
                    true
                ]
            ],
            "stations": [
                {
                    "coord": [
                        1667,
                        91
                    ],
                    "is_working": true,
                    "name": "McCowan",
                    "rect": [
                        1635,
                        63,
                        61,
                        15
                    ],
                    "text_id": 62,
                    "uid": 63
                },
                {
                    "coord": [
                        1620,
                        91
                    ],
                    "is_working": true,
                    "name": "Scarborough Centre",
                    "rect": [
                        1574,
                        106,
                        91,
                        28
                    ],
                    "text_id": 63,
                    "uid": 64
                },
                {
                    "coord": [
                        1578,
                        91
                    ],
                    "is_working": true,
                    "name": "Midland",
                    "rect": [
                        1550,
                        67,
                        52,
                        15
                    ],
                    "text_id": 64,
                    "uid": 65
                },
                {
                    "coord": [
                        1532,
                        91
                    ],
                    "is_working": true,
                    "name": "Ellesmere",
                    "rect": [
                        1458,
                        69,
                        66,
                        15
                    ],
                    "text_id": 65,
                    "uid": 66
                },
                {
                    "coord": [
                        1532,
                        122
                    ],
                    "is_working": true,
                    "name": "Lawrence East",
                    "rect": [
                        1455,
                        112,
                        66,
                        28
                    ],
                    "text_id": 66,
                    "uid": 67
                },
                {
                    "coord": [
                        1532,
                        178
                    ],
                    "is_working": true,
                    "name": "Kennedy",
                    "rect": [
                        1551,
                        183,
                        55,
                        15
                    ],
                    "text_id": 33,
                    "uid": 68
                }
            ],
            "text_id": 67
        },
        {
            "labels_bg_color": "-1",
            "labels_color": "9C3C94",
            "line_color": "9C3C94",
            "line_width": 9,
            "name": "Sheppard",
            "segments": [
                [
                    69,
                    70,
                    [
                        [
                            1242,
                            64
                        ],
                        [
                            1349,
                            64
                        ]
                    ],
                    true
                ],
                [
                    70,
                    71,
                    [
                        [
                            1140,
                            64
                        ],
                        [
                            1242,
                            64
                        ]
                    ],
                    true
                ],
                [
                    71,
                    72,
                    [
                        [
                            1035,
                            64
                        ],
                        [
                            1140,
                            64
                        ]
                    ],
                    true
                ],
                [
                    72,
                    73,
                    [
                        [
                            938,
                            64
                        ],
                        [
                            1035,
                            64
                        ]
                    ],
                    true
                ]
            ],
            "stations": [
                {
                    "coord": [
                        1349,
                        64
                    ],
                    "is_working": true,
                    "name": "Don Mills",
                    "rect": [
                        1332,
                        23,
                        33,
                        28
                    ],
                    "text_id": 68,
                    "uid": 69
                },
                {
                    "coord": [
                        1242,
                        64
                    ],
                    "is_working": true,
                    "name": "Leslie",
                    "rect": [
                        1228,
                        77,
                        38,
                        15
                    ],
                    "text_id": 69,
                    "uid": 70
                },
                {
                    "coord": [
                        1140,
                        64
                    ],
                    "is_working": true,
                    "name": "Bessarion",
                    "rect": [
                        1119,
                        36,
                        66,
                        15
                    ],
                    "text_id": 70,
                    "uid": 71
                },
                {
                    "coord": [
                        1035,
                        64
                    ],
                    "is_working": true,
                    "name": "Bayview",
                    "rect": [
                        1018,
                        74,
                        52,
                        15
                    ],
                    "text_id": 71,
                    "uid": 72
                },
                {
                    "coord": [
                        938,
                        64
                    ],
                    "is_working": true,
                    "name": "Sheppard-Yonge",
                    "rect": [
                        805,
                        59,
                        103,
                        15
                    ],
                    "text_id": 2,
                    "uid": 73
                }
            ],
            "text_id": 72
        }
    ],
    "lines_width": 9,
    "name": "metro",
    "name_text_id": 73,
    "stations_diameter": 19.0,
    "transfers": [
        [
            2,
            73,
            [
                920,
                64
            ],
            [
                938,
                64
            ]
        ],
        [
            10,
            45,
            [
                920,
                241
            ],
            [
                920,
                258
            ]
        ],
        [
            22,
            47,
            [
                818,
                241
            ],
            [
                818,
                258
            ]
        ],
        [
            23,
            48,
            [
                784,
                241
            ],
            [
                784,
                258
            ]
        ],
        [
            32,
            68,
            [
                1532,
                197
            ],
            [
                1532,
                178
            ]
        ]
    ],
    "transports": [
        "metro"
    ],
    "type_name": "ROOT",
    "type_text_id": 74,
    "upper_case": true,
    "width": 1817,
    "word_wrap": true
}