{
    "default_transports": [
        "metro"
    ],
    "height": 370,
    "images": [
        "res/schemes/sheppard.svg"
    ],
    "is_vector": true,
    "lines": [
        {
            "labels_bg_color": "-1",
            "labels_color": "000000",
            "line_color": "FBBB24",
            "line_width": 9,
            "name": "Yonge-University-Spadina",
            "segments": [],
            "stations": [
                {
                    "coord": null,
                    "is_working": true,
                    "name": "Finch",
                    "rect": null,
                    "text_id": 0,
                    "uid": 0
                },
                {
                    "coord": null,
                    "is_working": true,
                    "name": "North York Centre",
                    "rect": null,
                    "text_id": 1,
                    "uid": 1
                },
                {
                    "coord": [
                        181,
                        220
                    ],
                    "is_working": true,
                    "name": "Sheppard-Yonge",
                    "rect": [
                        60,
                        210,
                        100,
                        20
                    ],
                    "text_id": 2,
                    "uid": 2
                },
                {
                    "coord": null,
                    "is_working": true,
                    "name": "York Mills",
                    "rect": null,
                    "text_id": 3,
                    "uid": 3
                },
                {
                    "coord": null,
                    "is_working": true,
                    "name": "Lawrence",
                    "rect": null,
                    "text_id": 4,
                    "uid": 4
                },
                {
                    "coord": null,
                    "is_working": true,
                    "name": "Eglinton",
                    "rect": null,
                    "text_id": 5,
                    "uid": 5
                },
                {
                    "coord": null,
                    "is_working": true,
                    "name": "Davisville",
                    "rect": null,
                    "text_id": 6,
                    "uid": 6
                },
                {
                    "coord": null,
                    "is_working": true,
                    "name": "St.Clair",
                    "rect": null,
                    "text_id": 7,
                    "uid": 7
                },
                {
                    "coord": null,
                    "is_working": true,
                    "name": "Summerhill",
                    "rect": null,
                    "text_id": 8,
                    "uid": 8
                },
                {
                    "coord": null,
                    "is_working": true,
                    "name": "Rosedale",
                    "rect": null,
                    "text_id": 9,
                    "uid": 9
                },
                {
                    "coord": null,
                    "is_working": true,
                    "name": "Bloor-Yonge",
                    "rect": null,
                    "text_id": 10,
                    "uid": 10
                },
                {
                    "coord": null,
                    "is_working": true,
                    "name": "Wellesley",
                    "rect": null,
                    "text_id": 11,
                    "uid": 11
                },
                {
                    "coord": null,
                    "is_working": true,
                    "name": "College",
                    "rect": null,
                    "text_id": 12,
                    "uid": 12
                },
                {
                    "coord": null,
                    "is_working": true,
                    "name": "Dundas",
                    "rect": null,
                    "text_id": 13,
                    "uid": 13
                },
                {
                    "coord": null,
                    "is_working": true,
                    "name": "Queen",
                    "rect": null,
                    "text_id": 14,
                    "uid": 14
                },
                {
                    "coord": null,
                    "is_working": true,
                    "name": "King",
                    "rect": null,
                    "text_id": 15,
                    "uid": 15
                },
                {
                    "coord": null,
                    "is_working": true,
                    "name": "Union",
                    "rect": null,
                    "text_id": 16,
                    "uid": 16
                },
                {
                    "coord": null,
                    "is_working": true,
                    "name": "St.Andrew",
                    "rect": null,
                    "text_id": 17,
                    "uid": 17
                },
                {
                    "coord": null,
                    "is_working": true,
                    "name": "Osgoode",
                    "rect": null,
                    "text_id": 18,
                    "uid": 18
                },
                {
                    "coord": null,
                    "is_working": true,
                    "name": "St.Patrick",
                    "rect": null,
                    "text_id": 19,
                    "uid": 19
                },
                {
                    "coord": null,
                    "is_working": true,
                    "name": "Queens Park",
                    "rect": null,
                    "text_id": 20,
                    "uid": 20
                },
                {
                    "coord": null,
                    "is_working": true,
                    "name": "Museum",
                    "rect": null,
                    "text_id": 21,
                    "uid": 21
                },
                {
                    "coord": null,
                    "is_working": true,
                    "name": "St.George",
                    "rect": null,
                    "text_id": 22,
                    "uid": 22
                },
                {
                    "coord": null,
                    "is_working": true,
                    "name": "Spadina",
                    "rect": null,
                    "text_id": 23,
                    "uid": 23
                },
                {
                    "coord": null,
                    "is_working": true,
                    "name": "Dupont",
                    "rect": null,
                    "text_id": 24,
                    "uid": 24
                },
                {
                    "coord": null,
                    "is_working": true,
                    "name": "St.Clair West",
                    "rect": null,
                    "text_id": 25,
                    "uid": 25
                },
                {
                    "coord": null,
                    "is_working": true,
                    "name": "Eglinton West",
                    "rect": null,
                    "text_id": 26,
                    "uid": 26
                },
                {
                    "coord": null,
                    "is_working": true,
                    "name": "Glencairn",
                    "rect": null,
                    "text_id": 27,
                    "uid": 27
                },
                {
                    "coord": null,
                    "is_working": true,
                    "name": "Lawrence West",
                    "rect": null,
                    "text_id": 28,
                    "uid": 28
                },
                {
                    "coord": null,
                    "is_working": true,
                    "name": "Yorkdale",
                    "rect": null,
                    "text_id": 29,
                    "uid": 29
                },
                {
                    "coord": null,
                    "is_working": true,
                    "name": "Wilson",
                    "rect": null,
                    "text_id": 30,
                    "uid": 30
                },
                {
                    "coord": null,
                    "is_working": true,
                    "name": "Downsview",
                    "rect": null,
                    "text_id": 31,
                    "uid": 31
                }
            ],
            "text_id": 32
        },
        {
            "labels_bg_color": "-1",
            "labels_color": "000000",
            "line_color": "9C3C94",
            "line_width": 9,
            "name": "Sheppard",
            "segments": [
                [
                    69,
                    70,
                    [
                        [
                            200,
                            100
                        ],
                        [
                            200,
                            60
                        ]
                    ],
                    true
                ],
                [
                    70,
                    71,
                    [
                        [
                            200,
                            140
                        ],
                        [
                            200,
                            100
                        ]
                    ],
                    true
                ],
                [
                    71,
                    72,
                    [
                        [
                            200,
                            180
                        ],
                        [
                            200,
                            140
                        ]
                    ],
                    true
                ],
                [
                    72,
                    73,
                    [
                        [
                            200,
                            220
                        ],
                        [
                            200,
                            180
                        ]
                    ],
                    true
                ]
            ],
            "stations": [
                {
                    "coord": [
                        200,
                        60
                    ],
                    "is_working": true,
                    "name": "Don Mills",
                    "rect": [
                        215,
                        50,
                        100,
                        20
                    ],
                    "text_id": 68,
                    "uid": 69
                },
                {
                    "coord": [
                        200,
                        100
                    ],
                    "is_working": true,
                    "name": "Leslie",
                    "rect": [
                        215,
                        90,
                        100,
                        20
                    ],
                    "text_id": 69,
                    "uid": 70
                },
                {
                    "coord": [
                        200,
                        140
                    ],
                    "is_working": true,
                    "name": "Bessarion",
                    "rect": [
                        215,
                        130,
                        100,
                        20
                    ],
                    "text_id": 70,
                    "uid": 71
                },
                {
                    "coord": [
                        200,
                        180
                    ],
                    "is_working": true,
                    "name": "Bayview",
                    "rect": [
                        215,
                        170,
                        100,
                        20
                    ],
                    "text_id": 71,
                    "uid": 72
                },
                {
                    "coord": [
                        200,
                        220
                    ],
                    "is_working": true,
                    "name": "Sheppard-Yonge",
                    "rect": [
                        215,
                        210,
                        100,
                        20
                    ],
                    "text_id": 2,
                    "uid": 73
                }
            ],
            "text_id": 72
        }
    ],
    "lines_width": 9,
    "name": "sheppard",
    "name_text_id": 72,
    "stations_diameter": 16.0,
    "transfers": [
        [
            2,
            73,
            [
                181,
                220
            ],
            [
                200,
                220
            ]
        ]
    ],
    "transports": [
        "metro"
    ],
    "type_name": "Метро",
    "type_text_id": 75,
    "upper_case": true,
    "width": 350,
    "word_wrap": true
}