{
    "0": "Ciudad Expo",
    "1": "Cavaleri",
    "2": "San Juan Alto",
    "3": "San Juan Bajo",
    "4": "Blas Infante",
    "5": "Parque de los Principes",
    "6": "Plaza de Cuba",
    "7": "Puerta de Jerez",
    "8": "Prado de San Sebastian",
    "9": "San Bernardo",
    "10": "Nervion",
    "11": "Gran Plaza",
    "12": "Mayo",
    "13": "Amate",
    "14": "La Plata",
    "15": "Cocheras",
    "16": "Guadaira",
    "17": "Pablo de Olavide",
    "18": "Condequinto",
    "19": "Montequinto",
    "20": "Europa",
    "21": "Olivar de Quinto",
    "22": "Line 1",
    "23": "Метро",
    "24": "ROOT",
    "25": "Схема от 15.01.2010г.\nАвтор: Мурадов Борис",
    "26": "Imported from http://pmetro.su"
}