{
    "default_transports": [
        "metro"
    ],
    "height": 1020,
    "images": [
        "res/schemes/kunming.svg"
    ],
    "is_vector": true,
    "lines": [
        {
            "labels_bg_color": "-1",
            "labels_color": "DB372B",
            "line_color": "DB372B",
            "line_width": 7,
            "name": "1",
            "segments": [
                [
                    0,
                    1,
                    [
                        [
                            256,
                            385
                        ],
                        [
                            256,
                            352
                        ]
                    ],
                    false
                ],
                [
                    1,
                    2,
                    [
                        [
                            276,
                            405
                        ],
                        [
                            256,
                            385
                        ]
                    ],
                    false
                ],
                [
                    2,
                    3,
                    [
                        [
                            295,
                            424
                        ],
                        [
                            276,
                            405
                        ]
                    ],
                    false
                ],
                [
                    3,
                    4,
                    [
                        [
                            314,
                            443
                        ],
                        [
                            295,
                            424
                        ]
                    ],
                    false
                ],
                [
                    4,
                    5,
                    [
                        [
                            333,
                            462
                        ],
                        [
                            314,
                            443
                        ]
                    ],
                    false
                ],
                [
                    5,
                    6,
                    [
                        [
                            353,
                            482
                        ],
                        [
                            333,
                            462
                        ]
                    ],
                    false
                ],
                [
                    6,
                    7,
                    [
                        [
                            353,
                            508
                        ],
                        [
                            353,
                            482
                        ]
                    ],
                    true
                ],
                [
                    7,
                    8,
                    [
                        [
                            353,
                            535
                        ],
                        [
                            353,
                            508
                        ]
                    ],
                    true
                ],
                [
                    8,
                    9,
                    [
                        [
                            353,
                            561
                        ],
                        [
                            353,
                            535
                        ]
                    ],
                    true
                ],
                [
                    9,
                    10,
                    [
                        [
                            353,
                            590
                        ],
                        [
                            353,
                            561
                        ]
                    ],
                    true
                ],
                [
                    10,
                    11,
                    [
                        [
                            407,
                            644
                        ],
                        [
                            353,
                            590
                        ]
                    ],
                    true
                ],
                [
                    11,
                    12,
                    [
                        [
                            468,
                            705
                        ],
                        [
                            407,
                            644
                        ]
                    ],
                    true
                ],
                [
                    12,
                    13,
                    [
                        [
                            476,
                            733
                        ],
                        [
                            468,
                            705
                        ]
                    ],
                    true
                ],
                [
                    13,
                    14,
                    [
                        [
                            486,
                            766
                        ],
                        [
                            476,
                            733
                        ]
                    ],
                    true
                ],
                [
                    14,
                    15,
                    [
                        [
                            496,
                            802
                        ],
                        [
                            486,
                            766
                        ]
                    ],
                    true
                ],
                [
                    15,
                    16,
                    [
                        [
                            506,
                            838
                        ],
                        [
                            496,
                            802
                        ]
                    ],
                    true
                ],
                [
                    16,
                    17,
                    [
                        [
                            474,
                            870
                        ],
                        [
                            506,
                            838
                        ]
                    ],
                    true
                ]
            ],
            "stations": [
                {
                    "coord": [
                        256,
                        352
                    ],
                    "is_working": false,
                    "name": "Huancheng Nanlu",
                    "rect": [
                        155,
                        345,
                        90,
                        15
                    ],
                    "text_id": 0,
                    "uid": 0
                },
                {
                    "coord": [
                        256,
                        385
                    ],
                    "is_working": false,
                    "name": "Kunming Huochezhan",
                    "rect": [
                        138,
                        378,
                        110,
                        15
                    ],
                    "text_id": 1,
                    "uid": 1
                },
                {
                    "coord": [
                        276,
                        405
                    ],
                    "is_working": false,
                    "name": "Fude",
                    "rect": [
                        242,
                        402,
                        26,
                        15
                    ],
                    "text_id": 2,
                    "uid": 2
                },
                {
                    "coord": [
                        295,
                        424
                    ],
                    "is_working": false,
                    "name": "Rixin Lu",
                    "rect": [
                        244,
                        421,
                        43,
                        15
                    ],
                    "text_id": 3,
                    "uid": 3
                },
                {
                    "coord": [
                        314,
                        443
                    ],
                    "is_working": false,
                    "name": "Wujiaba",
                    "rect": [
                        264,
                        440,
                        42,
                        15
                    ],
                    "text_id": 4,
                    "uid": 4
                },
                {
                    "coord": [
                        333,
                        462
                    ],
                    "is_working": false,
                    "name": "Changhong Xilu",
                    "rect": [
                        245,
                        459,
                        80,
                        15
                    ],
                    "text_id": 5,
                    "uid": 5
                },
                {
                    "coord": [
                        353,
                        482
                    ],
                    "is_working": true,
                    "name": "Xiaodong Cun",
                    "rect": [
                        361,
                        475,
                        71,
                        15
                    ],
                    "text_id": 6,
                    "uid": 6
                },
                {
                    "coord": [
                        353,
                        508
                    ],
                    "is_working": true,
                    "name": "Erji Lu",
                    "rect": [
                        361,
                        501,
                        34,
                        15
                    ],
                    "text_id": 7,
                    "uid": 7
                },
                {
                    "coord": [
                        353,
                        535
                    ],
                    "is_working": true,
                    "name": "Xingyao Lu",
                    "rect": [
                        361,
                        528,
                        57,
                        15
                    ],
                    "text_id": 8,
                    "uid": 8
                },
                {
                    "coord": [
                        353,
                        561
                    ],
                    "is_working": true,
                    "name": "Xin Yazhou Tiyucheng",
                    "rect": [
                        361,
                        554,
                        111,
                        15
                    ],
                    "text_id": 9,
                    "uid": 9
                },
                {
                    "coord": [
                        353,
                        590
                    ],
                    "is_working": true,
                    "name": "South Bus Station",
                    "rect": [
                        361,
                        578,
                        90,
                        15
                    ],
                    "text_id": 10,
                    "uid": 10
                },
                {
                    "coord": [
                        407,
                        644
                    ],
                    "is_working": true,
                    "name": "Dounan",
                    "rect": [
                        415,
                        632,
                        40,
                        15
                    ],
                    "text_id": 11,
                    "uid": 11
                },
                {
                    "coord": [
                        468,
                        705
                    ],
                    "is_working": true,
                    "name": "Chunrong Jie",
                    "rect": [
                        476,
                        698,
                        68,
                        15
                    ],
                    "text_id": 12,
                    "uid": 12
                },
                {
                    "coord": [
                        476,
                        733
                    ],
                    "is_working": true,
                    "name": "Tuofeng Jie",
                    "rect": [
                        484,
                        726,
                        59,
                        15
                    ],
                    "text_id": 13,
                    "uid": 13
                },
                {
                    "coord": [
                        486,
                        766
                    ],
                    "is_working": true,
                    "name": "Lianda Jie",
                    "rect": [
                        494,
                        759,
                        53,
                        15
                    ],
                    "text_id": 14,
                    "uid": 14
                },
                {
                    "coord": [
                        496,
                        802
                    ],
                    "is_working": true,
                    "name": "Yikang Nanlu",
                    "rect": [
                        504,
                        795,
                        68,
                        15
                    ],
                    "text_id": 15,
                    "uid": 15
                },
                {
                    "coord": [
                        506,
                        838
                    ],
                    "is_working": true,
                    "name": "University City",
                    "rect": [
                        514,
                        831,
                        76,
                        15
                    ],
                    "text_id": 16,
                    "uid": 16
                },
                {
                    "coord": [
                        474,
                        870
                    ],
                    "is_working": true,
                    "name": "University City South",
                    "rect": [
                        482,
                        868,
                        107,
                        15
                    ],
                    "text_id": 17,
                    "uid": 17
                }
            ],
            "text_id": 18
        },
        {
            "labels_bg_color": "-1",
            "labels_color": "286DB4",
            "line_color": "286DB4",
            "line_width": 7,
            "name": "2",
            "segments": [
                [
                    18,
                    19,
                    [
                        [
                            332,
                            32
                        ],
                        [
                            356,
                            32
                        ]
                    ],
                    false
                ],
                [
                    19,
                    20,
                    [
                        [
                            321,
                            56
                        ],
                        [
                            332,
                            32
                        ]
                    ],
                    false
                ],
                [
                    20,
                    21,
                    [
                        [
                            310,
                            80
                        ],
                        [
                            321,
                            56
                        ]
                    ],
                    false
                ],
                [
                    21,
                    22,
                    [
                        [
                            300,
                            102
                        ],
                        [
                            310,
                            80
                        ]
                    ],
                    false
                ],
                [
                    22,
                    23,
                    [
                        [
                            288,
                            126
                        ],
                        [
                            300,
                            102
                        ]
                    ],
                    false
                ],
                [
                    23,
                    24,
                    [
                        [
                            276,
                            151
                        ],
                        [
                            288,
                            126
                        ]
                    ],
                    false
                ],
                [
                    24,
                    25,
                    [
                        [
                            266,
                            174
                        ],
                        [
                            276,
                            151
                        ]
                    ],
                    false
                ],
                [
                    25,
                    26,
                    [
                        [
                            256,
                            195
                        ],
                        [
                            266,
                            174
                        ]
                    ],
                    false
                ],
                [
                    26,
                    27,
                    [
                        [
                            256,
                            225
                        ],
                        [
                            256,
                            195
                        ]
                    ],
                    false
                ],
                [
                    27,
                    28,
                    [
                        [
                            256,
                            248
                        ],
                        [
                            256,
                            225
                        ]
                    ],
                    false
                ],
                [
                    28,
                    29,
                    [
                        [
                            256,
                            286
                        ],
                        [
                            256,
                            248
                        ]
                    ],
                    false
                ],
                [
                    29,
                    30,
                    [
                        [
                            256,
                            319
                        ],
                        [
                            256,
                            286
                        ]
                    ],
                    false
                ],
                [
                    30,
                    31,
                    [
                        [
                            256,
                            352
                        ],
                        [
                            256,
                            319
                        ]
                    ],
                    false
                ]
            ],
            "stations": [
                {
                    "coord": [
                        356,
                        32
                    ],
                    "is_working": false,
                    "name": "North Bus Stn",
                    "rect": [
                        364,
                        25,
                        71,
                        15
                    ],
                    "text_id": 19,
                    "uid": 18
                },
                {
                    "coord": [
                        332,
                        32
                    ],
                    "is_working": false,
                    "name": "Longtou Jie",
                    "rect": [
                        299,
                        9,
                        59,
                        15
                    ],
                    "text_id": 20,
                    "uid": 19
                },
                {
                    "coord": [
                        321,
                        56
                    ],
                    "is_working": false,
                    "name": "Sijia Ying",
                    "rect": [
                        329,
                        49,
                        49,
                        15
                    ],
                    "text_id": 21,
                    "uid": 20
                },
                {
                    "coord": [
                        310,
                        80
                    ],
                    "is_working": false,
                    "name": "Yangchang Cun",
                    "rect": [
                        318,
                        73,
                        80,
                        15
                    ],
                    "text_id": 22,
                    "uid": 21
                },
                {
                    "coord": [
                        300,
                        102
                    ],
                    "is_working": false,
                    "name": "Linyuqiao",
                    "rect": [
                        308,
                        95,
                        50,
                        15
                    ],
                    "text_id": 23,
                    "uid": 22
                },
                {
                    "coord": [
                        288,
                        126
                    ],
                    "is_working": false,
                    "name": "Beichen",
                    "rect": [
                        296,
                        119,
                        43,
                        15
                    ],
                    "text_id": 24,
                    "uid": 23
                },
                {
                    "coord": [
                        276,
                        151
                    ],
                    "is_working": false,
                    "name": "Jinxing",
                    "rect": [
                        284,
                        144,
                        38,
                        15
                    ],
                    "text_id": 25,
                    "uid": 24
                },
                {
                    "coord": [
                        266,
                        174
                    ],
                    "is_working": false,
                    "name": "Baiyun Lu",
                    "rect": [
                        274,
                        167,
                        52,
                        15
                    ],
                    "text_id": 26,
                    "uid": 25
                },
                {
                    "coord": [
                        256,
                        195
                    ],
                    "is_working": false,
                    "name": "Huoche Beizhan",
                    "rect": [
                        264,
                        188,
                        83,
                        15
                    ],
                    "text_id": 27,
                    "uid": 26
                },
                {
                    "coord": [
                        256,
                        225
                    ],
                    "is_working": false,
                    "name": "Chuanxin Gulou",
                    "rect": [
                        264,
                        218,
                        81,
                        15
                    ],
                    "text_id": 28,
                    "uid": 27
                },
                {
                    "coord": [
                        256,
                        248
                    ],
                    "is_working": false,
                    "name": "Jiaosanqiao",
                    "rect": [
                        264,
                        241,
                        62,
                        15
                    ],
                    "text_id": 29,
                    "uid": 28
                },
                {
                    "coord": [
                        256,
                        286
                    ],
                    "is_working": false,
                    "name": "Dongfeng Guangchang",
                    "rect": [
                        264,
                        263,
                        114,
                        15
                    ],
                    "text_id": 30,
                    "uid": 29
                },
                {
                    "coord": [
                        256,
                        319
                    ],
                    "is_working": false,
                    "name": "Tangzi Xiang",
                    "rect": [
                        183,
                        312,
                        65,
                        15
                    ],
                    "text_id": 31,
                    "uid": 30
                },
                {
                    "coord": [
                        256,
                        352
                    ],
                    "is_working": false,
                    "name": "Huancheng Nanlu",
                    "rect": [
                        155,
                        345,
                        90,
                        15
                    ],
                    "text_id": 0,
                    "uid": 31
                }
            ],
            "text_id": 32
        },
        {
            "labels_bg_color": "-1",
            "labels_color": "FE4998",
            "line_color": "FE4998",
            "line_width": 7,
            "name": "3",
            "segments": [
                [
                    32,
                    33,
                    [
                        [
                            43,
                            317
                        ],
                        [
                            29,
                            347
                        ]
                    ],
                    false
                ],
                [
                    33,
                    34,
                    [
                        [
                            57,
                            287
                        ],
                        [
                            43,
                            317
                        ]
                    ],
                    false
                ],
                [
                    34,
                    35,
                    [
                        [
                            69,
                            261
                        ],
                        [
                            57,
                            287
                        ]
                    ],
                    false
                ],
                [
                    35,
                    36,
                    [
                        [
                            94,
                            261
                        ],
                        [
                            69,
                            261
                        ]
                    ],
                    false
                ],
                [
                    36,
                    37,
                    [
                        [
                            125,
                            261
                        ],
                        [
                            94,
                            261
                        ]
                    ],
                    false
                ],
                [
                    37,
                    38,
                    [
                        [
                            154,
                            261
                        ],
                        [
                            125,
                            261
                        ]
                    ],
                    false
                ],
                [
                    38,
                    39,
                    [
                        [
                            180,
                            261
                        ],
                        [
                            154,
                            261
                        ]
                    ],
                    false
                ],
                [
                    39,
                    40,
                    [
                        [
                            204,
                            286
                        ],
                        [
                            180,
                            261
                        ]
                    ],
                    false
                ],
                [
                    40,
                    41,
                    [
                        [
                            229,
                            286
                        ],
                        [
                            204,
                            286
                        ]
                    ],
                    false
                ],
                [
                    41,
                    42,
                    [
                        [
                            256,
                            286
                        ],
                        [
                            229,
                            286
                        ]
                    ],
                    false
                ],
                [
                    42,
                    43,
                    [
                        [
                            288,
                            286
                        ],
                        [
                            256,
                            286
                        ]
                    ],
                    false
                ],
                [
                    43,
                    44,
                    [
                        [
                            313,
                            286
                        ],
                        [
                            288,
                            286
                        ]
                    ],
                    false
                ],
                [
                    44,
                    45,
                    [
                        [
                            342,
                            286
                        ],
                        [
                            313,
                            286
                        ]
                    ],
                    false
                ],
                [
                    45,
                    46,
                    [
                        [
                            371,
                            286
                        ],
                        [
                            342,
                            286
                        ]
                    ],
                    false
                ],
                [
                    46,
                    47,
                    [
                        [
                            398,
                            286
                        ],
                        [
                            371,
                            286
                        ]
                    ],
                    false
                ],
                [
                    47,
                    48,
                    [
                        [
                            431,
                            286
                        ],
                        [
                            398,
                            286
                        ]
                    ],
                    false
                ]
            ],
            "stations": [
                {
                    "coord": [
                        29,
                        347
                    ],
                    "is_working": false,
                    "name": "Shizui",
                    "rect": [
                        37,
                        340,
                        32,
                        15
                    ],
                    "text_id": 33,
                    "uid": 32
                },
                {
                    "coord": [
                        43,
                        317
                    ],
                    "is_working": false,
                    "name": "Dayu Lu",
                    "rect": [
                        51,
                        310,
                        43,
                        15
                    ],
                    "text_id": 34,
                    "uid": 33
                },
                {
                    "coord": [
                        57,
                        287
                    ],
                    "is_working": false,
                    "name": "West Bus Station",
                    "rect": [
                        65,
                        280,
                        87,
                        15
                    ],
                    "text_id": 35,
                    "uid": 34
                },
                {
                    "coord": [
                        69,
                        261
                    ],
                    "is_working": false,
                    "name": "Mianshan",
                    "rect": [
                        62,
                        203,
                        15,
                        50
                    ],
                    "text_id": 36,
                    "uid": 35
                },
                {
                    "coord": [
                        94,
                        261
                    ],
                    "is_working": false,
                    "name": "Changyuan Zhonglu",
                    "rect": [
                        87,
                        153,
                        15,
                        100
                    ],
                    "text_id": 37,
                    "uid": 36
                },
                {
                    "coord": [
                        125,
                        261
                    ],
                    "is_working": false,
                    "name": "Xiyuan",
                    "rect": [
                        118,
                        217,
                        15,
                        36
                    ],
                    "text_id": 38,
                    "uid": 37
                },
                {
                    "coord": [
                        154,
                        261
                    ],
                    "is_working": false,
                    "name": "Liangjia He",
                    "rect": [
                        147,
                        195,
                        15,
                        58
                    ],
                    "text_id": 39,
                    "uid": 38
                },
                {
                    "coord": [
                        180,
                        261
                    ],
                    "is_working": false,
                    "name": "Shi Tiyuguan",
                    "rect": [
                        173,
                        187,
                        15,
                        66
                    ],
                    "text_id": 40,
                    "uid": 39
                },
                {
                    "coord": [
                        204,
                        286
                    ],
                    "is_working": false,
                    "name": "Panjiawan",
                    "rect": [
                        201,
                        225,
                        15,
                        53
                    ],
                    "text_id": 41,
                    "uid": 40
                },
                {
                    "coord": [
                        229,
                        286
                    ],
                    "is_working": false,
                    "name": "Wuyi Lu",
                    "rect": [
                        222,
                        236,
                        15,
                        42
                    ],
                    "text_id": 42,
                    "uid": 41
                },
                {
                    "coord": [
                        256,
                        286
                    ],
                    "is_working": false,
                    "name": "Dongfeng Guangchang",
                    "rect": null,
                    "text_id": 30,
                    "uid": 42
                },
                {
                    "coord": [
                        288,
                        286
                    ],
                    "is_working": false,
                    "name": "Tuodong Tiyuguan",
                    "rect": [
                        281,
                        294,
                        15,
                        92
                    ],
                    "text_id": 43,
                    "uid": 43
                },
                {
                    "coord": [
                        313,
                        286
                    ],
                    "is_working": false,
                    "name": "Dashuying",
                    "rect": [
                        306,
                        294,
                        15,
                        55
                    ],
                    "text_id": 44,
                    "uid": 44
                },
                {
                    "coord": [
                        342,
                        286
                    ],
                    "is_working": false,
                    "name": "Jinma Si",
                    "rect": [
                        335,
                        294,
                        15,
                        45
                    ],
                    "text_id": 45,
                    "uid": 45
                },
                {
                    "coord": [
                        371,
                        286
                    ],
                    "is_working": false,
                    "name": "Taiping Cun",
                    "rect": [
                        364,
                        294,
                        15,
                        61
                    ],
                    "text_id": 46,
                    "uid": 46
                },
                {
                    "coord": [
                        398,
                        286
                    ],
                    "is_working": false,
                    "name": "Hongqiao",
                    "rect": [
                        391,
                        294,
                        15,
                        49
                    ],
                    "text_id": 47,
                    "uid": 47
                },
                {
                    "coord": [
                        431,
                        286
                    ],
                    "is_working": false,
                    "name": "East Bus Station",
                    "rect": [
                        420,
                        297,
                        84,
                        15
                    ],
                    "text_id": 48,
                    "uid": 48
                }
            ],
            "text_id": 49
        },
        {
            "labels_bg_color": "-1",
            "labels_color": "2C8195",
            "line_color": "2C8195",
            "line_width": 7,
            "name": "6",
            "segments": [
                [
                    49,
                    50,
                    [
                        [
                            624,
                            217
                        ],
                        [
                            555.0,
                            286.0
                        ],
                        [
                            443,
                            286
                        ]
                    ],
                    false
                ],
                [
                    49,
                    52,
                    [
                        [
                            721,
                            120
                        ],
                        [
                            555.0,
                            286.0
                        ],
                        [
                            443,
                            286
                        ]
                    ],
                    true
                ],
                [
                    50,
                    51,
                    [
                        [
                            688,
                            153
                        ],
                        [
                            624,
                            217
                        ]
                    ],
                    false
                ],
                [
                    51,
                    52,
                    [
                        [
                            721,
                            120
                        ],
                        [
                            688,
                            153
                        ]
                    ],
                    false
                ]
            ],
            "stations": [
                {
                    "coord": [
                        443,
                        286
                    ],
                    "is_working": true,
                    "name": "East Bus Station",
                    "rect": [
                        420,
                        297,
                        84,
                        15
                    ],
                    "text_id": 48,
                    "uid": 49
                },
                {
                    "coord": [
                        624,
                        217
                    ],
                    "is_working": false,
                    "name": "Dabanqiao",
                    "rect": [
                        632,
                        215,
                        55,
                        15
                    ],
                    "text_id": 50,
                    "uid": 50
                },
                {
                    "coord": [
                        688,
                        153
                    ],
                    "is_working": false,
                    "name": "Airport Front",
                    "rect": [
                        696,
                        151,
                        64,
                        15
                    ],
                    "text_id": 51,
                    "uid": 51
                },
                {
                    "coord": [
                        721,
                        120
                    ],
                    "is_working": true,
                    "name": "Airport Center",
                    "rect": [
                        729,
                        113,
                        72,
                        15
                    ],
                    "text_id": 52,
                    "uid": 52
                }
            ],
            "text_id": 53
        }
    ],
    "lines_width": 7,
    "name": "metro",
    "name_text_id": 54,
    "stations_diameter": 13.0,
    "transfers": [
        [
            48,
            49,
            [
                431,
                286
            ],
            [
                443,
                286
            ]
        ],
        [
            42,
            29,
            [
                256,
                286
            ],
            [
                256,
                286
            ]
        ],
        [
            0,
            31,
            [
                256,
                352
            ],
            [
                256,
                352
            ]
        ]
    ],
    "transports": [
        "metro"
    ],
    "type_name": "ROOT",
    "type_text_id": 55,
    "upper_case": false,
    "width": 871,
    "word_wrap": false
}