{
    "default_transports": [
        "metro"
    ],
    "height": 1305,
    "images": [
        "res/schemes/railways_teterev.svg"
    ],
    "is_vector": true,
    "lines": [
        {
            "labels_bg_color": "-1",
            "labels_color": "000000",
            "line_color": "CC3333",
            "line_width": 9,
            "name": "Святошинсько-Броворська",
            "segments": [],
            "stations": [
                {
                    "coord": null,
                    "is_working": true,
                    "name": "Академмістечко",
                    "rect": null,
                    "text_id": 0,
                    "uid": 0
                },
                {
                    "coord": null,
                    "is_working": true,
                    "name": "Житомирська",
                    "rect": null,
                    "text_id": 1,
                    "uid": 1
                },
                {
                    "coord": [
                        345,
                        163
                    ],
                    "is_working": true,
                    "name": "Святошин",
                    "rect": [
                        220,
                        153,
                        100,
                        20
                    ],
                    "text_id": 2,
                    "uid": 2
                },
                {
                    "coord": null,
                    "is_working": true,
                    "name": "Нивки",
                    "rect": null,
                    "text_id": 3,
                    "uid": 3
                },
                {
                    "coord": [
                        550,
                        182
                    ],
                    "is_working": true,
                    "name": "Берестейська",
                    "rect": [
                        570,
                        174,
                        100,
                        20
                    ],
                    "text_id": 4,
                    "uid": 4
                },
                {
                    "coord": null,
                    "is_working": true,
                    "name": "Шулявська",
                    "rect": null,
                    "text_id": 5,
                    "uid": 5
                },
                {
                    "coord": null,
                    "is_working": true,
                    "name": "Політехнічний інститут",
                    "rect": null,
                    "text_id": 6,
                    "uid": 6
                },
                {
                    "coord": [
                        345,
                        32
                    ],
                    "is_working": true,
                    "name": "Вокзальна",
                    "rect": [
                        220,
                        22,
                        100,
                        20
                    ],
                    "text_id": 7,
                    "uid": 7
                },
                {
                    "coord": null,
                    "is_working": true,
                    "name": "Університет",
                    "rect": null,
                    "text_id": 8,
                    "uid": 8
                },
                {
                    "coord": null,
                    "is_working": true,
                    "name": "Театральна",
                    "rect": null,
                    "text_id": 9,
                    "uid": 9
                },
                {
                    "coord": null,
                    "is_working": true,
                    "name": "Хрещатик",
                    "rect": null,
                    "text_id": 10,
                    "uid": 10
                },
                {
                    "coord": null,
                    "is_working": true,
                    "name": "Арсенальна",
                    "rect": null,
                    "text_id": 11,
                    "uid": 11
                },
                {
                    "coord": null,
                    "is_working": true,
                    "name": "Дніпро",
                    "rect": null,
                    "text_id": 12,
                    "uid": 12
                },
                {
                    "coord": null,
                    "is_working": true,
                    "name": "Гідропарк",
                    "rect": null,
                    "text_id": 13,
                    "uid": 13
                },
                {
                    "coord": null,
                    "is_working": true,
                    "name": "Лівобережна",
                    "rect": null,
                    "text_id": 14,
                    "uid": 14
                },
                {
                    "coord": null,
                    "is_working": true,
                    "name": "Дарниця",
                    "rect": null,
                    "text_id": 15,
                    "uid": 15
                },
                {
                    "coord": null,
                    "is_working": true,
                    "name": "Чернігівська",
                    "rect": null,
                    "text_id": 16,
                    "uid": 16
                },
                {
                    "coord": null,
                    "is_working": true,
                    "name": "Лісова",
                    "rect": null,
                    "text_id": 17,
                    "uid": 17
                }
            ],
            "text_id": 18
        },
        {
            "labels_bg_color": "-1",
            "labels_color": "000000",
            "line_color": "333399",
            "line_width": 9,
            "name": "Куренівська-Червоноармійська",
            "segments": [],
            "stations": [
                {
                    "coord": null,
                    "is_working": true,
                    "name": "Героїв Дніпра",
                    "rect": null,
                    "text_id": 19,
                    "uid": 18
                },
                {
                    "coord": null,
                    "is_working": true,
                    "name": "Мінська",
                    "rect": null,
                    "text_id": 20,
                    "uid": 19
                },
                {
                    "coord": null,
                    "is_working": true,
                    "name": "Оболонь",
                    "rect": null,
                    "text_id": 21,
                    "uid": 20
                },
                {
                    "coord": [
                        530,
                        32
                    ],
                    "is_working": true,
                    "name": "Петрівка",
                    "rect": [
                        410,
                        22,
                        100,
                        20
                    ],
                    "text_id": 22,
                    "uid": 21
                },
                {
                    "coord": null,
                    "is_working": true,
                    "name": "Тараса Шевченка",
                    "rect": null,
                    "text_id": 23,
                    "uid": 22
                },
                {
                    "coord": null,
                    "is_working": true,
                    "name": "Контрактова площа",
                    "rect": null,
                    "text_id": 24,
                    "uid": 23
                },
                {
                    "coord": null,
                    "is_working": true,
                    "name": "Поштова площа",
                    "rect": null,
                    "text_id": 25,
                    "uid": 24
                },
                {
                    "coord": null,
                    "is_working": true,
                    "name": "Майдан Незалежності",
                    "rect": null,
                    "text_id": 26,
                    "uid": 25
                },
                {
                    "coord": null,
                    "is_working": true,
                    "name": "Площа Льва Толстого",
                    "rect": null,
                    "text_id": 27,
                    "uid": 26
                },
                {
                    "coord": null,
                    "is_working": true,
                    "name": "Олімпійська",
                    "rect": null,
                    "text_id": 28,
                    "uid": 27
                },
                {
                    "coord": null,
                    "is_working": true,
                    "name": "Палац \"Україна\"",
                    "rect": null,
                    "text_id": 29,
                    "uid": 28
                },
                {
                    "coord": null,
                    "is_working": true,
                    "name": "Либідська",
                    "rect": null,
                    "text_id": 30,
                    "uid": 29
                }
            ],
            "text_id": 31
        },
        {
            "labels_bg_color": "-1",
            "labels_color": "000000",
            "line_color": "339933",
            "line_width": 9,
            "name": "Сирецько-Печерська",
            "segments": [],
            "stations": [
                {
                    "coord": [
                        530,
                        122
                    ],
                    "is_working": true,
                    "name": "Сирець",
                    "rect": [
                        410,
                        112,
                        100,
                        20
                    ],
                    "text_id": 32,
                    "uid": 30
                },
                {
                    "coord": null,
                    "is_working": true,
                    "name": "Дорогожичі",
                    "rect": null,
                    "text_id": 33,
                    "uid": 31
                },
                {
                    "coord": null,
                    "is_working": true,
                    "name": "Лук'янівська",
                    "rect": null,
                    "text_id": 34,
                    "uid": 32
                },
                {
                    "coord": null,
                    "is_working": true,
                    "name": "Золоті ворота",
                    "rect": null,
                    "text_id": 35,
                    "uid": 33
                },
                {
                    "coord": null,
                    "is_working": true,
                    "name": "Палац спорту",
                    "rect": null,
                    "text_id": 36,
                    "uid": 34
                },
                {
                    "coord": null,
                    "is_working": true,
                    "name": "Кловьска",
                    "rect": null,
                    "text_id": 37,
                    "uid": 35
                },
                {
                    "coord": null,
                    "is_working": true,
                    "name": "Печерська",
                    "rect": null,
                    "text_id": 38,
                    "uid": 36
                },
                {
                    "coord": null,
                    "is_working": true,
                    "name": "Дружби народів",
                    "rect": null,
                    "text_id": 39,
                    "uid": 37
                },
                {
                    "coord": null,
                    "is_working": true,
                    "name": "Видубичі",
                    "rect": null,
                    "text_id": 40,
                    "uid": 38
                },
                {
                    "coord": null,
                    "is_working": true,
                    "name": "Славутич",
                    "rect": null,
                    "text_id": 41,
                    "uid": 39
                },
                {
                    "coord": null,
                    "is_working": true,
                    "name": "Осокорки",
                    "rect": null,
                    "text_id": 42,
                    "uid": 40
                },
                {
                    "coord": null,
                    "is_working": true,
                    "name": "Позняки",
                    "rect": null,
                    "text_id": 43,
                    "uid": 41
                },
                {
                    "coord": null,
                    "is_working": true,
                    "name": "Харківська",
                    "rect": null,
                    "text_id": 44,
                    "uid": 42
                },
                {
                    "coord": null,
                    "is_working": true,
                    "name": "Вирлиця",
                    "rect": null,
                    "text_id": 45,
                    "uid": 43
                },
                {
                    "coord": null,
                    "is_working": true,
                    "name": "Бориспільська",
                    "rect": null,
                    "text_id": 46,
                    "uid": 44
                },
                {
                    "coord": null,
                    "is_working": true,
                    "name": "Червоний хутір",
                    "rect": null,
                    "text_id": 47,
                    "uid": 45
                }
            ],
            "text_id": 48
        },
        {
            "labels_bg_color": "-1",
            "labels_color": "000000",
            "line_color": "AC24AC",
            "line_width": 9,
            "name": "Тетерівська електричка",
            "segments": [
                [
                    46,
                    47,
                    [
                        [
                            550,
                            62
                        ],
                        [
                            550,
                            32
                        ]
                    ],
                    true
                ],
                [
                    47,
                    48,
                    [
                        [
                            550,
                            92
                        ],
                        [
                            550,
                            62
                        ]
                    ],
                    true
                ],
                [
                    48,
                    49,
                    [
                        [
                            550,
                            122
                        ],
                        [
                            550,
                            92
                        ]
                    ],
                    true
                ],
                [
                    49,
                    50,
                    [
                        [
                            550,
                            163
                        ],
                        [
                            550,
                            122
                        ]
                    ],
                    true
                ],
                [
                    50,
                    51,
                    [
                        [
                            365,
                            163
                        ],
                        [
                            550,
                            163
                        ]
                    ],
                    true
                ],
                [
                    51,
                    52,
                    [
                        [
                            365,
                            194
                        ],
                        [
                            365,
                            163
                        ]
                    ],
                    true
                ],
                [
                    51,
                    86,
                    [
                        [
                            365,
                            130
                        ],
                        [
                            365,
                            163
                        ]
                    ],
                    true
                ],
                [
                    52,
                    53,
                    [
                        [
                            365,
                            226
                        ],
                        [
                            365,
                            194
                        ]
                    ],
                    true
                ],
                [
                    53,
                    54,
                    [
                        [
                            365,
                            257
                        ],
                        [
                            365,
                            226
                        ]
                    ],
                    true
                ],
                [
                    54,
                    55,
                    [
                        [
                            365,
                            287
                        ],
                        [
                            365,
                            257
                        ]
                    ],
                    true
                ],
                [
                    55,
                    56,
                    [
                        [
                            365,
                            317
                        ],
                        [
                            365,
                            287
                        ]
                    ],
                    true
                ],
                [
                    56,
                    57,
                    [
                        [
                            365,
                            347
                        ],
                        [
                            365,
                            317
                        ]
                    ],
                    true
                ],
                [
                    57,
                    58,
                    [
                        [
                            365,
                            377
                        ],
                        [
                            365,
                            347
                        ]
                    ],
                    true
                ],
                [
                    58,
                    59,
                    [
                        [
                            365,
                            409
                        ],
                        [
                            365,
                            377
                        ]
                    ],
                    true
                ],
                [
                    59,
                    60,
                    [
                        [
                            365,
                            439
                        ],
                        [
                            365,
                            409
                        ]
                    ],
                    true
                ],
                [
                    60,
                    61,
                    [
                        [
                            365,
                            469
                        ],
                        [
                            365,
                            439
                        ]
                    ],
                    true
                ],
                [
                    61,
                    62,
                    [
                        [
                            365,
                            496
                        ],
                        [
                            365,
                            469
                        ]
                    ],
                    true
                ],
                [
                    62,
                    63,
                    [
                        [
                            365,
                            524
                        ],
                        [
                            365,
                            496
                        ]
                    ],
                    true
                ],
                [
                    63,
                    64,
                    [
                        [
                            365,
                            555
                        ],
                        [
                            365,
                            524
                        ]
                    ],
                    true
                ],
                [
                    64,
                    65,
                    [
                        [
                            365,
                            584
                        ],
                        [
                            365,
                            555
                        ]
                    ],
                    true
                ],
                [
                    65,
                    66,
                    [
                        [
                            365,
                            614
                        ],
                        [
                            365,
                            584
                        ]
                    ],
                    true
                ],
                [
                    66,
                    67,
                    [
                        [
                            365,
                            645
                        ],
                        [
                            365,
                            614
                        ]
                    ],
                    true
                ],
                [
                    67,
                    68,
                    [
                        [
                            365,
                            674
                        ],
                        [
                            365,
                            645
                        ]
                    ],
                    true
                ],
                [
                    68,
                    69,
                    [
                        [
                            365,
                            702
                        ],
                        [
                            365,
                            674
                        ]
                    ],
                    true
                ],
                [
                    69,
                    70,
                    [
                        [
                            365,
                            731
                        ],
                        [
                            365,
                            702
                        ]
                    ],
                    true
                ],
                [
                    70,
                    71,
                    [
                        [
                            365,
                            760
                        ],
                        [
                            365,
                            731
                        ]
                    ],
                    true
                ],
                [
                    71,
                    72,
                    [
                        [
                            365,
                            791
                        ],
                        [
                            365,
                            760
                        ]
                    ],
                    true
                ],
                [
                    72,
                    73,
                    [
                        [
                            365,
                            821
                        ],
                        [
                            365,
                            791
                        ]
                    ],
                    true
                ],
                [
                    73,
                    74,
                    [
                        [
                            365,
                            848
                        ],
                        [
                            365,
                            821
                        ]
                    ],
                    true
                ],
                [
                    74,
                    75,
                    [
                        [
                            365,
                            877
                        ],
                        [
                            365,
                            848
                        ]
                    ],
                    true
                ],
                [
                    75,
                    76,
                    [
                        [
                            365,
                            905
                        ],
                        [
                            365,
                            877
                        ]
                    ],
                    true
                ],
                [
                    76,
                    77,
                    [
                        [
                            365,
                            932
                        ],
                        [
                            365,
                            905
                        ]
                    ],
                    true
                ],
                [
                    77,
                    78,
                    [
                        [
                            365,
                            960
                        ],
                        [
                            365,
                            932
                        ]
                    ],
                    true
                ],
                [
                    78,
                    79,
                    [
                        [
                            365,
                            988
                        ],
                        [
                            365,
                            960
                        ]
                    ],
                    true
                ],
                [
                    79,
                    80,
                    [
                        [
                            365,
                            1017
                        ],
                        [
                            365,
                            988
                        ]
                    ],
                    true
                ],
                [
                    80,
                    81,
                    [
                        [
                            365,
                            1045
                        ],
                        [
                            365,
                            1017
                        ]
                    ],
                    true
                ],
                [
                    81,
                    82,
                    [
                        [
                            365,
                            1072
                        ],
                        [
                            365,
                            1045
                        ]
                    ],
                    true
                ],
                [
                    82,
                    83,
                    [
                        [
                            365,
                            1101
                        ],
                        [
                            365,
                            1072
                        ]
                    ],
                    true
                ],
                [
                    83,
                    84,
                    [
                        [
                            365,
                            1127
                        ],
                        [
                            365,
                            1101
                        ]
                    ],
                    true
                ],
                [
                    84,
                    85,
                    [
                        [
                            365,
                            1155
                        ],
                        [
                            365,
                            1127
                        ]
                    ],
                    true
                ],
                [
                    86,
                    87,
                    [
                        [
                            365,
                            94
                        ],
                        [
                            365,
                            130
                        ]
                    ],
                    true
                ],
                [
                    87,
                    88,
                    [
                        [
                            365,
                            62
                        ],
                        [
                            365,
                            94
                        ]
                    ],
                    true
                ],
                [
                    88,
                    89,
                    [
                        [
                            365,
                            32
                        ],
                        [
                            365,
                            62
                        ]
                    ],
                    true
                ]
            ],
            "stations": [
                {
                    "coord": [
                        550,
                        32
                    ],
                    "is_working": true,
                    "name": "Київ - Петрівка",
                    "rect": [
                        504,
                        3,
                        100,
                        20
                    ],
                    "text_id": 49,
                    "uid": 46
                },
                {
                    "coord": [
                        550,
                        62
                    ],
                    "is_working": true,
                    "name": "пл. Зеніт",
                    "rect": [
                        525,
                        54,
                        100,
                        20
                    ],
                    "text_id": 50,
                    "uid": 47
                },
                {
                    "coord": [
                        550,
                        92
                    ],
                    "is_working": true,
                    "name": "пл. Вишгоpодська",
                    "rect": [
                        563,
                        85,
                        100,
                        20
                    ],
                    "text_id": 51,
                    "uid": 48
                },
                {
                    "coord": [
                        550,
                        122
                    ],
                    "is_working": true,
                    "name": "пл. Сирець",
                    "rect": [
                        532,
                        115,
                        100,
                        20
                    ],
                    "text_id": 52,
                    "uid": 49
                },
                {
                    "coord": [
                        550,
                        163
                    ],
                    "is_working": true,
                    "name": "пл. Рубежівська",
                    "rect": [
                        562,
                        144,
                        100,
                        20
                    ],
                    "text_id": 53,
                    "uid": 50
                },
                {
                    "coord": [
                        365,
                        163
                    ],
                    "is_working": true,
                    "name": "Святошин",
                    "rect": [
                        361,
                        169,
                        100,
                        20
                    ],
                    "text_id": 2,
                    "uid": 51
                },
                {
                    "coord": [
                        365,
                        194
                    ],
                    "is_working": true,
                    "name": "пл. Hовобіличі",
                    "rect": [
                        250,
                        189,
                        100,
                        20
                    ],
                    "text_id": 54,
                    "uid": 52
                },
                {
                    "coord": [
                        365,
                        226
                    ],
                    "is_working": true,
                    "name": "Біличі",
                    "rect": [
                        250,
                        217,
                        100,
                        20
                    ],
                    "text_id": 55,
                    "uid": 53
                },
                {
                    "coord": [
                        365,
                        257
                    ],
                    "is_working": true,
                    "name": "Ipпінь",
                    "rect": [
                        334,
                        248,
                        100,
                        20
                    ],
                    "text_id": 56,
                    "uid": 54
                },
                {
                    "coord": [
                        365,
                        287
                    ],
                    "is_working": true,
                    "name": "пл. Лісова Буча",
                    "rect": [
                        250,
                        280,
                        100,
                        20
                    ],
                    "text_id": 57,
                    "uid": 55
                },
                {
                    "coord": [
                        365,
                        317
                    ],
                    "is_working": true,
                    "name": "Буча",
                    "rect": [
                        250,
                        309,
                        100,
                        20
                    ],
                    "text_id": 58,
                    "uid": 56
                },
                {
                    "coord": [
                        365,
                        347
                    ],
                    "is_working": true,
                    "name": "пл. Склозавод",
                    "rect": [
                        250,
                        339,
                        100,
                        20
                    ],
                    "text_id": 59,
                    "uid": 57
                },
                {
                    "coord": [
                        365,
                        377
                    ],
                    "is_working": true,
                    "name": "пл. Ворзель",
                    "rect": [
                        250,
                        369,
                        100,
                        20
                    ],
                    "text_id": 60,
                    "uid": 58
                },
                {
                    "coord": [
                        365,
                        409
                    ],
                    "is_working": true,
                    "name": "пл. Кичеєве",
                    "rect": [
                        250,
                        401,
                        100,
                        20
                    ],
                    "text_id": 61,
                    "uid": 59
                },
                {
                    "coord": [
                        365,
                        439
                    ],
                    "is_working": true,
                    "name": "Hемішаєве",
                    "rect": [
                        250,
                        428,
                        100,
                        20
                    ],
                    "text_id": 62,
                    "uid": 60
                },
                {
                    "coord": [
                        365,
                        469
                    ],
                    "is_working": true,
                    "name": "Клавдієве",
                    "rect": [
                        357,
                        459,
                        100,
                        20
                    ],
                    "text_id": 63,
                    "uid": 61
                },
                {
                    "coord": [
                        365,
                        496
                    ],
                    "is_working": true,
                    "name": "пл. Макійчукове",
                    "rect": [
                        250,
                        490,
                        100,
                        20
                    ],
                    "text_id": 64,
                    "uid": 62
                },
                {
                    "coord": [
                        365,
                        524
                    ],
                    "is_working": true,
                    "name": "Бородянка",
                    "rect": [
                        359,
                        515,
                        100,
                        20
                    ],
                    "text_id": 65,
                    "uid": 63
                },
                {
                    "coord": [
                        365,
                        555
                    ],
                    "is_working": true,
                    "name": "пл. Хутіp Гай",
                    "rect": [
                        250,
                        547,
                        100,
                        20
                    ],
                    "text_id": 66,
                    "uid": 64
                },
                {
                    "coord": [
                        365,
                        584
                    ],
                    "is_working": true,
                    "name": "пл. Загальці",
                    "rect": [
                        250,
                        578,
                        100,
                        20
                    ],
                    "text_id": 67,
                    "uid": 65
                },
                {
                    "coord": [
                        365,
                        614
                    ],
                    "is_working": true,
                    "name": "Спартак",
                    "rect": [
                        250,
                        604,
                        100,
                        20
                    ],
                    "text_id": 68,
                    "uid": 66
                },
                {
                    "coord": [
                        365,
                        645
                    ],
                    "is_working": true,
                    "name": "пл. Піски",
                    "rect": [
                        250,
                        635,
                        100,
                        20
                    ],
                    "text_id": 69,
                    "uid": 67
                },
                {
                    "coord": [
                        365,
                        674
                    ],
                    "is_working": true,
                    "name": "Тетеpів",
                    "rect": [
                        336,
                        664,
                        100,
                        20
                    ],
                    "text_id": 70,
                    "uid": 68
                },
                {
                    "coord": [
                        365,
                        702
                    ],
                    "is_working": true,
                    "name": "пл. Макалевичі",
                    "rect": [
                        250,
                        694,
                        100,
                        20
                    ],
                    "text_id": 71,
                    "uid": 69
                },
                {
                    "coord": [
                        365,
                        731
                    ],
                    "is_working": true,
                    "name": "Ірша",
                    "rect": [
                        250,
                        721,
                        100,
                        20
                    ],
                    "text_id": 72,
                    "uid": 70
                },
                {
                    "coord": [
                        365,
                        760
                    ],
                    "is_working": true,
                    "name": "Пенизевичі",
                    "rect": [
                        250,
                        750,
                        100,
                        20
                    ],
                    "text_id": 73,
                    "uid": 71
                },
                {
                    "coord": [
                        365,
                        791
                    ],
                    "is_working": true,
                    "name": "пл. Щебзавод",
                    "rect": [
                        250,
                        782,
                        100,
                        20
                    ],
                    "text_id": 74,
                    "uid": 72
                },
                {
                    "coord": [
                        365,
                        821
                    ],
                    "is_working": true,
                    "name": "Малин",
                    "rect": [
                        325,
                        811,
                        100,
                        20
                    ],
                    "text_id": 75,
                    "uid": 73
                },
                {
                    "coord": [
                        365,
                        848
                    ],
                    "is_working": true,
                    "name": "пл. Пиріжківський",
                    "rect": [
                        250,
                        839,
                        100,
                        20
                    ],
                    "text_id": 76,
                    "uid": 74
                },
                {
                    "coord": [
                        365,
                        877
                    ],
                    "is_working": true,
                    "name": "пл. Головки",
                    "rect": [
                        250,
                        868,
                        100,
                        20
                    ],
                    "text_id": 77,
                    "uid": 75
                },
                {
                    "coord": [
                        365,
                        905
                    ],
                    "is_working": true,
                    "name": "пл. Тишів",
                    "rect": [
                        250,
                        896,
                        100,
                        20
                    ],
                    "text_id": 78,
                    "uid": 76
                },
                {
                    "coord": [
                        365,
                        932
                    ],
                    "is_working": true,
                    "name": "пл. Йосипівка",
                    "rect": [
                        250,
                        925,
                        100,
                        20
                    ],
                    "text_id": 79,
                    "uid": 77
                },
                {
                    "coord": [
                        365,
                        960
                    ],
                    "is_working": true,
                    "name": "Чоповичі",
                    "rect": [
                        250,
                        952,
                        100,
                        20
                    ],
                    "text_id": 80,
                    "uid": 78
                },
                {
                    "coord": [
                        365,
                        988
                    ],
                    "is_working": true,
                    "name": "пл. Мелені",
                    "rect": [
                        250,
                        981,
                        100,
                        20
                    ],
                    "text_id": 81,
                    "uid": 79
                },
                {
                    "coord": [
                        365,
                        1017
                    ],
                    "is_working": true,
                    "name": "пл. Балярка",
                    "rect": [
                        250,
                        1008,
                        100,
                        20
                    ],
                    "text_id": 82,
                    "uid": 80
                },
                {
                    "coord": [
                        365,
                        1045
                    ],
                    "is_working": true,
                    "name": "пл. Стремигород",
                    "rect": [
                        250,
                        1037,
                        100,
                        20
                    ],
                    "text_id": 83,
                    "uid": 81
                },
                {
                    "coord": [
                        365,
                        1072
                    ],
                    "is_working": true,
                    "name": "пл. Новаки",
                    "rect": [
                        250,
                        1065,
                        100,
                        20
                    ],
                    "text_id": 84,
                    "uid": 82
                },
                {
                    "coord": [
                        365,
                        1101
                    ],
                    "is_working": true,
                    "name": "Шатрище",
                    "rect": [
                        250,
                        1091,
                        100,
                        20
                    ],
                    "text_id": 85,
                    "uid": 83
                },
                {
                    "coord": [
                        365,
                        1127
                    ],
                    "is_working": true,
                    "name": "пл. Древлянка",
                    "rect": [
                        250,
                        1118,
                        100,
                        20
                    ],
                    "text_id": 86,
                    "uid": 84
                },
                {
                    "coord": [
                        365,
                        1155
                    ],
                    "is_working": true,
                    "name": "Коростень",
                    "rect": [
                        385,
                        1145,
                        100,
                        20
                    ],
                    "text_id": 87,
                    "uid": 85
                },
                {
                    "coord": [
                        365,
                        130
                    ],
                    "is_working": true,
                    "name": "пл. Боpщагівка",
                    "rect": [
                        250,
                        120,
                        100,
                        20
                    ],
                    "text_id": 88,
                    "uid": 86
                },
                {
                    "coord": [
                        365,
                        94
                    ],
                    "is_working": true,
                    "name": "Київ-Волинський",
                    "rect": [
                        250,
                        84,
                        100,
                        20
                    ],
                    "text_id": 89,
                    "uid": 87
                },
                {
                    "coord": [
                        365,
                        62
                    ],
                    "is_working": true,
                    "name": "Караваеві Дачі",
                    "rect": [
                        250,
                        52,
                        100,
                        20
                    ],
                    "text_id": 90,
                    "uid": 88
                },
                {
                    "coord": [
                        365,
                        32
                    ],
                    "is_working": true,
                    "name": "Київ - Пасаржиський/пл. Північна",
                    "rect": [
                        330,
                        4,
                        100,
                        20
                    ],
                    "text_id": 91,
                    "uid": 89
                }
            ],
            "text_id": 92
        }
    ],
    "lines_width": 9,
    "name": "railways_teterev",
    "name_text_id": 92,
    "stations_diameter": 19.0,
    "transfers": [
        [
            10,
            25,
            null,
            null
        ],
        [
            33,
            9,
            null,
            null
        ],
        [
            26,
            34,
            null,
            null
        ],
        [
            51,
            2,
            [
                365,
                163
            ],
            [
                345,
                163
            ]
        ],
        [
            50,
            4,
            [
                550,
                163
            ],
            [
                550,
                182
            ]
        ],
        [
            89,
            7,
            [
                365,
                32
            ],
            [
                345,
                32
            ]
        ],
        [
            46,
            21,
            [
                550,
                32
            ],
            [
                530,
                32
            ]
        ],
        [
            49,
            30,
            [
                550,
                122
            ],
            [
                530,
                122
            ]
        ]
    ],
    "transports": [
        "metro"
    ],
    "type_name": "Метро",
    "type_text_id": 294,
    "upper_case": true,
    "width": 700,
    "word_wrap": false
}