{
    "default_transports": [
        "train"
    ],
    "height": 555,
    "images": [
        "res/schemes/vostok.svg"
    ],
    "is_vector": true,
    "lines": [
        {
            "labels_bg_color": "-1",
            "labels_color": "000000",
            "line_color": "FB0505",
            "line_width": 9,
            "name": "Ленинская",
            "segments": [],
            "stations": [
                {
                    "coord": null,
                    "is_working": true,
                    "name": "Заельцовская",
                    "rect": null,
                    "text_id": 0,
                    "uid": 0
                },
                {
                    "coord": [
                        125,
                        95
                    ],
                    "is_working": true,
                    "name": "Гагаринская",
                    "rect": [
                        43,
                        81,
                        65,
                        15
                    ],
                    "text_id": 1,
                    "uid": 1
                },
                {
                    "coord": null,
                    "is_working": true,
                    "name": "Красный проспект",
                    "rect": null,
                    "text_id": 2,
                    "uid": 2
                },
                {
                    "coord": null,
                    "is_working": true,
                    "name": "Площадь Ленина",
                    "rect": null,
                    "text_id": 3,
                    "uid": 3
                },
                {
                    "coord": null,
                    "is_working": true,
                    "name": "Октябрьская",
                    "rect": null,
                    "text_id": 4,
                    "uid": 4
                },
                {
                    "coord": null,
                    "is_working": true,
                    "name": "Речной Вокзал",
                    "rect": null,
                    "text_id": 5,
                    "uid": 5
                },
                {
                    "coord": null,
                    "is_working": true,
                    "name": "Студенческая",
                    "rect": null,
                    "text_id": 6,
                    "uid": 6
                },
                {
                    "coord": null,
                    "is_working": true,
                    "name": "Площадь Маркса",
                    "rect": null,
                    "text_id": 7,
                    "uid": 7
                },
                {
                    "coord": null,
                    "is_working": false,
                    "name": "Площадь Станиславского",
                    "rect": null,
                    "text_id": 8,
                    "uid": 8
                }
            ],
            "text_id": 9
        },
        {
            "labels_bg_color": "-1",
            "labels_color": "000000",
            "line_color": "0DA303",
            "line_width": 9,
            "name": "Дзержинская",
            "segments": [],
            "stations": [
                {
                    "coord": [
                        45,
                        225
                    ],
                    "is_working": true,
                    "name": "Площадь Гарина-Михайловского",
                    "rect": [
                        63,
                        216,
                        138,
                        15
                    ],
                    "text_id": 10,
                    "uid": 9
                },
                {
                    "coord": null,
                    "is_working": true,
                    "name": "Сибирская",
                    "rect": null,
                    "text_id": 11,
                    "uid": 10
                },
                {
                    "coord": null,
                    "is_working": true,
                    "name": "Маршала Покрышкина",
                    "rect": null,
                    "text_id": 12,
                    "uid": 11
                },
                {
                    "coord": null,
                    "is_working": true,
                    "name": "Березовая Роща",
                    "rect": null,
                    "text_id": 13,
                    "uid": 12
                },
                {
                    "coord": null,
                    "is_working": true,
                    "name": "Золотая нива",
                    "rect": null,
                    "text_id": 14,
                    "uid": 13
                }
            ],
            "text_id": 15
        },
        {
            "labels_bg_color": "-1",
            "labels_color": "000000",
            "line_color": "202020",
            "line_width": 9,
            "name": "Электропоезда_на_восток",
            "segments": [
                [
                    14,
                    15,
                    [
                        [
                            115,
                            115
                        ],
                        [
                            37.0,
                            146.0
                        ],
                        [
                            25,
                            215
                        ]
                    ],
                    true
                ],
                [
                    15,
                    16,
                    [
                        [
                            225,
                            110
                        ],
                        [
                            115,
                            115
                        ]
                    ],
                    true
                ],
                [
                    16,
                    17,
                    [
                        [
                            315,
                            120
                        ],
                        [
                            225,
                            110
                        ]
                    ],
                    true
                ],
                [
                    17,
                    18,
                    [
                        [
                            340,
                            135
                        ],
                        [
                            315,
                            120
                        ]
                    ],
                    true
                ],
                [
                    18,
                    19,
                    [
                        [
                            365,
                            150
                        ],
                        [
                            340,
                            135
                        ]
                    ],
                    true
                ],
                [
                    18,
                    37,
                    [
                        [
                            465,
                            105
                        ],
                        [
                            340,
                            135
                        ]
                    ],
                    true
                ],
                [
                    19,
                    20,
                    [
                        [
                            390,
                            165
                        ],
                        [
                            365,
                            150
                        ]
                    ],
                    true
                ],
                [
                    20,
                    21,
                    [
                        [
                            415,
                            180
                        ],
                        [
                            390,
                            165
                        ]
                    ],
                    true
                ],
                [
                    21,
                    22,
                    [
                        [
                            440,
                            195
                        ],
                        [
                            415,
                            180
                        ]
                    ],
                    true
                ],
                [
                    22,
                    23,
                    [
                        [
                            465,
                            210
                        ],
                        [
                            440,
                            195
                        ]
                    ],
                    true
                ],
                [
                    23,
                    24,
                    [
                        [
                            490,
                            225
                        ],
                        [
                            465,
                            210
                        ]
                    ],
                    true
                ],
                [
                    24,
                    25,
                    [
                        [
                            515,
                            240
                        ],
                        [
                            490,
                            225
                        ]
                    ],
                    true
                ],
                [
                    25,
                    26,
                    [
                        [
                            540,
                            255
                        ],
                        [
                            515,
                            240
                        ]
                    ],
                    true
                ],
                [
                    26,
                    27,
                    [
                        [
                            565,
                            270
                        ],
                        [
                            540,
                            255
                        ]
                    ],
                    true
                ],
                [
                    27,
                    28,
                    [
                        [
                            590,
                            285
                        ],
                        [
                            565,
                            270
                        ]
                    ],
                    true
                ],
                [
                    28,
                    29,
                    [
                        [
                            615,
                            300
                        ],
                        [
                            590,
                            285
                        ]
                    ],
                    true
                ],
                [
                    29,
                    30,
                    [
                        [
                            640,
                            315
                        ],
                        [
                            615,
                            300
                        ]
                    ],
                    true
                ],
                [
                    30,
                    31,
                    [
                        [
                            665,
                            330
                        ],
                        [
                            640,
                            315
                        ]
                    ],
                    true
                ],
                [
                    31,
                    32,
                    [
                        [
                            690,
                            345
                        ],
                        [
                            665,
                            330
                        ]
                    ],
                    true
                ],
                [
                    32,
                    33,
                    [
                        [
                            715,
                            360
                        ],
                        [
                            690,
                            345
                        ]
                    ],
                    true
                ],
                [
                    33,
                    34,
                    [
                        [
                            740,
                            375
                        ],
                        [
                            715,
                            360
                        ]
                    ],
                    true
                ],
                [
                    34,
                    35,
                    [
                        [
                            765,
                            390
                        ],
                        [
                            740,
                            375
                        ]
                    ],
                    true
                ],
                [
                    35,
                    36,
                    [
                        [
                            790,
                            405
                        ],
                        [
                            765,
                            390
                        ]
                    ],
                    true
                ],
                [
                    37,
                    38,
                    [
                        [
                            465,
                            105
                        ],
                        [
                            515,
                            75
                        ]
                    ],
                    true
                ]
            ],
            "stations": [
                {
                    "coord": [
                        25,
                        215
                    ],
                    "is_working": true,
                    "name": "Новосибирск-Главный",
                    "rect": [
                        40,
                        192,
                        118,
                        15
                    ],
                    "text_id": 16,
                    "uid": 14
                },
                {
                    "coord": [
                        115,
                        115
                    ],
                    "is_working": true,
                    "name": "Гагаринская",
                    "rect": [
                        30,
                        99,
                        65,
                        15
                    ],
                    "text_id": 1,
                    "uid": 15
                },
                {
                    "coord": [
                        225,
                        110
                    ],
                    "is_working": true,
                    "name": "Плехановская",
                    "rect": [
                        172,
                        84,
                        76,
                        15
                    ],
                    "text_id": 17,
                    "uid": 16
                },
                {
                    "coord": [
                        315,
                        120
                    ],
                    "is_working": true,
                    "name": "Новосибирск-Восточный",
                    "rect": [
                        280,
                        94,
                        130,
                        15
                    ],
                    "text_id": 18,
                    "uid": 17
                },
                {
                    "coord": [
                        340,
                        135
                    ],
                    "is_working": true,
                    "name": "Иня",
                    "rect": [
                        307,
                        137,
                        22,
                        15
                    ],
                    "text_id": 19,
                    "uid": 18
                },
                {
                    "coord": [
                        365,
                        150
                    ],
                    "is_working": true,
                    "name": "Юбилейная",
                    "rect": [
                        294,
                        153,
                        62,
                        15
                    ],
                    "text_id": 20,
                    "uid": 19
                },
                {
                    "coord": [
                        390,
                        165
                    ],
                    "is_working": true,
                    "name": "Мочище",
                    "rect": [
                        336,
                        167,
                        44,
                        15
                    ],
                    "text_id": 21,
                    "uid": 20
                },
                {
                    "coord": [
                        415,
                        180
                    ],
                    "is_working": true,
                    "name": "Раздолье",
                    "rect": [
                        352,
                        181,
                        52,
                        15
                    ],
                    "text_id": 22,
                    "uid": 21
                },
                {
                    "coord": [
                        440,
                        195
                    ],
                    "is_working": true,
                    "name": "Барлак",
                    "rect": [
                        389,
                        195,
                        40,
                        15
                    ],
                    "text_id": 23,
                    "uid": 22
                },
                {
                    "coord": [
                        465,
                        210
                    ],
                    "is_working": true,
                    "name": "Сокур",
                    "rect": [
                        417,
                        209,
                        33,
                        15
                    ],
                    "text_id": 24,
                    "uid": 23
                },
                {
                    "coord": [
                        490,
                        225
                    ],
                    "is_working": true,
                    "name": "Зеленодольская",
                    "rect": [
                        390,
                        224,
                        89,
                        15
                    ],
                    "text_id": 25,
                    "uid": 24
                },
                {
                    "coord": [
                        515,
                        240
                    ],
                    "is_working": true,
                    "name": "Кошево",
                    "rect": [
                        463,
                        239,
                        41,
                        15
                    ],
                    "text_id": 26,
                    "uid": 25
                },
                {
                    "coord": [
                        540,
                        255
                    ],
                    "is_working": true,
                    "name": "3388 км.",
                    "rect": [
                        484,
                        255,
                        45,
                        15
                    ],
                    "text_id": 27,
                    "uid": 26
                },
                {
                    "coord": [
                        565,
                        270
                    ],
                    "is_working": true,
                    "name": "Мошково",
                    "rect": [
                        505,
                        270,
                        49,
                        15
                    ],
                    "text_id": 28,
                    "uid": 27
                },
                {
                    "coord": [
                        590,
                        285
                    ],
                    "is_working": true,
                    "name": "Порос",
                    "rect": [
                        545,
                        284,
                        34,
                        15
                    ],
                    "text_id": 29,
                    "uid": 28
                },
                {
                    "coord": [
                        615,
                        300
                    ],
                    "is_working": true,
                    "name": "3406 км.",
                    "rect": [
                        560,
                        299,
                        45,
                        15
                    ],
                    "text_id": 30,
                    "uid": 29
                },
                {
                    "coord": [
                        640,
                        315
                    ],
                    "is_working": true,
                    "name": "Тасино",
                    "rect": [
                        592,
                        314,
                        38,
                        15
                    ],
                    "text_id": 31,
                    "uid": 30
                },
                {
                    "coord": [
                        665,
                        330
                    ],
                    "is_working": true,
                    "name": "Ояш",
                    "rect": [
                        629,
                        330,
                        25,
                        15
                    ],
                    "text_id": 32,
                    "uid": 31
                },
                {
                    "coord": [
                        690,
                        345
                    ],
                    "is_working": true,
                    "name": "Кубово",
                    "rect": [
                        642,
                        344,
                        38,
                        15
                    ],
                    "text_id": 33,
                    "uid": 32
                },
                {
                    "coord": [
                        715,
                        360
                    ],
                    "is_working": true,
                    "name": "3429 км.",
                    "rect": [
                        660,
                        360,
                        45,
                        15
                    ],
                    "text_id": 34,
                    "uid": 33
                },
                {
                    "coord": [
                        740,
                        375
                    ],
                    "is_working": true,
                    "name": "Чебула",
                    "rect": [
                        690,
                        375,
                        40,
                        15
                    ],
                    "text_id": 35,
                    "uid": 34
                },
                {
                    "coord": [
                        765,
                        390
                    ],
                    "is_working": true,
                    "name": "Чахлово",
                    "rect": [
                        708,
                        389,
                        46,
                        15
                    ],
                    "text_id": 36,
                    "uid": 35
                },
                {
                    "coord": [
                        790,
                        405
                    ],
                    "is_working": true,
                    "name": "Болотная",
                    "rect": [
                        727,
                        403,
                        52,
                        15
                    ],
                    "text_id": 37,
                    "uid": 36
                },
                {
                    "coord": [
                        465,
                        105
                    ],
                    "is_working": true,
                    "name": "Школа",
                    "rect": [
                        477,
                        104,
                        36,
                        15
                    ],
                    "text_id": 38,
                    "uid": 37
                },
                {
                    "coord": [
                        515,
                        75
                    ],
                    "is_working": true,
                    "name": "Пашино",
                    "rect": [
                        529,
                        65,
                        43,
                        15
                    ],
                    "text_id": 39,
                    "uid": 38
                }
            ],
            "text_id": 40
        }
    ],
    "lines_width": 9,
    "name": "vostok",
    "name_text_id": 40,
    "stations_diameter": 16.0,
    "transfers": [
        [
            2,
            10,
            null,
            null
        ],
        [
            1,
            15,
            [
                125,
                95
            ],
            [
                115,
                115
            ]
        ],
        [
            9,
            14,
            [
                45,
                225
            ],
            [
                25,
                215
            ]
        ]
    ],
    "transports": [
        "metro",
        "train"
    ],
    "type_name": "Электричка",
    "type_text_id": 151,
    "upper_case": false,
    "width": 940,
    "word_wrap": false
}