{
    "0": "Panam",
    "1": "Sinheung",
    "2": "Dae-dong",
    "3": "Daejeon",
    "4": "Jungangno",
    "5": "Jung-gu Office",
    "6": "Seodaejeonnegeori",
    "7": "Oryong",
    "8": "Yongmun",
    "9": "Tanbang",
    "10": "City Hall",
    "11": "Government Complex Daejeon",
    "12": "Galma",
    "13": "Wolpyeong",
    "14": "Gapcheon",
    "15": "Yuseong Spa",
    "16": "Guam",
    "17": "National Cemetery",
    "18": "World Cup Stadium",
    "19": "Noeun",
    "20": "Jijok",
    "21": "Banseok",
    "22": "1",
    "23": "Метро",
    "24": "ROOT",
    "25": "Схема от 12.08.2019г.\nАвтор: Дмитрий Варламов\nИнформация взята с сайта www.djet.co.kr",
    "26": "Imported from http://pmetro.su"
}