{
    "0": "Tunis Marine",
    "1": "Farhat Hached",
    "2": "Place de Barcelone",
    "3": "Bab Aleoua",
    "4": "Mohamed Manachou",
    "5": "13 Aout",
    "6": "Mohamed Ali",
    "7": "Kabaria",
    "8": "Ibn Sina",
    "9": "Oueridia",
    "10": "Cite Ennour",
    "11": "A.Chabbi",
    "12": "Ben Arous",
    "13": "1",
    "14": "Habib Thameur",
    "15": "Ibn Rachiq",
    "16": "Place de la Republique",
    "17": "Nelson Mandela",
    "18": "Mohamed V",
    "19": "Palestine",
    "20": "Cite Jardins",
    "21": "El Khadra",
    "22": "La Jeunesse",
    "23": "Cite Sportive",
    "24": "10 Decembre 1948",
    "25": "Fell",
    "26": "L'Independance",
    "27": "Ariana",
    "28": "2",
    "29": "Bab el Khadra",
    "30": "Bab el Assel",
    "31": "Bab Saadoune",
    "32": "Meftah Saadallah",
    "33": "Jebel Lahmar",
    "34": "Campus",
    "35": "Cite Ettahrir",
    "36": "Ettadhamen",
    "37": "El Intilaka",
    "38": "3",
    "39": "Bouchoucha",
    "40": "Blvd. 20 Mars",
    "41": "Bardo",
    "42": "Khasnadar",
    "43": "L'Artisanat",
    "44": "Den Den",
    "45": "4",
    "46": "Трамвай",
    "47": "ROOT",
    "48": "Tram\nСхема от 05.06.2007г.\nАвтор: Варламов Дмитрий (www.chpeks.com)",
    "49": "Imported from http://pmetro.su"
}