{
    "0": "Airport",
    "1": "College Park",
    "2": "East Point",
    "3": "Lakewood/Fort McPherson",
    "4": "Oakland City",
    "5": "West End",
    "6": "Garnett",
    "7": "Five Points",
    "8": "Peachtree Center",
    "9": "Civic Center",
    "10": "North Avenue",
    "11": "Midtown",
    "12": "Arts Center",
    "13": "Lindbergh",
    "14": "Buckhead",
    "15": "Medical Center",
    "16": "Dunwoody",
    "17": "Sandy Springs",
    "18": "North Springs",
    "19": "Lenox",
    "20": "Brookhaven",
    "21": "Chamblee",
    "22": "Doraville",
    "23": "North-Sounsh line",
    "24": "Indian Creek",
    "25": "Kensington",
    "26": "Avondale",
    "27": "Decatur",
    "28": "East Lake",
    "29": "Edgewood/Candler Park",
    "30": "Inman Park/Reynoldstown",
    "31": "King Memorial",
    "32": "Georgia State",
    "33": "Omni/Dome/GA World Congress Center",
    "34": "Vine City",
    "35": "Ashby",
    "36": "West Lake",
    "37": "Hamilton E. Holmes",
    "38": "Bankhead",
    "39": "West-East line",
    "40": "Метро",
    "41": "ROOT",
    "42": "Схема от 16.01.2006г.",
    "43": "Imported from http://pmetro.su"
}