{
    "default_transports": [
        "metro"
    ],
    "height": 574,
    "images": [
        "res/schemes/vancouver.svg"
    ],
    "is_vector": true,
    "lines": [
        {
            "labels_bg_color": "-1",
            "labels_color": "000000",
            "line_color": "1C54BC",
            "line_width": 4,
            "name": "Expo Line",
            "segments": [
                [
                    0,
                    1,
                    [
                        [
                            81.0,
                            51.0
                        ],
                        [
                            80.85,
                            48.14
                        ],
                        [
                            81.03,
                            45.56
                        ],
                        [
                            81.54,
                            43.27
                        ],
                        [
                            82.38,
                            41.25
                        ],
                        [
                            83.54,
                            39.52
                        ],
                        [
                            85.03,
                            38.06
                        ],
                        [
                            86.85,
                            36.89
                        ],
                        [
                            89.0,
                            36.0
                        ],
                        [
                            91.48,
                            35.39
                        ],
                        [
                            94.28,
                            35.06
                        ],
                        [
                            97.41,
                            35.02
                        ],
                        [
                            100.88,
                            35.25
                        ],
                        [
                            104.66,
                            35.77
                        ],
                        [
                            108.78,
                            36.56
                        ],
                        [
                            113.23,
                            37.64
                        ],
                        [
                            118.0,
                            39.0
                        ]
                    ],
                    true
                ],
                [
                    1,
                    2,
                    [
                        [
                            97,
                            68
                        ],
                        [
                            81,
                            51
                        ]
                    ],
                    true
                ],
                [
                    2,
                    3,
                    [
                        [
                            112,
                            76
                        ],
                        [
                            97,
                            68
                        ]
                    ],
                    true
                ],
                [
                    3,
                    4,
                    [
                        [
                            137.0,
                            104.0
                        ],
                        [
                            136.27,
                            103.27
                        ],
                        [
                            135.56,
                            102.47
                        ],
                        [
                            134.89,
                            101.58
                        ],
                        [
                            134.25,
                            100.62
                        ],
                        [
                            133.61,
                            99.61
                        ],
                        [
                            133.0,
                            98.51
                        ],
                        [
                            132.45,
                            97.32
                        ],
                        [
                            132.0,
                            96.0
                        ],
                        [
                            131.77,
                            94.47
                        ],
                        [
                            131.62,
                            92.83
                        ],
                        [
                            131.46,
                            91.15
                        ],
                        [
                            131.25,
                            89.44
                        ],
                        [
                            130.95,
                            87.74
                        ],
                        [
                            130.5,
                            86.07
                        ],
                        [
                            129.88,
                            84.47
                        ],
                        [
                            129.0,
                            83.0
                        ],
                        [
                            127.71,
                            81.75
                        ],
                        [
                            126.12,
                            80.64
                        ],
                        [
                            124.3,
                            79.65
                        ],
                        [
                            122.25,
                            78.75
                        ],
                        [
                            120.01,
                            77.92
                        ],
                        [
                            117.56,
                            77.19
                        ],
                        [
                            114.89,
                            76.55
                        ],
                        [
                            112.0,
                            76.0
                        ]
                    ],
                    true
                ],
                [
                    4,
                    5,
                    [
                        [
                            202.0,
                            138.0
                        ],
                        [
                            199.75,
                            135.67
                        ],
                        [
                            197.5,
                            133.44
                        ],
                        [
                            195.25,
                            131.3
                        ],
                        [
                            193.0,
                            129.25
                        ],
                        [
                            190.73,
                            127.29
                        ],
                        [
                            188.46,
                            125.42
                        ],
                        [
                            186.2,
                            123.65
                        ],
                        [
                            184.0,
                            122.0
                        ],
                        [
                            181.93,
                            120.49
                        ],
                        [
                            179.89,
                            119.08
                        ],
                        [
                            177.81,
                            117.75
                        ],
                        [
                            175.69,
                            116.5
                        ],
                        [
                            173.48,
                            115.31
                        ],
                        [
                            171.14,
                            114.17
                        ],
                        [
                            168.67,
                            113.08
                        ],
                        [
                            166.0,
                            112.0
                        ],
                        [
                            163.02,
                            110.91
                        ],
                        [
                            159.82,
                            109.83
                        ],
                        [
                            156.44,
                            108.77
                        ],
                        [
                            152.88,
                            107.75
                        ],
                        [
                            149.16,
                            106.76
                        ],
                        [
                            145.28,
                            105.81
                        ],
                        [
                            141.23,
                            104.89
                        ],
                        [
                            137.0,
                            104.0
                        ]
                    ],
                    true
                ],
                [
                    5,
                    6,
                    [
                        [
                            232.0,
                            188.0
                        ],
                        [
                            229.96,
                            187.24
                        ],
                        [
                            227.97,
                            186.34
                        ],
                        [
                            226.02,
                            185.3
                        ],
                        [
                            224.12,
                            184.12
                        ],
                        [
                            222.29,
                            182.82
                        ],
                        [
                            220.49,
                            181.37
                        ],
                        [
                            218.74,
                            179.77
                        ],
                        [
                            217.0,
                            178.0
                        ],
                        [
                            215.24,
                            176.0
                        ],
                        [
                            213.51,
                            173.85
                        ],
                        [
                            211.84,
                            171.57
                        ],
                        [
                            210.25,
                            169.19
                        ],
                        [
                            208.75,
                            166.72
                        ],
                        [
                            207.37,
                            164.18
                        ],
                        [
                            206.1,
                            161.6
                        ],
                        [
                            205.0,
                            159.0
                        ],
                        [
                            204.11,
                            156.45
                        ],
                        [
                            203.38,
                            153.91
                        ],
                        [
                            202.81,
                            151.34
                        ],
                        [
                            202.38,
                            148.75
                        ],
                        [
                            202.07,
                            146.11
                        ],
                        [
                            201.91,
                            143.44
                        ],
                        [
                            201.88,
                            140.73
                        ],
                        [
                            202.0,
                            138.0
                        ]
                    ],
                    true
                ],
                [
                    6,
                    7,
                    [
                        [
                            253,
                            200
                        ],
                        [
                            232,
                            188
                        ]
                    ],
                    true
                ],
                [
                    7,
                    8,
                    [
                        [
                            289,
                            225
                        ],
                        [
                            253,
                            200
                        ]
                    ],
                    true
                ],
                [
                    8,
                    9,
                    [
                        [
                            331,
                            250
                        ],
                        [
                            289,
                            225
                        ]
                    ],
                    true
                ],
                [
                    9,
                    10,
                    [
                        [
                            360,
                            269
                        ],
                        [
                            331,
                            250
                        ]
                    ],
                    true
                ],
                [
                    10,
                    11,
                    [
                        [
                            388,
                            288
                        ],
                        [
                            360,
                            269
                        ]
                    ],
                    true
                ],
                [
                    11,
                    12,
                    [
                        [
                            453.0,
                            313.0
                        ],
                        [
                            452.49,
                            311.95
                        ],
                        [
                            451.59,
                            310.91
                        ],
                        [
                            450.29,
                            309.88
                        ],
                        [
                            448.62,
                            308.88
                        ],
                        [
                            446.68,
                            307.87
                        ],
                        [
                            444.31,
                            306.89
                        ],
                        [
                            441.48,
                            305.93
                        ],
                        [
                            438.0,
                            305.0
                        ],
                        [
                            433.48,
                            304.13
                        ],
                        [
                            428.41,
                            303.3
                        ],
                        [
                            423.11,
                            302.46
                        ],
                        [
                            417.69,
                            301.62
                        ],
                        [
                            412.3,
                            300.77
                        ],
                        [
                            407.12,
                            299.89
                        ],
                        [
                            402.25,
                            298.97
                        ],
                        [
                            398.0,
                            298.0
                        ],
                        [
                            394.87,
                            296.93
                        ],
                        [
                            392.47,
                            295.8
                        ],
                        [
                            390.61,
                            294.61
                        ],
                        [
                            389.25,
                            293.38
                        ],
                        [
                            388.25,
                            292.1
                        ],
                        [
                            387.69,
                            290.78
                        ],
                        [
                            387.61,
                            289.41
                        ],
                        [
                            388.0,
                            288.0
                        ]
                    ],
                    true
                ],
                [
                    12,
                    13,
                    [
                        [
                            472.0,
                            358.0
                        ],
                        [
                            470.53,
                            358.66
                        ],
                        [
                            469.12,
                            359.12
                        ],
                        [
                            467.78,
                            359.41
                        ],
                        [
                            466.5,
                            359.5
                        ],
                        [
                            465.29,
                            359.41
                        ],
                        [
                            464.13,
                            359.14
                        ],
                        [
                            463.04,
                            358.67
                        ],
                        [
                            462.0,
                            358.0
                        ],
                        [
                            461.0,
                            357.11
                        ],
                        [
                            460.05,
                            356.02
                        ],
                        [
                            459.18,
                            354.75
                        ],
                        [
                            458.38,
                            353.31
                        ],
                        [
                            457.63,
                            351.75
                        ],
                        [
                            456.97,
                            350.02
                        ],
                        [
                            456.41,
                            348.12
                        ],
                        [
                            456.0,
                            346.0
                        ],
                        [
                            455.81,
                            343.56
                        ],
                        [
                            455.75,
                            340.95
                        ],
                        [
                            455.75,
                            338.25
                        ],
                        [
                            455.81,
                            335.5
                        ],
                        [
                            455.89,
                            332.74
                        ],
                        [
                            455.96,
                            330.04
                        ],
                        [
                            456.02,
                            327.42
                        ],
                        [
                            456.0,
                            325.0
                        ],
                        [
                            455.83,
                            322.93
                        ],
                        [
                            455.57,
                            321.09
                        ],
                        [
                            455.25,
                            319.41
                        ],
                        [
                            454.88,
                            317.88
                        ],
                        [
                            454.47,
                            316.45
                        ],
                        [
                            454.03,
                            315.16
                        ],
                        [
                            453.54,
                            314.01
                        ],
                        [
                            453.0,
                            313.0
                        ]
                    ],
                    true
                ],
                [
                    13,
                    14,
                    [
                        [
                            557.0,
                            357.0
                        ],
                        [
                            553.19,
                            358.36
                        ],
                        [
                            549.5,
                            359.44
                        ],
                        [
                            545.94,
                            360.22
                        ],
                        [
                            542.5,
                            360.75
                        ],
                        [
                            539.13,
                            361.09
                        ],
                        [
                            535.89,
                            361.12
                        ],
                        [
                            532.81,
                            360.81
                        ],
                        [
                            530.0,
                            360.0
                        ],
                        [
                            527.64,
                            358.37
                        ],
                        [
                            525.48,
                            356.32
                        ],
                        [
                            523.37,
                            354.13
                        ],
                        [
                            521.25,
                            351.88
                        ],
                        [
                            519.03,
                            349.7
                        ],
                        [
                            516.64,
                            347.74
                        ],
                        [
                            514.02,
                            346.08
                        ],
                        [
                            511.0,
                            345.0
                        ],
                        [
                            507.34,
                            344.89
                        ],
                        [
                            503.23,
                            345.45
                        ],
                        [
                            498.78,
                            346.49
                        ],
                        [
                            494.0,
                            348.0
                        ],
                        [
                            488.96,
                            349.85
                        ],
                        [
                            483.62,
                            352.12
                        ],
                        [
                            477.97,
                            354.84
                        ],
                        [
                            472.0,
                            358.0
                        ]
                    ],
                    true
                ],
                [
                    14,
                    15,
                    [
                        [
                            577,
                            335
                        ],
                        [
                            557,
                            357
                        ]
                    ],
                    true
                ],
                [
                    15,
                    16,
                    [
                        [
                            656.0,
                            348.0
                        ],
                        [
                            651.27,
                            349.18
                        ],
                        [
                            646.72,
                            350.09
                        ],
                        [
                            642.34,
                            350.73
                        ],
                        [
                            638.12,
                            351.12
                        ],
                        [
                            634.06,
                            351.31
                        ],
                        [
                            630.17,
                            351.22
                        ],
                        [
                            626.47,
                            350.82
                        ],
                        [
                            623.0,
                            350.0
                        ],
                        [
                            619.86,
                            348.54
                        ],
                        [
                            616.93,
                            346.72
                        ],
                        [
                            614.13,
                            344.73
                        ],
                        [
                            611.44,
                            342.62
                        ],
                        [
                            608.82,
                            340.51
                        ],
                        [
                            606.23,
                            338.47
                        ],
                        [
                            603.65,
                            336.57
                        ],
                        [
                            601.0,
                            335.0
                        ],
                        [
                            598.17,
                            334.04
                        ],
                        [
                            595.24,
                            333.47
                        ],
                        [
                            592.26,
                            333.17
                        ],
                        [
                            589.25,
                            333.12
                        ],
                        [
                            586.23,
                            333.25
                        ],
                        [
                            583.19,
                            333.59
                        ],
                        [
                            580.11,
                            334.18
                        ],
                        [
                            577.0,
                            335.0
                        ]
                    ],
                    true
                ],
                [
                    16,
                    17,
                    [
                        [
                            700.0,
                            365.0
                        ],
                        [
                            698.66,
                            360.77
                        ],
                        [
                            697.12,
                            356.97
                        ],
                        [
                            695.41,
                            353.59
                        ],
                        [
                            693.5,
                            350.62
                        ],
                        [
                            691.41,
                            348.09
                        ],
                        [
                            689.12,
                            345.97
                        ],
                        [
                            686.66,
                            344.27
                        ],
                        [
                            684.0,
                            343.0
                        ],
                        [
                            681.16,
                            342.15
                        ],
                        [
                            678.12,
                            341.72
                        ],
                        [
                            674.91,
                            341.71
                        ],
                        [
                            671.5,
                            342.12
                        ],
                        [
                            667.91,
                            342.96
                        ],
                        [
                            664.12,
                            344.22
                        ],
                        [
                            660.16,
                            345.9
                        ],
                        [
                            656.0,
                            348.0
                        ]
                    ],
                    true
                ],
                [
                    17,
                    18,
                    [
                        [
                            707,
                            402
                        ],
                        [
                            700,
                            365
                        ]
                    ],
                    true
                ],
                [
                    18,
                    19,
                    [
                        [
                            717.0,
                            424.0
                        ],
                        [
                            714.73,
                            422.86
                        ],
                        [
                            712.69,
                            421.69
                        ],
                        [
                            710.86,
                            420.48
                        ],
                        [
                            709.25,
                            419.25
                        ],
                        [
                            707.86,
                            417.98
                        ],
                        [
                            706.69,
                            416.69
                        ],
                        [
                            705.73,
                            415.36
                        ],
                        [
                            705.0,
                            414.0
                        ],
                        [
                            704.48,
                            412.61
                        ],
                        [
                            704.19,
                            411.19
                        ],
                        [
                            704.11,
                            409.73
                        ],
                        [
                            704.25,
                            408.25
                        ],
                        [
                            704.61,
                            406.73
                        ],
                        [
                            705.19,
                            405.19
                        ],
                        [
                            705.98,
                            403.61
                        ],
                        [
                            707.0,
                            402.0
                        ]
                    ],
                    true
                ]
            ],
            "stations": [
                {
                    "coord": [
                        118,
                        39
                    ],
                    "is_working": true,
                    "name": "Waterfront",
                    "rect": [
                        123,
                        26,
                        42,
                        14
                    ],
                    "text_id": 0,
                    "uid": 0
                },
                {
                    "coord": [
                        81,
                        51
                    ],
                    "is_working": true,
                    "name": "Burrard",
                    "rect": [
                        34,
                        43,
                        40,
                        14
                    ],
                    "text_id": 1,
                    "uid": 1
                },
                {
                    "coord": [
                        97,
                        68
                    ],
                    "is_working": true,
                    "name": "Granville",
                    "rect": [
                        44,
                        63,
                        46,
                        16
                    ],
                    "text_id": 2,
                    "uid": 2
                },
                {
                    "coord": [
                        112,
                        76
                    ],
                    "is_working": true,
                    "name": "Stadium",
                    "rect": [
                        73,
                        84,
                        44,
                        16
                    ],
                    "text_id": 3,
                    "uid": 3
                },
                {
                    "coord": [
                        137,
                        104
                    ],
                    "is_working": true,
                    "name": "Main Street-Science World",
                    "rect": [
                        143,
                        67,
                        138,
                        24
                    ],
                    "text_id": 4,
                    "uid": 4
                },
                {
                    "coord": [
                        202,
                        138
                    ],
                    "is_working": true,
                    "name": "Broadway",
                    "rect": [
                        150,
                        145,
                        52,
                        14
                    ],
                    "text_id": 5,
                    "uid": 5
                },
                {
                    "coord": [
                        232,
                        188
                    ],
                    "is_working": true,
                    "name": "Nanaimo",
                    "rect": [
                        178,
                        187,
                        46,
                        14
                    ],
                    "text_id": 6,
                    "uid": 6
                },
                {
                    "coord": [
                        253,
                        200
                    ],
                    "is_working": true,
                    "name": "29th Avenue",
                    "rect": [
                        272,
                        178,
                        44,
                        26
                    ],
                    "text_id": 7,
                    "uid": 7
                },
                {
                    "coord": [
                        289,
                        225
                    ],
                    "is_working": true,
                    "name": "Joyce",
                    "rect": [
                        249,
                        222,
                        32,
                        14
                    ],
                    "text_id": 8,
                    "uid": 8
                },
                {
                    "coord": [
                        331,
                        250
                    ],
                    "is_working": true,
                    "name": "Patterson",
                    "rect": [
                        272,
                        247,
                        50,
                        16
                    ],
                    "text_id": 9,
                    "uid": 9
                },
                {
                    "coord": [
                        360,
                        269
                    ],
                    "is_working": true,
                    "name": "Metrotown",
                    "rect": [
                        303,
                        271,
                        52,
                        14
                    ],
                    "text_id": 10,
                    "uid": 10
                },
                {
                    "coord": [
                        388,
                        288
                    ],
                    "is_working": true,
                    "name": "Royal Oak",
                    "rect": [
                        353,
                        294,
                        36,
                        26
                    ],
                    "text_id": 11,
                    "uid": 11
                },
                {
                    "coord": [
                        453,
                        313
                    ],
                    "is_working": true,
                    "name": "Edmonds",
                    "rect": [
                        458,
                        294,
                        48,
                        16
                    ],
                    "text_id": 12,
                    "uid": 12
                },
                {
                    "coord": [
                        472,
                        358
                    ],
                    "is_working": true,
                    "name": "22th Street",
                    "rect": [
                        453,
                        368,
                        36,
                        28
                    ],
                    "text_id": 13,
                    "uid": 13
                },
                {
                    "coord": [
                        557,
                        357
                    ],
                    "is_working": true,
                    "name": "New Westminster",
                    "rect": [
                        515,
                        360,
                        74,
                        30
                    ],
                    "text_id": 14,
                    "uid": 14
                },
                {
                    "coord": [
                        577,
                        335
                    ],
                    "is_working": true,
                    "name": "Columbia",
                    "rect": [
                        520,
                        313,
                        48,
                        14
                    ],
                    "text_id": 15,
                    "uid": 15
                },
                {
                    "coord": [
                        656,
                        348
                    ],
                    "is_working": true,
                    "name": "Scott Road",
                    "rect": [
                        642,
                        312,
                        34,
                        28
                    ],
                    "text_id": 16,
                    "uid": 16
                },
                {
                    "coord": [
                        700,
                        365
                    ],
                    "is_working": true,
                    "name": "Gateway",
                    "rect": [
                        708,
                        358,
                        44,
                        14
                    ],
                    "text_id": 17,
                    "uid": 17
                },
                {
                    "coord": [
                        707,
                        402
                    ],
                    "is_working": true,
                    "name": "Surrey Central",
                    "rect": [
                        655,
                        391,
                        44,
                        28
                    ],
                    "text_id": 18,
                    "uid": 18
                },
                {
                    "coord": [
                        717,
                        424
                    ],
                    "is_working": true,
                    "name": "King George",
                    "rect": [
                        725,
                        409,
                        42,
                        26
                    ],
                    "text_id": 19,
                    "uid": 19
                }
            ],
            "text_id": 20
        },
        {
            "labels_bg_color": "-1",
            "labels_color": "000000",
            "line_color": "FFD520",
            "line_width": 4,
            "name": "Millenium Line",
            "segments": [
                [
                    20,
                    21,
                    [
                        [
                            88.0,
                            54.0
                        ],
                        [
                            87.06,
                            51.32
                        ],
                        [
                            86.5,
                            48.91
                        ],
                        [
                            86.31,
                            46.76
                        ],
                        [
                            86.5,
                            44.88
                        ],
                        [
                            87.06,
                            43.26
                        ],
                        [
                            88.0,
                            41.91
                        ],
                        [
                            89.31,
                            40.82
                        ],
                        [
                            91.0,
                            40.0
                        ],
                        [
                            93.06,
                            39.45
                        ],
                        [
                            95.5,
                            39.16
                        ],
                        [
                            98.31,
                            39.13
                        ],
                        [
                            101.5,
                            39.38
                        ],
                        [
                            105.06,
                            39.88
                        ],
                        [
                            109.0,
                            40.66
                        ],
                        [
                            113.31,
                            41.7
                        ],
                        [
                            118.0,
                            43.0
                        ]
                    ],
                    true
                ],
                [
                    21,
                    22,
                    [
                        [
                            105,
                            65
                        ],
                        [
                            88,
                            54
                        ]
                    ],
                    true
                ],
                [
                    22,
                    23,
                    [
                        [
                            120,
                            73
                        ],
                        [
                            105,
                            65
                        ]
                    ],
                    true
                ],
                [
                    23,
                    24,
                    [
                        [
                            146.0,
                            101.0
                        ],
                        [
                            144.42,
                            101.21
                        ],
                        [
                            142.94,
                            101.22
                        ],
                        [
                            141.55,
                            101.02
                        ],
                        [
                            140.25,
                            100.62
                        ],
                        [
                            139.02,
                            100.07
                        ],
                        [
                            137.88,
                            99.31
                        ],
                        [
                            136.86,
                            98.31
                        ],
                        [
                            136.0,
                            97.0
                        ],
                        [
                            135.4,
                            95.22
                        ],
                        [
                            134.93,
                            93.16
                        ],
                        [
                            134.51,
                            90.97
                        ],
                        [
                            134.12,
                            88.69
                        ],
                        [
                            133.72,
                            86.38
                        ],
                        [
                            133.26,
                            84.12
                        ],
                        [
                            132.71,
                            81.95
                        ],
                        [
                            132.0,
                            80.0
                        ],
                        [
                            131.0,
                            78.48
                        ],
                        [
                            129.8,
                            77.22
                        ],
                        [
                            128.47,
                            76.15
                        ],
                        [
                            127.0,
                            75.25
                        ],
                        [
                            125.43,
                            74.46
                        ],
                        [
                            123.75,
                            73.81
                        ],
                        [
                            121.94,
                            73.33
                        ],
                        [
                            120.0,
                            73.0
                        ]
                    ],
                    true
                ],
                [
                    24,
                    25,
                    [
                        [
                            210.0,
                            141.0
                        ],
                        [
                            207.36,
                            137.7
                        ],
                        [
                            204.69,
                            134.56
                        ],
                        [
                            201.98,
                            131.58
                        ],
                        [
                            199.25,
                            128.75
                        ],
                        [
                            196.5,
                            126.07
                        ],
                        [
                            193.72,
                            123.55
                        ],
                        [
                            190.89,
                            121.19
                        ],
                        [
                            188.0,
                            119.0
                        ],
                        [
                            184.98,
                            117.02
                        ],
                        [
                            181.91,
                            115.2
                        ],
                        [
                            178.82,
                            113.53
                        ],
                        [
                            175.75,
                            112.0
                        ],
                        [
                            172.71,
                            110.59
                        ],
                        [
                            169.72,
                            109.3
                        ],
                        [
                            166.8,
                            108.11
                        ],
                        [
                            164.0,
                            107.0
                        ],
                        [
                            161.39,
                            105.94
                        ],
                        [
                            158.91,
                            104.95
                        ],
                        [
                            156.53,
                            104.06
                        ],
                        [
                            154.25,
                            103.25
                        ],
                        [
                            152.05,
                            102.55
                        ],
                        [
                            149.94,
                            101.94
                        ],
                        [
                            147.92,
                            101.42
                        ],
                        [
                            146.0,
                            101.0
                        ]
                    ],
                    true
                ],
                [
                    25,
                    26,
                    [
                        [
                            240.0,
                            188.0
                        ],
                        [
                            236.77,
                            186.41
                        ],
                        [
                            233.72,
                            184.78
                        ],
                        [
                            230.84,
                            183.1
                        ],
                        [
                            228.12,
                            181.38
                        ],
                        [
                            225.59,
                            179.61
                        ],
                        [
                            223.22,
                            177.8
                        ],
                        [
                            221.02,
                            175.93
                        ],
                        [
                            219.0,
                            174.0
                        ],
                        [
                            217.15,
                            171.97
                        ],
                        [
                            215.47,
                            169.89
                        ],
                        [
                            213.96,
                            167.77
                        ],
                        [
                            212.62,
                            165.62
                        ],
                        [
                            211.46,
                            163.46
                        ],
                        [
                            210.47,
                            161.3
                        ],
                        [
                            209.65,
                            159.13
                        ],
                        [
                            209.0,
                            157.0
                        ],
                        [
                            208.52,
                            154.93
                        ],
                        [
                            208.22,
                            152.89
                        ],
                        [
                            208.09,
                            150.87
                        ],
                        [
                            208.12,
                            148.88
                        ],
                        [
                            208.34,
                            146.88
                        ],
                        [
                            208.72,
                            144.91
                        ],
                        [
                            209.27,
                            142.95
                        ],
                        [
                            210.0,
                            141.0
                        ]
                    ],
                    true
                ],
                [
                    26,
                    27,
                    [
                        [
                            262,
                            200
                        ],
                        [
                            240,
                            188
                        ]
                    ],
                    true
                ],
                [
                    27,
                    28,
                    [
                        [
                            298,
                            226
                        ],
                        [
                            262,
                            200
                        ]
                    ],
                    true
                ],
                [
                    28,
                    29,
                    [
                        [
                            341,
                            250
                        ],
                        [
                            298,
                            226
                        ]
                    ],
                    true
                ],
                [
                    29,
                    30,
                    [
                        [
                            369,
                            269
                        ],
                        [
                            341,
                            250
                        ]
                    ],
                    true
                ],
                [
                    30,
                    31,
                    [
                        [
                            396,
                            289
                        ],
                        [
                            369,
                            269
                        ]
                    ],
                    true
                ],
                [
                    31,
                    32,
                    [
                        [
                            463.0,
                            315.0
                        ],
                        [
                            460.19,
                            312.76
                        ],
                        [
                            457.25,
                            310.66
                        ],
                        [
                            454.18,
                            308.7
                        ],
                        [
                            451.0,
                            306.88
                        ],
                        [
                            447.76,
                            305.17
                        ],
                        [
                            444.39,
                            303.61
                        ],
                        [
                            440.84,
                            302.21
                        ],
                        [
                            437.0,
                            301.0
                        ],
                        [
                            432.62,
                            300.06
                        ],
                        [
                            428.02,
                            299.29
                        ],
                        [
                            423.39,
                            298.63
                        ],
                        [
                            418.81,
                            298.06
                        ],
                        [
                            414.38,
                            297.55
                        ],
                        [
                            410.2,
                            297.05
                        ],
                        [
                            406.34,
                            296.56
                        ],
                        [
                            403.0,
                            296.0
                        ],
                        [
                            400.49,
                            295.28
                        ],
                        [
                            398.58,
                            294.48
                        ],
                        [
                            397.13,
                            293.63
                        ],
                        [
                            396.12,
                            292.75
                        ],
                        [
                            395.47,
                            291.86
                        ],
                        [
                            395.22,
                            290.94
                        ],
                        [
                            395.4,
                            289.98
                        ],
                        [
                            396.0,
                            289.0
                        ]
                    ],
                    true
                ],
                [
                    32,
                    33,
                    [
                        [
                            477.0,
                            352.0
                        ],
                        [
                            475.12,
                            352.96
                        ],
                        [
                            473.34,
                            353.72
                        ],
                        [
                            471.68,
                            354.27
                        ],
                        [
                            470.12,
                            354.62
                        ],
                        [
                            468.68,
                            354.79
                        ],
                        [
                            467.34,
                            354.75
                        ],
                        [
                            466.11,
                            354.49
                        ],
                        [
                            465.0,
                            354.0
                        ],
                        [
                            464.01,
                            353.22
                        ],
                        [
                            463.13,
                            352.22
                        ],
                        [
                            462.36,
                            351.04
                        ],
                        [
                            461.69,
                            349.69
                        ],
                        [
                            461.11,
                            348.21
                        ],
                        [
                            460.63,
                            346.61
                        ],
                        [
                            460.26,
                            344.87
                        ],
                        [
                            460.0,
                            343.0
                        ],
                        [
                            459.88,
                            340.98
                        ],
                        [
                            459.87,
                            338.86
                        ],
                        [
                            459.93,
                            336.7
                        ],
                        [
                            460.06,
                            334.5
                        ],
                        [
                            460.25,
                            332.29
                        ],
                        [
                            460.48,
                            330.11
                        ],
                        [
                            460.74,
                            327.99
                        ],
                        [
                            461.0,
                            326.0
                        ],
                        [
                            461.22,
                            324.24
                        ],
                        [
                            461.43,
                            322.64
                        ],
                        [
                            461.64,
                            321.15
                        ],
                        [
                            461.88,
                            319.75
                        ],
                        [
                            462.13,
                            318.42
                        ],
                        [
                            462.41,
                            317.19
                        ],
                        [
                            462.7,
                            316.05
                        ],
                        [
                            463.0,
                            315.0
                        ]
                    ],
                    true
                ],
                [
                    33,
                    34,
                    [
                        [
                            560.0,
                            350.0
                        ],
                        [
                            556.3,
                            351.9
                        ],
                        [
                            552.69,
                            353.47
                        ],
                        [
                            549.18,
                            354.7
                        ],
                        [
                            545.75,
                            355.62
                        ],
                        [
                            542.38,
                            356.31
                        ],
                        [
                            539.11,
                            356.65
                        ],
                        [
                            535.96,
                            356.6
                        ],
                        [
                            533.0,
                            356.0
                        ],
                        [
                            530.37,
                            354.52
                        ],
                        [
                            527.89,
                            352.57
                        ],
                        [
                            525.45,
                            350.43
                        ],
                        [
                            523.0,
                            348.19
                        ],
                        [
                            520.49,
                            345.99
                        ],
                        [
                            517.86,
                            343.96
                        ],
                        [
                            515.07,
                            342.21
                        ],
                        [
                            512.0,
                            341.0
                        ],
                        [
                            508.48,
                            340.75
                        ],
                        [
                            504.64,
                            341.13
                        ],
                        [
                            500.56,
                            341.97
                        ],
                        [
                            496.25,
                            343.25
                        ],
                        [
                            491.76,
                            344.84
                        ],
                        [
                            487.06,
                            346.81
                        ],
                        [
                            482.14,
                            349.2
                        ],
                        [
                            477.0,
                            352.0
                        ]
                    ],
                    true
                ],
                [
                    34,
                    35,
                    [
                        [
                            579,
                            326
                        ],
                        [
                            560,
                            350
                        ]
                    ],
                    true
                ],
                [
                    35,
                    36,
                    [
                        [
                            607.0,
                            278.0
                        ],
                        [
                            606.89,
                            282.41
                        ],
                        [
                            606.56,
                            286.62
                        ],
                        [
                            606.02,
                            290.66
                        ],
                        [
                            605.25,
                            294.5
                        ],
                        [
                            604.27,
                            298.16
                        ],
                        [
                            603.06,
                            301.62
                        ],
                        [
                            601.64,
                            304.91
                        ],
                        [
                            600.0,
                            308.0
                        ],
                        [
                            598.14,
                            310.91
                        ],
                        [
                            596.06,
                            313.62
                        ],
                        [
                            593.77,
                            316.16
                        ],
                        [
                            591.25,
                            318.5
                        ],
                        [
                            588.52,
                            320.66
                        ],
                        [
                            585.56,
                            322.62
                        ],
                        [
                            582.39,
                            324.41
                        ],
                        [
                            579.0,
                            326.0
                        ]
                    ],
                    true
                ],
                [
                    36,
                    37,
                    [
                        [
                            625,
                            250
                        ],
                        [
                            607,
                            278
                        ]
                    ],
                    true
                ],
                [
                    37,
                    38,
                    [
                        [
                            600,
                            193
                        ],
                        [
                            601.0,
                            211.0
                        ],
                        [
                            626.0,
                            233.0
                        ],
                        [
                            625,
                            250
                        ]
                    ],
                    true
                ],
                [
                    38,
                    39,
                    [
                        [
                            546,
                            171
                        ],
                        [
                            580.0,
                            178.0
                        ],
                        [
                            600,
                            193
                        ]
                    ],
                    true
                ],
                [
                    39,
                    40,
                    [
                        [
                            503,
                            168
                        ],
                        [
                            546,
                            171
                        ]
                    ],
                    true
                ],
                [
                    40,
                    41,
                    [
                        [
                            448,
                            158
                        ],
                        [
                            479.0,
                            156.0
                        ],
                        [
                            503,
                            168
                        ]
                    ],
                    true
                ],
                [
                    41,
                    42,
                    [
                        [
                            403,
                            136
                        ],
                        [
                            448,
                            158
                        ]
                    ],
                    true
                ],
                [
                    42,
                    43,
                    [
                        [
                            362,
                            127
                        ],
                        [
                            403,
                            136
                        ]
                    ],
                    true
                ],
                [
                    43,
                    44,
                    [
                        [
                            330,
                            132
                        ],
                        [
                            362,
                            127
                        ]
                    ],
                    true
                ],
                [
                    44,
                    45,
                    [
                        [
                            284,
                            146
                        ],
                        [
                            330,
                            132
                        ]
                    ],
                    true
                ],
                [
                    45,
                    46,
                    [
                        [
                            256,
                            152
                        ],
                        [
                            284,
                            146
                        ]
                    ],
                    true
                ],
                [
                    46,
                    47,
                    [
                        [
                            210,
                            133
                        ],
                        [
                            231.0,
                            154.0
                        ],
                        [
                            256,
                            152
                        ]
                    ],
                    true
                ],
                [
                    47,
                    48,
                    [
                        [
                            162,
                            127
                        ],
                        [
                            202.0,
                            127.0
                        ],
                        [
                            210,
                            133
                        ]
                    ],
                    true
                ]
            ],
            "stations": [
                {
                    "coord": [
                        118,
                        43
                    ],
                    "is_working": true,
                    "name": "Waterfront",
                    "rect": [
                        123,
                        26,
                        42,
                        14
                    ],
                    "text_id": 0,
                    "uid": 20
                },
                {
                    "coord": [
                        88,
                        54
                    ],
                    "is_working": true,
                    "name": "Burrard",
                    "rect": [
                        34,
                        43,
                        40,
                        14
                    ],
                    "text_id": 1,
                    "uid": 21
                },
                {
                    "coord": [
                        105,
                        65
                    ],
                    "is_working": true,
                    "name": "Granville",
                    "rect": [
                        44,
                        63,
                        46,
                        16
                    ],
                    "text_id": 2,
                    "uid": 22
                },
                {
                    "coord": [
                        120,
                        73
                    ],
                    "is_working": true,
                    "name": "Stadium",
                    "rect": [
                        73,
                        84,
                        44,
                        16
                    ],
                    "text_id": 3,
                    "uid": 23
                },
                {
                    "coord": [
                        146,
                        101
                    ],
                    "is_working": true,
                    "name": "Main Street-Science World",
                    "rect": [
                        143,
                        67,
                        138,
                        24
                    ],
                    "text_id": 4,
                    "uid": 24
                },
                {
                    "coord": [
                        210,
                        141
                    ],
                    "is_working": true,
                    "name": "Broadway",
                    "rect": [
                        150,
                        145,
                        52,
                        14
                    ],
                    "text_id": 5,
                    "uid": 25
                },
                {
                    "coord": [
                        240,
                        188
                    ],
                    "is_working": true,
                    "name": "Nanaimo",
                    "rect": [
                        178,
                        187,
                        46,
                        14
                    ],
                    "text_id": 6,
                    "uid": 26
                },
                {
                    "coord": [
                        262,
                        200
                    ],
                    "is_working": true,
                    "name": "29th Avenue",
                    "rect": [
                        272,
                        178,
                        44,
                        26
                    ],
                    "text_id": 7,
                    "uid": 27
                },
                {
                    "coord": [
                        298,
                        226
                    ],
                    "is_working": true,
                    "name": "Joyce",
                    "rect": [
                        249,
                        222,
                        32,
                        14
                    ],
                    "text_id": 8,
                    "uid": 28
                },
                {
                    "coord": [
                        341,
                        250
                    ],
                    "is_working": true,
                    "name": "Patterson",
                    "rect": [
                        272,
                        247,
                        50,
                        16
                    ],
                    "text_id": 9,
                    "uid": 29
                },
                {
                    "coord": [
                        369,
                        269
                    ],
                    "is_working": true,
                    "name": "Metrotown",
                    "rect": [
                        303,
                        271,
                        52,
                        14
                    ],
                    "text_id": 10,
                    "uid": 30
                },
                {
                    "coord": [
                        396,
                        289
                    ],
                    "is_working": true,
                    "name": "Royal Oak",
                    "rect": [
                        353,
                        294,
                        36,
                        26
                    ],
                    "text_id": 11,
                    "uid": 31
                },
                {
                    "coord": [
                        463,
                        315
                    ],
                    "is_working": true,
                    "name": "Edmonds",
                    "rect": [
                        458,
                        294,
                        48,
                        16
                    ],
                    "text_id": 12,
                    "uid": 32
                },
                {
                    "coord": [
                        477,
                        352
                    ],
                    "is_working": true,
                    "name": "22th Street",
                    "rect": [
                        453,
                        368,
                        36,
                        28
                    ],
                    "text_id": 13,
                    "uid": 33
                },
                {
                    "coord": [
                        560,
                        350
                    ],
                    "is_working": true,
                    "name": "New Westminster",
                    "rect": [
                        515,
                        360,
                        74,
                        30
                    ],
                    "text_id": 14,
                    "uid": 34
                },
                {
                    "coord": [
                        579,
                        326
                    ],
                    "is_working": true,
                    "name": "Columbia",
                    "rect": [
                        520,
                        313,
                        48,
                        14
                    ],
                    "text_id": 15,
                    "uid": 35
                },
                {
                    "coord": [
                        607,
                        278
                    ],
                    "is_working": true,
                    "name": "Sapperton",
                    "rect": [
                        616,
                        271,
                        60,
                        15
                    ],
                    "text_id": 21,
                    "uid": 36
                },
                {
                    "coord": [
                        625,
                        250
                    ],
                    "is_working": true,
                    "name": "Braid",
                    "rect": [
                        634,
                        242,
                        35,
                        16
                    ],
                    "text_id": 22,
                    "uid": 37
                },
                {
                    "coord": [
                        600,
                        193
                    ],
                    "is_working": true,
                    "name": "Lougheed Town Centre",
                    "rect": [
                        608,
                        180,
                        70,
                        28
                    ],
                    "text_id": 23,
                    "uid": 38
                },
                {
                    "coord": [
                        546,
                        171
                    ],
                    "is_working": true,
                    "name": "Production Way-University",
                    "rect": [
                        520,
                        139,
                        90,
                        28
                    ],
                    "text_id": 24,
                    "uid": 39
                },
                {
                    "coord": [
                        503,
                        168
                    ],
                    "is_working": true,
                    "name": "Lake City Way",
                    "rect": [
                        475,
                        175,
                        50,
                        28
                    ],
                    "text_id": 25,
                    "uid": 40
                },
                {
                    "coord": [
                        448,
                        158
                    ],
                    "is_working": true,
                    "name": "Sperling-Burnaby Lake",
                    "rect": [
                        369,
                        163,
                        100,
                        28
                    ],
                    "text_id": 26,
                    "uid": 41
                },
                {
                    "coord": [
                        403,
                        136
                    ],
                    "is_working": true,
                    "name": "Holdom",
                    "rect": [
                        409,
                        120,
                        50,
                        14
                    ],
                    "text_id": 27,
                    "uid": 42
                },
                {
                    "coord": [
                        362,
                        127
                    ],
                    "is_working": true,
                    "name": "Brentwood Town Centre",
                    "rect": [
                        327,
                        90,
                        78,
                        28
                    ],
                    "text_id": 28,
                    "uid": 43
                },
                {
                    "coord": [
                        330,
                        132
                    ],
                    "is_working": true,
                    "name": "Gilmore",
                    "rect": [
                        312,
                        142,
                        45,
                        14
                    ],
                    "text_id": 29,
                    "uid": 44
                },
                {
                    "coord": [
                        284,
                        146
                    ],
                    "is_working": true,
                    "name": "Rupert",
                    "rect": [
                        253,
                        127,
                        40,
                        14
                    ],
                    "text_id": 30,
                    "uid": 45
                },
                {
                    "coord": [
                        256,
                        152
                    ],
                    "is_working": true,
                    "name": "Renfrew",
                    "rect": [
                        239,
                        159,
                        50,
                        14
                    ],
                    "text_id": 31,
                    "uid": 46
                },
                {
                    "coord": [
                        210,
                        133
                    ],
                    "is_working": true,
                    "name": "Commercial Drive",
                    "rect": [
                        212,
                        100,
                        75,
                        28
                    ],
                    "text_id": 32,
                    "uid": 47
                },
                {
                    "coord": [
                        162,
                        127
                    ],
                    "is_working": true,
                    "name": "VCC-Clark",
                    "rect": [
                        95,
                        121,
                        60,
                        14
                    ],
                    "text_id": 33,
                    "uid": 48
                }
            ],
            "text_id": 34
        }
    ],
    "lines_width": 4,
    "name": "metro",
    "name_text_id": 35,
    "stations_diameter": 11.0,
    "transfers": [
        [
            0,
            20,
            [
                118,
                39
            ],
            [
                118,
                43
            ]
        ],
        [
            7,
            27,
            [
                253,
                200
            ],
            [
                262,
                200
            ]
        ],
        [
            8,
            28,
            [
                289,
                225
            ],
            [
                298,
                226
            ]
        ],
        [
            9,
            29,
            [
                331,
                250
            ],
            [
                341,
                250
            ]
        ],
        [
            10,
            30,
            [
                360,
                269
            ],
            [
                369,
                269
            ]
        ],
        [
            11,
            31,
            [
                388,
                288
            ],
            [
                396,
                289
            ]
        ],
        [
            12,
            32,
            [
                453,
                313
            ],
            [
                463,
                315
            ]
        ],
        [
            13,
            33,
            [
                472,
                358
            ],
            [
                477,
                352
            ]
        ],
        [
            14,
            34,
            [
                557,
                357
            ],
            [
                560,
                350
            ]
        ],
        [
            15,
            35,
            [
                577,
                335
            ],
            [
                579,
                326
            ]
        ],
        [
            1,
            21,
            [
                81,
                51
            ],
            [
                88,
                54
            ]
        ],
        [
            2,
            22,
            [
                97,
                68
            ],
            [
                105,
                65
            ]
        ],
        [
            3,
            23,
            [
                112,
                76
            ],
            [
                120,
                73
            ]
        ],
        [
            4,
            24,
            [
                137,
                104
            ],
            [
                146,
                101
            ]
        ],
        [
            5,
            25,
            [
                202,
                138
            ],
            [
                210,
                141
            ]
        ],
        [
            5,
            47,
            [
                202,
                138
            ],
            [
                210,
                133
            ]
        ],
        [
            25,
            47,
            [
                210,
                141
            ],
            [
                210,
                133
            ]
        ],
        [
            6,
            26,
            [
                232,
                188
            ],
            [
                240,
                188
            ]
        ]
    ],
    "transports": [
        "metro"
    ],
    "type_name": "ROOT",
    "type_text_id": 36,
    "upper_case": false,
    "width": 867,
    "word_wrap": true
}