{
    "default_transports": [
        "metro"
    ],
    "height": 900,
    "images": [
        "res/schemes/kharkiv.svg"
    ],
    "is_vector": true,
    "lines": [
        {
            "labels_bg_color": "-1",
            "labels_color": "E41c0c",
            "line_color": "E41c0c",
            "line_width": 10,
            "name": "Холодногірсько-Заводська",
            "segments": [
                [
                    0,
                    1,
                    [
                        [
                            66,
                            491
                        ],
                        [
                            25,
                            560
                        ]
                    ],
                    false
                ],
                [
                    1,
                    2,
                    [
                        [
                            123,
                            431
                        ],
                        [
                            66,
                            491
                        ]
                    ],
                    true
                ],
                [
                    2,
                    3,
                    [
                        [
                            164,
                            404
                        ],
                        [
                            123,
                            431
                        ]
                    ],
                    true
                ],
                [
                    3,
                    4,
                    [
                        [
                            195,
                            390
                        ],
                        [
                            164,
                            404
                        ]
                    ],
                    true
                ],
                [
                    4,
                    5,
                    [
                        [
                            237,
                            443
                        ],
                        [
                            195,
                            390
                        ]
                    ],
                    true
                ],
                [
                    5,
                    6,
                    [
                        [
                            301,
                            476
                        ],
                        [
                            237,
                            443
                        ]
                    ],
                    true
                ],
                [
                    6,
                    7,
                    [
                        [
                            351,
                            513
                        ],
                        [
                            301,
                            476
                        ]
                    ],
                    true
                ],
                [
                    7,
                    8,
                    [
                        [
                            408,
                            498
                        ],
                        [
                            351,
                            513
                        ]
                    ],
                    true
                ],
                [
                    8,
                    9,
                    [
                        [
                            464,
                            503
                        ],
                        [
                            408,
                            498
                        ]
                    ],
                    true
                ],
                [
                    9,
                    10,
                    [
                        [
                            521,
                            529
                        ],
                        [
                            464,
                            503
                        ]
                    ],
                    true
                ],
                [
                    10,
                    11,
                    [
                        [
                            568,
                            550
                        ],
                        [
                            521,
                            529
                        ]
                    ],
                    true
                ],
                [
                    11,
                    12,
                    [
                        [
                            623,
                            574
                        ],
                        [
                            568,
                            550
                        ]
                    ],
                    true
                ],
                [
                    12,
                    13,
                    [
                        [
                            694,
                            605
                        ],
                        [
                            623,
                            574
                        ]
                    ],
                    true
                ],
                [
                    13,
                    14,
                    [
                        [
                            743,
                            640
                        ],
                        [
                            694,
                            605
                        ]
                    ],
                    false
                ],
                [
                    14,
                    15,
                    [
                        [
                            782,
                            695
                        ],
                        [
                            743,
                            640
                        ]
                    ],
                    false
                ],
                [
                    15,
                    16,
                    [
                        [
                            786,
                            750
                        ],
                        [
                            782,
                            695
                        ]
                    ],
                    false
                ]
            ],
            "stations": [
                {
                    "coord": [
                        25,
                        560
                    ],
                    "is_working": false,
                    "name": "Залютіне",
                    "rect": [
                        34,
                        554,
                        59,
                        15
                    ],
                    "text_id": 0,
                    "uid": 0
                },
                {
                    "coord": [
                        66,
                        491
                    ],
                    "is_working": true,
                    "name": "Холодна Гора",
                    "rect": [
                        75,
                        491,
                        57,
                        28
                    ],
                    "text_id": 1,
                    "uid": 1
                },
                {
                    "coord": [
                        123,
                        431
                    ],
                    "is_working": true,
                    "name": "Південний Вокзал",
                    "rect": [
                        43,
                        410,
                        69,
                        28
                    ],
                    "text_id": 2,
                    "uid": 2
                },
                {
                    "coord": [
                        164,
                        404
                    ],
                    "is_working": true,
                    "name": "Центральний ринок",
                    "rect": [
                        66,
                        382,
                        87,
                        28
                    ],
                    "text_id": 3,
                    "uid": 3
                },
                {
                    "coord": [
                        195,
                        390
                    ],
                    "is_working": true,
                    "name": "Радянська",
                    "rect": [
                        180,
                        404,
                        70,
                        15
                    ],
                    "text_id": 4,
                    "uid": 4
                },
                {
                    "coord": [
                        237,
                        443
                    ],
                    "is_working": true,
                    "name": "Проспект Гагаріна",
                    "rect": [
                        198,
                        459,
                        62,
                        28
                    ],
                    "text_id": 5,
                    "uid": 5
                },
                {
                    "coord": [
                        301,
                        476
                    ],
                    "is_working": true,
                    "name": "Спортивна",
                    "rect": [
                        316,
                        466,
                        71,
                        15
                    ],
                    "text_id": 6,
                    "uid": 6
                },
                {
                    "coord": [
                        351,
                        513
                    ],
                    "is_working": true,
                    "name": "Завод ім. Малишева",
                    "rect": [
                        306,
                        522,
                        85,
                        28
                    ],
                    "text_id": 7,
                    "uid": 7
                },
                {
                    "coord": [
                        408,
                        498
                    ],
                    "is_working": true,
                    "name": "Московський проспект",
                    "rect": [
                        410,
                        461,
                        89,
                        28
                    ],
                    "text_id": 8,
                    "uid": 8
                },
                {
                    "coord": [
                        464,
                        503
                    ],
                    "is_working": true,
                    "name": "Маршала Жукова",
                    "rect": [
                        425,
                        513,
                        61,
                        28
                    ],
                    "text_id": 9,
                    "uid": 9
                },
                {
                    "coord": [
                        521,
                        529
                    ],
                    "is_working": true,
                    "name": "Радяньскої Армии",
                    "rect": [
                        470,
                        544,
                        75,
                        28
                    ],
                    "text_id": 10,
                    "uid": 10
                },
                {
                    "coord": [
                        568,
                        550
                    ],
                    "is_working": true,
                    "name": "Ім. О.С.Масельского",
                    "rect": [
                        573,
                        514,
                        107,
                        28
                    ],
                    "text_id": 11,
                    "uid": 11
                },
                {
                    "coord": [
                        623,
                        574
                    ],
                    "is_working": true,
                    "name": "Тракторний Завод",
                    "rect": [
                        636,
                        547,
                        76,
                        28
                    ],
                    "text_id": 12,
                    "uid": 12
                },
                {
                    "coord": [
                        694,
                        605
                    ],
                    "is_working": true,
                    "name": "Пролетарська",
                    "rect": [
                        699,
                        582,
                        90,
                        15
                    ],
                    "text_id": 13,
                    "uid": 13
                },
                {
                    "coord": [
                        743,
                        640
                    ],
                    "is_working": false,
                    "name": "Східна",
                    "rect": [
                        688,
                        640,
                        43,
                        15
                    ],
                    "text_id": 14,
                    "uid": 14
                },
                {
                    "coord": [
                        782,
                        695
                    ],
                    "is_working": false,
                    "name": "Роганьска",
                    "rect": [
                        703,
                        692,
                        69,
                        15
                    ],
                    "text_id": 15,
                    "uid": 15
                },
                {
                    "coord": [
                        786,
                        750
                    ],
                    "is_working": false,
                    "name": "Південна",
                    "rect": [
                        717,
                        744,
                        59,
                        15
                    ],
                    "text_id": 16,
                    "uid": 16
                }
            ],
            "text_id": 17
        },
        {
            "labels_bg_color": "-1",
            "labels_color": "34349C",
            "line_color": "34349C",
            "line_width": 10,
            "name": "Салтівська",
            "segments": [
                [
                    17,
                    18,
                    [
                        [
                            170,
                            516
                        ],
                        [
                            166,
                            595
                        ]
                    ],
                    false
                ],
                [
                    18,
                    19,
                    [
                        [
                            204,
                            379
                        ],
                        [
                            170,
                            516
                        ]
                    ],
                    false
                ],
                [
                    19,
                    20,
                    [
                        [
                            199,
                            351
                        ],
                        [
                            204,
                            379
                        ]
                    ],
                    true
                ],
                [
                    20,
                    21,
                    [
                        [
                            247,
                            312
                        ],
                        [
                            199,
                            351
                        ]
                    ],
                    true
                ],
                [
                    21,
                    22,
                    [
                        [
                            321,
                            333
                        ],
                        [
                            247,
                            312
                        ]
                    ],
                    true
                ],
                [
                    22,
                    23,
                    [
                        [
                            397,
                            330
                        ],
                        [
                            321,
                            333
                        ]
                    ],
                    true
                ],
                [
                    23,
                    24,
                    [
                        [
                            437,
                            299
                        ],
                        [
                            397,
                            330
                        ]
                    ],
                    true
                ],
                [
                    24,
                    25,
                    [
                        [
                            469,
                            260
                        ],
                        [
                            437,
                            299
                        ]
                    ],
                    true
                ],
                [
                    25,
                    26,
                    [
                        [
                            491,
                            224
                        ],
                        [
                            469,
                            260
                        ]
                    ],
                    true
                ],
                [
                    26,
                    27,
                    [
                        [
                            511,
                            180
                        ],
                        [
                            491,
                            224
                        ]
                    ],
                    false
                ]
            ],
            "stations": [
                {
                    "coord": [
                        166,
                        595
                    ],
                    "is_working": false,
                    "name": "Жовтнева",
                    "rect": [
                        176,
                        589,
                        64,
                        15
                    ],
                    "text_id": 18,
                    "uid": 17
                },
                {
                    "coord": [
                        170,
                        516
                    ],
                    "is_working": false,
                    "name": "Пл. Урицького",
                    "rect": [
                        182,
                        519,
                        67,
                        28
                    ],
                    "text_id": 19,
                    "uid": 18
                },
                {
                    "coord": [
                        204,
                        379
                    ],
                    "is_working": true,
                    "name": "Історичний музей",
                    "rect": [
                        116,
                        355,
                        75,
                        28
                    ],
                    "text_id": 20,
                    "uid": 19
                },
                {
                    "coord": [
                        199,
                        351
                    ],
                    "is_working": true,
                    "name": "Університет",
                    "rect": [
                        109,
                        339,
                        76,
                        15
                    ],
                    "text_id": 21,
                    "uid": 20
                },
                {
                    "coord": [
                        247,
                        312
                    ],
                    "is_working": true,
                    "name": "Пушкінська",
                    "rect": [
                        221,
                        287,
                        73,
                        15
                    ],
                    "text_id": 22,
                    "uid": 21
                },
                {
                    "coord": [
                        321,
                        333
                    ],
                    "is_working": true,
                    "name": "Київська",
                    "rect": [
                        311,
                        307,
                        57,
                        15
                    ],
                    "text_id": 23,
                    "uid": 22
                },
                {
                    "coord": [
                        397,
                        330
                    ],
                    "is_working": true,
                    "name": "Академіка Барабашова",
                    "rect": [
                        339,
                        344,
                        83,
                        28
                    ],
                    "text_id": 24,
                    "uid": 23
                },
                {
                    "coord": [
                        437,
                        299
                    ],
                    "is_working": true,
                    "name": "Академіка Павлова",
                    "rect": [
                        361,
                        273,
                        66,
                        28
                    ],
                    "text_id": 25,
                    "uid": 24
                },
                {
                    "coord": [
                        469,
                        260
                    ],
                    "is_working": true,
                    "name": "Студентська",
                    "rect": [
                        477,
                        260,
                        80,
                        15
                    ],
                    "text_id": 26,
                    "uid": 25
                },
                {
                    "coord": [
                        491,
                        224
                    ],
                    "is_working": true,
                    "name": "Героїв праці",
                    "rect": [
                        502,
                        217,
                        43,
                        28
                    ],
                    "text_id": 27,
                    "uid": 26
                },
                {
                    "coord": [
                        511,
                        180
                    ],
                    "is_working": false,
                    "name": "Дружби Народів",
                    "rect": [
                        522,
                        169,
                        51,
                        28
                    ],
                    "text_id": 28,
                    "uid": 27
                }
            ],
            "text_id": 29
        },
        {
            "labels_bg_color": "-1",
            "labels_color": "046434",
            "line_color": "046434",
            "line_width": 10,
            "name": "Олексіївська",
            "segments": [
                [
                    28,
                    29,
                    [
                        [
                            302,
                            672
                        ],
                        [
                            340,
                            698
                        ]
                    ],
                    false
                ],
                [
                    29,
                    30,
                    [
                        [
                            291,
                            610
                        ],
                        [
                            302,
                            672
                        ]
                    ],
                    false
                ],
                [
                    30,
                    31,
                    [
                        [
                            294,
                            512
                        ],
                        [
                            291,
                            610
                        ]
                    ],
                    false
                ],
                [
                    31,
                    32,
                    [
                        [
                            298,
                            461
                        ],
                        [
                            294,
                            512
                        ]
                    ],
                    false
                ],
                [
                    32,
                    33,
                    [
                        [
                            268,
                            398
                        ],
                        [
                            298,
                            461
                        ]
                    ],
                    true
                ],
                [
                    33,
                    34,
                    [
                        [
                            227,
                            361
                        ],
                        [
                            268,
                            398
                        ]
                    ],
                    true
                ],
                [
                    34,
                    35,
                    [
                        [
                            200,
                            337
                        ],
                        [
                            227,
                            361
                        ]
                    ],
                    true
                ],
                [
                    35,
                    36,
                    [
                        [
                            187,
                            285
                        ],
                        [
                            200,
                            337
                        ]
                    ],
                    true
                ],
                [
                    36,
                    37,
                    [
                        [
                            185,
                            248
                        ],
                        [
                            187,
                            285
                        ]
                    ],
                    true
                ],
                [
                    37,
                    38,
                    [
                        [
                            180,
                            219
                        ],
                        [
                            185,
                            248
                        ]
                    ],
                    true
                ],
                [
                    38,
                    39,
                    [
                        [
                            144,
                            167
                        ],
                        [
                            180,
                            219
                        ]
                    ],
                    true
                ],
                [
                    39,
                    40,
                    [
                        [
                            99,
                            126
                        ],
                        [
                            144,
                            167
                        ]
                    ],
                    false
                ]
            ],
            "stations": [
                {
                    "coord": [
                        340,
                        698
                    ],
                    "is_working": false,
                    "name": "Аеропорт",
                    "rect": [
                        350,
                        691,
                        61,
                        15
                    ],
                    "text_id": 30,
                    "uid": 28
                },
                {
                    "coord": [
                        302,
                        672
                    ],
                    "is_working": false,
                    "name": "Мотель \"Дружба\"",
                    "rect": [
                        235,
                        661,
                        57,
                        28
                    ],
                    "text_id": 31,
                    "uid": 29
                },
                {
                    "coord": [
                        291,
                        610
                    ],
                    "is_working": false,
                    "name": "Одеська",
                    "rect": [
                        301,
                        602,
                        54,
                        15
                    ],
                    "text_id": 32,
                    "uid": 30
                },
                {
                    "coord": [
                        294,
                        512
                    ],
                    "is_working": false,
                    "name": "Державінська",
                    "rect": [
                        189,
                        498,
                        89,
                        15
                    ],
                    "text_id": 33,
                    "uid": 31
                },
                {
                    "coord": [
                        298,
                        461
                    ],
                    "is_working": true,
                    "name": "Метробудівників",
                    "rect": [
                        310,
                        448,
                        104,
                        15
                    ],
                    "text_id": 34,
                    "uid": 32
                },
                {
                    "coord": [
                        268,
                        398
                    ],
                    "is_working": true,
                    "name": "Пл. Повстання",
                    "rect": [
                        278,
                        385,
                        72,
                        28
                    ],
                    "text_id": 35,
                    "uid": 33
                },
                {
                    "coord": [
                        227,
                        361
                    ],
                    "is_working": true,
                    "name": "Архітектора Бекетова",
                    "rect": [
                        239,
                        343,
                        77,
                        28
                    ],
                    "text_id": 36,
                    "uid": 34
                },
                {
                    "coord": [
                        200,
                        337
                    ],
                    "is_working": true,
                    "name": "Держпром",
                    "rect": [
                        122,
                        320,
                        64,
                        15
                    ],
                    "text_id": 37,
                    "uid": 35
                },
                {
                    "coord": [
                        187,
                        285
                    ],
                    "is_working": true,
                    "name": "Наукова",
                    "rect": [
                        122,
                        280,
                        54,
                        15
                    ],
                    "text_id": 38,
                    "uid": 36
                },
                {
                    "coord": [
                        185,
                        248
                    ],
                    "is_working": true,
                    "name": "Ботанічний сад",
                    "rect": [
                        100,
                        240,
                        76,
                        28
                    ],
                    "text_id": 39,
                    "uid": 37
                },
                {
                    "coord": [
                        180,
                        219
                    ],
                    "is_working": true,
                    "name": "23-го Серпня",
                    "rect": [
                        192,
                        199,
                        48,
                        28
                    ],
                    "text_id": 40,
                    "uid": 38
                },
                {
                    "coord": [
                        144,
                        167
                    ],
                    "is_working": true,
                    "name": "Олексіївська",
                    "rect": [
                        158,
                        159,
                        120,
                        15
                    ],
                    "text_id": 41,
                    "uid": 39
                },
                {
                    "coord": [
                        99,
                        126
                    ],
                    "is_working": false,
                    "name": "Пр.Перемоги",
                    "rect": [
                        114,
                        117,
                        80,
                        15
                    ],
                    "text_id": 42,
                    "uid": 40
                }
            ],
            "text_id": 41
        },
        {
            "labels_bg_color": "-1",
            "labels_color": "543C04",
            "line_color": "543C04",
            "line_width": 10,
            "name": "Салтівське відгалуження",
            "segments": [
                [
                    41,
                    42,
                    [
                        [
                            471,
                            355
                        ],
                        [
                            397,
                            330
                        ]
                    ],
                    false
                ],
                [
                    42,
                    43,
                    [
                        [
                            513,
                            359
                        ],
                        [
                            471,
                            355
                        ]
                    ],
                    false
                ],
                [
                    43,
                    44,
                    [
                        [
                            552,
                            318
                        ],
                        [
                            513,
                            359
                        ]
                    ],
                    false
                ]
            ],
            "stations": [
                {
                    "coord": [
                        397,
                        330
                    ],
                    "is_working": false,
                    "name": "Академіка Барабашова",
                    "rect": [
                        339,
                        344,
                        83,
                        28
                    ],
                    "text_id": 24,
                    "uid": 41
                },
                {
                    "coord": [
                        471,
                        355
                    ],
                    "is_working": false,
                    "name": "Гвардійців Широнінців",
                    "rect": [
                        427,
                        365,
                        73,
                        28
                    ],
                    "text_id": 43,
                    "uid": 42
                },
                {
                    "coord": [
                        513,
                        359
                    ],
                    "is_working": false,
                    "name": "Тракторобудівників",
                    "rect": [
                        522,
                        362,
                        123,
                        15
                    ],
                    "text_id": 44,
                    "uid": 43
                },
                {
                    "coord": [
                        552,
                        318
                    ],
                    "is_working": false,
                    "name": "Східна Салтівка",
                    "rect": [
                        564,
                        314,
                        56,
                        28
                    ],
                    "text_id": 45,
                    "uid": 44
                }
            ],
            "text_id": 46
        }
    ],
    "lines_width": 10,
    "name": "metro",
    "name_text_id": 47,
    "stations_diameter": 14.0,
    "transfers": [
        [
            4,
            19,
            [
                195,
                390
            ],
            [
                204,
                379
            ]
        ],
        [
            20,
            35,
            [
                199,
                351
            ],
            [
                200,
                337
            ]
        ],
        [
            32,
            6,
            [
                298,
                461
            ],
            [
                301,
                476
            ]
        ],
        [
            23,
            41,
            [
                397,
                330
            ],
            [
                397,
                330
            ]
        ]
    ],
    "transports": [
        "metro"
    ],
    "type_name": "ROOT",
    "type_text_id": 48,
    "upper_case": true,
    "width": 936,
    "word_wrap": true
}