{
    "default_transports": [
        "metro"
    ],
    "height": 620,
    "images": [
        "res/schemes/saltovskaja.svg"
    ],
    "is_vector": true,
    "lines": [
        {
            "labels_bg_color": "-1",
            "labels_color": "000000",
            "line_color": "E41c0c",
            "line_width": 9,
            "name": "Холодногірсько-Заводська",
            "segments": [],
            "stations": [
                {
                    "coord": null,
                    "is_working": false,
                    "name": "Залютіне",
                    "rect": null,
                    "text_id": 0,
                    "uid": 0
                },
                {
                    "coord": null,
                    "is_working": true,
                    "name": "Холодна Гора",
                    "rect": null,
                    "text_id": 1,
                    "uid": 1
                },
                {
                    "coord": null,
                    "is_working": true,
                    "name": "Південний Вокзал",
                    "rect": null,
                    "text_id": 2,
                    "uid": 2
                },
                {
                    "coord": null,
                    "is_working": true,
                    "name": "Центральний ринок",
                    "rect": null,
                    "text_id": 3,
                    "uid": 3
                },
                {
                    "coord": [
                        181,
                        150
                    ],
                    "is_working": true,
                    "name": "Радянська",
                    "rect": [
                        110,
                        150,
                        50,
                        10
                    ],
                    "text_id": 4,
                    "uid": 4
                },
                {
                    "coord": null,
                    "is_working": true,
                    "name": "Проспект Гагаріна",
                    "rect": null,
                    "text_id": 5,
                    "uid": 5
                },
                {
                    "coord": null,
                    "is_working": true,
                    "name": "Спортивна",
                    "rect": null,
                    "text_id": 6,
                    "uid": 6
                },
                {
                    "coord": null,
                    "is_working": true,
                    "name": "Завод ім. Малишева",
                    "rect": null,
                    "text_id": 7,
                    "uid": 7
                },
                {
                    "coord": null,
                    "is_working": true,
                    "name": "Московський проспект",
                    "rect": null,
                    "text_id": 8,
                    "uid": 8
                },
                {
                    "coord": null,
                    "is_working": true,
                    "name": "Маршала Жукова",
                    "rect": null,
                    "text_id": 9,
                    "uid": 9
                },
                {
                    "coord": null,
                    "is_working": true,
                    "name": "Радяньскої Армии",
                    "rect": null,
                    "text_id": 10,
                    "uid": 10
                },
                {
                    "coord": null,
                    "is_working": true,
                    "name": "Ім. О.С.Масельского",
                    "rect": null,
                    "text_id": 11,
                    "uid": 11
                },
                {
                    "coord": null,
                    "is_working": true,
                    "name": "Тракторний Завод",
                    "rect": null,
                    "text_id": 12,
                    "uid": 12
                },
                {
                    "coord": null,
                    "is_working": true,
                    "name": "Пролетарська",
                    "rect": null,
                    "text_id": 13,
                    "uid": 13
                },
                {
                    "coord": null,
                    "is_working": false,
                    "name": "Східна",
                    "rect": null,
                    "text_id": 14,
                    "uid": 14
                },
                {
                    "coord": null,
                    "is_working": false,
                    "name": "Роганьска",
                    "rect": null,
                    "text_id": 15,
                    "uid": 15
                },
                {
                    "coord": null,
                    "is_working": false,
                    "name": "Південна",
                    "rect": null,
                    "text_id": 16,
                    "uid": 16
                }
            ],
            "text_id": 17
        },
        {
            "labels_bg_color": "-1",
            "labels_color": "000000",
            "line_color": "34349C",
            "line_width": 9,
            "name": "Салтівська",
            "segments": [
                [
                    17,
                    18,
                    [
                        [
                            200,
                            110
                        ],
                        [
                            200,
                            70
                        ]
                    ],
                    false
                ],
                [
                    18,
                    19,
                    [
                        [
                            200,
                            150
                        ],
                        [
                            200,
                            110
                        ]
                    ],
                    false
                ],
                [
                    19,
                    20,
                    [
                        [
                            200,
                            190
                        ],
                        [
                            200,
                            150
                        ]
                    ],
                    true
                ],
                [
                    20,
                    21,
                    [
                        [
                            200,
                            230
                        ],
                        [
                            200,
                            190
                        ]
                    ],
                    true
                ],
                [
                    21,
                    22,
                    [
                        [
                            200,
                            270
                        ],
                        [
                            200,
                            230
                        ]
                    ],
                    true
                ],
                [
                    22,
                    23,
                    [
                        [
                            200,
                            310
                        ],
                        [
                            200,
                            270
                        ]
                    ],
                    true
                ],
                [
                    23,
                    24,
                    [
                        [
                            200,
                            350
                        ],
                        [
                            200,
                            310
                        ]
                    ],
                    true
                ],
                [
                    24,
                    25,
                    [
                        [
                            200,
                            390
                        ],
                        [
                            200,
                            350
                        ]
                    ],
                    true
                ],
                [
                    25,
                    26,
                    [
                        [
                            200,
                            430
                        ],
                        [
                            200,
                            390
                        ]
                    ],
                    true
                ],
                [
                    26,
                    27,
                    [
                        [
                            200,
                            470
                        ],
                        [
                            200,
                            430
                        ]
                    ],
                    false
                ]
            ],
            "stations": [
                {
                    "coord": [
                        200,
                        70
                    ],
                    "is_working": false,
                    "name": "Жовтнева",
                    "rect": [
                        215,
                        60,
                        100,
                        20
                    ],
                    "text_id": 18,
                    "uid": 17
                },
                {
                    "coord": [
                        200,
                        110
                    ],
                    "is_working": false,
                    "name": "Пл. Урицького",
                    "rect": [
                        215,
                        100,
                        100,
                        20
                    ],
                    "text_id": 19,
                    "uid": 18
                },
                {
                    "coord": [
                        200,
                        150
                    ],
                    "is_working": true,
                    "name": "Історичний музей",
                    "rect": [
                        215,
                        140,
                        100,
                        20
                    ],
                    "text_id": 20,
                    "uid": 19
                },
                {
                    "coord": [
                        200,
                        190
                    ],
                    "is_working": true,
                    "name": "Університет",
                    "rect": [
                        215,
                        180,
                        100,
                        20
                    ],
                    "text_id": 21,
                    "uid": 20
                },
                {
                    "coord": [
                        200,
                        230
                    ],
                    "is_working": true,
                    "name": "Пушкінська",
                    "rect": [
                        215,
                        220,
                        100,
                        20
                    ],
                    "text_id": 22,
                    "uid": 21
                },
                {
                    "coord": [
                        200,
                        270
                    ],
                    "is_working": true,
                    "name": "Київська",
                    "rect": [
                        215,
                        260,
                        100,
                        20
                    ],
                    "text_id": 23,
                    "uid": 22
                },
                {
                    "coord": [
                        200,
                        310
                    ],
                    "is_working": true,
                    "name": "Академіка Барабашова",
                    "rect": [
                        215,
                        300,
                        100,
                        20
                    ],
                    "text_id": 24,
                    "uid": 23
                },
                {
                    "coord": [
                        200,
                        350
                    ],
                    "is_working": true,
                    "name": "Академіка Павлова",
                    "rect": [
                        215,
                        340,
                        100,
                        20
                    ],
                    "text_id": 25,
                    "uid": 24
                },
                {
                    "coord": [
                        200,
                        390
                    ],
                    "is_working": true,
                    "name": "Студентська",
                    "rect": [
                        215,
                        380,
                        100,
                        20
                    ],
                    "text_id": 26,
                    "uid": 25
                },
                {
                    "coord": [
                        200,
                        430
                    ],
                    "is_working": true,
                    "name": "Героїв праці",
                    "rect": [
                        215,
                        420,
                        100,
                        20
                    ],
                    "text_id": 27,
                    "uid": 26
                },
                {
                    "coord": [
                        200,
                        470
                    ],
                    "is_working": false,
                    "name": "Дружби Народів",
                    "rect": [
                        215,
                        460,
                        100,
                        20
                    ],
                    "text_id": 28,
                    "uid": 27
                }
            ],
            "text_id": 29
        },
        {
            "labels_bg_color": "-1",
            "labels_color": "000000",
            "line_color": "046434",
            "line_width": 9,
            "name": "Олексіївська",
            "segments": [],
            "stations": [
                {
                    "coord": null,
                    "is_working": false,
                    "name": "Аеропорт",
                    "rect": null,
                    "text_id": 30,
                    "uid": 28
                },
                {
                    "coord": null,
                    "is_working": false,
                    "name": "Мотель \"Дружба\"",
                    "rect": null,
                    "text_id": 31,
                    "uid": 29
                },
                {
                    "coord": null,
                    "is_working": false,
                    "name": "Одеська",
                    "rect": null,
                    "text_id": 32,
                    "uid": 30
                },
                {
                    "coord": null,
                    "is_working": false,
                    "name": "Державінська",
                    "rect": null,
                    "text_id": 33,
                    "uid": 31
                },
                {
                    "coord": null,
                    "is_working": true,
                    "name": "Метробудівників",
                    "rect": null,
                    "text_id": 34,
                    "uid": 32
                },
                {
                    "coord": null,
                    "is_working": true,
                    "name": "Пл. Повстання",
                    "rect": null,
                    "text_id": 35,
                    "uid": 33
                },
                {
                    "coord": null,
                    "is_working": true,
                    "name": "Архітектора Бекетова",
                    "rect": null,
                    "text_id": 36,
                    "uid": 34
                },
                {
                    "coord": [
                        181,
                        190
                    ],
                    "is_working": true,
                    "name": "Держпром",
                    "rect": [
                        115,
                        190,
                        50,
                        10
                    ],
                    "text_id": 37,
                    "uid": 35
                },
                {
                    "coord": null,
                    "is_working": true,
                    "name": "Наукова",
                    "rect": null,
                    "text_id": 38,
                    "uid": 36
                },
                {
                    "coord": null,
                    "is_working": true,
                    "name": "Ботанічний сад",
                    "rect": null,
                    "text_id": 39,
                    "uid": 37
                },
                {
                    "coord": null,
                    "is_working": true,
                    "name": "23-го Серпня",
                    "rect": null,
                    "text_id": 40,
                    "uid": 38
                },
                {
                    "coord": null,
                    "is_working": true,
                    "name": "Олексіївська",
                    "rect": null,
                    "text_id": 41,
                    "uid": 39
                },
                {
                    "coord": null,
                    "is_working": false,
                    "name": "Пр.Перемоги",
                    "rect": null,
                    "text_id": 42,
                    "uid": 40
                }
            ],
            "text_id": 41
        },
        {
            "labels_bg_color": "-1",
            "labels_color": "000000",
            "line_color": "543C04",
            "line_width": 9,
            "name": "Салтівське відгалуження",
            "segments": [],
            "stations": [
                {
                    "coord": [
                        181,
                        310
                    ],
                    "is_working": false,
                    "name": "Академіка Барабашова",
                    "rect": [
                        115,
                        310,
                        50,
                        10
                    ],
                    "text_id": 24,
                    "uid": 41
                },
                {
                    "coord": null,
                    "is_working": false,
                    "name": "Гвардійців Широнінців",
                    "rect": null,
                    "text_id": 43,
                    "uid": 42
                },
                {
                    "coord": null,
                    "is_working": false,
                    "name": "Тракторобудівників",
                    "rect": null,
                    "text_id": 44,
                    "uid": 43
                },
                {
                    "coord": null,
                    "is_working": false,
                    "name": "Східна Салтівка",
                    "rect": null,
                    "text_id": 45,
                    "uid": 44
                }
            ],
            "text_id": 46
        }
    ],
    "lines_width": 9,
    "name": "saltovskaja",
    "name_text_id": 29,
    "stations_diameter": 16.0,
    "transfers": [
        [
            4,
            19,
            [
                181,
                150
            ],
            [
                200,
                150
            ]
        ],
        [
            20,
            35,
            [
                200,
                190
            ],
            [
                181,
                190
            ]
        ],
        [
            32,
            6,
            null,
            null
        ],
        [
            23,
            41,
            [
                200,
                310
            ],
            [
                181,
                310
            ]
        ]
    ],
    "transports": [
        "metro"
    ],
    "type_name": "Метро",
    "type_text_id": 49,
    "upper_case": true,
    "width": 350,
    "word_wrap": true
}