{
    "lines": [
        {
            "delays": [],
            "name": "C",
            "scheme": null,
            "segments": [
                [
                    0,
                    1,
                    120
                ],
                [
                    1,
                    0,
                    120
                ],
                [
                    1,
                    2,
                    120
                ],
                [
                    2,
                    1,
                    120
                ],
                [
                    2,
                    3,
                    120
                ],
                [
                    3,
                    2,
                    120
                ],
                [
                    3,
                    4,
                    120
                ],
                [
                    4,
                    3,
                    120
                ],
                [
                    4,
                    5,
                    120
                ],
                [
                    5,
                    4,
                    120
                ],
                [
                    5,
                    6,
                    120
                ],
                [
                    6,
                    5,
                    120
                ],
                [
                    6,
                    7,
                    120
                ],
                [
                    7,
                    6,
                    120
                ],
                [
                    7,
                    8,
                    120
                ],
                [
                    8,
                    7,
                    120
                ],
                [
                    8,
                    9,
                    120
                ],
                [
                    9,
                    8,
                    120
                ],
                [
                    9,
                    10,
                    120
                ],
                [
                    10,
                    9,
                    120
                ],
                [
                    10,
                    11,
                    120
                ],
                [
                    11,
                    10,
                    120
                ]
            ],
            "stations": [
                [
                    0,
                    "Union Station: LoDo / Coors Field/16th Street Mall",
                    0
                ],
                [
                    1,
                    "Pepsi Center/Six Flags Elitch Gardens",
                    1
                ],
                [
                    2,
                    "Invesco Field at Mile High",
                    2
                ],
                [
                    3,
                    "Auraria West Campus",
                    3
                ],
                [
                    4,
                    "10th & Osage",
                    4
                ],
                [
                    5,
                    "Alameda",
                    5
                ],
                [
                    6,
                    "I-25 & Broadway",
                    6
                ],
                [
                    7,
                    "Evans",
                    7
                ],
                [
                    8,
                    "Englewood",
                    8
                ],
                [
                    9,
                    "Oxford",
                    9
                ],
                [
                    10,
                    "Littleton/Downtown",
                    10
                ],
                [
                    11,
                    "Littleton/Mineral",
                    11
                ]
            ],
            "text_id": 12
        },
        {
            "delays": [],
            "name": "D",
            "scheme": null,
            "segments": [
                [
                    12,
                    13,
                    120
                ],
                [
                    13,
                    12,
                    120
                ],
                [
                    13,
                    14,
                    120
                ],
                [
                    14,
                    13,
                    120
                ],
                [
                    14,
                    15,
                    120
                ],
                [
                    15,
                    14,
                    120
                ],
                [
                    15,
                    16,
                    120
                ],
                [
                    16,
                    15,
                    120
                ],
                [
                    16,
                    17,
                    120
                ],
                [
                    17,
                    16,
                    120
                ],
                [
                    17,
                    18,
                    120
                ],
                [
                    18,
                    21,
                    120
                ],
                [
                    19,
                    16,
                    120
                ],
                [
                    20,
                    19,
                    120
                ],
                [
                    21,
                    20,
                    120
                ],
                [
                    21,
                    22,
                    120
                ],
                [
                    22,
                    21,
                    120
                ],
                [
                    22,
                    23,
                    120
                ],
                [
                    23,
                    22,
                    120
                ],
                [
                    23,
                    24,
                    120
                ],
                [
                    24,
                    23,
                    120
                ],
                [
                    24,
                    25,
                    120
                ],
                [
                    25,
                    24,
                    120
                ],
                [
                    25,
                    26,
                    120
                ],
                [
                    26,
                    25,
                    120
                ],
                [
                    26,
                    27,
                    120
                ],
                [
                    27,
                    26,
                    120
                ],
                [
                    27,
                    28,
                    120
                ],
                [
                    28,
                    27,
                    120
                ],
                [
                    28,
                    29,
                    120
                ],
                [
                    29,
                    28,
                    120
                ],
                [
                    29,
                    30,
                    120
                ],
                [
                    30,
                    29,
                    120
                ]
            ],
            "stations": [
                [
                    12,
                    "30th & Downing",
                    13
                ],
                [
                    13,
                    "29th & Welton",
                    14
                ],
                [
                    14,
                    "27th & Welton",
                    15
                ],
                [
                    15,
                    "25th & Welton",
                    16
                ],
                [
                    16,
                    "20th & Welton",
                    17
                ],
                [
                    17,
                    "18th Street",
                    18
                ],
                [
                    18,
                    "16th Street",
                    19
                ],
                [
                    19,
                    "19th Street/California",
                    20
                ],
                [
                    20,
                    "16th Street/California",
                    21
                ],
                [
                    21,
                    "14th Street Convention Center/DPAC",
                    22
                ],
                [
                    22,
                    "Colfax at Auraria",
                    23
                ],
                [
                    23,
                    "10th & Osage",
                    4
                ],
                [
                    24,
                    "Alameda",
                    5
                ],
                [
                    25,
                    "I-25 & Broadway",
                    6
                ],
                [
                    26,
                    "Evans",
                    7
                ],
                [
                    27,
                    "Englewood",
                    8
                ],
                [
                    28,
                    "Oxford",
                    9
                ],
                [
                    29,
                    "Littleton/Downtown",
                    10
                ],
                [
                    30,
                    "Littleton/Mineral",
                    11
                ]
            ],
            "text_id": 24
        },
        {
            "delays": [],
            "name": "E",
            "scheme": null,
            "segments": [
                [
                    31,
                    32,
                    120
                ],
                [
                    32,
                    31,
                    120
                ],
                [
                    32,
                    33,
                    120
                ],
                [
                    33,
                    32,
                    120
                ],
                [
                    33,
                    34,
                    120
                ],
                [
                    34,
                    33,
                    120
                ],
                [
                    34,
                    35,
                    120
                ],
                [
                    35,
                    34,
                    120
                ],
                [
                    35,
                    36,
                    120
                ],
                [
                    36,
                    35,
                    120
                ],
                [
                    36,
                    37,
                    120
                ],
                [
                    37,
                    36,
                    120
                ],
                [
                    37,
                    38,
                    120
                ],
                [
                    38,
                    37,
                    120
                ],
                [
                    38,
                    39,
                    120
                ],
                [
                    39,
                    38,
                    120
                ],
                [
                    39,
                    40,
                    120
                ],
                [
                    40,
                    39,
                    120
                ],
                [
                    40,
                    41,
                    120
                ],
                [
                    41,
                    40,
                    120
                ],
                [
                    41,
                    42,
                    120
                ],
                [
                    42,
                    41,
                    120
                ],
                [
                    42,
                    43,
                    120
                ],
                [
                    43,
                    42,
                    120
                ],
                [
                    43,
                    44,
                    120
                ],
                [
                    44,
                    43,
                    120
                ],
                [
                    44,
                    45,
                    120
                ],
                [
                    45,
                    44,
                    120
                ],
                [
                    45,
                    46,
                    120
                ],
                [
                    46,
                    45,
                    120
                ],
                [
                    46,
                    47,
                    120
                ],
                [
                    47,
                    46,
                    120
                ],
                [
                    47,
                    48,
                    120
                ],
                [
                    48,
                    47,
                    120
                ]
            ],
            "stations": [
                [
                    31,
                    "Union Station: LoDo / Coors Field/16th Street Mall",
                    0
                ],
                [
                    32,
                    "Pepsi Center/Six Flags Elitch Gardens",
                    1
                ],
                [
                    33,
                    "Invesco Field at Mile High",
                    2
                ],
                [
                    34,
                    "Auraria West Campus",
                    3
                ],
                [
                    35,
                    "10th & Osage",
                    4
                ],
                [
                    36,
                    "Alameda",
                    5
                ],
                [
                    37,
                    "I-25 & Broadway",
                    6
                ],
                [
                    38,
                    "Loisiana - Pearl",
                    25
                ],
                [
                    39,
                    "University of Denver",
                    26
                ],
                [
                    40,
                    "Colorado",
                    27
                ],
                [
                    41,
                    "Yale",
                    28
                ],
                [
                    42,
                    "Southmoor",
                    29
                ],
                [
                    43,
                    "Belleview",
                    30
                ],
                [
                    44,
                    "Orchard",
                    31
                ],
                [
                    45,
                    "Arapahoe at Village Center",
                    32
                ],
                [
                    46,
                    "Dry Creek",
                    33
                ],
                [
                    47,
                    "County Line",
                    34
                ],
                [
                    48,
                    "Lincoln",
                    35
                ]
            ],
            "text_id": 36
        },
        {
            "delays": [],
            "name": "F",
            "scheme": null,
            "segments": [
                [
                    49,
                    50,
                    120
                ],
                [
                    50,
                    53,
                    120
                ],
                [
                    51,
                    49,
                    120
                ],
                [
                    52,
                    51,
                    120
                ],
                [
                    53,
                    52,
                    120
                ],
                [
                    53,
                    54,
                    120
                ],
                [
                    54,
                    53,
                    120
                ],
                [
                    54,
                    55,
                    120
                ],
                [
                    55,
                    54,
                    120
                ],
                [
                    55,
                    56,
                    120
                ],
                [
                    56,
                    55,
                    120
                ],
                [
                    56,
                    57,
                    120
                ],
                [
                    57,
                    56,
                    120
                ],
                [
                    57,
                    58,
                    120
                ],
                [
                    58,
                    57,
                    120
                ],
                [
                    58,
                    59,
                    120
                ],
                [
                    59,
                    58,
                    120
                ],
                [
                    59,
                    60,
                    120
                ],
                [
                    60,
                    59,
                    120
                ],
                [
                    60,
                    61,
                    120
                ],
                [
                    61,
                    60,
                    120
                ],
                [
                    61,
                    62,
                    120
                ],
                [
                    62,
                    61,
                    120
                ],
                [
                    62,
                    63,
                    120
                ],
                [
                    63,
                    62,
                    120
                ],
                [
                    63,
                    64,
                    120
                ],
                [
                    64,
                    63,
                    120
                ],
                [
                    64,
                    65,
                    120
                ],
                [
                    65,
                    64,
                    120
                ],
                [
                    65,
                    66,
                    120
                ],
                [
                    66,
                    65,
                    120
                ],
                [
                    66,
                    67,
                    120
                ],
                [
                    67,
                    66,
                    120
                ],
                [
                    67,
                    68,
                    120
                ],
                [
                    68,
                    67,
                    120
                ]
            ],
            "stations": [
                [
                    49,
                    "18th Street",
                    18
                ],
                [
                    50,
                    "16th Street",
                    19
                ],
                [
                    51,
                    "19th Street/California",
                    20
                ],
                [
                    52,
                    "16th Street/California",
                    21
                ],
                [
                    53,
                    "14th Street Convention Center/DPAC",
                    22
                ],
                [
                    54,
                    "Colfax at Auraria",
                    23
                ],
                [
                    55,
                    "10th & Osage",
                    4
                ],
                [
                    56,
                    "Alameda",
                    5
                ],
                [
                    57,
                    "I-25 & Broadway",
                    6
                ],
                [
                    58,
                    "Loisiana - Pearl",
                    25
                ],
                [
                    59,
                    "University of Denver",
                    26
                ],
                [
                    60,
                    "Colorado",
                    27
                ],
                [
                    61,
                    "Yale",
                    28
                ],
                [
                    62,
                    "Southmoor",
                    29
                ],
                [
                    63,
                    "Belleview",
                    30
                ],
                [
                    64,
                    "Orchard",
                    31
                ],
                [
                    65,
                    "Arapahoe at Village Center",
                    32
                ],
                [
                    66,
                    "Dry Creek",
                    33
                ],
                [
                    67,
                    "County Line",
                    34
                ],
                [
                    68,
                    "Lincoln",
                    35
                ]
            ],
            "text_id": 37
        },
        {
            "delays": [],
            "name": "G",
            "scheme": null,
            "segments": [
                [
                    69,
                    70,
                    0
                ],
                [
                    70,
                    69,
                    0
                ],
                [
                    70,
                    71,
                    0
                ],
                [
                    71,
                    70,
                    0
                ],
                [
                    71,
                    72,
                    0
                ],
                [
                    72,
                    71,
                    0
                ],
                [
                    72,
                    73,
                    0
                ],
                [
                    73,
                    72,
                    0
                ],
                [
                    73,
                    74,
                    0
                ],
                [
                    74,
                    73,
                    0
                ],
                [
                    74,
                    75,
                    0
                ],
                [
                    75,
                    74,
                    0
                ],
                [
                    75,
                    76,
                    0
                ],
                [
                    76,
                    75,
                    0
                ]
            ],
            "stations": [
                [
                    69,
                    "Nine Mile",
                    38
                ],
                [
                    70,
                    "Dayton",
                    39
                ],
                [
                    71,
                    "Belleview",
                    30
                ],
                [
                    72,
                    "Orchard",
                    31
                ],
                [
                    73,
                    "Arapahoe at Village Center",
                    32
                ],
                [
                    74,
                    "Dry Creek",
                    33
                ],
                [
                    75,
                    "County Line",
                    34
                ],
                [
                    76,
                    "Lincoln",
                    35
                ]
            ],
            "text_id": 40
        },
        {
            "delays": [],
            "name": "H",
            "scheme": null,
            "segments": [
                [
                    77,
                    78,
                    120
                ],
                [
                    78,
                    81,
                    120
                ],
                [
                    79,
                    77,
                    120
                ],
                [
                    80,
                    79,
                    120
                ],
                [
                    81,
                    80,
                    120
                ],
                [
                    81,
                    82,
                    120
                ],
                [
                    82,
                    81,
                    120
                ],
                [
                    82,
                    83,
                    120
                ],
                [
                    83,
                    82,
                    120
                ],
                [
                    83,
                    84,
                    120
                ],
                [
                    84,
                    83,
                    120
                ],
                [
                    84,
                    85,
                    120
                ],
                [
                    85,
                    84,
                    120
                ],
                [
                    85,
                    86,
                    120
                ],
                [
                    86,
                    85,
                    120
                ],
                [
                    86,
                    87,
                    120
                ],
                [
                    87,
                    86,
                    120
                ],
                [
                    87,
                    88,
                    120
                ],
                [
                    88,
                    87,
                    120
                ],
                [
                    88,
                    89,
                    120
                ],
                [
                    89,
                    88,
                    120
                ],
                [
                    89,
                    90,
                    120
                ],
                [
                    90,
                    89,
                    120
                ],
                [
                    90,
                    91,
                    120
                ],
                [
                    91,
                    90,
                    120
                ],
                [
                    91,
                    92,
                    120
                ],
                [
                    92,
                    91,
                    120
                ]
            ],
            "stations": [
                [
                    77,
                    "18th Street",
                    18
                ],
                [
                    78,
                    "16th Street",
                    19
                ],
                [
                    79,
                    "19th Street/California",
                    20
                ],
                [
                    80,
                    "16th Street/California",
                    21
                ],
                [
                    81,
                    "14th Street Convention Center/DPAC",
                    22
                ],
                [
                    82,
                    "Colfax at Auraria",
                    23
                ],
                [
                    83,
                    "10th & Osage",
                    4
                ],
                [
                    84,
                    "Alameda",
                    5
                ],
                [
                    85,
                    "I-25 & Broadway",
                    6
                ],
                [
                    86,
                    "Loisiana - Pearl",
                    25
                ],
                [
                    87,
                    "University of Denver",
                    26
                ],
                [
                    88,
                    "Colorado",
                    27
                ],
                [
                    89,
                    "Yale",
                    28
                ],
                [
                    90,
                    "Southmoor",
                    29
                ],
                [
                    91,
                    "Dayton",
                    39
                ],
                [
                    92,
                    "Nine Mile",
                    38
                ]
            ],
            "text_id": 41
        },
        {
            "delays": [],
            "name": "W",
            "scheme": null,
            "segments": [
                [
                    93,
                    94,
                    120
                ],
                [
                    94,
                    93,
                    120
                ],
                [
                    94,
                    95,
                    120
                ],
                [
                    95,
                    94,
                    120
                ],
                [
                    95,
                    96,
                    120
                ],
                [
                    96,
                    95,
                    120
                ],
                [
                    96,
                    97,
                    120
                ],
                [
                    97,
                    96,
                    120
                ],
                [
                    97,
                    98,
                    120
                ],
                [
                    98,
                    97,
                    120
                ],
                [
                    98,
                    99,
                    120
                ],
                [
                    99,
                    98,
                    120
                ],
                [
                    99,
                    100,
                    120
                ],
                [
                    100,
                    99,
                    120
                ],
                [
                    100,
                    101,
                    120
                ],
                [
                    101,
                    100,
                    120
                ],
                [
                    101,
                    102,
                    120
                ],
                [
                    102,
                    101,
                    120
                ],
                [
                    102,
                    103,
                    120
                ],
                [
                    103,
                    102,
                    120
                ],
                [
                    103,
                    104,
                    120
                ],
                [
                    104,
                    103,
                    120
                ],
                [
                    104,
                    105,
                    120
                ],
                [
                    105,
                    104,
                    120
                ],
                [
                    105,
                    106,
                    120
                ],
                [
                    106,
                    105,
                    120
                ],
                [
                    106,
                    107,
                    120
                ],
                [
                    107,
                    106,
                    120
                ]
            ],
            "stations": [
                [
                    93,
                    "Union Station: LoDo / Coors Field/16th Street Mall",
                    0
                ],
                [
                    94,
                    "Pepsi Center/Six Flags Elitch Gardens",
                    1
                ],
                [
                    95,
                    "Invesco Field at Mile High",
                    2
                ],
                [
                    96,
                    "Auraria West Campus",
                    3
                ],
                [
                    97,
                    "Decatur/Federal",
                    42
                ],
                [
                    98,
                    "Knox",
                    43
                ],
                [
                    99,
                    "Perry",
                    44
                ],
                [
                    100,
                    "Sheridan",
                    45
                ],
                [
                    101,
                    "Lamar",
                    46
                ],
                [
                    102,
                    "Lakewood/Wadsworth",
                    47
                ],
                [
                    103,
                    "Garrison",
                    48
                ],
                [
                    104,
                    "Oak",
                    49
                ],
                [
                    105,
                    "Federal Center",
                    50
                ],
                [
                    106,
                    "Red Rocks College",
                    51
                ],
                [
                    107,
                    "Jeffco Government Center",
                    52
                ]
            ],
            "text_id": 53
        }
    ],
    "name": "metro",
    "transfers": [
        [
            0,
            31,
            120,
            true
        ],
        [
            1,
            32,
            120,
            true
        ],
        [
            2,
            33,
            120,
            true
        ],
        [
            3,
            34,
            120,
            true
        ],
        [
            4,
            23,
            120,
            true
        ],
        [
            4,
            35,
            120,
            true
        ],
        [
            4,
            55,
            120,
            true
        ],
        [
            4,
            83,
            120,
            true
        ],
        [
            5,
            24,
            120,
            true
        ],
        [
            5,
            36,
            120,
            true
        ],
        [
            96,
            34,
            120,
            true
        ],
        [
            5,
            56,
            120,
            true
        ],
        [
            5,
            84,
            120,
            true
        ],
        [
            6,
            25,
            120,
            true
        ],
        [
            6,
            37,
            120,
            true
        ],
        [
            6,
            57,
            120,
            true
        ],
        [
            6,
            85,
            120,
            true
        ],
        [
            7,
            26,
            120,
            true
        ],
        [
            8,
            27,
            120,
            true
        ],
        [
            9,
            28,
            120,
            true
        ],
        [
            10,
            29,
            120,
            true
        ],
        [
            11,
            30,
            120,
            true
        ],
        [
            17,
            49,
            120,
            true
        ],
        [
            17,
            77,
            120,
            true
        ],
        [
            18,
            50,
            120,
            true
        ],
        [
            18,
            78,
            120,
            true
        ],
        [
            19,
            51,
            120,
            true
        ],
        [
            19,
            79,
            120,
            true
        ],
        [
            20,
            52,
            120,
            true
        ],
        [
            20,
            80,
            120,
            true
        ],
        [
            21,
            53,
            120,
            true
        ],
        [
            21,
            81,
            120,
            true
        ],
        [
            22,
            54,
            120,
            true
        ],
        [
            22,
            82,
            120,
            true
        ],
        [
            23,
            35,
            120,
            true
        ],
        [
            23,
            55,
            120,
            true
        ],
        [
            23,
            83,
            120,
            true
        ],
        [
            24,
            36,
            120,
            true
        ],
        [
            24,
            56,
            120,
            true
        ],
        [
            24,
            84,
            120,
            true
        ],
        [
            25,
            37,
            120,
            true
        ],
        [
            25,
            57,
            120,
            true
        ],
        [
            25,
            85,
            120,
            true
        ],
        [
            35,
            55,
            120,
            true
        ],
        [
            35,
            83,
            120,
            true
        ],
        [
            36,
            56,
            120,
            true
        ],
        [
            36,
            84,
            120,
            true
        ],
        [
            37,
            57,
            120,
            true
        ],
        [
            37,
            85,
            120,
            true
        ],
        [
            38,
            58,
            120,
            true
        ],
        [
            38,
            86,
            120,
            true
        ],
        [
            39,
            59,
            120,
            true
        ],
        [
            39,
            87,
            120,
            true
        ],
        [
            40,
            60,
            120,
            true
        ],
        [
            40,
            88,
            120,
            true
        ],
        [
            41,
            61,
            120,
            true
        ],
        [
            41,
            89,
            120,
            true
        ],
        [
            42,
            62,
            120,
            true
        ],
        [
            42,
            90,
            120,
            true
        ],
        [
            43,
            63,
            120,
            true
        ],
        [
            43,
            71,
            120,
            true
        ],
        [
            44,
            64,
            120,
            true
        ],
        [
            44,
            72,
            120,
            true
        ],
        [
            45,
            65,
            120,
            true
        ],
        [
            45,
            73,
            120,
            true
        ],
        [
            46,
            66,
            120,
            true
        ],
        [
            46,
            74,
            120,
            true
        ],
        [
            47,
            67,
            120,
            true
        ],
        [
            47,
            75,
            120,
            true
        ],
        [
            48,
            68,
            120,
            true
        ],
        [
            48,
            76,
            120,
            true
        ],
        [
            49,
            77,
            120,
            true
        ],
        [
            50,
            78,
            120,
            true
        ],
        [
            51,
            79,
            120,
            true
        ],
        [
            52,
            80,
            120,
            true
        ],
        [
            53,
            81,
            120,
            true
        ],
        [
            54,
            82,
            120,
            true
        ],
        [
            55,
            83,
            120,
            true
        ],
        [
            56,
            84,
            120,
            true
        ],
        [
            57,
            85,
            120,
            true
        ],
        [
            58,
            86,
            120,
            true
        ],
        [
            59,
            87,
            120,
            true
        ],
        [
            60,
            88,
            120,
            true
        ],
        [
            61,
            89,
            120,
            true
        ],
        [
            62,
            90,
            120,
            true
        ],
        [
            63,
            71,
            120,
            true
        ],
        [
            64,
            72,
            120,
            true
        ],
        [
            65,
            73,
            120,
            true
        ],
        [
            66,
            74,
            120,
            true
        ],
        [
            67,
            75,
            120,
            true
        ],
        [
            68,
            76,
            120,
            true
        ],
        [
            69,
            92,
            120,
            true
        ],
        [
            70,
            91,
            120,
            true
        ],
        [
            93,
            0,
            120,
            true
        ],
        [
            93,
            31,
            120,
            true
        ],
        [
            94,
            1,
            120,
            true
        ],
        [
            94,
            32,
            120,
            true
        ],
        [
            95,
            2,
            120,
            true
        ],
        [
            95,
            33,
            120,
            true
        ],
        [
            96,
            3,
            120,
            true
        ]
    ],
    "type_name": "Трамвай"
}