{
    "lines": [
        {
            "delays": [],
            "name": "Astram",
            "scheme": null,
            "segments": [
                [
                    0,
                    1,
                    120
                ],
                [
                    1,
                    0,
                    120
                ],
                [
                    1,
                    2,
                    120
                ],
                [
                    2,
                    1,
                    120
                ],
                [
                    2,
                    3,
                    120
                ],
                [
                    3,
                    2,
                    120
                ],
                [
                    3,
                    4,
                    120
                ],
                [
                    4,
                    3,
                    120
                ],
                [
                    4,
                    5,
                    120
                ],
                [
                    5,
                    4,
                    120
                ],
                [
                    5,
                    6,
                    120
                ],
                [
                    6,
                    5,
                    120
                ],
                [
                    6,
                    7,
                    120
                ],
                [
                    7,
                    6,
                    120
                ],
                [
                    7,
                    8,
                    120
                ],
                [
                    8,
                    7,
                    120
                ],
                [
                    8,
                    9,
                    120
                ],
                [
                    9,
                    8,
                    120
                ],
                [
                    9,
                    10,
                    120
                ],
                [
                    10,
                    9,
                    120
                ],
                [
                    10,
                    11,
                    120
                ],
                [
                    11,
                    10,
                    120
                ],
                [
                    11,
                    12,
                    120
                ],
                [
                    12,
                    11,
                    120
                ],
                [
                    12,
                    13,
                    120
                ],
                [
                    13,
                    12,
                    120
                ],
                [
                    13,
                    14,
                    120
                ],
                [
                    14,
                    13,
                    120
                ],
                [
                    14,
                    15,
                    120
                ],
                [
                    15,
                    14,
                    120
                ],
                [
                    15,
                    16,
                    120
                ],
                [
                    16,
                    15,
                    120
                ],
                [
                    16,
                    17,
                    120
                ],
                [
                    17,
                    16,
                    120
                ],
                [
                    17,
                    18,
                    120
                ],
                [
                    18,
                    17,
                    120
                ],
                [
                    18,
                    19,
                    120
                ],
                [
                    19,
                    18,
                    120
                ],
                [
                    19,
                    20,
                    120
                ],
                [
                    20,
                    19,
                    120
                ],
                [
                    20,
                    21,
                    120
                ],
                [
                    21,
                    20,
                    120
                ]
            ],
            "stations": [
                [
                    0,
                    "Koiki-koen-mae",
                    0
                ],
                [
                    1,
                    "Ozuka",
                    1
                ],
                [
                    2,
                    "Tomo-chuo",
                    2
                ],
                [
                    3,
                    "Obara",
                    3
                ],
                [
                    4,
                    "Tomo",
                    4
                ],
                [
                    5,
                    "Chorakuji",
                    5
                ],
                [
                    6,
                    "Takatori",
                    6
                ],
                [
                    7,
                    "Kamiyasu",
                    7
                ],
                [
                    8,
                    "Yasuhigashi",
                    8
                ],
                [
                    9,
                    "Bishamondai",
                    9
                ],
                [
                    10,
                    "Omachi",
                    10
                ],
                [
                    11,
                    "Furuichi",
                    11
                ],
                [
                    12,
                    "Nakasuji",
                    12
                ],
                [
                    13,
                    "Nishihara",
                    13
                ],
                [
                    14,
                    "Gion-shinbashi-kita",
                    14
                ],
                [
                    15,
                    "Fudoin-mae",
                    15
                ],
                [
                    16,
                    "Ushita",
                    16
                ],
                [
                    17,
                    "Hakushima",
                    17
                ],
                [
                    18,
                    "Shin-Hakushima",
                    18
                ],
                [
                    19,
                    "Johoku",
                    19
                ],
                [
                    20,
                    "Kencho-mae",
                    20
                ],
                [
                    21,
                    "Hondori",
                    21
                ]
            ],
            "text_id": 22
        }
    ],
    "name": "metro",
    "transfers": [],
    "type_name": "Электричка"
}