{
    "lines": [
        {
            "delays": [],
            "name": "U1",
            "scheme": null,
            "segments": [
                [
                    0,
                    1,
                    120
                ],
                [
                    1,
                    0,
                    120
                ],
                [
                    1,
                    2,
                    120
                ],
                [
                    2,
                    1,
                    120
                ],
                [
                    2,
                    3,
                    120
                ],
                [
                    3,
                    2,
                    120
                ],
                [
                    3,
                    4,
                    120
                ],
                [
                    4,
                    3,
                    120
                ],
                [
                    4,
                    5,
                    120
                ],
                [
                    5,
                    4,
                    120
                ],
                [
                    5,
                    6,
                    120
                ],
                [
                    6,
                    5,
                    120
                ],
                [
                    6,
                    7,
                    120
                ],
                [
                    7,
                    6,
                    120
                ],
                [
                    7,
                    8,
                    120
                ],
                [
                    8,
                    7,
                    120
                ],
                [
                    8,
                    9,
                    120
                ],
                [
                    9,
                    8,
                    120
                ],
                [
                    9,
                    10,
                    120
                ],
                [
                    10,
                    9,
                    120
                ],
                [
                    10,
                    11,
                    120
                ],
                [
                    11,
                    10,
                    120
                ],
                [
                    11,
                    12,
                    120
                ],
                [
                    12,
                    11,
                    120
                ],
                [
                    12,
                    13,
                    120
                ],
                [
                    13,
                    12,
                    120
                ],
                [
                    13,
                    14,
                    120
                ],
                [
                    14,
                    13,
                    120
                ]
            ],
            "stations": [
                [
                    0,
                    "OEZ",
                    0
                ],
                [
                    1,
                    "Georg-Brauchle-Ring",
                    1
                ],
                [
                    2,
                    "Westfriedhof",
                    2
                ],
                [
                    3,
                    "Gern",
                    3
                ],
                [
                    4,
                    "Rotkreuzplatz",
                    4
                ],
                [
                    5,
                    "Maillingerstrasse",
                    5
                ],
                [
                    6,
                    "Stiglmaierplatz",
                    6
                ],
                [
                    7,
                    "Hauptbahnhof Central Station",
                    7
                ],
                [
                    8,
                    "Sendlinger Tor",
                    8
                ],
                [
                    9,
                    "Fraunhoferstrasse",
                    9
                ],
                [
                    10,
                    "Kolumbusplatz",
                    10
                ],
                [
                    11,
                    "Candidplatz",
                    11
                ],
                [
                    12,
                    "Wettersteinplatz",
                    12
                ],
                [
                    13,
                    "St.-Quirin-Platz",
                    13
                ],
                [
                    14,
                    "Mangfallplatz",
                    14
                ]
            ],
            "text_id": 15
        },
        {
            "delays": [],
            "name": "U2",
            "scheme": null,
            "segments": [
                [
                    15,
                    16,
                    120
                ],
                [
                    16,
                    15,
                    120
                ],
                [
                    16,
                    17,
                    120
                ],
                [
                    17,
                    16,
                    120
                ],
                [
                    17,
                    18,
                    120
                ],
                [
                    18,
                    17,
                    120
                ],
                [
                    18,
                    19,
                    120
                ],
                [
                    19,
                    18,
                    120
                ],
                [
                    19,
                    20,
                    120
                ],
                [
                    20,
                    19,
                    120
                ],
                [
                    20,
                    21,
                    120
                ],
                [
                    21,
                    20,
                    120
                ],
                [
                    21,
                    22,
                    120
                ],
                [
                    22,
                    21,
                    120
                ],
                [
                    22,
                    23,
                    120
                ],
                [
                    23,
                    22,
                    120
                ],
                [
                    23,
                    24,
                    120
                ],
                [
                    24,
                    23,
                    120
                ],
                [
                    24,
                    25,
                    120
                ],
                [
                    25,
                    24,
                    120
                ],
                [
                    25,
                    26,
                    120
                ],
                [
                    26,
                    25,
                    120
                ],
                [
                    26,
                    27,
                    120
                ],
                [
                    27,
                    26,
                    120
                ],
                [
                    27,
                    28,
                    120
                ],
                [
                    28,
                    27,
                    120
                ],
                [
                    28,
                    29,
                    120
                ],
                [
                    29,
                    28,
                    120
                ],
                [
                    29,
                    30,
                    120
                ],
                [
                    30,
                    29,
                    120
                ],
                [
                    30,
                    31,
                    120
                ],
                [
                    31,
                    30,
                    120
                ],
                [
                    31,
                    32,
                    120
                ],
                [
                    32,
                    31,
                    120
                ],
                [
                    32,
                    33,
                    120
                ],
                [
                    33,
                    32,
                    120
                ],
                [
                    33,
                    34,
                    120
                ],
                [
                    34,
                    33,
                    120
                ],
                [
                    34,
                    35,
                    120
                ],
                [
                    35,
                    34,
                    120
                ],
                [
                    35,
                    36,
                    120
                ],
                [
                    36,
                    35,
                    120
                ],
                [
                    36,
                    37,
                    120
                ],
                [
                    37,
                    36,
                    120
                ],
                [
                    37,
                    38,
                    120
                ],
                [
                    38,
                    37,
                    120
                ],
                [
                    38,
                    39,
                    120
                ],
                [
                    39,
                    38,
                    120
                ],
                [
                    39,
                    40,
                    120
                ],
                [
                    40,
                    39,
                    120
                ],
                [
                    40,
                    41,
                    120
                ],
                [
                    41,
                    40,
                    120
                ]
            ],
            "stations": [
                [
                    15,
                    "Feldmoching",
                    16
                ],
                [
                    16,
                    "Hasenbergl",
                    17
                ],
                [
                    17,
                    "Dulferstrasse",
                    18
                ],
                [
                    18,
                    "Harthof",
                    19
                ],
                [
                    19,
                    "Am Hart",
                    20
                ],
                [
                    20,
                    "Frankfurter Ring",
                    21
                ],
                [
                    21,
                    "Milbertshofen",
                    22
                ],
                [
                    22,
                    "Scheidplatz",
                    23
                ],
                [
                    23,
                    "Hohenzollernplatz",
                    24
                ],
                [
                    24,
                    "Josephsplatz",
                    25
                ],
                [
                    25,
                    "Theresienstrasse",
                    26
                ],
                [
                    26,
                    "Konigsplatz",
                    27
                ],
                [
                    27,
                    "Hauptbahnhof Central Station",
                    7
                ],
                [
                    28,
                    "Sendlinger Tor",
                    8
                ],
                [
                    29,
                    "Fraunhoferstrasse",
                    9
                ],
                [
                    30,
                    "Kolumbusplatz",
                    10
                ],
                [
                    31,
                    "Silberhornstrasse",
                    28
                ],
                [
                    32,
                    "Untersbergstrasse",
                    29
                ],
                [
                    33,
                    "Giesing",
                    30
                ],
                [
                    34,
                    "Karl-Preis-Platz",
                    31
                ],
                [
                    35,
                    "Innsbrucker Ring",
                    32
                ],
                [
                    36,
                    "Josephsburg",
                    33
                ],
                [
                    37,
                    "Kreillerstrasse",
                    34
                ],
                [
                    38,
                    "Trudering",
                    35
                ],
                [
                    39,
                    "Moosfeld",
                    36
                ],
                [
                    40,
                    "Messestadt-West",
                    37
                ],
                [
                    41,
                    "Messestadt-Ost",
                    38
                ]
            ],
            "text_id": 39
        },
        {
            "delays": [],
            "name": "U3",
            "scheme": null,
            "segments": [
                [
                    42,
                    43,
                    120
                ],
                [
                    43,
                    42,
                    120
                ],
                [
                    43,
                    44,
                    120
                ],
                [
                    44,
                    43,
                    120
                ],
                [
                    44,
                    45,
                    120
                ],
                [
                    45,
                    44,
                    120
                ],
                [
                    45,
                    46,
                    120
                ],
                [
                    46,
                    45,
                    120
                ],
                [
                    46,
                    47,
                    120
                ],
                [
                    47,
                    46,
                    120
                ],
                [
                    47,
                    48,
                    120
                ],
                [
                    48,
                    47,
                    120
                ],
                [
                    48,
                    49,
                    120
                ],
                [
                    49,
                    48,
                    120
                ],
                [
                    49,
                    50,
                    120
                ],
                [
                    50,
                    49,
                    120
                ],
                [
                    50,
                    51,
                    120
                ],
                [
                    51,
                    50,
                    120
                ],
                [
                    51,
                    52,
                    120
                ],
                [
                    52,
                    51,
                    120
                ],
                [
                    52,
                    53,
                    120
                ],
                [
                    53,
                    52,
                    120
                ],
                [
                    53,
                    54,
                    120
                ],
                [
                    54,
                    53,
                    120
                ],
                [
                    54,
                    55,
                    120
                ],
                [
                    55,
                    54,
                    120
                ],
                [
                    55,
                    56,
                    120
                ],
                [
                    56,
                    55,
                    120
                ],
                [
                    56,
                    57,
                    120
                ],
                [
                    57,
                    56,
                    120
                ],
                [
                    57,
                    58,
                    120
                ],
                [
                    58,
                    57,
                    120
                ],
                [
                    58,
                    59,
                    120
                ],
                [
                    59,
                    58,
                    120
                ],
                [
                    59,
                    60,
                    120
                ],
                [
                    60,
                    59,
                    120
                ],
                [
                    60,
                    61,
                    120
                ],
                [
                    61,
                    60,
                    120
                ],
                [
                    61,
                    62,
                    120
                ],
                [
                    62,
                    61,
                    120
                ],
                [
                    62,
                    63,
                    120
                ],
                [
                    63,
                    62,
                    120
                ],
                [
                    63,
                    64,
                    120
                ],
                [
                    64,
                    63,
                    120
                ],
                [
                    64,
                    65,
                    120
                ],
                [
                    65,
                    64,
                    120
                ],
                [
                    65,
                    66,
                    120
                ],
                [
                    66,
                    65,
                    120
                ]
            ],
            "stations": [
                [
                    42,
                    "Moosach",
                    40
                ],
                [
                    43,
                    "Moosacher St-Martins-Platz",
                    41
                ],
                [
                    44,
                    "OEZ",
                    0
                ],
                [
                    45,
                    "Oberwiesenfeld",
                    42
                ],
                [
                    46,
                    "Olympiazentrum",
                    43
                ],
                [
                    47,
                    "Petuelring",
                    44
                ],
                [
                    48,
                    "Scheidplatz",
                    23
                ],
                [
                    49,
                    "Bonner Platz",
                    45
                ],
                [
                    50,
                    "Munchner Freiheit",
                    46
                ],
                [
                    51,
                    "Giselastrasse",
                    47
                ],
                [
                    52,
                    "Universitat",
                    48
                ],
                [
                    53,
                    "Odeonsplatz",
                    49
                ],
                [
                    54,
                    "Marienplatz City Center",
                    50
                ],
                [
                    55,
                    "Sendlinger Tor",
                    8
                ],
                [
                    56,
                    "Goetheplatz",
                    51
                ],
                [
                    57,
                    "Poccistrasse",
                    52
                ],
                [
                    58,
                    "Implerstrasse",
                    53
                ],
                [
                    59,
                    "Brudermuhlstrasse",
                    54
                ],
                [
                    60,
                    "Thalkirchen",
                    55
                ],
                [
                    61,
                    "Obersendling",
                    56
                ],
                [
                    62,
                    "Aidenbachstrasse",
                    57
                ],
                [
                    63,
                    "Machtlfinger Strasse",
                    58
                ],
                [
                    64,
                    "Forstenrieder Allee",
                    59
                ],
                [
                    65,
                    "Basler Strasse",
                    60
                ],
                [
                    66,
                    "Furstenried West",
                    61
                ]
            ],
            "text_id": 62
        },
        {
            "delays": [],
            "name": "U4",
            "scheme": null,
            "segments": [
                [
                    67,
                    68,
                    120
                ],
                [
                    68,
                    67,
                    120
                ],
                [
                    68,
                    69,
                    120
                ],
                [
                    69,
                    68,
                    120
                ],
                [
                    69,
                    70,
                    120
                ],
                [
                    70,
                    69,
                    120
                ],
                [
                    70,
                    71,
                    120
                ],
                [
                    71,
                    70,
                    120
                ],
                [
                    71,
                    72,
                    120
                ],
                [
                    72,
                    71,
                    120
                ],
                [
                    72,
                    73,
                    120
                ],
                [
                    73,
                    72,
                    120
                ],
                [
                    73,
                    74,
                    120
                ],
                [
                    74,
                    73,
                    120
                ],
                [
                    74,
                    75,
                    120
                ],
                [
                    75,
                    74,
                    120
                ],
                [
                    75,
                    76,
                    120
                ],
                [
                    76,
                    75,
                    120
                ],
                [
                    76,
                    77,
                    120
                ],
                [
                    77,
                    76,
                    120
                ],
                [
                    77,
                    78,
                    120
                ],
                [
                    78,
                    77,
                    120
                ],
                [
                    78,
                    79,
                    120
                ],
                [
                    79,
                    78,
                    120
                ]
            ],
            "stations": [
                [
                    67,
                    "Westendstrasse",
                    63
                ],
                [
                    68,
                    "Heimeranplatz",
                    64
                ],
                [
                    69,
                    "Schwanthalerhohe",
                    65
                ],
                [
                    70,
                    "Theresienwiese",
                    66
                ],
                [
                    71,
                    "Hauptbahnhof Central Station",
                    7
                ],
                [
                    72,
                    "Karlsplatz",
                    67
                ],
                [
                    73,
                    "Odeonsplatz",
                    49
                ],
                [
                    74,
                    "Lehel",
                    68
                ],
                [
                    75,
                    "Max-Weber-Platz",
                    69
                ],
                [
                    76,
                    "Prinzregentenplatz",
                    70
                ],
                [
                    77,
                    "Bohmerwaldplatz",
                    71
                ],
                [
                    78,
                    "Richard-Strauss-Strasse",
                    72
                ],
                [
                    79,
                    "Arabellapark",
                    73
                ]
            ],
            "text_id": 74
        },
        {
            "delays": [],
            "name": "U5",
            "scheme": null,
            "segments": [
                [
                    80,
                    81,
                    120
                ],
                [
                    81,
                    80,
                    120
                ],
                [
                    81,
                    82,
                    120
                ],
                [
                    82,
                    81,
                    120
                ],
                [
                    82,
                    83,
                    120
                ],
                [
                    83,
                    82,
                    120
                ],
                [
                    83,
                    84,
                    120
                ],
                [
                    84,
                    83,
                    120
                ],
                [
                    84,
                    85,
                    120
                ],
                [
                    85,
                    84,
                    120
                ],
                [
                    85,
                    86,
                    120
                ],
                [
                    86,
                    85,
                    120
                ],
                [
                    86,
                    87,
                    120
                ],
                [
                    87,
                    86,
                    120
                ],
                [
                    87,
                    88,
                    120
                ],
                [
                    88,
                    87,
                    120
                ],
                [
                    88,
                    89,
                    120
                ],
                [
                    89,
                    88,
                    120
                ],
                [
                    89,
                    90,
                    120
                ],
                [
                    90,
                    89,
                    120
                ],
                [
                    90,
                    91,
                    120
                ],
                [
                    91,
                    90,
                    120
                ],
                [
                    91,
                    92,
                    120
                ],
                [
                    92,
                    91,
                    120
                ],
                [
                    92,
                    93,
                    120
                ],
                [
                    93,
                    92,
                    120
                ],
                [
                    93,
                    94,
                    120
                ],
                [
                    94,
                    93,
                    120
                ],
                [
                    94,
                    95,
                    120
                ],
                [
                    95,
                    94,
                    120
                ],
                [
                    95,
                    96,
                    120
                ],
                [
                    96,
                    95,
                    120
                ],
                [
                    96,
                    97,
                    120
                ],
                [
                    97,
                    96,
                    120
                ]
            ],
            "stations": [
                [
                    80,
                    "Laimer Platz",
                    75
                ],
                [
                    81,
                    "Friedenheimer Strasse",
                    76
                ],
                [
                    82,
                    "Westendstrasse",
                    63
                ],
                [
                    83,
                    "Heimeranplatz",
                    64
                ],
                [
                    84,
                    "Schwanthalerhohe",
                    65
                ],
                [
                    85,
                    "Theresienwiese",
                    66
                ],
                [
                    86,
                    "Hauptbahnhof Central Station",
                    7
                ],
                [
                    87,
                    "Karlsplatz",
                    67
                ],
                [
                    88,
                    "Odeonsplatz",
                    49
                ],
                [
                    89,
                    "Lehel",
                    68
                ],
                [
                    90,
                    "Max-Weber-Platz",
                    69
                ],
                [
                    91,
                    "Ostbahnhof",
                    77
                ],
                [
                    92,
                    "Innsbrucker Ring",
                    32
                ],
                [
                    93,
                    "Michaelibad",
                    78
                ],
                [
                    94,
                    "Quiddestrasse",
                    79
                ],
                [
                    95,
                    "Neuperlach Zentrum",
                    80
                ],
                [
                    96,
                    "Therese-Giehse-Allee",
                    81
                ],
                [
                    97,
                    "Neuperlach Sud",
                    82
                ]
            ],
            "text_id": 83
        },
        {
            "delays": [],
            "name": "U6",
            "scheme": null,
            "segments": [
                [
                    98,
                    99,
                    120
                ],
                [
                    99,
                    98,
                    120
                ],
                [
                    99,
                    100,
                    120
                ],
                [
                    100,
                    99,
                    120
                ],
                [
                    100,
                    101,
                    120
                ],
                [
                    101,
                    100,
                    120
                ],
                [
                    101,
                    102,
                    120
                ],
                [
                    102,
                    101,
                    120
                ],
                [
                    102,
                    103,
                    120
                ],
                [
                    103,
                    102,
                    120
                ],
                [
                    103,
                    104,
                    120
                ],
                [
                    104,
                    103,
                    120
                ],
                [
                    104,
                    105,
                    120
                ],
                [
                    105,
                    104,
                    120
                ],
                [
                    105,
                    106,
                    120
                ],
                [
                    106,
                    105,
                    120
                ],
                [
                    106,
                    107,
                    120
                ],
                [
                    107,
                    106,
                    120
                ],
                [
                    107,
                    108,
                    120
                ],
                [
                    108,
                    107,
                    120
                ],
                [
                    108,
                    109,
                    120
                ],
                [
                    109,
                    108,
                    120
                ],
                [
                    109,
                    110,
                    120
                ],
                [
                    110,
                    109,
                    120
                ],
                [
                    110,
                    111,
                    120
                ],
                [
                    111,
                    110,
                    120
                ],
                [
                    111,
                    112,
                    120
                ],
                [
                    112,
                    111,
                    120
                ],
                [
                    112,
                    113,
                    120
                ],
                [
                    113,
                    112,
                    120
                ],
                [
                    113,
                    114,
                    120
                ],
                [
                    114,
                    113,
                    120
                ],
                [
                    114,
                    115,
                    120
                ],
                [
                    115,
                    114,
                    120
                ],
                [
                    115,
                    116,
                    120
                ],
                [
                    116,
                    115,
                    120
                ],
                [
                    116,
                    117,
                    120
                ],
                [
                    117,
                    116,
                    120
                ],
                [
                    117,
                    118,
                    120
                ],
                [
                    118,
                    117,
                    120
                ],
                [
                    118,
                    119,
                    120
                ],
                [
                    119,
                    118,
                    120
                ],
                [
                    119,
                    120,
                    120
                ],
                [
                    120,
                    119,
                    120
                ],
                [
                    120,
                    121,
                    120
                ],
                [
                    121,
                    120,
                    120
                ],
                [
                    121,
                    122,
                    120
                ],
                [
                    122,
                    121,
                    120
                ],
                [
                    122,
                    123,
                    120
                ],
                [
                    123,
                    122,
                    120
                ]
            ],
            "stations": [
                [
                    98,
                    "Garching-Forschungszentrum",
                    84
                ],
                [
                    99,
                    "Garching",
                    85
                ],
                [
                    100,
                    "Garching-Hochbruck",
                    86
                ],
                [
                    101,
                    "Frottmaning",
                    87
                ],
                [
                    102,
                    "Kieferngarten",
                    88
                ],
                [
                    103,
                    "Freimann",
                    89
                ],
                [
                    104,
                    "Studentenstadt",
                    90
                ],
                [
                    105,
                    "Alte Heide",
                    91
                ],
                [
                    106,
                    "Nordfriedhof",
                    92
                ],
                [
                    107,
                    "Dietlindenstrasse",
                    93
                ],
                [
                    108,
                    "Munchner Freiheit",
                    46
                ],
                [
                    109,
                    "Giselastrasse",
                    47
                ],
                [
                    110,
                    "Universitat",
                    48
                ],
                [
                    111,
                    "Odeonsplatz",
                    49
                ],
                [
                    112,
                    "Marienplatz City Center",
                    50
                ],
                [
                    113,
                    "Sendlinger Tor",
                    8
                ],
                [
                    114,
                    "Goetheplatz",
                    51
                ],
                [
                    115,
                    "Poccistrasse",
                    52
                ],
                [
                    116,
                    "Implerstrasse",
                    53
                ],
                [
                    117,
                    "Harras",
                    94
                ],
                [
                    118,
                    "Partnachplatz",
                    95
                ],
                [
                    119,
                    "Westpark",
                    96
                ],
                [
                    120,
                    "Holzapfelkreuth",
                    97
                ],
                [
                    121,
                    "Haderner Stern",
                    98
                ],
                [
                    122,
                    "Grosshadern",
                    99
                ],
                [
                    123,
                    "Klinikum Grosshadern",
                    100
                ]
            ],
            "text_id": 101
        }
    ],
    "name": "metro",
    "transfers": [
        [
            9,
            29,
            0,
            true
        ],
        [
            7,
            27,
            0,
            true
        ],
        [
            10,
            30,
            0,
            true
        ],
        [
            8,
            28,
            0,
            true
        ],
        [
            0,
            44,
            120,
            true
        ],
        [
            8,
            55,
            120,
            true
        ],
        [
            7,
            71,
            120,
            true
        ],
        [
            7,
            86,
            120,
            true
        ],
        [
            8,
            113,
            120,
            true
        ],
        [
            22,
            48,
            120,
            true
        ],
        [
            28,
            55,
            120,
            true
        ],
        [
            27,
            71,
            120,
            true
        ],
        [
            27,
            86,
            120,
            true
        ],
        [
            35,
            92,
            120,
            true
        ],
        [
            28,
            113,
            120,
            true
        ],
        [
            53,
            73,
            120,
            true
        ],
        [
            53,
            88,
            120,
            true
        ],
        [
            51,
            109,
            0,
            true
        ],
        [
            56,
            114,
            0,
            true
        ],
        [
            58,
            116,
            0,
            true
        ],
        [
            54,
            112,
            0,
            true
        ],
        [
            50,
            108,
            0,
            true
        ],
        [
            53,
            111,
            0,
            true
        ],
        [
            57,
            115,
            0,
            true
        ],
        [
            55,
            113,
            0,
            true
        ],
        [
            52,
            110,
            0,
            true
        ],
        [
            71,
            86,
            0,
            true
        ],
        [
            68,
            83,
            0,
            true
        ],
        [
            72,
            87,
            0,
            true
        ],
        [
            74,
            89,
            0,
            true
        ],
        [
            75,
            90,
            0,
            true
        ],
        [
            73,
            88,
            0,
            true
        ],
        [
            69,
            84,
            0,
            true
        ],
        [
            70,
            85,
            0,
            true
        ],
        [
            67,
            82,
            0,
            true
        ],
        [
            73,
            111,
            120,
            true
        ],
        [
            88,
            111,
            120,
            true
        ]
    ],
    "type_name": "Метро"
}