{
    "lines": [
        {
            "delays": [],
            "name": "1",
            "scheme": null,
            "segments": [
                [
                    0,
                    1,
                    120
                ],
                [
                    1,
                    0,
                    120
                ],
                [
                    1,
                    2,
                    120
                ],
                [
                    2,
                    1,
                    120
                ],
                [
                    2,
                    3,
                    120
                ],
                [
                    3,
                    2,
                    120
                ],
                [
                    3,
                    4,
                    120
                ],
                [
                    4,
                    3,
                    120
                ],
                [
                    4,
                    5,
                    120
                ],
                [
                    5,
                    4,
                    120
                ],
                [
                    5,
                    6,
                    120
                ],
                [
                    6,
                    5,
                    120
                ],
                [
                    6,
                    7,
                    120
                ],
                [
                    7,
                    6,
                    120
                ],
                [
                    7,
                    8,
                    120
                ],
                [
                    8,
                    7,
                    120
                ],
                [
                    8,
                    9,
                    120
                ],
                [
                    9,
                    8,
                    120
                ],
                [
                    9,
                    10,
                    120
                ],
                [
                    10,
                    9,
                    120
                ],
                [
                    10,
                    11,
                    120
                ],
                [
                    11,
                    10,
                    120
                ],
                [
                    11,
                    12,
                    120
                ],
                [
                    12,
                    11,
                    120
                ],
                [
                    12,
                    13,
                    120
                ],
                [
                    13,
                    12,
                    120
                ],
                [
                    13,
                    14,
                    120
                ],
                [
                    14,
                    13,
                    120
                ],
                [
                    14,
                    15,
                    120
                ],
                [
                    15,
                    14,
                    120
                ],
                [
                    15,
                    16,
                    120
                ],
                [
                    16,
                    15,
                    120
                ],
                [
                    16,
                    17,
                    120
                ],
                [
                    17,
                    16,
                    120
                ],
                [
                    17,
                    18,
                    120
                ],
                [
                    18,
                    17,
                    120
                ],
                [
                    18,
                    19,
                    120
                ],
                [
                    19,
                    18,
                    120
                ]
            ],
            "stations": [
                [
                    0,
                    "Roosevelt",
                    0
                ],
                [
                    1,
                    "Balintawak",
                    1
                ],
                [
                    2,
                    "Monumento",
                    2
                ],
                [
                    3,
                    "5th Avenue",
                    3
                ],
                [
                    4,
                    "R Papa",
                    4
                ],
                [
                    5,
                    "Abad Santos",
                    5
                ],
                [
                    6,
                    "Blumentritt",
                    6
                ],
                [
                    7,
                    "Tayuman",
                    7
                ],
                [
                    8,
                    "Bambang",
                    8
                ],
                [
                    9,
                    "Doroteo Jose",
                    9
                ],
                [
                    10,
                    "Carriedo",
                    10
                ],
                [
                    11,
                    "Central Terminal",
                    11
                ],
                [
                    12,
                    "United Nations Avenue",
                    12
                ],
                [
                    13,
                    "Pedro Gil",
                    13
                ],
                [
                    14,
                    "Quirino Avenue",
                    14
                ],
                [
                    15,
                    "Vito Cruz",
                    15
                ],
                [
                    16,
                    "Gil Puyat",
                    16
                ],
                [
                    17,
                    "Libertad",
                    17
                ],
                [
                    18,
                    "EDSA/Pasay",
                    18
                ],
                [
                    19,
                    "Baclaran",
                    19
                ]
            ],
            "text_id": 20
        },
        {
            "delays": [],
            "name": "2",
            "scheme": null,
            "segments": [
                [
                    20,
                    21,
                    120
                ],
                [
                    21,
                    20,
                    120
                ],
                [
                    21,
                    22,
                    120
                ],
                [
                    22,
                    21,
                    120
                ],
                [
                    22,
                    23,
                    120
                ],
                [
                    23,
                    22,
                    120
                ],
                [
                    23,
                    24,
                    120
                ],
                [
                    24,
                    23,
                    120
                ],
                [
                    24,
                    25,
                    120
                ],
                [
                    25,
                    24,
                    120
                ],
                [
                    25,
                    26,
                    120
                ],
                [
                    26,
                    25,
                    120
                ],
                [
                    26,
                    27,
                    120
                ],
                [
                    27,
                    26,
                    120
                ],
                [
                    27,
                    28,
                    120
                ],
                [
                    28,
                    27,
                    120
                ],
                [
                    28,
                    29,
                    120
                ],
                [
                    29,
                    28,
                    120
                ],
                [
                    29,
                    30,
                    120
                ],
                [
                    30,
                    29,
                    120
                ]
            ],
            "stations": [
                [
                    20,
                    "Recto",
                    21
                ],
                [
                    21,
                    "Legarda",
                    22
                ],
                [
                    22,
                    "Pureza",
                    23
                ],
                [
                    23,
                    "V. Mapa",
                    24
                ],
                [
                    24,
                    "J. Ruiz",
                    25
                ],
                [
                    25,
                    "Gilmore",
                    26
                ],
                [
                    26,
                    "Betty Go Belmonte",
                    27
                ],
                [
                    27,
                    "Cubao",
                    28
                ],
                [
                    28,
                    "Anonas",
                    29
                ],
                [
                    29,
                    "Katipunan",
                    30
                ],
                [
                    30,
                    "Santolan",
                    31
                ]
            ],
            "text_id": 32
        },
        {
            "delays": [],
            "name": "3",
            "scheme": null,
            "segments": [
                [
                    31,
                    32,
                    120
                ],
                [
                    32,
                    31,
                    120
                ],
                [
                    32,
                    33,
                    120
                ],
                [
                    33,
                    32,
                    120
                ],
                [
                    33,
                    34,
                    120
                ],
                [
                    34,
                    33,
                    120
                ],
                [
                    34,
                    35,
                    120
                ],
                [
                    35,
                    34,
                    120
                ],
                [
                    35,
                    36,
                    120
                ],
                [
                    36,
                    35,
                    120
                ],
                [
                    36,
                    37,
                    120
                ],
                [
                    37,
                    36,
                    120
                ],
                [
                    37,
                    38,
                    120
                ],
                [
                    38,
                    37,
                    120
                ],
                [
                    38,
                    39,
                    120
                ],
                [
                    39,
                    38,
                    120
                ],
                [
                    39,
                    40,
                    120
                ],
                [
                    40,
                    39,
                    120
                ],
                [
                    40,
                    41,
                    120
                ],
                [
                    41,
                    40,
                    120
                ],
                [
                    41,
                    42,
                    120
                ],
                [
                    42,
                    41,
                    120
                ],
                [
                    42,
                    43,
                    120
                ],
                [
                    43,
                    42,
                    120
                ]
            ],
            "stations": [
                [
                    31,
                    "North Avenue",
                    33
                ],
                [
                    32,
                    "Quezon Avenue",
                    34
                ],
                [
                    33,
                    "Kamuning",
                    35
                ],
                [
                    34,
                    "Cubao",
                    28
                ],
                [
                    35,
                    "Santolan",
                    31
                ],
                [
                    36,
                    "Ortigas",
                    36
                ],
                [
                    37,
                    "Shaw Boulevard",
                    37
                ],
                [
                    38,
                    "Boni",
                    38
                ],
                [
                    39,
                    "Guadalupe",
                    39
                ],
                [
                    40,
                    "Buendia",
                    40
                ],
                [
                    41,
                    "Ayala",
                    41
                ],
                [
                    42,
                    "Magellanes",
                    42
                ],
                [
                    43,
                    "Taft Avenue",
                    43
                ]
            ],
            "text_id": 44
        },
        {
            "delays": [],
            "name": "4",
            "scheme": null,
            "segments": [
                [
                    44,
                    45,
                    120
                ],
                [
                    45,
                    44,
                    120
                ],
                [
                    45,
                    46,
                    120
                ],
                [
                    46,
                    45,
                    120
                ],
                [
                    46,
                    47,
                    120
                ],
                [
                    47,
                    46,
                    120
                ],
                [
                    47,
                    48,
                    120
                ],
                [
                    48,
                    47,
                    120
                ],
                [
                    48,
                    49,
                    120
                ],
                [
                    49,
                    48,
                    120
                ],
                [
                    49,
                    50,
                    120
                ],
                [
                    50,
                    49,
                    120
                ],
                [
                    50,
                    51,
                    120
                ],
                [
                    51,
                    50,
                    120
                ],
                [
                    51,
                    52,
                    120
                ],
                [
                    52,
                    51,
                    120
                ],
                [
                    52,
                    53,
                    120
                ],
                [
                    53,
                    52,
                    120
                ],
                [
                    53,
                    54,
                    120
                ],
                [
                    54,
                    53,
                    120
                ],
                [
                    54,
                    55,
                    120
                ],
                [
                    55,
                    54,
                    120
                ],
                [
                    55,
                    56,
                    120
                ],
                [
                    56,
                    55,
                    120
                ],
                [
                    56,
                    57,
                    120
                ],
                [
                    57,
                    56,
                    120
                ],
                [
                    57,
                    58,
                    120
                ],
                [
                    58,
                    57,
                    120
                ],
                [
                    58,
                    59,
                    120
                ],
                [
                    59,
                    58,
                    120
                ],
                [
                    59,
                    60,
                    120
                ],
                [
                    60,
                    59,
                    120
                ],
                [
                    60,
                    61,
                    120
                ],
                [
                    61,
                    60,
                    120
                ],
                [
                    61,
                    62,
                    120
                ],
                [
                    62,
                    61,
                    120
                ],
                [
                    62,
                    63,
                    120
                ],
                [
                    63,
                    62,
                    120
                ],
                [
                    63,
                    64,
                    120
                ],
                [
                    64,
                    63,
                    120
                ],
                [
                    64,
                    65,
                    120
                ],
                [
                    65,
                    64,
                    120
                ],
                [
                    65,
                    66,
                    120
                ],
                [
                    66,
                    65,
                    120
                ]
            ],
            "stations": [
                [
                    44,
                    "Tutuban",
                    45
                ],
                [
                    45,
                    "Blumentritt",
                    6
                ],
                [
                    46,
                    "Laong Laan",
                    46
                ],
                [
                    47,
                    "Espana",
                    47
                ],
                [
                    48,
                    "Santa Mesa",
                    48
                ],
                [
                    49,
                    "Pandacan",
                    49
                ],
                [
                    50,
                    "Paco",
                    50
                ],
                [
                    51,
                    "San Andres",
                    51
                ],
                [
                    52,
                    "Vito Cruz",
                    15
                ],
                [
                    53,
                    "Buendia",
                    40
                ],
                [
                    54,
                    "Pasay Road",
                    52
                ],
                [
                    55,
                    "EDSA",
                    53
                ],
                [
                    56,
                    "Villamor",
                    54
                ],
                [
                    57,
                    "FTI",
                    55
                ],
                [
                    58,
                    "Bicutan",
                    56
                ],
                [
                    59,
                    "Sucat",
                    57
                ],
                [
                    60,
                    "Alabang",
                    58
                ],
                [
                    61,
                    "Muntinlupa",
                    59
                ],
                [
                    62,
                    "Tunasan",
                    60
                ],
                [
                    63,
                    "San Pedro",
                    61
                ],
                [
                    64,
                    "Pacita MG",
                    62
                ],
                [
                    65,
                    "Golden City I",
                    63
                ],
                [
                    66,
                    "Binan",
                    64
                ]
            ],
            "text_id": 65
        }
    ],
    "name": "metro",
    "transfers": [
        [
            9,
            20,
            120,
            true
        ],
        [
            18,
            43,
            120,
            true
        ],
        [
            27,
            34,
            120,
            true
        ],
        [
            45,
            6,
            120,
            true
        ]
    ],
    "type_name": "Метро"
}