{
    "default_transports": [
        "metro"
    ],
    "height": 627,
    "images": [
        "res/schemes/bangalore.svg"
    ],
    "is_vector": true,
    "lines": [
        {
            "labels_bg_color": "-1",
            "labels_color": "8C2877",
            "line_color": "8C2877",
            "line_width": 7,
            "name": "Purple",
            "segments": [
                [
                    0,
                    1,
                    [
                        [
                            527,
                            256
                        ],
                        [
                            569,
                            256
                        ]
                    ],
                    true
                ],
                [
                    1,
                    2,
                    [
                        [
                            496,
                            287
                        ],
                        [
                            527,
                            256
                        ]
                    ],
                    true
                ],
                [
                    2,
                    3,
                    [
                        [
                            455,
                            287
                        ],
                        [
                            496,
                            287
                        ]
                    ],
                    true
                ],
                [
                    3,
                    4,
                    [
                        [
                            424,
                            318
                        ],
                        [
                            455,
                            287
                        ]
                    ],
                    true
                ],
                [
                    4,
                    5,
                    [
                        [
                            376,
                            318
                        ],
                        [
                            424,
                            318
                        ]
                    ],
                    true
                ],
                [
                    5,
                    6,
                    [
                        [
                            330,
                            318
                        ],
                        [
                            376,
                            318
                        ]
                    ],
                    true
                ],
                [
                    6,
                    7,
                    [
                        [
                            -6,
                            -1
                        ],
                        [
                            330,
                            318
                        ]
                    ],
                    true
                ],
                [
                    7,
                    8,
                    [
                        [
                            -8,
                            -7
                        ],
                        [
                            -6,
                            -1
                        ]
                    ],
                    false
                ],
                [
                    8,
                    9,
                    [
                        [
                            -7,
                            -16
                        ],
                        [
                            -8,
                            -7
                        ]
                    ],
                    false
                ],
                [
                    9,
                    10,
                    [
                        [
                            0,
                            -11
                        ],
                        [
                            -7,
                            -16
                        ]
                    ],
                    false
                ],
                [
                    10,
                    11,
                    [
                        [
                            127,
                            317
                        ],
                        [
                            0,
                            -11
                        ]
                    ],
                    false
                ],
                [
                    11,
                    12,
                    [
                        [
                            99,
                            345
                        ],
                        [
                            127,
                            317
                        ]
                    ],
                    true
                ],
                [
                    12,
                    13,
                    [
                        [
                            99,
                            378
                        ],
                        [
                            99,
                            345
                        ]
                    ],
                    true
                ],
                [
                    13,
                    14,
                    [
                        [
                            99,
                            414
                        ],
                        [
                            99,
                            378
                        ]
                    ],
                    true
                ],
                [
                    14,
                    15,
                    [
                        [
                            99,
                            449
                        ],
                        [
                            99,
                            414
                        ]
                    ],
                    true
                ],
                [
                    15,
                    16,
                    [
                        [
                            71,
                            477
                        ],
                        [
                            99,
                            449
                        ]
                    ],
                    true
                ]
            ],
            "stations": [
                {
                    "coord": [
                        569,
                        256
                    ],
                    "is_working": true,
                    "name": "Baiyappanahalli",
                    "rect": [
                        546,
                        263,
                        82,
                        15
                    ],
                    "text_id": 0,
                    "uid": 0
                },
                {
                    "coord": [
                        527,
                        256
                    ],
                    "is_working": true,
                    "name": "Swami Vivekananda Road",
                    "rect": [
                        430,
                        234,
                        131,
                        15
                    ],
                    "text_id": 1,
                    "uid": 1
                },
                {
                    "coord": [
                        496,
                        287
                    ],
                    "is_working": true,
                    "name": "Indiranagar",
                    "rect": [
                        475,
                        294,
                        58,
                        15
                    ],
                    "text_id": 2,
                    "uid": 2
                },
                {
                    "coord": [
                        455,
                        287
                    ],
                    "is_working": true,
                    "name": "Halasuru",
                    "rect": [
                        431,
                        265,
                        47,
                        15
                    ],
                    "text_id": 3,
                    "uid": 3
                },
                {
                    "coord": [
                        424,
                        318
                    ],
                    "is_working": true,
                    "name": "Trinity",
                    "rect": [
                        393,
                        296,
                        33,
                        15
                    ],
                    "text_id": 4,
                    "uid": 4
                },
                {
                    "coord": [
                        376,
                        318
                    ],
                    "is_working": true,
                    "name": "Mahatma Gandhi Road",
                    "rect": [
                        338,
                        327,
                        114,
                        15
                    ],
                    "text_id": 5,
                    "uid": 5
                },
                {
                    "coord": [
                        330,
                        318
                    ],
                    "is_working": true,
                    "name": "Cubbon Park",
                    "rect": [
                        295,
                        296,
                        66,
                        15
                    ],
                    "text_id": 6,
                    "uid": 6
                },
                {
                    "coord": [
                        -6,
                        -1
                    ],
                    "is_working": true,
                    "name": "Vidhana Soudha",
                    "rect": [
                        -93,
                        -30,
                        82,
                        15
                    ],
                    "text_id": 7,
                    "uid": 7
                },
                {
                    "coord": [
                        -8,
                        -7
                    ],
                    "is_working": false,
                    "name": "Sir M. Visveshwaraya",
                    "rect": [
                        -128,
                        -32,
                        110,
                        15
                    ],
                    "text_id": 8,
                    "uid": 8
                },
                {
                    "coord": [
                        -7,
                        -16
                    ],
                    "is_working": false,
                    "name": "Majestic",
                    "rect": [
                        -62,
                        -22,
                        44,
                        15
                    ],
                    "text_id": 9,
                    "uid": 9
                },
                {
                    "coord": [
                        0,
                        -11
                    ],
                    "is_working": false,
                    "name": "City Railway Station",
                    "rect": [
                        -133,
                        -42,
                        107,
                        22
                    ],
                    "text_id": 10,
                    "uid": 10
                },
                {
                    "coord": [
                        127,
                        317
                    ],
                    "is_working": true,
                    "name": "Magadi Road",
                    "rect": [
                        136,
                        310,
                        67,
                        15
                    ],
                    "text_id": 11,
                    "uid": 11
                },
                {
                    "coord": [
                        99,
                        345
                    ],
                    "is_working": true,
                    "name": "Hosahalli",
                    "rect": [
                        108,
                        341,
                        49,
                        15
                    ],
                    "text_id": 12,
                    "uid": 12
                },
                {
                    "coord": [
                        99,
                        378
                    ],
                    "is_working": true,
                    "name": "Vijayanagar",
                    "rect": [
                        108,
                        371,
                        61,
                        15
                    ],
                    "text_id": 13,
                    "uid": 13
                },
                {
                    "coord": [
                        99,
                        414
                    ],
                    "is_working": true,
                    "name": "Attiguppe",
                    "rect": [
                        108,
                        406,
                        49,
                        15
                    ],
                    "text_id": 14,
                    "uid": 14
                },
                {
                    "coord": [
                        99,
                        449
                    ],
                    "is_working": true,
                    "name": "Deepanjali Nagar",
                    "rect": [
                        108,
                        442,
                        88,
                        15
                    ],
                    "text_id": 15,
                    "uid": 15
                },
                {
                    "coord": [
                        71,
                        477
                    ],
                    "is_working": true,
                    "name": "Mysore Road",
                    "rect": [
                        80,
                        473,
                        68,
                        15
                    ],
                    "text_id": 16,
                    "uid": 16
                }
            ],
            "text_id": 17
        },
        {
            "labels_bg_color": "-1",
            "labels_color": "00b050",
            "line_color": "00b050",
            "line_width": 7,
            "name": "Green",
            "segments": [
                [
                    17,
                    18,
                    [
                        [
                            39,
                            39
                        ],
                        [
                            19,
                            19
                        ]
                    ],
                    true
                ],
                [
                    18,
                    19,
                    [
                        [
                            59,
                            59
                        ],
                        [
                            39,
                            39
                        ]
                    ],
                    true
                ],
                [
                    19,
                    20,
                    [
                        [
                            79,
                            79
                        ],
                        [
                            59,
                            59
                        ]
                    ],
                    true
                ],
                [
                    20,
                    21,
                    [
                        [
                            100,
                            100
                        ],
                        [
                            79,
                            79
                        ]
                    ],
                    true
                ],
                [
                    21,
                    22,
                    [
                        [
                            123,
                            123
                        ],
                        [
                            100,
                            100
                        ]
                    ],
                    true
                ],
                [
                    22,
                    23,
                    [
                        [
                            147,
                            147
                        ],
                        [
                            123,
                            123
                        ]
                    ],
                    true
                ],
                [
                    23,
                    24,
                    [
                        [
                            147,
                            172
                        ],
                        [
                            147,
                            147
                        ]
                    ],
                    true
                ],
                [
                    24,
                    25,
                    [
                        [
                            147,
                            199
                        ],
                        [
                            147,
                            172
                        ]
                    ],
                    true
                ],
                [
                    25,
                    26,
                    [
                        [
                            147,
                            226
                        ],
                        [
                            147,
                            199
                        ]
                    ],
                    true
                ],
                [
                    26,
                    27,
                    [
                        [
                            171,
                            250
                        ],
                        [
                            147,
                            226
                        ]
                    ],
                    true
                ],
                [
                    27,
                    28,
                    [
                        [
                            203,
                            250
                        ],
                        [
                            171,
                            250
                        ]
                    ],
                    true
                ],
                [
                    28,
                    29,
                    [
                        [
                            229,
                            276
                        ],
                        [
                            203,
                            250
                        ]
                    ],
                    true
                ]
            ],
            "stations": [
                {
                    "coord": [
                        19,
                        19
                    ],
                    "is_working": true,
                    "name": "Nagasandra",
                    "rect": [
                        28,
                        8,
                        62,
                        15
                    ],
                    "text_id": 18,
                    "uid": 17
                },
                {
                    "coord": [
                        39,
                        39
                    ],
                    "is_working": true,
                    "name": "Dasarahalli",
                    "rect": [
                        48,
                        28,
                        59,
                        15
                    ],
                    "text_id": 19,
                    "uid": 18
                },
                {
                    "coord": [
                        59,
                        59
                    ],
                    "is_working": true,
                    "name": "Jalahalli",
                    "rect": [
                        68,
                        48,
                        44,
                        15
                    ],
                    "text_id": 20,
                    "uid": 19
                },
                {
                    "coord": [
                        79,
                        79
                    ],
                    "is_working": true,
                    "name": "Peenya Industry",
                    "rect": [
                        88,
                        68,
                        82,
                        15
                    ],
                    "text_id": 21,
                    "uid": 20
                },
                {
                    "coord": [
                        100,
                        100
                    ],
                    "is_working": true,
                    "name": "Peenya",
                    "rect": [
                        109,
                        89,
                        39,
                        15
                    ],
                    "text_id": 22,
                    "uid": 21
                },
                {
                    "coord": [
                        123,
                        123
                    ],
                    "is_working": true,
                    "name": "Yeshwanthpur Industry",
                    "rect": [
                        132,
                        112,
                        115,
                        15
                    ],
                    "text_id": 23,
                    "uid": 22
                },
                {
                    "coord": [
                        147,
                        147
                    ],
                    "is_working": true,
                    "name": "Yeshwanthpur",
                    "rect": [
                        156,
                        139,
                        72,
                        15
                    ],
                    "text_id": 24,
                    "uid": 23
                },
                {
                    "coord": [
                        147,
                        172
                    ],
                    "is_working": true,
                    "name": "Sandal Soap Factory",
                    "rect": [
                        156,
                        165,
                        104,
                        15
                    ],
                    "text_id": 25,
                    "uid": 24
                },
                {
                    "coord": [
                        147,
                        199
                    ],
                    "is_working": true,
                    "name": "Mahalakshmi",
                    "rect": [
                        156,
                        192,
                        68,
                        15
                    ],
                    "text_id": 26,
                    "uid": 25
                },
                {
                    "coord": [
                        147,
                        226
                    ],
                    "is_working": true,
                    "name": "Rajajinagar",
                    "rect": [
                        156,
                        215,
                        59,
                        15
                    ],
                    "text_id": 27,
                    "uid": 26
                },
                {
                    "coord": [
                        171,
                        250
                    ],
                    "is_working": true,
                    "name": "Kuvempu Road",
                    "rect": [
                        109,
                        258,
                        78,
                        15
                    ],
                    "text_id": 28,
                    "uid": 27
                },
                {
                    "coord": [
                        203,
                        250
                    ],
                    "is_working": true,
                    "name": "Srirampura",
                    "rect": [
                        212,
                        239,
                        57,
                        15
                    ],
                    "text_id": 29,
                    "uid": 28
                },
                {
                    "coord": [
                        229,
                        276
                    ],
                    "is_working": true,
                    "name": "Sampige Road",
                    "rect": [
                        238,
                        269,
                        74,
                        15
                    ],
                    "text_id": 30,
                    "uid": 29
                }
            ],
            "text_id": 31
        }
    ],
    "lines_width": 7,
    "name": "metro",
    "name_text_id": 32,
    "stations_diameter": 13.0,
    "transfers": [],
    "transports": [
        "metro"
    ],
    "type_name": "ROOT",
    "type_text_id": 33,
    "upper_case": false,
    "width": 719,
    "word_wrap": false
}