{
    "0": "Alewife",
    "1": "Davis",
    "2": "Porter",
    "3": "Harvard",
    "4": "Central",
    "5": "Kendall/MIT",
    "6": "Charles/MGH",
    "7": "Park St",
    "8": "Downtown Crossing",
    "9": "South Station",
    "10": "Broadway",
    "11": "Andrew",
    "12": "JFK/UMass",
    "13": "North Quincy",
    "14": "Wollaston",
    "15": "Quincy Center",
    "16": "Quincy Adams",
    "17": "Braintree",
    "18": "Savin Hill",
    "19": "Fields Cnr",
    "20": "Shawmut",
    "21": "Ashmont 1",
    "22": "Ashmont 2",
    "23": "Cedar Grove",
    "24": "Butler",
    "25": "Milton",
    "26": "Central Ave",
    "27": "Valley Rd",
    "28": "Capen St",
    "29": "Mattapan",
    "30": "Red Line",
    "31": "Wonderland",
    "32": "Revere Beach",
    "33": "Beachmont",
    "34": "Suffolk Downs",
    "35": "Orient Heights",
    "36": "Wood Island",
    "37": "Airport",
    "38": "Maverick",
    "39": "Aquarium",
    "40": "State",
    "41": "Gov't Center",
    "42": "Bowdoin",
    "43": "Blue Line",
    "44": "Oak Grove",
    "45": "Malden",
    "46": "Wellington",
    "47": "Sullivan Square",
    "48": "Community College",
    "49": "North Station",
    "50": "Haymarket",
    "51": "Chinatown",
    "52": "NE Medical Center",
    "53": "Back Bay",
    "54": "Mass Ave",
    "55": "Ruggles",
    "56": "Roxbury Cr",
    "57": "Jackson Sq",
    "58": "Stony Brook",
    "59": "Green St",
    "60": "Forest Hills",
    "61": "Orange Line",
    "62": "Lechmere",
    "63": "Science Park",
    "64": "Boylston",
    "65": "Arlington",
    "66": "Copley",
    "67": "Hynes/ICA",
    "68": "Kenmore",
    "69": "Fenway",
    "70": "Longwood Ave",
    "71": "Brookline Village",
    "72": "Brookline Hills",
    "73": "Beaconsfield",
    "74": "Reservoir",
    "75": "Chestnut Hill",
    "76": "Newton Centre",
    "77": "Newton Highlands",
    "78": "Eliot",
    "79": "Waban",
    "80": "Woodland",
    "81": "Riverside",
    "82": "Prudential",
    "83": "Symphony",
    "84": "Northeastern",
    "85": "Museum of Fine Arts",
    "86": "Longwood",
    "87": "Brigham Circle",
    "88": "Fenwood Rd",
    "89": "Mission Park",
    "90": "Riverway",
    "91": "Back Of The Hill",
    "92": "Heath",
    "93": "Blandford St",
    "94": "B.U. East",
    "95": "B.U. Central",
    "96": "B.U. West",
    "97": "St. Paul St",
    "98": "Pleasant St",
    "99": "Babcock St",
    "100": "Packards Corner",
    "101": "Harvard Ave",
    "102": "Griggs St",
    "103": "Allston St",
    "104": "Warren St",
    "105": "Washington St",
    "106": "Sutherland Rd",
    "107": "Chiswick Rd",
    "108": "Chestnut Hill Ave",
    "109": "South St",
    "110": "Boston College",
    "111": "Kenmore+",
    "112": "St. Mary's St",
    "113": "Hawes St",
    "114": "Kent St",
    "115": "Coolidge Corner",
    "116": "Summit Ave",
    "117": "Brandon Hall",
    "118": "Fairbanks St",
    "119": "Washington Square",
    "120": "Tappan St",
    "121": "Dean Rd",
    "122": "Englewood Ave",
    "123": "Cleveland Circle",
    "124": "Green Line",
    "125": "Dudley Sq",
    "126": "Melnea Cass Blvd",
    "127": "Lenox St",
    "128": "Worcester Sq",
    "129": "Newton St",
    "130": "Union Park St",
    "131": "E. Berkeley St",
    "132": "Herald St",
    "133": "Courthouse",
    "134": "World Trade Ctr.",
    "135": "Silver Line Way",
    "136": "A",
    "137": "B",
    "138": "C",
    "139": "E",
    "140": "Boston Marine Industrial Park",
    "141": "Silver Line Way+",
    "142": "City Point",
    "143": "Silver Line",
    "144": "Метро",
    "145": "ROOT",
    "146": "Схема от 25.08.2011г.\nАвтор: Варламов Дмитрий (www.chpeks.com)",
    "147": "Imported from http://pmetro.su"
}