{
    "lines": [
        {
            "delays": [
                240,
                600
            ],
            "name": "Войновско-Севастопольская",
            "scheme": null,
            "segments": [
                [
                    0,
                    1,
                    111
                ],
                [
                    1,
                    0,
                    111
                ],
                [
                    1,
                    2,
                    240
                ],
                [
                    2,
                    1,
                    240
                ],
                [
                    2,
                    3,
                    111
                ],
                [
                    3,
                    2,
                    111
                ],
                [
                    3,
                    4,
                    79
                ],
                [
                    4,
                    3,
                    79
                ],
                [
                    4,
                    5,
                    79
                ],
                [
                    5,
                    4,
                    79
                ],
                [
                    5,
                    6,
                    223
                ],
                [
                    6,
                    5,
                    223
                ],
                [
                    6,
                    7,
                    111
                ],
                [
                    7,
                    6,
                    111
                ],
                [
                    7,
                    8,
                    400
                ],
                [
                    8,
                    7,
                    400
                ]
            ],
            "stations": [
                [
                    0,
                    "Зеленая Поляна",
                    0
                ],
                [
                    1,
                    "Войновская",
                    1
                ],
                [
                    2,
                    "Лесная",
                    2
                ],
                [
                    3,
                    "Гагаринская",
                    3
                ],
                [
                    4,
                    "Ботевградская",
                    4
                ],
                [
                    5,
                    "Проспект Ленина",
                    5
                ],
                [
                    6,
                    "Севастопольская",
                    6
                ],
                [
                    7,
                    "Химмаш",
                    7
                ],
                [
                    8,
                    "Озерная",
                    8
                ]
            ],
            "text_id": 9
        },
        {
            "delays": [
                240,
                600
            ],
            "name": "Вокзально-Ялгинская",
            "scheme": null,
            "segments": [
                [
                    9,
                    10,
                    159
                ],
                [
                    10,
                    9,
                    159
                ],
                [
                    10,
                    11,
                    159
                ],
                [
                    11,
                    10,
                    159
                ],
                [
                    11,
                    12,
                    96
                ],
                [
                    12,
                    11,
                    96
                ],
                [
                    12,
                    13,
                    103
                ],
                [
                    13,
                    12,
                    103
                ],
                [
                    13,
                    14,
                    111
                ],
                [
                    14,
                    13,
                    111
                ],
                [
                    14,
                    15,
                    128
                ],
                [
                    15,
                    14,
                    128
                ],
                [
                    15,
                    16,
                    192
                ],
                [
                    16,
                    15,
                    192
                ],
                [
                    16,
                    17,
                    120
                ],
                [
                    17,
                    16,
                    120
                ],
                [
                    17,
                    18,
                    159
                ],
                [
                    18,
                    17,
                    159
                ]
            ],
            "stations": [
                [
                    9,
                    "Северная",
                    10
                ],
                [
                    10,
                    "Энергетическая",
                    11
                ],
                [
                    11,
                    "Вокзальная",
                    12
                ],
                [
                    12,
                    "Троицкая",
                    13
                ],
                [
                    13,
                    "Театральная",
                    14
                ],
                [
                    14,
                    "Улица Фурманова",
                    15
                ],
                [
                    15,
                    "Юго-Западная",
                    16
                ],
                [
                    16,
                    "Транспортная",
                    17
                ],
                [
                    17,
                    "Николаевка",
                    18
                ],
                [
                    18,
                    "Ялга",
                    19
                ]
            ],
            "text_id": 20
        }
    ],
    "name": "metro",
    "transfers": [
        [
            5,
            12,
            142,
            true
        ]
    ],
    "type_name": "Метро"
}