{
    "0": "Howard",
    "1": "Jarvis",
    "2": "Morse",
    "3": "Loyola",
    "4": "Granville",
    "5": "Thorndale",
    "6": "Bryn Mawr",
    "7": "Berwyn",
    "8": "Argyle",
    "9": "Lawrence",
    "10": "Wilson",
    "11": "Sheridan",
    "12": "Addison",
    "13": "Belmont",
    "14": "Fullerton",
    "15": "North/Clybourn",
    "16": "Clark/Division",
    "17": "Chicago",
    "18": "Grand",
    "19": "Washington",
    "20": "Monroe",
    "21": "Jackson",
    "22": "Harrison",
    "23": "Roosevelt/State",
    "24": "Cermak/Chinatown",
    "25": "Sox-35th",
    "26": "47th",
    "27": "Garfield",
    "28": "63rd",
    "29": "69th",
    "30": "79th",
    "31": "87th",
    "32": "95th/Dan Ryan",
    "33": "Red",
    "34": "Midway",
    "35": "Pulaski",
    "36": "Kedzie",
    "37": "Western",
    "38": "35 Street/Archer",
    "39": "Ashland",
    "40": "Halsted",
    "41": "Roosevelt/Wabash",
    "42": "LaSalle",
    "43": "Quincy",
    "44": "Clark",
    "45": "State/Lake",
    "46": "Randolph/Wabash",
    "47": "Madison",
    "48": "Adams",
    "49": "Orange",
    "50": "Oakton-Skokie",
    "51": "Dempster-Skokie",
    "52": "Lime",
    "53": "Harlem/Lake",
    "54": "Oak Park",
    "55": "Ridgeland",
    "56": "Austin",
    "57": "Central",
    "58": "Laramie",
    "59": "Cicero",
    "60": "California",
    "61": "Morgan",
    "62": "Clinton",
    "63": "Cermak-McCormick Place",
    "64": "35 Street-Bronzeville-IIT",
    "65": "Indiana",
    "66": "43 Street",
    "67": "47 Street",
    "68": "51 Street",
    "69": "King Drive",
    "70": "East 63 Street/Cottage Grove",
    "71": "Ashland/63 Street",
    "72": "Green",
    "73": "O'Hare Airport",
    "74": "Rosemont/River Road",
    "75": "Cumberland",
    "76": "Harlem",
    "77": "Jefferson Park",
    "78": "Montrose",
    "79": "Irving Park",
    "80": "Logan Square",
    "81": "Damen",
    "82": "Division",
    "83": "UIC-Halsted",
    "84": "Racine",
    "85": "Medical Center",
    "86": "Western/Congress",
    "87": "Kedzie-Homan",
    "88": "Pulaski/Congress",
    "89": "Cicero/Congress",
    "90": "Austin/Lombard",
    "91": "Oak Park/Congress",
    "92": "Harlem/Congress",
    "93": "Forest Park",
    "94": "Polk",
    "95": "18th",
    "96": "Hoyne",
    "97": "Western/Douglas",
    "98": "California/Douglas",
    "99": "Central Park",
    "100": "Pulaski/Douglas",
    "101": "Kildare",
    "102": "Cicero/Douglas",
    "103": "54th/Cermak",
    "104": "Blue",
    "105": "Linden",
    "106": "Noyes",
    "107": "Foster",
    "108": "Davis",
    "109": "Dempster",
    "110": "Main",
    "111": "South Boulevard",
    "112": "Merchandise Mart",
    "113": "Purple",
    "114": "Kimball",
    "115": "Francisco",
    "116": "Rockwell",
    "117": "Paulina",
    "118": "Southport",
    "119": "Wellington",
    "120": "Diversey",
    "121": "Armitage",
    "122": "Sedgwick",
    "123": "Brown",
    "124": "Metro",
    "125": "ROOT",
    "126": "Shema ot 13.03.2015g.",
    "127": "Imported from http://pmetro.su"
}