{
    "0": "Oktjabr'skaja",
    "1": "Vokzal'naja",
    "2": "Vetkovskie prudy",
    "3": "Shahterskaja",
    "4": "Don Ugi",
    "5": "Belyj lebed'",
    "6": "Ploschad' Lenina",
    "7": "Politehnicheskij institut",
    "8": "Levoberezhnaja",
    "9": "Mushketovskaja",
    "10": "Krasnyj gorodok",
    "11": "Chumakovskaja",
    "12": "Proletarskaja",
    "13": "Vostochnaja",
    "14": "Donskaja storona",
    "15": "Proletarsko-Kievskaja",
    "16": "Ploschad' Pobedy",
    "17": "Petrovka",
    "18": "Shahta №29",
    "19": "Rutchenkovo",
    "20": "Tekstil'schiki",
    "21": "Ozernaja",
    "22": "Ploschad' Svobody",
    "23": "Kirovskaja",
    "24": "Mariupol'skaja",
    "25": "Kujbyshevskaja",
    "26": "Sportivnaja",
    "27": "Kalininskaja",
    "28": "Prospekt Il'icha",
    "29": "Donetsk-II",
    "30": "Donetsk-I",
    "31": "Krasnogvardejskaja",
    "32": "Petrovsko-Krasnogvardejskaja",
    "33": "Juzhnaja",
    "34": "Odesskaja",
    "35": "Zavod mashinostroitel'",
    "36": "ul.Olimpieva",
    "37": "Koksohim.zavod",
    "38": "Ploschad' 26 bakinskih komissarov",
    "39": "Akademicheskaja",
    "40": "Parkovaja",
    "41": "Skorostnoe Shosse",
    "42": "Shahtostroitelej",
    "43": "Prospekt mira",
    "44": "Gornjatsko-Makeevskaja",
    "45": "Metro",
    "46": "ROOT",
    "47": "Versija karty: ot 11.09.2007g.\n\nInformatsija o vremeni proezda:\n- Vnimanie! Vremja proezda mezhdu 2 stantsijami ravno DVUM MINUTAM!\n\nPo materialam s sajta www.metro.donetsk.ua.\nPuntktirnye linii - vozmozhnye, sploshnye - strojaschiesja.\nKartu sdelal i prislal Kirill Fomin (KRSK).",
    "48": "Imported from http://pmetro.su"
}