{
    "0": "Октябрьская",
    "1": "Вокзальная",
    "2": "Ветковские пруды",
    "3": "Шахтёрская",
    "4": "Дон Уги",
    "5": "Белый лебедь",
    "6": "Площадь Ленина",
    "7": "Политехнический институт",
    "8": "Левобережная",
    "9": "Мушкетовская",
    "10": "Красный городок",
    "11": "Чумаковская",
    "12": "Пролетарская",
    "13": "Восточная",
    "14": "Донская сторона",
    "15": "Пролетарско-Киевская",
    "16": "Площадь Победы",
    "17": "Петровка",
    "18": "Шахта №29",
    "19": "Рутченково",
    "20": "Текстильщики",
    "21": "Озерная",
    "22": "Площадь Свободы",
    "23": "Кировская",
    "24": "Мариупольская",
    "25": "Куйбышевская",
    "26": "Спортивная",
    "27": "Калининская",
    "28": "Проспект Ильича",
    "29": "Донецк-II",
    "30": "Донецк-I",
    "31": "Красногвардейская",
    "32": "Петровско-Красногвардейская",
    "33": "Южная",
    "34": "Одесская",
    "35": "Завод машиностроитель",
    "36": "ул.Олимпиева",
    "37": "Коксохим.завод",
    "38": "Площадь 26 бакинских комиссаров",
    "39": "Академическая",
    "40": "Парковая",
    "41": "Скоростное Шоссе",
    "42": "Шахтостроителей",
    "43": "Проспект мира",
    "44": "Горняцко-Макеевская",
    "45": "Метро",
    "46": "ROOT",
    "47": "Версия карты: от 11.09.2007г.\n\nИнформация о времени проезда:\n- Внимание! Время проезда между 2 станциями равно ДВУМ МИНУТАМ!\n\nПо материалам с сайта www.metro.donetsk.ua.\nПунтктирные линии - возможные, сплошные - строящиеся.\nКарту сделал и прислал Кирилл Фомин (KRSK).",
    "48": "Imported from http://pmetro.su"
}