{
    "0": "Hautepierre-Maillon",
    "1": "Dante",
    "2": "Hopital de Hautepierre",
    "3": "Ducs d'Alsace",
    "4": "Saint-Florent",
    "5": "Rotonde",
    "6": "Gare Centrale",
    "7": "Ancienne Synagogue-Les Halles",
    "8": "Homme de Fer",
    "9": "Langstross-Grand'Rue",
    "10": "Porte de l'Hopital",
    "11": "Etoile Bourse",
    "12": "Schluthfeld",
    "13": "Krimmeri-Stade de la Meinau",
    "14": "Lycce Couffignal",
    "15": "Emile Mathis",
    "16": "Hohwart",
    "17": "Baggersee",
    "18": "Colonne",
    "19": "Leclerc",
    "20": "Campus d'Illkirch",
    "21": "Illkirch Lixenbuhl",
    "22": "A",
    "23": "Hoenheim Gare",
    "24": "General de Gaulle",
    "25": "Le Ried",
    "26": "Lycce Marc Bloch",
    "27": "Pont Phario",
    "28": "Le Marais",
    "29": "Futura Glaciere",
    "30": "Rives de l'Aar",
    "31": "Wacken",
    "32": "Lycce Klcber",
    "33": "Parc du Contades",
    "34": "Rcpublique",
    "35": "Broglie",
    "36": "Alt Winmarik",
    "37": "Faubourg National",
    "38": "Musee d'Art Moderne",
    "39": "Laiterie",
    "40": "Montagne verte",
    "41": "Elsau",
    "42": "B",
    "43": "Esplanade",
    "44": "Observatoire",
    "45": "Universites",
    "46": "Gallia",
    "47": "C",
    "48": "Etoile Polygone",
    "49": "D",
    "50": "Tram",
    "51": "ROOT",
    "52": "Shema ot 28.08.2007g.\nSobral v edinoe tseloe - Muradov Boris",
    "53": "Imported from http://pmetro.su"
}