{
    "0": "Arabayatagi",
    "1": "Yuksek Ihtisas Hastahanesi",
    "2": "Duacinari",
    "3": "Davutdede",
    "4": "Gokdere",
    "5": "Demirtaspasa",
    "6": "Sehrekustu",
    "7": "Osmangazi",
    "8": "Merinos",
    "9": "Kulturpark",
    "10": "Sirameseler",
    "11": "Pasa Ciftligi",
    "12": "Acemler",
    "13": "Nilufer",
    "14": "Fatih S. Mehmet",
    "15": "Besevler",
    "16": "Ataevler",
    "17": "Kucuk Sanayi",
    "18": "Altinsehir",
    "19": "Ertugrul",
    "20": "Ozluce",
    "21": "Batikent",
    "22": "Yuzuncuyil",
    "23": "Universite",
    "24": "Karaman",
    "25": "Ihsaniye",
    "26": "Baglarbasi / Esentepe",
    "27": "Hamitler / Fethiye",
    "28": "Organize Sanayi",
    "29": "Korupark",
    "30": "Emek",
    "31": "1",
    "32": "Metro",
    "33": "ROOT",
    "34": "Shema ot 09.06.2013g.\nAvtor: Varlamov Dmitrij (www.chpeks.com)",
    "35": "Imported from http://pmetro.su"
}