{
    "0": "Altrincham",
    "1": "Navigation Road",
    "2": "Timperley",
    "3": "Brooklands",
    "4": "Sale",
    "5": "Dane Road",
    "6": "Stretford",
    "7": "Old Trafford",
    "8": "Trafford Bar",
    "9": "Cornbrook",
    "10": "Deansgate-Castlefield",
    "11": "Piccadilly Gardens",
    "12": "Piccadilly",
    "13": "New Islington",
    "14": "Holt Town",
    "15": "Etihad Campus",
    "16": "A",
    "17": "Victoria",
    "18": "Shudehill",
    "19": "Market Street",
    "20": "Velopark",
    "21": "Clayton Hall",
    "22": "Edge Lane",
    "23": "Cemetery Road",
    "24": "Droylsden",
    "25": "Audenshaw",
    "26": "Ashton Moss",
    "27": "Ashton West",
    "28": "Ashton-under-Lyne",
    "29": "J",
    "30": "B",
    "31": "Bury",
    "32": "Radcliffe",
    "33": "Whitefield",
    "34": "Besses o' th' Barn",
    "35": "Prestwich",
    "36": "Heaton Park",
    "37": "Bowker Vale",
    "38": "Crumpsall",
    "39": "Abraham Moss",
    "40": "Queens Road",
    "41": "Firswood",
    "42": "Chorlton",
    "43": "St Werburgh's Road",
    "44": "Withington",
    "45": "Burton Road",
    "46": "West Didsbury",
    "47": "Didsbury Village",
    "48": "East Didsbury",
    "49": "C",
    "50": "D",
    "51": "Eccles",
    "52": "Ladywell",
    "53": "Weaste",
    "54": "Langworthy",
    "55": "Broadway",
    "56": "MediaCityUK",
    "57": "Harbour City",
    "58": "Anchorage",
    "59": "Salford Quays",
    "60": "Exchange Quay",
    "61": "Pomona",
    "62": "E",
    "63": "Manchester Airport",
    "64": "Shadowmoss",
    "65": "Peel Hall",
    "66": "Robinswood Road",
    "67": "Wythenshawe Town Centre",
    "68": "Crossacres",
    "69": "Benchill",
    "70": "Martinscroft",
    "71": "Roundthorn",
    "72": "Baguley",
    "73": "Moor Road",
    "74": "Wythenshawe Park",
    "75": "Northern Moor",
    "76": "Sale Water Park",
    "77": "Barlow Moor Road",
    "78": "F",
    "79": "Rochdale Town Centre",
    "80": "Rochdale Railway Station",
    "81": "Newbold",
    "82": "Kingsway Business Park",
    "83": "Milnrow",
    "84": "Newhey",
    "85": "Shaw and Crompton",
    "86": "Derker",
    "87": "Oldham Mumps",
    "88": "Oldham Central",
    "89": "Oldham King Street",
    "90": "Westwood",
    "91": "Freehold",
    "92": "South Chadderton",
    "93": "Hollinwood",
    "94": "Failsworth",
    "95": "Newton Heath and Moston",
    "96": "Central Park",
    "97": "Monsall",
    "98": "G",
    "99": "Exchange Square",
    "100": "H",
    "101": "I",
    "102": "Трамвай",
    "103": "ROOT",
    "104": "Схема от 08.12.2015г.\nАвтор: Варламов Дмитрий (www.chpeks.com)",
    "105": "Imported from http://pmetro.su"
}