{
    "default_transports": [
        "metro"
    ],
    "height": 510,
    "images": [
        "res/schemes/green.svg"
    ],
    "is_vector": true,
    "lines": [
        {
            "labels_bg_color": "-1",
            "labels_color": "000000",
            "line_color": "4E84C4",
            "line_width": 9,
            "name": "Blue line",
            "segments": [],
            "stations": [
                {
                    "coord": null,
                    "is_working": true,
                    "name": "Amadora Este",
                    "rect": null,
                    "text_id": 0,
                    "uid": 0
                },
                {
                    "coord": null,
                    "is_working": true,
                    "name": "Alfornelos",
                    "rect": null,
                    "text_id": 1,
                    "uid": 1
                },
                {
                    "coord": null,
                    "is_working": true,
                    "name": "Pontinha",
                    "rect": null,
                    "text_id": 2,
                    "uid": 2
                },
                {
                    "coord": null,
                    "is_working": true,
                    "name": "Carnide",
                    "rect": null,
                    "text_id": 3,
                    "uid": 3
                },
                {
                    "coord": null,
                    "is_working": true,
                    "name": "Colegio Militar/Luz",
                    "rect": null,
                    "text_id": 4,
                    "uid": 4
                },
                {
                    "coord": null,
                    "is_working": true,
                    "name": "Alto dos Moinhos",
                    "rect": null,
                    "text_id": 5,
                    "uid": 5
                },
                {
                    "coord": null,
                    "is_working": true,
                    "name": "Laranjeiras",
                    "rect": null,
                    "text_id": 6,
                    "uid": 6
                },
                {
                    "coord": null,
                    "is_working": true,
                    "name": "Jardim Zoologico",
                    "rect": null,
                    "text_id": 7,
                    "uid": 7
                },
                {
                    "coord": null,
                    "is_working": true,
                    "name": "Praca de Espanha",
                    "rect": null,
                    "text_id": 8,
                    "uid": 8
                },
                {
                    "coord": null,
                    "is_working": true,
                    "name": "S.Sebastiao",
                    "rect": null,
                    "text_id": 9,
                    "uid": 9
                },
                {
                    "coord": null,
                    "is_working": true,
                    "name": "Parque",
                    "rect": null,
                    "text_id": 10,
                    "uid": 10
                },
                {
                    "coord": null,
                    "is_working": true,
                    "name": "Marques de Pombal",
                    "rect": null,
                    "text_id": 11,
                    "uid": 11
                },
                {
                    "coord": null,
                    "is_working": true,
                    "name": "Avenida",
                    "rect": null,
                    "text_id": 12,
                    "uid": 12
                },
                {
                    "coord": null,
                    "is_working": true,
                    "name": "Restauradores",
                    "rect": null,
                    "text_id": 13,
                    "uid": 13
                },
                {
                    "coord": [
                        125,
                        335
                    ],
                    "is_working": true,
                    "name": "Baixa-Chiado",
                    "rect": [
                        38,
                        327,
                        69,
                        15
                    ],
                    "text_id": 14,
                    "uid": 14
                },
                {
                    "coord": null,
                    "is_working": true,
                    "name": "Terreiro do Paco",
                    "rect": null,
                    "text_id": 15,
                    "uid": 15
                },
                {
                    "coord": null,
                    "is_working": true,
                    "name": "Santa Apolonia",
                    "rect": null,
                    "text_id": 16,
                    "uid": 16
                }
            ],
            "text_id": 17
        },
        {
            "labels_bg_color": "-1",
            "labels_color": "000000",
            "line_color": "FDB913",
            "line_width": 9,
            "name": "Yellow line",
            "segments": [],
            "stations": [
                {
                    "coord": null,
                    "is_working": true,
                    "name": "Odivelas",
                    "rect": null,
                    "text_id": 18,
                    "uid": 17
                },
                {
                    "coord": null,
                    "is_working": true,
                    "name": "Senhor Roubado",
                    "rect": null,
                    "text_id": 19,
                    "uid": 18
                },
                {
                    "coord": null,
                    "is_working": true,
                    "name": "Ameixoiera",
                    "rect": null,
                    "text_id": 20,
                    "uid": 19
                },
                {
                    "coord": null,
                    "is_working": true,
                    "name": "Lumiar",
                    "rect": null,
                    "text_id": 21,
                    "uid": 20
                },
                {
                    "coord": null,
                    "is_working": true,
                    "name": "Quinta das Conchas",
                    "rect": null,
                    "text_id": 22,
                    "uid": 21
                },
                {
                    "coord": [
                        125,
                        75
                    ],
                    "is_working": true,
                    "name": "Campo Grande",
                    "rect": [
                        34,
                        67,
                        76,
                        15
                    ],
                    "text_id": 23,
                    "uid": 22
                },
                {
                    "coord": null,
                    "is_working": true,
                    "name": "Cicade Universitaria",
                    "rect": null,
                    "text_id": 24,
                    "uid": 23
                },
                {
                    "coord": null,
                    "is_working": true,
                    "name": "Entre Campos",
                    "rect": null,
                    "text_id": 25,
                    "uid": 24
                },
                {
                    "coord": null,
                    "is_working": true,
                    "name": "Campo Pequeno",
                    "rect": null,
                    "text_id": 26,
                    "uid": 25
                },
                {
                    "coord": null,
                    "is_working": true,
                    "name": "Saldanha",
                    "rect": null,
                    "text_id": 27,
                    "uid": 26
                },
                {
                    "coord": null,
                    "is_working": true,
                    "name": "Picoas",
                    "rect": null,
                    "text_id": 28,
                    "uid": 27
                },
                {
                    "coord": null,
                    "is_working": true,
                    "name": "Marques de Pombal",
                    "rect": null,
                    "text_id": 11,
                    "uid": 28
                },
                {
                    "coord": null,
                    "is_working": true,
                    "name": "Rato",
                    "rect": null,
                    "text_id": 29,
                    "uid": 29
                }
            ],
            "text_id": 30
        },
        {
            "labels_bg_color": "-1",
            "labels_color": "000000",
            "line_color": "00AAA6",
            "line_width": 9,
            "name": "Green line",
            "segments": [
                [
                    30,
                    31,
                    [
                        [
                            140,
                            75
                        ],
                        [
                            140,
                            50
                        ]
                    ],
                    true
                ],
                [
                    31,
                    32,
                    [
                        [
                            140,
                            100
                        ],
                        [
                            140,
                            75
                        ]
                    ],
                    true
                ],
                [
                    32,
                    33,
                    [
                        [
                            140,
                            125
                        ],
                        [
                            140,
                            100
                        ]
                    ],
                    true
                ],
                [
                    33,
                    34,
                    [
                        [
                            140,
                            150
                        ],
                        [
                            140,
                            125
                        ]
                    ],
                    true
                ],
                [
                    34,
                    35,
                    [
                        [
                            140,
                            175
                        ],
                        [
                            140,
                            150
                        ]
                    ],
                    true
                ],
                [
                    35,
                    36,
                    [
                        [
                            140,
                            200
                        ],
                        [
                            140,
                            175
                        ]
                    ],
                    true
                ],
                [
                    36,
                    37,
                    [
                        [
                            140,
                            225
                        ],
                        [
                            140,
                            200
                        ]
                    ],
                    true
                ],
                [
                    37,
                    38,
                    [
                        [
                            140,
                            250
                        ],
                        [
                            140,
                            225
                        ]
                    ],
                    true
                ],
                [
                    38,
                    39,
                    [
                        [
                            140,
                            280
                        ],
                        [
                            140,
                            250
                        ]
                    ],
                    true
                ],
                [
                    39,
                    40,
                    [
                        [
                            140,
                            305
                        ],
                        [
                            140,
                            280
                        ]
                    ],
                    true
                ],
                [
                    40,
                    41,
                    [
                        [
                            140,
                            335
                        ],
                        [
                            140,
                            305
                        ]
                    ],
                    true
                ],
                [
                    41,
                    42,
                    [
                        [
                            140,
                            360
                        ],
                        [
                            140,
                            335
                        ]
                    ],
                    true
                ]
            ],
            "stations": [
                {
                    "coord": [
                        140,
                        50
                    ],
                    "is_working": true,
                    "name": "Telheiras",
                    "rect": [
                        156,
                        43,
                        48,
                        15
                    ],
                    "text_id": 31,
                    "uid": 30
                },
                {
                    "coord": [
                        140,
                        75
                    ],
                    "is_working": true,
                    "name": "Campo Grande",
                    "rect": [
                        156,
                        67,
                        76,
                        15
                    ],
                    "text_id": 23,
                    "uid": 31
                },
                {
                    "coord": [
                        140,
                        100
                    ],
                    "is_working": true,
                    "name": "Alvalade",
                    "rect": [
                        156,
                        93,
                        46,
                        15
                    ],
                    "text_id": 32,
                    "uid": 32
                },
                {
                    "coord": [
                        140,
                        125
                    ],
                    "is_working": true,
                    "name": "Roma",
                    "rect": [
                        156,
                        118,
                        31,
                        15
                    ],
                    "text_id": 33,
                    "uid": 33
                },
                {
                    "coord": [
                        140,
                        150
                    ],
                    "is_working": true,
                    "name": "Areeiro",
                    "rect": [
                        156,
                        143,
                        39,
                        15
                    ],
                    "text_id": 34,
                    "uid": 34
                },
                {
                    "coord": [
                        140,
                        175
                    ],
                    "is_working": true,
                    "name": "Alameda",
                    "rect": [
                        156,
                        168,
                        46,
                        15
                    ],
                    "text_id": 35,
                    "uid": 35
                },
                {
                    "coord": [
                        140,
                        200
                    ],
                    "is_working": true,
                    "name": "Arroios",
                    "rect": [
                        156,
                        192,
                        39,
                        15
                    ],
                    "text_id": 36,
                    "uid": 36
                },
                {
                    "coord": [
                        140,
                        225
                    ],
                    "is_working": true,
                    "name": "Anjos",
                    "rect": [
                        156,
                        218,
                        31,
                        15
                    ],
                    "text_id": 37,
                    "uid": 37
                },
                {
                    "coord": [
                        140,
                        250
                    ],
                    "is_working": true,
                    "name": "Intendente",
                    "rect": [
                        156,
                        243,
                        53,
                        15
                    ],
                    "text_id": 38,
                    "uid": 38
                },
                {
                    "coord": [
                        140,
                        280
                    ],
                    "is_working": true,
                    "name": "Martim Moniz",
                    "rect": [
                        156,
                        273,
                        68,
                        15
                    ],
                    "text_id": 39,
                    "uid": 39
                },
                {
                    "coord": [
                        140,
                        305
                    ],
                    "is_working": true,
                    "name": "Rossio",
                    "rect": [
                        156,
                        298,
                        37,
                        15
                    ],
                    "text_id": 40,
                    "uid": 40
                },
                {
                    "coord": [
                        140,
                        335
                    ],
                    "is_working": true,
                    "name": "Baixa-Chiado",
                    "rect": [
                        156,
                        327,
                        69,
                        15
                    ],
                    "text_id": 14,
                    "uid": 41
                },
                {
                    "coord": [
                        140,
                        360
                    ],
                    "is_working": true,
                    "name": "Cais do Sodre",
                    "rect": [
                        156,
                        353,
                        72,
                        15
                    ],
                    "text_id": 41,
                    "uid": 42
                }
            ],
            "text_id": 42
        },
        {
            "labels_bg_color": "-1",
            "labels_color": "000000",
            "line_color": "EE2B74",
            "line_width": 9,
            "name": "Red line",
            "segments": [],
            "stations": [
                {
                    "coord": null,
                    "is_working": true,
                    "name": "S.Sebastiao",
                    "rect": null,
                    "text_id": 9,
                    "uid": 43
                },
                {
                    "coord": null,
                    "is_working": true,
                    "name": "Saldanha",
                    "rect": null,
                    "text_id": 27,
                    "uid": 44
                },
                {
                    "coord": [
                        125,
                        175
                    ],
                    "is_working": true,
                    "name": "Alameda",
                    "rect": [
                        64,
                        168,
                        46,
                        15
                    ],
                    "text_id": 35,
                    "uid": 45
                },
                {
                    "coord": null,
                    "is_working": true,
                    "name": "Olaias",
                    "rect": null,
                    "text_id": 43,
                    "uid": 46
                },
                {
                    "coord": null,
                    "is_working": true,
                    "name": "Bela Vista",
                    "rect": null,
                    "text_id": 44,
                    "uid": 47
                },
                {
                    "coord": null,
                    "is_working": true,
                    "name": "Chelas",
                    "rect": null,
                    "text_id": 45,
                    "uid": 48
                },
                {
                    "coord": null,
                    "is_working": true,
                    "name": "Olivais",
                    "rect": null,
                    "text_id": 46,
                    "uid": 49
                },
                {
                    "coord": null,
                    "is_working": true,
                    "name": "Cabo Ruivo",
                    "rect": null,
                    "text_id": 47,
                    "uid": 50
                },
                {
                    "coord": null,
                    "is_working": true,
                    "name": "Oriente",
                    "rect": null,
                    "text_id": 48,
                    "uid": 51
                },
                {
                    "coord": null,
                    "is_working": true,
                    "name": "Moscavide",
                    "rect": null,
                    "text_id": 49,
                    "uid": 52
                },
                {
                    "coord": null,
                    "is_working": true,
                    "name": "Escarnacao",
                    "rect": null,
                    "text_id": 50,
                    "uid": 53
                },
                {
                    "coord": null,
                    "is_working": true,
                    "name": "Aeroporto",
                    "rect": null,
                    "text_id": 51,
                    "uid": 54
                }
            ],
            "text_id": 52
        }
    ],
    "lines_width": 9,
    "name": "green",
    "name_text_id": 42,
    "stations_diameter": 16.0,
    "transfers": [
        [
            11,
            28,
            null,
            null
        ],
        [
            14,
            41,
            [
                125,
                335
            ],
            [
                140,
                335
            ]
        ],
        [
            31,
            22,
            [
                140,
                75
            ],
            [
                125,
                75
            ]
        ],
        [
            35,
            45,
            [
                140,
                175
            ],
            [
                125,
                175
            ]
        ],
        [
            9,
            43,
            null,
            null
        ],
        [
            26,
            44,
            null,
            null
        ]
    ],
    "transports": [
        "metro"
    ],
    "type_name": "Метро",
    "type_text_id": 55,
    "upper_case": true,
    "width": 290,
    "word_wrap": false
}