{
    "0": "Заельцовская",
    "1": "Гагаринская",
    "2": "Красный проспект",
    "3": "Площадь Ленина",
    "4": "Октябрьская",
    "5": "Речной Вокзал",
    "6": "Студенческая",
    "7": "Площадь Маркса",
    "8": "Площадь Станиславского",
    "9": "Ленинская",
    "10": "Площадь Гарина-Михайловского",
    "11": "Сибирская",
    "12": "Маршала Покрышкина",
    "13": "Березовая Роща",
    "14": "Золотая нива",
    "15": "Дзержинская",
    "16": "Новосибирск-Главный",
    "17": "Плехановская",
    "18": "Новосибирск-Восточный",
    "19": "Иня",
    "20": "Юбилейная",
    "21": "Мочище",
    "22": "Раздолье",
    "23": "Барлак",
    "24": "Сокур",
    "25": "Зеленодольская",
    "26": "Кошево",
    "27": "3388 км.",
    "28": "Мошково",
    "29": "Порос",
    "30": "3406 км.",
    "31": "Тасино",
    "32": "Ояш",
    "33": "Кубово",
    "34": "3429 км.",
    "35": "Чебула",
    "36": "Чахлово",
    "37": "Болотная",
    "38": "Школа",
    "39": "Пашино",
    "40": "Электропоезда_на_восток",
    "41": "Центр",
    "42": "Новосибирск-Южный",
    "43": "Камышенская",
    "44": "Разъезд Иня",
    "45": "Новогодняя",
    "46": "Первомайская",
    "47": "Инская",
    "48": "Издревая",
    "49": "Учебный",
    "50": "Дубрава",
    "51": "Комаровка",
    "52": "Гусиный Брод",
    "53": "Новолуговская",
    "54": "Жеребцово",
    "55": "Ферма",
    "56": "Разъезд Иня-южная",
    "57": "Речпорт",
    "58": "Матвеевка",
    "59": "Юность",
    "60": "Нижняя Ельцовка",
    "61": "Сеятель",
    "62": "Обское Море",
    "63": "Береговая",
    "64": "Речкуновка",
    "65": "Бердск",
    "66": "Морозово",
    "67": "Сельская",
    "68": "Обской Залив",
    "69": "52 км.",
    "70": "Совхоз Бердский",
    "71": "Искитим",
    "72": "Монолитная",
    "73": "Мраморная",
    "74": "65 км.",
    "75": "Ложок",
    "76": "67 км.",
    "77": "Евсино",
    "78": "Койниха",
    "79": "Линево",
    "80": "Дорогино",
    "81": "Посевная",
    "82": "Черепаново",
    "83": "Барышево",
    "84": "Крахаль",
    "85": "38 км.",
    "86": "Совхозная",
    "87": "Шелковичиха",
    "88": "Геодезическая",
    "89": "Новородниковый",
    "90": "Восточная",
    "91": "Репьево",
    "92": "Криница",
    "93": "Паровозный",
    "94": "Мотково",
    "95": "Льниха",
    "96": "Боровушка",
    "97": "Кувшинка",
    "98": "Буготак",
    "99": "Льнозавод",
    "100": "Изынский",
    "101": "Салаир",
    "102": "Отгонка",
    "103": "Мурлыткино",
    "104": "Рожневский Бор",
    "105": "Мезениха",
    "106": "Кудрино",
    "107": "Тогучин",
    "108": "Девино",
    "109": "141км.",
    "110": "Гранит",
    "111": "Изылинка",
    "112": "156 км.",
    "113": "Курундус",
    "114": "Электропоезда_на_юг.Кузбасс.Сокур_через_Инскую",
    "115": "Правая Обь",
    "116": "Левая Обь",
    "117": "Жилмассив",
    "118": "Новосибирск-Западный",
    "119": "Западная",
    "120": "Ипподром",
    "121": "Обь",
    "122": "Аэрофлот",
    "123": "Павино",
    "124": "Сады",
    "125": "3307 км.",
    "126": "Чик",
    "127": "Шагаловский",
    "128": "3293 км.",
    "129": "Коченево",
    "130": "3277 км.",
    "131": "3273 км.",
    "132": "Лесная Поляна",
    "133": "3264 км.",
    "134": "Оеш",
    "135": "Дупленскя",
    "136": "Рямок",
    "137": "Тихомирово",
    "138": "Кабинетное",
    "139": "Большедорожное",
    "140": "Чулымская",
    "141": "Секты",
    "142": "3192 км.",
    "143": "Кокошино",
    "144": "Капралово",
    "145": "Каргат",
    "146": "Электропоезда_на_запад",
    "147": "Метро",
    "148": "ROOT",
    "149": "Метро",
    "150": "Электричка",
    "151": "Электричка",
    "152": "Схема от 29.03.2018г.\nВерсия карты: от 27.07.2006г.\n\nИнформацию о времени проезда прислал n4c <n4c@yandex.ru>.\n\nИнформация о станциях взята с сайтов http://www.nsk.su/~metro/ и http://www.metronsk.narod.ru/.\n\nИнформация о наземном транспорте - с сайта http://2gis.ru.\n\nИнформацию о ночных клубах прислал n4c <n4c@yandex.ru>.\nИнформацию о кинотеатрах прислал n4c <n4c@yandex.ru>.\nИнформацию о театрах прислал n4c <n4c@yandex.ru>.\nИнформацию об интернет-кафе прислал n4c <n4c@yandex.ru>.\nИнформация о времени открытия выходов и времени проследования первых и последних поездов опубликована на официальном сайте Новосибирского метрополитена http://metro-nsk.ru .\nСхемы пригородных электропоездов подготовил Михаил Ярославцев <myaroslavtsev@yandex.ru>.",
    "153": "Imported from http://pmetro.su"
}