{
    "default_transports": [
        "metro"
    ],
    "height": 810,
    "images": [
        "res/schemes/m 3.svg"
    ],
    "is_vector": true,
    "lines": [
        {
            "labels_bg_color": "-1",
            "labels_color": "000000",
            "line_color": "FDCD31",
            "line_width": 9,
            "name": "M 1",
            "segments": [
                [
                    11,
                    12,
                    [
                        [
                            181,
                            300
                        ],
                        [
                            181,
                            260
                        ]
                    ],
                    true
                ],
                [
                    12,
                    13,
                    [
                        [
                            181,
                            340
                        ],
                        [
                            181,
                            300
                        ]
                    ],
                    true
                ],
                [
                    13,
                    14,
                    [
                        [
                            181,
                            380
                        ],
                        [
                            181,
                            340
                        ]
                    ],
                    true
                ],
                [
                    14,
                    15,
                    [
                        [
                            181,
                            414
                        ],
                        [
                            181,
                            380
                        ]
                    ],
                    true
                ],
                [
                    15,
                    16,
                    [
                        [
                            181,
                            460
                        ],
                        [
                            181,
                            414
                        ]
                    ],
                    true
                ],
                [
                    16,
                    17,
                    [
                        [
                            181,
                            500
                        ],
                        [
                            181,
                            460
                        ]
                    ],
                    true
                ],
                [
                    17,
                    18,
                    [
                        [
                            181,
                            540
                        ],
                        [
                            181,
                            500
                        ]
                    ],
                    true
                ],
                [
                    18,
                    19,
                    [
                        [
                            181,
                            580
                        ],
                        [
                            181,
                            540
                        ]
                    ],
                    true
                ],
                [
                    19,
                    20,
                    [
                        [
                            181,
                            620
                        ],
                        [
                            181,
                            580
                        ]
                    ],
                    true
                ],
                [
                    20,
                    21,
                    [
                        [
                            181,
                            660
                        ],
                        [
                            181,
                            620
                        ]
                    ],
                    true
                ]
            ],
            "stations": [
                {
                    "coord": null,
                    "is_working": true,
                    "name": "Dristor",
                    "rect": null,
                    "text_id": 0,
                    "uid": 0
                },
                {
                    "coord": null,
                    "is_working": true,
                    "name": "Piata Muncii",
                    "rect": null,
                    "text_id": 1,
                    "uid": 1
                },
                {
                    "coord": null,
                    "is_working": true,
                    "name": "Iancului",
                    "rect": null,
                    "text_id": 2,
                    "uid": 2
                },
                {
                    "coord": null,
                    "is_working": true,
                    "name": "Obor",
                    "rect": null,
                    "text_id": 3,
                    "uid": 3
                },
                {
                    "coord": null,
                    "is_working": true,
                    "name": "Stefan cel Mare",
                    "rect": null,
                    "text_id": 4,
                    "uid": 4
                },
                {
                    "coord": null,
                    "is_working": true,
                    "name": "Piata Victoriei",
                    "rect": null,
                    "text_id": 5,
                    "uid": 5
                },
                {
                    "coord": null,
                    "is_working": true,
                    "name": "Gara de Nord",
                    "rect": null,
                    "text_id": 6,
                    "uid": 6
                },
                {
                    "coord": null,
                    "is_working": true,
                    "name": "Basarab",
                    "rect": null,
                    "text_id": 7,
                    "uid": 7
                },
                {
                    "coord": null,
                    "is_working": true,
                    "name": "Crangasi",
                    "rect": null,
                    "text_id": 8,
                    "uid": 8
                },
                {
                    "coord": null,
                    "is_working": true,
                    "name": "Petrache Poenaru",
                    "rect": null,
                    "text_id": 9,
                    "uid": 9
                },
                {
                    "coord": null,
                    "is_working": true,
                    "name": "Grozavesti",
                    "rect": null,
                    "text_id": 10,
                    "uid": 10
                },
                {
                    "coord": [
                        181,
                        260
                    ],
                    "is_working": true,
                    "name": "Eroilor",
                    "rect": null,
                    "text_id": 11,
                    "uid": 11
                },
                {
                    "coord": [
                        181,
                        300
                    ],
                    "is_working": true,
                    "name": "Izvor",
                    "rect": null,
                    "text_id": 12,
                    "uid": 12
                },
                {
                    "coord": [
                        181,
                        340
                    ],
                    "is_working": true,
                    "name": "Piata Unirii",
                    "rect": null,
                    "text_id": 13,
                    "uid": 13
                },
                {
                    "coord": [
                        181,
                        380
                    ],
                    "is_working": true,
                    "name": "Timpuri Noi",
                    "rect": null,
                    "text_id": 14,
                    "uid": 14
                },
                {
                    "coord": [
                        181,
                        414
                    ],
                    "is_working": true,
                    "name": "Mihai Bravu",
                    "rect": null,
                    "text_id": 15,
                    "uid": 15
                },
                {
                    "coord": [
                        181,
                        460
                    ],
                    "is_working": true,
                    "name": "Dristor2",
                    "rect": null,
                    "text_id": 16,
                    "uid": 16
                },
                {
                    "coord": [
                        181,
                        500
                    ],
                    "is_working": true,
                    "name": "Nicolae Grigorescu",
                    "rect": null,
                    "text_id": 17,
                    "uid": 17
                },
                {
                    "coord": [
                        181,
                        540
                    ],
                    "is_working": true,
                    "name": "Titan",
                    "rect": null,
                    "text_id": 18,
                    "uid": 18
                },
                {
                    "coord": [
                        181,
                        580
                    ],
                    "is_working": true,
                    "name": "Costin Georgian",
                    "rect": null,
                    "text_id": 19,
                    "uid": 19
                },
                {
                    "coord": [
                        181,
                        620
                    ],
                    "is_working": true,
                    "name": "Republica",
                    "rect": null,
                    "text_id": 20,
                    "uid": 20
                },
                {
                    "coord": [
                        181,
                        660
                    ],
                    "is_working": true,
                    "name": "Pantelimon",
                    "rect": null,
                    "text_id": 21,
                    "uid": 21
                }
            ],
            "text_id": 22
        },
        {
            "labels_bg_color": "-1",
            "labels_color": "000000",
            "line_color": "FF0000",
            "line_width": 9,
            "name": "M 3",
            "segments": [
                [
                    36,
                    37,
                    [
                        [
                            200,
                            100
                        ],
                        [
                            200,
                            60
                        ]
                    ],
                    true
                ],
                [
                    37,
                    38,
                    [
                        [
                            200,
                            140
                        ],
                        [
                            200,
                            100
                        ]
                    ],
                    true
                ],
                [
                    38,
                    39,
                    [
                        [
                            200,
                            180
                        ],
                        [
                            200,
                            140
                        ]
                    ],
                    true
                ],
                [
                    39,
                    40,
                    [
                        [
                            200,
                            220
                        ],
                        [
                            200,
                            180
                        ]
                    ],
                    true
                ],
                [
                    40,
                    41,
                    [
                        [
                            200,
                            260
                        ],
                        [
                            200,
                            220
                        ]
                    ],
                    true
                ],
                [
                    41,
                    42,
                    [
                        [
                            200,
                            300
                        ],
                        [
                            200,
                            260
                        ]
                    ],
                    true
                ],
                [
                    42,
                    43,
                    [
                        [
                            200,
                            340
                        ],
                        [
                            200,
                            300
                        ]
                    ],
                    true
                ],
                [
                    43,
                    44,
                    [
                        [
                            200,
                            380
                        ],
                        [
                            200,
                            340
                        ]
                    ],
                    true
                ],
                [
                    44,
                    45,
                    [
                        [
                            200,
                            414
                        ],
                        [
                            200,
                            380
                        ]
                    ],
                    true
                ],
                [
                    45,
                    46,
                    [
                        [
                            200,
                            460
                        ],
                        [
                            200,
                            414
                        ]
                    ],
                    true
                ],
                [
                    46,
                    47,
                    [
                        [
                            200,
                            500
                        ],
                        [
                            200,
                            460
                        ]
                    ],
                    true
                ],
                [
                    47,
                    48,
                    [
                        [
                            200,
                            540
                        ],
                        [
                            200,
                            500
                        ]
                    ],
                    true
                ],
                [
                    48,
                    49,
                    [
                        [
                            200,
                            580
                        ],
                        [
                            200,
                            540
                        ]
                    ],
                    true
                ],
                [
                    49,
                    50,
                    [
                        [
                            200,
                            620
                        ],
                        [
                            200,
                            580
                        ]
                    ],
                    true
                ]
            ],
            "stations": [
                {
                    "coord": [
                        200,
                        60
                    ],
                    "is_working": true,
                    "name": "Preciziei",
                    "rect": [
                        215,
                        50,
                        100,
                        20
                    ],
                    "text_id": 36,
                    "uid": 36
                },
                {
                    "coord": [
                        200,
                        100
                    ],
                    "is_working": true,
                    "name": "Pacii",
                    "rect": [
                        215,
                        90,
                        100,
                        20
                    ],
                    "text_id": 37,
                    "uid": 37
                },
                {
                    "coord": [
                        200,
                        140
                    ],
                    "is_working": true,
                    "name": "Gorjului",
                    "rect": [
                        215,
                        130,
                        100,
                        20
                    ],
                    "text_id": 38,
                    "uid": 38
                },
                {
                    "coord": [
                        200,
                        180
                    ],
                    "is_working": true,
                    "name": "Lujerului",
                    "rect": [
                        215,
                        170,
                        100,
                        20
                    ],
                    "text_id": 39,
                    "uid": 39
                },
                {
                    "coord": [
                        200,
                        220
                    ],
                    "is_working": true,
                    "name": "Politehnica",
                    "rect": [
                        215,
                        210,
                        100,
                        20
                    ],
                    "text_id": 40,
                    "uid": 40
                },
                {
                    "coord": [
                        200,
                        260
                    ],
                    "is_working": true,
                    "name": "Eroilor",
                    "rect": [
                        215,
                        250,
                        100,
                        20
                    ],
                    "text_id": 11,
                    "uid": 41
                },
                {
                    "coord": [
                        200,
                        300
                    ],
                    "is_working": true,
                    "name": "Izvor",
                    "rect": [
                        215,
                        290,
                        100,
                        20
                    ],
                    "text_id": 12,
                    "uid": 42
                },
                {
                    "coord": [
                        200,
                        340
                    ],
                    "is_working": true,
                    "name": "Piata Unirii",
                    "rect": [
                        215,
                        330,
                        100,
                        20
                    ],
                    "text_id": 13,
                    "uid": 43
                },
                {
                    "coord": [
                        200,
                        380
                    ],
                    "is_working": true,
                    "name": "Timpuri Noi",
                    "rect": [
                        215,
                        370,
                        100,
                        20
                    ],
                    "text_id": 14,
                    "uid": 44
                },
                {
                    "coord": [
                        200,
                        414
                    ],
                    "is_working": true,
                    "name": "Mihai Bravu",
                    "rect": [
                        215,
                        410,
                        100,
                        20
                    ],
                    "text_id": 15,
                    "uid": 45
                },
                {
                    "coord": [
                        200,
                        460
                    ],
                    "is_working": true,
                    "name": "Dristor2",
                    "rect": [
                        215,
                        450,
                        100,
                        20
                    ],
                    "text_id": 16,
                    "uid": 46
                },
                {
                    "coord": [
                        200,
                        500
                    ],
                    "is_working": true,
                    "name": "Nicolae Grigorescu",
                    "rect": [
                        215,
                        490,
                        100,
                        20
                    ],
                    "text_id": 17,
                    "uid": 47
                },
                {
                    "coord": [
                        200,
                        540
                    ],
                    "is_working": true,
                    "name": "1 Dec 1918",
                    "rect": [
                        215,
                        530,
                        100,
                        20
                    ],
                    "text_id": 41,
                    "uid": 48
                },
                {
                    "coord": [
                        200,
                        580
                    ],
                    "is_working": true,
                    "name": "Nicolae Teclu",
                    "rect": [
                        215,
                        570,
                        100,
                        20
                    ],
                    "text_id": 42,
                    "uid": 49
                },
                {
                    "coord": [
                        200,
                        620
                    ],
                    "is_working": true,
                    "name": "Anghel Saligny",
                    "rect": [
                        215,
                        610,
                        100,
                        20
                    ],
                    "text_id": 43,
                    "uid": 50
                }
            ],
            "text_id": 44
        }
    ],
    "lines_width": 9,
    "name": "m 3",
    "name_text_id": 44,
    "stations_diameter": 16.0,
    "transfers": [
        [
            15,
            45,
            [
                181,
                414
            ],
            [
                200,
                414
            ]
        ],
        [
            16,
            46,
            [
                181,
                460
            ],
            [
                200,
                460
            ]
        ],
        [
            17,
            47,
            [
                181,
                500
            ],
            [
                200,
                500
            ]
        ],
        [
            11,
            41,
            [
                181,
                260
            ],
            [
                200,
                260
            ]
        ],
        [
            0,
            16,
            null,
            [
                181,
                460
            ]
        ],
        [
            12,
            42,
            [
                181,
                300
            ],
            [
                200,
                300
            ]
        ],
        [
            13,
            43,
            [
                181,
                340
            ],
            [
                200,
                340
            ]
        ],
        [
            14,
            44,
            [
                181,
                380
            ],
            [
                200,
                380
            ]
        ]
    ],
    "transports": [
        "metro"
    ],
    "type_name": "Метро",
    "type_text_id": 54,
    "upper_case": true,
    "width": 350,
    "word_wrap": true
}