{
    "default_transports": [
        "metro"
    ],
    "height": 460,
    "images": [
        "res/schemes/m 4.svg"
    ],
    "is_vector": true,
    "lines": [
        {
            "labels_bg_color": "-1",
            "labels_color": "000000",
            "line_color": "FDCD31",
            "line_width": 9,
            "name": "M 1",
            "segments": [
                [
                    6,
                    7,
                    [
                        [
                            181,
                            70
                        ],
                        [
                            181,
                            30
                        ]
                    ],
                    true
                ]
            ],
            "stations": [
                {
                    "coord": null,
                    "is_working": true,
                    "name": "Dristor",
                    "rect": null,
                    "text_id": 0,
                    "uid": 0
                },
                {
                    "coord": null,
                    "is_working": true,
                    "name": "Piata Muncii",
                    "rect": null,
                    "text_id": 1,
                    "uid": 1
                },
                {
                    "coord": null,
                    "is_working": true,
                    "name": "Iancului",
                    "rect": null,
                    "text_id": 2,
                    "uid": 2
                },
                {
                    "coord": null,
                    "is_working": true,
                    "name": "Obor",
                    "rect": null,
                    "text_id": 3,
                    "uid": 3
                },
                {
                    "coord": null,
                    "is_working": true,
                    "name": "Stefan cel Mare",
                    "rect": null,
                    "text_id": 4,
                    "uid": 4
                },
                {
                    "coord": null,
                    "is_working": true,
                    "name": "Piata Victoriei",
                    "rect": null,
                    "text_id": 5,
                    "uid": 5
                },
                {
                    "coord": [
                        181,
                        30
                    ],
                    "is_working": true,
                    "name": "Gara de Nord",
                    "rect": null,
                    "text_id": 6,
                    "uid": 6
                },
                {
                    "coord": [
                        181,
                        70
                    ],
                    "is_working": true,
                    "name": "Basarab",
                    "rect": null,
                    "text_id": 7,
                    "uid": 7
                },
                {
                    "coord": null,
                    "is_working": true,
                    "name": "Crangasi",
                    "rect": null,
                    "text_id": 8,
                    "uid": 8
                },
                {
                    "coord": null,
                    "is_working": true,
                    "name": "Petrache Poenaru",
                    "rect": null,
                    "text_id": 9,
                    "uid": 9
                },
                {
                    "coord": null,
                    "is_working": true,
                    "name": "Grozavesti",
                    "rect": null,
                    "text_id": 10,
                    "uid": 10
                },
                {
                    "coord": null,
                    "is_working": true,
                    "name": "Eroilor",
                    "rect": null,
                    "text_id": 11,
                    "uid": 11
                },
                {
                    "coord": null,
                    "is_working": true,
                    "name": "Izvor",
                    "rect": null,
                    "text_id": 12,
                    "uid": 12
                },
                {
                    "coord": null,
                    "is_working": true,
                    "name": "Piata Unirii",
                    "rect": null,
                    "text_id": 13,
                    "uid": 13
                },
                {
                    "coord": null,
                    "is_working": true,
                    "name": "Timpuri Noi",
                    "rect": null,
                    "text_id": 14,
                    "uid": 14
                },
                {
                    "coord": null,
                    "is_working": true,
                    "name": "Mihai Bravu",
                    "rect": null,
                    "text_id": 15,
                    "uid": 15
                },
                {
                    "coord": null,
                    "is_working": true,
                    "name": "Dristor2",
                    "rect": null,
                    "text_id": 16,
                    "uid": 16
                },
                {
                    "coord": null,
                    "is_working": true,
                    "name": "Nicolae Grigorescu",
                    "rect": null,
                    "text_id": 17,
                    "uid": 17
                },
                {
                    "coord": null,
                    "is_working": true,
                    "name": "Titan",
                    "rect": null,
                    "text_id": 18,
                    "uid": 18
                },
                {
                    "coord": null,
                    "is_working": true,
                    "name": "Costin Georgian",
                    "rect": null,
                    "text_id": 19,
                    "uid": 19
                },
                {
                    "coord": null,
                    "is_working": true,
                    "name": "Republica",
                    "rect": null,
                    "text_id": 20,
                    "uid": 20
                },
                {
                    "coord": null,
                    "is_working": true,
                    "name": "Pantelimon",
                    "rect": null,
                    "text_id": 21,
                    "uid": 21
                }
            ],
            "text_id": 22
        },
        {
            "labels_bg_color": "-1",
            "labels_color": "000000",
            "line_color": "00C500",
            "line_width": 9,
            "name": "M 4",
            "segments": [
                [
                    51,
                    52,
                    [
                        [
                            200,
                            70
                        ],
                        [
                            200,
                            30
                        ]
                    ],
                    true
                ],
                [
                    52,
                    53,
                    [
                        [
                            200,
                            110
                        ],
                        [
                            200,
                            70
                        ]
                    ],
                    true
                ],
                [
                    53,
                    54,
                    [
                        [
                            200,
                            150
                        ],
                        [
                            200,
                            110
                        ]
                    ],
                    true
                ],
                [
                    54,
                    55,
                    [
                        [
                            200,
                            190
                        ],
                        [
                            200,
                            150
                        ]
                    ],
                    true
                ],
                [
                    55,
                    56,
                    [
                        [
                            200,
                            230
                        ],
                        [
                            200,
                            190
                        ]
                    ],
                    true
                ],
                [
                    56,
                    57,
                    [
                        [
                            200,
                            270
                        ],
                        [
                            200,
                            230
                        ]
                    ],
                    false
                ],
                [
                    57,
                    58,
                    [
                        [
                            200,
                            310
                        ],
                        [
                            200,
                            270
                        ]
                    ],
                    false
                ]
            ],
            "stations": [
                {
                    "coord": [
                        200,
                        30
                    ],
                    "is_working": true,
                    "name": "Gara de Nord",
                    "rect": [
                        215,
                        20,
                        100,
                        20
                    ],
                    "text_id": 6,
                    "uid": 51
                },
                {
                    "coord": [
                        200,
                        70
                    ],
                    "is_working": true,
                    "name": "Basarab",
                    "rect": [
                        215,
                        60,
                        100,
                        20
                    ],
                    "text_id": 7,
                    "uid": 52
                },
                {
                    "coord": [
                        200,
                        110
                    ],
                    "is_working": true,
                    "name": "Grivita",
                    "rect": [
                        215,
                        100,
                        100,
                        20
                    ],
                    "text_id": 45,
                    "uid": 53
                },
                {
                    "coord": [
                        200,
                        150
                    ],
                    "is_working": true,
                    "name": "1 Mai",
                    "rect": [
                        215,
                        140,
                        100,
                        20
                    ],
                    "text_id": 46,
                    "uid": 54
                },
                {
                    "coord": [
                        200,
                        190
                    ],
                    "is_working": true,
                    "name": "Jiului",
                    "rect": [
                        215,
                        180,
                        100,
                        20
                    ],
                    "text_id": 47,
                    "uid": 55
                },
                {
                    "coord": [
                        200,
                        230
                    ],
                    "is_working": true,
                    "name": "Parc Bazilescu",
                    "rect": [
                        215,
                        220,
                        100,
                        20
                    ],
                    "text_id": 48,
                    "uid": 56
                },
                {
                    "coord": [
                        200,
                        270
                    ],
                    "is_working": false,
                    "name": "Laminorului",
                    "rect": [
                        215,
                        260,
                        100,
                        20
                    ],
                    "text_id": 49,
                    "uid": 57
                },
                {
                    "coord": [
                        200,
                        310
                    ],
                    "is_working": false,
                    "name": "Lac Straulesti",
                    "rect": [
                        215,
                        300,
                        100,
                        20
                    ],
                    "text_id": 50,
                    "uid": 58
                }
            ],
            "text_id": 51
        }
    ],
    "lines_width": 9,
    "name": "m 4",
    "name_text_id": 51,
    "stations_diameter": 16.0,
    "transfers": [
        [
            6,
            51,
            [
                181,
                30
            ],
            [
                200,
                30
            ]
        ],
        [
            7,
            52,
            [
                181,
                70
            ],
            [
                200,
                70
            ]
        ],
        [
            0,
            16,
            null,
            null
        ]
    ],
    "transports": [
        "metro"
    ],
    "type_name": "Метро",
    "type_text_id": 54,
    "upper_case": true,
    "width": 350,
    "word_wrap": true
}