{
    "default_transports": [
        "metro"
    ],
    "height": 890,
    "images": [
        "res/schemes/kyr-kras.svg"
    ],
    "is_vector": true,
    "lines": [
        {
            "labels_bg_color": "-1",
            "labels_color": "000000",
            "line_color": "CC3333",
            "line_width": 9,
            "name": "Святошинско-Броварская",
            "segments": [],
            "stations": [
                {
                    "coord": null,
                    "is_working": true,
                    "name": "Академгородок",
                    "rect": null,
                    "text_id": 0,
                    "uid": 0
                },
                {
                    "coord": null,
                    "is_working": true,
                    "name": "Житомирская",
                    "rect": null,
                    "text_id": 1,
                    "uid": 1
                },
                {
                    "coord": null,
                    "is_working": true,
                    "name": "Святошин",
                    "rect": null,
                    "text_id": 2,
                    "uid": 2
                },
                {
                    "coord": null,
                    "is_working": true,
                    "name": "Нивки",
                    "rect": null,
                    "text_id": 3,
                    "uid": 3
                },
                {
                    "coord": null,
                    "is_working": true,
                    "name": "Берестейская",
                    "rect": null,
                    "text_id": 4,
                    "uid": 4
                },
                {
                    "coord": null,
                    "is_working": true,
                    "name": "Шулявская",
                    "rect": null,
                    "text_id": 5,
                    "uid": 5
                },
                {
                    "coord": null,
                    "is_working": true,
                    "name": "Политехнический институт",
                    "rect": null,
                    "text_id": 6,
                    "uid": 6
                },
                {
                    "coord": null,
                    "is_working": true,
                    "name": "Вокзальная",
                    "rect": null,
                    "text_id": 7,
                    "uid": 7
                },
                {
                    "coord": null,
                    "is_working": true,
                    "name": "Университет",
                    "rect": null,
                    "text_id": 8,
                    "uid": 8
                },
                {
                    "coord": null,
                    "is_working": true,
                    "name": "Театральная",
                    "rect": null,
                    "text_id": 9,
                    "uid": 9
                },
                {
                    "coord": [
                        161,
                        340
                    ],
                    "is_working": true,
                    "name": "Крещатик",
                    "rect": [
                        85,
                        333,
                        61,
                        15
                    ],
                    "text_id": 10,
                    "uid": 10
                },
                {
                    "coord": null,
                    "is_working": true,
                    "name": "Арсенальная",
                    "rect": null,
                    "text_id": 11,
                    "uid": 11
                },
                {
                    "coord": null,
                    "is_working": true,
                    "name": "Днепр",
                    "rect": null,
                    "text_id": 12,
                    "uid": 12
                },
                {
                    "coord": null,
                    "is_working": true,
                    "name": "Гидропарк",
                    "rect": null,
                    "text_id": 13,
                    "uid": 13
                },
                {
                    "coord": null,
                    "is_working": true,
                    "name": "Левобережная",
                    "rect": null,
                    "text_id": 14,
                    "uid": 14
                },
                {
                    "coord": null,
                    "is_working": true,
                    "name": "Дарница",
                    "rect": null,
                    "text_id": 15,
                    "uid": 15
                },
                {
                    "coord": null,
                    "is_working": true,
                    "name": "Черниговская",
                    "rect": null,
                    "text_id": 16,
                    "uid": 16
                },
                {
                    "coord": null,
                    "is_working": true,
                    "name": "Лесная",
                    "rect": null,
                    "text_id": 17,
                    "uid": 17
                }
            ],
            "text_id": 18
        },
        {
            "labels_bg_color": "-1",
            "labels_color": "000000",
            "line_color": "333399",
            "line_width": 9,
            "name": "Оболонско-Теремковская",
            "segments": [
                [
                    18,
                    19,
                    [
                        [
                            180,
                            100
                        ],
                        [
                            180,
                            60
                        ]
                    ],
                    true
                ],
                [
                    19,
                    20,
                    [
                        [
                            180,
                            140
                        ],
                        [
                            180,
                            100
                        ]
                    ],
                    true
                ],
                [
                    20,
                    21,
                    [
                        [
                            180,
                            180
                        ],
                        [
                            180,
                            140
                        ]
                    ],
                    true
                ],
                [
                    21,
                    22,
                    [
                        [
                            180,
                            220
                        ],
                        [
                            180,
                            180
                        ]
                    ],
                    true
                ],
                [
                    22,
                    23,
                    [
                        [
                            180,
                            260
                        ],
                        [
                            180,
                            220
                        ]
                    ],
                    true
                ],
                [
                    23,
                    24,
                    [
                        [
                            180,
                            300
                        ],
                        [
                            180,
                            260
                        ]
                    ],
                    true
                ],
                [
                    24,
                    25,
                    [
                        [
                            180,
                            340
                        ],
                        [
                            180,
                            300
                        ]
                    ],
                    true
                ],
                [
                    25,
                    26,
                    [
                        [
                            180,
                            380
                        ],
                        [
                            180,
                            340
                        ]
                    ],
                    true
                ],
                [
                    26,
                    27,
                    [
                        [
                            180,
                            420
                        ],
                        [
                            180,
                            380
                        ]
                    ],
                    true
                ],
                [
                    27,
                    28,
                    [
                        [
                            180,
                            460
                        ],
                        [
                            180,
                            420
                        ]
                    ],
                    true
                ],
                [
                    28,
                    29,
                    [
                        [
                            180,
                            500
                        ],
                        [
                            180,
                            460
                        ]
                    ],
                    true
                ],
                [
                    29,
                    30,
                    [
                        [
                            180,
                            540
                        ],
                        [
                            180,
                            500
                        ]
                    ],
                    true
                ],
                [
                    30,
                    31,
                    [
                        [
                            180,
                            580
                        ],
                        [
                            180,
                            540
                        ]
                    ],
                    true
                ],
                [
                    31,
                    32,
                    [
                        [
                            180,
                            620
                        ],
                        [
                            180,
                            580
                        ]
                    ],
                    true
                ],
                [
                    32,
                    33,
                    [
                        [
                            180,
                            660
                        ],
                        [
                            180,
                            620
                        ]
                    ],
                    true
                ],
                [
                    33,
                    34,
                    [
                        [
                            180,
                            700
                        ],
                        [
                            180,
                            660
                        ]
                    ],
                    true
                ],
                [
                    34,
                    35,
                    [
                        [
                            180,
                            740
                        ],
                        [
                            180,
                            700
                        ]
                    ],
                    true
                ]
            ],
            "stations": [
                {
                    "coord": [
                        180,
                        60
                    ],
                    "is_working": true,
                    "name": "Героев Днепра",
                    "rect": [
                        192,
                        53,
                        93,
                        15
                    ],
                    "text_id": 19,
                    "uid": 18
                },
                {
                    "coord": [
                        180,
                        100
                    ],
                    "is_working": true,
                    "name": "Минская",
                    "rect": [
                        192,
                        93,
                        57,
                        15
                    ],
                    "text_id": 20,
                    "uid": 19
                },
                {
                    "coord": [
                        180,
                        140
                    ],
                    "is_working": true,
                    "name": "Оболонь",
                    "rect": [
                        192,
                        133,
                        57,
                        15
                    ],
                    "text_id": 21,
                    "uid": 20
                },
                {
                    "coord": [
                        180,
                        180
                    ],
                    "is_working": true,
                    "name": "Почайна",
                    "rect": [
                        192,
                        173,
                        60,
                        15
                    ],
                    "text_id": 22,
                    "uid": 21
                },
                {
                    "coord": [
                        180,
                        220
                    ],
                    "is_working": true,
                    "name": "Тараса Шевченко",
                    "rect": [
                        192,
                        213,
                        111,
                        15
                    ],
                    "text_id": 23,
                    "uid": 22
                },
                {
                    "coord": [
                        180,
                        260
                    ],
                    "is_working": true,
                    "name": "Контрактовая площадь",
                    "rect": [
                        192,
                        253,
                        149,
                        15
                    ],
                    "text_id": 24,
                    "uid": 23
                },
                {
                    "coord": [
                        180,
                        300
                    ],
                    "is_working": true,
                    "name": "Почтовая площадь",
                    "rect": [
                        192,
                        293,
                        123,
                        15
                    ],
                    "text_id": 25,
                    "uid": 24
                },
                {
                    "coord": [
                        180,
                        340
                    ],
                    "is_working": true,
                    "name": "Площадь Независимости",
                    "rect": [
                        195,
                        333,
                        163,
                        15
                    ],
                    "text_id": 26,
                    "uid": 25
                },
                {
                    "coord": [
                        180,
                        380
                    ],
                    "is_working": true,
                    "name": "Площадь Льва Толстого",
                    "rect": [
                        195,
                        373,
                        153,
                        15
                    ],
                    "text_id": 27,
                    "uid": 26
                },
                {
                    "coord": [
                        180,
                        420
                    ],
                    "is_working": true,
                    "name": "Олимпийская",
                    "rect": [
                        192,
                        413,
                        88,
                        15
                    ],
                    "text_id": 28,
                    "uid": 27
                },
                {
                    "coord": [
                        180,
                        460
                    ],
                    "is_working": true,
                    "name": "Дворец \"Украина\"",
                    "rect": [
                        192,
                        453,
                        111,
                        15
                    ],
                    "text_id": 29,
                    "uid": 28
                },
                {
                    "coord": [
                        180,
                        500
                    ],
                    "is_working": true,
                    "name": "Лыбедская",
                    "rect": [
                        192,
                        493,
                        71,
                        15
                    ],
                    "text_id": 30,
                    "uid": 29
                },
                {
                    "coord": [
                        180,
                        540
                    ],
                    "is_working": true,
                    "name": "Демиевская",
                    "rect": [
                        192,
                        533,
                        78,
                        15
                    ],
                    "text_id": 31,
                    "uid": 30
                },
                {
                    "coord": [
                        180,
                        580
                    ],
                    "is_working": true,
                    "name": "Голосеевская",
                    "rect": [
                        192,
                        573,
                        91,
                        15
                    ],
                    "text_id": 32,
                    "uid": 31
                },
                {
                    "coord": [
                        180,
                        620
                    ],
                    "is_working": true,
                    "name": "Васильковская",
                    "rect": [
                        192,
                        613,
                        101,
                        15
                    ],
                    "text_id": 33,
                    "uid": 32
                },
                {
                    "coord": [
                        180,
                        660
                    ],
                    "is_working": true,
                    "name": "Выставочный центр",
                    "rect": [
                        192,
                        653,
                        130,
                        15
                    ],
                    "text_id": 34,
                    "uid": 33
                },
                {
                    "coord": [
                        180,
                        700
                    ],
                    "is_working": true,
                    "name": "Ипподром",
                    "rect": [
                        192,
                        693,
                        65,
                        15
                    ],
                    "text_id": 35,
                    "uid": 34
                },
                {
                    "coord": [
                        180,
                        740
                    ],
                    "is_working": true,
                    "name": "Теремки",
                    "rect": [
                        192,
                        733,
                        65,
                        15
                    ],
                    "text_id": 36,
                    "uid": 35
                }
            ],
            "text_id": 37
        },
        {
            "labels_bg_color": "-1",
            "labels_color": "000000",
            "line_color": "339933",
            "line_width": 9,
            "name": "Сырецко-Печерская",
            "segments": [],
            "stations": [
                {
                    "coord": null,
                    "is_working": true,
                    "name": "Сырец",
                    "rect": null,
                    "text_id": 38,
                    "uid": 36
                },
                {
                    "coord": null,
                    "is_working": true,
                    "name": "Дорогожичи",
                    "rect": null,
                    "text_id": 39,
                    "uid": 37
                },
                {
                    "coord": null,
                    "is_working": true,
                    "name": "Лукьяновская",
                    "rect": null,
                    "text_id": 40,
                    "uid": 38
                },
                {
                    "coord": null,
                    "is_working": true,
                    "name": "Золотые ворота",
                    "rect": null,
                    "text_id": 41,
                    "uid": 39
                },
                {
                    "coord": [
                        161,
                        380
                    ],
                    "is_working": true,
                    "name": "Дворец спорта",
                    "rect": [
                        51,
                        373,
                        95,
                        15
                    ],
                    "text_id": 42,
                    "uid": 40
                },
                {
                    "coord": null,
                    "is_working": true,
                    "name": "Кловская",
                    "rect": null,
                    "text_id": 43,
                    "uid": 41
                },
                {
                    "coord": null,
                    "is_working": true,
                    "name": "Печерская",
                    "rect": null,
                    "text_id": 44,
                    "uid": 42
                },
                {
                    "coord": null,
                    "is_working": true,
                    "name": "Дружбы народов",
                    "rect": null,
                    "text_id": 45,
                    "uid": 43
                },
                {
                    "coord": null,
                    "is_working": true,
                    "name": "Выдубичи",
                    "rect": null,
                    "text_id": 46,
                    "uid": 44
                },
                {
                    "coord": null,
                    "is_working": true,
                    "name": "Славутич",
                    "rect": null,
                    "text_id": 47,
                    "uid": 45
                },
                {
                    "coord": null,
                    "is_working": true,
                    "name": "Осокорки",
                    "rect": null,
                    "text_id": 48,
                    "uid": 46
                },
                {
                    "coord": null,
                    "is_working": true,
                    "name": "Позняки",
                    "rect": null,
                    "text_id": 49,
                    "uid": 47
                },
                {
                    "coord": null,
                    "is_working": true,
                    "name": "Харьковская",
                    "rect": null,
                    "text_id": 50,
                    "uid": 48
                },
                {
                    "coord": null,
                    "is_working": true,
                    "name": "Вырлица",
                    "rect": null,
                    "text_id": 51,
                    "uid": 49
                },
                {
                    "coord": null,
                    "is_working": true,
                    "name": "Бориспольская",
                    "rect": null,
                    "text_id": 52,
                    "uid": 50
                },
                {
                    "coord": null,
                    "is_working": true,
                    "name": "Красный хутор",
                    "rect": null,
                    "text_id": 53,
                    "uid": 51
                }
            ],
            "text_id": 54
        }
    ],
    "lines_width": 9,
    "name": "kyr-kras",
    "name_text_id": 37,
    "stations_diameter": 16.0,
    "transfers": [
        [
            10,
            25,
            [
                161,
                340
            ],
            [
                180,
                340
            ]
        ],
        [
            39,
            9,
            null,
            null
        ],
        [
            26,
            40,
            [
                180,
                380
            ],
            [
                161,
                380
            ]
        ]
    ],
    "transports": [
        "metro",
        "train"
    ],
    "type_name": "Метро",
    "type_text_id": 354,
    "upper_case": true,
    "width": 330,
    "word_wrap": false
}