{
    "default_transports": [
        "metro"
    ],
    "height": 890,
    "images": [
        "res/schemes/svjat-brov.svg"
    ],
    "is_vector": true,
    "lines": [
        {
            "labels_bg_color": "-1",
            "labels_color": "000000",
            "line_color": "CC3333",
            "line_width": 9,
            "name": "Святошинско-Броварская",
            "segments": [
                [
                    0,
                    1,
                    [
                        [
                            220,
                            100
                        ],
                        [
                            220,
                            60
                        ]
                    ],
                    true
                ],
                [
                    1,
                    2,
                    [
                        [
                            220,
                            140
                        ],
                        [
                            220,
                            100
                        ]
                    ],
                    true
                ],
                [
                    2,
                    3,
                    [
                        [
                            220,
                            180
                        ],
                        [
                            220,
                            140
                        ]
                    ],
                    true
                ],
                [
                    3,
                    4,
                    [
                        [
                            220,
                            220
                        ],
                        [
                            220,
                            180
                        ]
                    ],
                    true
                ],
                [
                    4,
                    5,
                    [
                        [
                            220,
                            260
                        ],
                        [
                            220,
                            220
                        ]
                    ],
                    true
                ],
                [
                    5,
                    6,
                    [
                        [
                            220,
                            300
                        ],
                        [
                            220,
                            260
                        ]
                    ],
                    true
                ],
                [
                    6,
                    7,
                    [
                        [
                            220,
                            340
                        ],
                        [
                            220,
                            300
                        ]
                    ],
                    true
                ],
                [
                    7,
                    8,
                    [
                        [
                            220,
                            380
                        ],
                        [
                            220,
                            340
                        ]
                    ],
                    true
                ],
                [
                    8,
                    9,
                    [
                        [
                            220,
                            420
                        ],
                        [
                            220,
                            380
                        ]
                    ],
                    true
                ],
                [
                    9,
                    10,
                    [
                        [
                            220,
                            460
                        ],
                        [
                            220,
                            420
                        ]
                    ],
                    true
                ],
                [
                    10,
                    11,
                    [
                        [
                            220,
                            500
                        ],
                        [
                            220,
                            460
                        ]
                    ],
                    true
                ],
                [
                    11,
                    12,
                    [
                        [
                            220,
                            540
                        ],
                        [
                            220,
                            500
                        ]
                    ],
                    true
                ],
                [
                    12,
                    13,
                    [
                        [
                            220,
                            580
                        ],
                        [
                            220,
                            540
                        ]
                    ],
                    true
                ],
                [
                    13,
                    14,
                    [
                        [
                            220,
                            620
                        ],
                        [
                            220,
                            580
                        ]
                    ],
                    true
                ],
                [
                    14,
                    15,
                    [
                        [
                            220,
                            660
                        ],
                        [
                            220,
                            620
                        ]
                    ],
                    true
                ],
                [
                    15,
                    16,
                    [
                        [
                            220,
                            700
                        ],
                        [
                            220,
                            660
                        ]
                    ],
                    true
                ],
                [
                    16,
                    17,
                    [
                        [
                            220,
                            740
                        ],
                        [
                            220,
                            700
                        ]
                    ],
                    true
                ]
            ],
            "stations": [
                {
                    "coord": [
                        220,
                        60
                    ],
                    "is_working": true,
                    "name": "Академгородок",
                    "rect": [
                        232,
                        53,
                        97,
                        15
                    ],
                    "text_id": 0,
                    "uid": 0
                },
                {
                    "coord": [
                        220,
                        100
                    ],
                    "is_working": true,
                    "name": "Житомирская",
                    "rect": [
                        232,
                        93,
                        87,
                        15
                    ],
                    "text_id": 1,
                    "uid": 1
                },
                {
                    "coord": [
                        220,
                        140
                    ],
                    "is_working": true,
                    "name": "Святошин",
                    "rect": [
                        232,
                        133,
                        66,
                        15
                    ],
                    "text_id": 2,
                    "uid": 2
                },
                {
                    "coord": [
                        220,
                        180
                    ],
                    "is_working": true,
                    "name": "Нивки",
                    "rect": [
                        232,
                        173,
                        40,
                        15
                    ],
                    "text_id": 3,
                    "uid": 3
                },
                {
                    "coord": [
                        220,
                        220
                    ],
                    "is_working": true,
                    "name": "Берестейская",
                    "rect": [
                        232,
                        213,
                        90,
                        15
                    ],
                    "text_id": 4,
                    "uid": 4
                },
                {
                    "coord": [
                        220,
                        260
                    ],
                    "is_working": true,
                    "name": "Шулявская",
                    "rect": [
                        232,
                        253,
                        71,
                        15
                    ],
                    "text_id": 5,
                    "uid": 5
                },
                {
                    "coord": [
                        220,
                        300
                    ],
                    "is_working": true,
                    "name": "Политехнический институт",
                    "rect": [
                        232,
                        293,
                        172,
                        15
                    ],
                    "text_id": 6,
                    "uid": 6
                },
                {
                    "coord": [
                        220,
                        340
                    ],
                    "is_working": true,
                    "name": "Вокзальная",
                    "rect": [
                        232,
                        333,
                        78,
                        15
                    ],
                    "text_id": 7,
                    "uid": 7
                },
                {
                    "coord": [
                        220,
                        380
                    ],
                    "is_working": true,
                    "name": "Университет",
                    "rect": [
                        232,
                        373,
                        81,
                        15
                    ],
                    "text_id": 8,
                    "uid": 8
                },
                {
                    "coord": [
                        220,
                        420
                    ],
                    "is_working": true,
                    "name": "Театральная",
                    "rect": [
                        235,
                        413,
                        83,
                        15
                    ],
                    "text_id": 9,
                    "uid": 9
                },
                {
                    "coord": [
                        220,
                        460
                    ],
                    "is_working": true,
                    "name": "Крещатик",
                    "rect": [
                        235,
                        453,
                        61,
                        15
                    ],
                    "text_id": 10,
                    "uid": 10
                },
                {
                    "coord": [
                        220,
                        500
                    ],
                    "is_working": true,
                    "name": "Арсенальная",
                    "rect": [
                        232,
                        493,
                        87,
                        15
                    ],
                    "text_id": 11,
                    "uid": 11
                },
                {
                    "coord": [
                        220,
                        540
                    ],
                    "is_working": true,
                    "name": "Днепр",
                    "rect": [
                        232,
                        533,
                        39,
                        15
                    ],
                    "text_id": 12,
                    "uid": 12
                },
                {
                    "coord": [
                        220,
                        580
                    ],
                    "is_working": true,
                    "name": "Гидропарк",
                    "rect": [
                        232,
                        573,
                        67,
                        15
                    ],
                    "text_id": 13,
                    "uid": 13
                },
                {
                    "coord": [
                        220,
                        620
                    ],
                    "is_working": true,
                    "name": "Левобережная",
                    "rect": [
                        232,
                        613,
                        94,
                        15
                    ],
                    "text_id": 14,
                    "uid": 14
                },
                {
                    "coord": [
                        220,
                        660
                    ],
                    "is_working": true,
                    "name": "Дарница",
                    "rect": [
                        232,
                        653,
                        56,
                        15
                    ],
                    "text_id": 15,
                    "uid": 15
                },
                {
                    "coord": [
                        220,
                        700
                    ],
                    "is_working": true,
                    "name": "Черниговская",
                    "rect": [
                        232,
                        693,
                        91,
                        15
                    ],
                    "text_id": 16,
                    "uid": 16
                },
                {
                    "coord": [
                        220,
                        740
                    ],
                    "is_working": true,
                    "name": "Лесная",
                    "rect": [
                        232,
                        733,
                        48,
                        15
                    ],
                    "text_id": 17,
                    "uid": 17
                }
            ],
            "text_id": 18
        },
        {
            "labels_bg_color": "-1",
            "labels_color": "000000",
            "line_color": "333399",
            "line_width": 9,
            "name": "Оболонско-Теремковская",
            "segments": [],
            "stations": [
                {
                    "coord": null,
                    "is_working": true,
                    "name": "Героев Днепра",
                    "rect": null,
                    "text_id": 19,
                    "uid": 18
                },
                {
                    "coord": null,
                    "is_working": true,
                    "name": "Минская",
                    "rect": null,
                    "text_id": 20,
                    "uid": 19
                },
                {
                    "coord": null,
                    "is_working": true,
                    "name": "Оболонь",
                    "rect": null,
                    "text_id": 21,
                    "uid": 20
                },
                {
                    "coord": null,
                    "is_working": true,
                    "name": "Почайна",
                    "rect": null,
                    "text_id": 22,
                    "uid": 21
                },
                {
                    "coord": null,
                    "is_working": true,
                    "name": "Тараса Шевченко",
                    "rect": null,
                    "text_id": 23,
                    "uid": 22
                },
                {
                    "coord": null,
                    "is_working": true,
                    "name": "Контрактовая площадь",
                    "rect": null,
                    "text_id": 24,
                    "uid": 23
                },
                {
                    "coord": null,
                    "is_working": true,
                    "name": "Почтовая площадь",
                    "rect": null,
                    "text_id": 25,
                    "uid": 24
                },
                {
                    "coord": [
                        200,
                        460
                    ],
                    "is_working": true,
                    "name": "Площадь Независимости",
                    "rect": [
                        22,
                        453,
                        163,
                        15
                    ],
                    "text_id": 26,
                    "uid": 25
                },
                {
                    "coord": null,
                    "is_working": true,
                    "name": "Площадь Льва Толстого",
                    "rect": null,
                    "text_id": 27,
                    "uid": 26
                },
                {
                    "coord": null,
                    "is_working": true,
                    "name": "Олимпийская",
                    "rect": null,
                    "text_id": 28,
                    "uid": 27
                },
                {
                    "coord": null,
                    "is_working": true,
                    "name": "Дворец \"Украина\"",
                    "rect": null,
                    "text_id": 29,
                    "uid": 28
                },
                {
                    "coord": null,
                    "is_working": true,
                    "name": "Лыбедская",
                    "rect": null,
                    "text_id": 30,
                    "uid": 29
                },
                {
                    "coord": null,
                    "is_working": true,
                    "name": "Демиевская",
                    "rect": null,
                    "text_id": 31,
                    "uid": 30
                },
                {
                    "coord": null,
                    "is_working": true,
                    "name": "Голосеевская",
                    "rect": null,
                    "text_id": 32,
                    "uid": 31
                },
                {
                    "coord": null,
                    "is_working": true,
                    "name": "Васильковская",
                    "rect": null,
                    "text_id": 33,
                    "uid": 32
                },
                {
                    "coord": null,
                    "is_working": true,
                    "name": "Выставочный центр",
                    "rect": null,
                    "text_id": 34,
                    "uid": 33
                },
                {
                    "coord": null,
                    "is_working": true,
                    "name": "Ипподром",
                    "rect": null,
                    "text_id": 35,
                    "uid": 34
                },
                {
                    "coord": null,
                    "is_working": true,
                    "name": "Теремки",
                    "rect": null,
                    "text_id": 36,
                    "uid": 35
                }
            ],
            "text_id": 37
        },
        {
            "labels_bg_color": "-1",
            "labels_color": "000000",
            "line_color": "339933",
            "line_width": 9,
            "name": "Сырецко-Печерская",
            "segments": [],
            "stations": [
                {
                    "coord": null,
                    "is_working": true,
                    "name": "Сырец",
                    "rect": null,
                    "text_id": 38,
                    "uid": 36
                },
                {
                    "coord": null,
                    "is_working": true,
                    "name": "Дорогожичи",
                    "rect": null,
                    "text_id": 39,
                    "uid": 37
                },
                {
                    "coord": null,
                    "is_working": true,
                    "name": "Лукьяновская",
                    "rect": null,
                    "text_id": 40,
                    "uid": 38
                },
                {
                    "coord": [
                        200,
                        420
                    ],
                    "is_working": true,
                    "name": "Золотые ворота",
                    "rect": [
                        82,
                        412,
                        103,
                        15
                    ],
                    "text_id": 41,
                    "uid": 39
                },
                {
                    "coord": null,
                    "is_working": true,
                    "name": "Дворец спорта",
                    "rect": null,
                    "text_id": 42,
                    "uid": 40
                },
                {
                    "coord": null,
                    "is_working": true,
                    "name": "Кловская",
                    "rect": null,
                    "text_id": 43,
                    "uid": 41
                },
                {
                    "coord": null,
                    "is_working": true,
                    "name": "Печерская",
                    "rect": null,
                    "text_id": 44,
                    "uid": 42
                },
                {
                    "coord": null,
                    "is_working": true,
                    "name": "Дружбы народов",
                    "rect": null,
                    "text_id": 45,
                    "uid": 43
                },
                {
                    "coord": null,
                    "is_working": true,
                    "name": "Выдубичи",
                    "rect": null,
                    "text_id": 46,
                    "uid": 44
                },
                {
                    "coord": null,
                    "is_working": true,
                    "name": "Славутич",
                    "rect": null,
                    "text_id": 47,
                    "uid": 45
                },
                {
                    "coord": null,
                    "is_working": true,
                    "name": "Осокорки",
                    "rect": null,
                    "text_id": 48,
                    "uid": 46
                },
                {
                    "coord": null,
                    "is_working": true,
                    "name": "Позняки",
                    "rect": null,
                    "text_id": 49,
                    "uid": 47
                },
                {
                    "coord": null,
                    "is_working": true,
                    "name": "Харьковская",
                    "rect": null,
                    "text_id": 50,
                    "uid": 48
                },
                {
                    "coord": null,
                    "is_working": true,
                    "name": "Вырлица",
                    "rect": null,
                    "text_id": 51,
                    "uid": 49
                },
                {
                    "coord": null,
                    "is_working": true,
                    "name": "Бориспольская",
                    "rect": null,
                    "text_id": 52,
                    "uid": 50
                },
                {
                    "coord": null,
                    "is_working": true,
                    "name": "Красный хутор",
                    "rect": null,
                    "text_id": 53,
                    "uid": 51
                }
            ],
            "text_id": 54
        }
    ],
    "lines_width": 9,
    "name": "svjat-brov",
    "name_text_id": 18,
    "stations_diameter": 16.0,
    "transfers": [
        [
            10,
            25,
            [
                220,
                460
            ],
            [
                200,
                460
            ]
        ],
        [
            39,
            9,
            [
                200,
                420
            ],
            [
                220,
                420
            ]
        ],
        [
            26,
            40,
            null,
            null
        ]
    ],
    "transports": [
        "metro",
        "train"
    ],
    "type_name": "Метро",
    "type_text_id": 354,
    "upper_case": true,
    "width": 370,
    "word_wrap": false
}