{
    "lines": [
        {
            "delays": [],
            "name": "1",
            "scheme": null,
            "segments": [
                [
                    0,
                    1,
                    120
                ],
                [
                    1,
                    0,
                    120
                ],
                [
                    1,
                    2,
                    120
                ],
                [
                    2,
                    1,
                    120
                ],
                [
                    2,
                    3,
                    120
                ],
                [
                    3,
                    2,
                    120
                ],
                [
                    3,
                    4,
                    120
                ],
                [
                    4,
                    3,
                    120
                ],
                [
                    4,
                    5,
                    120
                ],
                [
                    5,
                    4,
                    120
                ],
                [
                    5,
                    6,
                    120
                ],
                [
                    6,
                    5,
                    120
                ],
                [
                    6,
                    7,
                    120
                ],
                [
                    7,
                    6,
                    120
                ],
                [
                    7,
                    8,
                    120
                ],
                [
                    8,
                    7,
                    120
                ],
                [
                    8,
                    9,
                    120
                ],
                [
                    9,
                    8,
                    120
                ],
                [
                    9,
                    10,
                    120
                ],
                [
                    10,
                    9,
                    120
                ],
                [
                    10,
                    11,
                    120
                ],
                [
                    11,
                    10,
                    120
                ],
                [
                    11,
                    12,
                    120
                ],
                [
                    12,
                    11,
                    120
                ],
                [
                    12,
                    13,
                    120
                ],
                [
                    13,
                    12,
                    120
                ],
                [
                    13,
                    14,
                    120
                ],
                [
                    14,
                    13,
                    120
                ]
            ],
            "stations": [
                [
                    0,
                    "J. F. Kennedy",
                    0
                ],
                [
                    1,
                    "Villejean Universite",
                    1
                ],
                [
                    2,
                    "Pontchaillou",
                    2
                ],
                [
                    3,
                    "Anatole France",
                    3
                ],
                [
                    4,
                    "Sainte Anne",
                    4
                ],
                [
                    5,
                    "Republique",
                    5
                ],
                [
                    6,
                    "Charles de Gaulle",
                    6
                ],
                [
                    7,
                    "Gares",
                    7
                ],
                [
                    8,
                    "Jacques Cartier",
                    8
                ],
                [
                    9,
                    "Clemenceau",
                    9
                ],
                [
                    10,
                    "Henri Freville",
                    10
                ],
                [
                    11,
                    "Italie",
                    11
                ],
                [
                    12,
                    "Triangle",
                    12
                ],
                [
                    13,
                    "Le Blosne",
                    13
                ],
                [
                    14,
                    "La Poterie",
                    14
                ]
            ],
            "text_id": 15
        }
    ],
    "name": "metro",
    "transfers": [],
    "type_name": "Метро"
}