{
    "0": "Langwasser Sud",
    "1": "Gemeinschaftshaus",
    "2": "Langwasser Mitte",
    "3": "Scharfreiterring",
    "4": "Langwasser Nord",
    "5": "Messe",
    "6": "Bauernfeindstrasse",
    "7": "Hasenbuck",
    "8": "Frankenstrasse",
    "9": "Maffeiplatz",
    "10": "Aufsessplatz",
    "11": "Nurnberg Hauptbahnhof",
    "12": "Lorenzkirche",
    "13": "Weisser Turm",
    "14": "Plarrer",
    "15": "Gostenhof",
    "16": "Barenschanze",
    "17": "Maximilianstrasse",
    "18": "Eberhardshof",
    "19": "Muggenhof",
    "20": "Stadtgrenze",
    "21": "Jakobinenstrasse",
    "22": "Furth Hauptbahnhof",
    "23": "Rathaus",
    "24": "Stadthalle",
    "25": "Klinikum",
    "26": "HardHohe",
    "27": "U1",
    "28": "Rothenbach",
    "29": "Hohe Marter",
    "30": "Schweinau",
    "31": "Sankt Leonhard",
    "32": "Rothenburger Strasse",
    "33": "Opernhaus",
    "34": "Wohrder Wiese",
    "35": "Rathenauplatz",
    "36": "Rennweg",
    "37": "Schoppershof",
    "38": "Nordostbahnhof",
    "39": "Herrnhutte",
    "40": "Ziegelstein",
    "41": "Flughafen",
    "42": "U2",
    "43": "Gustav-Adolf-Strasse",
    "44": "Sundersbuhl",
    "45": "Maxfeld",
    "46": "Kaulbach-platz",
    "47": "Friedrich-Ebert-Platz",
    "48": "U3",
    "49": "Metro",
    "50": "ROOT",
    "51": "Shema ot 09.06.2013g.\nAvtor: Varlamov Dmitrij (www.chpeks.com)",
    "52": "Imported from http://pmetro.su"
}