{
    "city_id": 4726311,
    "comments_text_id": 60,
    "default_locale": "ru",
    "delays": [
        {
            "ranges": [
                "08:00-20:00"
            ],
            "type": "day",
            "weekdays": null
        },
        {
            "ranges": [
                "20:00-24:00",
                "00:00-05:00"
            ],
            "type": "night",
            "weekdays": null
        }
    ],
    "description_text_id": 59,
    "file": "San-Diego.zip",
    "latitude": 27.76391,
    "locales": [
        "ru",
        "en"
    ],
    "longitude": -98.2389,
    "map_id": "San-Diego.zip",
    "schemes": [
        {
            "default_transports": [
                "metro"
            ],
            "file": "schemes/metro.json",
            "name": "metro",
            "name_text_id": 57,
            "root": true,
            "transports": [
                "metro"
            ],
            "type_name": "ROOT",
            "type_text_id": 58
        }
    ],
    "timestamp": 1390694400.0,
    "transport_types": [
        "Трамвай"
    ],
    "transports": [
        {
            "file": "transports/metro.json",
            "name": "metro",
            "type": "Трамвай"
        }
    ]
}