{
    "0": "Tajrish",
    "1": "Gheytariyeh",
    "2": "Shahid Sadr",
    "3": "Gholhak",
    "4": "Doctor Shari’ati",
    "5": "Mirdamad",
    "6": "Shahid Haghani",
    "7": "Shahid Hemmat",
    "8": "Mosalla",
    "9": "Shahid Beheshti",
    "10": "Shahid Mofatteh",
    "11": "Haft-e-tir",
    "12": "Taleghani",
    "13": "Darvazeh Dowlat",
    "14": "Saadi",
    "15": "Emam Khomeini",
    "16": "Panzdah-e Khordad",
    "17": "Khayam",
    "18": "Meydan-e Mohammadiyeh",
    "19": "Shoush",
    "20": "Terminal-e-Jonoob",
    "21": "Shahid Bokharaei",
    "22": "Ali Abad",
    "23": "Javanmard-e Ghassab",
    "24": "Shahr-e-Rey",
    "25": "Palayeshgah",
    "26": "Shahed-Bagher Shahr",
    "27": "Haram-e Motahhar-e Emam Khomeini",
    "28": "Kahrizak",
    "29": "Namayeshgah-e Shahr-e Aftab",
    "30": "Vavan",
    "31": "Emam Khomeini Airport",
    "32": "Shahr-e Parand",
    "33": "1",
    "34": "Farhangsara",
    "35": "Tehranpars",
    "36": "Shahid Bagheri",
    "37": "Daneshgah-e Elm-o San’at",
    "38": "Sarsabz",
    "39": "Janbazan",
    "40": "Fadak",
    "41": "Sabalan",
    "42": "Shahid Madani",
    "43": "Emam Hossein",
    "44": "Darvazeh Shemiran",
    "45": "Baharestan",
    "46": "Mellat",
    "47": "Hasan Abad",
    "48": "Daneshgah-e Emam Ali",
    "49": "Meydan-e-Hor",
    "50": "Shahid Navab-e Safavi",
    "51": "Shademan",
    "52": "Daneshgah-e Sharif",
    "53": "Tarasht",
    "54": "Tehran/Sadeghiyeh",
    "55": "2",
    "56": "Gha’em",
    "57": "Shahid Mahallati",
    "58": "Aghdasiyeh",
    "59": "Nobonyad",
    "60": "Hossein Abad",
    "61": "Meydan-e Heravi",
    "62": "Shahid Zeynoddin",
    "63": "Khajeh Abdollah-e Ansari",
    "64": "Shahid Sayyad-e Shirazi",
    "65": "Shahid Ghodousi",
    "66": "Sohrevardi",
    "67": "Mirza-ye Shirazi",
    "68": "Meydan-e Jahad",
    "69": "Meydan-e Hazrat-e Vali Asr",
    "70": "Teatr-e Shahr",
    "71": "Moniriyeh",
    "72": "Mahdiyeh",
    "73": "Rahahan",
    "74": "Javadiyeh",
    "75": "Zamzam",
    "76": "Shahrak-e Shari’ati",
    "77": "Abdol Abad",
    "78": "Ne’mat Abad",
    "79": "Azadegan",
    "80": "3",
    "81": "Eram-e Sabz",
    "82": "Shahrk-e Ekbatan",
    "83": "Bimeh",
    "84": "Meydan-e Azadi",
    "85": "Ostad Mo’in",
    "86": "Doctor Habibollah",
    "87": "Towhid",
    "88": "Meydan-e Enghelab-e Eslami",
    "89": "Ferdowsi",
    "90": "Meydan-e Shohada",
    "91": "Ebn-e Sina",
    "92": "Pirouzi",
    "93": "Nabard",
    "94": "Nirou Havaei",
    "95": "Shahid Kolahdouz",
    "96": "Mehrabad Airport Terminal 1&2",
    "97": "Mehrabad Airport Terminal 4&6",
    "98": "4",
    "99": "Varzeshgah-e Azadi",
    "100": "Chitgar",
    "101": "Iran Khodro",
    "102": "Vardavard",
    "103": "Garmdarreh",
    "104": "Atmosfer",
    "105": "Karaj",
    "106": "Mohammad Shahr",
    "107": "Golshahr",
    "108": "5",
    "109": "Kouhsar",
    "110": "Shohada-ye Kan",
    "111": "Shahran",
    "112": "Shahr-e Ziba",
    "113": "Ayatollah Kashani",
    "114": "Shahid Sattari",
    "115": "Shahid Ashrafi Esfahani",
    "116": "Yadegar-e Emam",
    "117": "Marzdaran",
    "118": "Shahrak-e Azmayesh",
    "119": "Daneshgah-e Tarbiat Modarres",
    "120": "Karegar",
    "121": "Boostan-e Laleh",
    "122": "Shahid Nejatollahi",
    "123": "Shohada-ye Haftom-e Tir",
    "124": "Bahar Shiraz",
    "125": "Sarbaz",
    "126": "Amir Kabir",
    "127": "Shohada-ye Hefdah-e Shahrivar",
    "128": "Meydan-e Khorasan",
    "129": "Shahid Rezaei",
    "130": "Be’sat",
    "131": "Kiyan Shahr",
    "132": "Dowlat Abad",
    "133": "Cheshmeh Ali",
    "134": "Ebn-e Babviyeh",
    "135": "Meydan-e Hazrat-e Abdol Azim",
    "136": "Haram-e Hazrat-e Abdol Azim",
    "137": "6",
    "138": "Meydan-e Ketab",
    "139": "Shahid Dadman",
    "140": "Meydan-e San’at",
    "141": "Borj-e Milad-e Tehran",
    "142": "Boostan-e Goftegou",
    "143": "Bagher Khan",
    "144": "Roudaki",
    "145": "Komeyl",
    "146": "Beryanak",
    "147": "Helal Ahmar",
    "148": "Mowlavi",
    "149": "Meydan-e Ghiyam",
    "150": "Bozorgrah-e Shahid Mahallati",
    "151": "Ahang",
    "152": "Basij",
    "153": "Varzeshgah-e Takhti",
    "154": "7",
    "155": "Metro",
    "156": "ROOT",
    "157": "Shema ot 24.08.2019g.\nAvtor: Dmitrij Varlamov\nInformatsija vzjata s sajtov www.urbanrail.net i metro.tehran.ir",
    "158": "Imported from http://pmetro.su"
}