{
    "lines": [
        {
            "delays": [
                240,
                720
            ],
            "name": "Ringlijn",
            "scheme": "ringlijn",
            "segments": [
                [
                    0,
                    1,
                    120
                ],
                [
                    1,
                    0,
                    120
                ],
                [
                    1,
                    2,
                    120
                ],
                [
                    2,
                    1,
                    120
                ],
                [
                    2,
                    3,
                    120
                ],
                [
                    3,
                    2,
                    120
                ],
                [
                    3,
                    4,
                    120
                ],
                [
                    4,
                    3,
                    120
                ],
                [
                    4,
                    5,
                    120
                ],
                [
                    5,
                    4,
                    120
                ],
                [
                    5,
                    6,
                    120
                ],
                [
                    6,
                    5,
                    120
                ],
                [
                    6,
                    7,
                    120
                ],
                [
                    7,
                    6,
                    120
                ],
                [
                    7,
                    8,
                    120
                ],
                [
                    8,
                    7,
                    120
                ],
                [
                    8,
                    9,
                    120
                ],
                [
                    9,
                    8,
                    120
                ],
                [
                    9,
                    10,
                    120
                ],
                [
                    10,
                    9,
                    120
                ],
                [
                    10,
                    11,
                    120
                ],
                [
                    11,
                    10,
                    120
                ],
                [
                    11,
                    12,
                    120
                ],
                [
                    12,
                    11,
                    120
                ],
                [
                    12,
                    13,
                    120
                ],
                [
                    13,
                    12,
                    120
                ],
                [
                    13,
                    14,
                    120
                ],
                [
                    14,
                    13,
                    120
                ],
                [
                    14,
                    15,
                    120
                ],
                [
                    15,
                    14,
                    120
                ],
                [
                    15,
                    16,
                    120
                ],
                [
                    16,
                    15,
                    120
                ],
                [
                    16,
                    17,
                    120
                ],
                [
                    17,
                    16,
                    120
                ],
                [
                    17,
                    18,
                    120
                ],
                [
                    18,
                    17,
                    120
                ],
                [
                    18,
                    19,
                    120
                ],
                [
                    19,
                    18,
                    120
                ]
            ],
            "stations": [
                [
                    0,
                    "Gein",
                    0
                ],
                [
                    1,
                    "Reigersbos",
                    1
                ],
                [
                    2,
                    "Holendrecht",
                    2
                ],
                [
                    3,
                    "Bullewijk",
                    3
                ],
                [
                    4,
                    "Bijlmer",
                    4
                ],
                [
                    5,
                    "Strandvliet/Arena",
                    5
                ],
                [
                    6,
                    "Duivendrecht",
                    6
                ],
                [
                    7,
                    "Van der Madeweg",
                    7
                ],
                [
                    8,
                    "Overamstel",
                    8
                ],
                [
                    9,
                    "RAI",
                    9
                ],
                [
                    10,
                    "Zuid/WTC",
                    10
                ],
                [
                    11,
                    "Amstelveenseweg",
                    11
                ],
                [
                    12,
                    "Henk Sneevlietweg",
                    12
                ],
                [
                    13,
                    "Heemstedestraat",
                    13
                ],
                [
                    14,
                    "Lelylaan",
                    14
                ],
                [
                    15,
                    "Postjesweg",
                    15
                ],
                [
                    16,
                    "Jan van Galenstraat",
                    16
                ],
                [
                    17,
                    "de Vlugtlaan",
                    17
                ],
                [
                    18,
                    "Sloterdijk",
                    18
                ],
                [
                    19,
                    "Isolatorweg",
                    19
                ]
            ],
            "text_id": 20
        },
        {
            "delays": [
                240,
                720
            ],
            "name": "Amstelveenlijn",
            "scheme": "amstelveenlijn",
            "segments": [
                [
                    20,
                    21,
                    120
                ],
                [
                    21,
                    20,
                    120
                ],
                [
                    21,
                    22,
                    120
                ],
                [
                    22,
                    21,
                    120
                ],
                [
                    22,
                    23,
                    120
                ],
                [
                    23,
                    22,
                    120
                ],
                [
                    23,
                    24,
                    120
                ],
                [
                    24,
                    23,
                    120
                ],
                [
                    24,
                    25,
                    120
                ],
                [
                    25,
                    24,
                    120
                ],
                [
                    25,
                    26,
                    120
                ],
                [
                    26,
                    25,
                    120
                ],
                [
                    26,
                    27,
                    120
                ],
                [
                    27,
                    26,
                    120
                ],
                [
                    27,
                    28,
                    120
                ],
                [
                    28,
                    27,
                    120
                ],
                [
                    28,
                    29,
                    120
                ],
                [
                    29,
                    28,
                    120
                ],
                [
                    29,
                    30,
                    120
                ],
                [
                    30,
                    29,
                    120
                ],
                [
                    30,
                    31,
                    120
                ],
                [
                    31,
                    30,
                    120
                ],
                [
                    31,
                    32,
                    120
                ],
                [
                    32,
                    31,
                    120
                ],
                [
                    32,
                    33,
                    120
                ],
                [
                    33,
                    32,
                    120
                ],
                [
                    33,
                    34,
                    120
                ],
                [
                    34,
                    33,
                    120
                ],
                [
                    34,
                    35,
                    120
                ],
                [
                    35,
                    34,
                    120
                ],
                [
                    35,
                    36,
                    120
                ],
                [
                    36,
                    35,
                    120
                ],
                [
                    36,
                    37,
                    120
                ],
                [
                    37,
                    36,
                    120
                ],
                [
                    37,
                    38,
                    120
                ],
                [
                    38,
                    37,
                    120
                ],
                [
                    38,
                    39,
                    120
                ],
                [
                    39,
                    38,
                    120
                ],
                [
                    39,
                    40,
                    120
                ],
                [
                    40,
                    39,
                    120
                ],
                [
                    40,
                    41,
                    120
                ],
                [
                    41,
                    40,
                    120
                ],
                [
                    41,
                    42,
                    120
                ],
                [
                    42,
                    41,
                    120
                ],
                [
                    42,
                    43,
                    120
                ],
                [
                    43,
                    42,
                    120
                ],
                [
                    43,
                    44,
                    120
                ],
                [
                    44,
                    43,
                    120
                ],
                [
                    44,
                    45,
                    120
                ],
                [
                    45,
                    44,
                    120
                ],
                [
                    45,
                    46,
                    120
                ],
                [
                    46,
                    45,
                    120
                ],
                [
                    46,
                    47,
                    120
                ],
                [
                    47,
                    46,
                    120
                ],
                [
                    47,
                    48,
                    120
                ],
                [
                    48,
                    47,
                    120
                ]
            ],
            "stations": [
                [
                    20,
                    "Westwijk",
                    21
                ],
                [
                    21,
                    "Sacharovlaan",
                    22
                ],
                [
                    22,
                    "Spinnerij",
                    23
                ],
                [
                    23,
                    "Poortwachter",
                    24
                ],
                [
                    24,
                    "Brink",
                    25
                ],
                [
                    25,
                    "Meent",
                    26
                ],
                [
                    26,
                    "Gondel",
                    27
                ],
                [
                    27,
                    "Marne",
                    28
                ],
                [
                    28,
                    "Sportlaan",
                    29
                ],
                [
                    29,
                    "Ouderkerkerlaan",
                    30
                ],
                [
                    30,
                    "Amstelveen Centrum",
                    31
                ],
                [
                    31,
                    "Oranjebaan",
                    32
                ],
                [
                    32,
                    "Onderuit",
                    33
                ],
                [
                    33,
                    "Zonnestein",
                    34
                ],
                [
                    34,
                    "Kronenburg",
                    35
                ],
                [
                    35,
                    "Uilenstede",
                    36
                ],
                [
                    36,
                    "van Boshuizenstraat",
                    37
                ],
                [
                    37,
                    "A.J. Ernststraat",
                    38
                ],
                [
                    38,
                    "Vrij Universiteit",
                    39
                ],
                [
                    39,
                    "Zuid/WTC",
                    10
                ],
                [
                    40,
                    "RAI",
                    9
                ],
                [
                    41,
                    "Overamstel",
                    8
                ],
                [
                    42,
                    "Spaklerweg",
                    40
                ],
                [
                    43,
                    "Amstel",
                    41
                ],
                [
                    44,
                    "Wibautstraat",
                    42
                ],
                [
                    45,
                    "Weesperplein",
                    43
                ],
                [
                    46,
                    "Waterlooplein",
                    44
                ],
                [
                    47,
                    "Nieuwmarkt",
                    45
                ],
                [
                    48,
                    "Centraal Station",
                    46
                ]
            ],
            "text_id": 47
        },
        {
            "delays": [
                240,
                720
            ],
            "name": "Gaasperplaslijn",
            "scheme": "gaasperplaslijn",
            "segments": [
                [
                    49,
                    50,
                    120
                ],
                [
                    50,
                    49,
                    120
                ],
                [
                    50,
                    51,
                    120
                ],
                [
                    51,
                    50,
                    120
                ],
                [
                    51,
                    52,
                    120
                ],
                [
                    52,
                    51,
                    120
                ],
                [
                    52,
                    53,
                    120
                ],
                [
                    53,
                    52,
                    120
                ],
                [
                    53,
                    54,
                    120
                ],
                [
                    54,
                    53,
                    120
                ],
                [
                    54,
                    55,
                    120
                ],
                [
                    55,
                    54,
                    120
                ],
                [
                    55,
                    56,
                    120
                ],
                [
                    56,
                    55,
                    120
                ],
                [
                    56,
                    57,
                    120
                ],
                [
                    57,
                    56,
                    120
                ],
                [
                    57,
                    58,
                    120
                ],
                [
                    58,
                    57,
                    120
                ],
                [
                    58,
                    59,
                    120
                ],
                [
                    59,
                    58,
                    120
                ],
                [
                    59,
                    60,
                    120
                ],
                [
                    60,
                    59,
                    120
                ],
                [
                    60,
                    61,
                    120
                ],
                [
                    61,
                    60,
                    120
                ],
                [
                    61,
                    62,
                    120
                ],
                [
                    62,
                    61,
                    120
                ]
            ],
            "stations": [
                [
                    49,
                    "Gaasperplas",
                    48
                ],
                [
                    50,
                    "Kraaiennest",
                    49
                ],
                [
                    51,
                    "Ganzenhoef",
                    50
                ],
                [
                    52,
                    "Verrijn Stuartweg",
                    51
                ],
                [
                    53,
                    "Diemen Zuid",
                    52
                ],
                [
                    54,
                    "Venserpolder",
                    53
                ],
                [
                    55,
                    "Van der Madeweg",
                    7
                ],
                [
                    56,
                    "Spaklerweg",
                    40
                ],
                [
                    57,
                    "Amstel",
                    41
                ],
                [
                    58,
                    "Wibautstraat",
                    42
                ],
                [
                    59,
                    "Weesperplein",
                    43
                ],
                [
                    60,
                    "Waterlooplein",
                    44
                ],
                [
                    61,
                    "Nieuwmarkt",
                    45
                ],
                [
                    62,
                    "Centraal Station",
                    46
                ]
            ],
            "text_id": 54
        },
        {
            "delays": [
                240,
                720
            ],
            "name": "Geinlijn",
            "scheme": "geinlijn",
            "segments": [
                [
                    63,
                    64,
                    120
                ],
                [
                    64,
                    63,
                    120
                ],
                [
                    64,
                    65,
                    120
                ],
                [
                    65,
                    64,
                    120
                ],
                [
                    65,
                    66,
                    120
                ],
                [
                    66,
                    65,
                    120
                ],
                [
                    66,
                    67,
                    120
                ],
                [
                    67,
                    66,
                    120
                ],
                [
                    67,
                    68,
                    120
                ],
                [
                    68,
                    67,
                    120
                ],
                [
                    68,
                    69,
                    120
                ],
                [
                    69,
                    68,
                    120
                ],
                [
                    69,
                    70,
                    120
                ],
                [
                    70,
                    69,
                    120
                ],
                [
                    70,
                    71,
                    120
                ],
                [
                    71,
                    70,
                    120
                ],
                [
                    71,
                    72,
                    120
                ],
                [
                    72,
                    71,
                    120
                ],
                [
                    72,
                    73,
                    120
                ],
                [
                    73,
                    72,
                    120
                ],
                [
                    73,
                    74,
                    120
                ],
                [
                    74,
                    73,
                    120
                ],
                [
                    74,
                    75,
                    120
                ],
                [
                    75,
                    74,
                    120
                ],
                [
                    75,
                    76,
                    120
                ],
                [
                    76,
                    75,
                    120
                ],
                [
                    76,
                    77,
                    120
                ],
                [
                    77,
                    76,
                    120
                ]
            ],
            "stations": [
                [
                    63,
                    "Gein",
                    0
                ],
                [
                    64,
                    "Reigersbos",
                    1
                ],
                [
                    65,
                    "Holendrecht",
                    2
                ],
                [
                    66,
                    "Bullewijk",
                    3
                ],
                [
                    67,
                    "Bijlmer",
                    4
                ],
                [
                    68,
                    "Strandvliet/Arena",
                    5
                ],
                [
                    69,
                    "Duivendrecht",
                    6
                ],
                [
                    70,
                    "Van der Madeweg",
                    7
                ],
                [
                    71,
                    "Spaklerweg",
                    40
                ],
                [
                    72,
                    "Amstel",
                    41
                ],
                [
                    73,
                    "Wibautstraat",
                    42
                ],
                [
                    74,
                    "Weesperplein",
                    43
                ],
                [
                    75,
                    "Waterlooplein",
                    44
                ],
                [
                    76,
                    "Nieuwmarkt",
                    45
                ],
                [
                    77,
                    "Centraal Station",
                    46
                ]
            ],
            "text_id": 55
        }
    ],
    "name": "metro",
    "transfers": [
        [
            0,
            63,
            120,
            true
        ],
        [
            1,
            64,
            120,
            true
        ],
        [
            2,
            65,
            120,
            true
        ],
        [
            3,
            66,
            120,
            true
        ],
        [
            4,
            67,
            120,
            true
        ],
        [
            5,
            68,
            120,
            true
        ],
        [
            6,
            69,
            120,
            true
        ],
        [
            7,
            55,
            120,
            true
        ],
        [
            7,
            70,
            120,
            true
        ],
        [
            8,
            41,
            120,
            true
        ],
        [
            9,
            40,
            120,
            true
        ],
        [
            10,
            39,
            120,
            true
        ],
        [
            42,
            56,
            120,
            true
        ],
        [
            42,
            71,
            120,
            true
        ],
        [
            43,
            57,
            120,
            true
        ],
        [
            43,
            72,
            120,
            true
        ],
        [
            44,
            58,
            120,
            true
        ],
        [
            44,
            73,
            120,
            true
        ],
        [
            45,
            59,
            120,
            true
        ],
        [
            45,
            74,
            120,
            true
        ],
        [
            46,
            60,
            120,
            true
        ],
        [
            46,
            75,
            120,
            true
        ],
        [
            47,
            61,
            120,
            true
        ],
        [
            47,
            76,
            120,
            true
        ],
        [
            48,
            62,
            120,
            true
        ],
        [
            48,
            77,
            120,
            true
        ],
        [
            55,
            70,
            120,
            true
        ],
        [
            56,
            71,
            120,
            true
        ],
        [
            57,
            72,
            120,
            true
        ],
        [
            58,
            73,
            120,
            true
        ],
        [
            59,
            74,
            120,
            true
        ],
        [
            60,
            75,
            120,
            true
        ],
        [
            61,
            76,
            120,
            true
        ],
        [
            62,
            77,
            120,
            true
        ]
    ],
    "type_name": "Метро"
}