{
    "default_transports": [
        "metro"
    ],
    "height": 1095,
    "images": [
        "res/schemes/orel.svg"
    ],
    "is_vector": true,
    "lines": [
        {
            "labels_bg_color": "-1",
            "labels_color": "696969",
            "line_color": "696969",
            "line_width": 7,
            "name": "Трамвай № 1",
            "segments": [
                [
                    0,
                    1,
                    [
                        [
                            155,
                            75
                        ],
                        [
                            75,
                            65
                        ]
                    ],
                    true
                ],
                [
                    1,
                    2,
                    [
                        [
                            155,
                            110
                        ],
                        [
                            171.0,
                            77.0
                        ],
                        [
                            155,
                            75
                        ]
                    ],
                    true
                ],
                [
                    2,
                    3,
                    [
                        [
                            135,
                            155
                        ],
                        [
                            155,
                            110
                        ]
                    ],
                    true
                ],
                [
                    3,
                    4,
                    [
                        [
                            130,
                            235
                        ],
                        [
                            100.0,
                            230.0
                        ],
                        [
                            135,
                            155
                        ]
                    ],
                    true
                ],
                [
                    4,
                    5,
                    [
                        [
                            225,
                            255
                        ],
                        [
                            130,
                            235
                        ]
                    ],
                    true
                ],
                [
                    5,
                    6,
                    [
                        [
                            235,
                            270
                        ],
                        [
                            241.0,
                            258.0
                        ],
                        [
                            225,
                            255
                        ]
                    ],
                    true
                ],
                [
                    6,
                    7,
                    [
                        [
                            215,
                            315
                        ],
                        [
                            235,
                            270
                        ]
                    ],
                    true
                ],
                [
                    7,
                    8,
                    [
                        [
                            195,
                            360
                        ],
                        [
                            215,
                            315
                        ]
                    ],
                    true
                ],
                [
                    8,
                    9,
                    [
                        [
                            180,
                            395
                        ],
                        [
                            195,
                            360
                        ]
                    ],
                    true
                ],
                [
                    9,
                    10,
                    [
                        [
                            160,
                            440
                        ],
                        [
                            180,
                            395
                        ]
                    ],
                    true
                ],
                [
                    10,
                    11,
                    [
                        [
                            140,
                            485
                        ],
                        [
                            160,
                            440
                        ]
                    ],
                    true
                ],
                [
                    11,
                    12,
                    [
                        [
                            125,
                            520
                        ],
                        [
                            140,
                            485
                        ]
                    ],
                    true
                ],
                [
                    12,
                    13,
                    [
                        [
                            85,
                            570
                        ],
                        [
                            75.0,
                            560.0
                        ],
                        [
                            125,
                            520
                        ]
                    ],
                    true
                ],
                [
                    13,
                    14,
                    [
                        [
                            80,
                            630
                        ],
                        [
                            95.0,
                            580.0
                        ],
                        [
                            85,
                            570
                        ]
                    ],
                    true
                ],
                [
                    14,
                    15,
                    [
                        [
                            180,
                            650
                        ],
                        [
                            66.0,
                            672.0
                        ],
                        [
                            80,
                            630
                        ]
                    ],
                    true
                ],
                [
                    15,
                    16,
                    [
                        [
                            225,
                            680
                        ],
                        [
                            180,
                            650
                        ]
                    ],
                    true
                ],
                [
                    16,
                    17,
                    [
                        [
                            260,
                            705
                        ],
                        [
                            225,
                            680
                        ]
                    ],
                    true
                ],
                [
                    17,
                    18,
                    [
                        [
                            310,
                            740
                        ],
                        [
                            260,
                            705
                        ]
                    ],
                    true
                ],
                [
                    18,
                    19,
                    [
                        [
                            365,
                            780
                        ],
                        [
                            310,
                            740
                        ]
                    ],
                    true
                ],
                [
                    19,
                    20,
                    [
                        [
                            405,
                            850
                        ],
                        [
                            395.0,
                            802.0
                        ],
                        [
                            365,
                            780
                        ]
                    ],
                    true
                ]
            ],
            "stations": [
                {
                    "coord": [
                        75,
                        65
                    ],
                    "is_working": true,
                    "name": "Ж/д вокзал",
                    "rect": [
                        56,
                        18,
                        59,
                        15
                    ],
                    "text_id": 0,
                    "uid": 0
                },
                {
                    "coord": [
                        155,
                        75
                    ],
                    "is_working": true,
                    "name": "Грузовой двор",
                    "rect": [
                        152,
                        29,
                        77,
                        15
                    ],
                    "text_id": 1,
                    "uid": 1
                },
                {
                    "coord": [
                        155,
                        110
                    ],
                    "is_working": true,
                    "name": "ул. Ляшко",
                    "rect": [
                        187,
                        105,
                        54,
                        15
                    ],
                    "text_id": 2,
                    "uid": 2
                },
                {
                    "coord": [
                        135,
                        155
                    ],
                    "is_working": true,
                    "name": "ул. Гаражная",
                    "rect": [
                        167,
                        152,
                        70,
                        15
                    ],
                    "text_id": 3,
                    "uid": 3
                },
                {
                    "coord": [
                        130,
                        235
                    ],
                    "is_working": true,
                    "name": "з-д им. Медведева",
                    "rect": [
                        22,
                        237,
                        99,
                        15
                    ],
                    "text_id": 4,
                    "uid": 4
                },
                {
                    "coord": [
                        225,
                        255
                    ],
                    "is_working": true,
                    "name": "ул. Старо-московская1",
                    "rect": [
                        99,
                        256,
                        115,
                        15
                    ],
                    "text_id": 5,
                    "uid": 5
                },
                {
                    "coord": [
                        235,
                        270
                    ],
                    "is_working": true,
                    "name": "ул. Старо-московская2",
                    "rect": [
                        108,
                        274,
                        115,
                        15
                    ],
                    "text_id": 5,
                    "uid": 6
                },
                {
                    "coord": [
                        215,
                        315
                    ],
                    "is_working": true,
                    "name": "ул. 3-я Курская",
                    "rect": [
                        118,
                        308,
                        80,
                        15
                    ],
                    "text_id": 6,
                    "uid": 7
                },
                {
                    "coord": [
                        195,
                        360
                    ],
                    "is_working": true,
                    "name": "Сквер Танкистов",
                    "rect": [
                        229,
                        355,
                        88,
                        15
                    ],
                    "text_id": 7,
                    "uid": 8
                },
                {
                    "coord": [
                        180,
                        395
                    ],
                    "is_working": true,
                    "name": "пл. Маркса",
                    "rect": [
                        213,
                        389,
                        59,
                        15
                    ],
                    "text_id": 8,
                    "uid": 9
                },
                {
                    "coord": [
                        160,
                        440
                    ],
                    "is_working": true,
                    "name": "ул. 1-я Посадская",
                    "rect": [
                        194,
                        435,
                        95,
                        15
                    ],
                    "text_id": 9,
                    "uid": 10
                },
                {
                    "coord": [
                        140,
                        485
                    ],
                    "is_working": true,
                    "name": "ул. Панчука",
                    "rect": [
                        173,
                        479,
                        64,
                        15
                    ],
                    "text_id": 10,
                    "uid": 11
                },
                {
                    "coord": [
                        125,
                        520
                    ],
                    "is_working": true,
                    "name": "ул. Садово-Пушкарная",
                    "rect": [
                        157,
                        516,
                        121,
                        15
                    ],
                    "text_id": 11,
                    "uid": 12
                },
                {
                    "coord": [
                        85,
                        570
                    ],
                    "is_working": true,
                    "name": "ф-ка \"Восход\"",
                    "rect": [
                        118,
                        557,
                        77,
                        15
                    ],
                    "text_id": 12,
                    "uid": 13
                },
                {
                    "coord": [
                        80,
                        630
                    ],
                    "is_working": true,
                    "name": "Карачаевское шоссе",
                    "rect": [
                        117,
                        607,
                        109,
                        15
                    ],
                    "text_id": 13,
                    "uid": 14
                },
                {
                    "coord": [
                        180,
                        650
                    ],
                    "is_working": true,
                    "name": "Автовокзал",
                    "rect": [
                        224,
                        638,
                        62,
                        15
                    ],
                    "text_id": 14,
                    "uid": 15
                },
                {
                    "coord": [
                        225,
                        680
                    ],
                    "is_working": true,
                    "name": "Магазин \"Уют\"",
                    "rect": [
                        268,
                        669,
                        77,
                        15
                    ],
                    "text_id": 15,
                    "uid": 16
                },
                {
                    "coord": [
                        260,
                        705
                    ],
                    "is_working": true,
                    "name": "Ботаника",
                    "rect": [
                        304,
                        694,
                        50,
                        15
                    ],
                    "text_id": 16,
                    "uid": 17
                },
                {
                    "coord": [
                        310,
                        740
                    ],
                    "is_working": true,
                    "name": "Магазин \"Стрела\"",
                    "rect": [
                        357,
                        730,
                        95,
                        15
                    ],
                    "text_id": 17,
                    "uid": 18
                },
                {
                    "coord": [
                        365,
                        780
                    ],
                    "is_working": true,
                    "name": "ст. Цон",
                    "rect": [
                        410,
                        769,
                        39,
                        15
                    ],
                    "text_id": 18,
                    "uid": 19
                },
                {
                    "coord": [
                        405,
                        850
                    ],
                    "is_working": true,
                    "name": "з-д \"Дормаш\"",
                    "rect": [
                        321,
                        843,
                        72,
                        15
                    ],
                    "text_id": 19,
                    "uid": 20
                }
            ],
            "text_id": 20
        },
        {
            "labels_bg_color": "-1",
            "labels_color": "ffd700",
            "line_color": "ffd700",
            "line_width": 7,
            "name": "Трамвай № 2",
            "segments": [
                [
                    21,
                    22,
                    [
                        [
                            155,
                            65
                        ],
                        [
                            75,
                            55
                        ]
                    ],
                    true
                ],
                [
                    22,
                    23,
                    [
                        [
                            165,
                            110
                        ],
                        [
                            185.0,
                            69.0
                        ],
                        [
                            155,
                            65
                        ]
                    ],
                    true
                ],
                [
                    23,
                    24,
                    [
                        [
                            145,
                            155
                        ],
                        [
                            165,
                            110
                        ]
                    ],
                    true
                ],
                [
                    24,
                    25,
                    [
                        [
                            130,
                            225
                        ],
                        [
                            114.0,
                            222.0
                        ],
                        [
                            145,
                            155
                        ]
                    ],
                    true
                ],
                [
                    25,
                    26,
                    [
                        [
                            225,
                            245
                        ],
                        [
                            130,
                            225
                        ]
                    ],
                    true
                ],
                [
                    26,
                    27,
                    [
                        [
                            245,
                            270
                        ],
                        [
                            253.0,
                            251.0
                        ],
                        [
                            225,
                            245
                        ]
                    ],
                    true
                ],
                [
                    27,
                    28,
                    [
                        [
                            225,
                            315
                        ],
                        [
                            245,
                            270
                        ]
                    ],
                    true
                ],
                [
                    28,
                    29,
                    [
                        [
                            205,
                            360
                        ],
                        [
                            225,
                            315
                        ]
                    ],
                    true
                ],
                [
                    29,
                    30,
                    [
                        [
                            190,
                            395
                        ],
                        [
                            205,
                            360
                        ]
                    ],
                    true
                ],
                [
                    30,
                    31,
                    [
                        [
                            170,
                            440
                        ],
                        [
                            190,
                            395
                        ]
                    ],
                    true
                ],
                [
                    31,
                    32,
                    [
                        [
                            150,
                            485
                        ],
                        [
                            170,
                            440
                        ]
                    ],
                    true
                ],
                [
                    32,
                    33,
                    [
                        [
                            135,
                            520
                        ],
                        [
                            150,
                            485
                        ]
                    ],
                    true
                ],
                [
                    33,
                    34,
                    [
                        [
                            95,
                            570
                        ],
                        [
                            85.0,
                            560.0
                        ],
                        [
                            135,
                            520
                        ]
                    ],
                    true
                ],
                [
                    34,
                    35,
                    [
                        [
                            90,
                            630
                        ],
                        [
                            105.0,
                            580.0
                        ],
                        [
                            95,
                            570
                        ]
                    ],
                    true
                ],
                [
                    35,
                    36,
                    [
                        [
                            195,
                            650
                        ],
                        [
                            180.0,
                            640.0
                        ],
                        [
                            80.0,
                            660.0
                        ],
                        [
                            90,
                            630
                        ]
                    ],
                    true
                ],
                [
                    36,
                    37,
                    [
                        [
                            240,
                            680
                        ],
                        [
                            195,
                            650
                        ]
                    ],
                    true
                ],
                [
                    37,
                    38,
                    [
                        [
                            275,
                            705
                        ],
                        [
                            240,
                            680
                        ]
                    ],
                    true
                ],
                [
                    38,
                    39,
                    [
                        [
                            325,
                            740
                        ],
                        [
                            275,
                            705
                        ]
                    ],
                    true
                ],
                [
                    39,
                    40,
                    [
                        [
                            380,
                            780
                        ],
                        [
                            325,
                            740
                        ]
                    ],
                    true
                ],
                [
                    40,
                    41,
                    [
                        [
                            425,
                            830
                        ],
                        [
                            415.0,
                            805.0
                        ],
                        [
                            380,
                            780
                        ]
                    ],
                    true
                ],
                [
                    41,
                    42,
                    [
                        [
                            445,
                            875
                        ],
                        [
                            425,
                            830
                        ]
                    ],
                    true
                ],
                [
                    42,
                    43,
                    [
                        [
                            465,
                            920
                        ],
                        [
                            445,
                            875
                        ]
                    ],
                    true
                ],
                [
                    43,
                    44,
                    [
                        [
                            385,
                            935
                        ],
                        [
                            472.0,
                            935.0
                        ],
                        [
                            465,
                            920
                        ]
                    ],
                    true
                ],
                [
                    44,
                    45,
                    [
                        [
                            325,
                            935
                        ],
                        [
                            385,
                            935
                        ]
                    ],
                    true
                ],
                [
                    45,
                    46,
                    [
                        [
                            255,
                            935
                        ],
                        [
                            325,
                            935
                        ]
                    ],
                    true
                ]
            ],
            "stations": [
                {
                    "coord": [
                        75,
                        55
                    ],
                    "is_working": true,
                    "name": "Ж/д вокзал",
                    "rect": null,
                    "text_id": 0,
                    "uid": 21
                },
                {
                    "coord": [
                        155,
                        65
                    ],
                    "is_working": true,
                    "name": "Грузовой двор",
                    "rect": null,
                    "text_id": 1,
                    "uid": 22
                },
                {
                    "coord": [
                        165,
                        110
                    ],
                    "is_working": true,
                    "name": "ул. Ляшко",
                    "rect": null,
                    "text_id": 2,
                    "uid": 23
                },
                {
                    "coord": [
                        145,
                        155
                    ],
                    "is_working": true,
                    "name": "ул. Гаражная",
                    "rect": null,
                    "text_id": 3,
                    "uid": 24
                },
                {
                    "coord": [
                        130,
                        225
                    ],
                    "is_working": true,
                    "name": "з-д им. Медведева",
                    "rect": null,
                    "text_id": 4,
                    "uid": 25
                },
                {
                    "coord": [
                        225,
                        245
                    ],
                    "is_working": true,
                    "name": "ул. Старо-московская1",
                    "rect": null,
                    "text_id": 5,
                    "uid": 26
                },
                {
                    "coord": [
                        245,
                        270
                    ],
                    "is_working": true,
                    "name": "ул. Старо-московская2",
                    "rect": null,
                    "text_id": 5,
                    "uid": 27
                },
                {
                    "coord": [
                        225,
                        315
                    ],
                    "is_working": true,
                    "name": "ул. 3-я Курская",
                    "rect": null,
                    "text_id": 6,
                    "uid": 28
                },
                {
                    "coord": [
                        205,
                        360
                    ],
                    "is_working": true,
                    "name": "Сквер Танкистов",
                    "rect": null,
                    "text_id": 7,
                    "uid": 29
                },
                {
                    "coord": [
                        190,
                        395
                    ],
                    "is_working": true,
                    "name": "пл. Маркса",
                    "rect": null,
                    "text_id": 8,
                    "uid": 30
                },
                {
                    "coord": [
                        170,
                        440
                    ],
                    "is_working": true,
                    "name": "ул. 1-я Посадская",
                    "rect": null,
                    "text_id": 9,
                    "uid": 31
                },
                {
                    "coord": [
                        150,
                        485
                    ],
                    "is_working": true,
                    "name": "ул. Панчука",
                    "rect": null,
                    "text_id": 10,
                    "uid": 32
                },
                {
                    "coord": [
                        135,
                        520
                    ],
                    "is_working": true,
                    "name": "ул. Садово-Пушкарная",
                    "rect": null,
                    "text_id": 11,
                    "uid": 33
                },
                {
                    "coord": [
                        95,
                        570
                    ],
                    "is_working": true,
                    "name": "ф-ка \"Восход\"",
                    "rect": null,
                    "text_id": 12,
                    "uid": 34
                },
                {
                    "coord": [
                        90,
                        630
                    ],
                    "is_working": true,
                    "name": "Карачаевское шоссе",
                    "rect": null,
                    "text_id": 13,
                    "uid": 35
                },
                {
                    "coord": [
                        195,
                        650
                    ],
                    "is_working": true,
                    "name": "Автовокзал",
                    "rect": null,
                    "text_id": 14,
                    "uid": 36
                },
                {
                    "coord": [
                        240,
                        680
                    ],
                    "is_working": true,
                    "name": "Магазин \"Уют\"",
                    "rect": null,
                    "text_id": 15,
                    "uid": 37
                },
                {
                    "coord": [
                        275,
                        705
                    ],
                    "is_working": true,
                    "name": "Ботаника",
                    "rect": null,
                    "text_id": 16,
                    "uid": 38
                },
                {
                    "coord": [
                        325,
                        740
                    ],
                    "is_working": true,
                    "name": "Магазин \"Стрела\"",
                    "rect": null,
                    "text_id": 17,
                    "uid": 39
                },
                {
                    "coord": [
                        380,
                        780
                    ],
                    "is_working": true,
                    "name": "ст. Цон",
                    "rect": null,
                    "text_id": 18,
                    "uid": 40
                },
                {
                    "coord": [
                        425,
                        830
                    ],
                    "is_working": true,
                    "name": "з-д \"Дормаш\"",
                    "rect": [
                        447,
                        821,
                        72,
                        15
                    ],
                    "text_id": 19,
                    "uid": 41
                },
                {
                    "coord": [
                        445,
                        875
                    ],
                    "is_working": true,
                    "name": "з-д \"Стройиндустрия\"",
                    "rect": [
                        470,
                        866,
                        115,
                        15
                    ],
                    "text_id": 21,
                    "uid": 42
                },
                {
                    "coord": [
                        465,
                        920
                    ],
                    "is_working": true,
                    "name": "з-д \"Живмаш\"",
                    "rect": [
                        487,
                        913,
                        74,
                        15
                    ],
                    "text_id": 22,
                    "uid": 43
                },
                {
                    "coord": [
                        385,
                        935
                    ],
                    "is_working": true,
                    "name": "ул. Машиностроительная",
                    "rect": [
                        331,
                        956,
                        134,
                        15
                    ],
                    "text_id": 23,
                    "uid": 44
                },
                {
                    "coord": [
                        325,
                        935
                    ],
                    "is_working": true,
                    "name": "з-д \"Химмаш\"",
                    "rect": [
                        288,
                        909,
                        74,
                        15
                    ],
                    "text_id": 24,
                    "uid": 45
                },
                {
                    "coord": [
                        255,
                        935
                    ],
                    "is_working": true,
                    "name": "з-д \"ХТМ\"",
                    "rect": [
                        189,
                        933,
                        52,
                        15
                    ],
                    "text_id": 25,
                    "uid": 46
                }
            ],
            "text_id": 26
        },
        {
            "labels_bg_color": "-1",
            "labels_color": "556b2f",
            "line_color": "556b2f",
            "line_width": 7,
            "name": "Трамвай № 3",
            "segments": [
                [
                    47,
                    48,
                    [
                        [
                            415,
                            85
                        ],
                        [
                            450,
                            45
                        ]
                    ],
                    true
                ],
                [
                    48,
                    49,
                    [
                        [
                            370,
                            135
                        ],
                        [
                            415,
                            85
                        ]
                    ],
                    true
                ],
                [
                    49,
                    50,
                    [
                        [
                            335,
                            170
                        ],
                        [
                            370,
                            135
                        ]
                    ],
                    true
                ],
                [
                    50,
                    51,
                    [
                        [
                            290,
                            215
                        ],
                        [
                            335,
                            170
                        ]
                    ],
                    true
                ],
                [
                    51,
                    52,
                    [
                        [
                            255,
                            270
                        ],
                        [
                            270.0,
                            235.0
                        ],
                        [
                            290,
                            215
                        ]
                    ],
                    true
                ],
                [
                    52,
                    53,
                    [
                        [
                            235,
                            315
                        ],
                        [
                            255,
                            270
                        ]
                    ],
                    true
                ],
                [
                    53,
                    54,
                    [
                        [
                            215,
                            360
                        ],
                        [
                            235,
                            315
                        ]
                    ],
                    true
                ],
                [
                    54,
                    55,
                    [
                        [
                            200,
                            395
                        ],
                        [
                            215,
                            360
                        ]
                    ],
                    true
                ],
                [
                    55,
                    56,
                    [
                        [
                            180,
                            440
                        ],
                        [
                            200,
                            395
                        ]
                    ],
                    true
                ],
                [
                    56,
                    57,
                    [
                        [
                            160,
                            485
                        ],
                        [
                            180,
                            440
                        ]
                    ],
                    true
                ],
                [
                    57,
                    58,
                    [
                        [
                            145,
                            520
                        ],
                        [
                            160,
                            485
                        ]
                    ],
                    true
                ],
                [
                    58,
                    59,
                    [
                        [
                            105,
                            570
                        ],
                        [
                            95.0,
                            560.0
                        ],
                        [
                            145,
                            520
                        ]
                    ],
                    true
                ],
                [
                    59,
                    60,
                    [
                        [
                            100,
                            630
                        ],
                        [
                            115.0,
                            580.0
                        ],
                        [
                            105,
                            570
                        ]
                    ],
                    true
                ],
                [
                    60,
                    61,
                    [
                        [
                            210,
                            650
                        ],
                        [
                            180.0,
                            630.0
                        ],
                        [
                            95.0,
                            645.0
                        ],
                        [
                            100,
                            630
                        ]
                    ],
                    true
                ],
                [
                    61,
                    62,
                    [
                        [
                            255,
                            680
                        ],
                        [
                            210,
                            650
                        ]
                    ],
                    true
                ],
                [
                    62,
                    63,
                    [
                        [
                            290,
                            705
                        ],
                        [
                            255,
                            680
                        ]
                    ],
                    true
                ],
                [
                    63,
                    64,
                    [
                        [
                            340,
                            740
                        ],
                        [
                            290,
                            705
                        ]
                    ],
                    true
                ],
                [
                    64,
                    65,
                    [
                        [
                            395,
                            780
                        ],
                        [
                            340,
                            740
                        ]
                    ],
                    true
                ],
                [
                    65,
                    66,
                    [
                        [
                            435,
                            830
                        ],
                        [
                            422.0,
                            800.0
                        ],
                        [
                            395,
                            780
                        ]
                    ],
                    true
                ],
                [
                    66,
                    67,
                    [
                        [
                            455,
                            875
                        ],
                        [
                            435,
                            830
                        ]
                    ],
                    true
                ],
                [
                    67,
                    68,
                    [
                        [
                            475,
                            920
                        ],
                        [
                            455,
                            875
                        ]
                    ],
                    true
                ],
                [
                    68,
                    69,
                    [
                        [
                            385,
                            945
                        ],
                        [
                            485.0,
                            945.0
                        ],
                        [
                            475,
                            920
                        ]
                    ],
                    true
                ],
                [
                    69,
                    70,
                    [
                        [
                            325,
                            945
                        ],
                        [
                            385,
                            945
                        ]
                    ],
                    true
                ],
                [
                    70,
                    71,
                    [
                        [
                            255,
                            945
                        ],
                        [
                            325,
                            945
                        ]
                    ],
                    true
                ]
            ],
            "stations": [
                {
                    "coord": [
                        450,
                        45
                    ],
                    "is_working": true,
                    "name": "ул. Пушкина",
                    "rect": [
                        459,
                        41,
                        67,
                        15
                    ],
                    "text_id": 27,
                    "uid": 47
                },
                {
                    "coord": [
                        415,
                        85
                    ],
                    "is_working": true,
                    "name": "Школа-интернат",
                    "rect": [
                        425,
                        84,
                        85,
                        15
                    ],
                    "text_id": 28,
                    "uid": 48
                },
                {
                    "coord": [
                        370,
                        135
                    ],
                    "is_working": true,
                    "name": "Универмаг",
                    "rect": [
                        386,
                        126,
                        56,
                        15
                    ],
                    "text_id": 29,
                    "uid": 49
                },
                {
                    "coord": [
                        335,
                        170
                    ],
                    "is_working": true,
                    "name": "ул. Пугачева",
                    "rect": [
                        345,
                        171,
                        69,
                        15
                    ],
                    "text_id": 30,
                    "uid": 50
                },
                {
                    "coord": [
                        290,
                        215
                    ],
                    "is_working": true,
                    "name": "32-я школа",
                    "rect": [
                        302,
                        211,
                        59,
                        15
                    ],
                    "text_id": 31,
                    "uid": 51
                },
                {
                    "coord": [
                        255,
                        270
                    ],
                    "is_working": true,
                    "name": "ул. Старо-московская",
                    "rect": null,
                    "text_id": 5,
                    "uid": 52
                },
                {
                    "coord": [
                        235,
                        315
                    ],
                    "is_working": true,
                    "name": "ул. 3-я Курская",
                    "rect": null,
                    "text_id": 6,
                    "uid": 53
                },
                {
                    "coord": [
                        215,
                        360
                    ],
                    "is_working": true,
                    "name": "Сквер Танкистов",
                    "rect": null,
                    "text_id": 7,
                    "uid": 54
                },
                {
                    "coord": [
                        200,
                        395
                    ],
                    "is_working": true,
                    "name": "пл. Маркса",
                    "rect": null,
                    "text_id": 8,
                    "uid": 55
                },
                {
                    "coord": [
                        180,
                        440
                    ],
                    "is_working": true,
                    "name": "ул. 1-я Посадская",
                    "rect": null,
                    "text_id": 9,
                    "uid": 56
                },
                {
                    "coord": [
                        160,
                        485
                    ],
                    "is_working": true,
                    "name": "ул. Панчука",
                    "rect": null,
                    "text_id": 10,
                    "uid": 57
                },
                {
                    "coord": [
                        145,
                        520
                    ],
                    "is_working": true,
                    "name": "ул. Садово-Пушкарная",
                    "rect": null,
                    "text_id": 11,
                    "uid": 58
                },
                {
                    "coord": [
                        105,
                        570
                    ],
                    "is_working": true,
                    "name": "ф-ка \"Восход\"",
                    "rect": null,
                    "text_id": 12,
                    "uid": 59
                },
                {
                    "coord": [
                        100,
                        630
                    ],
                    "is_working": true,
                    "name": "Карачаевское шоссе",
                    "rect": null,
                    "text_id": 13,
                    "uid": 60
                },
                {
                    "coord": [
                        210,
                        650
                    ],
                    "is_working": true,
                    "name": "Автовокзал",
                    "rect": null,
                    "text_id": 14,
                    "uid": 61
                },
                {
                    "coord": [
                        255,
                        680
                    ],
                    "is_working": true,
                    "name": "Магазин \"Уют\"",
                    "rect": null,
                    "text_id": 15,
                    "uid": 62
                },
                {
                    "coord": [
                        290,
                        705
                    ],
                    "is_working": true,
                    "name": "Ботаника",
                    "rect": null,
                    "text_id": 16,
                    "uid": 63
                },
                {
                    "coord": [
                        340,
                        740
                    ],
                    "is_working": true,
                    "name": "Магазин \"Стрела\"",
                    "rect": null,
                    "text_id": 17,
                    "uid": 64
                },
                {
                    "coord": [
                        395,
                        780
                    ],
                    "is_working": true,
                    "name": "ст. Цон",
                    "rect": null,
                    "text_id": 18,
                    "uid": 65
                },
                {
                    "coord": [
                        435,
                        830
                    ],
                    "is_working": true,
                    "name": "з-д \"Дормаш\"",
                    "rect": null,
                    "text_id": 19,
                    "uid": 66
                },
                {
                    "coord": [
                        455,
                        875
                    ],
                    "is_working": true,
                    "name": "з-д \"Стройиндустрия\"",
                    "rect": null,
                    "text_id": 21,
                    "uid": 67
                },
                {
                    "coord": [
                        475,
                        920
                    ],
                    "is_working": true,
                    "name": "з-д \"Живмаш\"",
                    "rect": null,
                    "text_id": 22,
                    "uid": 68
                },
                {
                    "coord": [
                        385,
                        945
                    ],
                    "is_working": true,
                    "name": "ул. Машиностроительная",
                    "rect": null,
                    "text_id": 23,
                    "uid": 69
                },
                {
                    "coord": [
                        325,
                        945
                    ],
                    "is_working": true,
                    "name": "з-д \"Химмаш\"",
                    "rect": null,
                    "text_id": 24,
                    "uid": 70
                },
                {
                    "coord": [
                        255,
                        945
                    ],
                    "is_working": true,
                    "name": "з-д \"ХТМ\"",
                    "rect": null,
                    "text_id": 25,
                    "uid": 71
                }
            ],
            "text_id": 32
        },
        {
            "labels_bg_color": "-1",
            "labels_color": "8b0000",
            "line_color": "8b0000",
            "line_width": 7,
            "name": "Трамвай № 4",
            "segments": [
                [
                    72,
                    73,
                    [
                        [
                            155,
                            55
                        ],
                        [
                            75,
                            45
                        ]
                    ],
                    true
                ],
                [
                    73,
                    74,
                    [
                        [
                            175,
                            110
                        ],
                        [
                            200.0,
                            60.0
                        ],
                        [
                            155,
                            55
                        ]
                    ],
                    true
                ],
                [
                    74,
                    75,
                    [
                        [
                            155,
                            155
                        ],
                        [
                            175,
                            110
                        ]
                    ],
                    true
                ],
                [
                    75,
                    76,
                    [
                        [
                            130,
                            215
                        ],
                        [
                            155,
                            155
                        ]
                    ],
                    true
                ],
                [
                    76,
                    77,
                    [
                        [
                            225,
                            235
                        ],
                        [
                            130,
                            215
                        ]
                    ],
                    true
                ],
                [
                    77,
                    78,
                    [
                        [
                            280,
                            245
                        ],
                        [
                            225,
                            235
                        ]
                    ],
                    true
                ],
                [
                    78,
                    79,
                    [
                        [
                            365,
                            235
                        ],
                        [
                            280,
                            245
                        ]
                    ],
                    true
                ],
                [
                    79,
                    80,
                    [
                        [
                            410,
                            230
                        ],
                        [
                            365,
                            235
                        ]
                    ],
                    true
                ],
                [
                    80,
                    81,
                    [
                        [
                            455,
                            225
                        ],
                        [
                            410,
                            230
                        ]
                    ],
                    true
                ],
                [
                    81,
                    82,
                    [
                        [
                            500,
                            220
                        ],
                        [
                            455,
                            225
                        ]
                    ],
                    true
                ],
                [
                    82,
                    83,
                    [
                        [
                            550,
                            215
                        ],
                        [
                            500,
                            220
                        ]
                    ],
                    true
                ],
                [
                    83,
                    84,
                    [
                        [
                            600,
                            210
                        ],
                        [
                            550,
                            215
                        ]
                    ],
                    true
                ],
                [
                    84,
                    85,
                    [
                        [
                            650,
                            205
                        ],
                        [
                            600,
                            210
                        ]
                    ],
                    true
                ]
            ],
            "stations": [
                {
                    "coord": [
                        75,
                        45
                    ],
                    "is_working": true,
                    "name": "Ж/д вокзал",
                    "rect": null,
                    "text_id": 0,
                    "uid": 72
                },
                {
                    "coord": [
                        155,
                        55
                    ],
                    "is_working": true,
                    "name": "Грузовой двор",
                    "rect": null,
                    "text_id": 1,
                    "uid": 73
                },
                {
                    "coord": [
                        175,
                        110
                    ],
                    "is_working": true,
                    "name": "ул. Ляшко",
                    "rect": null,
                    "text_id": 2,
                    "uid": 74
                },
                {
                    "coord": [
                        155,
                        155
                    ],
                    "is_working": true,
                    "name": "ул. Гаражная",
                    "rect": null,
                    "text_id": 3,
                    "uid": 75
                },
                {
                    "coord": [
                        130,
                        215
                    ],
                    "is_working": true,
                    "name": "з-д им. Медведева",
                    "rect": null,
                    "text_id": 4,
                    "uid": 76
                },
                {
                    "coord": [
                        225,
                        235
                    ],
                    "is_working": true,
                    "name": "ул. Старо-московская",
                    "rect": null,
                    "text_id": 5,
                    "uid": 77
                },
                {
                    "coord": [
                        280,
                        245
                    ],
                    "is_working": true,
                    "name": "ул. 1-я Курская",
                    "rect": [
                        271,
                        254,
                        15,
                        80
                    ],
                    "text_id": 33,
                    "uid": 78
                },
                {
                    "coord": [
                        365,
                        235
                    ],
                    "is_working": true,
                    "name": "Речной пер.",
                    "rect": [
                        360,
                        243,
                        15,
                        63
                    ],
                    "text_id": 34,
                    "uid": 79
                },
                {
                    "coord": [
                        410,
                        230
                    ],
                    "is_working": true,
                    "name": "Обувная ф-ка",
                    "rect": [
                        404,
                        239,
                        15,
                        72
                    ],
                    "text_id": 35,
                    "uid": 80
                },
                {
                    "coord": [
                        455,
                        225
                    ],
                    "is_working": true,
                    "name": "Женский монастырь",
                    "rect": [
                        447,
                        236,
                        15,
                        107
                    ],
                    "text_id": 36,
                    "uid": 81
                },
                {
                    "coord": [
                        500,
                        220
                    ],
                    "is_working": true,
                    "name": "Пятницкий проезд",
                    "rect": [
                        493,
                        228,
                        15,
                        95
                    ],
                    "text_id": 37,
                    "uid": 82
                },
                {
                    "coord": [
                        550,
                        215
                    ],
                    "is_working": true,
                    "name": "По требованию",
                    "rect": [
                        544,
                        223,
                        15,
                        81
                    ],
                    "text_id": 38,
                    "uid": 83
                },
                {
                    "coord": [
                        600,
                        210
                    ],
                    "is_working": true,
                    "name": "ул. Молдавская",
                    "rect": [
                        593,
                        218,
                        15,
                        85
                    ],
                    "text_id": 39,
                    "uid": 84
                },
                {
                    "coord": [
                        650,
                        205
                    ],
                    "is_working": true,
                    "name": "35-я школа",
                    "rect": [
                        615,
                        179,
                        59,
                        15
                    ],
                    "text_id": 40,
                    "uid": 85
                }
            ],
            "text_id": 41
        }
    ],
    "lines_width": 7,
    "name": "metro",
    "name_text_id": 42,
    "stations_diameter": 10.0,
    "transfers": [
        [
            0,
            21,
            [
                75,
                65
            ],
            [
                75,
                55
            ]
        ],
        [
            0,
            72,
            [
                75,
                65
            ],
            [
                75,
                45
            ]
        ],
        [
            21,
            72,
            [
                75,
                55
            ],
            [
                75,
                45
            ]
        ],
        [
            1,
            22,
            [
                155,
                75
            ],
            [
                155,
                65
            ]
        ],
        [
            1,
            73,
            [
                155,
                75
            ],
            [
                155,
                55
            ]
        ],
        [
            22,
            73,
            [
                155,
                65
            ],
            [
                155,
                55
            ]
        ],
        [
            2,
            23,
            [
                155,
                110
            ],
            [
                165,
                110
            ]
        ],
        [
            2,
            74,
            [
                155,
                110
            ],
            [
                175,
                110
            ]
        ],
        [
            23,
            74,
            [
                165,
                110
            ],
            [
                175,
                110
            ]
        ],
        [
            3,
            24,
            [
                135,
                155
            ],
            [
                145,
                155
            ]
        ],
        [
            3,
            75,
            [
                135,
                155
            ],
            [
                155,
                155
            ]
        ],
        [
            24,
            75,
            [
                145,
                155
            ],
            [
                155,
                155
            ]
        ],
        [
            4,
            25,
            [
                130,
                235
            ],
            [
                130,
                225
            ]
        ],
        [
            4,
            76,
            [
                130,
                235
            ],
            [
                130,
                215
            ]
        ],
        [
            25,
            76,
            [
                130,
                225
            ],
            [
                130,
                215
            ]
        ],
        [
            5,
            26,
            [
                225,
                255
            ],
            [
                225,
                245
            ]
        ],
        [
            5,
            77,
            [
                225,
                255
            ],
            [
                225,
                235
            ]
        ],
        [
            26,
            77,
            [
                225,
                245
            ],
            [
                225,
                235
            ]
        ],
        [
            6,
            27,
            [
                235,
                270
            ],
            [
                245,
                270
            ]
        ],
        [
            6,
            52,
            [
                235,
                270
            ],
            [
                255,
                270
            ]
        ],
        [
            27,
            52,
            [
                245,
                270
            ],
            [
                255,
                270
            ]
        ],
        [
            7,
            28,
            [
                215,
                315
            ],
            [
                225,
                315
            ]
        ],
        [
            7,
            53,
            [
                215,
                315
            ],
            [
                235,
                315
            ]
        ],
        [
            28,
            53,
            [
                225,
                315
            ],
            [
                235,
                315
            ]
        ],
        [
            8,
            29,
            [
                195,
                360
            ],
            [
                205,
                360
            ]
        ],
        [
            8,
            54,
            [
                195,
                360
            ],
            [
                215,
                360
            ]
        ],
        [
            29,
            54,
            [
                205,
                360
            ],
            [
                215,
                360
            ]
        ],
        [
            9,
            30,
            [
                180,
                395
            ],
            [
                190,
                395
            ]
        ],
        [
            9,
            55,
            [
                180,
                395
            ],
            [
                200,
                395
            ]
        ],
        [
            30,
            55,
            [
                190,
                395
            ],
            [
                200,
                395
            ]
        ],
        [
            10,
            31,
            [
                160,
                440
            ],
            [
                170,
                440
            ]
        ],
        [
            10,
            56,
            [
                160,
                440
            ],
            [
                180,
                440
            ]
        ],
        [
            31,
            56,
            [
                170,
                440
            ],
            [
                180,
                440
            ]
        ],
        [
            11,
            32,
            [
                140,
                485
            ],
            [
                150,
                485
            ]
        ],
        [
            11,
            57,
            [
                140,
                485
            ],
            [
                160,
                485
            ]
        ],
        [
            32,
            57,
            [
                150,
                485
            ],
            [
                160,
                485
            ]
        ],
        [
            12,
            33,
            [
                125,
                520
            ],
            [
                135,
                520
            ]
        ],
        [
            12,
            58,
            [
                125,
                520
            ],
            [
                145,
                520
            ]
        ],
        [
            33,
            58,
            [
                135,
                520
            ],
            [
                145,
                520
            ]
        ],
        [
            13,
            34,
            [
                85,
                570
            ],
            [
                95,
                570
            ]
        ],
        [
            13,
            59,
            [
                85,
                570
            ],
            [
                105,
                570
            ]
        ],
        [
            34,
            59,
            [
                95,
                570
            ],
            [
                105,
                570
            ]
        ],
        [
            14,
            35,
            [
                80,
                630
            ],
            [
                90,
                630
            ]
        ],
        [
            14,
            60,
            [
                80,
                630
            ],
            [
                100,
                630
            ]
        ],
        [
            35,
            60,
            [
                90,
                630
            ],
            [
                100,
                630
            ]
        ],
        [
            15,
            36,
            [
                180,
                650
            ],
            [
                195,
                650
            ]
        ],
        [
            15,
            61,
            [
                180,
                650
            ],
            [
                210,
                650
            ]
        ],
        [
            36,
            61,
            [
                195,
                650
            ],
            [
                210,
                650
            ]
        ],
        [
            16,
            37,
            [
                225,
                680
            ],
            [
                240,
                680
            ]
        ],
        [
            16,
            62,
            [
                225,
                680
            ],
            [
                255,
                680
            ]
        ],
        [
            37,
            62,
            [
                240,
                680
            ],
            [
                255,
                680
            ]
        ],
        [
            17,
            38,
            [
                260,
                705
            ],
            [
                275,
                705
            ]
        ],
        [
            17,
            63,
            [
                260,
                705
            ],
            [
                290,
                705
            ]
        ],
        [
            38,
            63,
            [
                275,
                705
            ],
            [
                290,
                705
            ]
        ],
        [
            18,
            39,
            [
                310,
                740
            ],
            [
                325,
                740
            ]
        ],
        [
            18,
            64,
            [
                310,
                740
            ],
            [
                340,
                740
            ]
        ],
        [
            39,
            64,
            [
                325,
                740
            ],
            [
                340,
                740
            ]
        ],
        [
            19,
            40,
            [
                365,
                780
            ],
            [
                380,
                780
            ]
        ],
        [
            19,
            65,
            [
                365,
                780
            ],
            [
                395,
                780
            ]
        ],
        [
            40,
            65,
            [
                380,
                780
            ],
            [
                395,
                780
            ]
        ],
        [
            41,
            66,
            [
                425,
                830
            ],
            [
                435,
                830
            ]
        ],
        [
            42,
            67,
            [
                445,
                875
            ],
            [
                455,
                875
            ]
        ],
        [
            43,
            68,
            [
                465,
                920
            ],
            [
                475,
                920
            ]
        ],
        [
            44,
            69,
            [
                385,
                935
            ],
            [
                385,
                945
            ]
        ],
        [
            45,
            70,
            [
                325,
                935
            ],
            [
                325,
                945
            ]
        ],
        [
            46,
            71,
            [
                255,
                935
            ],
            [
                255,
                945
            ]
        ]
    ],
    "transports": [
        "metro"
    ],
    "type_name": "ROOT",
    "type_text_id": 43,
    "upper_case": false,
    "width": 800,
    "word_wrap": false
}