{
    "default_transports": [
        "metro"
    ],
    "height": 838,
    "images": [
        "res/schemes/lima.svg"
    ],
    "is_vector": true,
    "lines": [
        {
            "labels_bg_color": "-1",
            "labels_color": "000000",
            "line_color": "008000",
            "line_width": 7,
            "name": "1",
            "segments": [
                [
                    0,
                    1,
                    [
                        [
                            182,
                            661
                        ],
                        [
                            188,
                            688
                        ]
                    ],
                    true
                ],
                [
                    1,
                    2,
                    [
                        [
                            177,
                            638
                        ],
                        [
                            182,
                            661
                        ]
                    ],
                    true
                ],
                [
                    2,
                    3,
                    [
                        [
                            168,
                            616
                        ],
                        [
                            177,
                            638
                        ]
                    ],
                    true
                ],
                [
                    3,
                    4,
                    [
                        [
                            156,
                            594
                        ],
                        [
                            168,
                            616
                        ]
                    ],
                    true
                ],
                [
                    4,
                    5,
                    [
                        [
                            146,
                            570
                        ],
                        [
                            156,
                            594
                        ]
                    ],
                    true
                ],
                [
                    5,
                    6,
                    [
                        [
                            116.0,
                            546.0
                        ],
                        [
                            119.05,
                            546.33
                        ],
                        [
                            121.94,
                            546.81
                        ],
                        [
                            124.67,
                            547.45
                        ],
                        [
                            127.25,
                            548.25
                        ],
                        [
                            129.67,
                            549.2
                        ],
                        [
                            131.94,
                            550.31
                        ],
                        [
                            134.05,
                            551.58
                        ],
                        [
                            136.0,
                            553.0
                        ],
                        [
                            137.8,
                            554.58
                        ],
                        [
                            139.44,
                            556.31
                        ],
                        [
                            140.92,
                            558.2
                        ],
                        [
                            142.25,
                            560.25
                        ],
                        [
                            143.42,
                            562.45
                        ],
                        [
                            144.44,
                            564.81
                        ],
                        [
                            145.3,
                            567.33
                        ],
                        [
                            146.0,
                            570.0
                        ]
                    ],
                    true
                ],
                [
                    6,
                    7,
                    [
                        [
                            67.0,
                            524.0
                        ],
                        [
                            69.71,
                            525.61
                        ],
                        [
                            72.47,
                            527.19
                        ],
                        [
                            75.27,
                            528.73
                        ],
                        [
                            78.12,
                            530.25
                        ],
                        [
                            81.02,
                            531.73
                        ],
                        [
                            83.97,
                            533.19
                        ],
                        [
                            86.96,
                            534.61
                        ],
                        [
                            90.0,
                            536.0
                        ],
                        [
                            93.09,
                            537.36
                        ],
                        [
                            96.22,
                            538.69
                        ],
                        [
                            99.4,
                            539.98
                        ],
                        [
                            102.62,
                            541.25
                        ],
                        [
                            105.9,
                            542.48
                        ],
                        [
                            109.22,
                            543.69
                        ],
                        [
                            112.59,
                            544.86
                        ],
                        [
                            116.0,
                            546.0
                        ]
                    ],
                    true
                ],
                [
                    7,
                    8,
                    [
                        [
                            46.0,
                            502.0
                        ],
                        [
                            47.2,
                            503.61
                        ],
                        [
                            48.41,
                            505.19
                        ],
                        [
                            49.63,
                            506.73
                        ],
                        [
                            50.88,
                            508.25
                        ],
                        [
                            52.13,
                            509.73
                        ],
                        [
                            53.41,
                            511.19
                        ],
                        [
                            54.7,
                            512.61
                        ],
                        [
                            56.0,
                            514.0
                        ],
                        [
                            57.32,
                            515.36
                        ],
                        [
                            58.66,
                            516.69
                        ],
                        [
                            60.01,
                            517.98
                        ],
                        [
                            61.38,
                            519.25
                        ],
                        [
                            62.76,
                            520.48
                        ],
                        [
                            64.16,
                            521.69
                        ],
                        [
                            65.57,
                            522.86
                        ],
                        [
                            67.0,
                            524.0
                        ]
                    ],
                    true
                ],
                [
                    8,
                    9,
                    [
                        [
                            36.0,
                            477.0
                        ],
                        [
                            36.39,
                            478.68
                        ],
                        [
                            36.81,
                            480.34
                        ],
                        [
                            37.27,
                            481.99
                        ],
                        [
                            37.75,
                            483.62
                        ],
                        [
                            38.27,
                            485.24
                        ],
                        [
                            38.81,
                            486.84
                        ],
                        [
                            39.39,
                            488.43
                        ],
                        [
                            40.0,
                            490.0
                        ],
                        [
                            40.64,
                            491.55
                        ],
                        [
                            41.31,
                            493.09
                        ],
                        [
                            42.02,
                            494.62
                        ],
                        [
                            42.75,
                            496.12
                        ],
                        [
                            43.52,
                            497.62
                        ],
                        [
                            44.31,
                            499.09
                        ],
                        [
                            45.14,
                            500.55
                        ],
                        [
                            46.0,
                            502.0
                        ]
                    ],
                    true
                ],
                [
                    9,
                    10,
                    [
                        [
                            48,
                            447
                        ],
                        [
                            36,
                            477
                        ]
                    ],
                    true
                ],
                [
                    10,
                    11,
                    [
                        [
                            48.0,
                            418.0
                        ],
                        [
                            48.0,
                            419.7
                        ],
                        [
                            48.0,
                            421.41
                        ],
                        [
                            48.0,
                            423.13
                        ],
                        [
                            48.0,
                            424.88
                        ],
                        [
                            48.0,
                            426.63
                        ],
                        [
                            48.0,
                            428.41
                        ],
                        [
                            48.0,
                            430.2
                        ],
                        [
                            48.0,
                            432.0
                        ],
                        [
                            48.0,
                            433.82
                        ],
                        [
                            48.0,
                            435.66
                        ],
                        [
                            48.0,
                            437.51
                        ],
                        [
                            48.0,
                            439.38
                        ],
                        [
                            48.0,
                            441.26
                        ],
                        [
                            48.0,
                            443.16
                        ],
                        [
                            48.0,
                            445.07
                        ],
                        [
                            48.0,
                            447.0
                        ]
                    ],
                    true
                ],
                [
                    11,
                    12,
                    [
                        [
                            42.0,
                            392.0
                        ],
                        [
                            42.61,
                            393.16
                        ],
                        [
                            43.19,
                            394.38
                        ],
                        [
                            43.73,
                            395.66
                        ],
                        [
                            44.25,
                            397.0
                        ],
                        [
                            44.73,
                            398.41
                        ],
                        [
                            45.19,
                            399.88
                        ],
                        [
                            45.61,
                            401.41
                        ],
                        [
                            46.0,
                            403.0
                        ],
                        [
                            46.36,
                            404.66
                        ],
                        [
                            46.69,
                            406.38
                        ],
                        [
                            46.98,
                            408.16
                        ],
                        [
                            47.25,
                            410.0
                        ],
                        [
                            47.48,
                            411.91
                        ],
                        [
                            47.69,
                            413.88
                        ],
                        [
                            47.86,
                            415.91
                        ],
                        [
                            48.0,
                            418.0
                        ]
                    ],
                    true
                ],
                [
                    12,
                    13,
                    [
                        [
                            32.0,
                            364.0
                        ],
                        [
                            32.86,
                            365.28
                        ],
                        [
                            33.69,
                            366.62
                        ],
                        [
                            34.48,
                            368.03
                        ],
                        [
                            35.25,
                            369.5
                        ],
                        [
                            35.98,
                            371.03
                        ],
                        [
                            36.69,
                            372.62
                        ],
                        [
                            37.36,
                            374.28
                        ],
                        [
                            38.0,
                            376.0
                        ],
                        [
                            38.61,
                            377.78
                        ],
                        [
                            39.19,
                            379.62
                        ],
                        [
                            39.73,
                            381.53
                        ],
                        [
                            40.25,
                            383.5
                        ],
                        [
                            40.73,
                            385.53
                        ],
                        [
                            41.19,
                            387.62
                        ],
                        [
                            41.61,
                            389.78
                        ],
                        [
                            42.0,
                            392.0
                        ]
                    ],
                    true
                ],
                [
                    13,
                    14,
                    [
                        [
                            25.0,
                            334.0
                        ],
                        [
                            24.85,
                            336.11
                        ],
                        [
                            24.78,
                            338.19
                        ],
                        [
                            24.79,
                            340.23
                        ],
                        [
                            24.88,
                            342.25
                        ],
                        [
                            25.04,
                            344.23
                        ],
                        [
                            25.28,
                            346.19
                        ],
                        [
                            25.6,
                            348.11
                        ],
                        [
                            26.0,
                            350.0
                        ],
                        [
                            26.48,
                            351.86
                        ],
                        [
                            27.03,
                            353.69
                        ],
                        [
                            27.66,
                            355.48
                        ],
                        [
                            28.38,
                            357.25
                        ],
                        [
                            29.16,
                            358.98
                        ],
                        [
                            30.03,
                            360.69
                        ],
                        [
                            30.98,
                            362.36
                        ],
                        [
                            32.0,
                            364.0
                        ]
                    ],
                    true
                ],
                [
                    14,
                    15,
                    [
                        [
                            24,
                            302
                        ],
                        [
                            25,
                            334
                        ]
                    ],
                    true
                ],
                [
                    15,
                    16,
                    [
                        [
                            31,
                            274
                        ],
                        [
                            24,
                            302
                        ]
                    ],
                    true
                ],
                [
                    16,
                    17,
                    [
                        [
                            38,
                            244
                        ],
                        [
                            31,
                            274
                        ]
                    ],
                    true
                ],
                [
                    17,
                    18,
                    [
                        [
                            44,
                            212
                        ],
                        [
                            38,
                            244
                        ]
                    ],
                    true
                ],
                [
                    18,
                    19,
                    [
                        [
                            54,
                            186
                        ],
                        [
                            44,
                            212
                        ]
                    ],
                    true
                ],
                [
                    19,
                    20,
                    [
                        [
                            62,
                            158
                        ],
                        [
                            54,
                            186
                        ]
                    ],
                    true
                ],
                [
                    20,
                    21,
                    [
                        [
                            70,
                            130
                        ],
                        [
                            62,
                            158
                        ]
                    ],
                    true
                ],
                [
                    21,
                    22,
                    [
                        [
                            78,
                            102
                        ],
                        [
                            70,
                            130
                        ]
                    ],
                    true
                ],
                [
                    22,
                    23,
                    [
                        [
                            84,
                            76
                        ],
                        [
                            78,
                            102
                        ]
                    ],
                    true
                ],
                [
                    23,
                    24,
                    [
                        [
                            92,
                            50
                        ],
                        [
                            84,
                            76
                        ]
                    ],
                    true
                ],
                [
                    24,
                    25,
                    [
                        [
                            98,
                            22
                        ],
                        [
                            92,
                            50
                        ]
                    ],
                    true
                ]
            ],
            "stations": [
                {
                    "coord": [
                        188,
                        688
                    ],
                    "is_working": true,
                    "name": "Villa El Salvador",
                    "rect": [
                        92,
                        680,
                        84,
                        15
                    ],
                    "text_id": 0,
                    "uid": 0
                },
                {
                    "coord": [
                        182,
                        661
                    ],
                    "is_working": true,
                    "name": "Parque Industrial",
                    "rect": [
                        82,
                        651,
                        86,
                        15
                    ],
                    "text_id": 1,
                    "uid": 1
                },
                {
                    "coord": [
                        177,
                        638
                    ],
                    "is_working": true,
                    "name": "Pumacahua",
                    "rect": [
                        102,
                        629,
                        60,
                        15
                    ],
                    "text_id": 2,
                    "uid": 2
                },
                {
                    "coord": [
                        168,
                        616
                    ],
                    "is_working": true,
                    "name": "Villa Maria",
                    "rect": [
                        100,
                        608,
                        55,
                        15
                    ],
                    "text_id": 3,
                    "uid": 3
                },
                {
                    "coord": [
                        156,
                        594
                    ],
                    "is_working": true,
                    "name": "Maria Auxiliadora",
                    "rect": [
                        54,
                        587,
                        90,
                        15
                    ],
                    "text_id": 4,
                    "uid": 4
                },
                {
                    "coord": [
                        146,
                        570
                    ],
                    "is_working": true,
                    "name": "San Juan",
                    "rect": [
                        86,
                        563,
                        48,
                        15
                    ],
                    "text_id": 5,
                    "uid": 5
                },
                {
                    "coord": [
                        116,
                        546
                    ],
                    "is_working": true,
                    "name": "Atocongo",
                    "rect": [
                        145,
                        540,
                        49,
                        15
                    ],
                    "text_id": 6,
                    "uid": 6
                },
                {
                    "coord": [
                        67,
                        524
                    ],
                    "is_working": true,
                    "name": "Jorge Chavez",
                    "rect": [
                        85,
                        514,
                        70,
                        15
                    ],
                    "text_id": 7,
                    "uid": 7
                },
                {
                    "coord": [
                        46,
                        502
                    ],
                    "is_working": true,
                    "name": "Ayacucho",
                    "rect": [
                        61,
                        494,
                        52,
                        15
                    ],
                    "text_id": 8,
                    "uid": 8
                },
                {
                    "coord": [
                        36,
                        477
                    ],
                    "is_working": true,
                    "name": "Cabitos",
                    "rect": [
                        50,
                        471,
                        40,
                        15
                    ],
                    "text_id": 9,
                    "uid": 9
                },
                {
                    "coord": [
                        48,
                        447
                    ],
                    "is_working": true,
                    "name": "Angamos",
                    "rect": [
                        61,
                        440,
                        49,
                        15
                    ],
                    "text_id": 10,
                    "uid": 10
                },
                {
                    "coord": [
                        48,
                        418
                    ],
                    "is_working": true,
                    "name": "San Borja Sur",
                    "rect": [
                        60,
                        412,
                        71,
                        15
                    ],
                    "text_id": 11,
                    "uid": 11
                },
                {
                    "coord": [
                        42,
                        392
                    ],
                    "is_working": true,
                    "name": "La Cultura",
                    "rect": [
                        54,
                        385,
                        53,
                        15
                    ],
                    "text_id": 12,
                    "uid": 12
                },
                {
                    "coord": [
                        32,
                        364
                    ],
                    "is_working": true,
                    "name": "Arriola",
                    "rect": [
                        46,
                        356,
                        36,
                        15
                    ],
                    "text_id": 13,
                    "uid": 13
                },
                {
                    "coord": [
                        25,
                        334
                    ],
                    "is_working": true,
                    "name": "Gamarra",
                    "rect": [
                        35,
                        327,
                        45,
                        15
                    ],
                    "text_id": 14,
                    "uid": 14
                },
                {
                    "coord": [
                        24,
                        302
                    ],
                    "is_working": true,
                    "name": "Grau",
                    "rect": [
                        37,
                        295,
                        26,
                        15
                    ],
                    "text_id": 15,
                    "uid": 15
                },
                {
                    "coord": [
                        31,
                        274
                    ],
                    "is_working": true,
                    "name": "El Angel",
                    "rect": [
                        43,
                        268,
                        44,
                        15
                    ],
                    "text_id": 16,
                    "uid": 16
                },
                {
                    "coord": [
                        38,
                        244
                    ],
                    "is_working": true,
                    "name": "Presbitero Maestro",
                    "rect": [
                        48,
                        238,
                        96,
                        15
                    ],
                    "text_id": 17,
                    "uid": 17
                },
                {
                    "coord": [
                        44,
                        212
                    ],
                    "is_working": true,
                    "name": "Caja de Agua",
                    "rect": [
                        56,
                        205,
                        69,
                        15
                    ],
                    "text_id": 18,
                    "uid": 18
                },
                {
                    "coord": [
                        54,
                        186
                    ],
                    "is_working": true,
                    "name": "Piramide del Sol",
                    "rect": [
                        66,
                        181,
                        83,
                        15
                    ],
                    "text_id": 19,
                    "uid": 19
                },
                {
                    "coord": [
                        62,
                        158
                    ],
                    "is_working": true,
                    "name": "Los Jardines",
                    "rect": [
                        73,
                        152,
                        66,
                        15
                    ],
                    "text_id": 20,
                    "uid": 20
                },
                {
                    "coord": [
                        70,
                        130
                    ],
                    "is_working": true,
                    "name": "Los Postes",
                    "rect": [
                        83,
                        125,
                        57,
                        15
                    ],
                    "text_id": 21,
                    "uid": 21
                },
                {
                    "coord": [
                        78,
                        102
                    ],
                    "is_working": true,
                    "name": "San Carlos",
                    "rect": [
                        90,
                        96,
                        57,
                        15
                    ],
                    "text_id": 22,
                    "uid": 22
                },
                {
                    "coord": [
                        84,
                        76
                    ],
                    "is_working": true,
                    "name": "San Martin",
                    "rect": [
                        96,
                        70,
                        55,
                        15
                    ],
                    "text_id": 23,
                    "uid": 23
                },
                {
                    "coord": [
                        92,
                        50
                    ],
                    "is_working": true,
                    "name": "Santa Rosa",
                    "rect": [
                        105,
                        43,
                        59,
                        15
                    ],
                    "text_id": 24,
                    "uid": 24
                },
                {
                    "coord": [
                        98,
                        22
                    ],
                    "is_working": true,
                    "name": "Bayovar",
                    "rect": [
                        111,
                        17,
                        44,
                        15
                    ],
                    "text_id": 25,
                    "uid": 25
                }
            ],
            "text_id": 26
        }
    ],
    "lines_width": 7,
    "name": "metro",
    "name_text_id": 27,
    "stations_diameter": 13.0,
    "transfers": [],
    "transports": [
        "metro"
    ],
    "type_name": "ROOT",
    "type_text_id": 28,
    "upper_case": false,
    "width": 338,
    "word_wrap": false
}