{
    "default_transports": [
        "metro"
    ],
    "height": 1121,
    "images": [
        "res/schemes/petrozavodsk_train.svg"
    ],
    "is_vector": false,
    "lines": [
        {
            "labels_bg_color": "-1",
            "labels_color": "DC004B",
            "line_color": "DC004B",
            "line_width": 10,
            "name": "Медвежьегорская",
            "segments": [
                [
                    0,
                    1,
                    [
                        [
                            336,
                            151
                        ],
                        [
                            336,
                            131
                        ]
                    ],
                    true
                ],
                [
                    1,
                    2,
                    [
                        [
                            336,
                            171
                        ],
                        [
                            336,
                            151
                        ]
                    ],
                    true
                ],
                [
                    2,
                    3,
                    [
                        [
                            336,
                            191
                        ],
                        [
                            336,
                            171
                        ]
                    ],
                    true
                ],
                [
                    3,
                    4,
                    [
                        [
                            336,
                            211
                        ],
                        [
                            336,
                            191
                        ]
                    ],
                    true
                ],
                [
                    4,
                    5,
                    [
                        [
                            336,
                            231
                        ],
                        [
                            336,
                            211
                        ]
                    ],
                    true
                ],
                [
                    5,
                    6,
                    [
                        [
                            336,
                            251
                        ],
                        [
                            336,
                            231
                        ]
                    ],
                    true
                ],
                [
                    6,
                    7,
                    [
                        [
                            336,
                            271
                        ],
                        [
                            336,
                            251
                        ]
                    ],
                    true
                ],
                [
                    7,
                    8,
                    [
                        [
                            336,
                            291
                        ],
                        [
                            336,
                            271
                        ]
                    ],
                    true
                ],
                [
                    8,
                    9,
                    [
                        [
                            336,
                            311
                        ],
                        [
                            336,
                            291
                        ]
                    ],
                    true
                ],
                [
                    9,
                    10,
                    [
                        [
                            336,
                            331
                        ],
                        [
                            336,
                            311
                        ]
                    ],
                    true
                ],
                [
                    10,
                    11,
                    [
                        [
                            336,
                            351
                        ],
                        [
                            336,
                            331
                        ]
                    ],
                    true
                ],
                [
                    11,
                    12,
                    [
                        [
                            336,
                            371
                        ],
                        [
                            336,
                            351
                        ]
                    ],
                    true
                ],
                [
                    12,
                    13,
                    [
                        [
                            336,
                            391
                        ],
                        [
                            336,
                            371
                        ]
                    ],
                    true
                ],
                [
                    13,
                    14,
                    [
                        [
                            336,
                            411
                        ],
                        [
                            336,
                            391
                        ]
                    ],
                    true
                ],
                [
                    14,
                    15,
                    [
                        [
                            336,
                            431
                        ],
                        [
                            336,
                            411
                        ]
                    ],
                    true
                ],
                [
                    15,
                    16,
                    [
                        [
                            336,
                            451
                        ],
                        [
                            336,
                            431
                        ]
                    ],
                    true
                ],
                [
                    16,
                    17,
                    [
                        [
                            336,
                            471
                        ],
                        [
                            336,
                            451
                        ]
                    ],
                    true
                ],
                [
                    17,
                    18,
                    [
                        [
                            336,
                            491
                        ],
                        [
                            336,
                            471
                        ]
                    ],
                    true
                ],
                [
                    18,
                    19,
                    [
                        [
                            336,
                            511
                        ],
                        [
                            336,
                            491
                        ]
                    ],
                    true
                ],
                [
                    19,
                    20,
                    [
                        [
                            336,
                            531
                        ],
                        [
                            336,
                            511
                        ]
                    ],
                    true
                ],
                [
                    20,
                    21,
                    [
                        [
                            336,
                            551
                        ],
                        [
                            336,
                            531
                        ]
                    ],
                    true
                ],
                [
                    21,
                    22,
                    [
                        [
                            336,
                            571
                        ],
                        [
                            336,
                            551
                        ]
                    ],
                    true
                ],
                [
                    22,
                    23,
                    [
                        [
                            336,
                            591
                        ],
                        [
                            336,
                            571
                        ]
                    ],
                    true
                ],
                [
                    23,
                    24,
                    [
                        [
                            336,
                            611
                        ],
                        [
                            336,
                            591
                        ]
                    ],
                    true
                ],
                [
                    24,
                    25,
                    [
                        [
                            336,
                            631
                        ],
                        [
                            336,
                            611
                        ]
                    ],
                    true
                ],
                [
                    25,
                    26,
                    [
                        [
                            336,
                            651
                        ],
                        [
                            336,
                            631
                        ]
                    ],
                    true
                ],
                [
                    26,
                    27,
                    [
                        [
                            336,
                            671
                        ],
                        [
                            336,
                            651
                        ]
                    ],
                    true
                ]
            ],
            "stations": [
                {
                    "coord": [
                        336,
                        131
                    ],
                    "is_working": true,
                    "name": "Медвежья Гора",
                    "rect": [
                        349,
                        124,
                        97,
                        15
                    ],
                    "text_id": 0,
                    "uid": 0
                },
                {
                    "coord": [
                        336,
                        151
                    ],
                    "is_working": true,
                    "name": "Пл. Лавас Губа",
                    "rect": [
                        349,
                        144,
                        93,
                        15
                    ],
                    "text_id": 1,
                    "uid": 1
                },
                {
                    "coord": [
                        336,
                        171
                    ],
                    "is_working": true,
                    "name": "Предмедгорский",
                    "rect": [
                        349,
                        164,
                        105,
                        15
                    ],
                    "text_id": 2,
                    "uid": 2
                },
                {
                    "coord": [
                        336,
                        191
                    ],
                    "is_working": true,
                    "name": "Пергуба",
                    "rect": [
                        349,
                        184,
                        52,
                        15
                    ],
                    "text_id": 3,
                    "uid": 3
                },
                {
                    "coord": [
                        336,
                        211
                    ],
                    "is_working": true,
                    "name": "Пл. Уница",
                    "rect": [
                        349,
                        204,
                        61,
                        15
                    ],
                    "text_id": 4,
                    "uid": 4
                },
                {
                    "coord": [
                        336,
                        231
                    ],
                    "is_working": true,
                    "name": "Кяппесельга",
                    "rect": [
                        349,
                        224,
                        83,
                        15
                    ],
                    "text_id": 5,
                    "uid": 5
                },
                {
                    "coord": [
                        336,
                        251
                    ],
                    "is_working": true,
                    "name": "Пл. 522 км/Деревня Кяппесельга",
                    "rect": [
                        349,
                        244,
                        198,
                        15
                    ],
                    "text_id": 6,
                    "uid": 6
                },
                {
                    "coord": [
                        336,
                        271
                    ],
                    "is_working": true,
                    "name": "Викшеозеро",
                    "rect": [
                        349,
                        264,
                        78,
                        15
                    ],
                    "text_id": 7,
                    "uid": 7
                },
                {
                    "coord": [
                        336,
                        291
                    ],
                    "is_working": true,
                    "name": "Новый Поселок",
                    "rect": [
                        349,
                        284,
                        99,
                        15
                    ],
                    "text_id": 8,
                    "uid": 8
                },
                {
                    "coord": [
                        336,
                        311
                    ],
                    "is_working": true,
                    "name": "Лижма",
                    "rect": [
                        349,
                        305,
                        43,
                        15
                    ],
                    "text_id": 9,
                    "uid": 9
                },
                {
                    "coord": [
                        336,
                        331
                    ],
                    "is_working": true,
                    "name": "Пл. 489 км/Деревня Лижма",
                    "rect": [
                        349,
                        324,
                        158,
                        15
                    ],
                    "text_id": 10,
                    "uid": 10
                },
                {
                    "coord": [
                        336,
                        351
                    ],
                    "is_working": true,
                    "name": "Кедрозеро",
                    "rect": [
                        349,
                        344,
                        66,
                        15
                    ],
                    "text_id": 11,
                    "uid": 11
                },
                {
                    "coord": [
                        336,
                        371
                    ],
                    "is_working": true,
                    "name": "Илемсельга",
                    "rect": [
                        349,
                        364,
                        77,
                        15
                    ],
                    "text_id": 12,
                    "uid": 12
                },
                {
                    "coord": [
                        336,
                        391
                    ],
                    "is_working": true,
                    "name": "Мянсельга",
                    "rect": [
                        349,
                        384,
                        71,
                        15
                    ],
                    "text_id": 13,
                    "uid": 13
                },
                {
                    "coord": [
                        336,
                        411
                    ],
                    "is_working": true,
                    "name": "Пл. 468 км/Мянсельгский Переезд",
                    "rect": [
                        349,
                        404,
                        206,
                        15
                    ],
                    "text_id": 14,
                    "uid": 14
                },
                {
                    "coord": [
                        336,
                        431
                    ],
                    "is_working": true,
                    "name": "Нигозеро",
                    "rect": [
                        349,
                        425,
                        61,
                        15
                    ],
                    "text_id": 15,
                    "uid": 15
                },
                {
                    "coord": [
                        336,
                        451
                    ],
                    "is_working": true,
                    "name": "Кондопога",
                    "rect": [
                        349,
                        444,
                        69,
                        15
                    ],
                    "text_id": 16,
                    "uid": 16
                },
                {
                    "coord": [
                        336,
                        471
                    ],
                    "is_working": true,
                    "name": "Пл. 454 км/Бульвар Юности",
                    "rect": [
                        349,
                        465,
                        166,
                        15
                    ],
                    "text_id": 17,
                    "uid": 17
                },
                {
                    "coord": [
                        336,
                        491
                    ],
                    "is_working": true,
                    "name": "Заделье",
                    "rect": [
                        349,
                        484,
                        53,
                        15
                    ],
                    "text_id": 18,
                    "uid": 18
                },
                {
                    "coord": [
                        336,
                        511
                    ],
                    "is_working": true,
                    "name": "Суна",
                    "rect": [
                        349,
                        505,
                        32,
                        15
                    ],
                    "text_id": 19,
                    "uid": 19
                },
                {
                    "coord": [
                        336,
                        531
                    ],
                    "is_working": true,
                    "name": "Пл. 437 км/Лучевое-2",
                    "rect": [
                        349,
                        525,
                        121,
                        15
                    ],
                    "text_id": 20,
                    "uid": 20
                },
                {
                    "coord": [
                        336,
                        551
                    ],
                    "is_working": true,
                    "name": "Лучевой",
                    "rect": [
                        349,
                        545,
                        53,
                        15
                    ],
                    "text_id": 21,
                    "uid": 21
                },
                {
                    "coord": [
                        336,
                        571
                    ],
                    "is_working": true,
                    "name": "Пл. 427 км/Падас",
                    "rect": [
                        349,
                        564,
                        101,
                        15
                    ],
                    "text_id": 22,
                    "uid": 22
                },
                {
                    "coord": [
                        336,
                        591
                    ],
                    "is_working": true,
                    "name": "Шуйская",
                    "rect": [
                        349,
                        584,
                        56,
                        15
                    ],
                    "text_id": 23,
                    "uid": 23
                },
                {
                    "coord": [
                        336,
                        611
                    ],
                    "is_working": true,
                    "name": "417 км/Шуйский Мост",
                    "rect": [
                        349,
                        604,
                        129,
                        15
                    ],
                    "text_id": 24,
                    "uid": 24
                },
                {
                    "coord": [
                        336,
                        631
                    ],
                    "is_working": true,
                    "name": "Томицы",
                    "rect": [
                        349,
                        625,
                        51,
                        15
                    ],
                    "text_id": 25,
                    "uid": 25
                },
                {
                    "coord": [
                        336,
                        651
                    ],
                    "is_working": true,
                    "name": "Петрозаводск-Товарный",
                    "rect": [
                        349,
                        644,
                        156,
                        15
                    ],
                    "text_id": 26,
                    "uid": 26
                },
                {
                    "coord": [
                        336,
                        671
                    ],
                    "is_working": true,
                    "name": "Петрозаводск-Пассажирский",
                    "rect": [
                        349,
                        664,
                        187,
                        15
                    ],
                    "text_id": 27,
                    "uid": 27
                }
            ],
            "text_id": 28
        },
        {
            "labels_bg_color": "-1",
            "labels_color": "0071B9",
            "line_color": "0071B9",
            "line_width": 10,
            "name": "Свирская",
            "segments": [
                [
                    28,
                    29,
                    [
                        [
                            336,
                            691
                        ],
                        [
                            336,
                            671
                        ]
                    ],
                    true
                ],
                [
                    29,
                    30,
                    [
                        [
                            336,
                            711
                        ],
                        [
                            336,
                            691
                        ]
                    ],
                    true
                ],
                [
                    30,
                    31,
                    [
                        [
                            336,
                            731
                        ],
                        [
                            336,
                            711
                        ]
                    ],
                    true
                ],
                [
                    31,
                    32,
                    [
                        [
                            336,
                            751
                        ],
                        [
                            336,
                            731
                        ]
                    ],
                    true
                ],
                [
                    32,
                    33,
                    [
                        [
                            336,
                            771
                        ],
                        [
                            336,
                            751
                        ]
                    ],
                    true
                ],
                [
                    33,
                    34,
                    [
                        [
                            336,
                            791
                        ],
                        [
                            336,
                            771
                        ]
                    ],
                    true
                ],
                [
                    34,
                    35,
                    [
                        [
                            336,
                            811
                        ],
                        [
                            336,
                            791
                        ]
                    ],
                    true
                ],
                [
                    35,
                    36,
                    [
                        [
                            336,
                            831
                        ],
                        [
                            336,
                            811
                        ]
                    ],
                    true
                ],
                [
                    36,
                    37,
                    [
                        [
                            336,
                            851
                        ],
                        [
                            336,
                            831
                        ]
                    ],
                    true
                ],
                [
                    37,
                    38,
                    [
                        [
                            336,
                            871
                        ],
                        [
                            336,
                            851
                        ]
                    ],
                    true
                ],
                [
                    38,
                    39,
                    [
                        [
                            336,
                            891
                        ],
                        [
                            336,
                            871
                        ]
                    ],
                    true
                ],
                [
                    39,
                    40,
                    [
                        [
                            336,
                            911
                        ],
                        [
                            336,
                            891
                        ]
                    ],
                    true
                ],
                [
                    40,
                    41,
                    [
                        [
                            336,
                            931
                        ],
                        [
                            336,
                            911
                        ]
                    ],
                    true
                ],
                [
                    41,
                    42,
                    [
                        [
                            336,
                            951
                        ],
                        [
                            336,
                            931
                        ]
                    ],
                    true
                ],
                [
                    42,
                    43,
                    [
                        [
                            336,
                            971
                        ],
                        [
                            336,
                            951
                        ]
                    ],
                    true
                ]
            ],
            "stations": [
                {
                    "coord": [
                        336,
                        671
                    ],
                    "is_working": true,
                    "name": "Петрозаводск-Пассажирский",
                    "rect": [
                        349,
                        664,
                        187,
                        15
                    ],
                    "text_id": 27,
                    "uid": 28
                },
                {
                    "coord": [
                        336,
                        691
                    ],
                    "is_working": true,
                    "name": "Голиковка",
                    "rect": [
                        349,
                        684,
                        67,
                        15
                    ],
                    "text_id": 29,
                    "uid": 29
                },
                {
                    "coord": [
                        336,
                        711
                    ],
                    "is_working": true,
                    "name": "Онежский",
                    "rect": [
                        349,
                        704,
                        64,
                        15
                    ],
                    "text_id": 30,
                    "uid": 30
                },
                {
                    "coord": [
                        336,
                        731
                    ],
                    "is_working": true,
                    "name": "Пл. Орзега",
                    "rect": [
                        349,
                        724,
                        66,
                        15
                    ],
                    "text_id": 31,
                    "uid": 31
                },
                {
                    "coord": [
                        336,
                        751
                    ],
                    "is_working": true,
                    "name": "Пл. 379 км/Кооператив \"Березка\"",
                    "rect": [
                        349,
                        744,
                        199,
                        15
                    ],
                    "text_id": 32,
                    "uid": 32
                },
                {
                    "coord": [
                        336,
                        771
                    ],
                    "is_working": true,
                    "name": "Деревянка",
                    "rect": [
                        349,
                        764,
                        68,
                        15
                    ],
                    "text_id": 33,
                    "uid": 33
                },
                {
                    "coord": [
                        336,
                        791
                    ],
                    "is_working": true,
                    "name": "Пьяжиева Сельга",
                    "rect": [
                        349,
                        784,
                        113,
                        15
                    ],
                    "text_id": 34,
                    "uid": 34
                },
                {
                    "coord": [
                        336,
                        811
                    ],
                    "is_working": true,
                    "name": "Пл. Нырки",
                    "rect": [
                        349,
                        804,
                        62,
                        15
                    ],
                    "text_id": 35,
                    "uid": 35
                },
                {
                    "coord": [
                        336,
                        831
                    ],
                    "is_working": true,
                    "name": "Ладва",
                    "rect": [
                        349,
                        824,
                        40,
                        15
                    ],
                    "text_id": 36,
                    "uid": 36
                },
                {
                    "coord": [
                        336,
                        851
                    ],
                    "is_working": true,
                    "name": "Пл. 342 км/Село Таржеполь",
                    "rect": [
                        349,
                        844,
                        163,
                        15
                    ],
                    "text_id": 37,
                    "uid": 37
                },
                {
                    "coord": [
                        336,
                        871
                    ],
                    "is_working": true,
                    "name": "Пл. Таржеполь",
                    "rect": [
                        349,
                        864,
                        91,
                        15
                    ],
                    "text_id": 38,
                    "uid": 38
                },
                {
                    "coord": [
                        336,
                        891
                    ],
                    "is_working": true,
                    "name": "Пл. Пай",
                    "rect": [
                        349,
                        884,
                        47,
                        15
                    ],
                    "text_id": 39,
                    "uid": 39
                },
                {
                    "coord": [
                        336,
                        911
                    ],
                    "is_working": true,
                    "name": "Пл. Ревсельга",
                    "rect": [
                        349,
                        904,
                        89,
                        15
                    ],
                    "text_id": 40,
                    "uid": 40
                },
                {
                    "coord": [
                        336,
                        931
                    ],
                    "is_working": true,
                    "name": "Токари",
                    "rect": [
                        349,
                        924,
                        45,
                        15
                    ],
                    "text_id": 41,
                    "uid": 41
                },
                {
                    "coord": [
                        336,
                        951
                    ],
                    "is_working": true,
                    "name": "Пл. Челма",
                    "rect": [
                        349,
                        944,
                        61,
                        15
                    ],
                    "text_id": 42,
                    "uid": 42
                },
                {
                    "coord": [
                        336,
                        971
                    ],
                    "is_working": true,
                    "name": "Свирь",
                    "rect": [
                        349,
                        964,
                        41,
                        15
                    ],
                    "text_id": 43,
                    "uid": 43
                }
            ],
            "text_id": 44
        },
        {
            "labels_bg_color": "-1",
            "labels_color": "00873A",
            "line_color": "00873A",
            "line_width": 10,
            "name": "Суоярвская",
            "segments": [
                [
                    44,
                    45,
                    [
                        [
                            236,
                            351
                        ],
                        [
                            236,
                            331
                        ]
                    ],
                    true
                ],
                [
                    45,
                    46,
                    [
                        [
                            236,
                            371
                        ],
                        [
                            236,
                            351
                        ]
                    ],
                    true
                ],
                [
                    46,
                    47,
                    [
                        [
                            236,
                            391
                        ],
                        [
                            236,
                            371
                        ]
                    ],
                    true
                ],
                [
                    47,
                    48,
                    [
                        [
                            236,
                            411
                        ],
                        [
                            236,
                            391
                        ]
                    ],
                    true
                ],
                [
                    48,
                    49,
                    [
                        [
                            236,
                            431
                        ],
                        [
                            236,
                            411
                        ]
                    ],
                    true
                ],
                [
                    49,
                    50,
                    [
                        [
                            236,
                            451
                        ],
                        [
                            236,
                            431
                        ]
                    ],
                    true
                ],
                [
                    50,
                    51,
                    [
                        [
                            236,
                            471
                        ],
                        [
                            236,
                            451
                        ]
                    ],
                    true
                ],
                [
                    51,
                    52,
                    [
                        [
                            236,
                            491
                        ],
                        [
                            236,
                            471
                        ]
                    ],
                    true
                ],
                [
                    52,
                    53,
                    [
                        [
                            236,
                            511
                        ],
                        [
                            236,
                            491
                        ]
                    ],
                    true
                ],
                [
                    53,
                    54,
                    [
                        [
                            236,
                            531
                        ],
                        [
                            236,
                            511
                        ]
                    ],
                    true
                ],
                [
                    54,
                    55,
                    [
                        [
                            236,
                            551
                        ],
                        [
                            236,
                            531
                        ]
                    ],
                    true
                ],
                [
                    55,
                    56,
                    [
                        [
                            236,
                            571
                        ],
                        [
                            236,
                            551
                        ]
                    ],
                    true
                ],
                [
                    56,
                    57,
                    [
                        [
                            236,
                            591
                        ],
                        [
                            236,
                            571
                        ]
                    ],
                    true
                ],
                [
                    57,
                    58,
                    [
                        [
                            236,
                            611
                        ],
                        [
                            236,
                            591
                        ]
                    ],
                    true
                ],
                [
                    58,
                    59,
                    [
                        [
                            336,
                            631
                        ],
                        [
                            236,
                            611
                        ]
                    ],
                    true
                ],
                [
                    59,
                    60,
                    [
                        [
                            336,
                            651
                        ],
                        [
                            336,
                            631
                        ]
                    ],
                    true
                ],
                [
                    60,
                    61,
                    [
                        [
                            336,
                            671
                        ],
                        [
                            336,
                            651
                        ]
                    ],
                    true
                ]
            ],
            "stations": [
                {
                    "coord": [
                        236,
                        331
                    ],
                    "is_working": true,
                    "name": "Суоярви-1",
                    "rect": [
                        159,
                        324,
                        64,
                        15
                    ],
                    "text_id": 45,
                    "uid": 44
                },
                {
                    "coord": [
                        236,
                        351
                    ],
                    "is_working": true,
                    "name": "Пл. Веркко",
                    "rect": [
                        158,
                        344,
                        65,
                        15
                    ],
                    "text_id": 46,
                    "uid": 45
                },
                {
                    "coord": [
                        236,
                        371
                    ],
                    "is_working": true,
                    "name": "Хаутоваара",
                    "rect": [
                        147,
                        364,
                        76,
                        15
                    ],
                    "text_id": 47,
                    "uid": 46
                },
                {
                    "coord": [
                        236,
                        391
                    ],
                    "is_working": true,
                    "name": "Пл. Застава",
                    "rect": [
                        147,
                        384,
                        76,
                        15
                    ],
                    "text_id": 48,
                    "uid": 47
                },
                {
                    "coord": [
                        236,
                        411
                    ],
                    "is_working": true,
                    "name": "Застава",
                    "rect": [
                        168,
                        404,
                        55,
                        15
                    ],
                    "text_id": 49,
                    "uid": 48
                },
                {
                    "coord": [
                        236,
                        431
                    ],
                    "is_working": true,
                    "name": "Новые Пески",
                    "rect": [
                        140,
                        424,
                        83,
                        15
                    ],
                    "text_id": 50,
                    "uid": 49
                },
                {
                    "coord": [
                        236,
                        451
                    ],
                    "is_working": true,
                    "name": "Пл. Иматозеро",
                    "rect": [
                        132,
                        444,
                        91,
                        15
                    ],
                    "text_id": 51,
                    "uid": 50
                },
                {
                    "coord": [
                        236,
                        471
                    ],
                    "is_working": true,
                    "name": "Эссойла",
                    "rect": [
                        167,
                        464,
                        56,
                        15
                    ],
                    "text_id": 52,
                    "uid": 51
                },
                {
                    "coord": [
                        236,
                        491
                    ],
                    "is_working": true,
                    "name": "Сяньга",
                    "rect": [
                        175,
                        484,
                        48,
                        15
                    ],
                    "text_id": 53,
                    "uid": 52
                },
                {
                    "coord": [
                        236,
                        511
                    ],
                    "is_working": true,
                    "name": "Пл. Кутижма",
                    "rect": [
                        148,
                        503,
                        75,
                        15
                    ],
                    "text_id": 54,
                    "uid": 53
                },
                {
                    "coord": [
                        236,
                        531
                    ],
                    "is_working": true,
                    "name": "Виллагора",
                    "rect": [
                        154,
                        523,
                        69,
                        15
                    ],
                    "text_id": 55,
                    "uid": 54
                },
                {
                    "coord": [
                        236,
                        551
                    ],
                    "is_working": true,
                    "name": "Пл. 509 км/База Отдыха ДОК",
                    "rect": [
                        57,
                        543,
                        166,
                        15
                    ],
                    "text_id": 56,
                    "uid": 55
                },
                {
                    "coord": [
                        236,
                        571
                    ],
                    "is_working": true,
                    "name": "Пл. Падозеро",
                    "rect": [
                        140,
                        563,
                        83,
                        15
                    ],
                    "text_id": 57,
                    "uid": 56
                },
                {
                    "coord": [
                        236,
                        591
                    ],
                    "is_working": true,
                    "name": "Чална-Онежская",
                    "rect": [
                        118,
                        583,
                        105,
                        15
                    ],
                    "text_id": 58,
                    "uid": 57
                },
                {
                    "coord": [
                        236,
                        611
                    ],
                    "is_working": true,
                    "name": "Пл. 528 км/Бесовец",
                    "rect": [
                        107,
                        604,
                        116,
                        15
                    ],
                    "text_id": 59,
                    "uid": 58
                },
                {
                    "coord": [
                        336,
                        631
                    ],
                    "is_working": true,
                    "name": "Томицы",
                    "rect": [
                        349,
                        625,
                        51,
                        15
                    ],
                    "text_id": 25,
                    "uid": 59
                },
                {
                    "coord": [
                        336,
                        651
                    ],
                    "is_working": true,
                    "name": "Петрозаводск-Товарный",
                    "rect": [
                        349,
                        644,
                        156,
                        15
                    ],
                    "text_id": 26,
                    "uid": 60
                },
                {
                    "coord": [
                        336,
                        671
                    ],
                    "is_working": true,
                    "name": "Петрозаводск-Пассажирский",
                    "rect": [
                        349,
                        664,
                        187,
                        15
                    ],
                    "text_id": 27,
                    "uid": 61
                }
            ],
            "text_id": 60
        }
    ],
    "lines_width": 10,
    "name": "metro",
    "name_text_id": 61,
    "stations_diameter": 15.0,
    "transfers": [],
    "transports": [
        "metro"
    ],
    "type_name": "ROOT",
    "type_text_id": 62,
    "upper_case": true,
    "width": 486,
    "word_wrap": false
}