{
    "lines": [
        {
            "delays": [],
            "name": "1",
            "scheme": null,
            "segments": [
                [
                    0,
                    1,
                    120
                ],
                [
                    1,
                    0,
                    120
                ],
                [
                    1,
                    2,
                    120
                ],
                [
                    2,
                    1,
                    120
                ],
                [
                    2,
                    3,
                    120
                ],
                [
                    3,
                    2,
                    120
                ],
                [
                    3,
                    4,
                    120
                ],
                [
                    4,
                    3,
                    120
                ],
                [
                    4,
                    5,
                    120
                ],
                [
                    5,
                    4,
                    120
                ],
                [
                    5,
                    6,
                    120
                ],
                [
                    6,
                    5,
                    120
                ],
                [
                    6,
                    7,
                    120
                ],
                [
                    7,
                    6,
                    120
                ],
                [
                    7,
                    8,
                    0
                ],
                [
                    8,
                    7,
                    0
                ],
                [
                    8,
                    9,
                    0
                ],
                [
                    9,
                    8,
                    0
                ],
                [
                    9,
                    10,
                    0
                ],
                [
                    10,
                    9,
                    0
                ],
                [
                    10,
                    11,
                    0
                ],
                [
                    11,
                    10,
                    0
                ],
                [
                    11,
                    12,
                    0
                ],
                [
                    12,
                    11,
                    0
                ]
            ],
            "stations": [
                [
                    0,
                    "Hastana",
                    0
                ],
                [
                    1,
                    "Anadolu Lisesi",
                    1
                ],
                [
                    2,
                    "Huzurevi",
                    2
                ],
                [
                    3,
                    "Mavi Bulvar",
                    3
                ],
                [
                    4,
                    "Yurt",
                    4
                ],
                [
                    5,
                    "YesiLyurt",
                    5
                ],
                [
                    6,
                    "Fatih",
                    6
                ],
                [
                    7,
                    "Vilayet",
                    7
                ],
                [
                    8,
                    "Istiklal",
                    8
                ],
                [
                    9,
                    "Kocavezir",
                    9
                ],
                [
                    10,
                    "Hurriet",
                    10
                ],
                [
                    11,
                    "Cumhuriyet",
                    11
                ],
                [
                    12,
                    "Akincilar",
                    12
                ]
            ],
            "text_id": 13
        }
    ],
    "name": "metro",
    "transfers": [],
    "type_name": "Метро"
}