{
    "0": "Vanlose",
    "1": "Flinthom",
    "2": "Lindevang",
    "3": "Solbjerg",
    "4": "Fredericksberg",
    "5": "Forum",
    "6": "Norreport",
    "7": "Kongens Nytorv",
    "8": "Cristianshavn",
    "9": "Islands Brygge",
    "10": "Universitetet",
    "11": "Sundby",
    "12": "Bella Center",
    "13": "Orestad",
    "14": "Vestamager",
    "15": "M 1",
    "16": "Amagerbro",
    "17": "Lergravsparken",
    "18": "Oresund",
    "19": "Amager Strand",
    "20": "Femoren",
    "21": "Kastrup",
    "22": "Lufthavnen",
    "23": "M 2",
    "24": "Метро",
    "25": "ROOT",
    "26": "Метро",
    "27": "Схема от 09.07.2008г.\nКарту прислал Савицкий Владислав.\n\nИнтервалы движения - ждем Вашей помощи.",
    "28": "Imported from http://pmetro.su"
}