{
    "lines": [
        {
            "delays": [],
            "name": "O-Train",
            "scheme": null,
            "segments": [
                [
                    0,
                    1,
                    120
                ],
                [
                    1,
                    0,
                    120
                ],
                [
                    1,
                    2,
                    120
                ],
                [
                    2,
                    1,
                    120
                ],
                [
                    2,
                    3,
                    120
                ],
                [
                    3,
                    2,
                    120
                ],
                [
                    3,
                    4,
                    120
                ],
                [
                    4,
                    3,
                    120
                ]
            ],
            "stations": [
                [
                    0,
                    "Bayview",
                    0
                ],
                [
                    1,
                    "Carling",
                    1
                ],
                [
                    2,
                    "Carleton",
                    2
                ],
                [
                    3,
                    "Confederation",
                    3
                ],
                [
                    4,
                    "Greenboro",
                    4
                ]
            ],
            "text_id": 5
        }
    ],
    "name": "metro",
    "transfers": [],
    "type_name": "Электричка"
}