{
    "lines": [
        {
            "delays": [],
            "name": "1",
            "scheme": null,
            "segments": [
                [
                    0,
                    1,
                    120
                ],
                [
                    1,
                    0,
                    120
                ],
                [
                    1,
                    2,
                    120
                ],
                [
                    2,
                    1,
                    120
                ],
                [
                    2,
                    3,
                    120
                ],
                [
                    3,
                    2,
                    120
                ],
                [
                    3,
                    4,
                    120
                ],
                [
                    4,
                    3,
                    120
                ],
                [
                    4,
                    5,
                    120
                ],
                [
                    5,
                    4,
                    120
                ],
                [
                    5,
                    6,
                    120
                ],
                [
                    6,
                    5,
                    120
                ],
                [
                    6,
                    7,
                    120
                ],
                [
                    7,
                    6,
                    120
                ],
                [
                    7,
                    8,
                    120
                ],
                [
                    8,
                    7,
                    120
                ],
                [
                    8,
                    9,
                    120
                ],
                [
                    9,
                    8,
                    120
                ],
                [
                    9,
                    10,
                    120
                ],
                [
                    10,
                    9,
                    120
                ],
                [
                    10,
                    11,
                    120
                ],
                [
                    11,
                    10,
                    120
                ],
                [
                    11,
                    12,
                    120
                ],
                [
                    12,
                    11,
                    120
                ],
                [
                    12,
                    13,
                    120
                ],
                [
                    13,
                    12,
                    120
                ],
                [
                    13,
                    14,
                    120
                ],
                [
                    14,
                    13,
                    120
                ],
                [
                    14,
                    15,
                    120
                ],
                [
                    15,
                    14,
                    120
                ],
                [
                    15,
                    16,
                    120
                ],
                [
                    16,
                    15,
                    120
                ],
                [
                    16,
                    17,
                    120
                ],
                [
                    17,
                    16,
                    120
                ],
                [
                    17,
                    18,
                    120
                ],
                [
                    18,
                    17,
                    120
                ],
                [
                    18,
                    19,
                    120
                ],
                [
                    19,
                    18,
                    120
                ],
                [
                    19,
                    20,
                    120
                ],
                [
                    20,
                    19,
                    120
                ],
                [
                    20,
                    21,
                    120
                ],
                [
                    21,
                    20,
                    120
                ]
            ],
            "stations": [
                [
                    0,
                    "Ghadir",
                    0
                ],
                [
                    1,
                    "Etesami",
                    1
                ],
                [
                    2,
                    "Hafez",
                    2
                ],
                [
                    3,
                    "Basij",
                    3
                ],
                [
                    4,
                    "Imam Khomeini",
                    4
                ],
                [
                    5,
                    "Shariati",
                    5
                ],
                [
                    6,
                    "Pastor",
                    6
                ],
                [
                    7,
                    "Taleghani",
                    7
                ],
                [
                    8,
                    "Phalestine",
                    8
                ],
                [
                    9,
                    "Khaiyam",
                    9
                ],
                [
                    10,
                    "Azadi",
                    10
                ],
                [
                    11,
                    "Park",
                    11
                ],
                [
                    12,
                    "Kosar",
                    12
                ],
                [
                    13,
                    "Hashemieh",
                    13
                ],
                [
                    14,
                    "Daneshamooz",
                    14
                ],
                [
                    15,
                    "Daneshjoo",
                    15
                ],
                [
                    16,
                    "Sadaf",
                    16
                ],
                [
                    17,
                    "Tarbiat",
                    17
                ],
                [
                    18,
                    "Dandanpezeshkan",
                    18
                ],
                [
                    19,
                    "Namayeshgah",
                    19
                ],
                [
                    20,
                    "Koohestan Park",
                    20
                ],
                [
                    21,
                    "Torghabeh",
                    21
                ]
            ],
            "text_id": 22
        }
    ],
    "name": "metro",
    "transfers": [],
    "type_name": "Метро"
}