{
    "default_transports": [
        "metro"
    ],
    "height": 865,
    "images": [
        "res/schemes/pittsburgh.svg"
    ],
    "is_vector": true,
    "lines": [
        {
            "labels_bg_color": "-1",
            "labels_color": "e08000",
            "line_color": "e08000",
            "line_width": 5,
            "name": "42S",
            "segments": [
                [
                    0,
                    1,
                    [
                        [
                            309,
                            36
                        ],
                        [
                            274,
                            36
                        ]
                    ],
                    true
                ],
                [
                    1,
                    2,
                    [
                        [
                            309,
                            70
                        ],
                        [
                            309,
                            36
                        ]
                    ],
                    true
                ],
                [
                    2,
                    3,
                    [
                        [
                            331,
                            70
                        ],
                        [
                            309,
                            70
                        ]
                    ],
                    true
                ],
                [
                    3,
                    4,
                    [
                        [
                            346,
                            80
                        ],
                        [
                            336.0,
                            70.0
                        ],
                        [
                            331,
                            70
                        ]
                    ],
                    true
                ],
                [
                    4,
                    5,
                    [
                        [
                            341,
                            100
                        ],
                        [
                            346.0,
                            95.0
                        ],
                        [
                            346,
                            80
                        ]
                    ],
                    true
                ],
                [
                    5,
                    6,
                    [
                        [
                            316,
                            115
                        ],
                        [
                            326.0,
                            115.0
                        ],
                        [
                            341,
                            100
                        ]
                    ],
                    true
                ],
                [
                    6,
                    7,
                    [
                        [
                            301,
                            160
                        ],
                        [
                            301.0,
                            115.0
                        ],
                        [
                            316,
                            115
                        ]
                    ],
                    true
                ],
                [
                    7,
                    8,
                    [
                        [
                            286,
                            175
                        ],
                        [
                            301,
                            160
                        ]
                    ],
                    true
                ],
                [
                    8,
                    9,
                    [
                        [
                            281,
                            185
                        ],
                        [
                            281.0,
                            180.0
                        ],
                        [
                            286,
                            175
                        ]
                    ],
                    true
                ],
                [
                    9,
                    10,
                    [
                        [
                            281,
                            195
                        ],
                        [
                            281,
                            185
                        ]
                    ],
                    true
                ],
                [
                    10,
                    11,
                    [
                        [
                            271,
                            205
                        ],
                        [
                            281,
                            195
                        ]
                    ],
                    true
                ],
                [
                    11,
                    12,
                    [
                        [
                            256,
                            200
                        ],
                        [
                            266.0,
                            210.0
                        ],
                        [
                            271,
                            205
                        ]
                    ],
                    true
                ],
                [
                    12,
                    13,
                    [
                        [
                            251,
                            195
                        ],
                        [
                            256,
                            200
                        ]
                    ],
                    true
                ],
                [
                    13,
                    14,
                    [
                        [
                            238,
                            198
                        ],
                        [
                            241.0,
                            195.0
                        ],
                        [
                            251,
                            195
                        ]
                    ],
                    true
                ],
                [
                    14,
                    15,
                    [
                        [
                            231,
                            205
                        ],
                        [
                            238,
                            198
                        ]
                    ],
                    true
                ],
                [
                    15,
                    16,
                    [
                        [
                            224,
                            212
                        ],
                        [
                            231,
                            205
                        ]
                    ],
                    true
                ],
                [
                    16,
                    17,
                    [
                        [
                            216,
                            220
                        ],
                        [
                            224,
                            212
                        ]
                    ],
                    true
                ],
                [
                    17,
                    18,
                    [
                        [
                            211,
                            232
                        ],
                        [
                            211.0,
                            225.0
                        ],
                        [
                            216,
                            220
                        ]
                    ],
                    true
                ],
                [
                    18,
                    19,
                    [
                        [
                            211,
                            240
                        ],
                        [
                            211,
                            232
                        ]
                    ],
                    true
                ],
                [
                    19,
                    20,
                    [
                        [
                            201,
                            250
                        ],
                        [
                            211,
                            240
                        ]
                    ],
                    true
                ],
                [
                    20,
                    21,
                    [
                        [
                            191,
                            260
                        ],
                        [
                            201,
                            250
                        ]
                    ],
                    true
                ],
                [
                    21,
                    22,
                    [
                        [
                            181,
                            270
                        ],
                        [
                            191,
                            260
                        ]
                    ],
                    true
                ],
                [
                    22,
                    23,
                    [
                        [
                            170,
                            281
                        ],
                        [
                            181,
                            270
                        ]
                    ],
                    true
                ],
                [
                    23,
                    24,
                    [
                        [
                            161,
                            315
                        ],
                        [
                            161.0,
                            290.0
                        ],
                        [
                            170,
                            281
                        ]
                    ],
                    true
                ],
                [
                    24,
                    25,
                    [
                        [
                            171,
                            350
                        ],
                        [
                            161.0,
                            340.0
                        ],
                        [
                            161,
                            315
                        ]
                    ],
                    true
                ],
                [
                    25,
                    26,
                    [
                        [
                            193,
                            372
                        ],
                        [
                            171,
                            350
                        ]
                    ],
                    true
                ],
                [
                    26,
                    27,
                    [
                        [
                            206,
                            385
                        ],
                        [
                            193,
                            372
                        ]
                    ],
                    true
                ],
                [
                    27,
                    28,
                    [
                        [
                            216,
                            395
                        ],
                        [
                            206,
                            385
                        ]
                    ],
                    true
                ],
                [
                    28,
                    29,
                    [
                        [
                            211,
                            405
                        ],
                        [
                            216.0,
                            400.0
                        ],
                        [
                            216,
                            395
                        ]
                    ],
                    true
                ],
                [
                    29,
                    30,
                    [
                        [
                            206,
                            415
                        ],
                        [
                            206.0,
                            410.0
                        ],
                        [
                            211,
                            405
                        ]
                    ],
                    true
                ],
                [
                    30,
                    31,
                    [
                        [
                            206,
                            430
                        ],
                        [
                            206,
                            415
                        ]
                    ],
                    true
                ],
                [
                    31,
                    32,
                    [
                        [
                            206,
                            445
                        ],
                        [
                            206,
                            430
                        ]
                    ],
                    true
                ],
                [
                    32,
                    33,
                    [
                        [
                            195,
                            460
                        ],
                        [
                            206.0,
                            449.0
                        ],
                        [
                            206,
                            445
                        ]
                    ],
                    true
                ],
                [
                    33,
                    34,
                    [
                        [
                            170,
                            460
                        ],
                        [
                            195,
                            460
                        ]
                    ],
                    true
                ],
                [
                    34,
                    35,
                    [
                        [
                            160,
                            470
                        ],
                        [
                            170,
                            460
                        ]
                    ],
                    true
                ],
                [
                    35,
                    36,
                    [
                        [
                            150,
                            480
                        ],
                        [
                            160,
                            470
                        ]
                    ],
                    true
                ],
                [
                    36,
                    37,
                    [
                        [
                            140,
                            500
                        ],
                        [
                            145.0,
                            495.0
                        ],
                        [
                            145.0,
                            485.0
                        ],
                        [
                            150,
                            480
                        ]
                    ],
                    true
                ],
                [
                    37,
                    38,
                    [
                        [
                            115,
                            500
                        ],
                        [
                            140,
                            500
                        ]
                    ],
                    true
                ]
            ],
            "stations": [
                {
                    "coord": [
                        274,
                        36
                    ],
                    "is_working": true,
                    "name": "Allegheny",
                    "rect": [
                        248,
                        2,
                        52,
                        15
                    ],
                    "text_id": 0,
                    "uid": 0
                },
                {
                    "coord": [
                        309,
                        36
                    ],
                    "is_working": true,
                    "name": "North Side",
                    "rect": [
                        329,
                        18,
                        54,
                        15
                    ],
                    "text_id": 1,
                    "uid": 1
                },
                {
                    "coord": [
                        309,
                        70
                    ],
                    "is_working": true,
                    "name": "Gateway Center",
                    "rect": [
                        218,
                        66,
                        81,
                        15
                    ],
                    "text_id": 2,
                    "uid": 2
                },
                {
                    "coord": [
                        331,
                        70
                    ],
                    "is_working": true,
                    "name": "Wood Street",
                    "rect": [
                        355,
                        51,
                        62,
                        15
                    ],
                    "text_id": 3,
                    "uid": 3
                },
                {
                    "coord": [
                        346,
                        80
                    ],
                    "is_working": true,
                    "name": "Steel Plaza",
                    "rect": [
                        374,
                        72,
                        57,
                        15
                    ],
                    "text_id": 4,
                    "uid": 4
                },
                {
                    "coord": [
                        341,
                        100
                    ],
                    "is_working": true,
                    "name": "First Avenue",
                    "rect": [
                        370,
                        93,
                        65,
                        15
                    ],
                    "text_id": 5,
                    "uid": 5
                },
                {
                    "coord": [
                        316,
                        115
                    ],
                    "is_working": true,
                    "name": "Station Square",
                    "rect": [
                        234,
                        93,
                        74,
                        15
                    ],
                    "text_id": 6,
                    "uid": 6
                },
                {
                    "coord": [
                        301,
                        160
                    ],
                    "is_working": true,
                    "name": "South Hills Junction",
                    "rect": [
                        328,
                        154,
                        101,
                        15
                    ],
                    "text_id": 7,
                    "uid": 7
                },
                {
                    "coord": [
                        286,
                        175
                    ],
                    "is_working": true,
                    "name": "Palm Garden",
                    "rect": [
                        217,
                        160,
                        66,
                        15
                    ],
                    "text_id": 8,
                    "uid": 8
                },
                {
                    "coord": [
                        281,
                        185
                    ],
                    "is_working": true,
                    "name": "Dawn",
                    "rect": [
                        246,
                        171,
                        30,
                        15
                    ],
                    "text_id": 9,
                    "uid": 9
                },
                {
                    "coord": [
                        281,
                        195
                    ],
                    "is_working": true,
                    "name": "Traymore",
                    "rect": [
                        283,
                        200,
                        15,
                        49
                    ],
                    "text_id": 10,
                    "uid": 10
                },
                {
                    "coord": [
                        271,
                        205
                    ],
                    "is_working": true,
                    "name": "Pennant",
                    "rect": [
                        270,
                        210,
                        15,
                        42
                    ],
                    "text_id": 11,
                    "uid": 11
                },
                {
                    "coord": [
                        256,
                        200
                    ],
                    "is_working": true,
                    "name": "Westfield",
                    "rect": [
                        248,
                        209,
                        15,
                        48
                    ],
                    "text_id": 12,
                    "uid": 12
                },
                {
                    "coord": [
                        251,
                        195
                    ],
                    "is_working": true,
                    "name": "Fallowfield",
                    "rect": [
                        189,
                        177,
                        55,
                        15
                    ],
                    "text_id": 13,
                    "uid": 13
                },
                {
                    "coord": [
                        238,
                        198
                    ],
                    "is_working": true,
                    "name": "Hampshire",
                    "rect": [
                        169,
                        190,
                        56,
                        15
                    ],
                    "text_id": 14,
                    "uid": 14
                },
                {
                    "coord": [
                        231,
                        205
                    ],
                    "is_working": true,
                    "name": "Coast",
                    "rect": [
                        230,
                        211,
                        15,
                        31
                    ],
                    "text_id": 15,
                    "uid": 15
                },
                {
                    "coord": [
                        224,
                        212
                    ],
                    "is_working": true,
                    "name": "Belasco",
                    "rect": [
                        175,
                        203,
                        43,
                        15
                    ],
                    "text_id": 16,
                    "uid": 16
                },
                {
                    "coord": [
                        216,
                        220
                    ],
                    "is_working": true,
                    "name": "Boustead",
                    "rect": [
                        160,
                        214,
                        49,
                        15
                    ],
                    "text_id": 17,
                    "uid": 17
                },
                {
                    "coord": [
                        211,
                        232
                    ],
                    "is_working": true,
                    "name": "Shiras",
                    "rect": [
                        169,
                        225,
                        34,
                        15
                    ],
                    "text_id": 18,
                    "uid": 18
                },
                {
                    "coord": [
                        211,
                        240
                    ],
                    "is_working": true,
                    "name": "Neeld",
                    "rect": [
                        212,
                        245,
                        31,
                        15
                    ],
                    "text_id": 19,
                    "uid": 19
                },
                {
                    "coord": [
                        201,
                        250
                    ],
                    "is_working": true,
                    "name": "Stevenson",
                    "rect": [
                        141,
                        236,
                        54,
                        15
                    ],
                    "text_id": 20,
                    "uid": 20
                },
                {
                    "coord": [
                        191,
                        260
                    ],
                    "is_working": true,
                    "name": "Potomac",
                    "rect": [
                        138,
                        249,
                        45,
                        15
                    ],
                    "text_id": 21,
                    "uid": 21
                },
                {
                    "coord": [
                        181,
                        270
                    ],
                    "is_working": true,
                    "name": "Kelton",
                    "rect": [
                        138,
                        261,
                        34,
                        15
                    ],
                    "text_id": 22,
                    "uid": 22
                },
                {
                    "coord": [
                        170,
                        281
                    ],
                    "is_working": true,
                    "name": "Dormont Junction",
                    "rect": [
                        68,
                        272,
                        89,
                        15
                    ],
                    "text_id": 23,
                    "uid": 23
                },
                {
                    "coord": [
                        161,
                        315
                    ],
                    "is_working": true,
                    "name": "Mt. Lebanon",
                    "rect": [
                        91,
                        308,
                        62,
                        15
                    ],
                    "text_id": 24,
                    "uid": 24
                },
                {
                    "coord": [
                        171,
                        350
                    ],
                    "is_working": true,
                    "name": "Poplar",
                    "rect": [
                        130,
                        348,
                        34,
                        15
                    ],
                    "text_id": 25,
                    "uid": 25
                },
                {
                    "coord": [
                        193,
                        372
                    ],
                    "is_working": true,
                    "name": "Arlington",
                    "rect": [
                        137,
                        366,
                        47,
                        15
                    ],
                    "text_id": 26,
                    "uid": 26
                },
                {
                    "coord": [
                        206,
                        385
                    ],
                    "is_working": true,
                    "name": "Castle Shannon",
                    "rect": [
                        118,
                        379,
                        80,
                        15
                    ],
                    "text_id": 27,
                    "uid": 27
                },
                {
                    "coord": [
                        216,
                        395
                    ],
                    "is_working": true,
                    "name": "Overbrook Junction",
                    "rect": [
                        102,
                        391,
                        99,
                        15
                    ],
                    "text_id": 28,
                    "uid": 28
                },
                {
                    "coord": [
                        211,
                        405
                    ],
                    "is_working": true,
                    "name": "Martin Villa",
                    "rect": [
                        239,
                        404,
                        58,
                        15
                    ],
                    "text_id": 29,
                    "uid": 29
                },
                {
                    "coord": [
                        206,
                        415
                    ],
                    "is_working": true,
                    "name": "St. Anne's",
                    "rect": [
                        233,
                        415,
                        52,
                        15
                    ],
                    "text_id": 30,
                    "uid": 30
                },
                {
                    "coord": [
                        206,
                        430
                    ],
                    "is_working": true,
                    "name": "Smith",
                    "rect": [
                        232,
                        426,
                        30,
                        15
                    ],
                    "text_id": 31,
                    "uid": 31
                },
                {
                    "coord": [
                        206,
                        445
                    ],
                    "is_working": true,
                    "name": "Washington Junction",
                    "rect": [
                        232,
                        438,
                        105,
                        15
                    ],
                    "text_id": 32,
                    "uid": 32
                },
                {
                    "coord": [
                        195,
                        460
                    ],
                    "is_working": true,
                    "name": "Casswell",
                    "rect": [
                        143,
                        435,
                        48,
                        15
                    ],
                    "text_id": 33,
                    "uid": 33
                },
                {
                    "coord": [
                        170,
                        460
                    ],
                    "is_working": true,
                    "name": "Highland",
                    "rect": [
                        114,
                        447,
                        46,
                        15
                    ],
                    "text_id": 34,
                    "uid": 34
                },
                {
                    "coord": [
                        160,
                        470
                    ],
                    "is_working": true,
                    "name": "Santa Barbara",
                    "rect": [
                        69,
                        461,
                        73,
                        15
                    ],
                    "text_id": 35,
                    "uid": 35
                },
                {
                    "coord": [
                        150,
                        480
                    ],
                    "is_working": true,
                    "name": "Bethel Village",
                    "rect": [
                        68,
                        474,
                        71,
                        15
                    ],
                    "text_id": 36,
                    "uid": 36
                },
                {
                    "coord": [
                        140,
                        500
                    ],
                    "is_working": true,
                    "name": "Dorchester",
                    "rect": [
                        130,
                        515,
                        57,
                        15
                    ],
                    "text_id": 37,
                    "uid": 37
                },
                {
                    "coord": [
                        115,
                        500
                    ],
                    "is_working": true,
                    "name": "South Hills Village",
                    "rect": [
                        12,
                        495,
                        93,
                        15
                    ],
                    "text_id": 38,
                    "uid": 38
                }
            ],
            "text_id": 39
        },
        {
            "labels_bg_color": "-1",
            "labels_color": "0000ff",
            "line_color": "0000ff",
            "line_width": 5,
            "name": "47S",
            "segments": [
                [
                    39,
                    40,
                    [
                        [
                            314,
                            31
                        ],
                        [
                            279,
                            31
                        ]
                    ],
                    true
                ],
                [
                    40,
                    41,
                    [
                        [
                            314,
                            65
                        ],
                        [
                            314,
                            31
                        ]
                    ],
                    true
                ],
                [
                    41,
                    42,
                    [
                        [
                            336,
                            65
                        ],
                        [
                            314,
                            65
                        ]
                    ],
                    true
                ],
                [
                    42,
                    43,
                    [
                        [
                            355,
                            80
                        ],
                        [
                            340.0,
                            65.0
                        ],
                        [
                            336,
                            65
                        ]
                    ],
                    true
                ],
                [
                    43,
                    44,
                    [
                        [
                            350,
                            100
                        ],
                        [
                            355.0,
                            95.0
                        ],
                        [
                            355,
                            80
                        ]
                    ],
                    true
                ],
                [
                    44,
                    45,
                    [
                        [
                            321,
                            120
                        ],
                        [
                            330.0,
                            120.0
                        ],
                        [
                            350,
                            100
                        ]
                    ],
                    true
                ],
                [
                    45,
                    46,
                    [
                        [
                            310,
                            160
                        ],
                        [
                            310.0,
                            120.0
                        ],
                        [
                            321,
                            120
                        ]
                    ],
                    true
                ],
                [
                    46,
                    47,
                    [
                        [
                            295,
                            185
                        ],
                        [
                            295.0,
                            180.0
                        ],
                        [
                            310.0,
                            165.0
                        ],
                        [
                            310,
                            160
                        ]
                    ],
                    true
                ],
                [
                    47,
                    48,
                    [
                        [
                            325,
                            220
                        ],
                        [
                            295.0,
                            190.0
                        ],
                        [
                            295,
                            185
                        ]
                    ],
                    true
                ],
                [
                    48,
                    49,
                    [
                        [
                            325,
                            250
                        ],
                        [
                            325,
                            220
                        ]
                    ],
                    true
                ],
                [
                    49,
                    50,
                    [
                        [
                            325,
                            285
                        ],
                        [
                            325,
                            250
                        ]
                    ],
                    true
                ],
                [
                    50,
                    51,
                    [
                        [
                            300,
                            350
                        ],
                        [
                            325.0,
                            325.0
                        ],
                        [
                            325,
                            285
                        ]
                    ],
                    true
                ],
                [
                    51,
                    52,
                    [
                        [
                            285,
                            365
                        ],
                        [
                            300,
                            350
                        ]
                    ],
                    true
                ],
                [
                    52,
                    53,
                    [
                        [
                            260,
                            390
                        ],
                        [
                            285,
                            365
                        ]
                    ],
                    true
                ],
                [
                    53,
                    54,
                    [
                        [
                            230,
                            395
                        ],
                        [
                            255.0,
                            395.0
                        ],
                        [
                            260,
                            390
                        ]
                    ],
                    true
                ],
                [
                    54,
                    55,
                    [
                        [
                            220,
                            405
                        ],
                        [
                            230,
                            395
                        ]
                    ],
                    true
                ],
                [
                    55,
                    56,
                    [
                        [
                            215,
                            415
                        ],
                        [
                            215.0,
                            410.0
                        ],
                        [
                            220,
                            405
                        ]
                    ],
                    true
                ],
                [
                    56,
                    57,
                    [
                        [
                            215,
                            430
                        ],
                        [
                            215,
                            415
                        ]
                    ],
                    true
                ],
                [
                    57,
                    58,
                    [
                        [
                            215,
                            445
                        ],
                        [
                            215,
                            430
                        ]
                    ],
                    true
                ],
                [
                    58,
                    59,
                    [
                        [
                            200,
                            465
                        ],
                        [
                            215.0,
                            450.0
                        ],
                        [
                            215,
                            445
                        ]
                    ],
                    true
                ],
                [
                    59,
                    60,
                    [
                        [
                            175,
                            465
                        ],
                        [
                            200,
                            465
                        ]
                    ],
                    true
                ],
                [
                    60,
                    61,
                    [
                        [
                            165,
                            475
                        ],
                        [
                            175,
                            465
                        ]
                    ],
                    true
                ],
                [
                    61,
                    62,
                    [
                        [
                            155,
                            485
                        ],
                        [
                            165,
                            475
                        ]
                    ],
                    true
                ],
                [
                    62,
                    63,
                    [
                        [
                            145,
                            505
                        ],
                        [
                            150.0,
                            500.0
                        ],
                        [
                            150.0,
                            490.0
                        ],
                        [
                            155,
                            485
                        ]
                    ],
                    true
                ],
                [
                    63,
                    64,
                    [
                        [
                            120,
                            505
                        ],
                        [
                            145,
                            505
                        ]
                    ],
                    true
                ]
            ],
            "stations": [
                {
                    "coord": [
                        279,
                        31
                    ],
                    "is_working": true,
                    "name": "Allegheny",
                    "rect": null,
                    "text_id": 0,
                    "uid": 39
                },
                {
                    "coord": [
                        314,
                        31
                    ],
                    "is_working": true,
                    "name": "North Side",
                    "rect": null,
                    "text_id": 1,
                    "uid": 40
                },
                {
                    "coord": [
                        314,
                        65
                    ],
                    "is_working": true,
                    "name": "Gateway Center",
                    "rect": null,
                    "text_id": 2,
                    "uid": 41
                },
                {
                    "coord": [
                        336,
                        65
                    ],
                    "is_working": true,
                    "name": "Wood Street",
                    "rect": null,
                    "text_id": 3,
                    "uid": 42
                },
                {
                    "coord": [
                        355,
                        80
                    ],
                    "is_working": true,
                    "name": "Steel Plaza",
                    "rect": null,
                    "text_id": 4,
                    "uid": 43
                },
                {
                    "coord": [
                        350,
                        100
                    ],
                    "is_working": true,
                    "name": "First Avenue",
                    "rect": null,
                    "text_id": 5,
                    "uid": 44
                },
                {
                    "coord": [
                        321,
                        120
                    ],
                    "is_working": true,
                    "name": "Station Square",
                    "rect": null,
                    "text_id": 6,
                    "uid": 45
                },
                {
                    "coord": [
                        310,
                        160
                    ],
                    "is_working": true,
                    "name": "South Hills Junction",
                    "rect": null,
                    "text_id": 7,
                    "uid": 46
                },
                {
                    "coord": [
                        295,
                        185
                    ],
                    "is_working": true,
                    "name": "Boggs",
                    "rect": [
                        313,
                        178,
                        34,
                        15
                    ],
                    "text_id": 40,
                    "uid": 47
                },
                {
                    "coord": [
                        325,
                        220
                    ],
                    "is_working": true,
                    "name": "Bon Air",
                    "rect": [
                        344,
                        213,
                        40,
                        15
                    ],
                    "text_id": 41,
                    "uid": 48
                },
                {
                    "coord": [
                        325,
                        250
                    ],
                    "is_working": true,
                    "name": "Denise",
                    "rect": [
                        344,
                        243,
                        37,
                        15
                    ],
                    "text_id": 42,
                    "uid": 49
                },
                {
                    "coord": [
                        325,
                        285
                    ],
                    "is_working": true,
                    "name": "South Bank",
                    "rect": [
                        344,
                        278,
                        59,
                        15
                    ],
                    "text_id": 43,
                    "uid": 50
                },
                {
                    "coord": [
                        300,
                        350
                    ],
                    "is_working": true,
                    "name": "McNeilly",
                    "rect": [
                        318,
                        347,
                        46,
                        15
                    ],
                    "text_id": 44,
                    "uid": 51
                },
                {
                    "coord": [
                        285,
                        365
                    ],
                    "is_working": true,
                    "name": "Killarney",
                    "rect": [
                        302,
                        363,
                        47,
                        15
                    ],
                    "text_id": 45,
                    "uid": 52
                },
                {
                    "coord": [
                        260,
                        390
                    ],
                    "is_working": true,
                    "name": "Memorial Hall",
                    "rect": [
                        277,
                        389,
                        71,
                        15
                    ],
                    "text_id": 46,
                    "uid": 53
                },
                {
                    "coord": [
                        230,
                        395
                    ],
                    "is_working": true,
                    "name": "Willow",
                    "rect": [
                        216,
                        373,
                        35,
                        15
                    ],
                    "text_id": 47,
                    "uid": 54
                },
                {
                    "coord": [
                        220,
                        405
                    ],
                    "is_working": true,
                    "name": "Martin Villa",
                    "rect": null,
                    "text_id": 29,
                    "uid": 55
                },
                {
                    "coord": [
                        215,
                        415
                    ],
                    "is_working": true,
                    "name": "St. Anne's",
                    "rect": null,
                    "text_id": 30,
                    "uid": 56
                },
                {
                    "coord": [
                        215,
                        430
                    ],
                    "is_working": true,
                    "name": "Smith",
                    "rect": null,
                    "text_id": 31,
                    "uid": 57
                },
                {
                    "coord": [
                        215,
                        445
                    ],
                    "is_working": true,
                    "name": "Washington Junction",
                    "rect": null,
                    "text_id": 32,
                    "uid": 58
                },
                {
                    "coord": [
                        200,
                        465
                    ],
                    "is_working": true,
                    "name": "Casswell",
                    "rect": null,
                    "text_id": 33,
                    "uid": 59
                },
                {
                    "coord": [
                        175,
                        465
                    ],
                    "is_working": true,
                    "name": "Highland",
                    "rect": null,
                    "text_id": 34,
                    "uid": 60
                },
                {
                    "coord": [
                        165,
                        475
                    ],
                    "is_working": true,
                    "name": "Santa Barbara",
                    "rect": null,
                    "text_id": 35,
                    "uid": 61
                },
                {
                    "coord": [
                        155,
                        485
                    ],
                    "is_working": true,
                    "name": "Bethel Village",
                    "rect": null,
                    "text_id": 36,
                    "uid": 62
                },
                {
                    "coord": [
                        145,
                        505
                    ],
                    "is_working": true,
                    "name": "Dorchester",
                    "rect": null,
                    "text_id": 37,
                    "uid": 63
                },
                {
                    "coord": [
                        120,
                        505
                    ],
                    "is_working": true,
                    "name": "South Hills Village",
                    "rect": null,
                    "text_id": 38,
                    "uid": 64
                }
            ],
            "text_id": 48
        },
        {
            "labels_bg_color": "-1",
            "labels_color": "ff0000",
            "line_color": "ff0000",
            "line_width": 5,
            "name": "47L",
            "segments": [
                [
                    65,
                    66,
                    [
                        [
                            319,
                            26
                        ],
                        [
                            284,
                            26
                        ]
                    ],
                    true
                ],
                [
                    66,
                    67,
                    [
                        [
                            319,
                            60
                        ],
                        [
                            319,
                            26
                        ]
                    ],
                    true
                ],
                [
                    67,
                    68,
                    [
                        [
                            341,
                            60
                        ],
                        [
                            319,
                            60
                        ]
                    ],
                    true
                ],
                [
                    68,
                    69,
                    [
                        [
                            364,
                            80
                        ],
                        [
                            344.0,
                            60.0
                        ],
                        [
                            341,
                            60
                        ]
                    ],
                    true
                ],
                [
                    69,
                    70,
                    [
                        [
                            359,
                            100
                        ],
                        [
                            364.0,
                            95.0
                        ],
                        [
                            364,
                            80
                        ]
                    ],
                    true
                ],
                [
                    70,
                    71,
                    [
                        [
                            326,
                            125
                        ],
                        [
                            334.0,
                            125.0
                        ],
                        [
                            359,
                            100
                        ]
                    ],
                    true
                ],
                [
                    71,
                    72,
                    [
                        [
                            319,
                            160
                        ],
                        [
                            319.0,
                            125.0
                        ],
                        [
                            326,
                            125
                        ]
                    ],
                    true
                ],
                [
                    72,
                    73,
                    [
                        [
                            304,
                            185
                        ],
                        [
                            304.0,
                            180.0
                        ],
                        [
                            319.0,
                            165.0
                        ],
                        [
                            319,
                            160
                        ]
                    ],
                    true
                ],
                [
                    73,
                    74,
                    [
                        [
                            334,
                            220
                        ],
                        [
                            304.0,
                            190.0
                        ],
                        [
                            304,
                            185
                        ]
                    ],
                    true
                ],
                [
                    74,
                    75,
                    [
                        [
                            334,
                            250
                        ],
                        [
                            334,
                            220
                        ]
                    ],
                    true
                ],
                [
                    75,
                    76,
                    [
                        [
                            334,
                            285
                        ],
                        [
                            334,
                            250
                        ]
                    ],
                    true
                ],
                [
                    76,
                    77,
                    [
                        [
                            309,
                            350
                        ],
                        [
                            334.0,
                            325.0
                        ],
                        [
                            334,
                            285
                        ]
                    ],
                    true
                ],
                [
                    77,
                    78,
                    [
                        [
                            294,
                            365
                        ],
                        [
                            309,
                            350
                        ]
                    ],
                    true
                ],
                [
                    78,
                    79,
                    [
                        [
                            269,
                            390
                        ],
                        [
                            294,
                            365
                        ]
                    ],
                    true
                ],
                [
                    79,
                    80,
                    [
                        [
                            234,
                            400
                        ],
                        [
                            259.0,
                            400.0
                        ],
                        [
                            269,
                            390
                        ]
                    ],
                    true
                ],
                [
                    80,
                    81,
                    [
                        [
                            229,
                            405
                        ],
                        [
                            234,
                            400
                        ]
                    ],
                    true
                ],
                [
                    81,
                    82,
                    [
                        [
                            224,
                            415
                        ],
                        [
                            224.0,
                            410.0
                        ],
                        [
                            229,
                            405
                        ]
                    ],
                    true
                ],
                [
                    82,
                    83,
                    [
                        [
                            224,
                            430
                        ],
                        [
                            224,
                            415
                        ]
                    ],
                    true
                ],
                [
                    83,
                    84,
                    [
                        [
                            224,
                            445
                        ],
                        [
                            224,
                            430
                        ]
                    ],
                    true
                ],
                [
                    84,
                    85,
                    [
                        [
                            224,
                            460
                        ],
                        [
                            224,
                            445
                        ]
                    ],
                    true
                ],
                [
                    85,
                    86,
                    [
                        [
                            224,
                            475
                        ],
                        [
                            224,
                            460
                        ]
                    ],
                    true
                ],
                [
                    86,
                    87,
                    [
                        [
                            209,
                            495
                        ],
                        [
                            224.0,
                            480.0
                        ],
                        [
                            224,
                            475
                        ]
                    ],
                    true
                ],
                [
                    87,
                    88,
                    [
                        [
                            204,
                            515
                        ],
                        [
                            204.0,
                            500.0
                        ],
                        [
                            209,
                            495
                        ]
                    ],
                    true
                ],
                [
                    88,
                    89,
                    [
                        [
                            204,
                            525
                        ],
                        [
                            204,
                            515
                        ]
                    ],
                    true
                ],
                [
                    89,
                    90,
                    [
                        [
                            204,
                            540
                        ],
                        [
                            204,
                            525
                        ]
                    ],
                    true
                ],
                [
                    90,
                    91,
                    [
                        [
                            204,
                            555
                        ],
                        [
                            204,
                            540
                        ]
                    ],
                    true
                ],
                [
                    91,
                    92,
                    [
                        [
                            204,
                            570
                        ],
                        [
                            204,
                            555
                        ]
                    ],
                    true
                ],
                [
                    92,
                    93,
                    [
                        [
                            204,
                            585
                        ],
                        [
                            204,
                            570
                        ]
                    ],
                    true
                ],
                [
                    93,
                    94,
                    [
                        [
                            204,
                            600
                        ],
                        [
                            204,
                            585
                        ]
                    ],
                    true
                ],
                [
                    94,
                    95,
                    [
                        [
                            189,
                            625
                        ],
                        [
                            189.0,
                            615.0
                        ],
                        [
                            204,
                            600
                        ]
                    ],
                    true
                ],
                [
                    95,
                    96,
                    [
                        [
                            189,
                            640
                        ],
                        [
                            189,
                            625
                        ]
                    ],
                    true
                ],
                [
                    96,
                    97,
                    [
                        [
                            189,
                            665
                        ],
                        [
                            189,
                            640
                        ]
                    ],
                    true
                ],
                [
                    97,
                    98,
                    [
                        [
                            189,
                            680
                        ],
                        [
                            189,
                            665
                        ]
                    ],
                    true
                ],
                [
                    98,
                    99,
                    [
                        [
                            199,
                            690
                        ],
                        [
                            189,
                            680
                        ]
                    ],
                    true
                ],
                [
                    99,
                    100,
                    [
                        [
                            224,
                            715
                        ],
                        [
                            199,
                            690
                        ]
                    ],
                    true
                ]
            ],
            "stations": [
                {
                    "coord": [
                        284,
                        26
                    ],
                    "is_working": true,
                    "name": "Allegheny",
                    "rect": null,
                    "text_id": 0,
                    "uid": 65
                },
                {
                    "coord": [
                        319,
                        26
                    ],
                    "is_working": true,
                    "name": "North Side",
                    "rect": null,
                    "text_id": 1,
                    "uid": 66
                },
                {
                    "coord": [
                        319,
                        60
                    ],
                    "is_working": true,
                    "name": "Gateway Center",
                    "rect": null,
                    "text_id": 2,
                    "uid": 67
                },
                {
                    "coord": [
                        341,
                        60
                    ],
                    "is_working": true,
                    "name": "Wood Street",
                    "rect": null,
                    "text_id": 3,
                    "uid": 68
                },
                {
                    "coord": [
                        364,
                        80
                    ],
                    "is_working": true,
                    "name": "Steel Plaza",
                    "rect": null,
                    "text_id": 4,
                    "uid": 69
                },
                {
                    "coord": [
                        359,
                        100
                    ],
                    "is_working": true,
                    "name": "First Avenue",
                    "rect": null,
                    "text_id": 5,
                    "uid": 70
                },
                {
                    "coord": [
                        326,
                        125
                    ],
                    "is_working": true,
                    "name": "Station Square",
                    "rect": null,
                    "text_id": 6,
                    "uid": 71
                },
                {
                    "coord": [
                        319,
                        160
                    ],
                    "is_working": true,
                    "name": "South Hills Junction",
                    "rect": null,
                    "text_id": 7,
                    "uid": 72
                },
                {
                    "coord": [
                        304,
                        185
                    ],
                    "is_working": true,
                    "name": "Boggs",
                    "rect": null,
                    "text_id": 40,
                    "uid": 73
                },
                {
                    "coord": [
                        334,
                        220
                    ],
                    "is_working": true,
                    "name": "Bon Air",
                    "rect": null,
                    "text_id": 41,
                    "uid": 74
                },
                {
                    "coord": [
                        334,
                        250
                    ],
                    "is_working": true,
                    "name": "Denise",
                    "rect": null,
                    "text_id": 42,
                    "uid": 75
                },
                {
                    "coord": [
                        334,
                        285
                    ],
                    "is_working": true,
                    "name": "South Bank",
                    "rect": null,
                    "text_id": 43,
                    "uid": 76
                },
                {
                    "coord": [
                        309,
                        350
                    ],
                    "is_working": true,
                    "name": "McNeilly",
                    "rect": null,
                    "text_id": 44,
                    "uid": 77
                },
                {
                    "coord": [
                        294,
                        365
                    ],
                    "is_working": true,
                    "name": "Killarney",
                    "rect": null,
                    "text_id": 45,
                    "uid": 78
                },
                {
                    "coord": [
                        269,
                        390
                    ],
                    "is_working": true,
                    "name": "Memorial Hall",
                    "rect": null,
                    "text_id": 46,
                    "uid": 79
                },
                {
                    "coord": [
                        234,
                        400
                    ],
                    "is_working": true,
                    "name": "Willow",
                    "rect": null,
                    "text_id": 47,
                    "uid": 80
                },
                {
                    "coord": [
                        229,
                        405
                    ],
                    "is_working": true,
                    "name": "Martin Villa",
                    "rect": null,
                    "text_id": 29,
                    "uid": 81
                },
                {
                    "coord": [
                        224,
                        415
                    ],
                    "is_working": true,
                    "name": "St. Anne's",
                    "rect": null,
                    "text_id": 30,
                    "uid": 82
                },
                {
                    "coord": [
                        224,
                        430
                    ],
                    "is_working": true,
                    "name": "Smith",
                    "rect": null,
                    "text_id": 31,
                    "uid": 83
                },
                {
                    "coord": [
                        224,
                        445
                    ],
                    "is_working": true,
                    "name": "Washington Junction",
                    "rect": null,
                    "text_id": 32,
                    "uid": 84
                },
                {
                    "coord": [
                        224,
                        460
                    ],
                    "is_working": true,
                    "name": "Mine 3",
                    "rect": [
                        232,
                        453,
                        35,
                        15
                    ],
                    "text_id": 49,
                    "uid": 85
                },
                {
                    "coord": [
                        224,
                        475
                    ],
                    "is_working": true,
                    "name": "Hillcrest",
                    "rect": [
                        232,
                        468,
                        44,
                        15
                    ],
                    "text_id": 50,
                    "uid": 86
                },
                {
                    "coord": [
                        209,
                        495
                    ],
                    "is_working": true,
                    "name": "Lindemere",
                    "rect": [
                        218,
                        491,
                        54,
                        15
                    ],
                    "text_id": 51,
                    "uid": 87
                },
                {
                    "coord": [
                        204,
                        515
                    ],
                    "is_working": true,
                    "name": "Center",
                    "rect": [
                        212,
                        508,
                        35,
                        15
                    ],
                    "text_id": 52,
                    "uid": 88
                },
                {
                    "coord": [
                        204,
                        525
                    ],
                    "is_working": true,
                    "name": "Lytle",
                    "rect": [
                        212,
                        519,
                        26,
                        15
                    ],
                    "text_id": 53,
                    "uid": 89
                },
                {
                    "coord": [
                        204,
                        540
                    ],
                    "is_working": true,
                    "name": "Mesta",
                    "rect": [
                        212,
                        533,
                        32,
                        15
                    ],
                    "text_id": 54,
                    "uid": 90
                },
                {
                    "coord": [
                        204,
                        555
                    ],
                    "is_working": true,
                    "name": "South Park",
                    "rect": [
                        212,
                        548,
                        56,
                        15
                    ],
                    "text_id": 55,
                    "uid": 91
                },
                {
                    "coord": [
                        204,
                        570
                    ],
                    "is_working": true,
                    "name": "Monroe",
                    "rect": [
                        212,
                        563,
                        39,
                        15
                    ],
                    "text_id": 56,
                    "uid": 92
                },
                {
                    "coord": [
                        204,
                        585
                    ],
                    "is_working": true,
                    "name": "Latimer",
                    "rect": [
                        212,
                        578,
                        39,
                        15
                    ],
                    "text_id": 57,
                    "uid": 93
                },
                {
                    "coord": [
                        204,
                        600
                    ],
                    "is_working": true,
                    "name": "Sarah",
                    "rect": [
                        212,
                        593,
                        31,
                        15
                    ],
                    "text_id": 58,
                    "uid": 94
                },
                {
                    "coord": [
                        189,
                        625
                    ],
                    "is_working": true,
                    "name": "Logan",
                    "rect": [
                        197,
                        619,
                        32,
                        15
                    ],
                    "text_id": 59,
                    "uid": 95
                },
                {
                    "coord": [
                        189,
                        640
                    ],
                    "is_working": true,
                    "name": "King's School",
                    "rect": [
                        197,
                        634,
                        70,
                        15
                    ],
                    "text_id": 60,
                    "uid": 96
                },
                {
                    "coord": [
                        189,
                        665
                    ],
                    "is_working": true,
                    "name": "Beagle",
                    "rect": [
                        197,
                        658,
                        37,
                        15
                    ],
                    "text_id": 61,
                    "uid": 97
                },
                {
                    "coord": [
                        189,
                        680
                    ],
                    "is_working": true,
                    "name": "Sandy Creek",
                    "rect": [
                        116,
                        674,
                        66,
                        15
                    ],
                    "text_id": 62,
                    "uid": 98
                },
                {
                    "coord": [
                        199,
                        690
                    ],
                    "is_working": true,
                    "name": "West Library",
                    "rect": [
                        128,
                        691,
                        65,
                        15
                    ],
                    "text_id": 63,
                    "uid": 99
                },
                {
                    "coord": [
                        224,
                        715
                    ],
                    "is_working": true,
                    "name": "Library",
                    "rect": [
                        176,
                        710,
                        37,
                        15
                    ],
                    "text_id": 64,
                    "uid": 100
                }
            ],
            "text_id": 65
        }
    ],
    "lines_width": 5,
    "name": "metro",
    "name_text_id": 66,
    "stations_diameter": 9.0,
    "transfers": [
        [
            2,
            41,
            [
                309,
                70
            ],
            [
                314,
                65
            ]
        ],
        [
            2,
            67,
            [
                309,
                70
            ],
            [
                319,
                60
            ]
        ],
        [
            41,
            67,
            [
                314,
                65
            ],
            [
                319,
                60
            ]
        ],
        [
            3,
            42,
            [
                331,
                70
            ],
            [
                336,
                65
            ]
        ],
        [
            3,
            68,
            [
                331,
                70
            ],
            [
                341,
                60
            ]
        ],
        [
            42,
            68,
            [
                336,
                65
            ],
            [
                341,
                60
            ]
        ],
        [
            4,
            43,
            [
                346,
                80
            ],
            [
                355,
                80
            ]
        ],
        [
            4,
            69,
            [
                346,
                80
            ],
            [
                364,
                80
            ]
        ],
        [
            43,
            69,
            [
                355,
                80
            ],
            [
                364,
                80
            ]
        ],
        [
            5,
            44,
            [
                341,
                100
            ],
            [
                350,
                100
            ]
        ],
        [
            5,
            70,
            [
                341,
                100
            ],
            [
                359,
                100
            ]
        ],
        [
            44,
            70,
            [
                350,
                100
            ],
            [
                359,
                100
            ]
        ],
        [
            6,
            45,
            [
                316,
                115
            ],
            [
                321,
                120
            ]
        ],
        [
            6,
            71,
            [
                316,
                115
            ],
            [
                326,
                125
            ]
        ],
        [
            45,
            71,
            [
                321,
                120
            ],
            [
                326,
                125
            ]
        ],
        [
            7,
            46,
            [
                301,
                160
            ],
            [
                310,
                160
            ]
        ],
        [
            7,
            72,
            [
                301,
                160
            ],
            [
                319,
                160
            ]
        ],
        [
            46,
            72,
            [
                310,
                160
            ],
            [
                319,
                160
            ]
        ],
        [
            29,
            55,
            [
                211,
                405
            ],
            [
                220,
                405
            ]
        ],
        [
            29,
            81,
            [
                211,
                405
            ],
            [
                229,
                405
            ]
        ],
        [
            55,
            81,
            [
                220,
                405
            ],
            [
                229,
                405
            ]
        ],
        [
            30,
            56,
            [
                206,
                415
            ],
            [
                215,
                415
            ]
        ],
        [
            30,
            82,
            [
                206,
                415
            ],
            [
                224,
                415
            ]
        ],
        [
            56,
            82,
            [
                215,
                415
            ],
            [
                224,
                415
            ]
        ],
        [
            31,
            57,
            [
                206,
                430
            ],
            [
                215,
                430
            ]
        ],
        [
            31,
            83,
            [
                206,
                430
            ],
            [
                224,
                430
            ]
        ],
        [
            57,
            83,
            [
                215,
                430
            ],
            [
                224,
                430
            ]
        ],
        [
            32,
            58,
            [
                206,
                445
            ],
            [
                215,
                445
            ]
        ],
        [
            32,
            84,
            [
                206,
                445
            ],
            [
                224,
                445
            ]
        ],
        [
            58,
            84,
            [
                215,
                445
            ],
            [
                224,
                445
            ]
        ],
        [
            33,
            59,
            [
                195,
                460
            ],
            [
                200,
                465
            ]
        ],
        [
            34,
            60,
            [
                170,
                460
            ],
            [
                175,
                465
            ]
        ],
        [
            35,
            61,
            [
                160,
                470
            ],
            [
                165,
                475
            ]
        ],
        [
            36,
            62,
            [
                150,
                480
            ],
            [
                155,
                485
            ]
        ],
        [
            37,
            63,
            [
                140,
                500
            ],
            [
                145,
                505
            ]
        ],
        [
            38,
            64,
            [
                115,
                500
            ],
            [
                120,
                505
            ]
        ],
        [
            47,
            73,
            [
                295,
                185
            ],
            [
                304,
                185
            ]
        ],
        [
            48,
            74,
            [
                325,
                220
            ],
            [
                334,
                220
            ]
        ],
        [
            49,
            75,
            [
                325,
                250
            ],
            [
                334,
                250
            ]
        ],
        [
            50,
            76,
            [
                325,
                285
            ],
            [
                334,
                285
            ]
        ],
        [
            51,
            77,
            [
                300,
                350
            ],
            [
                309,
                350
            ]
        ],
        [
            52,
            78,
            [
                285,
                365
            ],
            [
                294,
                365
            ]
        ],
        [
            53,
            79,
            [
                260,
                390
            ],
            [
                269,
                390
            ]
        ],
        [
            54,
            80,
            [
                230,
                395
            ],
            [
                234,
                400
            ]
        ],
        [
            1,
            40,
            [
                309,
                36
            ],
            [
                314,
                31
            ]
        ],
        [
            1,
            66,
            [
                309,
                36
            ],
            [
                319,
                26
            ]
        ],
        [
            40,
            66,
            [
                314,
                31
            ],
            [
                319,
                26
            ]
        ],
        [
            0,
            39,
            [
                274,
                36
            ],
            [
                279,
                31
            ]
        ],
        [
            0,
            65,
            [
                274,
                36
            ],
            [
                284,
                26
            ]
        ],
        [
            39,
            65,
            [
                279,
                31
            ],
            [
                284,
                26
            ]
        ]
    ],
    "transports": [
        "metro"
    ],
    "type_name": "ROOT",
    "type_text_id": 67,
    "upper_case": false,
    "width": 514,
    "word_wrap": false
}