{
    "lines": [
        {
            "delays": [
                300,
                600
            ],
            "name": "A",
            "scheme": "a",
            "segments": [
                [
                    0,
                    1,
                    86
                ],
                [
                    1,
                    0,
                    86
                ],
                [
                    1,
                    2,
                    106
                ],
                [
                    2,
                    1,
                    106
                ],
                [
                    2,
                    3,
                    126
                ],
                [
                    3,
                    2,
                    126
                ],
                [
                    3,
                    4,
                    97
                ],
                [
                    4,
                    3,
                    97
                ],
                [
                    4,
                    5,
                    81
                ],
                [
                    5,
                    4,
                    81
                ],
                [
                    5,
                    6,
                    89
                ],
                [
                    6,
                    5,
                    89
                ],
                [
                    6,
                    7,
                    73
                ],
                [
                    7,
                    6,
                    73
                ],
                [
                    7,
                    8,
                    65
                ],
                [
                    8,
                    7,
                    65
                ],
                [
                    8,
                    9,
                    111
                ],
                [
                    9,
                    8,
                    111
                ],
                [
                    9,
                    10,
                    109
                ],
                [
                    10,
                    9,
                    109
                ],
                [
                    10,
                    11,
                    134
                ],
                [
                    11,
                    10,
                    134
                ],
                [
                    11,
                    12,
                    96
                ],
                [
                    12,
                    11,
                    96
                ],
                [
                    12,
                    13,
                    77
                ],
                [
                    13,
                    12,
                    77
                ],
                [
                    13,
                    14,
                    42
                ],
                [
                    14,
                    13,
                    42
                ],
                [
                    14,
                    15,
                    101
                ],
                [
                    15,
                    14,
                    101
                ],
                [
                    15,
                    16,
                    48
                ],
                [
                    16,
                    15,
                    48
                ],
                [
                    16,
                    17,
                    50
                ],
                [
                    17,
                    16,
                    50
                ],
                [
                    17,
                    18,
                    96
                ],
                [
                    18,
                    17,
                    96
                ],
                [
                    18,
                    19,
                    65
                ],
                [
                    19,
                    18,
                    65
                ],
                [
                    19,
                    20,
                    86
                ],
                [
                    20,
                    19,
                    86
                ],
                [
                    20,
                    21,
                    110
                ],
                [
                    21,
                    20,
                    110
                ],
                [
                    21,
                    22,
                    118
                ],
                [
                    22,
                    21,
                    118
                ],
                [
                    22,
                    23,
                    128
                ],
                [
                    23,
                    22,
                    128
                ],
                [
                    23,
                    24,
                    60
                ],
                [
                    24,
                    23,
                    60
                ],
                [
                    24,
                    25,
                    60
                ],
                [
                    25,
                    24,
                    60
                ],
                [
                    25,
                    26,
                    60
                ],
                [
                    26,
                    25,
                    60
                ]
            ],
            "stations": [
                [
                    0,
                    "Battistini",
                    0
                ],
                [
                    1,
                    "Cornelia",
                    1
                ],
                [
                    2,
                    "Baldo degli Ubaldi",
                    2
                ],
                [
                    3,
                    "Valle Aurelia",
                    3
                ],
                [
                    4,
                    "Cipro - Musei Vaticani",
                    4
                ],
                [
                    5,
                    "Ottaviano S.Pietro",
                    5
                ],
                [
                    6,
                    "Lepanto",
                    6
                ],
                [
                    7,
                    "Flaminio",
                    7
                ],
                [
                    8,
                    "Piazza di Spagna",
                    8
                ],
                [
                    9,
                    "Barberini",
                    9
                ],
                [
                    10,
                    "Repubblica",
                    10
                ],
                [
                    11,
                    "Termini",
                    11
                ],
                [
                    12,
                    "Vittorio Emanuele",
                    12
                ],
                [
                    13,
                    "Manzoni",
                    13
                ],
                [
                    14,
                    "San Giovani",
                    14
                ],
                [
                    15,
                    "Re di Roma",
                    15
                ],
                [
                    16,
                    "Ponte Lungo",
                    16
                ],
                [
                    17,
                    "Furio Camillo",
                    17
                ],
                [
                    18,
                    "Colli Albani",
                    18
                ],
                [
                    19,
                    "Arco di Travertino",
                    19
                ],
                [
                    20,
                    "Porta Furba - Quadraro",
                    20
                ],
                [
                    21,
                    "Numidio Quadrato",
                    21
                ],
                [
                    22,
                    "Lucio Sestio",
                    22
                ],
                [
                    23,
                    "Giuglio Agricola",
                    23
                ],
                [
                    24,
                    "Subaugusta",
                    24
                ],
                [
                    25,
                    "Cinecitta",
                    25
                ],
                [
                    26,
                    "Anagnina",
                    26
                ]
            ],
            "text_id": 27
        },
        {
            "delays": [
                360,
                660
            ],
            "name": "B",
            "scheme": "b",
            "segments": [
                [
                    27,
                    28,
                    120
                ],
                [
                    28,
                    27,
                    120
                ],
                [
                    28,
                    29,
                    120
                ],
                [
                    29,
                    28,
                    120
                ],
                [
                    29,
                    30,
                    120
                ],
                [
                    30,
                    29,
                    120
                ],
                [
                    30,
                    38,
                    120
                ],
                [
                    31,
                    32,
                    86
                ],
                [
                    32,
                    31,
                    86
                ],
                [
                    32,
                    33,
                    106
                ],
                [
                    33,
                    32,
                    106
                ],
                [
                    33,
                    34,
                    126
                ],
                [
                    34,
                    33,
                    126
                ],
                [
                    34,
                    35,
                    97
                ],
                [
                    35,
                    34,
                    97
                ],
                [
                    35,
                    36,
                    60
                ],
                [
                    36,
                    35,
                    60
                ],
                [
                    36,
                    37,
                    81
                ],
                [
                    37,
                    36,
                    81
                ],
                [
                    37,
                    38,
                    89
                ],
                [
                    38,
                    30,
                    120
                ],
                [
                    38,
                    37,
                    89
                ],
                [
                    38,
                    39,
                    73
                ],
                [
                    39,
                    38,
                    73
                ],
                [
                    39,
                    40,
                    65
                ],
                [
                    40,
                    39,
                    65
                ],
                [
                    40,
                    41,
                    111
                ],
                [
                    41,
                    40,
                    111
                ],
                [
                    41,
                    42,
                    109
                ],
                [
                    42,
                    41,
                    109
                ],
                [
                    42,
                    43,
                    134
                ],
                [
                    43,
                    42,
                    134
                ],
                [
                    43,
                    44,
                    96
                ],
                [
                    44,
                    43,
                    96
                ],
                [
                    44,
                    45,
                    77
                ],
                [
                    45,
                    44,
                    77
                ],
                [
                    45,
                    46,
                    101
                ],
                [
                    46,
                    45,
                    101
                ],
                [
                    46,
                    47,
                    48
                ],
                [
                    47,
                    46,
                    48
                ],
                [
                    47,
                    48,
                    50
                ],
                [
                    48,
                    47,
                    50
                ],
                [
                    48,
                    49,
                    96
                ],
                [
                    49,
                    48,
                    96
                ],
                [
                    49,
                    50,
                    65
                ],
                [
                    50,
                    49,
                    65
                ],
                [
                    50,
                    51,
                    86
                ],
                [
                    51,
                    50,
                    86
                ],
                [
                    51,
                    52,
                    110
                ],
                [
                    52,
                    51,
                    110
                ]
            ],
            "stations": [
                [
                    27,
                    "Jonio",
                    28
                ],
                [
                    28,
                    "Conca d'Oro",
                    29
                ],
                [
                    29,
                    "Libia",
                    30
                ],
                [
                    30,
                    "Annibaliano",
                    31
                ],
                [
                    31,
                    "Rebibbia",
                    32
                ],
                [
                    32,
                    "Ponte Mammolo",
                    33
                ],
                [
                    33,
                    "Santa Maria del Soccorso",
                    34
                ],
                [
                    34,
                    "Pietralata",
                    35
                ],
                [
                    35,
                    "Monti Tiburtini",
                    36
                ],
                [
                    36,
                    "Quintiliani",
                    37
                ],
                [
                    37,
                    "Tiburtina",
                    38
                ],
                [
                    38,
                    "Bologna",
                    39
                ],
                [
                    39,
                    "Policlinico",
                    40
                ],
                [
                    40,
                    "Castro Pretorio",
                    41
                ],
                [
                    41,
                    "Termini",
                    11
                ],
                [
                    42,
                    "Cavour",
                    42
                ],
                [
                    43,
                    "Colosseo",
                    43
                ],
                [
                    44,
                    "Circo Massimo",
                    44
                ],
                [
                    45,
                    "Piramide",
                    45
                ],
                [
                    46,
                    "Garbatella",
                    46
                ],
                [
                    47,
                    "Basilica San Paolo",
                    47
                ],
                [
                    48,
                    "Marconi",
                    48
                ],
                [
                    49,
                    "Eur Magliana",
                    49
                ],
                [
                    50,
                    "Eur Palasport",
                    50
                ],
                [
                    51,
                    "Eur Fermi",
                    51
                ],
                [
                    52,
                    "Laurentina",
                    52
                ]
            ],
            "text_id": 53
        },
        {
            "delays": [
                360,
                660
            ],
            "name": "C",
            "scheme": "c",
            "segments": [
                [
                    53,
                    54,
                    120
                ],
                [
                    54,
                    53,
                    120
                ],
                [
                    54,
                    55,
                    120
                ],
                [
                    55,
                    54,
                    120
                ],
                [
                    55,
                    56,
                    120
                ],
                [
                    56,
                    55,
                    120
                ],
                [
                    56,
                    57,
                    120
                ],
                [
                    57,
                    56,
                    120
                ],
                [
                    57,
                    58,
                    120
                ],
                [
                    58,
                    57,
                    120
                ],
                [
                    58,
                    59,
                    120
                ],
                [
                    59,
                    58,
                    120
                ],
                [
                    59,
                    60,
                    120
                ],
                [
                    60,
                    59,
                    120
                ],
                [
                    60,
                    61,
                    120
                ],
                [
                    61,
                    60,
                    120
                ],
                [
                    61,
                    62,
                    120
                ],
                [
                    62,
                    61,
                    120
                ],
                [
                    62,
                    63,
                    120
                ],
                [
                    63,
                    62,
                    120
                ],
                [
                    63,
                    64,
                    120
                ],
                [
                    64,
                    63,
                    120
                ],
                [
                    64,
                    65,
                    120
                ],
                [
                    65,
                    64,
                    120
                ],
                [
                    65,
                    66,
                    120
                ],
                [
                    66,
                    65,
                    120
                ],
                [
                    66,
                    67,
                    120
                ],
                [
                    67,
                    66,
                    120
                ],
                [
                    67,
                    68,
                    120
                ],
                [
                    68,
                    67,
                    120
                ],
                [
                    68,
                    69,
                    120
                ],
                [
                    69,
                    68,
                    120
                ],
                [
                    69,
                    70,
                    120
                ],
                [
                    70,
                    69,
                    120
                ],
                [
                    70,
                    71,
                    120
                ],
                [
                    71,
                    70,
                    120
                ],
                [
                    71,
                    72,
                    120
                ],
                [
                    72,
                    71,
                    120
                ],
                [
                    72,
                    73,
                    120
                ],
                [
                    73,
                    72,
                    120
                ]
            ],
            "stations": [
                [
                    53,
                    "Lodi",
                    54
                ],
                [
                    54,
                    "Pigneto",
                    55
                ],
                [
                    55,
                    "Malatesta",
                    56
                ],
                [
                    56,
                    "Teano",
                    57
                ],
                [
                    57,
                    "Gardenie",
                    58
                ],
                [
                    58,
                    "Mirti",
                    59
                ],
                [
                    59,
                    "Parco di Centocelle",
                    60
                ],
                [
                    60,
                    "Alessandrino",
                    61
                ],
                [
                    61,
                    "Torre Spaccata",
                    62
                ],
                [
                    62,
                    "Torre Maura",
                    63
                ],
                [
                    63,
                    "Giardinetti",
                    64
                ],
                [
                    64,
                    "Torrenova",
                    65
                ],
                [
                    65,
                    "Torre Angela",
                    66
                ],
                [
                    66,
                    "Torre Gaia",
                    67
                ],
                [
                    67,
                    "Grotte Celoni",
                    68
                ],
                [
                    68,
                    "Due Leoni-Fontana Candida",
                    69
                ],
                [
                    69,
                    "Borghesiana",
                    70
                ],
                [
                    70,
                    "Bolognetta",
                    71
                ],
                [
                    71,
                    "Finocchio",
                    72
                ],
                [
                    72,
                    "Graniti",
                    73
                ],
                [
                    73,
                    "Monte Compatri-Pantano",
                    74
                ]
            ],
            "text_id": 75
        }
    ],
    "name": "metro",
    "transfers": [
        [
            11,
            41,
            120,
            true
        ]
    ],
    "type_name": "Метро"
}