{
    "lines": [
        {
            "delays": [
                180,
                360
            ],
            "name": "Metro Subway",
            "scheme": null,
            "segments": [
                [
                    0,
                    1,
                    120
                ],
                [
                    1,
                    0,
                    120
                ],
                [
                    1,
                    2,
                    120
                ],
                [
                    2,
                    1,
                    120
                ],
                [
                    2,
                    3,
                    120
                ],
                [
                    3,
                    2,
                    120
                ],
                [
                    3,
                    4,
                    120
                ],
                [
                    4,
                    3,
                    120
                ],
                [
                    4,
                    5,
                    120
                ],
                [
                    5,
                    4,
                    120
                ],
                [
                    5,
                    6,
                    120
                ],
                [
                    6,
                    5,
                    120
                ],
                [
                    6,
                    7,
                    120
                ],
                [
                    7,
                    6,
                    120
                ],
                [
                    7,
                    8,
                    120
                ],
                [
                    8,
                    7,
                    120
                ],
                [
                    8,
                    9,
                    120
                ],
                [
                    9,
                    8,
                    120
                ],
                [
                    9,
                    10,
                    120
                ],
                [
                    10,
                    9,
                    120
                ],
                [
                    10,
                    11,
                    120
                ],
                [
                    11,
                    10,
                    120
                ],
                [
                    11,
                    12,
                    120
                ],
                [
                    12,
                    11,
                    120
                ],
                [
                    12,
                    13,
                    120
                ],
                [
                    13,
                    12,
                    120
                ]
            ],
            "stations": [
                [
                    0,
                    "Owings Mills",
                    0
                ],
                [
                    1,
                    "Old Court",
                    1
                ],
                [
                    2,
                    "Milford Mill",
                    2
                ],
                [
                    3,
                    "Reisterstown Plaza",
                    3
                ],
                [
                    4,
                    "Rogers Avenue",
                    4
                ],
                [
                    5,
                    "West Cold Spring",
                    5
                ],
                [
                    6,
                    "Mondawmin",
                    6
                ],
                [
                    7,
                    "Penn North",
                    7
                ],
                [
                    8,
                    "Upton",
                    8
                ],
                [
                    9,
                    "State Center",
                    9
                ],
                [
                    10,
                    "Lexington Market",
                    10
                ],
                [
                    11,
                    "Charles Center",
                    11
                ],
                [
                    12,
                    "Shot Tower",
                    12
                ],
                [
                    13,
                    "Hopkins Hospital",
                    13
                ]
            ],
            "text_id": 14
        },
        {
            "delays": [
                180,
                360
            ],
            "name": "Timonium-Cromwell Station/Glen Burnie",
            "scheme": null,
            "segments": [
                [
                    14,
                    15,
                    120
                ],
                [
                    15,
                    14,
                    120
                ],
                [
                    15,
                    16,
                    120
                ],
                [
                    16,
                    15,
                    120
                ],
                [
                    16,
                    17,
                    120
                ],
                [
                    17,
                    16,
                    120
                ],
                [
                    17,
                    18,
                    120
                ],
                [
                    18,
                    17,
                    120
                ],
                [
                    18,
                    19,
                    120
                ],
                [
                    19,
                    18,
                    120
                ],
                [
                    19,
                    20,
                    120
                ],
                [
                    20,
                    19,
                    120
                ],
                [
                    20,
                    21,
                    120
                ],
                [
                    21,
                    20,
                    120
                ],
                [
                    21,
                    22,
                    120
                ],
                [
                    22,
                    21,
                    120
                ],
                [
                    22,
                    23,
                    120
                ],
                [
                    23,
                    22,
                    120
                ],
                [
                    23,
                    24,
                    120
                ],
                [
                    24,
                    23,
                    120
                ],
                [
                    24,
                    25,
                    120
                ],
                [
                    25,
                    24,
                    120
                ],
                [
                    25,
                    26,
                    120
                ],
                [
                    26,
                    25,
                    120
                ],
                [
                    26,
                    27,
                    120
                ],
                [
                    27,
                    26,
                    120
                ],
                [
                    27,
                    28,
                    120
                ],
                [
                    28,
                    27,
                    120
                ],
                [
                    28,
                    29,
                    120
                ],
                [
                    29,
                    28,
                    120
                ],
                [
                    29,
                    30,
                    120
                ],
                [
                    30,
                    29,
                    120
                ],
                [
                    30,
                    31,
                    120
                ],
                [
                    31,
                    30,
                    120
                ],
                [
                    31,
                    32,
                    120
                ],
                [
                    32,
                    31,
                    120
                ],
                [
                    32,
                    33,
                    120
                ],
                [
                    33,
                    32,
                    120
                ],
                [
                    33,
                    34,
                    120
                ],
                [
                    34,
                    33,
                    120
                ],
                [
                    34,
                    35,
                    120
                ],
                [
                    35,
                    34,
                    120
                ],
                [
                    35,
                    36,
                    120
                ],
                [
                    36,
                    35,
                    120
                ],
                [
                    36,
                    37,
                    120
                ],
                [
                    37,
                    36,
                    120
                ],
                [
                    37,
                    38,
                    120
                ],
                [
                    38,
                    37,
                    120
                ]
            ],
            "stations": [
                [
                    14,
                    "Timonium",
                    15
                ],
                [
                    15,
                    "Timonium Business Park",
                    16
                ],
                [
                    16,
                    "Lutherville",
                    17
                ],
                [
                    17,
                    "Falls Road",
                    18
                ],
                [
                    18,
                    "Mt. Washington",
                    19
                ],
                [
                    19,
                    "Cold Spring Lane",
                    20
                ],
                [
                    20,
                    "Woodberry",
                    21
                ],
                [
                    21,
                    "North Avenue",
                    22
                ],
                [
                    22,
                    "University of Baltimore/Mt. Royal",
                    23
                ],
                [
                    23,
                    "Cultural Center",
                    24
                ],
                [
                    24,
                    "Centre Street",
                    25
                ],
                [
                    25,
                    "Lexington Market",
                    10
                ],
                [
                    26,
                    "University Center/Baltimore Street",
                    26
                ],
                [
                    27,
                    "Convention Center",
                    27
                ],
                [
                    28,
                    "Camden Yards",
                    28
                ],
                [
                    29,
                    "Hamburg Street",
                    29
                ],
                [
                    30,
                    "Westport",
                    30
                ],
                [
                    31,
                    "Cherry Hill",
                    31
                ],
                [
                    32,
                    "Patapsco",
                    32
                ],
                [
                    33,
                    "Baltimore Highlands",
                    33
                ],
                [
                    34,
                    "Nursery Road",
                    34
                ],
                [
                    35,
                    "North Linthicum",
                    35
                ],
                [
                    36,
                    "Linthicum",
                    36
                ],
                [
                    37,
                    "Ferndale",
                    37
                ],
                [
                    38,
                    "Cromwell Station/Glen Burnie",
                    38
                ]
            ],
            "text_id": 39
        },
        {
            "delays": [
                180,
                360
            ],
            "name": "Hunt Valley-BWI Airport",
            "scheme": null,
            "segments": [
                [
                    39,
                    40,
                    120
                ],
                [
                    40,
                    39,
                    120
                ],
                [
                    40,
                    41,
                    120
                ],
                [
                    41,
                    40,
                    120
                ],
                [
                    41,
                    42,
                    120
                ],
                [
                    42,
                    41,
                    120
                ],
                [
                    42,
                    43,
                    120
                ],
                [
                    43,
                    42,
                    120
                ],
                [
                    43,
                    44,
                    120
                ],
                [
                    44,
                    43,
                    120
                ],
                [
                    44,
                    45,
                    120
                ],
                [
                    45,
                    44,
                    120
                ],
                [
                    45,
                    46,
                    120
                ],
                [
                    46,
                    45,
                    120
                ],
                [
                    46,
                    47,
                    120
                ],
                [
                    47,
                    46,
                    120
                ],
                [
                    47,
                    48,
                    120
                ],
                [
                    48,
                    47,
                    120
                ],
                [
                    48,
                    49,
                    120
                ],
                [
                    49,
                    48,
                    120
                ],
                [
                    49,
                    50,
                    120
                ],
                [
                    50,
                    49,
                    120
                ],
                [
                    50,
                    51,
                    120
                ],
                [
                    51,
                    50,
                    120
                ],
                [
                    51,
                    52,
                    120
                ],
                [
                    52,
                    51,
                    120
                ],
                [
                    52,
                    53,
                    120
                ],
                [
                    53,
                    52,
                    120
                ],
                [
                    53,
                    54,
                    120
                ],
                [
                    54,
                    53,
                    120
                ],
                [
                    54,
                    55,
                    120
                ],
                [
                    55,
                    54,
                    120
                ],
                [
                    55,
                    56,
                    120
                ],
                [
                    56,
                    55,
                    120
                ],
                [
                    56,
                    57,
                    120
                ],
                [
                    57,
                    56,
                    120
                ],
                [
                    57,
                    58,
                    120
                ],
                [
                    58,
                    57,
                    120
                ],
                [
                    58,
                    59,
                    120
                ],
                [
                    59,
                    58,
                    120
                ],
                [
                    59,
                    60,
                    120
                ],
                [
                    60,
                    59,
                    120
                ],
                [
                    60,
                    61,
                    120
                ],
                [
                    61,
                    60,
                    120
                ],
                [
                    61,
                    62,
                    120
                ],
                [
                    62,
                    61,
                    120
                ],
                [
                    62,
                    63,
                    120
                ],
                [
                    63,
                    62,
                    120
                ],
                [
                    63,
                    64,
                    120
                ],
                [
                    64,
                    63,
                    120
                ],
                [
                    64,
                    65,
                    120
                ],
                [
                    65,
                    64,
                    120
                ],
                [
                    65,
                    66,
                    120
                ],
                [
                    66,
                    65,
                    120
                ],
                [
                    66,
                    67,
                    120
                ],
                [
                    67,
                    66,
                    120
                ],
                [
                    67,
                    68,
                    120
                ],
                [
                    68,
                    67,
                    120
                ]
            ],
            "stations": [
                [
                    39,
                    "Hunt Valley",
                    40
                ],
                [
                    40,
                    "Pepper Road",
                    41
                ],
                [
                    41,
                    "McCormick Road",
                    42
                ],
                [
                    42,
                    "Gilroy Road",
                    43
                ],
                [
                    43,
                    "Warren Road",
                    44
                ],
                [
                    44,
                    "Timonium",
                    15
                ],
                [
                    45,
                    "Timonium Business Park",
                    16
                ],
                [
                    46,
                    "Lutherville",
                    17
                ],
                [
                    47,
                    "Falls Road",
                    18
                ],
                [
                    48,
                    "Mt. Washington",
                    19
                ],
                [
                    49,
                    "Cold Spring Lane",
                    20
                ],
                [
                    50,
                    "Woodberry",
                    21
                ],
                [
                    51,
                    "North Avenue",
                    22
                ],
                [
                    52,
                    "University of Baltimore/Mt. Royal",
                    23
                ],
                [
                    53,
                    "Cultural Center",
                    24
                ],
                [
                    54,
                    "Centre Street",
                    25
                ],
                [
                    55,
                    "Lexington Market",
                    10
                ],
                [
                    56,
                    "University Center/Baltimore Street",
                    26
                ],
                [
                    57,
                    "Convention Center",
                    27
                ],
                [
                    58,
                    "Camden Yards",
                    28
                ],
                [
                    59,
                    "Hamburg Street",
                    29
                ],
                [
                    60,
                    "Westport",
                    30
                ],
                [
                    61,
                    "Cherry Hill",
                    31
                ],
                [
                    62,
                    "Patapsco",
                    32
                ],
                [
                    63,
                    "Baltimore Highlands",
                    33
                ],
                [
                    64,
                    "Nursery Road",
                    34
                ],
                [
                    65,
                    "North Linthicum",
                    35
                ],
                [
                    66,
                    "Linthicum",
                    36
                ],
                [
                    67,
                    "BWI Business District",
                    45
                ],
                [
                    68,
                    "BWI Airport",
                    46
                ]
            ],
            "text_id": 47
        },
        {
            "delays": [
                180,
                360
            ],
            "name": "Penn Station-Camden Yards",
            "scheme": null,
            "segments": [
                [
                    69,
                    70,
                    120
                ],
                [
                    70,
                    69,
                    120
                ],
                [
                    70,
                    71,
                    120
                ],
                [
                    71,
                    70,
                    120
                ],
                [
                    71,
                    72,
                    120
                ],
                [
                    72,
                    71,
                    120
                ],
                [
                    72,
                    73,
                    120
                ],
                [
                    73,
                    72,
                    120
                ],
                [
                    73,
                    74,
                    120
                ],
                [
                    74,
                    73,
                    120
                ],
                [
                    74,
                    75,
                    120
                ],
                [
                    75,
                    74,
                    120
                ],
                [
                    75,
                    76,
                    120
                ],
                [
                    76,
                    75,
                    120
                ]
            ],
            "stations": [
                [
                    69,
                    "Penn Station",
                    48
                ],
                [
                    70,
                    "University of Baltimore/Mt. Royal",
                    23
                ],
                [
                    71,
                    "Cultural Center",
                    24
                ],
                [
                    72,
                    "Centre Street",
                    25
                ],
                [
                    73,
                    "Lexington Market",
                    10
                ],
                [
                    74,
                    "University Center/Baltimore Street",
                    26
                ],
                [
                    75,
                    "Convention Center",
                    27
                ],
                [
                    76,
                    "Camden Yards",
                    28
                ]
            ],
            "text_id": 49
        }
    ],
    "name": "metro",
    "transfers": [
        [
            10,
            25,
            180,
            true
        ],
        [
            20,
            50,
            0,
            true
        ],
        [
            21,
            51,
            0,
            true
        ],
        [
            22,
            52,
            0,
            true
        ],
        [
            23,
            53,
            0,
            true
        ],
        [
            24,
            54,
            0,
            true
        ],
        [
            25,
            55,
            0,
            true
        ],
        [
            26,
            56,
            0,
            true
        ],
        [
            27,
            57,
            0,
            true
        ],
        [
            28,
            58,
            0,
            true
        ],
        [
            29,
            59,
            0,
            true
        ],
        [
            10,
            73,
            180,
            true
        ],
        [
            30,
            60,
            0,
            true
        ],
        [
            31,
            61,
            0,
            true
        ],
        [
            32,
            62,
            0,
            true
        ],
        [
            33,
            63,
            0,
            true
        ],
        [
            34,
            64,
            0,
            true
        ],
        [
            35,
            65,
            0,
            true
        ],
        [
            36,
            66,
            0,
            true
        ],
        [
            22,
            70,
            0,
            true
        ],
        [
            23,
            71,
            0,
            true
        ],
        [
            24,
            72,
            0,
            true
        ],
        [
            10,
            55,
            180,
            true
        ],
        [
            25,
            73,
            0,
            true
        ],
        [
            26,
            74,
            0,
            true
        ],
        [
            27,
            75,
            0,
            true
        ],
        [
            28,
            76,
            0,
            true
        ],
        [
            52,
            70,
            0,
            true
        ],
        [
            53,
            71,
            0,
            true
        ],
        [
            54,
            72,
            0,
            true
        ],
        [
            55,
            73,
            0,
            true
        ],
        [
            56,
            74,
            0,
            true
        ],
        [
            57,
            75,
            0,
            true
        ],
        [
            14,
            44,
            0,
            true
        ],
        [
            58,
            76,
            0,
            true
        ],
        [
            15,
            45,
            0,
            true
        ],
        [
            16,
            46,
            0,
            true
        ],
        [
            17,
            47,
            0,
            true
        ],
        [
            18,
            48,
            0,
            true
        ],
        [
            19,
            49,
            0,
            true
        ]
    ],
    "type_name": "Метро"
}