{
    "lines": [
        {
            "delays": [],
            "name": "L6",
            "scheme": null,
            "segments": [
                [
                    145,
                    146,
                    120
                ],
                [
                    146,
                    145,
                    120
                ],
                [
                    146,
                    147,
                    120
                ],
                [
                    147,
                    146,
                    120
                ],
                [
                    147,
                    148,
                    120
                ],
                [
                    148,
                    147,
                    120
                ],
                [
                    148,
                    149,
                    120
                ],
                [
                    149,
                    148,
                    120
                ],
                [
                    149,
                    150,
                    120
                ],
                [
                    150,
                    149,
                    120
                ],
                [
                    150,
                    151,
                    120
                ],
                [
                    151,
                    150,
                    120
                ],
                [
                    151,
                    152,
                    120
                ],
                [
                    152,
                    151,
                    120
                ],
                [
                    152,
                    153,
                    120
                ],
                [
                    153,
                    152,
                    120
                ]
            ],
            "stations": [
                [
                    145,
                    "Catalunya",
                    15
                ],
                [
                    146,
                    "Provenca",
                    128
                ],
                [
                    147,
                    "Gracia",
                    129
                ],
                [
                    148,
                    "Sant Gervasi",
                    130
                ],
                [
                    149,
                    "Muntaner",
                    131
                ],
                [
                    150,
                    "La Bonanova",
                    132
                ],
                [
                    151,
                    "Les Tres Torres",
                    133
                ],
                [
                    152,
                    "Sarria",
                    134
                ],
                [
                    153,
                    "Reina Elisenda",
                    135
                ]
            ],
            "text_id": 136
        },
        {
            "delays": [],
            "name": "L7",
            "scheme": null,
            "segments": [
                [
                    154,
                    155,
                    120
                ],
                [
                    155,
                    154,
                    120
                ],
                [
                    155,
                    156,
                    120
                ],
                [
                    156,
                    155,
                    120
                ],
                [
                    156,
                    157,
                    120
                ],
                [
                    157,
                    156,
                    120
                ],
                [
                    157,
                    158,
                    120
                ],
                [
                    158,
                    157,
                    120
                ],
                [
                    158,
                    159,
                    120
                ],
                [
                    159,
                    158,
                    120
                ],
                [
                    159,
                    160,
                    120
                ],
                [
                    160,
                    159,
                    120
                ]
            ],
            "stations": [
                [
                    154,
                    "Catalunya",
                    15
                ],
                [
                    155,
                    "Provenca",
                    128
                ],
                [
                    156,
                    "Gracia",
                    129
                ],
                [
                    157,
                    "Pl. Molina",
                    137
                ],
                [
                    158,
                    "Padua",
                    138
                ],
                [
                    159,
                    "El Putxet",
                    139
                ],
                [
                    160,
                    "Av. Tibidabo",
                    140
                ]
            ],
            "text_id": 141
        },
        {
            "delays": [],
            "name": "L8",
            "scheme": null,
            "segments": [
                [
                    161,
                    162,
                    120
                ],
                [
                    162,
                    161,
                    120
                ],
                [
                    162,
                    163,
                    120
                ],
                [
                    163,
                    162,
                    120
                ],
                [
                    163,
                    164,
                    120
                ],
                [
                    164,
                    163,
                    120
                ],
                [
                    164,
                    165,
                    120
                ],
                [
                    165,
                    164,
                    120
                ],
                [
                    165,
                    166,
                    120
                ],
                [
                    166,
                    165,
                    120
                ],
                [
                    166,
                    167,
                    120
                ],
                [
                    167,
                    166,
                    120
                ],
                [
                    167,
                    168,
                    120
                ],
                [
                    168,
                    167,
                    120
                ],
                [
                    168,
                    169,
                    120
                ],
                [
                    169,
                    168,
                    120
                ],
                [
                    169,
                    170,
                    120
                ],
                [
                    170,
                    169,
                    120
                ],
                [
                    170,
                    171,
                    120
                ],
                [
                    171,
                    170,
                    120
                ]
            ],
            "stations": [
                [
                    161,
                    "Espanya",
                    11
                ],
                [
                    162,
                    "Magoria La Campana",
                    142
                ],
                [
                    163,
                    "Ildefons Cerda",
                    143
                ],
                [
                    164,
                    "Europa|Fira",
                    144
                ],
                [
                    165,
                    "Gornal",
                    145
                ],
                [
                    166,
                    "Sant Josep",
                    146
                ],
                [
                    167,
                    "L'Hospitalet Av. Carrilet",
                    147
                ],
                [
                    168,
                    "Almeda",
                    148
                ],
                [
                    169,
                    "Cornella Riera",
                    149
                ],
                [
                    170,
                    "Sant Boi",
                    150
                ],
                [
                    171,
                    "Moli Nou Ciutat Cooperativa",
                    151
                ]
            ],
            "text_id": 152
        }
    ],
    "name": "fgc",
    "transfers": [
        [
            145,
            154,
            120,
            true
        ],
        [
            15,
            154,
            120,
            true
        ],
        [
            60,
            154,
            120,
            true
        ],
        [
            145,
            15,
            120,
            true
        ],
        [
            145,
            60,
            120,
            true
        ],
        [
            146,
            155,
            120,
            true
        ],
        [
            62,
            155,
            120,
            true
        ],
        [
            109,
            155,
            120,
            true
        ],
        [
            146,
            62,
            120,
            true
        ],
        [
            146,
            109,
            120,
            true
        ],
        [
            147,
            156,
            120,
            true
        ],
        [
            148,
            157,
            120,
            true
        ],
        [
            161,
            11,
            120,
            true
        ],
        [
            161,
            55,
            120,
            true
        ],
        [
            167,
            2,
            120,
            true
        ]
    ],
    "type_name": "FGC"
}