{
    "lines": [
        {
            "delays": [],
            "name": "T1",
            "scheme": null,
            "segments": [
                [
                    240,
                    241,
                    120
                ],
                [
                    241,
                    240,
                    120
                ],
                [
                    241,
                    242,
                    120
                ],
                [
                    242,
                    241,
                    120
                ],
                [
                    242,
                    243,
                    120
                ],
                [
                    243,
                    242,
                    120
                ],
                [
                    243,
                    244,
                    120
                ],
                [
                    244,
                    243,
                    120
                ],
                [
                    244,
                    245,
                    120
                ],
                [
                    245,
                    244,
                    120
                ],
                [
                    245,
                    246,
                    120
                ],
                [
                    246,
                    245,
                    120
                ],
                [
                    246,
                    247,
                    120
                ],
                [
                    247,
                    246,
                    120
                ],
                [
                    247,
                    248,
                    120
                ],
                [
                    248,
                    247,
                    120
                ],
                [
                    248,
                    249,
                    120
                ],
                [
                    249,
                    248,
                    120
                ],
                [
                    249,
                    250,
                    120
                ],
                [
                    250,
                    249,
                    120
                ],
                [
                    250,
                    251,
                    120
                ],
                [
                    251,
                    250,
                    120
                ],
                [
                    251,
                    252,
                    120
                ],
                [
                    252,
                    251,
                    120
                ],
                [
                    252,
                    253,
                    120
                ],
                [
                    253,
                    252,
                    120
                ],
                [
                    253,
                    254,
                    120
                ],
                [
                    254,
                    253,
                    120
                ],
                [
                    254,
                    255,
                    120
                ],
                [
                    255,
                    254,
                    120
                ],
                [
                    255,
                    256,
                    120
                ],
                [
                    256,
                    255,
                    120
                ],
                [
                    256,
                    257,
                    120
                ],
                [
                    257,
                    256,
                    120
                ],
                [
                    257,
                    258,
                    120
                ],
                [
                    258,
                    257,
                    120
                ],
                [
                    258,
                    259,
                    120
                ],
                [
                    259,
                    258,
                    120
                ],
                [
                    259,
                    260,
                    120
                ],
                [
                    260,
                    259,
                    120
                ]
            ],
            "stations": [
                [
                    240,
                    "Francesc Macia",
                    187
                ],
                [
                    241,
                    "L'Illa",
                    188
                ],
                [
                    242,
                    "Numancia",
                    189
                ],
                [
                    243,
                    "Maria Cristina",
                    50
                ],
                [
                    244,
                    "Pius XII",
                    190
                ],
                [
                    245,
                    "Palau Reial",
                    49
                ],
                [
                    246,
                    "Zona Universitaria",
                    48
                ],
                [
                    247,
                    "Avinguda de Xile",
                    191
                ],
                [
                    248,
                    "Ernest Lluch",
                    96
                ],
                [
                    249,
                    "Can Rigal",
                    192
                ],
                [
                    250,
                    "Ca n'Oliveres",
                    193
                ],
                [
                    251,
                    "Can Clota",
                    194
                ],
                [
                    252,
                    "Pont d'Esplugues",
                    195
                ],
                [
                    253,
                    "La Sardana",
                    196
                ],
                [
                    254,
                    "Montesa",
                    197
                ],
                [
                    255,
                    "El Pedro",
                    198
                ],
                [
                    256,
                    "Ignasi Iglesias",
                    199
                ],
                [
                    257,
                    "Cornella Centre",
                    90
                ],
                [
                    258,
                    "Les Aigues",
                    200
                ],
                [
                    259,
                    "Fontsanta Fatjo",
                    201
                ],
                [
                    260,
                    "Bon Viatge",
                    202
                ]
            ],
            "text_id": 203
        },
        {
            "delays": [],
            "name": "T2",
            "scheme": null,
            "segments": [
                [
                    261,
                    262,
                    120
                ],
                [
                    262,
                    261,
                    120
                ],
                [
                    262,
                    263,
                    120
                ],
                [
                    263,
                    262,
                    120
                ],
                [
                    263,
                    264,
                    120
                ],
                [
                    264,
                    263,
                    120
                ],
                [
                    264,
                    265,
                    120
                ],
                [
                    265,
                    264,
                    120
                ],
                [
                    265,
                    266,
                    120
                ],
                [
                    266,
                    265,
                    120
                ],
                [
                    266,
                    267,
                    120
                ],
                [
                    267,
                    266,
                    120
                ],
                [
                    267,
                    268,
                    120
                ],
                [
                    268,
                    267,
                    120
                ],
                [
                    268,
                    269,
                    120
                ],
                [
                    269,
                    268,
                    120
                ],
                [
                    269,
                    270,
                    120
                ],
                [
                    270,
                    269,
                    120
                ],
                [
                    270,
                    271,
                    120
                ],
                [
                    271,
                    270,
                    120
                ],
                [
                    271,
                    272,
                    120
                ],
                [
                    272,
                    271,
                    120
                ],
                [
                    272,
                    273,
                    120
                ],
                [
                    273,
                    272,
                    120
                ],
                [
                    273,
                    274,
                    120
                ],
                [
                    274,
                    273,
                    120
                ],
                [
                    274,
                    275,
                    120
                ],
                [
                    275,
                    274,
                    120
                ],
                [
                    275,
                    276,
                    120
                ],
                [
                    276,
                    275,
                    120
                ],
                [
                    276,
                    277,
                    120
                ],
                [
                    277,
                    276,
                    120
                ],
                [
                    277,
                    278,
                    120
                ],
                [
                    278,
                    277,
                    120
                ],
                [
                    278,
                    279,
                    120
                ],
                [
                    279,
                    278,
                    120
                ],
                [
                    279,
                    280,
                    120
                ],
                [
                    280,
                    279,
                    120
                ],
                [
                    280,
                    281,
                    120
                ],
                [
                    281,
                    280,
                    120
                ],
                [
                    281,
                    282,
                    120
                ],
                [
                    282,
                    281,
                    120
                ],
                [
                    282,
                    283,
                    120
                ],
                [
                    283,
                    282,
                    120
                ],
                [
                    283,
                    284,
                    120
                ],
                [
                    284,
                    283,
                    120
                ]
            ],
            "stations": [
                [
                    261,
                    "Francesc Macia",
                    187
                ],
                [
                    262,
                    "L'Illa",
                    188
                ],
                [
                    263,
                    "Numancia",
                    189
                ],
                [
                    264,
                    "Maria Cristina",
                    50
                ],
                [
                    265,
                    "Pius XII",
                    190
                ],
                [
                    266,
                    "Palau Reial",
                    49
                ],
                [
                    267,
                    "Zona Universitaria",
                    48
                ],
                [
                    268,
                    "Avinguda de Xile",
                    191
                ],
                [
                    269,
                    "Ernest Lluch",
                    96
                ],
                [
                    270,
                    "Can Rigal",
                    192
                ],
                [
                    271,
                    "Ca n'Oliveres",
                    193
                ],
                [
                    272,
                    "Can Clota",
                    194
                ],
                [
                    273,
                    "Pont d'Esplugues",
                    195
                ],
                [
                    274,
                    "La Sardana",
                    196
                ],
                [
                    275,
                    "Montesa",
                    197
                ],
                [
                    276,
                    "El Pedro",
                    198
                ],
                [
                    277,
                    "Ignasi Iglesias",
                    199
                ],
                [
                    278,
                    "Cornella Centre",
                    90
                ],
                [
                    279,
                    "Les Aigues",
                    200
                ],
                [
                    280,
                    "Fontsanta Fatjo",
                    201
                ],
                [
                    281,
                    "Bon Viatge",
                    202
                ],
                [
                    282,
                    "La Fontsanta",
                    204
                ],
                [
                    283,
                    "Centre Miquel Marti i Pol",
                    205
                ],
                [
                    284,
                    "Llevant Les Planes",
                    206
                ]
            ],
            "text_id": 207
        },
        {
            "delays": [],
            "name": "T3",
            "scheme": null,
            "segments": [
                [
                    285,
                    286,
                    120
                ],
                [
                    286,
                    285,
                    120
                ],
                [
                    286,
                    287,
                    120
                ],
                [
                    287,
                    286,
                    120
                ],
                [
                    287,
                    288,
                    120
                ],
                [
                    288,
                    287,
                    120
                ],
                [
                    288,
                    289,
                    120
                ],
                [
                    289,
                    288,
                    120
                ],
                [
                    289,
                    290,
                    120
                ],
                [
                    290,
                    289,
                    120
                ],
                [
                    290,
                    291,
                    120
                ],
                [
                    291,
                    290,
                    120
                ],
                [
                    291,
                    292,
                    120
                ],
                [
                    292,
                    291,
                    120
                ],
                [
                    292,
                    293,
                    120
                ],
                [
                    293,
                    292,
                    120
                ],
                [
                    293,
                    294,
                    120
                ],
                [
                    294,
                    293,
                    120
                ],
                [
                    294,
                    295,
                    120
                ],
                [
                    295,
                    294,
                    120
                ],
                [
                    295,
                    296,
                    120
                ],
                [
                    296,
                    295,
                    120
                ],
                [
                    296,
                    297,
                    120
                ],
                [
                    297,
                    296,
                    120
                ],
                [
                    297,
                    298,
                    120
                ],
                [
                    298,
                    297,
                    120
                ],
                [
                    298,
                    299,
                    120
                ],
                [
                    299,
                    298,
                    120
                ],
                [
                    299,
                    300,
                    120
                ],
                [
                    300,
                    299,
                    120
                ],
                [
                    300,
                    301,
                    120
                ],
                [
                    301,
                    300,
                    120
                ],
                [
                    301,
                    302,
                    120
                ],
                [
                    302,
                    301,
                    120
                ],
                [
                    302,
                    303,
                    120
                ],
                [
                    303,
                    302,
                    120
                ],
                [
                    303,
                    304,
                    120
                ],
                [
                    304,
                    303,
                    120
                ]
            ],
            "stations": [
                [
                    285,
                    "Francesc Macia",
                    187
                ],
                [
                    286,
                    "L'Illa",
                    188
                ],
                [
                    287,
                    "Numancia",
                    189
                ],
                [
                    288,
                    "Maria Cristina",
                    50
                ],
                [
                    289,
                    "Pius XII",
                    190
                ],
                [
                    290,
                    "Palau Reial",
                    49
                ],
                [
                    291,
                    "Zona Universitaria",
                    48
                ],
                [
                    292,
                    "Avinguda de Xile",
                    191
                ],
                [
                    293,
                    "Ernest Lluch",
                    96
                ],
                [
                    294,
                    "Can Rigal",
                    192
                ],
                [
                    295,
                    "Ca n'Oliveres",
                    193
                ],
                [
                    296,
                    "Can Clota",
                    194
                ],
                [
                    297,
                    "Pont d'Esplugues",
                    195
                ],
                [
                    298,
                    "La Sardana",
                    196
                ],
                [
                    299,
                    "Montesa",
                    197
                ],
                [
                    300,
                    "Hospital Sant Joan Despi|TV3",
                    208
                ],
                [
                    301,
                    "Rambla de Sant Just",
                    209
                ],
                [
                    302,
                    "Walden",
                    210
                ],
                [
                    303,
                    "Torreblanca",
                    211
                ],
                [
                    304,
                    "Sant Feliu Consell Comarcal",
                    212
                ]
            ],
            "text_id": 213
        },
        {
            "delays": [],
            "name": "T4",
            "scheme": null,
            "segments": [
                [
                    305,
                    306,
                    120
                ],
                [
                    306,
                    305,
                    120
                ],
                [
                    306,
                    307,
                    120
                ],
                [
                    307,
                    306,
                    120
                ],
                [
                    307,
                    308,
                    120
                ],
                [
                    308,
                    307,
                    120
                ],
                [
                    308,
                    309,
                    120
                ],
                [
                    309,
                    308,
                    120
                ],
                [
                    309,
                    310,
                    120
                ],
                [
                    310,
                    309,
                    120
                ],
                [
                    310,
                    311,
                    120
                ],
                [
                    311,
                    310,
                    120
                ],
                [
                    311,
                    312,
                    120
                ],
                [
                    312,
                    311,
                    120
                ],
                [
                    312,
                    313,
                    120
                ],
                [
                    313,
                    312,
                    120
                ],
                [
                    313,
                    314,
                    120
                ],
                [
                    314,
                    313,
                    120
                ],
                [
                    314,
                    315,
                    120
                ],
                [
                    315,
                    314,
                    120
                ],
                [
                    315,
                    316,
                    120
                ],
                [
                    316,
                    315,
                    120
                ],
                [
                    316,
                    317,
                    120
                ],
                [
                    317,
                    316,
                    120
                ],
                [
                    317,
                    318,
                    120
                ],
                [
                    318,
                    317,
                    120
                ]
            ],
            "stations": [
                [
                    305,
                    "Ciutadella|Vila Olimpica",
                    78
                ],
                [
                    306,
                    "Wellington",
                    214
                ],
                [
                    307,
                    "Marina",
                    18
                ],
                [
                    308,
                    "Auditori Teatre Nacional",
                    215
                ],
                [
                    309,
                    "Glories",
                    19
                ],
                [
                    310,
                    "Ca l'Aranyo",
                    216
                ],
                [
                    311,
                    "Pere IV",
                    217
                ],
                [
                    312,
                    "Fluvia",
                    218
                ],
                [
                    313,
                    "Selva de Mar",
                    74
                ],
                [
                    314,
                    "El Maresme",
                    219
                ],
                [
                    315,
                    "Forum",
                    220
                ],
                [
                    316,
                    "Can Llima",
                    221
                ],
                [
                    317,
                    "Central Termica del Besos",
                    222
                ],
                [
                    318,
                    "Estacio de Sant Adria",
                    223
                ]
            ],
            "text_id": 224
        },
        {
            "delays": [],
            "name": "T5",
            "scheme": null,
            "segments": [
                [
                    319,
                    320,
                    120
                ],
                [
                    320,
                    319,
                    120
                ],
                [
                    320,
                    321,
                    120
                ],
                [
                    321,
                    320,
                    120
                ],
                [
                    321,
                    322,
                    120
                ],
                [
                    322,
                    321,
                    120
                ],
                [
                    322,
                    323,
                    120
                ],
                [
                    323,
                    322,
                    120
                ],
                [
                    323,
                    324,
                    120
                ],
                [
                    324,
                    323,
                    120
                ],
                [
                    324,
                    325,
                    120
                ],
                [
                    325,
                    324,
                    120
                ],
                [
                    325,
                    326,
                    120
                ],
                [
                    326,
                    325,
                    120
                ],
                [
                    326,
                    327,
                    120
                ],
                [
                    327,
                    326,
                    120
                ],
                [
                    327,
                    328,
                    120
                ],
                [
                    328,
                    327,
                    120
                ],
                [
                    328,
                    329,
                    120
                ],
                [
                    329,
                    328,
                    120
                ],
                [
                    329,
                    330,
                    120
                ],
                [
                    330,
                    329,
                    120
                ],
                [
                    330,
                    331,
                    120
                ],
                [
                    331,
                    330,
                    120
                ]
            ],
            "stations": [
                [
                    319,
                    "Glories",
                    19
                ],
                [
                    320,
                    "La Farinera",
                    225
                ],
                [
                    321,
                    "Can Jaumandreu",
                    226
                ],
                [
                    322,
                    "Espronceda",
                    227
                ],
                [
                    323,
                    "Sant Marti de Provencais",
                    228
                ],
                [
                    324,
                    "Besos",
                    71
                ],
                [
                    325,
                    "Alfons el Magnanim",
                    229
                ],
                [
                    326,
                    "Parc del Besos",
                    230
                ],
                [
                    327,
                    "La Catalana",
                    231
                ],
                [
                    328,
                    "Sant Joan Baptista",
                    232
                ],
                [
                    329,
                    "Encants de Sant Adria",
                    233
                ],
                [
                    330,
                    "Sant Roc",
                    43
                ],
                [
                    331,
                    "Gorg",
                    44
                ]
            ],
            "text_id": 234
        },
        {
            "delays": [],
            "name": "T6",
            "scheme": null,
            "segments": [
                [
                    332,
                    333,
                    120
                ],
                [
                    333,
                    332,
                    120
                ],
                [
                    333,
                    334,
                    120
                ],
                [
                    334,
                    333,
                    120
                ],
                [
                    334,
                    335,
                    120
                ],
                [
                    335,
                    334,
                    120
                ],
                [
                    335,
                    336,
                    120
                ],
                [
                    336,
                    335,
                    120
                ],
                [
                    336,
                    337,
                    120
                ],
                [
                    337,
                    336,
                    120
                ],
                [
                    337,
                    338,
                    120
                ],
                [
                    338,
                    337,
                    120
                ],
                [
                    338,
                    339,
                    120
                ],
                [
                    339,
                    338,
                    120
                ]
            ],
            "stations": [
                [
                    332,
                    "Gorg",
                    44
                ],
                [
                    333,
                    "Sant Roc",
                    43
                ],
                [
                    334,
                    "Encants de Sant Adria",
                    233
                ],
                [
                    335,
                    "Sant Joan Baptista",
                    232
                ],
                [
                    336,
                    "La Catalana",
                    231
                ],
                [
                    337,
                    "La Mina",
                    235
                ],
                [
                    338,
                    "Central Termica del Besos",
                    222
                ],
                [
                    339,
                    "Estacio de Sant Adria",
                    223
                ]
            ],
            "text_id": 236
        }
    ],
    "name": "tram",
    "transfers": [
        [
            240,
            261,
            120,
            true
        ],
        [
            261,
            285,
            120,
            true
        ],
        [
            240,
            285,
            120,
            true
        ],
        [
            241,
            262,
            120,
            true
        ],
        [
            262,
            286,
            120,
            true
        ],
        [
            241,
            286,
            120,
            true
        ],
        [
            242,
            263,
            120,
            true
        ],
        [
            263,
            287,
            120,
            true
        ],
        [
            242,
            287,
            120,
            true
        ],
        [
            243,
            264,
            120,
            true
        ],
        [
            288,
            264,
            120,
            true
        ],
        [
            243,
            288,
            120,
            true
        ],
        [
            243,
            50,
            120,
            true
        ],
        [
            50,
            264,
            120,
            true
        ],
        [
            50,
            288,
            120,
            true
        ],
        [
            244,
            265,
            120,
            true
        ],
        [
            289,
            265,
            120,
            true
        ],
        [
            244,
            289,
            120,
            true
        ],
        [
            245,
            266,
            120,
            true
        ],
        [
            245,
            290,
            120,
            true
        ],
        [
            290,
            266,
            120,
            true
        ],
        [
            245,
            49,
            120,
            true
        ],
        [
            49,
            266,
            120,
            true
        ],
        [
            290,
            49,
            120,
            true
        ],
        [
            246,
            267,
            120,
            true
        ],
        [
            246,
            291,
            120,
            true
        ],
        [
            291,
            267,
            120,
            true
        ],
        [
            246,
            48,
            120,
            true
        ],
        [
            48,
            267,
            120,
            true
        ],
        [
            291,
            48,
            120,
            true
        ],
        [
            247,
            268,
            120,
            true
        ],
        [
            292,
            268,
            120,
            true
        ],
        [
            247,
            292,
            120,
            true
        ],
        [
            248,
            269,
            120,
            true
        ],
        [
            248,
            293,
            120,
            true
        ],
        [
            293,
            269,
            120,
            true
        ],
        [
            248,
            102,
            120,
            true
        ],
        [
            102,
            269,
            120,
            true
        ],
        [
            293,
            102,
            120,
            true
        ],
        [
            249,
            270,
            120,
            true
        ],
        [
            249,
            294,
            120,
            true
        ],
        [
            294,
            270,
            120,
            true
        ],
        [
            250,
            271,
            120,
            true
        ],
        [
            250,
            295,
            120,
            true
        ],
        [
            295,
            271,
            120,
            true
        ],
        [
            251,
            272,
            120,
            true
        ],
        [
            251,
            296,
            120,
            true
        ],
        [
            296,
            272,
            120,
            true
        ],
        [
            252,
            273,
            120,
            true
        ],
        [
            297,
            273,
            120,
            true
        ],
        [
            252,
            297,
            120,
            true
        ],
        [
            253,
            274,
            120,
            true
        ],
        [
            253,
            298,
            120,
            true
        ],
        [
            298,
            274,
            120,
            true
        ],
        [
            254,
            275,
            120,
            true
        ],
        [
            254,
            299,
            120,
            true
        ],
        [
            299,
            275,
            120,
            true
        ],
        [
            255,
            276,
            120,
            true
        ],
        [
            256,
            277,
            120,
            true
        ],
        [
            257,
            278,
            120,
            true
        ],
        [
            96,
            278,
            120,
            true
        ],
        [
            257,
            96,
            120,
            true
        ],
        [
            258,
            279,
            120,
            true
        ],
        [
            259,
            280,
            120,
            true
        ],
        [
            260,
            281,
            120,
            true
        ],
        [
            309,
            319,
            120,
            true
        ],
        [
            309,
            19,
            120,
            true
        ],
        [
            319,
            19,
            120,
            true
        ],
        [
            318,
            339,
            120,
            true
        ],
        [
            317,
            338,
            120,
            true
        ],
        [
            327,
            336,
            120,
            true
        ],
        [
            328,
            335,
            120,
            true
        ],
        [
            329,
            334,
            120,
            true
        ],
        [
            330,
            333,
            120,
            true
        ],
        [
            330,
            44,
            120,
            true
        ],
        [
            44,
            333,
            120,
            true
        ],
        [
            331,
            332,
            120,
            true
        ],
        [
            45,
            332,
            120,
            true
        ],
        [
            331,
            45,
            120,
            true
        ],
        [
            18,
            307,
            120,
            true
        ],
        [
            82,
            305,
            120,
            true
        ],
        [
            78,
            313,
            120,
            true
        ],
        [
            77,
            314,
            120,
            true
        ],
        [
            324,
            75,
            120,
            true
        ]
    ],
    "type_name": "Tramvia"
}