{
    "lines": [
        {
            "delays": [
                240,
                420
            ],
            "name": "M1",
            "scheme": "m1",
            "segments": [
                [
                    0,
                    1,
                    120
                ],
                [
                    1,
                    0,
                    120
                ],
                [
                    1,
                    2,
                    60
                ],
                [
                    2,
                    1,
                    60
                ],
                [
                    2,
                    3,
                    60
                ],
                [
                    3,
                    2,
                    60
                ],
                [
                    3,
                    4,
                    60
                ],
                [
                    4,
                    3,
                    60
                ],
                [
                    4,
                    5,
                    60
                ],
                [
                    5,
                    4,
                    60
                ],
                [
                    5,
                    6,
                    60
                ],
                [
                    6,
                    5,
                    60
                ],
                [
                    6,
                    7,
                    60
                ],
                [
                    7,
                    6,
                    60
                ],
                [
                    7,
                    8,
                    60
                ],
                [
                    8,
                    7,
                    60
                ],
                [
                    8,
                    9,
                    60
                ],
                [
                    9,
                    8,
                    60
                ],
                [
                    9,
                    10,
                    60
                ],
                [
                    10,
                    9,
                    60
                ]
            ],
            "stations": [
                [
                    0,
                    "Mexikoi Ut",
                    0
                ],
                [
                    1,
                    "Szechenyi furdo",
                    1
                ],
                [
                    2,
                    "Hosok tere",
                    2
                ],
                [
                    3,
                    "Bajza utca",
                    3
                ],
                [
                    4,
                    "Kodaly korond",
                    4
                ],
                [
                    5,
                    "Vorosmarty utca",
                    5
                ],
                [
                    6,
                    "Oktogon",
                    6
                ],
                [
                    7,
                    "Opera",
                    7
                ],
                [
                    8,
                    "Bajcsy- Zsilinszky ut",
                    8
                ],
                [
                    9,
                    "Deak Ferenc ter",
                    9
                ],
                [
                    10,
                    "Vorosmarty ter",
                    10
                ]
            ],
            "text_id": 11
        },
        {
            "delays": [
                180,
                360
            ],
            "name": "M2",
            "scheme": "m2",
            "segments": [
                [
                    11,
                    12,
                    120
                ],
                [
                    12,
                    11,
                    120
                ],
                [
                    12,
                    13,
                    120
                ],
                [
                    13,
                    12,
                    120
                ],
                [
                    13,
                    14,
                    120
                ],
                [
                    14,
                    13,
                    120
                ],
                [
                    14,
                    15,
                    120
                ],
                [
                    15,
                    14,
                    120
                ],
                [
                    15,
                    16,
                    120
                ],
                [
                    16,
                    15,
                    120
                ],
                [
                    16,
                    17,
                    60
                ],
                [
                    17,
                    16,
                    60
                ],
                [
                    17,
                    18,
                    120
                ],
                [
                    18,
                    17,
                    120
                ],
                [
                    18,
                    19,
                    120
                ],
                [
                    19,
                    18,
                    120
                ],
                [
                    19,
                    20,
                    60
                ],
                [
                    20,
                    19,
                    60
                ],
                [
                    20,
                    21,
                    120
                ],
                [
                    21,
                    20,
                    120
                ]
            ],
            "stations": [
                [
                    11,
                    "Ors Vezer tere",
                    12
                ],
                [
                    12,
                    "Pillango utca",
                    13
                ],
                [
                    13,
                    "Stadionok",
                    14
                ],
                [
                    14,
                    "Keleti palyaudvar",
                    15
                ],
                [
                    15,
                    "Blaha Lujza ter",
                    16
                ],
                [
                    16,
                    "Astoria",
                    17
                ],
                [
                    17,
                    "Deak Ferenc ter",
                    9
                ],
                [
                    18,
                    "Kossuth Lajos ter",
                    18
                ],
                [
                    19,
                    "Batthyany ter",
                    19
                ],
                [
                    20,
                    "Moszkva ter",
                    20
                ],
                [
                    21,
                    "Deli palyaudvar",
                    21
                ]
            ],
            "text_id": 22
        },
        {
            "delays": [
                240,
                420
            ],
            "name": "M3",
            "scheme": "m3",
            "segments": [
                [
                    22,
                    23,
                    120
                ],
                [
                    23,
                    22,
                    120
                ],
                [
                    23,
                    24,
                    120
                ],
                [
                    24,
                    23,
                    120
                ],
                [
                    24,
                    25,
                    60
                ],
                [
                    25,
                    24,
                    60
                ],
                [
                    25,
                    26,
                    120
                ],
                [
                    26,
                    25,
                    120
                ],
                [
                    26,
                    27,
                    60
                ],
                [
                    27,
                    26,
                    60
                ],
                [
                    27,
                    28,
                    120
                ],
                [
                    28,
                    27,
                    120
                ],
                [
                    28,
                    29,
                    60
                ],
                [
                    29,
                    28,
                    60
                ],
                [
                    29,
                    30,
                    120
                ],
                [
                    30,
                    29,
                    120
                ],
                [
                    30,
                    31,
                    60
                ],
                [
                    31,
                    30,
                    60
                ],
                [
                    31,
                    32,
                    120
                ],
                [
                    32,
                    31,
                    120
                ],
                [
                    32,
                    33,
                    60
                ],
                [
                    33,
                    32,
                    60
                ],
                [
                    33,
                    34,
                    120
                ],
                [
                    34,
                    33,
                    120
                ],
                [
                    34,
                    35,
                    120
                ],
                [
                    35,
                    34,
                    120
                ],
                [
                    35,
                    36,
                    60
                ],
                [
                    36,
                    35,
                    60
                ],
                [
                    36,
                    37,
                    1260
                ],
                [
                    37,
                    36,
                    1260
                ],
                [
                    37,
                    38,
                    120
                ],
                [
                    38,
                    37,
                    120
                ],
                [
                    38,
                    39,
                    120
                ],
                [
                    39,
                    38,
                    120
                ],
                [
                    39,
                    40,
                    120
                ],
                [
                    40,
                    39,
                    120
                ],
                [
                    40,
                    41,
                    0
                ],
                [
                    41,
                    40,
                    0
                ]
            ],
            "stations": [
                [
                    22,
                    "Kobanya-Kispest",
                    23
                ],
                [
                    23,
                    "Hatar ut",
                    24
                ],
                [
                    24,
                    "Pottyos utca",
                    25
                ],
                [
                    25,
                    "Ecseri ut",
                    26
                ],
                [
                    26,
                    "Nepliget",
                    27
                ],
                [
                    27,
                    "Nagyvarad ter",
                    28
                ],
                [
                    28,
                    "Klinikak",
                    29
                ],
                [
                    29,
                    "Ferenc Korut",
                    30
                ],
                [
                    30,
                    "Kalvin ter",
                    31
                ],
                [
                    31,
                    "Ferenciek tere",
                    32
                ],
                [
                    32,
                    "Deak Ferenc ter",
                    9
                ],
                [
                    33,
                    "Arany Janos utca",
                    33
                ],
                [
                    34,
                    "Nyugati ter",
                    34
                ],
                [
                    35,
                    "Lehel ter",
                    35
                ],
                [
                    36,
                    "Dozsa Gyorgy ut",
                    36
                ],
                [
                    37,
                    "Arpad hid",
                    37
                ],
                [
                    38,
                    "Forgach utca",
                    38
                ],
                [
                    39,
                    "Gyongyosi utca",
                    39
                ],
                [
                    40,
                    "Ujpest Varoskapu",
                    40
                ],
                [
                    41,
                    "Ujpest-kozpont",
                    41
                ]
            ],
            "text_id": 42
        }
    ],
    "name": "metro",
    "transfers": [
        [
            9,
            17,
            120,
            true
        ],
        [
            9,
            32,
            120,
            true
        ],
        [
            17,
            32,
            120,
            true
        ]
    ],
    "type_name": "Метро"
}