{
    "0": "Biznes park Sofija",
    "1": "Akad. Al. Teodorov - Balan",
    "2": "Aleksand'r Malinov",
    "3": "Aeroport",
    "4": "Sofijska sveta gora",
    "5": "Iskarsko shose",
    "6": "Druzhba",
    "7": "IETs - Tsarigradsko shose",
    "8": "Mladost 3",
    "9": "Mladost 1",
    "10": "Musagenitsa",
    "11": "G. M. Dimitrov",
    "12": "Zholio Kjuri",
    "13": "Stadion Vasil Levski",
    "14": "Kliment Ohridski",
    "15": "Serdika",
    "16": "Op'lchenska",
    "17": "Konstantin Velichkov",
    "18": "Vardar",
    "19": "Zapaden park",
    "20": "Ljulin",
    "21": "Slivnitsa",
    "22": "Obelja",
    "23": "1 metrodiametr",
    "24": "Lomsko shose",
    "25": "Beli Dunav",
    "26": "Nadezhda",
    "27": "Han Kubrat",
    "28": "Knjaginja Marija Luiza",
    "29": "Tsentralna zh.p. gara",
    "30": "L'vov most",
    "31": "NDK",
    "32": "Evropejski s'juz",
    "33": "Dzhejms Baucher",
    "34": "2 metrodiametr",
    "35": "Metro",
    "36": "ROOT",
    "37": "Shema ot 13.05.2015g.\nKartu sobral i prislal Savitskij Vladislav.\n\nShema - s sajta http://metropolitan.hit.bg/.\nInformatsija o vremeni proezda: http://www.metropolitan.bg/.\nInformatsija po ctantsijam - s sajtov http://www.metropolitan.bg/ i http://metropolitan.hit.bg/.\nInformatsija o nazemnom transporte: http://metropolitan.hit.bg/.",
    "38": "Imported from http://pmetro.su"
}