{
    "0": "Бизнес парк София",
    "1": "Акад. Ал. Теодоров - Балан",
    "2": "Александър Малинов",
    "3": "Аэропорт",
    "4": "Софийска света гора",
    "5": "Искарско шосе",
    "6": "Дружба",
    "7": "ИЕЦ - Цариградско шосе",
    "8": "Младост 3",
    "9": "Младост 1",
    "10": "Мусагеница",
    "11": "Г. М. Димитров",
    "12": "Жолио Кюри",
    "13": "Стадион Васил Левски",
    "14": "Климент Охридски",
    "15": "Сердика",
    "16": "Опълченска",
    "17": "Константин Величков",
    "18": "Вардар",
    "19": "Западен парк",
    "20": "Люлин",
    "21": "Сливница",
    "22": "Обеля",
    "23": "1 metrodiametr",
    "24": "Ломско шосе",
    "25": "Бели Дунав",
    "26": "Надежда",
    "27": "Хан Кубрат",
    "28": "Княгиня Мария Луиза",
    "29": "Централна ж.п. гара",
    "30": "Лъвов мост",
    "31": "НДК",
    "32": "Европейски съюз",
    "33": "Джеймс Баучер",
    "34": "2 metrodiametr",
    "35": "Метро",
    "36": "ROOT",
    "37": "Схема от 13.05.2015г.\nКарту собрал и прислал Савицкий Владислав.\n\nСхема - с сайта http://metropolitan.hit.bg/.\nИнформация о времени проезда: http://www.metropolitan.bg/.\nИнформация по cтанциям - с сайтов http://www.metropolitan.bg/ и http://metropolitan.hit.bg/.\nИнформация о наземном транспорте: http://metropolitan.hit.bg/.",
    "38": "Imported from http://pmetro.su"
}