{
    "default_transports": [
        "metro"
    ],
    "height": 661,
    "images": [
        "res/schemes/changsha.svg"
    ],
    "is_vector": true,
    "lines": [
        {
            "labels_bg_color": "-1",
            "labels_color": "00AFEC",
            "line_color": "00AFEC",
            "line_width": 9,
            "name": "2",
            "segments": [
                [
                    0,
                    1,
                    [
                        [
                            49,
                            360
                        ],
                        [
                            17,
                            392
                        ]
                    ],
                    true
                ],
                [
                    1,
                    2,
                    [
                        [
                            81,
                            328
                        ],
                        [
                            49,
                            360
                        ]
                    ],
                    true
                ],
                [
                    2,
                    3,
                    [
                        [
                            115,
                            294
                        ],
                        [
                            81,
                            328
                        ]
                    ],
                    true
                ],
                [
                    3,
                    4,
                    [
                        [
                            150,
                            259
                        ],
                        [
                            115,
                            294
                        ]
                    ],
                    true
                ],
                [
                    4,
                    5,
                    [
                        [
                            208,
                            259
                        ],
                        [
                            150,
                            259
                        ]
                    ],
                    true
                ],
                [
                    5,
                    6,
                    [
                        [
                            263,
                            259
                        ],
                        [
                            208,
                            259
                        ]
                    ],
                    true
                ],
                [
                    6,
                    7,
                    [
                        [
                            304,
                            300
                        ],
                        [
                            263,
                            259
                        ]
                    ],
                    true
                ],
                [
                    7,
                    8,
                    [
                        [
                            349,
                            300
                        ],
                        [
                            304,
                            300
                        ]
                    ],
                    true
                ],
                [
                    8,
                    9,
                    [
                        [
                            382,
                            300
                        ],
                        [
                            349,
                            300
                        ]
                    ],
                    true
                ],
                [
                    9,
                    10,
                    [
                        [
                            418,
                            300
                        ],
                        [
                            382,
                            300
                        ]
                    ],
                    true
                ],
                [
                    10,
                    11,
                    [
                        [
                            454,
                            300
                        ],
                        [
                            418,
                            300
                        ]
                    ],
                    true
                ],
                [
                    11,
                    12,
                    [
                        [
                            500,
                            300
                        ],
                        [
                            454,
                            300
                        ]
                    ],
                    true
                ],
                [
                    12,
                    13,
                    [
                        [
                            538,
                            300
                        ],
                        [
                            500,
                            300
                        ]
                    ],
                    true
                ],
                [
                    13,
                    14,
                    [
                        [
                            580,
                            300
                        ],
                        [
                            538,
                            300
                        ]
                    ],
                    true
                ],
                [
                    14,
                    15,
                    [
                        [
                            628,
                            300
                        ],
                        [
                            580,
                            300
                        ]
                    ],
                    true
                ],
                [
                    15,
                    16,
                    [
                        [
                            678,
                            300
                        ],
                        [
                            628,
                            300
                        ]
                    ],
                    true
                ],
                [
                    16,
                    17,
                    [
                        [
                            722,
                            344
                        ],
                        [
                            678,
                            300
                        ]
                    ],
                    true
                ],
                [
                    17,
                    18,
                    [
                        [
                            758,
                            380
                        ],
                        [
                            722,
                            344
                        ]
                    ],
                    true
                ],
                [
                    18,
                    19,
                    [
                        [
                            758,
                            469
                        ],
                        [
                            758,
                            380
                        ]
                    ],
                    true
                ],
                [
                    19,
                    20,
                    [
                        [
                            800,
                            511
                        ],
                        [
                            758,
                            469
                        ]
                    ],
                    true
                ],
                [
                    20,
                    21,
                    [
                        [
                            857,
                            511
                        ],
                        [
                            800,
                            511
                        ]
                    ],
                    true
                ],
                [
                    21,
                    22,
                    [
                        [
                            912,
                            511
                        ],
                        [
                            857,
                            511
                        ]
                    ],
                    true
                ]
            ],
            "stations": [
                {
                    "coord": [
                        17,
                        392
                    ],
                    "is_working": true,
                    "name": "West Meixi Lake",
                    "rect": [
                        26,
                        390,
                        56,
                        28
                    ],
                    "text_id": 0,
                    "uid": 0
                },
                {
                    "coord": [
                        49,
                        360
                    ],
                    "is_working": true,
                    "name": "Luyun Road",
                    "rect": [
                        58,
                        358,
                        34,
                        28
                    ],
                    "text_id": 1,
                    "uid": 1
                },
                {
                    "coord": [
                        81,
                        328
                    ],
                    "is_working": true,
                    "name": "Culture and Arts Center",
                    "rect": [
                        90,
                        326,
                        80,
                        28
                    ],
                    "text_id": 2,
                    "uid": 2
                },
                {
                    "coord": [
                        115,
                        294
                    ],
                    "is_working": true,
                    "name": "East Meixi Lake",
                    "rect": [
                        124,
                        292,
                        56,
                        28
                    ],
                    "text_id": 3,
                    "uid": 3
                },
                {
                    "coord": [
                        150,
                        259
                    ],
                    "is_working": true,
                    "name": "Wangchengpo",
                    "rect": [
                        112,
                        235,
                        72,
                        15
                    ],
                    "text_id": 4,
                    "uid": 4
                },
                {
                    "coord": [
                        208,
                        259
                    ],
                    "is_working": true,
                    "name": "Jinxing Road",
                    "rect": [
                        188,
                        268,
                        40,
                        28
                    ],
                    "text_id": 5,
                    "uid": 5
                },
                {
                    "coord": [
                        263,
                        259
                    ],
                    "is_working": true,
                    "name": "Xihu Park",
                    "rect": [
                        249,
                        222,
                        30,
                        28
                    ],
                    "text_id": 6,
                    "uid": 6
                },
                {
                    "coord": [
                        304,
                        300
                    ],
                    "is_working": true,
                    "name": "Yingwanzhen",
                    "rect": [
                        257,
                        309,
                        67,
                        15
                    ],
                    "text_id": 7,
                    "uid": 7
                },
                {
                    "coord": [
                        349,
                        300
                    ],
                    "is_working": true,
                    "name": "Juzizhou",
                    "rect": [
                        326,
                        276,
                        45,
                        15
                    ],
                    "text_id": 8,
                    "uid": 8
                },
                {
                    "coord": [
                        382,
                        300
                    ],
                    "is_working": true,
                    "name": "Xiangjiang Middle Road",
                    "rect": [
                        349,
                        309,
                        64,
                        28
                    ],
                    "text_id": 9,
                    "uid": 9
                },
                {
                    "coord": [
                        418,
                        300
                    ],
                    "is_working": true,
                    "name": "Wuyi Square",
                    "rect": [
                        399,
                        263,
                        37,
                        28
                    ],
                    "text_id": 10,
                    "uid": 10
                },
                {
                    "coord": [
                        454,
                        300
                    ],
                    "is_working": true,
                    "name": "Furong Square",
                    "rect": [
                        435,
                        309,
                        38,
                        28
                    ],
                    "text_id": 11,
                    "uid": 11
                },
                {
                    "coord": [
                        500,
                        300
                    ],
                    "is_working": true,
                    "name": "Yingbin Road",
                    "rect": [
                        480,
                        263,
                        41,
                        28
                    ],
                    "text_id": 12,
                    "uid": 12
                },
                {
                    "coord": [
                        538,
                        300
                    ],
                    "is_working": true,
                    "name": "Yuanjialing",
                    "rect": [
                        512,
                        309,
                        57,
                        15
                    ],
                    "text_id": 13,
                    "uid": 13
                },
                {
                    "coord": [
                        580,
                        300
                    ],
                    "is_working": true,
                    "name": "Railway Station",
                    "rect": [
                        558,
                        263,
                        44,
                        28
                    ],
                    "text_id": 14,
                    "uid": 14
                },
                {
                    "coord": [
                        628,
                        300
                    ],
                    "is_working": true,
                    "name": "Jintai Square",
                    "rect": [
                        609,
                        309,
                        37,
                        28
                    ],
                    "text_id": 15,
                    "uid": 15
                },
                {
                    "coord": [
                        678,
                        300
                    ],
                    "is_working": true,
                    "name": "Wanjiali Square",
                    "rect": [
                        656,
                        263,
                        44,
                        28
                    ],
                    "text_id": 16,
                    "uid": 16
                },
                {
                    "coord": [
                        722,
                        344
                    ],
                    "is_working": true,
                    "name": "Renmin East Road",
                    "rect": [
                        731,
                        318,
                        53,
                        28
                    ],
                    "text_id": 17,
                    "uid": 17
                },
                {
                    "coord": [
                        758,
                        380
                    ],
                    "is_working": true,
                    "name": "Changsha Avenue",
                    "rect": [
                        767,
                        366,
                        54,
                        28
                    ],
                    "text_id": 18,
                    "uid": 18
                },
                {
                    "coord": [
                        758,
                        469
                    ],
                    "is_working": true,
                    "name": "Shawan Park",
                    "rect": [
                        767,
                        443,
                        43,
                        28
                    ],
                    "text_id": 19,
                    "uid": 19
                },
                {
                    "coord": [
                        800,
                        511
                    ],
                    "is_working": true,
                    "name": "Duhua Road",
                    "rect": [
                        782,
                        520,
                        36,
                        28
                    ],
                    "text_id": 20,
                    "uid": 20
                },
                {
                    "coord": [
                        857,
                        511
                    ],
                    "is_working": true,
                    "name": "South Railway Station",
                    "rect": [
                        819,
                        474,
                        79,
                        28
                    ],
                    "text_id": 21,
                    "uid": 21
                },
                {
                    "coord": [
                        912,
                        511
                    ],
                    "is_working": true,
                    "name": "Guangda",
                    "rect": [
                        892,
                        520,
                        46,
                        15
                    ],
                    "text_id": 22,
                    "uid": 22
                }
            ],
            "text_id": 23
        }
    ],
    "lines_width": 9,
    "name": "metro",
    "name_text_id": 24,
    "stations_diameter": 15.0,
    "transfers": [],
    "transports": [
        "metro"
    ],
    "type_name": "ROOT",
    "type_text_id": 25,
    "upper_case": false,
    "width": 1062,
    "word_wrap": true
}