{
    "0": "Kon'kobezhnyj tsentr",
    "1": "Ploschad' 2-h revoljutsij",
    "2": "Komsomol'skaja",
    "3": "Pionerskaja",
    "4": "Ploschad' Sovetskaja",
    "5": "Gorbol'nitsa",
    "6": "Dvorets Kul'tury",
    "7": "Sad Dvortsa",
    "8": "Teplovozostroitelej",
    "9": "Golutvin",
    "10": "Mosenergo",
    "11": "Politehnicheskij institut",
    "12": "Ulitsa Shavyrina",
    "13": "Ulitsa Chernjahovskogo",
    "14": "Zavod Stankostroitelej",
    "15": "Proezd Chkalova",
    "16": "Ulitsa Osipenko",
    "17": "Ulitsa Kalinina",
    "18": "Studencheskaja",
    "19": "Torgovyj tsentr «Gelios»",
    "20": "Ulitsa Zelenaja",
    "21": "Ulitsa Dzerzhinskogo",
    "22": "Ulitsa Lenina",
    "23": "Tramvajnoe upravlenie",
    "24": "1",
    "25": "Stantsija «Kolomna»",
    "26": "Ulitsa Levshina",
    "27": "Memorial'nyj park",
    "28": "Muzej boevoj slavy",
    "29": "Flotskaja",
    "30": "Puteprovod",
    "31": "Poselok Kirova",
    "32": "Zavod ZhBI",
    "33": "Kinoteatr «Rus'»",
    "34": "Ulitsa Devich'e pole",
    "35": "Ulitsa Spirina",
    "36": "Bul'var 800-letija Kolomny",
    "37": "Muzykal'naja shkola",
    "38": "Poliklinika",
    "39": "10",
    "40": "Mikrorajon № 7",
    "41": "Ulitsa Vesennjaja",
    "42": "Puteprovod1",
    "43": "2",
    "44": "3",
    "45": "4",
    "46": "5",
    "47": "6",
    "48": "Mjasokombinat",
    "49": "Konditerskaja fabrika",
    "50": "7",
    "51": "8",
    "52": "9",
    "53": "Tram",
    "54": "ROOT",
    "55": "Shema dvizhenija tramvaev\n\nShema tramvajnyh marshrutov na 2010 g.\n\nAvtor: Kruvjalis Valerij\n\nInformatsija chastichno vzjata s sajta  http://kolomnatram.ruz.net/",
    "56": "Imported from http://pmetro.su",
    "57": "5.00–10.00",
    "58": "10.00–15.00",
    "59": "15.00–19.00"
}