{
    "city_id": 3172394,
    "comments_text_id": 52,
    "default_locale": "ru",
    "delays": [
        {
            "ranges": [
                "08:00-20:00"
            ],
            "type": "day",
            "weekdays": null
        },
        {
            "ranges": [
                "20:00-24:00",
                "00:00-05:00"
            ],
            "type": "night",
            "weekdays": null
        }
    ],
    "description_text_id": 51,
    "file": "Napoli.zip",
    "latitude": 40.85216,
    "locales": [
        "ru",
        "en"
    ],
    "longitude": 14.26811,
    "map_id": "Napoli.zip",
    "schemes": [
        {
            "default_transports": [
                "metro"
            ],
            "file": "schemes/metro.json",
            "name": "metro",
            "name_text_id": 48,
            "root": true,
            "transports": [
                "metro"
            ],
            "type_name": "ROOT",
            "type_text_id": 49
        },
        {
            "default_transports": [
                "metro"
            ],
            "file": "schemes/1.json",
            "name": "1",
            "name_text_id": 27,
            "root": false,
            "transports": [
                "metro"
            ],
            "type_name": "Метро",
            "type_text_id": 50
        },
        {
            "default_transports": [
                "metro"
            ],
            "file": "schemes/2.json",
            "name": "2",
            "name_text_id": 41,
            "root": false,
            "transports": [
                "metro"
            ],
            "type_name": "Метро",
            "type_text_id": 50
        }
    ],
    "timestamp": 1445040000.0,
    "transport_types": [
        "Метро"
    ],
    "transports": [
        {
            "file": "transports/metro.json",
            "name": "metro",
            "type": "Метро"
        }
    ]
}